"ID","Player","Team","Position","RkOv","Status","Opponent","FPts","FP/G","Ros","+/-","GP","GS","Min","G","A","A2","KP","AF","SOT","SOP","TkW","TLM","DIS","FS","YC","RC","ACNC","Int","IntB","CLO","CLR","CoS","BS","AER","PKM","PKD","OG","GAO","MCS"
"*061vq*","Erling Haaland","MCI","F","11","Noah B","MCI 2<br/>@FUL 0 F","39.5","39.5","100%","0%","1","1","90","3","0","0","1","0","4","0","2","0","1","1","0","0","0","0","0","0","0","0","0","0","0","0","0","1","0"
"*03aqp*","Mohamed Salah","LIV","F","1","Will","CRY 1<br/>@LIV 1 F","34.5","34.5","97%","0%","1","1","90","1","2","0","3","0","1","0","1","0","2","2","0","0","1","1","0","0","1","2","0","0","0","0","0","0","90"
"*05trb*","Bryan Mbeumo","BRF","F","3","RyRob","BRF 1<br/>@WOL 1 F","32.75","32.75","100%","0%","1","1","90","2","0","0","3","0","3","0","0","0","0","1","1","0","1","1","0","0","0","1","1","2","0","0","0","1","0"
"*049tq*","Dominic Calvert-Lewin","EVE","F","227","Brad","EVE 1<br/>@NEW 0 F","23.75","23.75","82%","0%","1","1","87","1","1","0","1","0","1","0","1","0","1","0","0","0","0","0","0","0","1","0","1","8","0","0","0","1","0"
"*05uor*","Yoane Wissa","BRF","F","25","Laeka B","BRF 1<br/>@WOL 1 F","22.25","22.25","45%","-1%","1","1","90","1","0","0","3","0","2","0","1","0","1","3","0","0","0","0","0","0","0","1","0","0","0","0","0","1","0"
"*05yld*","Luis Diaz","LIV","F","13","Bobbo","CRY 1<br/>@LIV 1 F","22","22","5%","0%","1","1","65","2","0","0","0","0","2","0","0","0","3","1","0","0","0","0","0","0","0","1","0","0","0","0","0","0","65"
"*04spq*","Jack Harrison","EVE","M","175","Brad","EVE 1<br/>@NEW 0 F","22","22","3%","0%","1","1","90","0","0","1","5","0","1","0","1","0","1","2","0","0","1","2","0","0","1","2","0","1","0","0","0","3","0"
"*06msd*","Yukinari Sugawara","SOU","D","292","j.l.","ARS 2<br/>@SOU 1 F","21.75","21.75","0%","0%","1","1","90","1","0","0","2","0","2","0","1","1","0","1","0","0","0","2","0","0","3","0","1","1","0","0","0","3","0"
"*04p0d*","Dwight McNeil","EVE","M","148","FA","EVE 1<br/>@NEW 0 F","21.5","21.5","40%","-5%","1","1","90","0","1","0","6","0","1","0","0","0","3","2","0","0","0","0","0","0","0","2","0","0","0","0","0","3","0"
"*062h9*","Luis Sinisterra","BOU","F","354","FA","LEI 0<br/>@BOU 2 F","21","21","0%","0%","1","0","24","1","1","0","1","0","1","0","0","0","0","0","0","0","1","0","0","0","0","1","0","0","0","0","0","0","0"
"*05nil*","Leif Davis","IPS","D","143","thomas","WHU 3<br/>@IPS 1 F","20","20","0%","0%","1","1","90","0","1","0","3","0","0","0","2","0","0","2","0","0","0","0","0","0","2","2","0","1","0","0","0","1","0"
"*04y92*","Bukayo Saka","ARS","M","37","j.l.","ARS 2<br/>@SOU 1 F","19.75","19.75","100%","0%","1","1","90","0","1","0","1","0","3","0","1","0","2","2","0","0","0","0","0","0","0","4","0","1","0","0","0","1","0"
"*05l8q*","Cole Palmer","CHE","M","2","thomas","CHE 1<br/>@NOT 0 F","19.5","19.5","100%","0%","1","1","90","0","1","0","5","0","1","0","0","0","1","1","1","0","1","1","0","0","1","1","0","0","0","0","0","1","0"
"*05o6h*","Kai Havertz","ARS","F","154","FA","ARS 2<br/>@SOU 1 F","19.5","19.5","76%","-1%","1","1","90","1","0","0","2","0","2","0","0","0","2","1","0","0","1","0","0","0","2","0","1","4","0","0","0","1","0"
"*02m5b*","Chris Wood","NOT","F","36","TRB","CHE 1<br/>@NOT 0 F","18.75","18.75","63%","-7%","1","1","90","1","0","0","0","0","3","0","0","0","2","3","0","0","0","1","0","0","1","1","0","2","0","0","0","1","0"
"*03u2b*","Adama Traore","FUL","F","111","Will","MCI 2<br/>@FUL 0 F","18.5","18.5","9%","0%","1","1","90","1","0","0","1","0","1","0","0","0","2","2","1","0","2","0","0","0","0","5","0","1","0","0","0","1","0"
"*05g2o*","Joao Pedro","BHA","F","85","CC FC","BHA 4<br/>@TOT 1 F","18","18","100%","0%","1","1","90","1","0","0","1","0","1","0","0","0","1","3","1","0","1","0","0","0","2","4","0","2","0","0","0","1","0"
"*04fk6*","Bernardo Silva","MCI","M","72","TRB","MCI 2<br/>@FUL 0 F","18","18","94%","0%","1","1","90","0","1","0","4","0","1","0","0","0","2","0","0","0","0","1","1","0","0","1","0","0","0","0","0","1","0"
"*04tm0*","Lucas Digne","AVL","D","106","FA","AVL 0<br/>@MUN 2 F","18","18","60%","-3%","1","1","90","0","1","0","1","0","0","0","3","0","1","1","0","0","2","2","0","0","3","0","0","0","0","0","0","1","0"
"*04io3*","Mario Lemina","WOL","M","210","FA","BRF 1<br/>@WOL 1 F","18","18","0%","0%","1","1","90","0","1","0","1","0","0","0","5","0","0","2","1","0","0","2","1","0","2","1","0","0","0","0","0","1","0"
"*06clt*","Justin Kluivert","BOU","M","34","Noah B","LEI 0<br/>@BOU 2 F","17.75","17.75","35%","+1%","1","1","90","0","1","0","3","0","0","0","1","0","0","1","0","0","1","0","0","0","4","1","0","2","0","0","0","2","0"
"*05oig*","Liam Delap","IPS","F","105","CC FC","WHU 3<br/>@IPS 1 F","17.75","17.75","32%","0%","1","1","80","1","0","0","1","0","2","0","1","0","3","3","0","0","0","0","0","0","2","1","0","1","0","0","0","1","0"
"*02oox*","Kevin De Bruyne","MCI","M","92","TRB","MCI 2<br/>@FUL 0 F","17.5","17.5","0%","0%","1","1","87","0","0","0","6","0","2","1","0","0","1","0","1","0","1","0","0","0","0","2","0","0","0","0","0","1","0"
"*03vlj*","Virgil van Dijk","LIV","D","17","CC FC","CRY 1<br/>@LIV 1 F","17.49","17.49","100%","0%","1","1","90","0","0","0","1","0","0","0","0","0","0","0","1","0","0","3","0","0","11","0","0","5","0","0","0","0","90"
"*05nt6*","Eberechi Eze","CRY","M","12","Laeka B","CRY 1<br/>@LIV 1 F","17.25","17.25","98%","0%","1","1","90","1","0","0","1","0","1","0","1","0","1","1","0","0","1","0","0","0","0","2","0","0","0","0","0","1","0"
"*062x7*","Rico Lewis","MCI","D","261","FA","MCI 2<br/>@FUL 0 F","17","17","6%","0%","1","1","90","0","1","0","1","0","0","0","3","0","0","2","0","0","0","1","1","0","5","0","0","0","0","0","0","1","0"
"*068y0*","Antoine Semenyo","BOU","F","10","STONKS","LEI 0<br/>@BOU 2 F","16.75","16.75","100%","0%","1","1","90","1","0","0","1","0","2","0","1","0","1","1","1","0","1","0","0","0","1","1","0","1","0","0","0","2","0"
"*05opj*","Elliot Anderson","NOT","M","53","Bobbo","CHE 1<br/>@NOT 0 F","16.5","16.5","99%","0%","1","1","88","0","1","0","3","0","0","0","4","0","2","1","1","0","0","0","0","0","0","2","0","0","0","0","0","1","0"
"*05u1m*","Nathan Collins","BRF","D","19","Bobbo","BRF 1<br/>@WOL 1 F","16.25","16.25","82%","+1%","1","1","90","0","0","0","0","1","0","0","1","0","1","0","0","0","0","2","1","0","5","0","3","4","0","0","0","1","0"
"*063hu*","Amadou Onana","AVL","M","190","Mateta","AVL 0<br/>@MUN 2 F","15.75","15.75","16%","-2%","1","1","61","1","0","0","1","0","1","0","0","0","0","0","1","0","1","2","0","0","1","1","0","0","0","0","0","0","0"
"*043qy*","Lewis Cook","BOU","M","84","FA","LEI 0<br/>@BOU 2 F","15.75","15.75","12%","0%","1","1","90","1","0","0","0","0","1","0","0","0","0","0","0","0","0","2","0","0","1","0","1","2","0","0","0","2","0"
"*06cm1*","Nicolas Jackson","CHE","F","112","FA","CHE 1<br/>@NOT 0 F","15.5","15.5","23%","0%","1","1","90","1","0","0","0","0","3","0","0","0","1","1","1","0","0","0","0","0","1","2","0","1","0","0","0","1","0"
"*063q8*","Mikkel Damsgaard","BRF","M","28","STONKS","BRF 1<br/>@WOL 1 F","15.25","15.25","92%","+1%","1","1","81","0","0","0","3","0","1","0","3","0","2","0","0","0","0","2","0","0","0","2","0","0","0","0","0","0","0"
"*04abn*","Harvey Barnes","NEW","M","115","TRB","EVE 1<br/>@NEW 0 F","15.25","15.25","69%","+9%","1","1","60","1","0","0","0","0","1","0","1","0","0","1","0","0","0","1","0","0","1","1","0","0","0","0","0","1","0"
"*06cmm*","Dominik Szoboszlai","LIV","M","52","Will","CRY 1<br/>@LIV 1 F","15.25","15.25","100%","0%","1","1","90","0","1","0","3","0","0","0","0","0","1","1","0","0","1","1","0","0","0","0","0","0","0","0","0","0","90"
"*03rzp*","Antonee Robinson","FUL","D","9","Mateta","MCI 2<br/>@FUL 0 F","15","15","72%","+7%","1","1","90","0","1","0","1","0","0","0","1","0","1","1","1","0","1","0","0","0","3","4","0","1","0","0","0","1","0"
"*068lx*","Dango Ouattara","BOU","M","56","FA","LEI 0<br/>@BOU 2 F","14.25","14.25","95%","0%","1","0","23","0","1","0","3","0","0","0","0","0","0","0","0","0","2","0","0","0","1","0","0","0","0","0","0","0","0"
"*0646f*","Alexander Isak","NEW","F","8","STONKS","EVE 1<br/>@NEW 0 F","14.25","14.25","90%","-3%","1","1","90","1","0","0","0","0","1","1","1","0","1","0","0","0","0","0","0","0","1","1","0","1","0","0","0","1","0"
"*051k5*","Lloyd Kelly","NEW","D","422","FA","EVE 1<br/>@NEW 0 F","14.25","14.25","0%","0%","1","1","67","0","1","0","1","0","0","0","0","0","0","2","1","0","1","1","0","0","4","1","0","2","0","0","0","1","0"
"*062hb*","Flynn Downes","SOU","M","233","FA","ARS 2<br/>@SOU 1 F","14","14","0%","0%","1","1","90","0","0","0","3","0","0","0","3","0","1","0","0","0","0","3","0","0","0","1","0","0","0","0","0","3","0"
"*05tr9*","Mathias Jensen","BRF","M","303","FA","BRF 1<br/>@WOL 1 F","13.75","13.75","50%","0%","1","1","90","0","1","0","3","0","0","0","1","0","2","1","0","0","0","0","0","0","2","0","0","1","0","0","0","1","0"
"*05u7f*","Ibrahima Konate","LIV","D","108","CC FC","CRY 1<br/>@LIV 1 F","13.49","13.49","95%","-1%","1","1","90","0","0","0","0","0","0","0","2","0","0","0","0","0","0","0","0","0","4","0","0","4","0","0","0","0","90"
"*0639x*","Marcus Tavernier","BOU","M","117","Mateta","LEI 0<br/>@BOU 2 F","12.75","12.75","98%","0%","1","1","90","0","0","0","2","0","3","0","1","0","1","0","0","0","1","0","0","0","0","1","0","0","0","0","0","2","0"
"*05nzu*","Gabriel Magalhaes","ARS","D","103","FA","ARS 2<br/>@SOU 1 F","12","12","100%","0%","1","1","90","0","0","0","2","0","0","0","1","0","0","1","0","0","0","1","0","0","4","1","2","1","0","0","0","1","0"
"*06195*","Tyler Dibling","SOU","M","209","FA","ARS 2<br/>@SOU 1 F","12","12","2%","0%","1","0","33","0","0","0","2","0","1","0","1","0","1","0","0","0","1","1","0","0","0","3","0","0","0","0","0","2","0"
"*068se*","Jhon Duran","AVL","F","283","FA","AVL 0<br/>@MUN 2 F","12","12","0%","0%","1","0","28","1","0","0","0","0","2","0","0","0","1","0","1","0","0","0","0","0","0","0","0","3","0","0","0","1","0"
"*06fxe*","Ryan Gravenberch","LIV","M","89","Bobbo","CRY 1<br/>@LIV 1 F","12","12","93%","+1%","1","1","90","0","0","0","0","0","0","0","2","0","1","3","0","0","0","4","1","0","1","1","0","1","0","0","0","0","90"
"*067zv*","Kevin Schade","BRF","M","46","Mateta","BRF 1<br/>@WOL 1 F","11.75","11.75","97%","-2%","1","1","74","0","0","0","1","1","1","1","1","0","1","1","0","0","0","0","0","0","0","1","0","1","0","0","0","0","0"
"*04mdn*","Anthony Gordon","NEW","M","49","TRB","EVE 1<br/>@NEW 0 F","11.75","11.75","96%","-1%","1","1","88","0","0","0","3","0","0","0","1","0","1","2","0","0","1","1","1","0","0","1","0","0","0","0","0","1","0"
"*0327r*","Michael Keane","EVE","D","273","FA","EVE 1<br/>@NEW 0 F","11.75","11.75","71%","+3%","1","1","90","1","0","0","0","0","1","0","0","0","1","0","1","0","0","1","1","0","5","0","0","3","0","0","0","3","0"
"*0414o*","James Maddison","TOT","M","45","FA","BHA 4<br/>@TOT 1 F","11.75","11.75","43%","+6%","1","1","81","0","0","0","2","0","2","0","2","0","0","3","1","0","1","0","0","0","1","0","0","1","0","0","0","2","0"
"*03frx*","Ola Aina","NOT","D","88","Brad","CHE 1<br/>@NOT 0 F","11.75","11.75","39%","-8%","1","1","90","0","0","0","1","0","0","0","0","0","1","2","0","0","1","5","0","0","0","1","0","1","0","0","0","1","0"
"*046c5*","Jarrod Bowen","WHU","M","7","Brad","WHU 3<br/>@IPS 1 F","11.5","11.5","100%","0%","1","1","85","0","0","0","2","1","1","0","1","0","2","0","0","0","0","0","0","0","1","1","0","0","0","0","0","3","0"
"*061ya*","Brennan Johnson","TOT","F","114","Brad","BHA 4<br/>@TOT 1 F","11.5","11.5","54%","-1%","1","0","45","0","0","0","0","1","1","0","2","0","0","0","0","0","0","0","0","0","1","2","0","2","0","0","0","1","0"
"*05s08*","Valentino Livramento","NEW","D","126","RyRob","EVE 1<br/>@NEW 0 F","11.5","11.5","42%","-1%","1","1","90","0","0","0","1","0","0","0","0","0","2","1","0","0","0","2","2","0","8","2","1","1","0","0","0","1","0"
"*05opl*","Wesley Fofana","CHE","D","285","FA","CHE 1<br/>@NOT 0 F","11.5","11.5","26%","+1%","1","1","90","0","0","0","2","0","0","0","1","0","0","2","1","0","0","2","0","0","3","1","2","1","0","0","0","1","0"
"*05ts6*","Yerson Mosquera","WOL","D","407","FA","BRF 1<br/>@WOL 1 F","11.5","11.5","3%","0%","1","1","90","0","0","0","0","0","0","0","0","0","0","1","0","0","0","3","0","0","1","0","3","4","0","0","0","1","0"
"*06fup*","Jeremy Doku","MCI","M","94","RyRob","MCI 2<br/>@FUL 0 F","11.25","11.25","99%","0%","1","1","67","0","0","0","2","0","0","0","1","0","2","2","0","0","2","0","0","0","0","4","0","0","0","0","0","1","0"
"*068n9*","Victor Kristiansen","LEI","D","197","FA","LEI 0<br/>@BOU 2 F","11.25","11.25","0%","0%","1","1","90","0","0","0","2","0","0","0","2","0","1","1","0","0","1","3","1","0","1","0","1","0","0","0","0","2","0"
"*06ex4*","Josko Gvardiol","MCI","D","18","Bobbo","MCI 2<br/>@FUL 0 F","11","11","67%","+21%","1","1","87","0","0","0","0","0","1","0","2","0","1","0","0","0","1","2","0","0","2","1","0","2","0","0","0","1","0"
"*03v9d*","Son Heung-Min","TOT","F","61","Will","BHA 4<br/>@TOT 1 F","11","11","10%","0%","1","1","90","0","0","0","3","0","0","0","2","0","0","1","0","0","1","0","0","0","0","1","0","0","0","0","0","2","0"
"*03xrs*","Axel Tuanzebe","IPS","D","327","FA","WHU 3<br/>@IPS 1 F","11","11","1%","0%","1","1","90","0","0","0","1","0","0","0","3","0","0","0","0","0","1","1","0","0","4","1","0","1","0","0","0","1","0"
"*03am7*","Jacob Murphy","NEW","M","42","Laeka B","EVE 1<br/>@NEW 0 F","10.75","10.75","56%","0%","1","0","28","0","1","0","1","0","1","0","0","0","1","0","0","0","1","0","0","0","1","0","0","0","0","0","0","0","0"
"*04aiz*","Wilfred Ndidi","LEI","M","134","Mateta","LEI 0<br/>@BOU 2 F","10.75","10.75","0%","0%","1","1","88","0","1","0","1","0","0","0","0","0","0","0","0","0","1","1","0","0","0","0","0","1","0","0","0","2","0"
"*05ocl*","Ollie Watkins","AVL","F","38","Laeka B","AVL 0<br/>@MUN 2 F","10.5","10.5","99%","0%","1","1","60","0","1","0","1","0","1","0","0","0","0","1","0","0","0","0","0","0","0","0","0","0","0","0","0","0","0"
"*063zi*","Matheus Nunes","MCI","M","179","RyRob","MCI 2<br/>@FUL 0 F","10.5","10.5","99%","0%","1","0","17","0","1","0","1","0","0","0","0","0","0","1","0","0","0","0","0","0","0","1","1","0","0","0","0","0","0"
"*04e1c*","Lewis Dunk","BHA","D","284","FA","BHA 4<br/>@TOT 1 F","10.5","10.5","32%","+5%","1","1","90","0","0","0","3","0","0","0","0","0","0","0","0","0","0","1","0","0","1","0","1","2","0","0","0","1","0"
"*062p5*","Levi Colwill","CHE","D","77","TRB","CHE 1<br/>@NOT 0 F","10.5","10.5","20%","+3%","1","1","90","0","0","0","0","0","1","0","1","0","0","2","0","0","0","1","0","0","4","0","0","4","0","0","0","1","0"
"*04adp*","Aaron Wan-Bissaka","WHU","D","22","RyRob","WHU 3<br/>@IPS 1 F","10.25","10.25","46%","0%","1","1","90","0","0","0","2","0","0","0","2","0","2","0","0","0","2","2","1","0","2","3","0","0","0","0","0","3","0"
"*05rb8*","Moises Caicedo","CHE","M","63","CC FC","CHE 1<br/>@NOT 0 F","10","10","80%","0%","1","1","90","0","0","0","0","0","0","0","3","0","0","3","0","0","0","3","0","0","2","0","0","1","0","0","0","1","0"
"*05ylx*","Dejan Kulusevski","TOT","M","59","Noah B","BHA 4<br/>@TOT 1 F","10","10","30%","0%","1","1","90","0","0","0","3","0","0","0","0","0","2","1","0","0","0","2","0","0","2","1","0","1","0","0","0","2","0"
"*06fxv*","Jean-Ricner Bellegarde","WOL","M","163","FA","BRF 1<br/>@WOL 1 F","10","10","12%","0%","1","1","74","1","0","0","0","0","1","0","0","0","1","0","1","0","0","1","0","0","1","0","0","0","0","0","0","1","0"
"*067yu*","Facundo Buonanotte","LEI","M","156","FA","LEI 0<br/>@BOU 2 F","10","10","2%","0%","1","0","21","1","0","0","0","0","1","0","0","0","2","0","0","0","0","0","0","0","0","0","0","0","0","0","0","0","0"
"*06msc*","Jacob Greaves","IPS","D","188","TRB","WHU 3<br/>@IPS 1 F","10","10","0%","0%","1","1","90","0","0","0","0","0","1","0","0","0","0","0","0","0","0","2","0","0","6","0","1","3","0","0","0","1","0"
"*067yz*","Matheus Cunha","WOL","F","5","TRB","BRF 1<br/>@WOL 1 F","9.75","9.75","100%","0%","1","1","90","0","0","0","2","0","0","0","1","0","3","4","0","0","0","0","0","0","3","4","0","0","0","0","0","1","0"
"*03ybi*","Marcus Rashford","MUN/AVL","F","162","FA","AVL 0<br/>@MUN 2 F","9.75","9.75","92%","0%","1","1","90","0","0","0","2","0","0","0","1","0","0","0","0","0","2","0","0","0","0","2","0","1","0","0","0","3","0"
"*05os4*","Rayan Ait-Nouri","WOL","D","30","CC FC","BRF 1<br/>@WOL 1 F","9.75","9.75","79%","-4%","1","1","59","0","0","0","2","0","2","0","1","0","2","1","0","0","0","0","0","0","0","1","0","0","0","0","0","1","0"
"*05t6z*","Tim Iroegbunam","EVE","M","363","FA","EVE 1<br/>@NEW 0 F","9.75","9.75","3%","0%","1","1","90","0","0","0","2","0","0","0","1","0","3","3","1","0","0","3","0","0","1","2","0","1","0","0","0","3","0"
"*06mgd*","Abdul Fatawu","LEI","F","288","FA","LEI 0<br/>@BOU 2 F","9.75","9.75","0%","0%","1","1","67","0","0","0","0","0","1","0","3","0","4","4","0","0","0","1","1","0","0","1","0","2","0","0","0","2","0"
"*06jgi*","Daniel Munoz","CRY","D","6","Will","CRY 1<br/>@LIV 1 F","9.5","9.5","99%","0%","1","1","90","0","0","0","1","0","0","0","3","0","0","1","1","0","1","1","0","0","0","1","0","2","0","0","0","1","0"
"*03rxa*","Idrissa Gueye","EVE","M","109","Brad","EVE 1<br/>@NEW 0 F","9.5","9.5","19%","-4%","1","1","90","0","0","0","0","0","1","0","2","0","3","0","0","0","0","3","1","0","0","0","1","2","0","0","0","3","0"
"*068yi*","Illia Zabarnyi","BOU","D","90","thomas","LEI 0<br/>@BOU 2 F","9.5","9.5","2%","0%","1","1","90","0","0","0","0","0","0","0","0","0","1","0","0","0","0","2","1","0","7","0","0","7","0","0","0","2","0"
"*04e1e*","Ben White","ARS","D","250","Noah B","ARS 2<br/>@SOU 1 F","9.25","9.25","70%","-1%","1","1","90","0","0","0","0","0","0","0","2","0","0","0","0","0","0","2","1","0","6","0","1","1","0","0","0","1","0"
"*051k3*","Jacob Ramsey","AVL","M","234","FA","AVL 0<br/>@MUN 2 F","9.25","9.25","12%","+1%","1","0","62","0","0","1","1","0","1","0","1","0","2","0","0","0","0","0","0","0","0","3","0","0","0","0","0","1","0"
"*04sft*","Yves Bissouma","TOT","M","272","FA","BHA 4<br/>@TOT 1 F","9.25","9.25","2%","0%","1","1","81","0","0","0","2","0","0","0","1","0","0","1","1","0","0","1","0","0","1","4","0","0","0","0","0","2","0"
"*04qr9*","Morgan Gibbs-White","NOT","M","26","Noah B","CHE 1<br/>@NOT 0 F","9","9","99%","0%","1","1","90","0","0","0","3","0","2","0","0","0","4","1","1","0","0","0","0","0","2","1","0","2","0","0","0","1","0"
"*06fwz*","Murillo","NOT","D","39","STONKS","CHE 1<br/>@NOT 0 F","9","9","42%","-1%","1","1","90","0","0","0","0","0","0","0","1","0","0","0","0","0","0","0","0","1","3","0","3","2","0","0","0","1","0"
"*04ug0*","Sean Longstaff","NEW","M","374","FA","EVE 1<br/>@NEW 0 F","9","9","12%","0%","1","1","67","0","0","0","0","0","0","0","4","0","2","1","1","0","0","3","0","0","1","0","1","3","0","0","0","1","0"
"*06fxu*","Ibrahim Sangare","NOT","M","378","FA","CHE 1<br/>@NOT 0 F","9","9","7%","-1%","1","1","57","0","0","0","1","0","0","0","4","0","0","3","1","0","0","1","0","0","1","0","0","2","0","0","0","1","0"
"*05os9*","Thomas Partey","ARS","M","96","Mateta","ARS 2<br/>@SOU 1 F","9","9","0%","0%","1","1","90","0","0","0","0","0","0","0","1","0","1","1","1","0","0","5","0","0","0","1","2","1","0","0","0","1","0"
"*02lm7*","Jack Grealish","MCI","M","298","FA","MCI 2<br/>@FUL 0 F","8.75","8.75","33%","-1%","1","1","71","0","0","0","3","0","0","0","1","0","0","1","0","0","0","0","0","0","0","1","0","0","0","0","0","1","0"
"*03sgc*","Jordan Ayew","CRY/LEI","F","195","FA","LEI 0<br/>@BOU 2 F","8.75","8.75","0%","0%","1","1","66","0","0","0","1","0","0","0","1","0","1","5","0","0","1","0","0","0","0","2","0","1","0","0","0","2","0"
"*03gu5*","Andrew Robertson","LIV","D","161","Brad","CRY 1<br/>@LIV 1 F","8.71","8.71","22%","-8%","1","1","82","0","0","0","1","0","0","0","1","0","2","0","0","0","1","0","0","0","0","0","0","0","0","0","0","0","82"
"*05r94*","Iliman Ndiaye","EVE","F","87","Will","EVE 1<br/>@NEW 0 F","8.5","8.5","99%","0%","1","1","82","0","0","0","0","0","2","0","3","0","4","1","0","0","0","1","0","0","0","1","0","0","0","0","0","0","0"
"*05n07*","Pedro Porro","TOT","D","29","STONKS","BHA 4<br/>@TOT 1 F","8.5","8.5","99%","0%","1","1","90","0","0","0","1","0","1","0","0","0","1","2","0","0","0","3","1","0","2","1","0","0","0","0","0","2","0"
"*06fwi*","Carlos Baleba","BHA","M","98","Mateta","BHA 4<br/>@TOT 1 F","8.5","8.5","20%","+2%","1","1","90","0","0","0","1","0","0","0","2","0","1","0","0","0","0","2","0","0","0","0","0","4","0","0","0","1","0"
"*0558w*","William Saliba","ARS","D","93","j.l.","ARS 2<br/>@SOU 1 F","8.25","8.25","99%","0%","1","1","90","0","0","0","0","0","0","0","2","0","0","0","0","0","0","2","1","0","2","0","1","1","0","0","0","1","0"
"*038ze*","Alex Iwobi","FUL","M","15","STONKS","MCI 2<br/>@FUL 0 F","8.25","8.25","83%","+7%","1","1","86","0","0","0","2","0","1","0","0","0","3","1","0","0","0","1","0","0","0","2","0","0","0","0","0","1","0"
"*06jgs*","Adam Wharton","CRY","M","242","FA","CRY 1<br/>@LIV 1 F","8.25","8.25","75%","-1%","1","1","90","0","0","0","1","0","1","0","1","0","2","1","0","0","0","2","0","0","4","0","0","0","0","0","0","1","0"
"*062ci*","Kaoru Mitoma","BHA","M","31","STONKS","BHA 4<br/>@TOT 1 F","8","8","91%","-1%","1","1","84","0","0","0","2","0","0","0","0","0","0","0","0","0","0","0","0","0","0","4","0","0","0","0","0","1","0"
"*05ybq*","Vitalii Mykolenko","EVE","D","43","Mateta","EVE 1<br/>@NEW 0 F","8","8","61%","0%","1","1","90","0","0","0","1","0","0","0","0","0","1","3","0","0","1","1","0","0","7","0","1","4","0","0","0","3","0"
"*06crn*","Toby Collyer","MUN","M","428","FA","AVL 0<br/>@MUN 2 F","8","8","0%","0%","1","0","45","0","0","0","1","0","0","0","3","0","0","2","0","0","0","0","0","0","1","1","0","0","0","0","0","1","0"
"*06c6g*","Yankuba Minteh","BHA","F","99","STONKS","BHA 4<br/>@TOT 1 F","7.75","7.75","98%","0%","1","1","71","0","0","0","0","1","1","0","1","0","1","2","1","0","0","0","0","0","0","1","0","2","0","0","0","1","0"
"*05yg5*","Toti","WOL","D","144","FA","BRF 1<br/>@WOL 1 F","7.75","7.75","2%","0%","1","1","90","0","0","0","0","0","0","0","1","0","0","0","1","0","0","1","0","0","5","2","0","4","0","0","0","1","0"
"*062ot*","Cheick Doucoure","CRY","M","413","FA","CRY 1<br/>@LIV 1 F","7.75","7.75","1%","0%","1","0","39","0","0","0","0","1","0","0","1","0","0","0","0","0","0","1","0","0","1","1","0","0","0","0","0","0","0"
"*0554t*","William Smallbone","SOU","M","359","FA","ARS 2<br/>@SOU 1 F","7.75","7.75","0%","0%","1","1","45","0","0","0","3","0","0","0","1","0","1","0","0","0","1","0","0","0","0","0","0","0","0","0","0","1","0"
"*05akv*","Tyrick Mitchell","CRY","D","65","CC FC","CRY 1<br/>@LIV 1 F","7.5","7.5","97%","0%","1","1","90","0","0","0","0","0","0","0","4","0","1","0","0","0","0","1","0","0","3","0","0","1","0","0","0","1","0"
"*0520r*","Leandro Trossard","ARS","M","58","j.l.","ARS 2<br/>@SOU 1 F","7.5","7.5","91%","+3%","1","1","58","0","0","0","1","0","1","0","1","0","1","1","0","0","1","1","0","0","0","0","0","0","0","0","0","1","0"
"*04qfz*","Diogo Dalot","MUN","D","95","FA","AVL 0<br/>@MUN 2 F","7.5","7.5","83%","-2%","1","1","90","0","0","0","0","0","0","0","3","0","0","0","0","0","0","4","1","0","0","1","1","0","0","0","0","3","0"
"*067ys*","Jack Hinshelwood","BHA","M","196","TRB","BHA 4<br/>@TOT 1 F","7.5","7.5","53%","+9%","1","1","90","0","0","0","1","0","1","0","0","0","0","0","0","0","1","1","1","0","2","0","0","0","0","0","0","1","0"
"*0522h*","Alexis Mac Allister","LIV","M","50","CC FC","CRY 1<br/>@LIV 1 F","7.5","7.5","85%","-2%","1","1","90","0","0","0","1","0","0","0","5","0","5","0","0","0","0","0","0","0","3","0","0","0","0","0","0","0","90"
"*05w7t*","Pape Sarr","TOT","M","157","j.l.","BHA 4<br/>@TOT 1 F","7.25","7.25","16%","0%","1","1","45","0","0","0","0","0","2","0","3","0","0","1","1","0","1","0","0","0","0","0","0","0","0","0","0","1","0"
"*02m4d*","Craig Dawson","WOL","D","411","FA","BRF 1<br/>@WOL 1 F","7.25","7.25","0%","0%","1","1","90","0","0","0","0","0","0","0","1","1","0","1","0","0","0","0","0","0","7","0","2","1","0","0","0","1","0"
"*03srg*","Trent Alexander-Arnold","LIV","D","16","Laeka B","CRY 1<br/>@LIV 1 F","7.25","7.25","0%","0%","1","1","75","0","0","0","0","0","0","0","2","0","1","0","0","0","0","0","0","0","1","0","0","0","0","0","0","0","75"
"*05ojg*","Nelson Semedo","WOL","D","120","RyRob","BRF 1<br/>@WOL 1 F","7","7","1%","0%","1","1","74","0","0","0","0","0","0","0","2","0","0","1","0","0","0","0","0","0","4","0","0","3","0","0","0","1","0"
"*02opy*","Adam Lallana","SOU","M","408","FA","ARS 2<br/>@SOU 1 F","7","7","0%","0%","1","0","7","0","1","0","1","0","0","0","0","0","2","0","0","0","0","0","0","0","0","0","0","0","0","0","0","0","0"
"*04yo7*","Youri Tielemans","AVL","M","20","Brad","AVL 0<br/>@MUN 2 F","6.75","6.75","85%","-3%","1","1","90","0","0","0","1","0","0","0","2","0","1","2","1","0","0","1","0","0","2","2","0","0","0","0","0","1","0"
"*068n8*","Noni Madueke","CHE","M","69","STONKS","CHE 1<br/>@NOT 0 F","6.75","6.75","66%","-3%","1","1","85","0","0","1","0","0","1","0","1","0","1","0","0","0","0","0","0","0","0","2","0","0","0","0","0","1","0"
"*05oh0*","Jan-Paul van Hecke","BHA","D","118","Laeka B","BHA 4<br/>@TOT 1 F","6.5","6.5","85%","0%","1","1","90","0","0","0","0","0","0","0","1","0","0","0","0","0","0","0","0","0","5","0","1","3","0","0","0","1","0"
"*06mw0*","Nikola Milenkovic","NOT","D","32","Brad","CHE 1<br/>@NOT 0 F","6.5","6.5","53%","-2%","1","1","90","0","0","0","1","0","0","0","1","0","0","0","0","0","0","1","0","0","0","0","0","2","0","0","0","1","0"
"*052ca*","Ezri Konsa","AVL","D","170","STONKS","AVL 0<br/>@MUN 2 F","6.5","6.5","34%","-1%","1","1","90","0","0","0","0","0","0","0","0","0","0","2","0","0","0","0","0","0","10","0","0","3","0","0","0","1","0"
"*05tr1*","Ethan Pinnock","BRF","D","176","FA","BRF 1<br/>@WOL 1 F","6.5","6.5","3%","0%","1","1","90","0","0","0","0","0","0","0","2","0","0","0","1","0","0","3","0","0","5","0","0","1","0","0","0","1","0"
"*050jq*","Marc Guehi","CRY","D","75","Mateta","CRY 1<br/>@LIV 1 F","6.25","6.25","98%","0%","1","1","90","0","0","0","0","0","0","0","0","0","0","1","0","0","0","0","0","0","7","1","1","2","0","0","0","1","0"
"*05ubv*","Omari Hutchinson","IPS","M","147","Bobbo","WHU 3<br/>@IPS 1 F","6.25","6.25","37%","-5%","1","1","90","0","0","0","0","0","1","0","1","0","2","3","0","0","0","0","0","0","0","2","0","1","0","0","0","1","0"
"*068yc*","Yasin Ayari","BHA","M","160","thomas","BHA 4<br/>@TOT 1 F","6.25","6.25","30%","-3%","1","0","72","0","0","0","1","0","1","0","1","0","1","1","0","0","1","0","0","0","0","0","0","0","0","0","0","1","0"
"*06p4j*","Noussair Mazraoui","MUN","D","80","Noah B","AVL 0<br/>@MUN 2 F","6.25","6.25","27%","+4%","1","1","90","0","0","0","1","0","1","0","2","0","2","1","0","0","0","0","0","0","1","1","0","3","0","0","0","3","0"
"*05tr8*","Christian Norgaard","BRF","M","64","Bobbo","BRF 1<br/>@WOL 1 F","6.25","6.25","7%","0%","1","1","90","0","0","0","1","0","0","0","2","0","2","0","0","0","0","1","0","0","2","0","1","0","0","0","0","1","0"
"*04qos*","Issa Diop","FUL","D","340","FA","MCI 2<br/>@FUL 0 F","6.25","6.25","2%","+1%","1","1","90","0","0","0","1","0","0","0","1","0","1","0","0","0","0","0","0","0","2","0","1","2","0","0","0","1","0"
"*063zg*","Pervis Estupinan","BHA","D","121","Noah B","BHA 4<br/>@TOT 1 F","6","6","93%","0%","1","0","17","0","0","0","2","0","0","0","0","0","0","0","0","0","2","0","0","0","0","0","0","0","0","0","0","0","0"
"*060wh*","Alejandro Garnacho","MUN","M","102","FA","AVL 0<br/>@MUN 2 F","6","6","28%","-1%","1","1","68","0","0","0","1","0","0","0","1","0","0","1","0","0","1","1","0","0","0","0","0","0","0","0","0","3","0"
"*06mnc*","Daichi Kamada","CRY","M","269","FA","CRY 1<br/>@LIV 1 F","6","6","20%","-1%","1","1","87","0","0","0","1","0","1","0","0","0","0","2","0","0","0","0","0","0","0","1","0","0","0","0","0","1","0"
"*04u41*","Mateo Kovacic","MCI","M","125","FA","MCI 2<br/>@FUL 0 F","6","6","2%","0%","1","1","90","0","0","0","0","0","0","0","2","0","0","2","0","0","0","1","0","0","1","1","0","0","0","0","0","1","0"
"*0427d*","James Tarkowski","EVE","D","24","FA","EVE 1<br/>@NEW 0 F","5.75","5.75","99%","0%","1","1","90","0","0","0","1","0","0","1","3","0","0","0","0","0","0","1","0","0","3","0","1","0","0","0","0","3","0"
"*05w9i*","Marc Cucurella","CHE","D","74","Noah B","CHE 1<br/>@NOT 0 F","5.75","5.75","97%","0%","1","1","90","0","0","0","0","0","0","0","0","0","0","1","0","0","0","0","0","0","1","1","2","2","0","0","0","1","0"
"*05r9b*","Martin Odegaard","ARS","M","86","CC FC","ARS 2<br/>@SOU 1 F","5.75","5.75","96%","0%","1","1","73","0","0","0","1","0","1","0","1","0","3","1","0","0","0","0","0","0","0","1","0","1","0","0","0","1","0"
"*05gcs*","Sander Berge","BUR/FUL","M","244","FA","MCI 2<br/>@FUL 0 F","5.75","5.75","14%","0%","1","0","17","0","0","0","2","0","0","0","1","0","0","0","0","0","0","0","0","0","0","0","0","1","0","0","0","0","0"
"*06ime*","Radu Dragusin","TOT","D","324","FA","BHA 4<br/>@TOT 1 F","5.75","5.75","1%","0%","1","1","90","0","0","0","0","0","0","0","0","0","0","2","0","0","0","1","0","0","2","0","1","4","0","0","0","2","0"
"*062oq*","Joe Ayodele-Aribo","SOU","M","177","FA","ARS 2<br/>@SOU 1 F","5.75","5.75","0%","0%","1","1","81","0","0","0","1","0","0","1","0","0","1","2","0","0","0","1","0","0","0","1","0","0","0","0","0","3","0"
"*048xh*","Stephy Mavididi","LEI","F","206","FA","LEI 0<br/>@BOU 2 F","5.75","5.75","0%","0%","1","0","22","0","0","1","0","0","0","0","1","0","0","1","0","0","0","0","0","0","0","2","0","0","0","0","0","0","0"
"*05ylj*","Bruno Guimaraes","NEW","M","23","Mateta","EVE 1<br/>@NEW 0 F","5.5","5.5","100%","0%","1","1","90","0","0","0","0","0","0","0","0","0","3","4","1","0","0","3","1","0","2","2","0","0","0","0","0","1","0"
"*05748*","Ismaila Sarr","CRY","F","55","thomas","CRY 1<br/>@LIV 1 F","5.5","5.5","93%","0%","1","0","20","0","0","0","3","0","0","0","0","0","1","0","0","0","0","0","0","0","0","0","0","0","0","0","0","0","0"
"*06do9*","Milos Kerkez","BOU","D","27","Mateta","LEI 0<br/>@BOU 2 F","5.5","5.5","76%","0%","1","1","65","0","0","0","1","0","0","0","1","0","0","0","0","0","2","0","0","0","1","0","0","2","0","0","0","2","0"
"*05uoc*","Cristian Romero","TOT","D","217","Brad","BHA 4<br/>@TOT 1 F","5.5","5.5","50%","-1%","1","1","90","0","0","0","0","0","0","0","2","0","0","1","0","0","0","0","0","0","2","0","1","3","0","0","0","2","0"
"*05ogb*","Anthony Elanga","NOT","F","48","Bobbo","CHE 1<br/>@NOT 0 F","5.5","5.5","36%","-1%","1","1","88","0","0","0","2","0","0","0","0","0","0","1","0","0","1","0","0","0","0","0","0","0","0","0","0","1","0"
"*061vn*","Rodrigo Muniz","FUL","F","200","FA","MCI 2<br/>@FUL 0 F","5.5","5.5","31%","+9%","1","1","78","0","0","0","0","0","1","0","0","0","0","3","0","0","0","0","0","0","2","0","0","4","0","0","0","1","0"
"*061xs*","Julio Enciso","BHA/IPS","M","212","Laeka B","WHU 3<br/>@IPS 1 F","5.5","5.5","1%","0%","1","0","4","0","0","0","2","0","0","0","0","0","0","0","0","0","1","0","0","0","0","0","0","1","0","0","0","0","0"
"*05gcr*","Bruno Fernandes","MUN","M","4","RyRob","AVL 0<br/>@MUN 2 F","5.25","5.25","100%","0%","1","1","90","0","0","0","0","0","0","0","3","0","0","1","0","0","1","0","0","0","0","0","0","0","0","0","0","3","0"
"*05a6e*","Neco Williams","NOT","D","57","Brad","CHE 1<br/>@NOT 0 F","5.25","5.25","98%","0%","1","1","90","0","0","0","1","0","0","0","1","0","3","2","0","0","0","0","0","0","2","0","0","2","0","0","0","1","0"
"*063e7*","Marcos Senesi","BOU","D","279","Laeka B","LEI 0<br/>@BOU 2 F","5.25","5.25","91%","0%","1","1","76","0","0","0","0","0","0","0","1","0","0","1","0","0","1","1","0","0","5","1","0","1","0","0","0","2","0"
"*06pe1*","Mateus Goncalo Espanha Fernandes","SOU","M","71","RyRob","ARS 2<br/>@SOU 1 F","5.25","5.25","70%","-1%","1","0","45","0","0","0","0","0","1","0","3","0","1","0","0","0","0","0","0","0","0","0","0","0","0","0","0","2","0"
"*06fhy*","Wilson Odobert","TOT","F","386","Brad","BHA 4<br/>@TOT 1 F","5.25","5.25","5%","0%","1","1","73","0","0","0","1","0","0","0","1","0","0","2","0","0","0","0","0","0","0","1","0","0","0","0","0","1","0"
"*06oav*","Guido Rodriguez","WHU","M","332","FA","WHU 3<br/>@IPS 1 F","5.25","5.25","0%","0%","1","1","90","0","0","0","0","0","0","0","0","0","0","0","1","0","0","3","2","0","2","0","1","1","0","0","0","3","0"
"*052k6*","Taylor Harwood-Bellis","SOU","D","169","FA","ARS 2<br/>@SOU 1 F","5.25","5.25","0%","0%","1","1","55","0","0","0","1","0","0","0","0","0","1","0","1","0","0","1","1","0","3","1","1","1","0","0","0","1","0"
"*06cm4*","Chiedozie Ogbene","LUT/IPS","F","464","FA","WHU 3<br/>@IPS 1 F","5.25","5.25","0%","0%","1","1","87","0","0","0","1","0","0","0","1","0","2","3","0","0","1","0","0","0","2","0","0","1","0","0","0","1","0"
"*06mfy*","Luke Woolfenden","IPS","D","365","FA","WHU 3<br/>@IPS 1 F","5.25","5.25","0%","0%","1","1","90","0","0","0","0","0","0","0","0","0","0","1","0","0","0","0","0","0","7","0","1","2","0","0","0","1","0"
"*06dmj*","Jurrien Timber","ARS","D","130","FA","ARS 2<br/>@SOU 1 F","5","5","90%","-4%","1","1","79","0","0","0","1","0","0","0","2","0","1","0","1","0","0","1","0","0","3","0","1","0","0","0","0","1","0"
"*06mow*","Jorgen Strand Larsen","WOL","F","81","RyRob","BRF 1<br/>@WOL 1 F","5","5","73%","0%","1","1","85","0","0","0","1","0","0","0","0","0","1","1","0","0","0","1","1","0","0","0","0","2","0","0","0","1","0"
"*05mxa*","Joel Veltman","BHA","D","231","FA","BHA 4<br/>@TOT 1 F","5","5","3%","0%","1","1","71","0","0","0","0","0","0","0","1","0","1","4","0","0","0","0","0","0","1","1","0","1","0","0","0","1","0"
"*068a1*","Mykhailo Mudryk","CHE","M","474","FA","CHE 1<br/>@NOT 0 F","5","5","1%","0%","1","0","15","0","0","0","1","0","0","0","0","0","0","1","0","0","0","0","0","0","0","1","1","1","0","0","0","0","0"
"*05tr5*","Mads Roerslev","BRF","D","315","FA","BRF 1<br/>@WOL 1 F","5","5","0%","0%","1","0","50","0","0","0","1","0","0","0","0","0","0","1","0","0","0","1","0","0","1","1","0","0","0","0","0","1","0"
"*06mg0*","Sam Morsy","IPS","M","182","CC FC","WHU 3<br/>@IPS 1 F","5","5","0%","0%","1","1","90","0","0","0","1","0","0","0","1","0","0","0","1","0","1","0","0","0","3","2","0","0","0","0","0","1","0"
"*04t95*","Oliver Skipp","TOT/LEI","M","387","FA","LEI 0<br/>@BOU 2 F","5","5","0%","0%","1","1","67","0","0","0","0","0","1","0","1","0","0","3","1","0","0","1","0","0","0","1","0","0","0","0","0","2","0"
"*06p7o*","Ramon Sosa","NOT","F","375","FA","CHE 1<br/>@NOT 0 F","5","5","0%","0%","1","0","9","0","0","0","2","0","0","0","0","0","0","0","0","0","0","0","0","0","1","1","0","0","0","0","0","0","0"
"*06fv8*","Mohammed Kudus","WHU","M","78","Will","WHU 3<br/>@IPS 1 F","4.75","4.75","48%","-1%","1","1","90","0","0","0","0","0","0","1","1","0","3","0","0","0","1","0","0","0","0","2","1","0","0","0","0","3","0"
"*068yt*","Sasa Lukic","FUL","M","192","FA","MCI 2<br/>@FUL 0 F","4.75","4.75","12%","+1%","1","1","86","0","0","0","0","0","0","0","0","0","0","2","1","0","0","3","0","0","0","0","1","2","0","0","0","1","0"
"*03jly*","Andreas Pereira","FUL","M","151","CC FC","MCI 2<br/>@FUL 0 F","4.75","4.75","7%","0%","1","1","86","0","0","0","1","0","0","0","0","0","0","1","0","0","0","1","0","0","0","1","0","0","0","0","0","1","0"
"*06crm*","Pau Torres","AVL","D","286","FA","AVL 0<br/>@MUN 2 F","4.5","4.5","6%","-1%","1","1","90","0","0","0","0","0","0","0","0","0","1","0","0","0","0","1","0","0","3","2","0","1","0","0","0","1","0"
"*0647t*","Lucas Paqueta","WHU","M","139","RyRob","WHU 3<br/>@IPS 1 F","4.25","4.25","32%","0%","1","1","90","0","0","0","0","0","0","0","0","0","1","1","0","0","0","1","0","0","0","2","0","2","0","0","0","3","0"
"*05oeh*","Kenny Tete","FUL","D","191","FA","MCI 2<br/>@FUL 0 F","4.25","4.25","32%","0%","1","1","90","0","0","0","0","0","0","0","2","0","0","1","0","0","0","0","0","0","1","0","1","0","0","0","0","1","0"
"*0554g*","Calvin Bassey","FUL","D","185","FA","MCI 2<br/>@FUL 0 F","4.25","4.25","17%","+5%","1","1","90","0","0","0","0","0","0","0","1","0","0","1","0","0","0","0","0","0","2","2","0","0","0","0","0","1","0"
"*061ve*","Ryan Christie","BOU","M","113","FA","LEI 0<br/>@BOU 2 F","4.25","4.25","15%","-1%","1","1","65","0","0","0","1","0","0","0","1","0","0","0","0","0","0","0","0","0","2","0","0","1","0","0","0","2","0"
"*05tre*","Vitaly Janelt","BRF","M","220","FA","BRF 1<br/>@WOL 1 F","4.25","4.25","10%","+1%","1","1","74","0","0","0","1","0","0","0","1","0","0","0","0","0","1","0","0","0","0","0","0","0","0","0","0","0","0"
"*06nv2*","Dean Huijsen","BOU","D","62","Laeka B","LEI 0<br/>@BOU 2 F","4.25","4.25","0%","0%","1","0","12","0","0","0","1","0","0","0","0","0","0","0","0","0","0","1","0","0","0","0","0","1","0","0","0","0","0"
"*02lsa*","Dan Burn","NEW","D","44","Mateta","EVE 1<br/>@NEW 0 F","4","4","75%","+1%","1","1","90","0","0","0","0","0","0","0","0","0","0","0","0","0","0","2","1","0","7","0","2","2","0","0","1","1","0"
"*04mi4*","Callum Hudson-Odoi","NOT","F","116","FA","CHE 1<br/>@NOT 0 F","4","4","51%","-2%","1","1","79","0","0","0","0","0","0","0","1","0","2","3","0","0","0","1","0","0","0","1","0","0","0","0","0","1","0"
"*0435t*","Ilkay Gundogan","MCI","M","153","Bobbo","MCI 2<br/>@FUL 0 F","4","4","1%","0%","1","0","21","0","0","0","1","0","0","0","0","0","0","1","0","0","0","0","0","0","0","1","0","1","0","0","0","0","0"
"*06873*","Joao Felix","CHE","F","351","FA","CHE 1<br/>@NOT 0 F","4","4","0%","0%","1","0","31","0","0","0","0","0","1","0","0","0","0","0","0","0","0","0","0","0","2","2","0","0","0","0","0","0","0"
"*02lpf*","Ross Barkley","AVL","M","308","FA","AVL 0<br/>@MUN 2 F","3.75","3.75","11%","-2%","1","0","27","0","0","0","1","0","0","0","0","0","0","0","0","0","0","0","0","0","1","0","1","1","0","0","0","1","0"
"*05746*","Emil Krafth","NEW","D","430","FA","EVE 1<br/>@NEW 0 F","3.75","3.75","0%","0%","1","1","90","0","0","0","0","0","0","0","0","0","0","0","0","0","0","0","0","0","3","0","2","1","0","0","0","1","0"
"*0649k*","Wout Faes","LEI","D","214","FA","LEI 0<br/>@BOU 2 F","3.75","3.75","0%","0%","1","1","90","0","0","0","0","0","0","0","0","0","0","0","0","0","0","1","0","0","6","0","0","3","0","0","0","2","0"
"*05uht*","Morgan Rogers","AVL","M","33","thomas","AVL 0<br/>@MUN 2 F","3.5","3.5","100%","0%","1","1","90","0","0","0","1","0","0","0","0","0","3","2","0","0","0","0","0","0","2","1","0","1","0","0","0","1","0"
"*05r34*","Amad Diallo","MUN","M","41","thomas","AVL 0<br/>@MUN 2 F","3.5","3.5","95%","0%","1","0","20","0","0","0","2","0","0","0","0","0","3","0","0","0","1","0","0","0","0","0","0","0","0","0","0","0","0"
"*0666p*","Kobbie Mainoo","MUN","M","268","FA","AVL 0<br/>@MUN 2 F","3.5","3.5","50%","+2%","1","1","90","0","0","0","0","0","0","0","3","0","4","1","1","0","0","1","0","0","0","2","0","0","0","0","0","3","0"
"*04sat*","Emile Smith Rowe","FUL","M","171","FA","MCI 2<br/>@FUL 0 F","3.5","3.5","33%","+2%","1","1","71","0","0","0","0","0","0","0","1","0","0","2","0","0","0","1","0","0","0","0","0","0","0","0","0","1","0"
"*061y6*","Ryan Yates","NOT","M","174","FA","CHE 1<br/>@NOT 0 F","3.5","3.5","1%","0%","1","0","31","0","0","0","1","0","0","0","0","0","1","0","0","0","0","0","0","0","2","1","0","1","0","0","0","0","0"
"*02t1k*","Nathaniel Clyne","CRY","D","442","FA","CRY 1<br/>@LIV 1 F","3.5","3.5","1%","0%","1","1","90","0","0","0","0","0","0","0","0","0","0","0","0","0","0","1","0","0","5","0","0","1","0","0","0","1","0"
"*063e8*","Goncalo Guedes","WOL","F","278","FA","BRF 1<br/>@WOL 1 F","3.5","3.5","0%","0%","1","0","14","0","0","0","0","0","0","0","0","0","0","2","0","0","0","2","0","0","0","0","0","0","0","0","0","0","0"
"*06pdl*","Jens Cajuste","IPS","M","225","FA","WHU 3<br/>@IPS 1 F","3.5","3.5","0%","0%","1","0","19","0","0","0","1","0","0","0","0","0","0","0","0","0","0","0","0","0","2","1","0","0","0","0","0","0","0"
"*06p67*","Sammie Szmodics","IPS","M","305","FA","WHU 3<br/>@IPS 1 F","3.5","3.5","0%","0%","1","1","80","0","0","0","0","0","0","0","0","0","0","2","0","0","0","1","0","0","1","1","0","0","0","0","0","1","0"
"*06cms*","Sandro Tonali","NEW","M","101","Mateta","EVE 1<br/>@NEW 0 F","3.25","3.25","75%","-1%","1","0","21","0","0","0","0","0","0","0","1","0","0","1","0","0","0","1","0","0","1","0","0","0","0","0","0","0","0"
"*04qrc*","Raul Jimenez","FUL","F","51","Bobbo","MCI 2<br/>@FUL 0 F","3","3","86%","-5%","1","0","10","0","0","0","0","0","1","0","0","0","0","1","0","0","0","0","0","0","1","0","0","1","0","0","0","0","0"
"*051k0*","John McGinn","AVL","M","165","j.l.","AVL 0<br/>@MUN 2 F","3","3","69%","0%","1","1","90","0","0","0","0","0","0","0","1","0","2","2","1","0","0","1","0","0","0","2","0","1","0","0","0","1","0"
"*063y7*","Destiny Udogie","TOT","D","222","j.l.","BHA 4<br/>@TOT 1 F","3","3","19%","0%","1","1","90","0","0","0","1","0","0","0","2","0","1","2","0","0","0","0","0","0","0","0","0","0","0","0","0","2","0"
"*02lp5*","Adam Smith","BOU","D","291","FA","LEI 0<br/>@BOU 2 F","3","3","2%","+1%","1","0","12","0","0","0","1","0","0","0","1","0","1","0","0","0","0","0","0","0","1","0","0","0","0","0","0","0","0"
"*06f81*","Edson Alvarez","WHU","M","262","FA","WHU 3<br/>@IPS 1 F","3","3","0%","0%","1","1","76","0","0","0","1","0","0","0","0","0","0","0","0","0","0","0","0","0","2","0","0","1","0","0","0","2","0"
"*03vll*","Michail Antonio","WHU","F","348","FA","WHU 3<br/>@IPS 1 F","3","3","0%","0%","1","1","70","0","0","0","0","0","0","0","0","0","0","1","0","0","0","0","0","0","1","2","0","1","0","0","0","2","0"
"*06p4l*","Julian Araujo","BOU","D","456","FA","LEI 0<br/>@BOU 2 F","3","3","0%","0%","1","1","76","0","0","0","0","0","0","0","2","0","0","1","0","0","0","1","1","0","0","0","0","0","0","0","0","2","0"
"*02lnx*","Danny Welbeck","BHA","F","136","FA","BHA 4<br/>@TOT 1 F","2.75","2.75","89%","+1%","1","1","84","0","0","0","0","0","0","0","1","0","0","1","0","0","0","0","0","0","0","0","0","2","0","0","0","1","0"
"*05omu*","Ruben Dias","MCI","D","198","FA","MCI 2<br/>@FUL 0 F","2.75","2.75","73%","0%","1","1","90","0","0","0","1","0","0","0","0","0","0","0","0","0","0","1","0","0","6","0","1","2","0","0","1","1","0"
"*06f8y*","Alex Scott","BOU","M","311","FA","LEI 0<br/>@BOU 2 F","2.75","2.75","71%","-1%","1","0","23","0","0","0","0","0","0","0","1","0","0","1","0","0","0","0","0","0","0","0","1","0","0","0","0","0","0"
"*0521z*","James Justin","LEI","D","123","FA","LEI 0<br/>@BOU 2 F","2.75","2.75","31%","-5%","1","1","90","0","0","0","0","0","0","0","0","0","1","3","0","0","0","2","0","0","1","0","0","1","0","0","0","2","0"
"*02y6o*","Nathan Ake","MCI","D","406","FA","MCI 2<br/>@FUL 0 F","2.75","2.75","24%","+1%","1","0","1","0","0","0","0","0","0","0","1","0","1","0","0","0","0","1","1","0","0","0","0","0","0","0","0","0","0"
"*05uel*","Kristoffer Ajer","BRF","D","290","FA","BRF 1<br/>@WOL 1 F","2.75","2.75","6%","+1%","1","1","38","0","0","0","0","0","0","0","1","0","0","0","0","0","0","1","0","0","1","0","0","0","0","0","0","0","0"
"*067yv*","Cody Gakpo","LIV","F","70","j.l.","CRY 1<br/>@LIV 1 F","2.5","2.5","100%","0%","1","0","23","0","0","0","0","0","0","0","2","0","0","0","0","0","0","0","0","0","1","0","0","0","0","0","0","0","23"
"*0635j*","Chris Richards","CRY","D","189","Noah B","CRY 1<br/>@LIV 1 F","2.5","2.5","89%","-1%","1","1","90","0","0","0","0","0","0","0","1","0","0","0","0","0","0","0","0","0","5","0","0","0","0","0","0","1","0"
"*0642l*","Casemiro","MUN","M","173","j.l.","AVL 0<br/>@MUN 2 F","2.5","2.5","82%","0%","1","1","45","0","0","0","0","0","0","0","1","0","1","0","0","0","0","0","0","0","1","1","0","1","0","0","0","2","0"
"*03zsq*","Kyle Walker-Peters","SOU","D","232","FA","ARS 2<br/>@SOU 1 F","2.5","2.5","8%","-5%","1","1","90","0","0","0","1","0","1","0","0","0","1","3","0","0","0","0","0","0","2","1","0","0","0","0","0","3","0"
"*06igk*","Ben Brereton","SOU","F","455","FA","ARS 2<br/>@SOU 1 F","2.5","2.5","0%","0%","1","1","90","0","0","0","0","0","1","0","0","0","1","2","0","0","0","0","0","0","0","0","0","0","0","0","0","3","0"
"*06clz*","Malo Gusto","CHE","D","213","FA","CHE 1<br/>@NOT 0 F","2.25","2.25","49%","-3%","1","1","73","0","0","0","0","0","0","0","1","0","1","0","0","0","0","1","0","0","1","0","0","0","0","0","0","1","0"
"*02lpl*","Seamus Coleman","EVE","D","469","FA","EVE 1<br/>@NEW 0 F","2.25","2.25","0%","0%","1","1","90","0","0","0","0","0","1","0","0","0","0","0","0","0","0","0","0","0","1","2","1","1","0","0","0","3","0"
"*04fk9*","Jan Bednarek","SOU","D","142","FA","ARS 2<br/>@SOU 1 F","2.25","2.25","0%","0%","1","1","90","0","0","0","0","0","0","0","0","0","0","1","0","0","0","1","0","0","6","0","3","0","0","0","0","3","0"
"*068ym*","Enzo Fernandez","CHE","M","14","thomas","CHE 1<br/>@NOT 0 F","2","2","100%","0%","1","1","90","0","0","0","1","0","0","0","0","0","1","1","0","0","0","0","0","0","0","0","0","0","0","0","0","1","0"
"*05rl4*","Crysencio Summerville","WHU","F","320","RyRob","WHU 3<br/>@IPS 1 F","2","2","79%","-2%","1","0","3","0","0","0","0","0","1","0","0","0","0","0","0","0","0","0","0","0","0","0","0","0","0","0","0","0","0"
"*05w91*","Hwang Hee-Chan","WOL","F","394","FA","BRF 1<br/>@WOL 1 F","2","2","3%","0%","1","0","29","0","0","0","1","0","0","0","0","0","1","0","0","0","0","0","0","0","0","0","0","1","0","0","0","0","0"
"*06cm0*","Christopher Nkunku","CHE","F","267","FA","CHE 1<br/>@NOT 0 F","2","2","1%","0%","1","0","3","0","0","0","1","0","0","0","0","0","0","0","0","0","0","0","0","0","0","0","0","0","0","0","0","0","0"
"*02m11*","Matt Doherty","WOL","D","172","FA","BRF 1<br/>@WOL 1 F","2","2","1%","0%","1","0","14","0","0","0","0","0","0","0","0","0","0","0","0","0","0","0","0","0","0","0","1","1","0","0","0","0","0"
"*06kyv*","Kosta Nedeljkovic","AVL","D","490","FA","AVL 0<br/>@MUN 2 F","1.75","1.75","86%","0%","1","0","10","0","0","0","0","0","0","0","1","0","0","1","0","0","0","0","0","0","0","0","0","0","0","0","0","0","0"
"*061x2*","Darwin Nunez","LIV","F","240","FA","CRY 1<br/>@LIV 1 F","1.75","1.75","2%","0%","1","0","13","0","0","0","0","0","0","0","1","0","1","0","0","0","0","0","0","0","1","1","0","0","0","0","0","0","13"
"*058vb*","Cameron Archer","AVL/SOU","F","336","FA","ARS 2<br/>@SOU 1 F","1.75","1.75","0%","0%","1","0","45","0","0","0","0","0","0","0","1","0","0","1","0","0","0","0","0","0","0","0","0","0","0","0","0","2","0"
"*052k8*","Tommy Doyle","WOL","M","389","FA","BRF 1<br/>@WOL 1 F","1.75","1.75","0%","0%","1","0","29","0","0","0","1","0","0","0","0","0","1","0","0","0","0","0","0","0","1","0","0","0","0","0","0","0","0"
"*06mq2*","Caleb Okoli","LEI","D","323","FA","LEI 0<br/>@BOU 2 F","1.75","1.75","0%","0%","1","1","88","0","0","0","0","0","0","0","1","0","0","2","1","0","0","1","0","0","5","0","1","0","0","0","0","2","0"
"*04qr8*","Diogo Jota","LIV","F","216","Bobbo","CRY 1<br/>@LIV 1 F","1.75","1.75","0%","0%","1","1","75","0","0","0","0","0","0","0","0","0","1","0","0","0","0","1","0","0","0","0","0","2","0","0","0","0","75"
"*05uhj*","Conor Bradley","LIV","D","317","Bobbo","CRY 1<br/>@LIV 1 F","1.62","1.62","21%","0%","1","0","13","0","0","0","0","0","0","0","0","0","0","0","0","0","0","0","0","0","3","0","0","0","0","0","0","0","13"
"*0689w*","Georginio Rutter","LEE/BHA","F","167","FA","BHA 4<br/>@TOT 1 F","1.5","1.5","49%","-3%","1","0","17","0","0","0","0","0","0","0","0","0","0","1","0","0","0","0","0","0","0","0","0","2","0","0","0","0","0"
"*06mve*","Joshua Zirkzee","MUN","F","280","j.l.","AVL 0<br/>@MUN 2 F","1.5","1.5","13%","0%","1","1","85","0","0","0","0","0","2","0","0","0","1","0","1","0","0","0","0","0","0","0","0","0","0","0","0","3","0"
"*0649j*","Manuel Akanji","MCI","D","264","FA","MCI 2<br/>@FUL 0 F","1.5","1.5","2%","0%","1","1","90","0","0","0","0","0","0","0","0","0","0","0","1","0","0","0","0","0","2","0","1","2","0","0","0","1","0"
"*03dyk*","Jamie Vardy","LEI","F","128","Mateta","LEI 0<br/>@BOU 2 F","1.5","1.5","0%","0%","1","1","90","0","0","0","1","0","0","0","0","0","0","2","1","0","0","0","0","0","0","0","0","1","0","0","0","2","0"
"*03gu4*","Harry Maguire","MUN","D","166","TRB","AVL 0<br/>@MUN 2 F","1.25","1.25","43%","+3%","1","0","20","0","0","0","0","0","0","0","1","0","0","0","0","0","0","0","0","0","0","0","0","0","0","0","0","0","0"
"*052cb*","Ian Maatsen","AVL","D","224","Laeka B","AVL 0<br/>@MUN 2 F","1.25","1.25","40%","-2%","1","0","10","0","0","0","0","0","0","0","1","0","0","0","0","0","0","0","0","0","0","0","0","0","0","0","0","0","0"
"*06nvg*","Jota Silva","NOT","F","245","FA","CHE 1<br/>@NOT 0 F","1.25","1.25","2%","0%","1","0","1","0","0","0","0","0","0","0","0","0","0","0","0","0","0","1","0","0","0","0","0","0","0","0","0","0","0"
"*02lv9*","James Milner","BHA","M","445","FA","BHA 4<br/>@TOT 1 F","1.25","1.25","1%","0%","1","1","16","0","0","0","0","0","0","0","0","0","0","0","0","0","0","1","0","0","0","0","0","0","0","0","0","0","0"
"*05mxc*","Timo Werner","TOT","F","355","FA","BHA 4<br/>@TOT 1 F","1.25","1.25","0%","0%","1","0","15","0","0","0","0","0","0","0","1","0","0","0","0","0","0","0","0","0","1","0","1","0","0","0","0","1","0"
"*05n3v*","Konstantinos Tsimikas","LIV","D","263","FA","CRY 1<br/>@LIV 1 F","1.15","1.15","1%","0%","1","0","6","0","0","0","0","0","0","0","1","0","1","0","0","0","0","0","0","0","0","0","0","0","0","0","0","0","6"
"*05r8o*","Jean-Philippe Mateta","CRY","F","66","Mateta","CRY 1<br/>@LIV 1 F","1","1","93%","-2%","1","1","68","0","0","0","0","0","0","0","0","0","1","3","0","0","0","0","0","0","1","0","0","0","0","0","0","1","0"
"*05y9n*","Lewis Hall","NEW","D","97","FA","EVE 1<br/>@NEW 0 F","1","1","77%","0%","1","0","21","0","0","0","0","0","0","0","0","0","0","0","0","0","0","0","0","0","0","0","1","0","0","0","0","0","0"
"*06fvn*","Beto","EVE","F","164","thomas","EVE 1<br/>@NEW 0 F","1","1","74%","+9%","1","0","1","0","0","0","0","0","0","0","0","0","0","0","0","0","0","0","0","0","0","0","0","2","0","0","0","2","0"
"*068yd*","Joao Gomes","WOL","M","137","Noah B","BRF 1<br/>@WOL 1 F","1","1","43%","-2%","1","1","59","0","0","0","0","0","0","0","3","0","2","0","1","0","0","0","0","0","1","0","0","0","0","0","0","1","0"
"*05opk*","Vladimir Coufal","WHU","D","313","FA","WHU 3<br/>@IPS 1 F","1","1","0%","0%","1","0","18","0","0","0","0","0","0","0","0","0","0","0","0","0","0","0","0","0","0","0","0","1","0","0","0","1","0"
"*03yu2*","Abdoulaye Doucoure","EVE","M","186","FA","EVE 1<br/>@NEW 0 F","1","1","0%","0%","1","0","6","0","0","0","0","0","0","0","0","0","0","0","0","0","0","0","0","0","0","1","0","0","0","0","0","3","0"
"*04mqv*","Emerson","WHU","D","201","FA","WHU 3<br/>@IPS 1 F","0.75","0.75","0%","0%","1","1","70","0","0","0","1","0","0","0","2","0","1","0","1","0","0","0","0","0","3","0","0","0","0","0","0","2","0"
"*06nu7*","Riccardo Calafiori","ARS","D","249","STONKS","ARS 2<br/>@SOU 1 F","0.5","0.5","83%","+1%","1","0","30","0","0","0","0","0","0","0","0","0","0","0","0","0","0","0","0","0","2","0","0","0","0","0","0","0","0"
"*052h5*","Gabriel Martinelli","ARS","M","73","Will","ARS 2<br/>@SOU 1 F","0.5","0.5","45%","0%","1","0","15","0","0","0","0","0","0","0","0","0","0","0","0","0","0","0","0","0","0","0","0","1","0","0","0","0","0"
"*06o2t*","Niclas Fullkrug","WHU","F","294","Noah B","WHU 3<br/>@IPS 1 F","0.5","0.5","13%","0%","1","0","18","0","0","0","0","0","0","0","0","0","1","0","0","0","0","0","0","0","0","0","0","2","0","0","0","1","0"
"*05n03*","Kalvin Phillips","IPS","M","326","FA","WHU 3<br/>@IPS 1 F","0.5","0.5","0%","0%","1","1","69","0","0","0","0","0","0","0","0","0","2","1","0","0","0","0","0","0","0","0","1","0","0","0","0","1","0"
"*03bwz*","Harry Winks","LEI","M","300","FA","LEI 0<br/>@BOU 2 F","0.5","0.5","0%","0%","1","1","90","0","0","0","0","0","0","0","1","0","1","0","1","0","0","1","0","0","2","0","0","0","0","0","0","2","0"
"*0554i*","Joelinton","NEW","M","127","Bobbo","EVE 1<br/>@NEW 0 F","0.25","0.25","43%","+1%","1","1","90","0","0","1","0","0","0","0","0","0","2","1","1","0","0","0","0","0","1","0","0","1","0","0","0","1","0"
"*06mn0*","Igor Thiago","BRF","F","452","FA","BRF 1<br/>@WOL 1 F","0","0","99%","0%","0","0","0","0","0","0","0","0","0","0","0","0","0","0","0","0","0","0","0","0","0","0","0","0","0","0","0","0","0"
"*03rxs*","Harry Wilson","FUL","M","184","Will","MCI 2<br/>@FUL 0 F","0","0","98%","0%","1","0","2","0","0","0","0","0","0","0","0","0","0","0","0","0","0","0","0","0","0","0","0","0","0","0","0","0","0"
"*04abb*","Phil Foden","MCI","M","129","Laeka B","MCI 2<br/>@FUL 0 F","0","0","97%","+5%","0","0","0","0","0","0","0","0","0","0","0","0","0","0","0","0","0","0","0","0","0","0","0","0","0","0","0","0","0"
"*06pia*","Maxence Lacroix","CRY","D","54","thomas","CRY 1<br/>@LIV 1 F","0","0","97%","0%","0","0","0","0","0","0","0","0","0","0","0","0","0","0","0","0","0","0","0","0","0","0","0","0","0","0","0","0","0"
"*051k7*","Reece James","CHE","D","241","Noah B","CHE 1<br/>@NOT 0 F","0","0","95%","+3%","0","0","0","0","0","0","0","0","0","0","0","0","0","0","0","0","0","0","0","0","0","0","0","0","0","0","0","0","0"
"*05vyj*","Evan Ferguson","BHA/WHU","F","414","FA","WHU 3<br/>@IPS 1 F","0","0","94%","0%","0","0","0","0","0","0","0","0","0","0","0","0","0","0","0","0","0","0","0","0","0","0","0","0","0","0","0","0","0"
"*06rgg*","Michael Kayode","BRF","D","328","thomas","BRF 1<br/>@WOL 1 F","0","0","92%","-1%","0","0","0","0","0","0","0","0","0","0","0","0","0","0","0","0","0","0","0","0","0","0","0","0","0","0","0","0","0"
"*05gcc*","Kiernan Dewsbury-Hall","CHE","M","427","FA","CHE 1<br/>@NOT 0 F","0","0","87%","0%","0","0","0","0","0","0","0","0","0","0","0","0","0","0","0","0","0","0","0","0","0","0","0","0","0","0","0","0","0"
"*067x8*","Nico O'Reilly","MCI","M","373","CC FC","MCI 2<br/>@FUL 0 F","0","0","85%","0%","0","0","0","0","0","0","0","0","0","0","0","0","0","0","0","0","0","0","0","0","0","0","0","0","0","0","0","0","0"
"*04spw*","James Garner","EVE","M","239","Will","EVE 1<br/>@NEW 0 F","0","0","84%","0%","0","0","0","0","0","0","0","0","0","0","0","0","0","0","0","0","0","0","0","0","0","0","0","0","0","0","0","0","0"
"*061vk*","Jaidon Anthony","BOU","F","559","FA","LEI 0<br/>@BOU 2 F","0","0","82%","+1%","0","0","0","0","0","0","0","0","0","0","0","0","0","0","0","0","0","0","0","0","0","0","0","0","0","0","0","0","0"
"*05o4b*","Matty Cash","AVL","D","168","Noah B","AVL 0<br/>@MUN 2 F","0","0","80%","-1%","0","0","0","0","0","0","0","0","0","0","0","0","0","0","0","0","0","0","0","0","0","0","0","0","0","0","0","0","0"
"*04io4*","Richarlison","TOT","F","337","FA","BHA 4<br/>@TOT 1 F","0","0","80%","+1%","0","0","0","0","0","0","0","0","0","0","0","0","0","0","0","0","0","0","0","0","0","0","0","0","0","0","0","0","0"
"*06rlj*","Patrick Dorgu","MUN","D","309","Noah B","AVL 0<br/>@MUN 2 F","0","0","77%","-1%","0","0","0","0","0","0","0","0","0","0","0","0","0","0","0","0","0","0","0","0","0","0","0","0","0","0","0","0","0"
"*0524k*","Rodri","MCI","M","492","FA","MCI 2<br/>@FUL 0 F","0","0","76%","-2%","0","0","0","0","0","0","0","0","0","0","0","0","0","0","0","0","0","0","0","0","0","0","0","0","0","0","0","0","0"
"*062oh*","Jake O'Brien","EVE","D","228","FA","EVE 1<br/>@NEW 0 F","0","0","72%","+1%","0","0","0","0","0","0","0","0","0","0","0","0","0","0","0","0","0","0","0","0","0","0","0","0","0","0","0","0","0"
"*06ezb*","Micky van de Ven","TOT","D","333","FA","BHA 4<br/>@TOT 1 F","0","0","71%","-2%","0","0","0","0","0","0","0","0","0","0","0","0","0","0","0","0","0","0","0","0","0","0","0","0","0","0","0","0","0"
"*061vb*","James Hill","BOU","D","371","FA","LEI 0<br/>@BOU 2 F","0","0","68%","0%","0","0","0","0","0","0","0","0","0","0","0","0","0","0","0","0","0","0","0","0","0","0","0","0","0","0","0","0","0"
"*06rf9*","Omar Marmoush","MCI","F","204","Laeka B","MCI 2<br/>@FUL 0 F","0","0","66%","+9%","0","0","0","0","0","0","0","0","0","0","0","0","0","0","0","0","0","0","0","0","0","0","0","0","0","0","0","0","0"
"*06rm8*","Mathys Tel","TOT","F","293","RyRob","BHA 4<br/>@TOT 1 F","0","0","63%","+5%","0","0","0","0","0","0","0","0","0","0","0","0","0","0","0","0","0","0","0","0","0","0","0","0","0","0","0","0","0"
"*06phe*","Ferdi Kadioglu","BHA","M","379","FA","BHA 4<br/>@TOT 1 F","0","0","63%","+1%","0","0","0","0","0","0","0","0","0","0","0","0","0","0","0","0","0","0","0","0","0","0","0","0","0","0","0","0","0"
"*066sd*","Myles Lewis-Skelly","ARS","M","316","FA","ARS 2<br/>@SOU 1 F","0","0","62%","+11%","0","0","0","0","0","0","0","0","0","0","0","0","0","0","0","0","0","0","0","0","0","0","0","0","0","0","0","0","0"
"*03fgo*","Dominic Solanke","TOT","F","150","CC FC","BHA 4<br/>@TOT 1 F","0","0","62%","-4%","0","0","0","0","0","0","0","0","0","0","0","0","0","0","0","0","0","0","0","0","0","0","0","0","0","0","0","0","0"
"*04mup*","Trevoh Chalobah","CHE/CRY","D","138","FA","CHE 1<br/>@NOT 0 F","0","0","60%","-7%","0","0","0","0","0","0","0","0","0","0","0","0","0","0","0","0","0","0","0","0","0","0","0","0","0","0","0","0","0"
"*06r9w*","Abdukodir Khusanov","MCI","D","418","FA","MCI 2<br/>@FUL 0 F","0","0","56%","-7%","0","0","0","0","0","0","0","0","0","0","0","0","0","0","0","0","0","0","0","0","0","0","0","0","0","0","0","0","0"
"*02oq6*","Luke Shaw","MUN","D","446","FA","AVL 0<br/>@MUN 2 F","0","0","54%","+3%","0","0","0","0","0","0","0","0","0","0","0","0","0","0","0","0","0","0","0","0","0","0","0","0","0","0","0","0","0"
"*05os8*","Joachim Andersen","CRY/FUL","D","159","j.l.","MCI 2<br/>@FUL 0 F","0","0","50%","-1%","0","0","0","0","0","0","0","0","0","0","0","0","0","0","0","0","0","0","0","0","0","0","0","0","0","0","0","0","0"
"*051k8*","Conor Gallagher","CHE","M","632","FA","CHE 1<br/>@NOT 0 F","0","0","50%","+1%","0","0","0","0","0","0","0","0","0","0","0","0","0","0","0","0","0","0","0","0","0","0","0","0","0","0","0","0","0"
"*062a9*","Sven Botman","NEW","D","358","Will","EVE 1<br/>@NEW 0 F","0","0","49%","+5%","0","0","0","0","0","0","0","0","0","0","0","0","0","0","0","0","0","0","0","0","0","0","0","0","0","0","0","0","0"
"*06r2g*","Rio Ngumoha","LIV","F","734","FA","CRY 1<br/>@LIV 1 F","0","0","48%","+11%","0","0","0","0","0","0","0","0","0","0","0","0","0","0","0","0","0","0","0","0","0","0","0","0","0","0","0","0","0"
"*06mpp*","Mats Wieffer","BHA","M","221","Will","BHA 4<br/>@TOT 1 F","0","0","47%","-7%","0","0","0","0","0","0","0","0","0","0","0","0","0","0","0","0","0","0","0","0","0","0","0","0","0","0","0","0","0"
"*05t6x*","William Osula","NEW","F","435","FA","EVE 1<br/>@NEW 0 F","0","0","45%","+3%","0","0","0","0","0","0","0","0","0","0","0","0","0","0","0","0","0","0","0","0","0","0","0","0","0","0","0","0","0"
"*05gcp*","Tomas Soucek","WHU","M","79","j.l.","WHU 3<br/>@IPS 1 F","0","0","43%","-3%","1","0","12","0","0","0","0","0","0","0","0","0","0","0","0","0","0","0","0","0","0","0","0","0","0","0","0","1","0"
"*06phv*","Bilal El Khannouss","LEI","M","155","STONKS","LEI 0<br/>@BOU 2 F","0","0","40%","0%","1","0","21","0","0","0","0","0","0","0","0","0","0","0","0","0","0","0","0","0","0","0","0","0","0","0","0","0","0"
"*062p3*","Keane Lewis-Potter","BRF","F","133","Brad","BRF 1<br/>@WOL 1 F","0","0","39%","0%","1","0","14","0","0","0","0","0","0","0","0","0","0","0","0","0","0","0","0","0","2","0","0","0","0","0","0","1","0"
"*06mvz*","Savio","MCI","F","91","FA","MCI 2<br/>@FUL 0 F","0","0","38%","+6%","0","0","0","0","0","0","0","0","0","0","0","0","0","0","0","0","0","0","0","0","0","0","0","0","0","0","0","0","0"
"*03dx3*","Kieran Trippier","NEW","D","207","RyRob","EVE 1<br/>@NEW 0 F","0","0","36%","+2%","0","0","0","0","0","0","0","0","0","0","0","0","0","0","0","0","0","0","0","0","0","0","0","0","0","0","0","0","0"
"*06rpm*","Mateus Mane","WOL","F","540","FA","BRF 1<br/>@WOL 1 F","0","0","34%","+1%","0","0","0","0","0","0","0","0","0","0","0","0","0","0","0","0","0","0","0","0","0","0","0","0","0","0","0","0","0"
"*06r5b*","Diego Gomez","BHA","M","329","FA","BHA 4<br/>@TOT 1 F","0","0","33%","-2%","0","0","0","0","0","0","0","0","0","0","0","0","0","0","0","0","0","0","0","0","0","0","0","0","0","0","0","0","0"
"*02oq8*","James Ward-Prowse","WHU/NOT","M","243","RyRob","WHU 3<br/>@IPS 1 F","0","0","32%","-6%","0","0","0","0","0","0","0","0","0","0","0","0","0","0","0","0","0","0","0","0","0","0","0","0","0","0","0","0","0"
"*051kl*","Emiliano Buendia","AVL","M","480","FA","AVL 0<br/>@MUN 2 F","0","0","30%","+1%","0","0","0","0","0","0","0","0","0","0","0","0","0","0","0","0","0","0","0","0","0","0","0","0","0","0","0","0","0"
"*06rm3*","Marco Asensio","AVL","F","289","Mateta","AVL 0<br/>@MUN 2 F","0","0","29%","0%","0","0","0","0","0","0","0","0","0","0","0","0","0","0","0","0","0","0","0","0","0","0","0","0","0","0","0","0","0"
"*04tig*","Fabian Schar","NEW","D","82","STONKS","EVE 1<br/>@NEW 0 F","0","0","28%","0%","0","0","0","0","0","0","0","0","0","0","0","0","0","0","0","0","0","0","0","0","0","0","0","0","0","0","0","0","0"
"*062ts*","Djed Spence","TOT","D","211","FA","BHA 4<br/>@TOT 1 F","0","0","26%","-2%","0","0","0","0","0","0","0","0","0","0","0","0","0","0","0","0","0","0","0","0","0","0","0","0","0","0","0","0","0"
"*05ye7*","Oscar Bobb","MCI","M","500","FA","MCI 2<br/>@FUL 0 F","0","0","26%","+4%","0","0","0","0","0","0","0","0","0","0","0","0","0","0","0","0","0","0","0","0","0","0","0","0","0","0","0","0","0"
"*04qfm*","Ryan Sessegnon","FUL","D","254","FA","MCI 2<br/>@FUL 0 F","0","0","25%","-1%","0","0","0","0","0","0","0","0","0","0","0","0","0","0","0","0","0","0","0","0","0","0","0","0","0","0","0","0","0"
"*0687c*","Carlos Alcaraz","SOU/EVE","M","265","thomas","EVE 1<br/>@NEW 0 F","0","0","23%","0%","0","0","0","0","0","0","0","0","0","0","0","0","0","0","0","0","0","0","0","0","0","0","0","0","0","0","0","0","0"
"*05l27*","Jarrad Branthwaite","EVE","D","131","FA","EVE 1<br/>@NEW 0 F","0","0","23%","-1%","0","0","0","0","0","0","0","0","0","0","0","0","0","0","0","0","0","0","0","0","0","0","0","0","0","0","0","0","0"
"*0626q*","Simon Adingra","BHA","M","236","thomas","BHA 4<br/>@TOT 1 F","0","0","23%","0%","1","0","4","0","0","0","0","0","0","0","0","0","0","0","0","0","0","0","0","0","0","0","0","0","0","0","0","0","0"
"*04tzt*","Jefferson Lerma","CRY","M","187","FA","CRY 1<br/>@LIV 1 F","0","0","22%","-4%","0","0","0","0","0","0","0","0","0","0","0","0","0","0","0","0","0","0","0","0","0","0","0","0","0","0","0","0","0"
"*04rzl*","Taiwo Awoniyi","NOT","F","421","FA","CHE 1<br/>@NOT 0 F","0","0","20%","+1%","1","0","1","0","0","0","0","0","0","0","0","0","0","0","0","0","0","0","0","0","0","0","0","0","0","0","0","0","0"
"*04hk9*","Mikel Merino","NEW/ARS","M","141","STONKS","ARS 2<br/>@SOU 1 F","0","0","20%","0%","0","0","0","0","0","0","0","0","0","0","0","0","0","0","0","0","0","0","0","0","0","0","0","0","0","0","0","0","0"
"*06rm7*","Nico Gonzalez","MCI","M","392","FA","MCI 2<br/>@FUL 0 F","0","0","19%","-3%","0","0","0","0","0","0","0","0","0","0","0","0","0","0","0","0","0","0","0","0","0","0","0","0","0","0","0","0","0"
"*04o82*","Curtis Jones","LIV","M","199","Bobbo","CRY 1<br/>@LIV 1 F","0","0","19%","0%","0","0","0","0","0","0","0","0","0","0","0","0","0","0","0","0","0","0","0","0","0","0","0","0","0","0","0","0","0"
"*05o4c*","Timothy Castagne","FUL","D","223","FA","MCI 2<br/>@FUL 0 F","0","0","18%","+4%","0","0","0","0","0","0","0","0","0","0","0","0","0","0","0","0","0","0","0","0","0","0","0","0","0","0","0","0","0"
"*052cd*","Mason Mount","MUN","M","372","FA","AVL 0<br/>@MUN 2 F","0","0","17%","0%","0","0","0","0","0","0","0","0","0","0","0","0","0","0","0","0","0","0","0","0","0","0","0","0","0","0","0","0","0"
"*05w90*","Maxwel Cornet","WHU/SOU","M","493","FA","ARS 2<br/>@SOU 1 F","0","0","17%","0%","0","0","0","0","0","0","0","0","0","0","0","0","0","0","0","0","0","0","0","0","0","0","0","0","0","0","0","0","0"
"*03r8x*","Callum Wilson","NEW","F","491","FA","EVE 1<br/>@NEW 0 F","0","0","16%","+4%","0","0","0","0","0","0","0","0","0","0","0","0","0","0","0","0","0","0","0","0","0","0","0","0","0","0","0","0","0"
"*04qfq*","Matt O'Riley","FUL/BHA","M","237","FA","BHA 4<br/>@TOT 1 F","0","0","15%","0%","0","0","0","0","0","0","0","0","0","0","0","0","0","0","0","0","0","0","0","0","0","0","0","0","0","0","0","0","0"
"*06mx0*","Leny Yoro","MUN","D","383","FA","AVL 0<br/>@MUN 2 F","0","0","15%","-1%","0","0","0","0","0","0","0","0","0","0","0","0","0","0","0","0","0","0","0","0","0","0","0","0","0","0","0","0","0"
"*065ao*","Ethan Nwaneri","ARS","M","230","Laeka B","ARS 2<br/>@SOU 1 F","0","0","14%","0%","0","0","0","0","0","0","0","0","0","0","0","0","0","0","0","0","0","0","0","0","0","0","0","0","0","0","0","0","0"
"*06ab3*","Lewis Miley","NEW","M","410","FA","EVE 1<br/>@NEW 0 F","0","0","13%","-13%","0","0","0","0","0","0","0","0","0","0","0","0","0","0","0","0","0","0","0","0","0","0","0","0","0","0","0","0","0"
"*04ge7*","Donyell Malen","ARS/AVL","F","356","FA","AVL 0<br/>@MUN 2 F","0","0","13%","0%","0","0","0","0","0","0","0","0","0","0","0","0","0","0","0","0","0","0","0","0","0","0","0","0","0","0","0","0","0"
"*06p5s*","Brajan Gruda","BHA","M","271","TRB","BHA 4<br/>@TOT 1 F","0","0","13%","0%","0","0","0","0","0","0","0","0","0","0","0","0","0","0","0","0","0","0","0","0","0","0","0","0","0","0","0","0","0"
"*057cr*","Kevin Danso","SOU/TOT","D","343","FA","BHA 4<br/>@TOT 1 F","0","0","12%","0%","0","0","0","0","0","0","0","0","0","0","0","0","0","0","0","0","0","0","0","0","0","0","0","0","0","0","0","0","0"
"*03rec*","Tyrone Mings","AVL","D","282","FA","AVL 0<br/>@MUN 2 F","0","0","12%","-1%","0","0","0","0","0","0","0","0","0","0","0","0","0","0","0","0","0","0","0","0","0","0","0","0","0","0","0","0","0"
"*066r9*","Ehor Yarmolyuk","BRF","M","299","FA","BRF 1<br/>@WOL 1 F","0","0","12%","+1%","0","0","0","0","0","0","0","0","0","0","0","0","0","0","0","0","0","0","0","0","0","0","0","0","0","0","0","0","0"
"*02lp9*","Kyle Walker","MCI","D","405","FA","MCI 2<br/>@FUL 0 F","0","0","11%","0%","1","0","1","0","0","0","0","0","0","0","0","0","0","0","0","0","0","0","0","0","0","0","0","0","0","0","0","0","0"
"*045c8*","Gabriel Jesus","ARS","F","321","FA","ARS 2<br/>@SOU 1 F","0","0","10%","0%","0","0","0","0","0","0","0","0","0","0","0","0","0","0","0","0","0","0","0","0","0","0","0","0","0","0","0","0","0"
"*06rma*","Marshall Munetsi","WOL","M","281","FA","BRF 1<br/>@WOL 1 F","0","0","9%","0%","0","0","0","0","0","0","0","0","0","0","0","0","0","0","0","0","0","0","0","0","0","0","0","0","0","0","0","0","0"
"*06ew2*","Axel Disasi","CHE/AVL","D","334","FA","AVL 0<br/>@MUN 2 F","0","0","9%","-2%","0","0","0","0","0","0","0","0","0","0","0","0","0","0","0","0","0","0","0","0","0","0","0","0","0","0","0","0","0"
"*04ge8*","Reiss Nelson","ARS/FUL","F","322","FA","MCI 2<br/>@FUL 0 F","0","0","9%","0%","0","0","0","0","0","0","0","0","0","0","0","0","0","0","0","0","0","0","0","0","0","0","0","0","0","0","0","0","0"
"*062h7*","Tyler Adams","BOU","M","181","Brad","LEI 0<br/>@BOU 2 F","0","0","8%","0%","0","0","0","0","0","0","0","0","0","0","0","0","0","0","0","0","0","0","0","0","0","0","0","0","0","0","0","0","0"
"*04xjr*","Harvey Elliott","LIV","M","362","Brad","CRY 1<br/>@LIV 1 F","0","0","8%","0%","0","0","0","0","0","0","0","0","0","0","0","0","0","0","0","0","0","0","0","0","0","0","0","0","0","0","0","0","0"
"*06fwx*","Santiago Bueno","WOL","D","275","FA","BRF 1<br/>@WOL 1 F","0","0","8%","0%","0","0","0","0","0","0","0","0","0","0","0","0","0","0","0","0","0","0","0","0","0","0","0","0","0","0","0","0","0"
"*04rh9*","David Brooks","BOU","M","253","Laeka B","LEI 0<br/>@BOU 2 F","0","0","8%","0%","0","0","0","0","0","0","0","0","0","0","0","0","0","0","0","0","0","0","0","0","0","0","0","0","0","0","0","0","0"
"*06mn7*","Lucas Bergvall","TOT","M","251","Noah B","BHA 4<br/>@TOT 1 F","0","0","7%","0%","1","0","7","0","0","0","0","0","0","0","0","0","0","0","0","0","0","0","0","0","0","0","0","0","0","0","0","0","0"
"*04gw7*","Jadon Sancho","MUN/CHE","F","178","thomas","CHE 1<br/>@NOT 0 F","0","0","7%","-4%","0","0","0","0","0","0","0","0","0","0","0","0","0","0","0","0","0","0","0","0","0","0","0","0","0","0","0","0","0"
"*061va*","Boubacar Kamara","AVL","M","238","FA","AVL 0<br/>@MUN 2 F","0","0","7%","0%","0","0","0","0","0","0","0","0","0","0","0","0","0","0","0","0","0","0","0","0","0","0","0","0","0","0","0","0","0"
"*03yeg*","Tosin Adarabioyo","CHE","D","226","STONKS","CHE 1<br/>@NOT 0 F","0","0","7%","-3%","0","0","0","0","0","0","0","0","0","0","0","0","0","0","0","0","0","0","0","0","0","0","0","0","0","0","0","0","0"
"*06pic*","Andre","WOL","M","194","FA","BRF 1<br/>@WOL 1 F","0","0","5%","0%","1","0","3","0","0","0","0","0","0","0","0","0","0","0","0","0","0","0","0","0","0","0","0","0","0","0","0","0","0"
"*06phw*","Federico Chiesa","LIV","F","487","FA","CRY 1<br/>@LIV 1 F","0","0","4%","0%","0","0","0","0","0","0","0","0","0","0","0","0","0","0","0","0","0","0","0","0","0","0","0","0","0","0","0","0","0"
"*02yl5*","John Stones","MCI","D","390","FA","MCI 2<br/>@FUL 0 F","0","0","4%","0%","0","0","0","0","0","0","0","0","0","0","0","0","0","0","0","0","0","0","0","0","0","0","0","0","0","0","0","0","0"
"*05ojf*","Fabio Carvalho","BRF","M","352","FA","BRF 1<br/>@WOL 1 F","0","0","4%","0%","1","0","7","0","0","0","0","0","0","0","0","0","0","0","0","0","0","0","0","0","0","0","0","0","0","0","0","1","0"
"*06kqy*","Ayden Heaven","ARS/MUN","D","425","FA","AVL 0<br/>@MUN 2 F","0","0","4%","-2%","0","0","0","0","0","0","0","0","0","0","0","0","0","0","0","0","0","0","0","0","0","0","0","0","0","0","0","0","0"
"*05y7c*","Archie Gray","TOT","M","330","FA","BHA 4<br/>@TOT 1 F","0","0","4%","0%","0","0","0","0","0","0","0","0","0","0","0","0","0","0","0","0","0","0","0","0","0","0","0","0","0","0","0","0","0"
"*06jh3*","Joshua King","FUL","M","453","FA","MCI 2<br/>@FUL 0 F","0","0","4%","0%","0","0","0","0","0","0","0","0","0","0","0","0","0","0","0","0","0","0","0","0","0","0","0","0","0","0","0","0","0"
"*06exb*","Rasmus Hojlund","MUN","F","260","j.l.","AVL 0<br/>@MUN 2 F","0","0","4%","0%","0","0","0","0","0","0","0","0","0","0","0","0","0","0","0","0","0","0","0","0","0","0","0","0","0","0","0","0","0"
"*06kwp*","Josh Acheampong","CHE","D","523","FA","CHE 1<br/>@NOT 0 F","0","0","4%","0%","0","0","0","0","0","0","0","0","0","0","0","0","0","0","0","0","0","0","0","0","0","0","0","0","0","0","0","0","0"
"*06eo0*","Lesley Ugochukwu","CHE/SOU","M","258","FA","ARS 2<br/>@SOU 1 F","0","0","3%","0%","0","0","0","0","0","0","0","0","0","0","0","0","0","0","0","0","0","0","0","0","0","0","0","0","0","0","0","0","0"
"*06mnm*","Marc Guiu","CHE","F","509","FA","CHE 1<br/>@NOT 0 F","0","0","3%","0%","0","0","0","0","0","0","0","0","0","0","0","0","0","0","0","0","0","0","0","0","0","0","0","0","0","0","0","0","0"
"*04ge9*","Eddie Nketiah","ARS/CRY","F","259","FA","CRY 1<br/>@LIV 1 F","0","0","3%","0%","0","0","0","0","0","0","0","0","0","0","0","0","0","0","0","0","0","0","0","0","0","0","0","0","0","0","0","0","0"
"*03r93*","Joseph Gomez","LIV","D","388","FA","CRY 1<br/>@LIV 1 F","0","0","3%","+1%","0","0","0","0","0","0","0","0","0","0","0","0","0","0","0","0","0","0","0","0","0","0","0","0","0","0","0","0","0"
"*06r9h*","Romain Esse","CRY","M","403","FA","CRY 1<br/>@LIV 1 F","0","0","3%","0%","0","0","0","0","0","0","0","0","0","0","0","0","0","0","0","0","0","0","0","0","0","0","0","0","0","0","0","0","0"
"*06pib*","Manuel Ugarte","MUN","M","219","FA","AVL 0<br/>@MUN 2 F","0","0","3%","0%","0","0","0","0","0","0","0","0","0","0","0","0","0","0","0","0","0","0","0","0","0","0","0","0","0","0","0","0","0"
"*05uhs*","James Mcatee","MCI","M","385","Brad","MCI 2<br/>@FUL 0 F","0","0","3%","-1%","0","0","0","0","0","0","0","0","0","0","0","0","0","0","0","0","0","0","0","0","0","0","0","0","0","0","0","0","0"
"*05t6y*","Hannibal Mejbri","MUN","M","709","FA","AVL 0<br/>@MUN 2 F","0","0","2%","0%","0","0","0","0","0","0","0","0","0","0","0","0","0","0","0","0","0","0","0","0","0","0","0","0","0","0","0","0","0"
"*05uns*","Leon Bailey","AVL","M","301","FA","AVL 0<br/>@MUN 2 F","0","0","2%","0%","1","1","15","0","0","0","0","0","0","0","0","0","0","0","0","0","0","0","0","0","0","0","0","0","0","0","0","0","0"
"*06r7k*","Emmanuel Agbadou","WOL","D","252","FA","BRF 1<br/>@WOL 1 F","0","0","2%","0%","0","0","0","0","0","0","0","0","0","0","0","0","0","0","0","0","0","0","0","0","0","0","0","0","0","0","0","0","0"
"*06fy7*","Nicolas Dominguez","NOT","M","205","FA","CHE 1<br/>@NOT 0 F","0","0","2%","0%","0","0","0","0","0","0","0","0","0","0","0","0","0","0","0","0","0","0","0","0","0","0","0","0","0","0","0","0","0"
"*05gvx*","Armando Broja","CHE/EVE","F","439","FA","EVE 1<br/>@NEW 0 F","0","0","2%","0%","0","0","0","0","0","0","0","0","0","0","0","0","0","0","0","0","0","0","0","0","0","0","0","0","0","0","0","0","0"
"*04ge6*","Joe Willock","NEW","M","295","CC FC","EVE 1<br/>@NEW 0 F","0","0","2%","-1%","0","0","0","0","0","0","0","0","0","0","0","0","0","0","0","0","0","0","0","0","0","0","0","0","0","0","0","0","0"
"*06mnn*","Chadi Riad","CRY","D","498","FA","CRY 1<br/>@LIV 1 F","0","0","2%","0%","0","0","0","0","0","0","0","0","0","0","0","0","0","0","0","0","0","0","0","0","0","0","0","0","0","0","0","0","0"
"*06l4i*","Tyrique George","CHE","F","417","FA","CHE 1<br/>@NOT 0 F","0","0","2%","0%","0","0","0","0","0","0","0","0","0","0","0","0","0","0","0","0","0","0","0","0","0","0","0","0","0","0","0","0","0"
"*05unu*","Romeo Lavia","CHE","M","346","FA","CHE 1<br/>@NOT 0 F","0","0","2%","-1%","0","0","0","0","0","0","0","0","0","0","0","0","0","0","0","0","0","0","0","0","0","0","0","0","0","0","0","0","0"
"*06kx1*","Justin Devenny","CRY","M","360","FA","CRY 1<br/>@LIV 1 F","0","0","2%","0%","0","0","0","0","0","0","0","0","0","0","0","0","0","0","0","0","0","0","0","0","0","0","0","0","0","0","0","0","0"
"*05tqz*","Rico Henry","BRF","D","486","FA","BRF 1<br/>@WOL 1 F","0","0","2%","0%","0","0","0","0","0","0","0","0","0","0","0","0","0","0","0","0","0","0","0","0","0","0","0","0","0","0","0","0","0"
"*06mn8*","Rodrigo Gomes","WOL","F","312","FA","BRF 1<br/>@WOL 1 F","0","0","1%","0%","0","0","0","0","0","0","0","0","0","0","0","0","0","0","0","0","0","0","0","0","0","0","0","0","0","0","0","0","0"
"*06mrz*","Pedro Lima","WOL","D","470","FA","BRF 1<br/>@WOL 1 F","0","0","1%","0%","0","0","0","0","0","0","0","0","0","0","0","0","0","0","0","0","0","0","0","0","0","0","0","0","0","0","0","0","0"
"*04fk8*","Victor Lindelof","MUN","D","369","FA","AVL 0<br/>@MUN 2 F","0","0","1%","0%","0","0","0","0","0","0","0","0","0","0","0","0","0","0","0","0","0","0","0","0","0","0","0","0","0","0","0","0","0"
"*06329*","Manor Solomon","TOT","F","796","FA","BHA 4<br/>@TOT 1 F","0","0","1%","0%","0","0","0","0","0","0","0","0","0","0","0","0","0","0","0","0","0","0","0","0","0","0","0","0","0","0","0","0","0"
"*066sh*","Bashir Humphreys","CHE","D","657","FA","CHE 1<br/>@NOT 0 F","0","0","1%","0%","0","0","0","0","0","0","0","0","0","0","0","0","0","0","0","0","0","0","0","0","0","0","0","0","0","0","0","0","0"
"*043c1*","Oleksandr Zinchenko","ARS","D","370","thomas","ARS 2<br/>@SOU 1 F","0","0","1%","0%","1","0","9","0","0","0","0","0","0","0","0","0","0","0","0","0","0","0","0","0","0","0","0","0","0","0","0","0","0"
"*06onx*","Jean-Clair Todibo","WHU","D","248","FA","WHU 3<br/>@IPS 1 F","0","0","1%","0%","0","0","0","0","0","0","0","0","0","0","0","0","0","0","0","0","0","0","0","0","0","0","0","0","0","0","0","0","0"
"*02oo1*","Ben Davies","TOT","D","274","FA","BHA 4<br/>@TOT 1 F","0","0","1%","0%","0","0","0","0","0","0","0","0","0","0","0","0","0","0","0","0","0","0","0","0","0","0","0","0","0","0","0","0","0"
"*06roj*","Chido Obi-Martin","MUN","F","511","FA","AVL 0<br/>@MUN 2 F","0","0","1%","0%","0","0","0","0","0","0","0","0","0","0","0","0","0","0","0","0","0","0","0","0","0","0","0","0","0","0","0","0","0"
"*04e1k*","Solly March","BHA","M","461","FA","BHA 4<br/>@TOT 1 F","0","0","1%","0%","0","0","0","0","0","0","0","0","0","0","0","0","0","0","0","0","0","0","0","0","0","0","0","0","0","0","0","0","0"
"*066nn*","Ben Doak","LIV","F","614","FA","CRY 1<br/>@LIV 1 F","0","0","1%","0%","0","0","0","0","0","0","0","0","0","0","0","0","0","0","0","0","0","0","0","0","0","0","0","0","0","0","0","0","0"
"*06pig*","Morato","NOT","D","345","FA","CHE 1<br/>@NOT 0 F","0","0","1%","0%","0","0","0","0","0","0","0","0","0","0","0","0","0","0","0","0","0","0","0","0","0","0","0","0","0","0","0","0","0"
"*06lox*","Mikey Moore","TOT","M","429","FA","BHA 4<br/>@TOT 1 F","0","0","1%","0%","0","0","0","0","0","0","0","0","0","0","0","0","0","0","0","0","0","0","0","0","0","0","0","0","0","0","0","0","0"
"*06fso*","Wataru Endo","LIV","M","419","FA","CRY 1<br/>@LIV 1 F","0","0","1%","0%","0","0","0","0","0","0","0","0","0","0","0","0","0","0","0","0","0","0","0","0","0","0","0","0","0","0","0","0","0"
"*06onv*","Harrison Armstrong","EVE","M","536","FA","EVE 1<br/>@NEW 0 F","0","0","1%","0%","0","0","0","0","0","0","0","0","0","0","0","0","0","0","0","0","0","0","0","0","0","0","0","0","0","0","0","0","0"
"*06nyw*","Jorge Cuenca","FUL","D","448","FA","MCI 2<br/>@FUL 0 F","0","0","1%","0%","0","0","0","0","0","0","0","0","0","0","0","0","0","0","0","0","0","0","0","0","0","0","0","0","0","0","0","0","0"
"*06hze*","Treymaurice Nyoni","LIV","M","738","FA","CRY 1<br/>@LIV 1 F","0","0","1%","0%","0","0","0","0","0","0","0","0","0","0","0","0","0","0","0","0","0","0","0","0","0","0","0","0","0","0","0","0","0"
"*0328q*","Tom Cairney","FUL","M","347","FA","MCI 2<br/>@FUL 0 F","0","0","1%","0%","1","0","2","0","0","0","0","0","0","0","0","0","0","0","0","0","0","0","0","0","0","0","0","0","0","0","0","0","0"
"*06635*","Oliver Scarles","WHU","D","368","FA","WHU 3<br/>@IPS 1 F","0","0","1%","0%","0","0","0","0","0","0","0","0","0","0","0","0","0","0","0","0","0","0","0","0","0","0","0","0","0","0","0","0","0"
"*067x6*","Max Alleyne","MCI","D","553","FA","MCI 2<br/>@FUL 0 F","0","0","1%","0%","0","0","0","0","0","0","0","0","0","0","0","0","0","0","0","0","0","0","0","0","0","0","0","0","0","0","0","0","0"
"*068sd*","Jakub Kiwior","ARS","D","318","Laeka B","ARS 2<br/>@SOU 1 F","0","0","1%","0%","0","0","0","0","0","0","0","0","0","0","0","0","0","0","0","0","0","0","0","0","0","0","0","0","0","0","0","0","0"
"*06804*","Benoit Badiashile","CHE","D","423","FA","CHE 1<br/>@NOT 0 F","0","0","1%","0%","0","0","0","0","0","0","0","0","0","0","0","0","0","0","0","0","0","0","0","0","0","0","0","0","0","0","0","0","0"
"*062p0*","Stefan Bajcetic","LIV","M","564","FA","CRY 1<br/>@LIV 1 F","0","0","1%","0%","0","0","0","0","0","0","0","0","0","0","0","0","0","0","0","0","0","0","0","0","0","0","0","0","0","0","0","0","0"
"*06s7s*","Harry Howell","BHA","M","529","FA","BHA 4<br/>@TOT 1 F","0","0","1%","0%","0","0","0","0","0","0","0","0","0","0","0","0","0","0","0","0","0","0","0","0","0","0","0","0","0","0","0","0","0"
"*05yct*","Nathan Patterson","EVE","D","409","FA","EVE 1<br/>@NEW 0 F","0","0","1%","0%","0","0","0","0","0","0","0","0","0","0","0","0","0","0","0","0","0","0","0","0","0","0","0","0","0","0","0","0","0"
"*02lkp*","Raheem Sterling","CHE/ARS","F","398","TRB","ARS 2<br/>@SOU 1 F","0","0","1%","0%","0","0","0","0","0","0","0","0","0","0","0","0","0","0","0","0","0","0","0","0","0","0","0","0","0","0","0","0","0"
"*068yr*","Hamed Traore","BOU","M","804","FA","LEI 0<br/>@BOU 2 F","0","0","1%","0%","0","0","0","0","0","0","0","0","0","0","0","0","0","0","0","0","0","0","0","0","0","0","0","0","0","0","0","0","0"
"*06kyw*","Claudio Echeverri","MCI","M","836","FA","MCI 2<br/>@FUL 0 F","0","0","0%","0%","0","0","0","0","0","0","0","0","0","0","0","0","0","0","0","0","0","0","0","0","0","0","0","0","0","0","0","0","0"
"*03sbh*","Enes Unal","BOU","F","380","FA","LEI 0<br/>@BOU 2 F","0","0","0%","0%","0","0","0","0","0","0","0","0","0","0","0","0","0","0","0","0","0","0","0","0","0","0","0","0","0","0","0","0","0"
"*062og*","Aaron Hickey","BRF","D","651","FA","BRF 1<br/>@WOL 1 F","0","0","0%","0%","0","0","0","0","0","0","0","0","0","0","0","0","0","0","0","0","0","0","0","0","0","0","0","0","0","0","0","0","0"
"*06442*","Zach Abbott","NOT","D","545","FA","CHE 1<br/>@NOT 0 F","0","0","0%","0%","0","0","0","0","0","0","0","0","0","0","0","0","0","0","0","0","0","0","0","0","0","0","0","0","0","0","0","0","0"
"*03v6t*","Ben Chilwell","CHE/CRY","D","382","RyRob","CRY 1<br/>@LIV 1 F","0","0","0%","0%","0","0","0","0","0","0","0","0","0","0","0","0","0","0","0","0","0","0","0","0","0","0","0","0","0","0","0","0","0"
"*056ir*","Adam Webster","BHA","D","296","FA","BHA 4<br/>@TOT 1 F","0","0","0%","0%","0","0","0","0","0","0","0","0","0","0","0","0","0","0","0","0","0","0","0","0","0","0","0","0","0","0","0","0","0"
"*061xw*","Joe Worrall","NOT","D","822","FA","CHE 1<br/>@NOT 0 F","0","0","0%","0%","0","0","0","0","0","0","0","0","0","0","0","0","0","0","0","0","0","0","0","0","0","0","0","0","0","0","0","0","0"
"*06r9x*","Vitor Reis","MCI","D","526","FA","MCI 2<br/>@FUL 0 F","0","0","0%","0%","0","0","0","0","0","0","0","0","0","0","0","0","0","0","0","0","0","0","0","0","0","0","0","0","0","0","0","0","0"
"*06r7f*","Julio Soler","BOU","D","522","FA","LEI 0<br/>@BOU 2 F","0","0","0%","0%","0","0","0","0","0","0","0","0","0","0","0","0","0","0","0","0","0","0","0","0","0","0","0","0","0","0","0","0","0"
"*06qq9*","Luca Williams-Barnett","TOT","F","818","FA","BHA 4<br/>@TOT 1 F","0","0","0%","0%","0","0","0","0","0","0","0","0","0","0","0","0","0","0","0","0","0","0","0","0","0","0","0","0","0","0","0","0","0"
"*04qr0*","Willy Boly","NOT","D","447","FA","CHE 1<br/>@NOT 0 F","0","0","0%","0%","0","0","0","0","0","0","0","0","0","0","0","0","0","0","0","0","0","0","0","0","0","0","0","0","0","0","0","0","0"
"*06qvu*","Tom Edozie","WOL","F","621","FA","BRF 1<br/>@WOL 1 F","0","0","0%","0%","0","0","0","0","0","0","0","0","0","0","0","0","0","0","0","0","0","0","0","0","0","0","0","0","0","0","0","0","0"
"*066t2*","Will Lankshear","TOT","F","685","FA","BHA 4<br/>@TOT 1 F","0","0","0%","0%","0","0","0","0","0","0","0","0","0","0","0","0","0","0","0","0","0","0","0","0","0","0","0","0","0","0","0","0","0"
"*06eka*","Igor Julio","BHA","D","397","FA","BHA 4<br/>@TOT 1 F","0","0","0%","0%","0","0","0","0","0","0","0","0","0","0","0","0","0","0","0","0","0","0","0","0","0","0","0","0","0","0","0","0","0"
"*06l2r*","Harry Amass","MUN","D","475","FA","AVL 0<br/>@MUN 2 F","0","0","0%","0%","0","0","0","0","0","0","0","0","0","0","0","0","0","0","0","0","0","0","0","0","0","0","0","0","0","0","0","0","0"
"*06r9v*","Andres Garcia","AVL","F","438","FA","AVL 0<br/>@MUN 2 F","0","0","0%","0%","0","0","0","0","0","0","0","0","0","0","0","0","0","0","0","0","0","0","0","0","0","0","0","0","0","0","0","0","0"
"*06dpv*","Omari Kellyman","CHE","M","671","FA","CHE 1<br/>@NOT 0 F","0","0","0%","0%","0","0","0","0","0","0","0","0","0","0","0","0","0","0","0","0","0","0","0","0","0","0","0","0","0","0","0","0","0"
"*06mgp*","Luis Guilherme","WHU","F","437","FA","WHU 3<br/>@IPS 1 F","0","0","0%","0%","0","0","0","0","0","0","0","0","0","0","0","0","0","0","0","0","0","0","0","0","0","0","0","0","0","0","0","0","0"
"*06qgn*","Shumaira Mheuka","CHE","F","517","FA","CHE 1<br/>@NOT 0 F","0","0","0%","0%","0","0","0","0","0","0","0","0","0","0","0","0","0","0","0","0","0","0","0","0","0","0","0","0","0","0","0","0","0"
"*05nip*","Dane Scarlett","TOT","F","479","FA","BHA 4<br/>@TOT 1 F","0","0","0%","0%","0","0","0","0","0","0","0","0","0","0","0","0","0","0","0","0","0","0","0","0","0","0","0","0","0","0","0","0","0"
"*0620k*","Nayef Aguerd","WHU","D","547","FA","WHU 3<br/>@IPS 1 F","0","0","0%","0%","0","0","0","0","0","0","0","0","0","0","0","0","0","0","0","0","0","0","0","0","0","0","0","0","0","0","0","0","0"
"*05ogh*","Harrison Ashby","NEW","D","562","FA","EVE 1<br/>@NEW 0 F","0","0","0%","0%","0","0","0","0","0","0","0","0","0","0","0","0","0","0","0","0","0","0","0","0","0","0","0","0","0","0","0","0","0"
"*061z3*","Fabio Vieira","ARS","M","810","FA","ARS 2<br/>@SOU 1 F","0","0","0%","0%","0","0","0","0","0","0","0","0","0","0","0","0","0","0","0","0","0","0","0","0","0","0","0","0","0","0","0","0","0"
"*06mul*","Jack Fletcher","MUN","F","626","FA","AVL 0<br/>@MUN 2 F","0","0","0%","0%","0","0","0","0","0","0","0","0","0","0","0","0","0","0","0","0","0","0","0","0","0","0","0","0","0","0","0","0","0"
"*06kyx*","Andy Irving","WHU","M","468","FA","WHU 3<br/>@IPS 1 F","0","0","0%","0%","0","0","0","0","0","0","0","0","0","0","0","0","0","0","0","0","0","0","0","0","0","0","0","0","0","0","0","0","0"
"*06do1*","Zach Marsh","CRY","F","698","FA","CRY 1<br/>@LIV 1 F","0","0","0%","0%","0","0","0","0","0","0","0","0","0","0","0","0","0","0","0","0","0","0","0","0","0","0","0","0","0","0","0","0","0"
"*06klv*","Jayden Danns","LIV","F","837","FA","CRY 1<br/>@LIV 1 F","0","0","0%","0%","0","0","0","0","0","0","0","0","0","0","0","0","0","0","0","0","0","0","0","0","0","0","0","0","0","0","0","0","0"
"*064op*","Tyler Fredricson","MUN","D","478","FA","AVL 0<br/>@MUN 2 F","0","0","0%","0%","0","0","0","0","0","0","0","0","0","0","0","0","0","0","0","0","0","0","0","0","0","0","0","0","0","0","0","0","0"
"*06prv*","Jamaldeen Jimoh","AVL","M","662","FA","AVL 0<br/>@MUN 2 F","0","0","0%","0%","0","0","0","0","0","0","0","0","0","0","0","0","0","0","0","0","0","0","0","0","0","0","0","0","0","0","0","0","0"
"*05a6d*","Tariq Lamptey","BHA","D","306","FA","BHA 4<br/>@TOT 1 F","0","0","0%","0%","0","0","0","0","0","0","0","0","0","0","0","0","0","0","0","0","0","0","0","0","0","0","0","0","0","0","0","0","0"
"*0687b*","Alex Moreno","AVL/NOT","D","302","FA","CHE 1<br/>@NOT 0 F","0","0","0%","0%","0","0","0","0","0","0","0","0","0","0","0","0","0","0","0","0","0","0","0","0","0","0","0","0","0","0","0","0","0"
"*05ue7*","Frank Onyeka","BRF","M","839","FA","BRF 1<br/>@WOL 1 F","0","0","0%","0%","0","0","0","0","0","0","0","0","0","0","0","0","0","0","0","0","0","0","0","0","0","0","0","0","0","0","0","0","0"
"*05rjn*","Jesurun Rak-Sakyi","CRY","M","767","FA","CRY 1<br/>@LIV 1 F","0","0","0%","0%","0","0","0","0","0","0","0","0","0","0","0","0","0","0","0","0","0","0","0","0","0","0","0","0","0","0","0","0","0"
"*037mt*","Harrison Reed","FUL","M","484","FA","MCI 2<br/>@FUL 0 F","0","0","0%","0%","1","0","2","0","0","0","0","0","0","0","0","0","0","0","0","0","0","0","0","0","0","0","0","0","0","0","0","0","0"
"*05x9k*","Jeremy Sarmiento","BHA","F","786","FA","BHA 4<br/>@TOT 1 F","0","0","0%","0%","0","0","0","0","0","0","0","0","0","0","0","0","0","0","0","0","0","0","0","0","0","0","0","0","0","0","0","0","0"
"*06r5d*","Min-Hyeok Yang","TOT","F","825","FA","BHA 4<br/>@TOT 1 F","0","0","0%","0%","0","0","0","0","0","0","0","0","0","0","0","0","0","0","0","0","0","0","0","0","0","0","0","0","0","0","0","0","0"
"*0649i*","Antony","MUN","M","424","FA","AVL 0<br/>@MUN 2 F","0","0","0%","0%","0","0","0","0","0","0","0","0","0","0","0","0","0","0","0","0","0","0","0","0","0","0","0","0","0","0","0","0","0"
"*06nvc*","Asher Agbinone","CRY","M","516","FA","CRY 1<br/>@LIV 1 F","0","0","0%","0%","0","0","0","0","0","0","0","0","0","0","0","0","0","0","0","0","0","0","0","0","0","0","0","0","0","0","0","0","0"
"*068ys*","Naouirou Ahamada","CRY","M","548","FA","CRY 1<br/>@LIV 1 F","0","0","0%","0%","0","0","0","0","0","0","0","0","0","0","0","0","0","0","0","0","0","0","0","0","0","0","0","0","0","0","0","0","0"
"*06r5m*","Aaron Anselmino","CHE","D","558","FA","CHE 1<br/>@NOT 0 F","0","0","0%","0%","0","0","0","0","0","0","0","0","0","0","0","0","0","0","0","0","0","0","0","0","0","0","0","0","0","0","0","0","0"
"*04f67*","Philip Billing","BOU","M","415","FA","LEI 0<br/>@BOU 2 F","0","0","0%","0%","0","0","0","0","0","0","0","0","0","0","0","0","0","0","0","0","0","0","0","0","0","0","0","0","0","0","0","0","0"
"*06r7l*","Bradley Burrowes","AVL","M","585","FA","AVL 0<br/>@MUN 2 F","0","0","0%","0%","0","0","0","0","0","0","0","0","0","0","0","0","0","0","0","0","0","0","0","0","0","0","0","0","0","0","0","0","0"
"*05w9q*","Odsonne Edouard","CRY/LEI","F","489","FA","LEI 0<br/>@BOU 2 F","0","0","0%","0%","0","0","0","0","0","0","0","0","0","0","0","0","0","0","0","0","0","0","0","0","0","0","0","0","0","0","0","0","0"
"*06exa*","Matheus Franca","CRY","F","457","FA","CRY 1<br/>@LIV 1 F","0","0","0%","0%","0","0","0","0","0","0","0","0","0","0","0","0","0","0","0","0","0","0","0","0","0","0","0","0","0","0","0","0","0"
"*06qvv*","Malachi Hardy","TOT","D","640","FA","BHA 4<br/>@TOT 1 F","0","0","0%","0%","0","0","0","0","0","0","0","0","0","0","0","0","0","0","0","0","0","0","0","0","0","0","0","0","0","0","0","0","0"
"*06mnb*","Samuel Iling-Junior","AVL","F","660","FA","AVL 0<br/>@MUN 2 F","0","0","0%","0%","0","0","0","0","0","0","0","0","0","0","0","0","0","0","0","0","0","0","0","0","0","0","0","0","0","0","0","0","0"
"*06pez*","Mohamadou Kante","WHU","M","668","FA","WHU 3<br/>@IPS 1 F","0","0","0%","0%","0","0","0","0","0","0","0","0","0","0","0","0","0","0","0","0","0","0","0","0","0","0","0","0","0","0","0","0","0"
"*06nvb*","Caleb Kporha","CRY","D","525","FA","CRY 1<br/>@LIV 1 F","0","0","0%","0%","0","0","0","0","0","0","0","0","0","0","0","0","0","0","0","0","0","0","0","0","0","0","0","0","0","0","0","0","0"
"*04tsf*","Paris Maghoma","BRF","M","471","FA","BRF 1<br/>@WOL 1 F","0","0","0%","0%","0","0","0","0","0","0","0","0","0","0","0","0","0","0","0","0","0","0","0","0","0","0","0","0","0","0","0","0","0"
"*06ewy*","Alex Murphy","NEW","D","726","FA","EVE 1<br/>@NEW 0 F","0","0","0%","0%","0","0","0","0","0","0","0","0","0","0","0","0","0","0","0","0","0","0","0","0","0","0","0","0","0","0","0","0","0"
"*06rrr*","Hindolo Mustapha","CRY","M","728","FA","CRY 1<br/>@LIV 1 F","0","0","0%","0%","0","0","0","0","0","0","0","0","0","0","0","0","0","0","0","0","0","0","0","0","0","0","0","0","0","0","0","0","0"
"*066iz*","Lewis Orford","WHU","M","497","FA","WHU 3<br/>@IPS 1 F","0","0","0%","0%","0","0","0","0","0","0","0","0","0","0","0","0","0","0","0","0","0","0","0","0","0","0","0","0","0","0","0","0","0"
"*06few*","Youssef Chermiti","EVE","F","521","FA","EVE 1<br/>@NEW 0 F","0","0","0%","0%","0","0","0","0","0","0","0","0","0","0","0","0","0","0","0","0","0","0","0","0","0","0","0","0","0","0","0","0","0"
"*05oji*","Rhys Williams","LIV","D","817","FA","CRY 1<br/>@LIV 1 F","0","0","0%","0%","0","0","0","0","0","0","0","0","0","0","0","0","0","0","0","0","0","0","0","0","0","0","0","0","0","0","0","0","0"
"*05wwd*","Joshua Wilson-Esbrand","MCI","D","821","FA","MCI 2<br/>@FUL 0 F","0","0","0%","0%","0","0","0","0","0","0","0","0","0","0","0","0","0","0","0","0","0","0","0","0","0","0","0","0","0","0","0","0","0"
"*06msb*","Malick Yalcouye","BHA","M","824","FA","BHA 4<br/>@TOT 1 F","0","0","0%","0%","0","0","0","0","0","0","0","0","0","0","0","0","0","0","0","0","0","0","0","0","0","0","0","0","0","0","0","0","0"
"*06q2g*","Dante Cassanova","TOT","D","592","FA","BHA 4<br/>@TOT 1 F","0","0","0%","0%","0","0","0","0","0","0","0","0","0","0","0","0","0","0","0","0","0","0","0","0","0","0","0","0","0","0","0","0","0"
"*06ib6*","Tawanda Chirewa","WOL","M","595","FA","BRF 1<br/>@WOL 1 F","0","0","0%","0%","0","0","0","0","0","0","0","0","0","0","0","0","0","0","0","0","0","0","0","0","0","0","0","0","0","0","0","0","0"
"*06shp*","Landon Emenalo","CHE","D","622","FA","CHE 1<br/>@NOT 0 F","0","0","0%","0%","0","0","0","0","0","0","0","0","0","0","0","0","0","0","0","0","0","0","0","0","0","0","0","0","0","0","0","0","0"
"*062cl*","Issa Kabore","MCI","D","664","FA","MCI 2<br/>@FUL 0 F","0","0","0%","0%","0","0","0","0","0","0","0","0","0","0","0","0","0","0","0","0","0","0","0","0","0","0","0","0","0","0","0","0","0"
"*06roh*","Sekou Kone","MUN","M","679","FA","AVL 0<br/>@MUN 2 F","0","0","0%","0%","0","0","0","0","0","0","0","0","0","0","0","0","0","0","0","0","0","0","0","0","0","0","0","0","0","0","0","0","0"
"*06tf6*","Bendito Mantato","MUN","M","695","FA","AVL 0<br/>@MUN 2 F","0","0","0%","0%","0","0","0","0","0","0","0","0","0","0","0","0","0","0","0","0","0","0","0","0","0","0","0","0","0","0","0","0","0"
"*06mgk*","Jayden Meghoma","SOU/BRF","D","708","FA","BRF 1<br/>@WOL 1 F","0","0","0%","0%","0","0","0","0","0","0","0","0","0","0","0","0","0","0","0","0","0","0","0","0","0","0","0","0","0","0","0","0","0"
"*06phr*","Gustavo Nunes","BRF","F","518","FA","BRF 1<br/>@WOL 1 F","0","0","0%","0%","0","0","0","0","0","0","0","0","0","0","0","0","0","0","0","0","0","0","0","0","0","0","0","0","0","0","0","0","0"
"*06qq8*","Callum Olusesi","TOT","M","748","FA","BHA 4<br/>@TOT 1 F","0","0","0%","0%","0","0","0","0","0","0","0","0","0","0","0","0","0","0","0","0","0","0","0","0","0","0","0","0","0","0","0","0","0"
"*061z5*","Calvin Ramsay","LIV","D","769","FA","CRY 1<br/>@LIV 1 F","0","0","0%","0%","0","0","0","0","0","0","0","0","0","0","0","0","0","0","0","0","0","0","0","0","0","0","0","0","0","0","0","0","0"
"*06r3w*","Remy Rees-Dottin","BOU","F","771","FA","LEI 0<br/>@BOU 2 F","0","0","0%","0%","0","0","0","0","0","0","0","0","0","0","0","0","0","0","0","0","0","0","0","0","0","0","0","0","0","0","0","0","0"
"*0372y*","Matt Targett","NEW","D","515","FA","EVE 1<br/>@NEW 0 F","0","0","0%","0%","0","0","0","0","0","0","0","0","0","0","0","0","0","0","0","0","0","0","0","0","0","0","0","0","0","0","0","0","0"
"*06rrq*","Reggie Walsh","CHE","M","812","FA","CHE 1<br/>@NOT 0 F","0","0","0%","0%","0","0","0","0","0","0","0","0","0","0","0","0","0","0","0","0","0","0","0","0","0","0","0","0","0","0","0","0","0"
"*06l4c*","Ethan Wheatley","MUN","F","814","FA","AVL 0<br/>@MUN 2 F","0","0","0%","0%","0","0","0","0","0","0","0","0","0","0","0","0","0","0","0","0","0","0","0","0","0","0","0","0","0","0","0","0","0"
"*06qwh*","Ben Winterburn","BOU","M","508","FA","LEI 0<br/>@BOU 2 F","0","0","0%","0%","0","0","0","0","0","0","0","0","0","0","0","0","0","0","0","0","0","0","0","0","0","0","0","0","0","0","0","0","0"
"*06mnd*","Eric da Silva Moreira","NOT","F","501","FA","CHE 1<br/>@NOT 0 F","0","0","0%","0%","0","0","0","0","0","0","0","0","0","0","0","0","0","0","0","0","0","0","0","0","0","0","0","0","0","0","0","0","0"
"*067y2*","Daniel Adu-Addei","BOU","M","546","FA","LEI 0<br/>@BOU 2 F","0","0","0%","0%","0","0","0","0","0","0","0","0","0","0","0","0","0","0","0","0","0","0","0","0","0","0","0","0","0","0","0","0","0"
"*04u6i*","Leander Dendoncker","AVL","M","610","FA","AVL 0<br/>@MUN 2 F","0","0","0%","0%","0","0","0","0","0","0","0","0","0","0","0","0","0","0","0","0","0","0","0","0","0","0","0","0","0","0","0","0","0"
"*06441*","Martial Godo","FUL","F","503","FA","MCI 2<br/>@FUL 0 F","0","0","0%","0%","0","0","0","0","0","0","0","0","0","0","0","0","0","0","0","0","0","0","0","0","0","0","0","0","0","0","0","0","0"
"*06fwo*","Enso Gonzalez","WOL","F","635","FA","BRF 1<br/>@WOL 1 F","0","0","0%","0%","0","0","0","0","0","0","0","0","0","0","0","0","0","0","0","0","0","0","0","0","0","0","0","0","0","0","0","0","0"
"*05uhl*","Kaide Gordon","LIV","F","636","FA","CRY 1<br/>@LIV 1 F","0","0","0%","0%","0","0","0","0","0","0","0","0","0","0","0","0","0","0","0","0","0","0","0","0","0","0","0","0","0","0","0","0","0"
"*06492*","Sasa Kalajdzic","WOL","F","666","FA","BRF 1<br/>@WOL 1 F","0","0","0%","0%","0","0","0","0","0","0","0","0","0","0","0","0","0","0","0","0","0","0","0","0","0","0","0","0","0","0","0","0","0"
"*06ils*","Yunus Konak","BRF","M","494","FA","BRF 1<br/>@WOL 1 F","0","0","0%","0%","0","0","0","0","0","0","0","0","0","0","0","0","0","0","0","0","0","0","0","0","0","0","0","0","0","0","0","0","0"
"*06mgn*","Rio Kyerematen","TOT","M","683","FA","BHA 4<br/>@TOT 1 F","0","0","0%","0%","0","0","0","0","0","0","0","0","0","0","0","0","0","0","0","0","0","0","0","0","0","0","0","0","0","0","0","0","0"
"*03pig*","Jamaal Lascelles","NEW","D","687","FA","EVE 1<br/>@NEW 0 F","0","0","0%","0%","0","0","0","0","0","0","0","0","0","0","0","0","0","0","0","0","0","0","0","0","0","0","0","0","0","0","0","0","0"
"*06qwj*","Ezra Mayers","WHU","D","701","FA","WHU 3<br/>@IPS 1 F","0","0","0%","0%","0","0","0","0","0","0","0","0","0","0","0","0","0","0","0","0","0","0","0","0","0","0","0","0","0","0","0","0","0"
"*06rnn*","Sean Neave","NEW","F","731","FA","EVE 1<br/>@NEW 0 F","0","0","0%","0%","0","0","0","0","0","0","0","0","0","0","0","0","0","0","0","0","0","0","0","0","0","0","0","0","0","0","0","0","0"
"*06nk3*","Josh Nichols","ARS","D","735","FA","ARS 2<br/>@SOU 1 F","0","0","0%","0%","0","0","0","0","0","0","0","0","0","0","0","0","0","0","0","0","0","0","0","0","0","0","0","0","0","0","0","0","0"
"*05r93*","Tyler Onyango","EVE","M","750","FA","EVE 1<br/>@NEW 0 F","0","0","0%","0%","0","0","0","0","0","0","0","0","0","0","0","0","0","0","0","0","0","0","0","0","0","0","0","0","0","0","0","0","0"
"*062op*","Omar Richards","NOT","D","772","FA","CHE 1<br/>@NOT 0 F","0","0","0%","0%","0","0","0","0","0","0","0","0","0","0","0","0","0","0","0","0","0","0","0","0","0","0","0","0","0","0","0","0","0"
"*062oi*","Kaden Rodney","CRY","M","775","FA","CRY 1<br/>@LIV 1 F","0","0","0%","0%","0","0","0","0","0","0","0","0","0","0","0","0","0","0","0","0","0","0","0","0","0","0","0","0","0","0","0","0","0"
"*066se*","Charles Sagoe Junior","ARS","F","782","FA","ARS 2<br/>@SOU 1 F","0","0","0%","0%","0","0","0","0","0","0","0","0","0","0","0","0","0","0","0","0","0","0","0","0","0","0","0","0","0","0","0","0","0"
"*06rwp*","Charlie Tasker","BHA","D","801","FA","BHA 4<br/>@TOT 1 F","0","0","0%","0%","0","0","0","0","0","0","0","0","0","0","0","0","0","0","0","0","0","0","0","0","0","0","0","0","0","0","0","0","0"
"*06kwh*","Benjamin Arthur","BRF","D","561","FA","BRF 1<br/>@WOL 1 F","0","0","0%","0%","0","0","0","0","0","0","0","0","0","0","0","0","0","0","0","0","0","0","0","0","0","0","0","0","0","0","0","0","0"
"*06cm7*","Josh Bowler","NOT","M","580","FA","CHE 1<br/>@NOT 0 F","0","0","0%","0%","0","0","0","0","0","0","0","0","0","0","0","0","0","0","0","0","0","0","0","0","0","0","0","0","0","0","0","0","0"
"*05re5*","Carney Chukwuemeka","CHE","M","597","FA","CHE 1<br/>@NOT 0 F","0","0","0%","0%","0","0","0","0","0","0","0","0","0","0","0","0","0","0","0","0","0","0","0","0","0","0","0","0","0","0","0","0","0"
"*048xg*","Josh Dasilva","BRF","M","607","FA","BRF 1<br/>@WOL 1 F","0","0","0%","0%","0","0","0","0","0","0","0","0","0","0","0","0","0","0","0","0","0","0","0","0","0","0","0","0","0","0","0","0","0"
"*05tz8*","Emmanuel Dennis","NOT","F","611","FA","CHE 1<br/>@NOT 0 F","0","0","0%","0%","0","0","0","0","0","0","0","0","0","0","0","0","0","0","0","0","0","0","0","0","0","0","0","0","0","0","0","0","0"
"*05nio*","Alfie Devine","TOT","M","613","FA","BHA 4<br/>@TOT 1 F","0","0","0%","0%","0","0","0","0","0","0","0","0","0","0","0","0","0","0","0","0","0","0","0","0","0","0","0","0","0","0","0","0","0"
"*05uog*","Lewis Dobbin","AVL","F","615","FA","AVL 0<br/>@MUN 2 F","0","0","0%","0%","0","0","0","0","0","0","0","0","0","0","0","0","0","0","0","0","0","0","0","0","0","0","0","0","0","0","0","0","0"
"*062ck*","Malcolm Ebiowei","CRY","F","619","FA","CRY 1<br/>@LIV 1 F","0","0","0%","0%","0","0","0","0","0","0","0","0","0","0","0","0","0","0","0","0","0","0","0","0","0","0","0","0","0","0","0","0","0"
"*06pms*","Ismeal Kabia","ARS","F","663","FA","ARS 2<br/>@SOU 1 F","0","0","0%","0%","0","0","0","0","0","0","0","0","0","0","0","0","0","0","0","0","0","0","0","0","0","0","0","0","0","0","0","0","0"
"*062ft*","Tyrell Malacia","MUN","D","502","FA","AVL 0<br/>@MUN 2 F","0","0","0%","0%","0","0","0","0","0","0","0","0","0","0","0","0","0","0","0","0","0","0","0","0","0","0","0","0","0","0","0","0","0"
"*06do3*","James McConnell","LIV","M","703","FA","CRY 1<br/>@LIV 1 F","0","0","0%","0%","0","0","0","0","0","0","0","0","0","0","0","0","0","0","0","0","0","0","0","0","0","0","0","0","0","0","0","0","0"
"*06roi*","Jack Moorhouse","MUN","M","718","FA","AVL 0<br/>@MUN 2 F","0","0","0%","0%","0","0","0","0","0","0","0","0","0","0","0","0","0","0","0","0","0","0","0","0","0","0","0","0","0","0","0","0","0"
"*05vyh*","Andy Moran","BHA","M","719","FA","BHA 4<br/>@TOT 1 F","0","0","0%","0%","0","0","0","0","0","0","0","0","0","0","0","0","0","0","0","0","0","0","0","0","0","0","0","0","0","0","0","0","0"
"*05nuf*","Myles Peart-Harris","BRF","M","754","FA","BRF 1<br/>@WOL 1 F","0","0","0%","0%","0","0","0","0","0","0","0","0","0","0","0","0","0","0","0","0","0","0","0","0","0","0","0","0","0","0","0","0","0"
"*06prt*","Triston Rowe","AVL","D","778","FA","AVL 0<br/>@MUN 2 F","0","0","0%","0%","0","0","0","0","0","0","0","0","0","0","0","0","0","0","0","0","0","0","0","0","0","0","0","0","0","0","0","0","0"
"*0643v*","Dominic Sadi","BOU","M","781","FA","LEI 0<br/>@BOU 2 F","0","0","0%","0%","0","0","0","0","0","0","0","0","0","0","0","0","0","0","0","0","0","0","0","0","0","0","0","0","0","0","0","0","0"
"*062cj*","Abdallah Sima","BHA","F","791","FA","BHA 4<br/>@TOT 1 F","0","0","0%","0%","0","0","0","0","0","0","0","0","0","0","0","0","0","0","0","0","0","0","0","0","0","0","0","0","0","0","0","0","0"
"*06r5r*","Matai Akinmboni","BOU","D","551","FA","LEI 0<br/>@BOU 2 F","0","0","0%","0%","0","0","0","0","0","0","0","0","0","0","0","0","0","0","0","0","0","0","0","0","0","0","0","0","0","0","0","0","0"
"*06pru*","Aidan Borland","AVL","M","578","FA","AVL 0<br/>@MUN 2 F","0","0","0%","0%","0","0","0","0","0","0","0","0","0","0","0","0","0","0","0","0","0","0","0","0","0","0","0","0","0","0","0","0","0"
"*06pry*","Kaden Braithwaite","MCI","D","582","FA","MCI 2<br/>@FUL 0 F","0","0","0%","0%","0","0","0","0","0","0","0","0","0","0","0","0","0","0","0","0","0","0","0","0","0","0","0","0","0","0","0","0","0"
"*066iy*","Kaelan Casey","WHU","D","527","FA","WHU 3<br/>@IPS 1 F","0","0","0%","0%","0","0","0","0","0","0","0","0","0","0","0","0","0","0","0","0","0","0","0","0","0","0","0","0","0","0","0","0","0"
"*067z4*","David Datro Fofana","CHE","F","628","FA","CHE 1<br/>@NOT 0 F","0","0","0%","0%","0","0","0","0","0","0","0","0","0","0","0","0","0","0","0","0","0","0","0","0","0","0","0","0","0","0","0","0","0"
"*035mq*","Isaac Hayden","NEW","M","644","FA","EVE 1<br/>@NEW 0 F","0","0","0%","0%","0","0","0","0","0","0","0","0","0","0","0","0","0","0","0","0","0","0","0","0","0","0","0","0","0","0","0","0","0"
"*044nm*","Rob Holding","CRY","D","653","FA","CRY 1<br/>@LIV 1 F","0","0","0%","0%","0","0","0","0","0","0","0","0","0","0","0","0","0","0","0","0","0","0","0","0","0","0","0","0","0","0","0","0","0"
"*06rkx*","Joe Knight","BHA","M","676","FA","BHA 4<br/>@TOT 1 F","0","0","0%","0%","0","0","0","0","0","0","0","0","0","0","0","0","0","0","0","0","0","0","0","0","0","0","0","0","0","0","0","0","0"
"*06qx6*","Godwill Kukonki","MUN","D","681","FA","AVL 0<br/>@MUN 2 F","0","0","0%","0%","0","0","0","0","0","0","0","0","0","0","0","0","0","0","0","0","0","0","0","0","0","0","0","0","0","0","0","0","0"
"*04ylt*","Chris Mepham","BOU","D","710","FA","LEI 0<br/>@BOU 2 F","0","0","0%","0%","0","0","0","0","0","0","0","0","0","0","0","0","0","0","0","0","0","0","0","0","0","0","0","0","0","0","0","0","0"
"*06rkq*","Kieran Morrison","LIV","M","721","FA","CRY 1<br/>@LIV 1 F","0","0","0%","0%","0","0","0","0","0","0","0","0","0","0","0","0","0","0","0","0","0","0","0","0","0","0","0","0","0","0","0","0","0"
"*05uhk*","Tyler Morton","LIV","M","722","FA","CRY 1<br/>@LIV 1 F","0","0","0%","0%","0","0","0","0","0","0","0","0","0","0","0","0","0","0","0","0","0","0","0","0","0","0","0","0","0","0","0","0","0"
"*06on6*","Anthony Munda","NEW","M","724","FA","EVE 1<br/>@NEW 0 F","0","0","0%","0%","0","0","0","0","0","0","0","0","0","0","0","0","0","0","0","0","0","0","0","0","0","0","0","0","0","0","0","0","0"
"*06kud*","Amara Nallo","LIV","M","729","FA","CRY 1<br/>@LIV 1 F","0","0","0%","0%","0","0","0","0","0","0","0","0","0","0","0","0","0","0","0","0","0","0","0","0","0","0","0","0","0","0","0","0","0"
"*06awp*","Travis Patterson","AVL","M","753","FA","AVL 0<br/>@MUN 2 F","0","0","0%","0%","0","0","0","0","0","0","0","0","0","0","0","0","0","0","0","0","0","0","0","0","0","0","0","0","0","0","0","0","0"
"*06fwj*","Alfie Pond","WOL","D","763","FA","BRF 1<br/>@WOL 1 F","0","0","0%","0%","0","0","0","0","0","0","0","0","0","0","0","0","0","0","0","0","0","0","0","0","0","0","0","0","0","0","0","0","0"
"*06on5*","Leo Shahar","NEW","D","789","FA","EVE 1<br/>@NEW 0 F","0","0","0%","0%","0","0","0","0","0","0","0","0","0","0","0","0","0","0","0","0","0","0","0","0","0","0","0","0","0","0","0","0","0"
"*06po8*","Martin Sherif","EVE","F","790","FA","EVE 1<br/>@NEW 0 F","0","0","0%","0%","0","0","0","0","0","0","0","0","0","0","0","0","0","0","0","0","0","0","0","0","0","0","0","0","0","0","0","0","0"
"*0643w*","Ryan Trevitt","BRF","M","532","FA","BRF 1<br/>@WOL 1 F","0","0","0%","0%","0","0","0","0","0","0","0","0","0","0","0","0","0","0","0","0","0","0","0","0","0","0","0","0","0","0","0","0","0"
"*06kk4*","Franco Umeh-Chibueze","CRY","F","808","FA","CRY 1<br/>@LIV 1 F","0","0","0%","0%","0","0","0","0","0","0","0","0","0","0","0","0","0","0","0","0","0","0","0","0","0","0","0","0","0","0","0","0","0"
"*05wqy*","Joe White","NEW","M","815","FA","EVE 1<br/>@NEW 0 F","0","0","0%","0%","0","0","0","0","0","0","0","0","0","0","0","0","0","0","0","0","0","0","0","0","0","0","0","0","0","0","0","0","0"
"*066tb*","Kadan Young","AVL","F","827","FA","AVL 0<br/>@MUN 2 F","0","0","0%","0%","0","0","0","0","0","0","0","0","0","0","0","0","0","0","0","0","0","0","0","0","0","0","0","0","0","0","0","0","0"
"*06ewp*","Samuel Amissah","FUL","D","555","FA","MCI 2<br/>@FUL 0 F","0","0","0%","0%","0","0","0","0","0","0","0","0","0","0","0","0","0","0","0","0","0","0","0","0","0","0","0","0","0","0","0","0","0"
"*06prw*","Ben Broggio","AVL","M","584","FA","AVL 0<br/>@MUN 2 F","0","0","0%","0%","0","0","0","0","0","0","0","0","0","0","0","0","0","0","0","0","0","0","0","0","0","0","0","0","0","0","0","0","0"
"*0689t*","Michael Dacosta Gonzalez","BOU","F","605","FA","LEI 0<br/>@BOU 2 F","0","0","0%","0%","0","0","0","0","0","0","0","0","0","0","0","0","0","0","0","0","0","0","0","0","0","0","0","0","0","0","0","0","0"
"*06rnm*","Isaac Heath","EVE","F","646","FA","EVE 1<br/>@NEW 0 F","0","0","0%","0%","0","0","0","0","0","0","0","0","0","0","0","0","0","0","0","0","0","0","0","0","0","0","0","0","0","0","0","0","0"
"*06rkr*","Trent Kone-Doherty","LIV","F","678","FA","CRY 1<br/>@LIV 1 F","0","0","0%","0%","0","0","0","0","0","0","0","0","0","0","0","0","0","0","0","0","0","0","0","0","0","0","0","0","0","0","0","0","0"
"*06nve*","Luke Rawlings","WOL","M","770","FA","BRF 1<br/>@WOL 1 F","0","0","0%","0%","0","0","0","0","0","0","0","0","0","0","0","0","0","0","0","0","0","0","0","0","0","0","0","0","0","0","0","0","0"
"*06nyy*","Junior Robinson","WHU","D","774","FA","WHU 3<br/>@IPS 1 F","0","0","0%","0%","0","0","0","0","0","0","0","0","0","0","0","0","0","0","0","0","0","0","0","0","0","0","0","0","0","0","0","0","0"
"*06s7r*","Freddie Simmonds","BHA","D","792","FA","BHA 4<br/>@TOT 1 F","0","0","0%","0%","0","0","0","0","0","0","0","0","0","0","0","0","0","0","0","0","0","0","0","0","0","0","0","0","0","0","0","0","0"
"*051kg*","Max Aarons","BOU","D","481","FA","LEI 0<br/>@BOU 2 F","0","0","0%","0%","0","0","0","0","0","0","0","0","0","0","0","0","0","0","0","0","0","0","0","0","0","0","0","0","0","0","0","0","0"
"*06q2h*","Damola Ajayi","TOT","F","549","FA","BHA 4<br/>@TOT 1 F","0","0","0%","0%","0","0","0","0","0","0","0","0","0","0","0","0","0","0","0","0","0","0","0","0","0","0","0","0","0","0","0","0","0"
"*02lkt*","Ali Al-Hamadi","IPS","F","505","FA","WHU 3<br/>@IPS 1 F","0","0","0%","0%","1","0","8","0","0","0","1","0","0","0","0","0","0","0","1","0","0","0","0","0","0","0","0","0","0","0","0","0","0"
"*06qlh*","Farid Alfa-Ruprecht","MCI","F","552","FA","MCI 2<br/>@FUL 0 F","0","0","0%","0%","0","0","0","0","0","0","0","0","0","0","0","0","0","0","0","0","0","0","0","0","0","0","0","0","0","0","0","0","0"
"*04yo6*","Miguel Almiron","NEW","M","460","FA","EVE 1<br/>@NEW 0 F","0","0","0%","0%","1","0","1","0","0","0","0","0","0","0","0","0","0","0","0","0","0","0","0","0","0","0","0","0","0","0","0","0","0"
"*05opn*","Carlos Vinicius","FUL","F","506","FA","MCI 2<br/>@FUL 0 F","0","0","0%","0%","0","0","0","0","0","0","0","0","0","0","0","0","0","0","0","0","0","0","0","0","0","0","0","0","0","0","0","0","0"
"*05ye6*","Will Alves","LEI","M","554","FA","LEI 0<br/>@BOU 2 F","0","0","0%","0%","0","0","0","0","0","0","0","0","0","0","0","0","0","0","0","0","0","0","0","0","0","0","0","0","0","0","0","0","0"
"*06byb*","Samuel Amo-Ameyaw","SOU","F","533","FA","ARS 2<br/>@SOU 1 F","0","0","0%","0%","0","0","0","0","0","0","0","0","0","0","0","0","0","0","0","0","0","0","0","0","0","0","0","0","0","0","0","0","0"
"*06rmi*","Mathis Amougou","CHE","M","835","FA","CHE 1<br/>@NOT 0 F","0","0","0%","0%","0","0","0","0","0","0","0","0","0","0","0","0","0","0","0","0","0","0","0","0","0","0","0","0","0","0","0","0","0"
"*06qzj*","Ato Ampah","CHE","M","556","FA","CHE 1<br/>@NOT 0 F","0","0","0%","0%","0","0","0","0","0","0","0","0","0","0","0","0","0","0","0","0","0","0","0","0","0","0","0","0","0","0","0","0","0"
"*059j0*","Faustino Anjorin","CHE","M","557","FA","CHE 1<br/>@NOT 0 F","0","0","0%","0%","0","0","0","0","0","0","0","0","0","0","0","0","0","0","0","0","0","0","0","0","0","0","0","0","0","0","0","0","0"
"*06rrg*","Genesis Antwi","CHE","D","560","FA","CHE 1<br/>@NOT 0 F","0","0","0%","0%","0","0","0","0","0","0","0","0","0","0","0","0","0","0","0","0","0","0","0","0","0","0","0","0","0","0","0","0","0"
"*04qfy*","Ricardo Pereira","LEI","D","420","FA","LEI 0<br/>@BOU 2 F","0","0","0%","0%","0","0","0","0","0","0","0","0","0","0","0","0","0","0","0","0","0","0","0","0","0","0","0","0","0","0","0","0","0"
"*06j20*","Valentin Barco","BHA","D","566","FA","BHA 4<br/>@TOT 1 F","0","0","0%","0%","0","0","0","0","0","0","0","0","0","0","0","0","0","0","0","0","0","0","0","0","0","0","0","0","0","0","0","0","0"
"*06mna*","Enzo Barrenechea","AVL","M","568","FA","AVL 0<br/>@MUN 2 F","0","0","0%","0%","0","0","0","0","0","0","0","0","0","0","0","0","0","0","0","0","0","0","0","0","0","0","0","0","0","0","0","0","0"
"*06qqm*","Callum Bates","EVE","M","569","FA","EVE 1<br/>@NEW 0 F","0","0","0%","0%","0","0","0","0","0","0","0","0","0","0","0","0","0","0","0","0","0","0","0","0","0","0","0","0","0","0","0","0","0"
"*0620j*","Armel Bella Kotchap","SOU","D","483","FA","ARS 2<br/>@SOU 1 F","0","0","0%","0%","0","0","0","0","0","0","0","0","0","0","0","0","0","0","0","0","0","0","0","0","0","0","0","0","0","0","0","0","0"
"*037mo*","Willian","FUL","F","436","FA","MCI 2<br/>@FUL 0 F","0","0","0%","0%","0","0","0","0","0","0","0","0","0","0","0","0","0","0","0","0","0","0","0","0","0","0","0","0","0","0","0","0","0"
"*06dmk*","Angelo","CHE","F","577","FA","CHE 1<br/>@NOT 0 F","0","0","0%","0%","0","0","0","0","0","0","0","0","0","0","0","0","0","0","0","0","0","0","0","0","0","0","0","0","0","0","0","0","0"
"*067xc*","Carlos Borges","MCI/WOL","F","462","FA","BRF 1<br/>@WOL 1 F","0","0","0%","0%","0","0","0","0","0","0","0","0","0","0","0","0","0","0","0","0","0","0","0","0","0","0","0","0","0","0","0","0","0"
"*0522a*","James Bree","SOU","D","361","FA","ARS 2<br/>@SOU 1 F","0","0","0%","0%","0","0","0","0","0","0","0","0","0","0","0","0","0","0","0","0","0","0","0","0","0","0","0","0","0","0","0","0","0"
"*04mdj*","Nathan Broadhead","IPS","F","339","FA","WHU 3<br/>@IPS 1 F","0","0","0%","0%","0","0","0","0","0","0","0","0","0","0","0","0","0","0","0","0","0","0","0","0","0","0","0","0","0","0","0","0","0"
"*06mfz*","Cameron Burgess","IPS","D","257","FA","WHU 3<br/>@IPS 1 F","0","0","0%","0%","0","0","0","0","0","0","0","0","0","0","0","0","0","0","0","0","0","0","0","0","0","0","0","0","0","0","0","0","0"
"*06mg6*","Wes Burns","IPS","F","341","FA","WHU 3<br/>@IPS 1 F","0","0","0%","0%","0","0","0","0","0","0","0","0","0","0","0","0","0","0","0","0","0","0","0","0","0","0","0","0","0","0","0","0","0"
"*066sc*","Nathan Butler-Oyedeji","ARS","M","519","FA","ARS 2<br/>@SOU 1 F","0","0","0%","0%","0","0","0","0","0","0","0","0","0","0","0","0","0","0","0","0","0","0","0","0","0","0","0","0","0","0","0","0","0"
"*05a6j*","Chem Campbell","WOL","M","588","FA","BRF 1<br/>@WOL 1 F","0","0","0%","0%","0","0","0","0","0","0","0","0","0","0","0","0","0","0","0","0","0","0","0","0","0","0","0","0","0","0","0","0","0"
"*0641g*","Cesare Casadei","CHE","M","591","FA","CHE 1<br/>@NOT 0 F","0","0","0%","0%","0","0","0","0","0","0","0","0","0","0","0","0","0","0","0","0","0","0","0","0","0","0","0","0","0","0","0","0","0"
"*06rlf*","Eiran Cashin","BHA","M","524","FA","BHA 4<br/>@TOT 1 F","0","0","0%","0%","0","0","0","0","0","0","0","0","0","0","0","0","0","0","0","0","0","0","0","0","0","0","0","0","0","0","0","0","0"
"*05gcq*","Daniel Podence","WOL","M","513","FA","BRF 1<br/>@WOL 1 F","0","0","0%","0%","0","0","0","0","0","0","0","0","0","0","0","0","0","0","0","0","0","0","0","0","0","0","0","0","0","0","0","0","0"
"*0570n*","Joao Cancelo","MCI","D","593","FA","MCI 2<br/>@FUL 0 F","0","0","0%","0%","0","0","0","0","0","0","0","0","0","0","0","0","0","0","0","0","0","0","0","0","0","0","0","0","0","0","0","0","0"
"*06mg7*","Conor Chaplin","IPS","F","366","FA","WHU 3<br/>@IPS 1 F","0","0","0%","0%","1","0","1","0","0","0","0","0","0","0","0","0","0","0","0","0","0","0","0","0","0","0","0","0","0","0","0","0","0"
"*05uhq*","Shea Charles","SOU","M","594","FA","ARS 2<br/>@SOU 1 F","0","0","0%","0%","0","0","0","0","0","0","0","0","0","0","0","0","0","0","0","0","0","0","0","0","0","0","0","0","0","0","0","0","0"
"*06kwf*","Leon Chiwome","WOL","F","596","FA","BRF 1<br/>@WOL 1 F","0","0","0%","0%","0","0","0","0","0","0","0","0","0","0","0","0","0","0","0","0","0","0","0","0","0","0","0","0","0","0","0","0","0"
"*04lax*","Hamza Choudhury","LEI","M","451","FA","LEI 0<br/>@BOU 2 F","0","0","0%","0%","0","0","0","0","0","0","0","0","0","0","0","0","0","0","0","0","0","0","0","0","0","0","0","0","0","0","0","0","0"
"*05ubt*","Harry Clarke","IPS","D","496","FA","WHU 3<br/>@IPS 1 F","0","0","0%","0%","0","0","0","0","0","0","0","0","0","0","0","0","0","0","0","0","0","0","0","0","0","0","0","0","0","0","0","0","0"
"*05244*","Jack Clarke","TOT/IPS","F","235","FA","WHU 3<br/>@IPS 1 F","0","0","0%","0%","1","0","8","0","0","0","0","0","0","0","0","0","0","0","0","0","0","0","0","0","0","0","0","0","0","0","0","0","0"
"*02ljr*","Conor Coady","LEI","D","353","FA","LEI 0<br/>@BOU 2 F","0","0","0%","0%","0","0","0","0","0","0","0","0","0","0","0","0","0","0","0","0","0","0","0","0","0","0","0","0","0","0","0","0","0"
"*06r8v*","Woyo Coulibaly","LEI","D","485","FA","LEI 0<br/>@BOU 2 F","0","0","0%","0%","0","0","0","0","0","0","0","0","0","0","0","0","0","0","0","0","0","0","0","0","0","0","0","0","0","0","0","0","0"
"*062om*","Brandon Cover","LEI","M","599","FA","LEI 0<br/>@BOU 2 F","0","0","0%","0%","0","0","0","0","0","0","0","0","0","0","0","0","0","0","0","0","0","0","0","0","0","0","0","0","0","0","0","0","0"
"*064oo*","Amario Cozier-Duberry","BHA","M","601","FA","BHA 4<br/>@TOT 1 F","0","0","0%","0%","0","0","0","0","0","0","0","0","0","0","0","0","0","0","0","0","0","0","0","0","0","0","0","0","0","0","0","0","0"
"*03ena*","Aaron Cresswell","WHU","D","335","FA","WHU 3<br/>@IPS 1 F","0","0","0%","0%","0","0","0","0","0","0","0","0","0","0","0","0","0","0","0","0","0","0","0","0","0","0","0","0","0","0","0","0","0"
"*052k1*","Luke Cundle","WOL","M","603","FA","BRF 1<br/>@WOL 1 F","0","0","0%","0%","0","0","0","0","0","0","0","0","0","0","0","0","0","0","0","0","0","0","0","0","0","0","0","0","0","0","0","0","0"
"*06clv*","Mahmoud Dahoud","BHA","M","606","FA","BHA 4<br/>@TOT 1 F","0","0","0%","0%","0","0","0","0","0","0","0","0","0","0","0","0","0","0","0","0","0","0","0","0","0","0","0","0","0","0","0","0","0"
"*05u4m*","Patson Daka","LEI","F","396","FA","LEI 0<br/>@BOU 2 F","0","0","0%","0%","0","0","0","0","0","0","0","0","0","0","0","0","0","0","0","0","0","0","0","0","0","0","0","0","0","0","0","0","0"
"*04rd0*","Bobby De Cordova-Reid","LEI","F","381","FA","LEI 0<br/>@BOU 2 F","0","0","0%","0%","1","0","1","0","0","0","0","0","0","0","0","0","0","0","0","0","0","0","0","0","0","0","0","0","0","0","0","0","0"
"*06ewn*","Luc De Fougerolles","FUL","D","609","FA","MCI 2<br/>@FUL 0 F","0","0","0%","0%","0","0","0","0","0","0","0","0","0","0","0","0","0","0","0","0","0","0","0","0","0","0","0","0","0","0","0","0","0"
"*06onu*","Roman Dixon","EVE","D","520","FA","EVE 1<br/>@NEW 0 F","0","0","0%","0%","0","0","0","0","0","0","0","0","0","0","0","0","0","0","0","0","0","0","0","0","0","0","0","0","0","0","0","0","0"
"*06rm9*","Nasser Djiga","WOL","D","512","FA","BRF 1<br/>@WOL 1 F","0","0","0%","0%","0","0","0","0","0","0","0","0","0","0","0","0","0","0","0","0","0","0","0","0","0","0","0","0","0","0","0","0","0"
"*066sz*","Alfie Dorrington","TOT","D","535","FA","BHA 4<br/>@TOT 1 F","0","0","0%","0%","0","0","0","0","0","0","0","0","0","0","0","0","0","0","0","0","0","0","0","0","0","0","0","0","0","0","0","0","0"
"*06l4j*","Kiano Dyer","CHE","M","617","FA","CHE 1<br/>@NOT 0 F","0","0","0%","0%","0","0","0","0","0","0","0","0","0","0","0","0","0","0","0","0","0","0","0","0","0","0","0","0","0","0","0","0","0"
"*06mfx*","George Edmundson","IPS","D","620","FA","WHU 3<br/>@IPS 1 F","0","0","0%","0%","0","0","0","0","0","0","0","0","0","0","0","0","0","0","0","0","0","0","0","0","0","0","0","0","0","0","0","0","0"
"*05uhw*","Samuel Edozie","SOU","M","499","FA","ARS 2<br/>@SOU 1 F","0","0","0%","0%","0","0","0","0","0","0","0","0","0","0","0","0","0","0","0","0","0","0","0","0","0","0","0","0","0","0","0","0","0"
"*06mp2*","Ronnie Edwards","SOU","D","534","FA","ARS 2<br/>@SOU 1 F","0","0","0%","0%","0","0","0","0","0","0","0","0","0","0","0","0","0","0","0","0","0","0","0","0","0","0","0","0","0","0","0","0","0"
"*037wp*","Christian Eriksen","MUN","M","266","FA","AVL 0<br/>@MUN 2 F","0","0","0%","0%","1","0","3","0","0","0","0","0","0","0","0","0","0","0","0","0","0","0","0","0","0","0","0","0","0","0","0","0","0"
"*06s7u*","Jake Evans","LEI","F","538","FA","LEI 0<br/>@BOU 2 F","0","0","0%","0%","0","0","0","0","0","0","0","0","0","0","0","0","0","0","0","0","0","0","0","0","0","0","0","0","0","0","0","0","0"
"*02ln2*","Jonny Evans","MUN","D","395","FA","AVL 0<br/>@MUN 2 F","0","0","0%","0%","0","0","0","0","0","0","0","0","0","0","0","0","0","0","0","0","0","0","0","0","0","0","0","0","0","0","0","0","0"
"*06qli*","Jayce Fitzgerald","MUN","M","625","FA","AVL 0<br/>@MUN 2 F","0","0","0%","0%","0","0","0","0","0","0","0","0","0","0","0","0","0","0","0","0","0","0","0","0","0","0","0","0","0","0","0","0","0"
"*066j7*","Nathan Fraser","WOL","F","630","FA","BRF 1<br/>@WOL 1 F","0","0","0%","0%","0","0","0","0","0","0","0","0","0","0","0","0","0","0","0","0","0","0","0","0","0","0","0","0","0","0","0","0","0"
"*03r8r*","Ryan Fraser","NEW/SOU","M","482","FA","ARS 2<br/>@SOU 1 F","0","0","0%","0%","0","0","0","0","0","0","0","0","0","0","0","0","0","0","0","0","0","0","0","0","0","0","0","0","0","0","0","0","0"
"*04s8k*","Jorginho","ARS","M","444","FA","ARS 2<br/>@SOU 1 F","0","0","0%","0%","0","0","0","0","0","0","0","0","0","0","0","0","0","0","0","0","0","0","0","0","0","0","0","0","0","0","0","0","0"
"*052cc*","Billy Gilmour","BHA","M","495","FA","BHA 4<br/>@TOT 1 F","0","0","0%","0%","0","0","0","0","0","0","0","0","0","0","0","0","0","0","0","0","0","0","0","0","0","0","0","0","0","0","0","0","0"
"*051ki*","Ben Godfrey","EVE/IPS","D","841","FA","WHU 3<br/>@IPS 1 F","0","0","0%","0%","0","0","0","0","0","0","0","0","0","0","0","0","0","0","0","0","0","0","0","0","0","0","0","0","0","0","0","0","0"
"*06igr*","Michael Golding","LEI","M","543","FA","LEI 0<br/>@BOU 2 F","0","0","0%","0%","0","0","0","0","0","0","0","0","0","0","0","0","0","0","0","0","0","0","0","0","0","0","0","0","0","0","0","0","0"
"*066rn*","Daniel Gore","MUN","M","637","FA","AVL 0<br/>@MUN 2 F","0","0","0%","0%","0","0","0","0","0","0","0","0","0","0","0","0","0","0","0","0","0","0","0","0","0","0","0","0","0","0","0","0","0"
"*06nk5*","Jimi Gower","ARS","M","638","FA","ARS 2<br/>@SOU 1 F","0","0","0%","0%","0","0","0","0","0","0","0","0","0","0","0","0","0","0","0","0","0","0","0","0","0","0","0","0","0","0","0","0","0"
"*06ra5*","Albert Gronbaek","SOU","M","507","FA","ARS 2<br/>@SOU 1 F","0","0","0%","0%","0","0","0","0","0","0","0","0","0","0","0","0","0","0","0","0","0","0","0","0","0","0","0","0","0","0","0","0","0"
"*06mg1*","Marcus Harness","IPS","M","528","FA","WHU 3<br/>@IPS 1 F","0","0","0%","0%","0","0","0","0","0","0","0","0","0","0","0","0","0","0","0","0","0","0","0","0","0","0","0","0","0","0","0","0","0"
"*04qr4*","Kortney Hause","AVL","D","643","FA","AVL 0<br/>@MUN 2 F","0","0","0%","0%","0","0","0","0","0","0","0","0","0","0","0","0","0","0","0","0","0","0","0","0","0","0","0","0","0","0","0","0","0"
"*05m47*","George Hirst","IPS","F","342","FA","WHU 3<br/>@IPS 1 F","0","0","0%","0%","0","0","0","0","0","0","0","0","0","0","0","0","0","0","0","0","0","0","0","0","0","0","0","0","0","0","0","0","0"
"*03v6s*","Mason Holgate","EVE","D","654","FA","EVE 1<br/>@NEW 0 F","0","0","0%","0%","0","0","0","0","0","0","0","0","0","0","0","0","0","0","0","0","0","0","0","0","0","0","0","0","0","0","0","0","0"
"*03dxq*","Danny Ings","WHU","F","367","FA","WHU 3<br/>@IPS 1 F","0","0","0%","0%","0","0","0","0","0","0","0","0","0","0","0","0","0","0","0","0","0","0","0","0","0","0","0","0","0","0","0","0","0"
"*05s00*","Daniel Jebbison","BOU","F","426","FA","LEI 0<br/>@BOU 2 F","0","0","0%","0%","0","0","0","0","0","0","0","0","0","0","0","0","0","0","0","0","0","0","0","0","0","0","0","0","0","0","0","0","0"
"*04mcg*","Ben Johnson","IPS","D","319","FA","WHU 3<br/>@IPS 1 F","0","0","0%","0%","0","0","0","0","0","0","0","0","0","0","0","0","0","0","0","0","0","0","0","0","0","0","0","0","0","0","0","0","0"
"*06pmr*","Maldini Kacurri","ARS","D","665","FA","ARS 2<br/>@SOU 1 F","0","0","0%","0%","0","0","0","0","0","0","0","0","0","0","0","0","0","0","0","0","0","0","0","0","0","0","0","0","0","0","0","0","0"
"*06s7v*","Jaydan Kamason","MUN","D","667","FA","AVL 0<br/>@MUN 2 F","0","0","0%","0%","0","0","0","0","0","0","0","0","0","0","0","0","0","0","0","0","0","0","0","0","0","0","0","0","0","0","0","0","0"
"*06pwo*","Thierry Katsukunya","AVL","D","669","FA","AVL 0<br/>@MUN 2 F","0","0","0%","0%","0","0","0","0","0","0","0","0","0","0","0","0","0","0","0","0","0","0","0","0","0","0","0","0","0","0","0","0","0"
"*06r7j*","Joachim Kayi-Sanda","SOU","D","510","FA","ARS 2<br/>@SOU 1 F","0","0","0%","0%","0","0","0","0","0","0","0","0","0","0","0","0","0","0","0","0","0","0","0","0","0","0","0","0","0","0","0","0","0"
"*06nyz*","Patrick Kelly","WHU","M","670","FA","WHU 3<br/>@IPS 1 F","0","0","0%","0%","0","0","0","0","0","0","0","0","0","0","0","0","0","0","0","0","0","0","0","0","0","0","0","0","0","0","0","0","0"
"*06dpw*","Ji-Soo Kim","BRF","D","539","FA","BRF 1<br/>@WOL 1 F","0","0","0%","0%","0","0","0","0","0","0","0","0","0","0","0","0","0","0","0","0","0","0","0","0","0","0","0","0","0","0","0","0","0"
"*06nz0*","Gideon Kodua","WHU","F","677","FA","WHU 3<br/>@IPS 1 F","0","0","0%","0%","0","0","0","0","0","0","0","0","0","0","0","0","0","0","0","0","0","0","0","0","0","0","0","0","0","0","0","0","0"
"*067yw*","Garang Kuol","NEW","F","682","FA","EVE 1<br/>@NEW 0 F","0","0","0%","0%","0","0","0","0","0","0","0","0","0","0","0","0","0","0","0","0","0","0","0","0","0","0","0","0","0","0","0","0","0"
"*064a2*","Juan Larios","SOU","D","686","FA","ARS 2<br/>@SOU 1 F","0","0","0%","0%","0","0","0","0","0","0","0","0","0","0","0","0","0","0","0","0","0","0","0","0","0","0","0","0","0","0","0","0","0"
"*051kd*","Jamal Lewis","NEW","D","690","FA","EVE 1<br/>@NEW 0 F","0","0","0%","0%","0","0","0","0","0","0","0","0","0","0","0","0","0","0","0","0","0","0","0","0","0","0","0","0","0","0","0","0","0"
"*06nl5*","Jesper Lindstrom","EVE","M","247","FA","EVE 1<br/>@NEW 0 F","0","0","0%","0%","0","0","0","0","0","0","0","0","0","0","0","0","0","0","0","0","0","0","0","0","0","0","0","0","0","0","0","0","0"
"*0574a*","Giovani Lo Celso","TOT","M","692","FA","BHA 4<br/>@TOT 1 F","0","0","0%","0%","0","0","0","0","0","0","0","0","0","0","0","0","0","0","0","0","0","0","0","0","0","0","0","0","0","0","0","0","0"
"*02m7x*","Romelu Lukaku","CHE","F","693","FA","CHE 1<br/>@NOT 0 F","0","0","0%","0%","0","0","0","0","0","0","0","0","0","0","0","0","0","0","0","0","0","0","0","0","0","0","0","0","0","0","0","0","0"
"*02lot*","Massimo Luongo","IPS","M","466","FA","WHU 3<br/>@IPS 1 F","0","0","0%","0%","0","0","0","0","0","0","0","0","0","0","0","0","0","0","0","0","0","0","0","0","0","0","0","0","0","0","0","0","0"
"*05yf0*","Isaac Mabaya","LIV","M","694","FA","CRY 1<br/>@LIV 1 F","0","0","0%","0%","0","0","0","0","0","0","0","0","0","0","0","0","0","0","0","0","0","0","0","0","0","0","0","0","0","0","0","0","0"
"*0637b*","Orel Mangala","NOT/EVE","M","287","FA","EVE 1<br/>@NEW 0 F","0","0","0%","0%","0","0","0","0","0","0","0","0","0","0","0","0","0","0","0","0","0","0","0","0","0","0","0","0","0","0","0","0","0"
"*06mgj*","Ryan Manning","SOU","D","218","FA","ARS 2<br/>@SOU 1 F","0","0","0%","0%","0","0","0","0","0","0","0","0","0","0","0","0","0","0","0","0","0","0","0","0","0","0","0","0","0","0","0","0","0"
"*0632a*","Sekou Mara","SOU","F","696","FA","ARS 2<br/>@SOU 1 F","0","0","0%","0%","0","0","0","0","0","0","0","0","0","0","0","0","0","0","0","0","0","0","0","0","0","0","0","0","0","0","0","0","0"
"*056mf*","Neal Maupay","EVE","F","700","FA","EVE 1<br/>@NEW 0 F","0","0","0%","0%","0","0","0","0","0","0","0","0","0","0","0","0","0","0","0","0","0","0","0","0","0","0","0","0","0","0","0","0","0"
"*03pih*","Kevin Mbabu","FUL","D","702","FA","MCI 2<br/>@FUL 0 F","0","0","0%","0%","0","0","0","0","0","0","0","0","0","0","0","0","0","0","0","0","0","0","0","0","0","0","0","0","0","0","0","0","0"
"*05y55*","Kasey McAteer","LEI","M","310","Will","LEI 0<br/>@BOU 2 F","0","0","0%","0%","1","0","1","0","0","0","0","0","0","0","0","0","0","0","0","0","0","0","0","0","0","0","0","0","0","0","0","0","0"
"*06qvo*","Ruairi McConville","BHA","D","704","FA","BHA 4<br/>@TOT 1 F","0","0","0%","0%","0","0","0","0","0","0","0","0","0","0","0","0","0","0","0","0","0","0","0","0","0","0","0","0","0","0","0","0","0"
"*04civ*","Scott McTominay","MUN","M","541","FA","AVL 0<br/>@MUN 2 F","0","0","0%","0%","0","0","0","0","0","0","0","0","0","0","0","0","0","0","0","0","0","0","0","0","0","0","0","0","0","0","0","0","0"
"*03dx7*","Ben Mee","BRF","D","459","FA","BRF 1<br/>@WOL 1 F","0","0","0%","0%","0","0","0","0","0","0","0","0","0","0","0","0","0","0","0","0","0","0","0","0","0","0","0","0","0","0","0","0","0"
"*06idw*","Jenson Metcalfe","EVE","M","712","FA","EVE 1<br/>@NEW 0 F","0","0","0%","0%","0","0","0","0","0","0","0","0","0","0","0","0","0","0","0","0","0","0","0","0","0","0","0","0","0","0","0","0","0"
"*06phx*","Bastien Meupiyou","WOL","D","713","FA","BRF 1<br/>@WOL 1 F","0","0","0%","0%","0","0","0","0","0","0","0","0","0","0","0","0","0","0","0","0","0","0","0","0","0","0","0","0","0","0","0","0","0"
"*05r37*","Jakub Moder","BHA","M","488","FA","BHA 4<br/>@TOT 1 F","0","0","0%","0%","0","0","0","0","0","0","0","0","0","0","0","0","0","0","0","0","0","0","0","0","0","0","0","0","0","0","0","0","0"
"*06rmv*","Jeremy Monga","LEI","M","476","FA","LEI 0<br/>@BOU 2 F","0","0","0%","0%","0","0","0","0","0","0","0","0","0","0","0","0","0","0","0","0","0","0","0","0","0","0","0","0","0","0","0","0","0"
"*0645x*","Divin Mubama","WHU/MCI","F","838","FA","MCI 2<br/>@FUL 0 F","0","0","0%","0%","0","0","0","0","0","0","0","0","0","0","0","0","0","0","0","0","0","0","0","0","0","0","0","0","0","0","0","0","0"
"*06kuc*","Harrison Murray-Campbell","CHE","D","727","FA","CHE 1<br/>@NOT 0 F","0","0","0%","0%","0","0","0","0","0","0","0","0","0","0","0","0","0","0","0","0","0","0","0","0","0","0","0","0","0","0","0","0","0"
"*06nby*","Joel Ndala","MCI/NOT","F","730","FA","CHE 1<br/>@NOT 0 F","0","0","0%","0%","0","0","0","0","0","0","0","0","0","0","0","0","0","0","0","0","0","0","0","0","0","0","0","0","0","0","0","0","0"
"*04mlb*","Lewis O'Brien","NOT","M","739","FA","CHE 1<br/>@NOT 0 F","0","0","0%","0%","0","0","0","0","0","0","0","0","0","0","0","0","0","0","0","0","0","0","0","0","0","0","0","0","0","0","0","0","0"
"*06hzf*","Mark O'Mahony","BHA","F","741","FA","BHA 4<br/>@TOT 1 F","0","0","0%","0%","0","0","0","0","0","0","0","0","0","0","0","0","0","0","0","0","0","0","0","0","0","0","0","0","0","0","0","0","0"
"*04gpx*","Dara O'Shea","BUR/IPS","D","122","TRB","WHU 3<br/>@IPS 1 F","0","0","0%","0%","0","0","0","0","0","0","0","0","0","0","0","0","0","0","0","0","0","0","0","0","0","0","0","0","0","0","0","0","0"
"*05vyg*","Odeluga Offiah","BHA","D","742","FA","BHA 4<br/>@TOT 1 F","0","0","0%","0%","0","0","0","0","0","0","0","0","0","0","0","0","0","0","0","0","0","0","0","0","0","0","0","0","0","0","0","0","0"
"*06kue*","Habeeb Ogunneye","MUN","D","743","FA","AVL 0<br/>@MUN 2 F","0","0","0%","0%","0","0","0","0","0","0","0","0","0","0","0","0","0","0","0","0","0","0","0","0","0","0","0","0","0","0","0","0","0"
"*06kum*","Wesley Okoduwa","WOL","D","744","FA","BRF 1<br/>@WOL 1 F","0","0","0%","0%","0","0","0","0","0","0","0","0","0","0","0","0","0","0","0","0","0","0","0","0","0","0","0","0","0","0","0","0","0"
"*06avl*","Michael Olakigbe","BRF","M","745","FA","BRF 1<br/>@WOL 1 F","0","0","0%","0%","0","0","0","0","0","0","0","0","0","0","0","0","0","0","0","0","0","0","0","0","0","0","0","0","0","0","0","0","0"
"*06qzh*","Richard Olise","CHE","D","746","FA","CHE 1<br/>@NOT 0 F","0","0","0%","0%","0","0","0","0","0","0","0","0","0","0","0","0","0","0","0","0","0","0","0","0","0","0","0","0","0","0","0","0","0"
"*061xr*","Marquinhos","ARS","F","747","FA","ARS 2<br/>@SOU 1 F","0","0","0%","0%","0","0","0","0","0","0","0","0","0","0","0","0","0","0","0","0","0","0","0","0","0","0","0","0","0","0","0","0","0"
"*05trt*","Andrew Omobamidele","NOT","D","749","FA","CHE 1<br/>@NOT 0 F","0","0","0%","0%","0","0","0","0","0","0","0","0","0","0","0","0","0","0","0","0","0","0","0","0","0","0","0","0","0","0","0","0","0"
"*068yp*","Paul Onuachu","SOU","F","255","FA","ARS 2<br/>@SOU 1 F","0","0","0%","0%","0","0","0","0","0","0","0","0","0","0","0","0","0","0","0","0","0","0","0","0","0","0","0","0","0","0","0","0","0"
"*05ou8*","Facundo Pellistri","MUN","M","755","FA","AVL 0<br/>@MUN 2 F","0","0","0%","0%","0","0","0","0","0","0","0","0","0","0","0","0","0","0","0","0","0","0","0","0","0","0","0","0","0","0","0","0","0"
"*068sf*","Maximo Perrone","MCI","M","756","FA","MCI 2<br/>@FUL 0 F","0","0","0%","0%","0","0","0","0","0","0","0","0","0","0","0","0","0","0","0","0","0","0","0","0","0","0","0","0","0","0","0","0","0"
"*06451*","Cameron Peupion","BHA","M","759","FA","BHA 4<br/>@TOT 1 F","0","0","0%","0%","0","0","0","0","0","0","0","0","0","0","0","0","0","0","0","0","0","0","0","0","0","0","0","0","0","0","0","0","0"
"*06exk*","Ashley Phillips","TOT","D","760","FA","BHA 4<br/>@TOT 1 F","0","0","0%","0%","0","0","0","0","0","0","0","0","0","0","0","0","0","0","0","0","0","0","0","0","0","0","0","0","0","0","0","0","0"
"*04rxe*","Nathaniel Phillips","LIV","D","761","FA","CRY 1<br/>@LIV 1 F","0","0","0%","0%","0","0","0","0","0","0","0","0","0","0","0","0","0","0","0","0","0","0","0","0","0","0","0","0","0","0","0","0","0"
"*05rff*","Jaden Philogene-Bidace","AVL/IPS","F","331","FA","WHU 3<br/>@IPS 1 F","0","0","0%","0%","0","0","0","0","0","0","0","0","0","0","0","0","0","0","0","0","0","0","0","0","0","0","0","0","0","0","0","0","0"
"*05ylz*","Luke Plange","CRY","F","762","FA","CRY 1<br/>@LIV 1 F","0","0","0%","0%","0","0","0","0","0","0","0","0","0","0","0","0","0","0","0","0","0","0","0","0","0","0","0","0","0","0","0","0","0"
"*05y7i*","Jarell Quansah","LIV","D","416","FA","CRY 1<br/>@LIV 1 F","0","0","0%","0%","0","0","0","0","0","0","0","0","0","0","0","0","0","0","0","0","0","0","0","0","0","0","0","0","0","0","0","0","0"
"*06qgm*","Samuel Rak-Sakyi","CHE","M","768","FA","CHE 1<br/>@NOT 0 F","0","0","0%","0%","0","0","0","0","0","0","0","0","0","0","0","0","0","0","0","0","0","0","0","0","0","0","0","0","0","0","0","0","0"
"*05ohc*","Sergio Reguilon","TOT","D","449","FA","BHA 4<br/>@TOT 1 F","0","0","0%","0%","0","0","0","0","0","0","0","0","0","0","0","0","0","0","0","0","0","0","0","0","0","0","0","0","0","0","0","0","0"
"*06phn*","Jay Robinson","SOU","D","467","FA","ARS 2<br/>@SOU 1 F","0","0","0%","0%","0","0","0","0","0","0","0","0","0","0","0","0","0","0","0","0","0","0","0","0","0","0","0","0","0","0","0","0","0"
"*066nh*","Ishe Samuels-Smith","CHE","D","784","FA","CHE 1<br/>@NOT 0 F","0","0","0%","0%","0","0","0","0","0","0","0","0","0","0","0","0","0","0","0","0","0","0","0","0","0","0","0","0","0","0","0","0","0"
"*061v9*","Diego Carlos","AVL","D","412","FA","AVL 0<br/>@MUN 2 F","0","0","0%","0%","0","0","0","0","0","0","0","0","0","0","0","0","0","0","0","0","0","0","0","0","0","0","0","0","0","0","0","0","0"
"*06r5c*","Welington Damascena Santos","SOU","D","391","FA","ARS 2<br/>@SOU 1 F","0","0","0%","0%","0","0","0","0","0","0","0","0","0","0","0","0","0","0","0","0","0","0","0","0","0","0","0","0","0","0","0","0","0"
"*06nv6*","Trevan Sanusi","NEW","F","785","FA","EVE 1<br/>@NEW 0 F","0","0","0%","0%","0","0","0","0","0","0","0","0","0","0","0","0","0","0","0","0","0","0","0","0","0","0","0","0","0","0","0","0","0"
"*068a7*","Pablo Sarabia","WOL","M","277","FA","BRF 1<br/>@WOL 1 F","0","0","0%","0%","0","0","0","0","0","0","0","0","0","0","0","0","0","0","0","0","0","0","0","0","0","0","0","0","0","0","0","0","0"
"*06muk*","James Scanlon","MUN","M","787","FA","AVL 0<br/>@MUN 2 F","0","0","0%","0%","0","0","0","0","0","0","0","0","0","0","0","0","0","0","0","0","0","0","0","0","0","0","0","0","0","0","0","0","0"
"*03dyl*","Jeffrey Schlupp","CRY","M","465","FA","CRY 1<br/>@LIV 1 F","0","0","0%","0%","1","0","1","0","0","0","0","0","0","0","0","0","0","0","0","0","0","0","0","0","0","0","0","0","0","0","0","0","0"
"*06r9g*","Zain Silcott-Duberry","BOU","F","530","FA","LEI 0<br/>@BOU 2 F","0","0","0%","0%","0","0","0","0","0","0","0","0","0","0","0","0","0","0","0","0","0","0","0","0","0","0","0","0","0","0","0","0","0"
"*06nbt*","Jahmai Simpson-Pusey","MCI","D","840","FA","MCI 2<br/>@FUL 0 F","0","0","0%","0%","0","0","0","0","0","0","0","0","0","0","0","0","0","0","0","0","0","0","0","0","0","0","0","0","0","0","0","0","0"
"*06pih*","Carlos Soler","WHU","M","276","FA","WHU 3<br/>@IPS 1 F","0","0","0%","0%","0","0","0","0","0","0","0","0","0","0","0","0","0","0","0","0","0","0","0","0","0","0","0","0","0","0","0","0","0"
"*05u5d*","Boubakary Soumare","LEI","M","256","FA","LEI 0<br/>@BOU 2 F","0","0","0%","0%","0","0","0","0","0","0","0","0","0","0","0","0","0","0","0","0","0","0","0","0","0","0","0","0","0","0","0","0","0"
"*04k4n*","Harry Souttar","LEI","D","797","FA","LEI 0<br/>@BOU 2 F","0","0","0%","0%","0","0","0","0","0","0","0","0","0","0","0","0","0","0","0","0","0","0","0","0","0","0","0","0","0","0","0","0","0"
"*061vo*","Jay Stansfield","FUL","F","798","FA","MCI 2<br/>@FUL 0 F","0","0","0%","0%","0","0","0","0","0","0","0","0","0","0","0","0","0","0","0","0","0","0","0","0","0","0","0","0","0","0","0","0","0"
"*06mgm*","Ross Stewart","SOU","F","431","FA","ARS 2<br/>@SOU 1 F","0","0","0%","0%","0","0","0","0","0","0","0","0","0","0","0","0","0","0","0","0","0","0","0","0","0","0","0","0","0","0","0","0","0"
"*068yo*","Kamaldeen Sulemana","SOU","M","246","FA","ARS 2<br/>@SOU 1 F","0","0","0%","0%","0","0","0","0","0","0","0","0","0","0","0","0","0","0","0","0","0","0","0","0","0","0","0","0","0","0","0","0","0"
"*05r3z*","Sil Swinkels","AVL","D","799","FA","AVL 0<br/>@MUN 2 F","0","0","0%","0%","0","0","0","0","0","0","0","0","0","0","0","0","0","0","0","0","0","0","0","0","0","0","0","0","0","0","0","0","0"
"*04fyc*","Charlie Taylor","SOU","D","434","FA","ARS 2<br/>@SOU 1 F","0","0","0%","0%","0","0","0","0","0","0","0","0","0","0","0","0","0","0","0","0","0","0","0","0","0","0","0","0","0","0","0","0","0"
"*06mg2*","Jack Taylor","IPS","M","364","FA","WHU 3<br/>@IPS 1 F","0","0","0%","0%","0","0","0","0","0","0","0","0","0","0","0","0","0","0","0","0","0","0","0","0","0","0","0","0","0","0","0","0","0"
"*05m46*","Luke Thomas","LEI","D","297","FA","LEI 0<br/>@BOU 2 F","0","0","0%","0%","0","0","0","0","0","0","0","0","0","0","0","0","0","0","0","0","0","0","0","0","0","0","0","0","0","0","0","0","0"
"*05749*","Kieran Tierney","ARS","D","377","Will","ARS 2<br/>@SOU 1 F","0","0","0%","0%","0","0","0","0","0","0","0","0","0","0","0","0","0","0","0","0","0","0","0","0","0","0","0","0","0","0","0","0","0"
"*03rvw*","Harry Toffolo","NOT","D","473","FA","CHE 1<br/>@NOT 0 F","0","0","0%","0%","0","0","0","0","0","0","0","0","0","0","0","0","0","0","0","0","0","0","0","0","0","0","0","0","0","0","0","0","0"
"*05ygj*","Chiquinho","WOL","F","514","FA","BRF 1<br/>@WOL 1 F","0","0","0%","0%","0","0","0","0","0","0","0","0","0","0","0","0","0","0","0","0","0","0","0","0","0","0","0","0","0","0","0","0","0"
"*05w9r*","Takehiro Tomiyasu","ARS","D","531","FA","ARS 2<br/>@SOU 1 F","0","0","0%","0%","0","0","0","0","0","0","0","0","0","0","0","0","0","0","0","0","0","0","0","0","0","0","0","0","0","0","0","0","0"
"*03v6w*","Ivan Toney","BRF","F","803","FA","BRF 1<br/>@WOL 1 F","0","0","0%","0%","0","0","0","0","0","0","0","0","0","0","0","0","0","0","0","0","0","0","0","0","0","0","0","0","0","0","0","0","0"
"*03297*","Conor Townsend","IPS","D","393","FA","WHU 3<br/>@IPS 1 F","0","0","0%","0%","0","0","0","0","0","0","0","0","0","0","0","0","0","0","0","0","0","0","0","0","0","0","0","0","0","0","0","0","0"
"*064a1*","Boubacar Traore","WOL","M","544","FA","BRF 1<br/>@WOL 1 F","0","0","0%","0%","0","0","0","0","0","0","0","0","0","0","0","0","0","0","0","0","0","0","0","0","0","0","0","0","0","0","0","0","0"
"*05nue*","Harvey Vale","CHE","M","809","FA","CHE 1<br/>@NOT 0 F","0","0","0%","0%","0","0","0","0","0","0","0","0","0","0","0","0","0","0","0","0","0","0","0","0","0","0","0","0","0","0","0","0","0"
"*04s60*","Jannik Vestergaard","LEI","D","357","FA","LEI 0<br/>@BOU 2 F","0","0","0%","0%","0","0","0","0","0","0","0","0","0","0","0","0","0","0","0","0","0","0","0","0","0","0","0","0","0","0","0","0","0"
"*0329y*","Joel Ward","CRY","D","834","FA","CRY 1<br/>@LIV 1 F","0","0","0%","0%","0","0","0","0","0","0","0","0","0","0","0","0","0","0","0","0","0","0","0","0","0","0","0","0","0","0","0","0","0"
"*06mpc*","Nathan Wood","SOU","D","404","FA","ARS 2<br/>@SOU 1 F","0","0","0%","0%","0","0","0","0","0","0","0","0","0","0","0","0","0","0","0","0","0","0","0","0","0","0","0","0","0","0","0","0","0"
"*06igx*","Jacob Wright","MCI","M","823","FA","MCI 2<br/>@FUL 0 F","0","0","0%","0%","0","0","0","0","0","0","0","0","0","0","0","0","0","0","0","0","0","0","0","0","0","0","0","0","0","0","0","0","0"
"*06mwv*","Tony Yogane","BRF","M","826","FA","BRF 1<br/>@WOL 1 F","0","0","0%","0%","0","0","0","0","0","0","0","0","0","0","0","0","0","0","0","0","0","0","0","0","0","0","0","0","0","0","0","0","0"
"*02lny*","Ashley Young","EVE","D","140","Will","EVE 1<br/>@NEW 0 F","0","0","0%","0%","0","0","0","0","0","0","0","0","0","0","0","0","0","0","0","0","0","0","0","0","0","0","0","0","0","0","0","0","0"
"*03arh*","Kurt Zouma","WHU","D","829","FA","WHU 3<br/>@IPS 1 F","0","0","0%","0%","0","0","0","0","0","0","0","0","0","0","0","0","0","0","0","0","0","0","0","0","0","0","0","0","0","0","0","0","0"
"*06mry*","Renato Veiga","CHE","M","463","FA","CHE 1<br/>@NOT 0 F","0","0","0%","0%","0","0","0","0","0","0","0","0","0","0","0","0","0","0","0","0","0","0","0","0","0","0","0","0","0","0","0","0","0"
"*06fum*","Deivid Washington","CHE","F","832","FA","CHE 1<br/>@NOT 0 F","0","0","0%","0%","0","0","0","0","0","0","0","0","0","0","0","0","0","0","0","0","0","0","0","0","0","0","0","0","0","0","0","0","0"
"*068a3*","Danilo","NOT","M","458","FA","CHE 1<br/>@NOT 0 F","0","0","0%","0%","0","0","0","0","0","0","0","0","0","0","0","0","0","0","0","0","0","0","0","0","0","0","0","0","0","0","0","0","0"
"*06php*","Romeo Akachukwu","SOU","M","550","FA","ARS 2<br/>@SOU 1 F","0","0","-","-","0","0","0","0","0","0","0","0","0","0","0","0","0","0","0","0","0","0","0","0","0","0","0","0","0","0","0","0","0"
"*06s7t*","Olabade Aluko","LEI","D","537","FA","LEI 0<br/>@BOU 2 F","0","0","-","-","0","0","0","0","0","0","0","0","0","0","0","0","0","0","0","0","0","0","0","0","0","0","0","0","0","0","0","0","0"
"*06mg5*","Leon Ayinde","IPS","M","563","FA","WHU 3<br/>@IPS 1 F","0","0","-","-","0","0","0","0","0","0","0","0","0","0","0","0","0","0","0","0","0","0","0","0","0","0","0","0","0","0","0","0","0"
"*06po7*","Owen Barker","EVE","M","567","FA","EVE 1<br/>@NEW 0 F","0","0","-","-","0","0","0","0","0","0","0","0","0","0","0","0","0","0","0","0","0","0","0","0","0","0","0","0","0","0","0","0","0"
"*06sj8*","Somto Boniface","IPS","D","576","FA","WHU 3<br/>@IPS 1 F","0","0","-","-","0","0","0","0","0","0","0","0","0","0","0","0","0","0","0","0","0","0","0","0","0","0","0","0","0","0","0","0","0"
"*06mgl*","Cameron Bragg","SOU","M","581","FA","ARS 2<br/>@SOU 1 F","0","0","-","-","0","0","0","0","0","0","0","0","0","0","0","0","0","0","0","0","0","0","0","0","0","0","0","0","0","0","0","0","0"
"*06po6*","Luke Butterfield","EVE","M","586","FA","EVE 1<br/>@NEW 0 F","0","0","-","-","0","0","0","0","0","0","0","0","0","0","0","0","0","0","0","0","0","0","0","0","0","0","0","0","0","0","0","0","0"
"*06qzv*","Henry Cartwright","LEI","M","590","FA","LEI 0<br/>@BOU 2 F","0","0","-","-","0","0","0","0","0","0","0","0","0","0","0","0","0","0","0","0","0","0","0","0","0","0","0","0","0","0","0","0","0"
"*06thf*","Brayden Clarke","ARS","D","598","FA","ARS 2<br/>@SOU 1 F","0","0","-","-","0","0","0","0","0","0","0","0","0","0","0","0","0","0","0","0","0","0","0","0","0","0","0","0","0","0","0","0","0"
"*03ala*","Janoi Donacien","IPS","D","616","FA","WHU 3<br/>@IPS 1 F","0","0","-","-","0","0","0","0","0","0","0","0","0","0","0","0","0","0","0","0","0","0","0","0","0","0","0","0","0","0","0","0","0"
"*06rof*","Coby Ebere","EVE","F","618","FA","EVE 1<br/>@NEW 0 F","0","0","-","-","0","0","0","0","0","0","0","0","0","0","0","0","0","0","0","0","0","0","0","0","0","0","0","0","0","0","0","0","0"
"*06onw*","Johnny Emerson","NEW","F","623","FA","EVE 1<br/>@NEW 0 F","0","0","-","-","0","0","0","0","0","0","0","0","0","0","0","0","0","0","0","0","0","0","0","0","0","0","0","0","0","0","0","0","0"
"*05ubw*","Jack Francis","ARS","M","629","FA","ARS 2<br/>@SOU 1 F","0","0","-","-","0","0","0","0","0","0","0","0","0","0","0","0","0","0","0","0","0","0","0","0","0","0","0","0","0","0","0","0","0"
"*06igq*","Benjamin Fredrick","BRF","D","631","FA","BRF 1<br/>@WOL 1 F","0","0","-","-","0","0","0","0","0","0","0","0","0","0","0","0","0","0","0","0","0","0","0","0","0","0","0","0","0","0","0","0","0"
"*06r3o*","Archie Harris","BOU","D","641","FA","LEI 0<br/>@BOU 2 F","0","0","-","-","0","0","0","0","0","0","0","0","0","0","0","0","0","0","0","0","0","0","0","0","0","0","0","0","0","0","0","0","0"
"*06nyv*","Chanse Headman","BRF","D","645","FA","BRF 1<br/>@WOL 1 F","0","0","-","-","0","0","0","0","0","0","0","0","0","0","0","0","0","0","0","0","0","0","0","0","0","0","0","0","0","0","0","0","0"
"*05am1*","Thomas Hill","LIV","M","652","FA","CRY 1<br/>@LIV 1 F","0","0","-","-","0","0","0","0","0","0","0","0","0","0","0","0","0","0","0","0","0","0","0","0","0","0","0","0","0","0","0","0","0"
"*05ue2*","Joe Hugill","MUN","F","656","FA","AVL 0<br/>@MUN 2 F","0","0","-","-","0","0","0","0","0","0","0","0","0","0","0","0","0","0","0","0","0","0","0","0","0","0","0","0","0","0","0","0","0"
"*06mg4*","Cameron Humphreys","IPS","M","658","FA","WHU 3<br/>@IPS 1 F","0","0","-","-","0","0","0","0","0","0","0","0","0","0","0","0","0","0","0","0","0","0","0","0","0","0","0","0","0","0","0","0","0"
"*06cm9*","Hwang Ui-Jo","NOT","F","659","FA","CHE 1<br/>@NOT 0 F","0","0","-","-","0","0","0","0","0","0","0","0","0","0","0","0","0","0","0","0","0","0","0","0","0","0","0","0","0","0","0","0","0"
"*057a1*","Gavin Kilkenny","BOU","M","672","FA","LEI 0<br/>@BOU 2 F","0","0","-","-","0","0","0","0","0","0","0","0","0","0","0","0","0","0","0","0","0","0","0","0","0","0","0","0","0","0","0","0","0"
"*06qwg*","Maeson King","TOT","D","673","FA","BHA 4<br/>@TOT 1 F","0","0","-","-","0","0","0","0","0","0","0","0","0","0","0","0","0","0","0","0","0","0","0","0","0","0","0","0","0","0","0","0","0"
"*068z2*","Max Kinsey-Wellings","BOU","D","675","FA","LEI 0<br/>@BOU 2 F","0","0","-","-","0","0","0","0","0","0","0","0","0","0","0","0","0","0","0","0","0","0","0","0","0","0","0","0","0","0","0","0","0"
"*046c7*","Freddie Ladapo","IPS","F","684","FA","WHU 3<br/>@IPS 1 F","0","0","-","-","0","0","0","0","0","0","0","0","0","0","0","0","0","0","0","0","0","0","0","0","0","0","0","0","0","0","0","0","0"
"*066no*","Nico Lawrence","SOU","D","688","FA","ARS 2<br/>@SOU 1 F","0","0","-","-","0","0","0","0","0","0","0","0","0","0","0","0","0","0","0","0","0","0","0","0","0","0","0","0","0","0","0","0","0"
"*05xts*","Wanya Marcal-Madivadua","LEI","M","697","FA","LEI 0<br/>@BOU 2 F","0","0","-","-","0","0","0","0","0","0","0","0","0","0","0","0","0","0","0","0","0","0","0","0","0","0","0","0","0","0","0","0","0"
"*066sb*","Zane Monlouis","ARS","D","714","FA","ARS 2<br/>@SOU 1 F","0","0","-","-","0","0","0","0","0","0","0","0","0","0","0","0","0","0","0","0","0","0","0","0","0","0","0","0","0","0","0","0","0"
"*06po5*","Bradley Moonan","EVE","D","715","FA","EVE 1<br/>@NEW 0 F","0","0","-","-","0","0","0","0","0","0","0","0","0","0","0","0","0","0","0","0","0","0","0","0","0","0","0","0","0","0","0","0","0"
"*06pho*","Jayden Moore","SOU","D","716","FA","ARS 2<br/>@SOU 1 F","0","0","-","-","0","0","0","0","0","0","0","0","0","0","0","0","0","0","0","0","0","0","0","0","0","0","0","0","0","0","0","0","0"
"*06prx*","Kobei Moore","AVL","F","717","FA","AVL 0<br/>@MUN 2 F","0","0","-","-","0","0","0","0","0","0","0","0","0","0","0","0","0","0","0","0","0","0","0","0","0","0","0","0","0","0","0","0","0"
"*06mwz*","Iwan Morgan","BRF","F","720","FA","BRF 1<br/>@WOL 1 F","0","0","-","-","0","0","0","0","0","0","0","0","0","0","0","0","0","0","0","0","0","0","0","0","0","0","0","0","0","0","0","0","0"
"*05qz9*","Ben Nelson","LEI","D","732","FA","LEI 0<br/>@BOU 2 F","0","0","-","-","0","0","0","0","0","0","0","0","0","0","0","0","0","0","0","0","0","0","0","0","0","0","0","0","0","0","0","0","0"
"*05alx*","James Norris","LIV","D","736","FA","CRY 1<br/>@LIV 1 F","0","0","-","-","0","0","0","0","0","0","0","0","0","0","0","0","0","0","0","0","0","0","0","0","0","0","0","0","0","0","0","0","0"
"*06rlg*","Aniek Nouwen","CRY","D","737","FA","CRY 1<br/>@LIV 1 F","0","0","-","-","0","0","0","0","0","0","0","0","0","0","0","0","0","0","0","0","0","0","0","0","0","0","0","0","0","0","0","0","0"
"*06phq*","Joseph O'Brien-Whitmarsh","SOU","M","740","FA","ARS 2<br/>@SOU 1 F","0","0","-","-","0","0","0","0","0","0","0","0","0","0","0","0","0","0","0","0","0","0","0","0","0","0","0","0","0","0","0","0","0"
"*0680n*","Detlef Esapa Osong","NOT","F","751","FA","CHE 1<br/>@NOT 0 F","0","0","-","-","0","0","0","0","0","0","0","0","0","0","0","0","0","0","0","0","0","0","0","0","0","0","0","0","0","0","0","0","0"
"*05xtp*","Salah-Eddine Oulad M'hand","ARS","M","752","FA","ARS 2<br/>@SOU 1 F","0","0","-","-","0","0","0","0","0","0","0","0","0","0","0","0","0","0","0","0","0","0","0","0","0","0","0","0","0","0","0","0","0"
"*06phm*","Ben Perry","NOT","M","757","FA","CHE 1<br/>@NOT 0 F","0","0","-","-","0","0","0","0","0","0","0","0","0","0","0","0","0","0","0","0","0","0","0","0","0","0","0","0","0","0","0","0","0"
"*06phc*","Chris Popov","LEI","M","764","FA","LEI 0<br/>@BOU 2 F","0","0","-","-","0","0","0","0","0","0","0","0","0","0","0","0","0","0","0","0","0","0","0","0","0","0","0","0","0","0","0","0","0"
"*06pz2*","Josh Robinson","ARS","D","773","FA","ARS 2<br/>@SOU 1 F","0","0","-","-","0","0","0","0","0","0","0","0","0","0","0","0","0","0","0","0","0","0","0","0","0","0","0","0","0","0","0","0","0"
"*06nk4*","Michal Rosiak","ARS","D","777","FA","ARS 2<br/>@SOU 1 F","0","0","-","-","0","0","0","0","0","0","0","0","0","0","0","0","0","0","0","0","0","0","0","0","0","0","0","0","0","0","0","0","0"
"*06bq0*","Imari Samuels","BHA","D","783","FA","BHA 4<br/>@TOT 1 F","0","0","-","-","0","0","0","0","0","0","0","0","0","0","0","0","0","0","0","0","0","0","0","0","0","0","0","0","0","0","0","0","0"
"*06qwf*","Jacob Slater","BHA","D","793","FA","BHA 4<br/>@TOT 1 F","0","0","-","-","0","0","0","0","0","0","0","0","0","0","0","0","0","0","0","0","0","0","0","0","0","0","0","0","0","0","0","0","0"
"*06rte*","Rento Takaoka","SOU","F","800","FA","ARS 2<br/>@SOU 1 F","0","0","-","-","0","0","0","0","0","0","0","0","0","0","0","0","0","0","0","0","0","0","0","0","0","0","0","0","0","0","0","0","0"
"*06rq9*","Tom Taylor","IPS","M","802","FA","WHU 3<br/>@IPS 1 F","0","0","-","-","0","0","0","0","0","0","0","0","0","0","0","0","0","0","0","0","0","0","0","0","0","0","0","0","0","0","0","0","0"
"*05x9j*","Ed Turns","BHA","D","806","FA","BHA 4<br/>@TOT 1 F","0","0","-","-","0","0","0","0","0","0","0","0","0","0","0","0","0","0","0","0","0","0","0","0","0","0","0","0","0","0","0","0","0"
"*05r4z*","Jensen Weir","BHA","M","813","FA","BHA 4<br/>@TOT 1 F","0","0","-","-","0","0","0","0","0","0","0","0","0","0","0","0","0","0","0","0","0","0","0","0","0","0","0","0","0","0","0","0","0"
"*06qzi*","Kaiden Wilson","CHE","D","819","FA","CHE 1<br/>@NOT 0 F","0","0","-","-","0","0","0","0","0","0","0","0","0","0","0","0","0","0","0","0","0","0","0","0","0","0","0","0","0","0","0","0","0"
"*062ol*","Thomas Wilson-Brown","LEI","D","820","FA","LEI 0<br/>@BOU 2 F","0","0","-","-","0","0","0","0","0","0","0","0","0","0","0","0","0","0","0","0","0","0","0","0","0","0","0","0","0","0","0","0","0"
"*06qlg*","Ranel Young","LIV","F","828","FA","CRY 1<br/>@LIV 1 F","0","0","-","-","0","0","0","0","0","0","0","0","0","0","0","0","0","0","0","0","0","0","0","0","0","0","0","0","0","0","0","0","0"
"*05r4h*","Lamare Bogarde","AVL","D","454","FA","AVL 0<br/>@MUN 2 F","-0.25","-0.25","1%","0%","1","1","78","0","0","0","0","0","0","0","1","0","4","2","1","0","0","0","0","0","2","1","0","0","0","0","0","1","0"
"*06p6j*","Evanilson","BOU","F","107","Noah B","LEI 0<br/>@BOU 2 F","-0.5","-0.5","94%","0%","1","1","64","0","0","0","0","0","0","0","0","0","2","1","0","0","0","0","0","0","0","0","0","0","0","0","0","2","0"
"*05220*","Sepp van den Berg","LIV/BRF","D","145","FA","BRF 1<br/>@WOL 1 F","-0.5","-0.5","64%","-4%","1","0","14","0","0","0","0","0","0","0","0","0","1","0","0","0","0","0","0","0","0","0","0","0","0","0","0","1","0"
"*056iy*","Pedro Neto","CHE","F","104","TRB","CHE 1<br/>@NOT 0 F","-1","-1","95%","-1%","1","1","57","0","0","0","0","0","0","0","0","0","1","1","1","0","0","0","0","0","0","1","0","0","0","0","0","1","0"
"*04ml6*","Konstantinos Mavropanos","WHU","D","183","TRB","WHU 3<br/>@IPS 1 F","-1","-1","50%","-8%","1","1","90","0","0","0","0","0","0","0","0","0","0","0","0","0","0","0","0","0","4","0","1","1","0","0","0","3","0"
"*03ar4*","Adam Armstrong","SOU","F","344","FA","ARS 2<br/>@SOU 1 F","-1","-1","5%","0%","1","1","45","0","0","0","0","0","0","0","0","0","2","0","0","0","0","0","0","0","0","0","0","0","0","0","0","1","0"
"*04f6o*","Will Hughes","CRY","M","193","FA","CRY 1<br/>@LIV 1 F","-1.75","-1.75","2%","0%","1","1","49","0","0","0","0","0","0","0","0","0","0","0","1","0","0","0","0","0","1","0","0","0","0","0","0","1","0"
"*06p4k*","Matthijs de Ligt","MUN","D","146","FA","AVL 0<br/>@MUN 2 F","-2","-2","24%","-1%","1","1","68","0","0","0","0","0","0","0","1","1","0","1","1","0","0","1","0","0","1","0","0","0","0","0","0","3","0"
"*05ylw*","Rodrigo Bentancur","TOT","M","229","RyRob","BHA 4<br/>@TOT 1 F","-2","-2","19%","-1%","1","0","7","0","0","0","0","0","0","0","0","0","0","0","1","0","0","0","0","0","0","0","0","0","0","0","0","0","0"
"*02oq7*","Jack Stephens","SOU","D","350","FA","ARS 2<br/>@SOU 1 F","-2.5","-2.5","0%","0%","1","1","90","0","0","0","0","0","0","0","0","0","0","0","0","0","0","0","0","0","2","0","0","1","0","0","0","3","0"
"*04yey*","Max Kilman","WHU","D","68","j.l.","WHU 3<br/>@IPS 1 F","-3","-3","19%","0%","1","1","90","0","0","0","0","0","0","0","0","0","0","0","1","0","0","0","0","0","4","0","2","0","0","0","0","3","0"
"*062pl*","Lisandro Martinez","MUN","D","208","FA","AVL 0<br/>@MUN 2 F","-3.25","-3.25","12%","+3%","1","1","90","0","0","0","0","0","0","0","1","0","0","0","1","0","0","0","0","0","6","0","0","0","0","0","0","3","0"
"*04agz*","Declan Rice","ARS","M","47","CC FC","ARS 2<br/>@SOU 1 F","-6","-6","100%","0%","1","1","48","0","0","0","0","0","0","0","0","0","1","0","0","1","0","0","0","0","0","1","0","1","0","0","0","0","0"
