"ID","Player","Team","Position","RkOv","Status","Opponent","FPts","FP/G","Ros","+/-","GP","Min","G","A","KP","AFKG","APKG","SOT","TkW","DIS","YC","RC","ACNC","Int","CLR","CoS","BS","AER","PKM","OG","GAO","CS"
"*02m2u*","Gylfi Sigurdsson","EVE","M","58","Tim O","EVE 0<br/>@MCI 5 F","33.25","33.25","0%","0%","1","90","2","0","4","0","0","2","2","1","0","0","0","0","1","1","0","0","0","0","2","0"
"*05o4c*","Timothy Castagne","LEI","D","143","Laeka B","TOT 4<br/>@LEI 2 F","28","28","18%","+4%","1","90","0","1","5","0","0","0","2","0","0","0","0","1","1","0","0","1","0","0","0","1"
"*04spy*","Mason Greenwood","MUN","F","155","Noah B","MUN 2<br/>@WOL 1 F","28","28","0%","0%","1","90","2","0","1","0","0","3","0","2","0","0","1","0","1","1","0","2","0","0","1","0"
"*02lol*","Harry Kane","TOT","F","2","No Slips","TOT 4<br/>@LEI 2 F","27.5","27.5","0%","0%","1","88","2","0","2","0","0","2","0","1","0","0","0","0","1","2","1","0","0","0","2","0"
"*02lo3*","Gareth Bale","TOT","M,F","88","JADON","TOT 4<br/>@LEI 2 F","26.5","26.5","0%","0%","1","82","1","0","3","0","0","2","2","0","0","0","0","0","2","4","0","2","0","0","1","0"
"*03v9d*","Son Heung-Min","TOT","F","3","Laeka B","TOT 4<br/>@LEI 2 F","26","13","10%","0%","2","180","1","0","4","0","0","2","1","8","0","0","0","1","1","5","0","3","0","0","3","0"
"*03dyk*","Jamie Vardy","LEI","F","19","Laeka B","TOT 4<br/>@LEI 2 F","24.5","24.5","0%","0%","1","84","1","1","2","0","0","2","0","0","0","0","0","0","0","1","0","1","0","0","0","1"
"*04fk6*","Bernardo Silva","MCI","M","134","RyRob","EVE 0<br/>@MCI 5 F","23.75","23.75","94%","0%","1","90","0","2","3","0","0","0","1","1","0","0","1","0","0","4","0","0","0","0","1","0"
"*02ln2*","Jonny Evans","LEI","D","110","Tim O","TOT 4<br/>@LEI 2 F","23.75","23.75","0%","0%","1","90","1","0","1","0","0","1","2","0","0","0","0","0","1","0","0","1","0","0","0","1"
"*04qra*","Romain Saiss","WOL","D","105","CFPL","MUN 2<br/>@WOL 1 F","22.75","22.75","0%","0%","1","90","0","0","0","0","0","1","3","0","0","0","0","1","7","2","0","6","0","0","0","1"
"*05o8m*","James Rodriguez","EVE","M","82","Tim O","EVE 0<br/>@MCI 5 F","21.5","21.5","0%","0%","1","90","0","0","4","0","1","2","1","2","0","0","1","1","0","1","0","0","0","0","2","0"
"*05ojh*","Diego Llorente","LEE","D","247","FA","WBA 1<br/>@LEE 3 F","21","21","0%","0%","1","90","1","0","0","0","0","1","2","0","0","0","0","1","2","2","3","4","0","0","1","0"
"*02lsa*","Dan Burn","BHA","D","141","FA","BHA 0<br/>@ARS 2 F","20.75","20.75","75%","+1%","1","90","0","0","1","0","0","0","2","0","0","0","0","1","4","1","0","7","0","0","0","1"
"*04abb*","Phil Foden","MCI","M","52","JADON","EVE 0<br/>@MCI 5 F","20.5","20.5","97%","+5%","1","90","1","0","3","0","0","1","0","1","0","0","1","0","0","3","0","0","0","0","1","0"
"*04spq*","Jack Harrison","LEE","M","16","Laeka B","WBA 1<br/>@LEE 3 F","20.5","20.5","3%","0%","1","90","0","1","4","0","0","1","2","2","0","0","1","0","0","2","0","0","0","0","1","0"
"*03srg*","Trent Alexander-Arnold","LIV","D","13","I_am_Tim","CRY 0<br/>@LIV 2 F","20.25","20.25","0%","0%","1","90","0","1","2","0","0","0","2","0","0","0","1","3","7","0","1","2","0","0","1","0"
"*03g40*","Kelechi Iheanacho","LEI","F","85","Noah B","TOT 4<br/>@LEI 2 F","19.75","19.75","0%","0%","1","90","1","0","0","0","0","3","1","2","0","0","0","0","0","4","0","1","0","0","0","1"
"*03u2b*","Adama Traore","WOL","F","22","Yum","MUN 2<br/>@WOL 1 F","19.5","19.5","9%","0%","1","90","0","1","4","0","0","0","0","0","0","0","1","0","0","2","0","5","0","0","0","1"
"*056iw*","Allan Saint-Maximin","NEW","M","97","CFPL","NEW 2<br/>@FUL 0 F","18.5","18.5","0%","0%","1","63","0","0","5","0","0","2","0","0","0","0","0","0","0","3","0","1","0","0","0","1"
"*02oq6*","Luke Shaw","MUN","D","32","JLINGZ","MUN 2<br/>@WOL 1 F","17.75","17.75","54%","+3%","1","90","0","0","6","0","0","0","1","0","0","0","1","2","0","3","0","0","0","0","1","0"
"*05m46*","Luke Thomas","LEI","D","338","FA","TOT 4<br/>@LEI 2 F","17.75","17.75","0%","0%","1","90","0","0","1","0","0","0","0","1","0","0","0","4","1","1","0","4","0","0","0","1"
"*03jv0*","Sadio Mane","LIV","F","5","Yum","CRY 0<br/>@LIV 2 F","16.75","16.75","0%","0%","1","70","1","0","1","0","0","1","1","0","0","0","0","0","0","2","0","1","0","0","0","1"
"*03r8t*","Matt Ritchie","NEW","M","246","FA","NEW 2<br/>@FUL 0 F","16","16","0%","0%","1","90","0","1","2","0","0","0","1","0","0","0","1","1","4","1","0","1","0","0","2","0"
"*0558o*","Dani Ceballos","ARS","M","182","FA","BHA 0<br/>@ARS 2 F","15.75","15.75","0%","0%","1","90","0","0","3","0","0","1","2","0","0","0","2","2","1","0","0","1","0","0","1","0"
"*02lnq*","Paul Pogba","MUN","M","90","No Slips","MUN 2<br/>@WOL 1 F","15.75","15.75","0%","0%","1","90","0","1","1","0","0","1","0","3","0","0","0","1","2","4","0","3","0","0","1","0"
"*0524k*","Rodri","MCI","M","67","FA","EVE 0<br/>@MCI 5 F","15.5","15.5","76%","-2%","1","90","1","0","1","0","0","1","0","2","0","0","0","1","1","1","0","2","0","0","1","0"
"*052h5*","Gabriel Martinelli","ARS","M","282","FA","BHA 0<br/>@ARS 2 F","15.5","15.5","45%","0%","1","90","0","0","2","0","0","2","0","1","0","0","3","0","0","5","0","0","0","0","1","0"
"*03dxq*","Danny Ings","SOU","F","64","No Slips","SOU 0<br/>@WHU 3 F","15.5","15.5","0%","0%","1","56","1","0","1","0","0","2","0","0","0","0","0","0","1","0","0","1","0","0","0","0"
"*056ir*","Adam Webster","BHA","D","146","FA","BHA 0<br/>@ARS 2 F","15.25","15.25","0%","0%","1","90","0","0","0","0","0","0","1","0","0","0","0","3","1","0","0","4","0","0","0","1"
"*03ybi*","Marcus Rashford","MUN","F","14","Noah B","MUN 2<br/>@WOL 1 F","15","15","92%","0%","1","83","0","1","2","0","0","1","0","2","0","0","0","0","0","4","0","0","0","0","1","0"
"*051k0*","John McGinn","AVL","M","43","Noah B","CHE 1<br/>@AVL 2 F","15","15","69%","0%","1","90","1","0","1","0","0","1","0","0","0","0","1","0","0","1","0","0","0","0","2","0"
"*046c5*","Jarrod Bowen","WHU","M","63","RyRob","SOU 0<br/>@WHU 3 F","14.75","14.75","100%","0%","1","90","0","1","1","0","0","2","0","0","0","0","0","1","0","1","0","1","0","0","3","0"
"*0554i*","Joelinton","NEW","F","131","FA","NEW 2<br/>@FUL 0 F","14.75","14.75","43%","+1%","1","88","1","0","1","0","0","2","1","3","0","0","0","0","1","0","0","0","0","0","2","0"
"*030v5*","Andreas Christensen","CHE","D","256","FA","CHE 1<br/>@AVL 2 F","14.75","14.75","0%","0%","1","90","0","0","1","0","0","0","0","0","0","0","0","2","0","1","1","3","0","0","0","1"
"*04io3*","Mario Lemina","FUL","M","220","FA","NEW 2<br/>@FUL 0 F","14.75","14.75","0%","0%","1","90","0","0","0","0","1","0","3","0","0","0","0","3","1","0","2","1","0","0","1","0"
"*05os4*","Rayan Ait-Nouri","WOL","D","268","FA","MUN 2<br/>@WOL 1 F","14.5","14.5","79%","-4%","1","90","0","0","0","0","0","1","3","0","0","0","0","1","2","1","0","0","0","0","0","1"
"*04yo6*","Miguel Almiron","NEW","M","98","JADON","NEW 2<br/>@FUL 0 F","14","14","0%","0%","1","90","0","0","3","0","0","0","2","0","0","0","0","2","0","3","0","0","0","0","2","0"
"*05ocl*","Ollie Watkins","AVL","F","11","CFPL","CHE 1<br/>@AVL 2 F","13.75","13.75","99%","0%","1","90","0","1","1","0","0","1","1","1","0","0","0","0","1","1","0","4","0","0","2","0"
"*04ge9*","Eddie Nketiah","ARS","F","339","FA","BHA 0<br/>@ARS 2 F","13.5","13.5","3%","0%","1","19","1","0","1","0","0","1","0","0","0","0","0","0","0","0","0","1","0","0","0","0"
"*05r8w*","Willian Jose","WOL","F","320","FA","MUN 2<br/>@WOL 1 F","13.5","13.5","-","-","1","76","1","0","1","0","0","1","0","0","0","0","0","0","0","0","0","1","0","0","0","1"
"*0427d*","James Tarkowski","BUR","D","33","I_am_Tim","BUR 0<br/>@SHU 1 F","13","13","99%","0%","1","90","1","0","1","0","0","1","0","0","1","0","0","1","5","0","2","5","0","0","3","0"
"*05mxa*","Joel Veltman","BHA","D","102","RyRob","BHA 0<br/>@ARS 2 F","13","13","3%","0%","1","90","0","0","1","0","0","0","3","0","0","0","0","1","0","0","0","0","0","0","0","1"
"*0414o*","James Maddison","LEI","M","41","RyRob","TOT 4<br/>@LEI 2 F","12.75","12.75","43%","+6%","1","71","0","0","4","0","0","1","1","1","0","0","0","0","0","1","0","0","0","0","0","1"
"*05opl*","Wesley Fofana","LEI","D","104","JADON","TOT 4<br/>@LEI 2 F","12.75","12.75","26%","+1%","1","60","0","0","0","0","0","0","0","1","0","0","0","3","2","0","0","3","0","0","0","1"
"*04kj7*","Serge Aurier","TOT","D","125","JLINGZ","TOT 4<br/>@LEI 2 F","12.75","6.38","0%","0%","2","180","0","0","1","0","0","0","4","3","0","0","1","2","2","1","1","8","0","0","3","0"
"*04u6q*","Caglar Soyuncu","LEI","D","228","Noah B","TOT 4<br/>@LEI 2 F","12.75","12.75","0%","0%","1","90","0","0","0","0","0","0","2","0","0","0","0","1","0","0","0","3","0","0","0","1"
"*048xm*","Josh Maja","SUN/FUL","F","317","FA","NEW 2<br/>@FUL 0 F","12.75","12.75","-","-","1","76","1","0","0","0","0","1","0","1","0","0","0","1","0","1","0","0","0","0","0","1"
"*04qr0*","Willy Boly","WOL","D","213","FA","MUN 2<br/>@WOL 1 F","12.5","12.5","0%","0%","1","90","0","0","0","0","0","1","1","0","0","0","0","1","2","0","2","1","0","0","0","1"
"*04aiz*","Wilfred Ndidi","LEI","M","76","No Slips","TOT 4<br/>@LEI 2 F","11.75","11.75","0%","0%","1","90","0","0","0","0","0","0","5","0","0","0","0","3","1","0","0","1","0","0","0","1"
"*05ohc*","Sergio Reguilon","TOT","D","178","I_am_Tim","TOT 4<br/>@LEI 2 F","11.75","5.88","0%","0%","2","153","0","0","0","0","1","0","3","3","0","0","1","2","0","2","0","3","0","0","3","0"
"*02oq8*","James Ward-Prowse","SOU","M","7","Laeka B","SOU 0<br/>@WHU 3 F","11.5","11.5","32%","-6%","1","90","0","1","1","0","0","0","2","0","0","0","0","0","0","0","0","2","0","0","2","0"
"*04ge6*","Joe Willock","ARS/NEW","M","159","Noah B","NEW 2<br/>@FUL 0 F","11.5","11.5","2%","-1%","1","9","1","0","0","0","0","1","0","0","0","0","0","0","0","0","0","1","0","0","0","0"
"*04t3s*","Joao Moutinho","WOL","M","87","Noah B","MUN 2<br/>@WOL 1 F","11.5","11.5","0%","0%","1","90","0","0","1","0","0","0","2","0","0","0","2","3","1","0","0","0","0","0","0","1"
"*05oh2*","Thiago Alcantara","LIV","M","145","No Slips","CRY 0<br/>@LIV 2 F","11.25","11.25","0%","0%","1","90","0","0","3","0","0","1","1","0","0","0","0","1","1","0","0","1","0","0","1","0"
"*04mqz*","Lucas Moura","TOT","M","190","FA","TOT 4<br/>@LEI 2 F","11","5.5","0%","0%","2","115","0","0","3","0","0","0","1","2","0","0","1","2","1","1","0","0","0","0","1","0"
"*04sft*","Yves Bissouma","BHA","M","72","JADON","BHA 0<br/>@ARS 2 F","10.5","10.5","2%","0%","1","90","0","0","1","0","0","0","3","1","0","0","0","2","1","1","0","1","0","0","0","1"
"*05os6*","Edinson Cavani","MUN","F","175","Noah B","MUN 2<br/>@WOL 1 F","10.5","10.5","0%","0%","1","44","1","0","0","0","0","1","0","1","0","0","0","0","1","0","0","0","0","0","1","0"
"*02lni*","Jesse Lingard","MUN/WHU","M","135","Laeka B","SOU 0<br/>@WHU 3 F","10.5","10.5","0%","0%","1","86","1","0","0","0","0","1","0","1","0","0","0","0","0","0","0","0","0","0","3","0"
"*04p0d*","Dwight McNeil","BUR","M","34","JADON","BUR 0<br/>@SHU 1 F","10.25","10.25","40%","-5%","1","90","0","0","2","0","0","0","2","0","0","0","1","0","1","2","0","1","0","0","3","0"
"*051k7*","Reece James","CHE","D","65","Noah B","CHE 1<br/>@AVL 2 F","10","10","95%","+3%","1","90","0","0","1","0","0","0","0","1","0","0","1","1","0","0","1","0","0","0","0","1"
"*02m66*","Marcos Alonso","CHE","D","245","FA","CHE 1<br/>@AVL 2 F","9.75","9.75","0%","0%","1","66","0","0","0","0","0","0","1","0","0","0","0","1","1","0","0","1","0","0","0","1"
"*04e1c*","Lewis Dunk","BHA","D","108","Yum","BHA 0<br/>@ARS 2 F","9.5","9.5","32%","+5%","1","90","0","0","0","0","0","0","0","0","0","0","0","2","0","0","0","1","0","0","0","1"
"*05gcp*","Tomas Soucek","WHU","M","8","I_am_Tim","SOU 0<br/>@WHU 3 F","9.25","9.25","43%","-3%","1","90","0","0","1","0","0","0","3","2","0","0","0","1","1","1","0","4","0","0","3","0"
"*05ojg*","Nelson Semedo","WOL","D","78","No Slips","MUN 2<br/>@WOL 1 F","9.25","9.25","1%","0%","1","90","0","0","1","0","0","0","0","3","0","0","0","1","1","1","1","0","0","0","0","1"
"*05n03*","Kalvin Phillips","LEE","M","101","Yum","WBA 1<br/>@LEE 3 F","9.25","9.25","0%","0%","1","90","0","0","2","0","0","0","1","0","0","0","0","2","0","1","0","1","0","0","1","0"
"*04civ*","Scott McTominay","MUN","M","124","No Slips","MUN 2<br/>@WOL 1 F","9.25","9.25","0%","0%","1","90","0","0","1","0","0","1","1","0","0","0","1","0","0","1","0","4","0","0","1","0"
"*02w6w*","Ashley Westwood","BUR","M","68","I_am_Tim","BUR 0<br/>@SHU 1 F","9.25","9.25","0%","0%","1","90","0","1","1","0","0","0","0","0","0","0","0","1","0","0","0","0","0","0","3","0"
"*05o2l*","Donny van de Beek","MUN","M","351","FA","MUN 2<br/>@WOL 1 F","9.25","9.25","0%","0%","1","5","0","1","1","0","0","0","1","0","0","0","0","0","0","0","0","0","0","0","0","0"
"*04io4*","Richarlison","EVE","F","60","CFPL","EVE 0<br/>@MCI 5 F","9","9","80%","+1%","1","90","0","0","2","0","0","2","0","2","0","0","0","0","0","0","0","4","0","0","2","0"
"*04g1w*","Antonio Rudiger","CHE","D","169","CFPL","CHE 1<br/>@AVL 2 F","9","9","0%","0%","1","90","0","0","0","0","0","0","1","0","0","0","0","1","1","0","1","0","0","0","0","1"
"*02ljr*","Conor Coady","WOL","D","254","FA","MUN 2<br/>@WOL 1 F","8.75","8.75","0%","0%","1","90","0","0","0","0","0","0","0","0","0","0","0","0","7","0","0","1","0","0","0","1"
"*05opk*","Vladimir Coufal","WHU","D","35","Yum","SOU 0<br/>@WHU 3 F","8.75","8.75","0%","0%","1","90","0","0","2","0","0","1","1","0","0","0","0","4","0","2","2","0","0","0","3","0"
"*03p9z*","Tyler Roberts","LEE","F","250","FA","WBA 1<br/>@LEE 3 F","8.75","8.75","0%","0%","1","85","0","0","1","0","0","2","1","1","0","0","0","0","0","2","0","0","0","0","1","0"
"*051l3*","Kean Bryan","SHU","D","330","FA","BUR 0<br/>@SHU 1 F","8.5","8.5","0%","0%","1","90","0","0","1","0","0","0","1","0","0","0","0","1","3","0","1","5","0","0","1","0"
"*04qr8*","Diogo Jota","WOL/LIV","F","168","FA","CRY 0<br/>@LIV 2 F","8.5","8.5","0%","0%","1","80","0","0","2","0","0","2","0","5","0","0","0","0","0","3","0","0","0","0","0","1"
"*05gcx*","Josh Brownhill","BUR","M","100","FA","BUR 0<br/>@SHU 1 F","8.25","8.25","3%","0%","1","87","0","0","1","0","0","1","1","1","0","0","0","2","0","0","0","2","0","0","2","0"
"*05l0f*","Nathan Tella","SOU","M","344","Noah B","SOU 0<br/>@WHU 3 F","8.25","8.25","0%","0%","1","83","0","0","1","0","0","0","2","2","0","0","2","1","0","1","0","1","0","0","1","0"
"*04y92*","Bukayo Saka","ARS","M","53","No Slips","BHA 0<br/>@ARS 2 F","8","8","100%","0%","1","90","0","0","2","0","0","0","0","0","0","0","0","0","0","4","0","0","0","0","1","0"
"*04s8k*","Jorginho","CHE","M","89","JLINGZ","CHE 1<br/>@AVL 2 F","8","8","0%","0%","1","90","0","0","1","0","0","0","0","1","1","0","0","4","1","3","1","0","0","0","0","1"
"*04mcg*","Ben Johnson","WHU","D","382","FA","SOU 0<br/>@WHU 3 F","8","8","0%","0%","1","88","0","0","3","0","0","0","1","0","0","0","3","1","1","2","1","0","0","0","3","0"
"*03jab*","Federico Fernandez","NEW","D","271","FA","NEW 2<br/>@FUL 0 F","7.75","7.75","0%","0%","1","90","0","0","0","0","0","1","3","0","0","0","0","1","7","0","0","3","0","0","2","0"
"*04fk9*","Jan Bednarek","SOU","D","123","Noah B","SOU 0<br/>@WHU 3 F","7.5","7.5","0%","0%","1","90","0","0","0","0","0","0","1","0","0","0","0","5","2","0","2","3","0","0","2","0"
"*02lnn*","Oliver Norwood","SHU","M","194","FA","BUR 0<br/>@SHU 1 F","7.5","7.5","0%","0%","1","90","0","0","2","0","0","0","0","0","0","0","3","0","1","0","1","0","0","0","1","0"
"*04yim*","Christian Pulisic","CHE","M","132","CFPL","CHE 1<br/>@AVL 2 F","7.5","7.5","0%","0%","1","90","0","0","0","0","0","1","0","2","0","0","0","0","0","5","0","1","0","0","0","1"
"*03arh*","Kurt Zouma","CHE","D","99","JADON","CHE 1<br/>@AVL 2 F","7.5","7.5","0%","0%","1","90","0","0","0","0","0","1","0","1","1","0","0","0","4","0","0","2","0","0","0","1"
"*02lpl*","Seamus Coleman","EVE","D","197","I_am_Tim","EVE 0<br/>@MCI 5 F","7.25","7.25","0%","0%","1","28","0","1","1","0","0","0","0","0","0","0","0","0","1","0","0","0","0","0","1","0"
"*03dyp*","Riyad Mahrez","MCI","F","40","Tim O","EVE 0<br/>@MCI 5 F","7.25","7.25","0%","0%","1","88","0","0","1","0","0","1","0","1","0","0","0","1","0","1","0","3","0","0","1","0"
"*04tm0*","Lucas Digne","EVE","D","28","Yum","EVE 0<br/>@MCI 5 F","7","7","60%","-3%","1","90","0","0","0","0","0","0","1","0","0","0","0","1","5","1","1","6","0","0","2","0"
"*04spp*","Douglas Luiz","AVL","M","179","FA","CHE 1<br/>@AVL 2 F","7","7","11%","-1%","1","90","0","0","1","0","0","1","0","0","0","0","0","1","1","1","0","1","0","0","2","0"
"*03zsq*","Kyle Walker-Peters","SOU","D","150","No Slips","SOU 0<br/>@WHU 3 F","7","7","8%","-5%","1","90","0","0","0","0","0","1","3","0","0","0","0","1","4","3","0","0","0","0","2","0"
"*03rxz*","Roberto Firmino","LIV","F","26","I_am_Tim","CRY 0<br/>@LIV 2 F","7","7","0%","0%","1","90","0","0","2","0","0","2","2","2","1","0","0","0","1","0","1","1","0","0","1","0"
"*051la*","David McGoldrick","SHU","F","96","Tim O","BUR 0<br/>@SHU 1 F","7","7","0%","0%","1","90","0","0","0","0","0","0","2","0","0","0","0","0","1","3","0","3","0","0","1","0"
"*02m5b*","Chris Wood","BUR","F","37","JADON","BUR 0<br/>@SHU 1 F","6.5","6.5","63%","-7%","1","90","0","0","1","0","0","1","0","1","0","0","0","0","1","0","0","6","0","0","3","0"
"*05mzw*","Luke Ayling","LEE","D","71","RyRob","WBA 1<br/>@LEE 3 F","6.5","6.5","0%","0%","1","90","0","0","2","0","0","0","1","1","0","0","1","1","2","1","0","0","0","0","1","0"
"*05o6w*","Allan","EVE","M","229","FA","EVE 0<br/>@MCI 5 F","6.5","6.5","0%","0%","1","90","0","0","1","0","0","0","2","1","0","0","0","0","2","2","0","0","0","0","2","0"
"*02rmd*","Matt Phillips","WBA","M","200","FA","WBA 1<br/>@LEE 3 F","6.5","6.5","0%","0%","1","90","0","0","2","0","0","1","0","4","0","0","1","0","2","1","0","0","0","0","3","0"
"*0520r*","Leandro Trossard","BHA","M","51","RyRob","BHA 0<br/>@ARS 2 F","6.25","6.25","91%","+3%","1","59","0","0","0","0","0","1","0","1","0","0","0","3","0","1","0","0","0","0","0","0"
"*03ek4*","Patrick Bamford","LEE","F","12","I_am_Tim","WBA 1<br/>@LEE 3 F","6.25","6.25","0%","0%","1","90","0","0","0","0","0","1","0","1","0","0","0","1","1","1","0","5","0","0","1","0"
"*04u6i*","Leander Dendoncker","WOL","M","165","FA","MUN 2<br/>@WOL 1 F","6.25","6.25","0%","0%","1","90","0","0","0","0","0","0","0","1","0","0","0","3","1","1","1","1","0","0","0","1"
"*05rak*","Ozan Kabak","LIV","D","347","FA","CRY 0<br/>@LIV 2 F","6.25","6.25","0%","0%","1","90","0","0","1","0","0","0","1","1","0","0","0","2","4","1","0","1","0","0","1","0"
"*02onj*","Mark Noble","WHU","M","385","FA","SOU 0<br/>@WHU 3 F","6.25","6.25","0%","0%","1","74","0","0","2","0","0","0","0","0","0","0","1","1","0","0","0","0","0","0","2","0"
"*05os9*","Thomas Partey","ARS","M","240","FA","BHA 0<br/>@ARS 2 F","6.25","6.25","0%","0%","1","21","0","0","0","0","0","0","3","0","0","0","0","0","0","0","0","5","0","0","0","0"
"*04fk1*","Pascal Gross","BHA","M","30","I_am_Tim","BHA 0<br/>@ARS 2 F","6","6","74%","0%","1","90","0","0","1","0","0","0","1","1","0","0","0","1","0","1","0","0","0","0","0","1"
"*03gu5*","Andrew Robertson","LIV","D","24","Laeka B","CRY 0<br/>@LIV 2 F","6","6","22%","-8%","1","90","0","0","2","0","0","0","0","0","0","0","0","1","7","0","0","1","0","0","1","0"
"*051l5*","John Fleck","SHU","M","158","FA","BUR 0<br/>@SHU 1 F","6","6","0%","0%","1","90","0","0","1","0","0","0","1","0","0","0","1","1","0","0","0","1","0","0","1","0"
"*04rd1*","Stuart Armstrong","SOU","M","61","CFPL","SOU 0<br/>@WHU 3 F","5.75","5.75","0%","0%","1","90","0","0","1","0","0","0","1","1","0","0","0","0","0","3","0","0","0","0","2","0"
"*04qrd*","Ivan Cavaleiro","FUL","F","93","JLINGZ","NEW 2<br/>@FUL 0 F","5.75","5.75","0%","0%","1","83","0","0","0","0","0","0","0","1","0","0","0","1","0","3","0","4","0","0","0","1"
"*051ki*","Ben Godfrey","NOR/EVE","D,M","162","JLINGZ","EVE 0<br/>@MCI 5 F","5.75","5.75","0%","0%","1","90","0","0","0","0","0","0","2","1","0","0","0","2","7","0","2","3","0","0","2","0"
"*04qqv*","Fred","MUN","M","153","FA","MUN 2<br/>@WOL 1 F","5.75","5.75","0%","0%","1","44","0","0","1","0","0","0","3","0","0","0","0","0","0","0","0","0","0","0","0","0"
"*04adp*","Aaron Wan-Bissaka","MUN","D","25","Noah B","MUN 2<br/>@WOL 1 F","5.5","5.5","46%","0%","1","90","0","0","2","0","0","0","2","3","1","0","1","0","6","1","0","2","0","0","1","0"
"*04ug0*","Sean Longstaff","NEW","M","290","FA","NEW 2<br/>@FUL 0 F","5.5","5.5","12%","0%","1","79","0","0","2","0","0","0","1","0","0","0","0","0","1","0","0","0","0","0","2","0"
"*02opl*","Jack Cork","BUR","M","323","FA","BUR 0<br/>@SHU 1 F","5.5","5.5","0%","0%","1","90","0","0","1","0","0","0","0","0","1","0","0","4","2","0","0","2","0","0","3","0"
"*02lpn*","Eric Dier","TOT","D","202","Tim O","TOT 4<br/>@LEI 2 F","5.5","2.75","0%","0%","2","180","0","0","1","0","0","0","3","0","1","0","0","1","6","0","0","6","0","0","3","0"
"*035n1*","Bertrand Traore","CHE/AVL","M,F","39","JADON","CHE 1<br/>@AVL 2 F","5.25","5.25","1%","0%","1","74","0","0","2","0","0","0","1","1","0","0","0","0","0","0","0","1","0","0","2","0"
"*0372y*","Matt Targett","AVL","D","31","No Slips","CHE 1<br/>@AVL 2 F","5.25","5.25","0%","0%","1","90","0","0","0","0","0","0","3","0","0","0","1","2","4","0","0","1","0","0","2","0"
"*02opy*","Adam Lallana","BHA","M","235","FA","BHA 0<br/>@ARS 2 F","5.25","5.25","0%","0%","1","29","0","0","1","0","0","1","1","0","0","0","0","0","0","0","0","0","0","0","0","0"
"*04u6r*","Andre-Frank Zambo Anguissa","FUL","M","48","No Slips","NEW 2<br/>@FUL 0 F","5.25","5.25","0%","0%","1","90","0","0","0","0","0","0","0","3","0","0","0","1","3","2","1","5","0","0","1","0"
"*05rai*","Okay Yokuslu","WBA","M","241","Laeka B","WBA 1<br/>@LEE 3 F","5.25","5.25","-","-","1","90","0","0","0","0","0","0","3","0","1","0","0","3","1","0","0","1","0","0","3","0"
"*05gcr*","Bruno Fernandes","MUN","M","1","FA","MUN 2<br/>@WOL 1 F","5","5","100%","0%","1","90","0","0","0","0","0","2","0","1","0","0","0","0","0","1","0","1","0","0","1","0"
"*05nzu*","Gabriel Magalhaes","ARS","D","230","Tim O","BHA 0<br/>@ARS 2 F","5","5","100%","0%","1","90","0","0","0","0","0","0","0","0","0","0","1","2","1","0","1","3","0","0","1","0"
"*04yo7*","Youri Tielemans","LEI","M","18","Tim O","TOT 4<br/>@LEI 2 F","5","5","85%","-3%","1","90","0","0","1","0","0","0","1","0","0","0","0","0","1","0","0","1","0","0","0","1"
"*05o6h*","Kai Havertz","CHE","M","174","FA","CHE 1<br/>@AVL 2 F","5","5","76%","-1%","1","66","0","0","0","0","0","1","0","0","0","0","0","0","0","2","0","0","0","0","0","1"
"*04sat*","Emile Smith Rowe","ARS","M","214","JADON","BHA 0<br/>@ARS 2 F","5","5","33%","+2%","1","90","0","0","2","0","0","0","0","0","0","0","0","0","0","1","0","0","0","0","1","0"
"*051lc*","Pablo Fornals","WHU","M","66","Yum","SOU 0<br/>@WHU 3 F","5","5","0%","0%","1","90","0","0","1","0","0","0","1","1","0","0","0","0","1","2","0","0","0","0","3","0"
"*03yeg*","Tosin Adarabioyo","MCI/FUL","D","138","RyRob","NEW 2<br/>@FUL 0 F","4.75","4.75","7%","-3%","1","90","0","0","0","0","0","0","0","0","0","0","0","2","8","0","1","2","0","0","1","0"
"*04c3c*","Rhian Brewster","LIV/SHU","F","345","FA","BUR 0<br/>@SHU 1 F","4.75","4.75","0%","0%","1","74","0","0","1","0","0","1","1","0","1","0","1","0","0","1","0","1","0","0","1","0"
"*032f5*","Paul Dummett","NEW","D","297","FA","NEW 2<br/>@FUL 0 F","4.75","4.75","0%","0%","1","90","0","0","0","0","0","0","0","0","0","0","0","3","3","0","1","4","0","0","2","0"
"*03yrr*","Mohamed Elneny","ARS","M","322","FA","BHA 0<br/>@ARS 2 F","4.75","4.75","0%","0%","1","67","0","0","0","0","0","0","1","0","0","0","0","2","0","0","0","2","0","0","1","0"
"*0522s*","Che Adams","SOU","F","42","FA","SOU 0<br/>@WHU 3 F","4.5","4.5","0%","0%","1","90","0","0","1","0","0","1","0","1","0","0","0","0","2","0","0","2","0","0","2","0"
"*04qrf*","Helder Costa","LEE","F","265","FA","WBA 1<br/>@LEE 3 F","4.5","4.5","0%","0%","1","66","0","0","0","0","0","0","2","0","0","0","0","0","0","2","0","0","0","0","1","0"
"*0435m*","Granit Xhaka","ARS","M","215","FA","BHA 0<br/>@ARS 2 F","4.25","4.25","80%","+1%","1","90","0","0","0","0","0","0","1","0","0","0","1","0","0","0","0","4","0","0","1","0"
"*02lv9*","James Milner","LIV","M","272","FA","CRY 0<br/>@LIV 2 F","4.25","4.25","1%","0%","1","90","0","0","0","0","0","0","1","1","0","0","0","1","2","1","1","1","0","0","1","0"
"*05mxb*","Hakim Ziyech","CHE","M","177","FA","CHE 1<br/>@AVL 2 F","4.25","4.25","0%","0%","1","76","0","0","1","0","0","0","0","2","0","0","0","1","0","1","0","0","0","0","0","1"
"*052cd*","Mason Mount","CHE","M","6","Laeka B","CHE 1<br/>@AVL 2 F","4","4","17%","0%","1","90","0","0","1","0","0","0","0","3","0","0","0","0","0","2","0","1","0","0","0","1"
"*037mt*","Harrison Reed","FUL","M","147","FA","NEW 2<br/>@FUL 0 F","4","4","0%","0%","1","20","0","0","0","0","0","0","1","0","0","0","0","2","0","0","1","0","0","0","1","0"
"*05o8k*","Fabio Silva","WOL","F","242","FA","MUN 2<br/>@WOL 1 F","4","4","0%","0%","1","12","0","0","1","0","0","1","0","0","0","0","0","0","0","0","0","0","0","0","0","0"
"*02llz*","Ciaran Clark","NEW","D","260","FA","NEW 2<br/>@FUL 0 F","4","4","0%","0%","1","90","0","0","0","0","0","0","1","0","0","0","0","2","11","0","2","1","0","0","2","0"
"*043qz*","Pierre-Emile Hojbjerg","TOT","M","86","Tim O","TOT 4<br/>@LEI 2 F","4","2","0%","0%","2","180","0","0","1","0","0","0","1","0","1","0","0","2","1","0","0","2","0","0","3","0"
"*04rhd*","Fabinho","LIV","M","212","Tim O","CRY 0<br/>@LIV 2 F","4","4","0%","0%","1","90","0","0","0","0","0","0","1","0","0","0","0","1","4","0","0","1","0","0","1","0"
"*03am7*","Jacob Murphy","NEW","M","167","FA","NEW 2<br/>@FUL 0 F","3.5","3.5","56%","0%","1","90","0","0","0","0","0","2","1","0","1","0","0","0","1","1","0","0","0","0","2","0"
"*03yqz*","Joe Rodon","SWA/TOT","D","342","FA","TOT 4<br/>@LEI 2 F","3.5","3.5","26%","-7%","1","90","0","0","0","0","0","0","1","0","0","0","0","2","2","0","1","3","0","0","2","0"
"*04qos*","Issa Diop","WHU","D","321","FA","SOU 0<br/>@WHU 3 F","3.5","3.5","2%","+1%","1","90","1","0","0","0","0","1","0","1","0","0","0","0","1","1","3","1","0","1","3","0"
"*0435t*","Ilkay Gundogan","MCI","M","27","FA","EVE 0<br/>@MCI 5 F","3.5","3.5","1%","0%","1","90","0","0","2","0","0","0","0","0","1","0","0","0","0","2","0","1","0","0","1","0"
"*044ej*","Johann Gudmundsson","BUR","M","262","FA","BUR 0<br/>@SHU 1 F","3.5","3.5","0%","0%","1","87","0","0","1","0","0","0","0","0","0","0","0","0","2","1","0","0","0","0","2","0"
"*03rzp*","Antonee Robinson","FUL","D","119","FA","NEW 2<br/>@FUL 0 F","3.25","3.25","72%","+7%","1","90","0","0","0","0","0","0","1","0","0","0","0","1","3","2","0","0","0","0","1","0"
"*04ym3*","Ian Poveda-Ocampo","LEE","F","393","FA","WBA 1<br/>@LEE 3 F","3.25","3.25","0%","0%","1","22","0","0","1","0","0","0","1","2","0","0","0","0","0","1","0","0","0","0","0","0"
"*056mf*","Neal Maupay","BHA","F","112","FA","BHA 0<br/>@ARS 2 F","3.25","3.25","0%","0%","1","15","0","0","1","0","0","0","1","0","0","0","0","0","0","0","0","0","0","0","0","0"
"*0522h*","Alexis Mac Allister","BHA","M","279","FA","BHA 0<br/>@ARS 2 F","3","3","85%","-2%","1","73","0","0","0","0","0","0","0","0","0","0","0","0","0","2","0","0","0","0","0","1"
"*051k3*","Jacob Ramsey","AVL","M","380","FA","CHE 1<br/>@AVL 2 F","3","3","12%","+1%","1","44","0","0","1","0","0","0","0","0","0","0","1","0","0","0","0","0","0","0","2","0"
"*02lls*","Marc Albrighton","LEI","M","114","CFPL","TOT 4<br/>@LEI 2 F","3","3","0%","0%","1","28","0","0","1","0","0","0","0","0","0","0","0","0","0","1","0","0","0","0","0","0"
"*040ah*","Tom Davies","EVE","M","261","FA","EVE 0<br/>@MCI 5 F","3","3","0%","0%","1","83","0","0","1","0","0","0","2","0","1","0","0","1","1","0","0","0","0","0","2","0"
"*02ope*","Olivier Giroud","CHE","F","292","FA","CHE 1<br/>@AVL 2 F","3","3","0%","0%","1","12","0","0","0","0","0","1","0","0","0","0","0","0","1","0","0","2","0","0","0","0"
"*03sd5*","Manuel Lanzini","WHU","M","343","FA","SOU 0<br/>@WHU 3 F","3","3","0%","0%","1","2","0","0","1","0","0","0","0","0","0","0","0","0","0","1","0","0","0","0","0","0"
"*0574a*","Giovani Lo Celso","TOT","M","278","FA","TOT 4<br/>@LEI 2 F","3","3","0%","0%","1","78","0","0","1","0","0","0","1","3","0","0","0","1","0","0","0","0","0","0","1","0"
"*04aj0*","Ademola Lookman","EVE/FUL","F","47","I_am_Tim","NEW 2<br/>@FUL 0 F","3","3","0%","0%","1","68","0","0","1","0","0","0","0","2","0","0","0","0","0","2","0","0","0","0","0","1"
"*03juz*","Toby Alderweireld","TOT","D","208","FA","TOT 4<br/>@LEI 2 F","2.75","1.38","0%","0%","2","180","0","0","0","0","0","0","1","0","0","0","0","0","9","0","1","5","0","0","3","0"
"*05n5p*","Mohammed Salisu","SOU","D","364","FA","SOU 0<br/>@WHU 3 F","2.75","2.75","0%","0%","1","90","0","0","0","0","0","1","2","3","0","0","0","0","6","1","1","1","0","0","2","0"
"*03rxi*","Georginio Wijnaldum","LIV","M","184","FA","CRY 0<br/>@LIV 2 F","2.75","2.75","0%","0%","1","90","0","0","0","0","0","0","1","0","0","0","0","1","1","0","0","0","0","0","1","0"
"*04mi4*","Callum Hudson-Odoi","CHE","F","199","FA","CHE 1<br/>@AVL 2 F","2.5","2.5","51%","-2%","1","22","0","0","1","0","0","0","0","3","0","0","2","0","1","0","0","0","0","0","0","0"
"*03ksl*","Semi Ajayi","WBA","D","306","FA","WBA 1<br/>@LEE 3 F","2.5","2.5","0%","0%","1","44","0","0","0","0","0","0","0","1","0","0","0","1","2","0","1","1","0","0","0","0"
"*05n01*","Ezgjan Alioski","LEE","M","128","FA","WBA 1<br/>@LEE 3 F","2.5","2.5","0%","0%","1","78","0","0","0","0","0","0","2","0","1","0","0","2","2","0","0","0","0","0","1","0"
"*05n0b*","Matheus Pereira","WBA","M","15","RyRob","WBA 1<br/>@LEE 3 F","2.5","2.5","0%","0%","1","72","0","0","1","0","0","0","0","0","0","0","0","0","0","0","0","1","0","0","3","0"
"*02lnf*","Joshua King","BOU/EVE","F","433","FA","EVE 0<br/>@MCI 5 F","2.5","2.5","0%","0%","1","5","0","0","0","0","0","1","0","0","0","0","0","0","0","0","0","1","0","0","0","0"
"*04fw3*","Alexandre Lacazette","ARS","F","70","JADON","BHA 0<br/>@ARS 2 F","2.5","2.5","0%","0%","1","69","0","0","1","0","0","0","0","0","0","0","0","0","0","0","0","1","0","0","1","0"
"*02ygz*","Moussa Sissoko","TOT","M","305","FA","TOT 4<br/>@LEI 2 F","2.5","2.5","0%","0%","1","90","0","0","0","0","0","0","0","0","0","0","0","0","1","1","1","2","0","0","2","0"
"*03yuo*","Keinan Davis","AVL","F","355","FA","CHE 1<br/>@AVL 2 F","2.25","2.25","0%","0%","1","44","0","0","0","0","0","0","1","0","0","0","0","0","0","0","0","2","0","0","0","0"
"*037sc*","Erik Lamela","TOT","M","325","FA","TOT 4<br/>@LEI 2 F","2.25","1.12","0%","0%","2","35","0","0","0","0","0","0","1","2","0","0","0","0","0","2","0","0","0","0","0","0"
"*04mqu*","Aymeric Laporte","MCI","D","267","FA","EVE 0<br/>@MCI 5 F","2.25","2.25","0%","0%","1","44","0","0","0","0","0","0","0","0","0","0","0","1","0","0","0","1","0","0","0","0"
"*05mzz*","Pascal Struijk","LEE","D","195","FA","WBA 1<br/>@LEE 3 F","2","2","45%","-14%","1","90","0","0","0","0","0","0","1","0","0","0","0","1","5","0","1","0","0","0","1","0"
"*02lpf*","Ross Barkley","CHE/AVL","M","163","FA","CHE 1<br/>@AVL 2 F","2","2","11%","-2%","1","26","0","0","1","0","0","0","0","0","0","0","0","0","0","0","0","0","0","0","0","0"
"*045c8*","Gabriel Jesus","MCI","F","79","Noah B","EVE 0<br/>@MCI 5 F","2","2","10%","0%","1","44","0","0","1","0","0","0","0","1","0","0","0","0","0","0","0","1","0","0","1","0"
"*03mga*","Darnell Furlong","WBA","D","118","RyRob","WBA 1<br/>@LEE 3 F","2","2","0%","0%","1","90","0","0","0","0","0","0","2","0","0","0","0","0","2","0","0","5","0","0","3","0"
"*05oeg*","Vitinha","WOL","M","350","FA","MUN 2<br/>@WOL 1 F","2","2","0%","0%","1","17","0","0","1","0","0","0","0","0","0","0","0","0","0","0","0","0","0","0","0","0"
"*05r37*","Jakub Moder","BHA","M","379","FA","BHA 0<br/>@ARS 2 F","2","2","0%","0%","1","3","0","0","1","0","0","0","0","0","0","0","0","0","0","0","0","0","0","0","0","0"
"*02lz9*","Alex Oxlade-Chamberlain","LIV","M","391","FA","CRY 0<br/>@LIV 2 F","2","2","0%","0%","1","8","0","0","0","0","0","1","0","0","0","0","0","0","0","0","0","0","0","0","1","0"
"*04lav*","Ethan Ampadu","SHU","D","231","FA","BUR 0<br/>@SHU 1 F","1.75","1.75","58%","-5%","1","82","0","0","0","0","0","0","1","1","0","0","0","2","2","0","0","0","0","0","1","0"
"*03frx*","Ola Aina","FUL","D","161","FA","NEW 2<br/>@FUL 0 F","1.75","1.75","39%","-8%","1","90","0","0","0","0","0","0","2","1","0","0","0","0","3","1","0","0","0","0","1","0"
"*044nm*","Rob Holding","ARS","D","160","JADON","BHA 0<br/>@ARS 2 F","1.75","1.75","0%","0%","1","90","0","0","0","0","0","0","0","1","0","0","0","0","4","1","1","2","0","0","1","0"
"*0326y*","Hector Bellerin","ARS","D","176","I_am_Tim","BHA 0<br/>@ARS 2 F","1.75","1.75","0%","0%","1","67","0","0","0","0","0","0","1","0","0","0","0","2","0","0","0","0","0","0","1","0"
"*038zf*","Callum Robinson","WBA","F","224","FA","WBA 1<br/>@LEE 3 F","1.75","1.75","0%","0%","1","44","0","0","0","0","0","0","0","1","0","0","0","1","0","1","0","0","0","0","3","0"
"*02ooq*","Hal Robson-Kanu","WBA","F","373","FA","WBA 1<br/>@LEE 3 F","1.75","1.75","0%","0%","1","28","0","0","0","0","0","0","0","1","0","0","0","1","0","1","0","0","0","0","0","0"
"*02lmo*","Enda Stevens","SHU","D","308","FA","BUR 0<br/>@SHU 1 F","1.75","1.75","0%","0%","1","90","0","0","0","0","0","1","2","2","1","0","1","1","0","0","0","1","0","0","1","0"
"*05omu*","Ruben Dias","MCI","D","115","No Slips","EVE 0<br/>@MCI 5 F","1.5","1.5","73%","0%","1","90","0","0","0","0","0","0","0","0","0","0","0","1","4","0","1","1","0","0","1","0"
"*03r8x*","Callum Wilson","NEW","F","83","FA","NEW 2<br/>@FUL 0 F","1.5","1.5","16%","+4%","1","25","0","0","0","0","0","0","0","1","0","0","0","0","1","2","0","0","0","0","2","0"
"*043c1*","Oleksandr Zinchenko","MCI","D","216","I_am_Tim","EVE 0<br/>@MCI 5 F","1.5","1.5","1%","0%","1","90","0","0","0","0","0","0","1","0","0","0","0","0","1","1","0","1","0","0","1","0"
"*05oyq*","Said Benrahma","WHU","F","164","JADON","SOU 0<br/>@WHU 3 F","1.5","1.5","0%","0%","1","14","0","0","0","0","0","0","0","1","0","0","0","0","0","2","0","0","0","0","1","0"
"*03dx7*","Ben Mee","BUR","D","91","FA","BUR 0<br/>@SHU 1 F","1.5","1.5","0%","0%","1","90","0","0","0","0","0","0","1","0","0","0","0","3","8","0","2","0","0","0","3","0"
"*055sk*","Nicolas Pepe","ARS","F","122","JLINGZ","BHA 0<br/>@ARS 2 F","1.5","1.5","0%","0%","1","21","0","0","0","0","0","1","0","1","0","0","0","0","0","0","0","0","0","0","0","0"
"*02lkm*","Jonjo Shelvey","NEW","M","120","FA","NEW 2<br/>@FUL 0 F","1.5","1.5","0%","0%","1","90","0","0","0","0","0","0","0","0","1","0","0","2","3","0","3","1","0","0","2","0"
"*04s60*","Jannik Vestergaard","SOU","D","117","FA","SOU 0<br/>@WHU 3 F","1.5","1.5","0%","0%","1","90","0","0","0","0","0","0","1","0","0","0","1","0","1","0","0","3","0","0","2","0"
"*02lnx*","Danny Welbeck","WAT/BHA","F","171","RyRob","BHA 0<br/>@ARS 2 F","1.25","1.25","89%","+1%","1","85","0","0","0","0","0","0","0","0","0","0","0","1","0","0","0","0","0","0","0","1"
"*02lp9*","Kyle Walker","MCI","D","226","FA","EVE 0<br/>@MCI 5 F","1.25","1.25","11%","0%","1","90","0","0","0","0","0","0","0","0","0","0","0","0","0","0","1","3","0","0","1","0"
"*04k81*","Oliver Burke","SHU","M","301","FA","BUR 0<br/>@SHU 1 F","1.25","1.25","0%","0%","1","14","0","0","0","0","0","0","1","2","0","0","1","0","0","0","0","0","0","0","0","0"
"*05os3*","Ibrahima Diallo","SOU","M","341","FA","SOU 0<br/>@WHU 3 F","1.25","1.25","0%","0%","1","32","0","0","0","0","0","0","1","0","0","0","0","0","0","0","0","0","0","0","2","0"
"*05n04*","Mateusz Klich","LEE","M","116","FA","WBA 1<br/>@LEE 3 F","1.25","1.25","0%","0%","1","10","0","0","0","0","0","0","0","0","0","0","0","1","0","0","0","0","0","0","0","0"
"*02rll*","Nathan Redmond","SOU","M","166","JLINGZ","SOU 0<br/>@WHU 3 F","1.25","1.25","0%","0%","1","5","0","0","0","0","0","0","1","0","0","0","0","0","0","0","0","0","0","0","1","0"
"*02lzn*","Theo Walcott","EVE/SOU","M","204","FA","SOU 0<br/>@WHU 3 F","1.25","1.25","0%","0%","1","66","0","0","0","0","0","0","1","0","0","0","0","0","0","0","0","0","0","0","1","0"
"*038ze*","Alex Iwobi","EVE","M","225","FA","EVE 0<br/>@MCI 5 F","1","1","83%","+7%","1","60","0","0","0","0","0","0","1","3","0","0","0","1","0","0","0","0","0","0","1","0"
"*04e1e*","Ben White","BHA","D","170","FA","BHA 0<br/>@ARS 2 F","1","1","70%","-1%","1","88","0","0","0","0","0","0","0","1","0","1","0","1","0","0","1","1","0","0","0","1"
"*05o8o*","Jayden Bogle","SHU","D","304","FA","BUR 0<br/>@SHU 1 F","1","1","32%","-8%","1","6","0","0","0","0","0","0","0","0","0","0","0","0","0","1","0","0","0","0","0","0"
"*04fk8*","Victor Lindelof","MUN","D","183","FA","MUN 2<br/>@WOL 1 F","1","1","1%","0%","1","90","0","0","0","0","0","0","0","0","0","0","0","1","3","0","0","1","0","0","1","0"
"*03m3q*","Ainsley Maitland-Niles","ARS/WBA","M","253","FA","WBA 1<br/>@LEE 3 F","1","1","0%","0%","1","90","0","0","0","0","0","0","0","1","0","0","0","1","1","0","0","0","0","0","3","0"
"*03632*","Matej Vydra","BUR","F","244","FA","BUR 0<br/>@SHU 1 F","1","1","0%","0%","1","1","0","0","0","0","0","0","0","0","0","0","0","0","0","1","0","0","0","0","1","0"
"*05mxc*","Timo Werner","CHE","F","46","CFPL","CHE 1<br/>@AVL 2 F","1","1","0%","0%","1","22","0","0","0","0","0","0","0","0","0","0","0","0","0","1","1","0","0","0","0","0"
"*055se*","Marvelous Nakamba","AVL","M","360","FA","CHE 1<br/>@AVL 2 F","0.75","0.75","0%","0%","1","62","0","0","0","0","0","0","0","0","0","0","0","0","1","0","0","1","0","0","2","0"
"*03gu4*","Harry Maguire","MUN","D","45","FA","MUN 2<br/>@WOL 1 F","0.5","0.5","43%","+3%","1","90","0","0","0","0","0","0","1","0","0","0","0","0","3","0","2","0","0","0","1","0"
"*02m5l*","John Egan","SHU","D","248","FA","BUR 0<br/>@SHU 1 F","0.5","0.5","0%","0%","1","90","0","0","0","0","0","0","1","1","0","0","0","1","1","0","1","0","0","0","1","0"
"*03m5c*","Ruben Loftus-Cheek","CHE/FUL","M","233","FA","NEW 2<br/>@FUL 0 F","0.5","0.5","0%","0%","1","12","0","0","0","0","0","0","0","0","0","0","0","0","0","0","0","1","0","0","1","0"
"*03278*","Fernandinho","MCI","D","222","FA","EVE 0<br/>@MCI 5 F","0.5","0.5","0%","0%","1","1","0","0","0","0","0","0","0","1","0","0","0","0","0","0","0","1","0","0","0","0"
"*04gpx*","Dara O'Shea","WBA","D","258","FA","WBA 1<br/>@LEE 3 F","0.5","0.5","0%","0%","1","90","0","0","0","0","0","0","1","0","0","0","0","3","5","0","1","0","0","0","3","0"
"*055c0*","Ben Osborn","SHU","M","249","FA","BUR 0<br/>@SHU 1 F","0.5","0.5","0%","0%","1","74","0","0","0","0","0","0","0","1","0","0","0","0","0","1","0","0","0","0","1","0"
"*0327r*","Michael Keane","EVE","D","69","Tim O","EVE 0<br/>@MCI 5 F","0.25","0.25","71%","+3%","1","90","0","0","0","0","0","0","0","0","0","0","0","0","3","0","2","3","0","0","2","0"
"*03eke*","Ayoze Perez","LEI","M","206","FA","TOT 4<br/>@LEI 2 F","0.25","0.25","0%","0%","1","17","0","0","0","0","0","0","1","2","0","0","0","0","0","0","0","0","0","0","0","0"
"*03vlj*","Virgil van Dijk","LIV","D","410","FA","CRY 0<br/>@LIV 2 F","0","0","100%","0%","0","0","0","0","0","0","0","0","0","0","0","0","0","0","0","0","0","0","0","0","0","0"
"*04agz*","Declan Rice","WHU","M","73","RyRob","SOU 0<br/>@WHU 3 F","0","0","100%","0%","0","0","0","0","0","0","0","0","0","0","0","0","0","0","0","0","0","0","0","0","0","0"
"*05l8q*","Cole Palmer","MCI","M","584","FA","EVE 0<br/>@MCI 5 F","0","0","100%","0%","0","0","0","0","0","0","0","0","0","0","0","0","0","0","0","0","0","0","0","0","0","0"
"*04qr9*","Morgan Gibbs-White","WOL","M","357","FA","MUN 2<br/>@WOL 1 F","0","0","99%","0%","0","0","0","0","0","0","0","0","0","0","0","0","0","0","0","0","0","0","0","0","0","0"
"*05r94*","Iliman Ndiaye","SHU","M","456","FA","BUR 0<br/>@SHU 1 F","0","0","99%","0%","0","0","0","0","0","0","0","0","0","0","0","0","0","0","0","0","0","0","0","0","0","0"
"*05opj*","Elliot Anderson","NEW","M","464","FA","NEW 2<br/>@FUL 0 F","0","0","99%","0%","0","0","0","0","0","0","0","0","0","0","0","0","0","0","0","0","0","0","0","0","0","0"
"*05a6e*","Neco Williams","LIV","D","392","FA","CRY 0<br/>@LIV 2 F","0","0","98%","0%","0","0","0","0","0","0","0","0","0","0","0","0","0","0","0","0","0","0","0","0","0","0"
"*05nt6*","Eberechi Eze","CRY","M","59","RyRob","CRY 0<br/>@LIV 2 F","0","0","98%","0%","0","0","0","0","0","0","0","0","0","0","0","0","0","0","0","0","0","0","0","0","0","0"
"*05akv*","Tyrick Mitchell","CRY","D","289","FA","CRY 0<br/>@LIV 2 F","0","0","97%","0%","0","0","0","0","0","0","0","0","0","0","0","0","0","0","0","0","0","0","0","0","0","0"
"*03aqp*","Mohamed Salah","LIV","F","4","RyRob","CRY 0<br/>@LIV 2 F","0","0","97%","0%","1","18","0","0","0","0","0","0","0","0","0","0","0","0","1","0","0","0","0","0","1","0"
"*05r9b*","Martin Odegaard","ARS","M","284","FA","BHA 0<br/>@ARS 2 F","0","0","96%","0%","0","0","0","0","0","0","0","0","0","0","0","0","0","0","0","0","0","0","0","0","0","0"
"*056iy*","Pedro Neto","WOL","F","21","FA","MUN 2<br/>@WOL 1 F","0","0","95%","-1%","0","0","0","0","0","0","0","0","0","0","0","0","0","0","0","0","0","0","0","0","0","0"
"*05r34*","Amad Diallo","MUN","F","408","FA","MUN 2<br/>@WOL 1 F","0","0","95%","0%","0","0","0","0","0","0","0","0","0","0","0","0","0","0","0","0","0","0","0","0","0","0"
"*05r8o*","Jean-Philippe Mateta","CRY","F","401","FA","CRY 0<br/>@LIV 2 F","0","0","93%","-2%","0","0","0","0","0","0","0","0","0","0","0","0","0","0","0","0","0","0","0","0","0","0"
"*04qrc*","Raul Jimenez","WOL","F","302","FA","MUN 2<br/>@WOL 1 F","0","0","86%","-5%","0","0","0","0","0","0","0","0","0","0","0","0","0","0","0","0","0","0","0","0","0","0"
"*049tq*","Dominic Calvert-Lewin","EVE","F","20","Laeka B","EVE 0<br/>@MCI 5 F","0","0","82%","0%","0","0","0","0","0","0","0","0","0","0","0","0","0","0","0","0","0","0","0","0","0","0"
"*05rb8*","Moises Caicedo","BHA","M","484","FA","BHA 0<br/>@ARS 2 F","0","0","80%","0%","0","0","0","0","0","0","0","0","0","0","0","0","0","0","0","0","0","0","0","0","0","0"
"*05rl4*","Crysencio Summerville","LEE","M","608","FA","WBA 1<br/>@LEE 3 F","0","0","79%","-2%","0","0","0","0","0","0","0","0","0","0","0","0","0","0","0","0","0","0","0","0","0","0"
"*04abn*","Harvey Barnes","LEI","M","62","FA","TOT 4<br/>@LEI 2 F","0","0","69%","+9%","0","0","0","0","0","0","0","0","0","0","0","0","0","0","0","0","0","0","0","0","0","0"
"*05raa*","Hugo Bueno","WOL","D","483","FA","MUN 2<br/>@WOL 1 F","0","0","54%","-1%","0","0","0","0","0","0","0","0","0","0","0","0","0","0","0","0","0","0","0","0","0","0"
"*051k8*","Conor Gallagher","CHE/WBA","M","172","FA","WBA 1<br/>@LEE 3 F","0","0","50%","+1%","0","0","0","0","0","0","0","0","0","0","0","0","0","0","0","0","0","0","0","0","0","0"
"*05t6x*","William Osula","SHU","F","583","FA","BUR 0<br/>@SHU 1 F","0","0","45%","+3%","0","0","0","0","0","0","0","0","0","0","0","0","0","0","0","0","0","0","0","0","0","0"
"*05s08*","Valentino Livramento","CHE","D","560","FA","CHE 1<br/>@AVL 2 F","0","0","42%","-1%","0","0","0","0","0","0","0","0","0","0","0","0","0","0","0","0","0","0","0","0","0","0"
"*05ogb*","Anthony Elanga","MUN","F","405","FA","MUN 2<br/>@WOL 1 F","0","0","36%","-1%","0","0","0","0","0","0","0","0","0","0","0","0","0","0","0","0","0","0","0","0","0","0"
"*02lm7*","Jack Grealish","AVL","M","10","CFPL","CHE 1<br/>@AVL 2 F","0","0","33%","-1%","0","0","0","0","0","0","0","0","0","0","0","0","0","0","0","0","0","0","0","0","0","0"
"*05oig*","Liam Delap","MCI","F","500","FA","EVE 0<br/>@MCI 5 F","0","0","32%","0%","0","0","0","0","0","0","0","0","0","0","0","0","0","0","0","0","0","0","0","0","0","0"
"*05oeh*","Kenny Tete","FUL","D","210","FA","NEW 2<br/>@FUL 0 F","0","0","32%","0%","0","0","0","0","0","0","0","0","0","0","0","0","0","0","0","0","0","0","0","0","0","0"
"*0521z*","James Justin","LEI","D","126","FA","TOT 4<br/>@LEI 2 F","0","0","31%","-5%","0","0","0","0","0","0","0","0","0","0","0","0","0","0","0","0","0","0","0","0","0","0"
"*04tig*","Fabian Schar","NEW","D","369","FA","NEW 2<br/>@FUL 0 F","0","0","28%","0%","0","0","0","0","0","0","0","0","0","0","0","0","0","0","0","0","0","0","0","0","0","0"
"*02y6o*","Nathan Ake","MCI","D","374","FA","EVE 0<br/>@MCI 5 F","0","0","24%","+1%","0","0","0","0","0","0","0","0","0","0","0","0","0","0","0","0","0","0","0","0","0","0"
"*04yey*","Max Kilman","WOL","D","273","FA","MUN 2<br/>@WOL 1 F","0","0","19%","0%","0","0","0","0","0","0","0","0","0","0","0","0","0","0","0","0","0","0","0","0","0","0"
"*04o82*","Curtis Jones","LIV","M","257","FA","CRY 0<br/>@LIV 2 F","0","0","19%","0%","0","0","0","0","0","0","0","0","0","0","0","0","0","0","0","0","0","0","0","0","0","0"
"*03yr0*","Daniel James","MUN","M","300","FA","MUN 2<br/>@WOL 1 F","0","0","18%","0%","0","0","0","0","0","0","0","0","0","0","0","0","0","0","0","0","0","0","0","0","0","0"
"*0410j*","Tammy Abraham","CHE","F","223","FA","CHE 1<br/>@AVL 2 F","0","0","14%","-5%","0","0","0","0","0","0","0","0","0","0","0","0","0","0","0","0","0","0","0","0","0","0"
"*05gcs*","Sander Berge","SHU","M","312","FA","BUR 0<br/>@SHU 1 F","0","0","14%","0%","0","0","0","0","0","0","0","0","0","0","0","0","0","0","0","0","0","0","0","0","0","0"
"*04ge8*","Reiss Nelson","ARS","F","447","FA","BHA 0<br/>@ARS 2 F","0","0","9%","0%","0","0","0","0","0","0","0","0","0","0","0","0","0","0","0","0","0","0","0","0","0","0"
"*02lk5*","Jordan Henderson","LIV","M","232","FA","CRY 0<br/>@LIV 2 F","0","0","5%","0%","0","0","0","0","0","0","0","0","0","0","0","0","0","0","0","0","0","0","0","0","0","0"
"*05ojf*","Fabio Carvalho","FUL","M","381","JLINGZ","NEW 2<br/>@FUL 0 F","0","0","4%","0%","0","0","0","0","0","0","0","0","0","0","0","0","0","0","0","0","0","0","0","0","0","0"
"*03r93*","Joseph Gomez","LIV","D","422","FA","CRY 0<br/>@LIV 2 F","0","0","3%","+1%","0","0","0","0","0","0","0","0","0","0","0","0","0","0","0","0","0","0","0","0","0","0"
"*05t6z*","Tim Iroegbunam","WBA","M","540","FA","WBA 1<br/>@LEE 3 F","0","0","3%","0%","0","0","0","0","0","0","0","0","0","0","0","0","0","0","0","0","0","0","0","0","0","0"
"*05t6y*","Hannibal Mejbri","MUN","M","457","FA","MUN 2<br/>@WOL 1 F","0","0","2%","0%","0","0","0","0","0","0","0","0","0","0","0","0","0","0","0","0","0","0","0","0","0","0"
"*04u41*","Mateo Kovacic","CHE","M","205","FA","CHE 1<br/>@AVL 2 F","0","0","2%","0%","0","0","0","0","0","0","0","0","0","0","0","0","0","0","0","0","0","0","0","0","0","0"
"*02oo1*","Ben Davies","TOT","D","259","FA","TOT 4<br/>@LEI 2 F","0","0","1%","0%","0","0","0","0","0","0","0","0","0","0","0","0","0","0","0","0","0","0","0","0","0","0"
"*04e1k*","Solly March","BHA","M","136","FA","BHA 0<br/>@ARS 2 F","0","0","1%","0%","0","0","0","0","0","0","0","0","0","0","0","0","0","0","0","0","0","0","0","0","0","0"
"*02m11*","Matt Doherty","TOT","D","237","FA","TOT 4<br/>@LEI 2 F","0","0","1%","0%","0","0","0","0","0","0","0","0","0","0","0","0","0","0","0","0","0","0","0","0","0","0"
"*0328q*","Tom Cairney","FUL","M","307","FA","NEW 2<br/>@FUL 0 F","0","0","1%","0%","0","0","0","0","0","0","0","0","0","0","0","0","0","0","0","0","0","0","0","0","0","0"
"*05r4h*","Lamare Bogarde","AVL","M","478","FA","CHE 1<br/>@AVL 2 F","0","0","1%","0%","0","0","0","0","0","0","0","0","0","0","0","0","0","0","0","0","0","0","0","0","0","0"
"*02t1k*","Nathaniel Clyne","LIV/CRY","D","386","FA","CRY 0<br/>@LIV 2 F","0","0","1%","0%","0","0","0","0","0","0","0","0","0","0","0","0","0","0","0","0","0","0","0","0","0","0"
"*04yjx*","Ki-Jana Hoever","LIV/WOL","D","400","FA","MUN 2<br/>@WOL 1 F","0","0","1%","0%","0","0","0","0","0","0","0","0","0","0","0","0","0","0","0","0","0","0","0","0","0","0"
"*03xrs*","Axel Tuanzebe","MUN","D","641","FA","MUN 2<br/>@WOL 1 F","0","0","1%","0%","0","0","0","0","0","0","0","0","0","0","0","0","0","0","0","0","0","0","0","0","0","0"
"*05n3v*","Konstantinos Tsimikas","LIV","D","615","FA","CRY 0<br/>@LIV 2 F","0","0","1%","0%","0","0","0","0","0","0","0","0","0","0","0","0","0","0","0","0","0","0","0","0","0","0"
"*05g4d*","Dennis Cirkin","TOT","D","491","FA","TOT 4<br/>@LEI 2 F","0","0","1%","0%","0","0","0","0","0","0","0","0","0","0","0","0","0","0","0","0","0","0","0","0","0","0"
"*02lkp*","Raheem Sterling","MCI","F","38","JLINGZ","EVE 0<br/>@MCI 5 F","0","0","1%","0%","0","0","0","0","0","0","0","0","0","0","0","0","0","0","0","0","0","0","0","0","0","0"
"*03v6t*","Ben Chilwell","CHE","D","57","Yum","CHE 1<br/>@AVL 2 F","0","0","0%","0%","0","0","0","0","0","0","0","0","0","0","0","0","0","0","0","0","0","0","0","0","0","0"
"*05746*","Emil Krafth","NEW","D","332","FA","NEW 2<br/>@FUL 0 F","0","0","0%","0%","0","0","0","0","0","0","0","0","0","0","0","0","0","0","0","0","0","0","0","0","0","0"
"*05nip*","Dane Scarlett","TOT","F","598","FA","TOT 4<br/>@LEI 2 F","0","0","0%","0%","0","0","0","0","0","0","0","0","0","0","0","0","0","0","0","0","0","0","0","0","0","0"
"*05ogh*","Harrison Ashby","WHU","D","467","FA","SOU 0<br/>@WHU 3 F","0","0","0%","0%","0","0","0","0","0","0","0","0","0","0","0","0","0","0","0","0","0","0","0","0","0","0"
"*04mqv*","Emerson","CHE","D","414","FA","CHE 1<br/>@AVL 2 F","0","0","0%","0%","0","0","0","0","0","0","0","0","0","0","0","0","0","0","0","0","0","0","0","0","0","0"
"*03vll*","Michail Antonio","WHU","M","56","JLINGZ","SOU 0<br/>@WHU 3 F","0","0","0%","0%","0","0","0","0","0","0","0","0","0","0","0","0","0","0","0","0","0","0","0","0","0","0"
"*05a6d*","Tariq Lamptey","BHA","D","294","FA","BHA 0<br/>@ARS 2 F","0","0","0%","0%","0","0","0","0","0","0","0","0","0","0","0","0","0","0","0","0","0","0","0","0","0","0"
"*045yy*","Arthur Masuaku","WHU","D","270","FA","SOU 0<br/>@WHU 3 F","0","0","0%","0%","0","0","0","0","0","0","0","0","0","0","0","0","0","0","0","0","0","0","0","0","0","0"
"*05rjn*","Jesurun Rak-Sakyi","CRY","M","589","FA","CRY 0<br/>@LIV 2 F","0","0","0%","0%","0","0","0","0","0","0","0","0","0","0","0","0","0","0","0","0","0","0","0","0","0","0"
"*05r4r*","Sam Greenwood","LEE","F","525","FA","WBA 1<br/>@LEE 3 F","0","0","0%","0%","0","0","0","0","0","0","0","0","0","0","0","0","0","0","0","0","0","0","0","0","0","0"
"*05oji*","Rhys Williams","LIV","D","340","JLINGZ","CRY 0<br/>@LIV 2 F","0","0","0%","0%","0","0","0","0","0","0","0","0","0","0","0","0","0","0","0","0","0","0","0","0","0","0"
"*03dxr*","Ashley Barnes","BUR","F","251","FA","BUR 0<br/>@SHU 1 F","0","0","0%","0%","0","0","0","0","0","0","0","0","0","0","0","0","0","0","0","0","0","0","0","0","0","0"
"*05n3u*","Joe Gelhardt","LEE","F","520","FA","WBA 1<br/>@LEE 3 F","0","0","0%","0%","0","0","0","0","0","0","0","0","0","0","0","0","0","0","0","0","0","0","0","0","0","0"
"*05r2t*","Niall Huggins","LEE","F","538","FA","WBA 1<br/>@LEE 3 F","0","0","0%","0%","0","0","0","0","0","0","0","0","0","0","0","0","0","0","0","0","0","0","0","0","0","0"
"*03pig*","Jamaal Lascelles","NEW","D","326","FA","NEW 2<br/>@FUL 0 F","0","0","0%","0%","0","0","0","0","0","0","0","0","0","0","0","0","0","0","0","0","0","0","0","0","0","0"
"*05r93*","Tyler Onyango","EVE","M","582","FA","EVE 0<br/>@MCI 5 F","0","0","0%","0%","0","0","0","0","0","0","0","0","0","0","0","0","0","0","0","0","0","0","0","0","0","0"
"*05re5*","Carney Chukwuemeka","AVL","M","448","FA","CHE 1<br/>@AVL 2 F","0","0","0%","0%","0","0","0","0","0","0","0","0","0","0","0","0","0","0","0","0","0","0","0","0","0","0"
"*05nio*","Alfie Devine","TOT","M","502","FA","TOT 4<br/>@LEI 2 F","0","0","0%","0%","0","0","0","0","0","0","0","0","0","0","0","0","0","0","0","0","0","0","0","0","0","0"
"*035mq*","Isaac Hayden","NEW","M","238","FA","NEW 2<br/>@FUL 0 F","0","0","0%","0%","0","0","0","0","0","0","0","0","0","0","0","0","0","0","0","0","0","0","0","0","0","0"
"*04mmx*","Michael Obafemi","SOU","F","458","FA","SOU 0<br/>@WHU 3 F","0","0","0%","0%","0","0","0","0","0","0","0","0","0","0","0","0","0","0","0","0","0","0","0","0","0","0"
"*05rka*","Reece Welch","EVE","D","621","FA","EVE 0<br/>@MCI 5 F","0","0","0%","0%","0","0","0","0","0","0","0","0","0","0","0","0","0","0","0","0","0","0","0","0","0","0"
"*02lun*","Sergio Aguero","MCI","F","298","RyRob","EVE 0<br/>@MCI 5 F","0","0","0%","0%","0","0","0","0","0","0","0","0","0","0","0","0","0","0","0","0","0","0","0","0","0","0"
"*03mml*","Dele Alli","TOT","M","328","CFPL","TOT 4<br/>@LEI 2 F","0","0","0%","0%","1","1","0","0","0","0","0","0","0","0","0","0","0","0","0","0","0","0","0","0","0","0"
"*05opn*","Carlos Vinicius","TOT","F","397","FA","TOT 4<br/>@LEI 2 F","0","0","0%","0%","0","0","0","0","0","0","0","0","0","0","0","0","0","0","0","0","0","0","0","0","0","0"
"*03r9c*","Cedric Soares","ARS","D","354","FA","BHA 0<br/>@ARS 2 F","0","0","0%","0%","0","0","0","0","0","0","0","0","0","0","0","0","0","0","0","0","0","0","0","0","0","0"
"*058vf*","Steven Alzate","BHA","M","331","FA","BHA 0<br/>@ARS 2 F","0","0","0%","0%","0","0","0","0","0","0","0","0","0","0","0","0","0","0","0","0","0","0","0","0","0","0"
"*03ysm*","Daniel Amartey","LEI","D","388","FA","TOT 4<br/>@LEI 2 F","0","0","0%","0%","0","0","0","0","0","0","0","0","0","0","0","0","0","0","0","0","0","0","0","0","0","0"
"*04qez*","Florin Andone","BHA","F","465","FA","BHA 0<br/>@ARS 2 F","0","0","0%","0%","0","0","0","0","0","0","0","0","0","0","0","0","0","0","0","0","0","0","0","0","0","0"
"*04u6m*","Bernard","EVE","M","352","FA","EVE 0<br/>@MCI 5 F","0","0","0%","0%","0","0","0","0","0","0","0","0","0","0","0","0","0","0","0","0","0","0","0","0","0","0"
"*059j0*","Faustino Anjorin","CHE","M","466","FA","CHE 1<br/>@AVL 2 F","0","0","0%","0%","0","0","0","0","0","0","0","0","0","0","0","0","0","0","0","0","0","0","0","0","0","0"
"*03dda*","Christian Atsu","NEW","M","469","FA","NEW 2<br/>@FUL 0 F","0","0","0%","0%","0","0","0","0","0","0","0","0","0","0","0","0","0","0","0","0","0","0","0","0","0","0"
"*04mqy*","Pierre-Emerick Aubameyang","ARS","F","103","No Slips","BHA 0<br/>@ARS 2 F","0","0","0%","0%","0","0","0","0","0","0","0","0","0","0","0","0","0","0","0","0","0","0","0","0","0","0"
"*03sgc*","Jordan Ayew","CRY","F","207","FA","CRY 0<br/>@LIV 2 F","0","0","0%","0%","0","0","0","0","0","0","0","0","0","0","0","0","0","0","0","0","0","0","0","0","0","0"
"*02vlk*","Cesar Azpilicueta","CHE","D","84","JLINGZ","CHE 1<br/>@AVL 2 F","0","0","0%","0%","0","0","0","0","0","0","0","0","0","0","0","0","0","0","0","0","0","0","0","0","0","0"
"*0435u*","Eric Bailly","MUN","D","378","FA","MUN 2<br/>@WOL 1 F","0","0","0%","0%","0","0","0","0","0","0","0","0","0","0","0","0","0","0","0","0","0","0","0","0","0","0"
"*04sau*","Fabian Balbuena","WHU","D","313","FA","SOU 0<br/>@WHU 3 F","0","0","0%","0%","0","0","0","0","0","0","0","0","0","0","0","0","0","0","0","0","0","0","0","0","0","0"
"*051kz*","George Baldock","SHU","D","287","FA","BUR 0<br/>@SHU 1 F","0","0","0%","0%","1","90","0","0","0","0","0","0","1","3","0","0","0","0","1","2","0","0","0","0","1","0"
"*059iq*","Folarin Balogun","ARS","F","471","FA","BHA 0<br/>@ARS 2 F","0","0","0%","0%","0","0","0","0","0","0","0","0","0","0","0","0","0","0","0","0","0","0","0","0","0","0"
"*04qfy*","Ricardo Pereira","LEI","D","319","Tim O","TOT 4<br/>@LEI 2 F","0","0","0%","0%","0","0","0","0","0","0","0","0","0","0","0","0","0","0","0","0","0","0","0","0","0","0"
"*02m5c*","Phil Bardsley","BUR","D","436","FA","BUR 0<br/>@SHU 1 F","0","0","0%","0%","0","0","0","0","0","0","0","0","0","0","0","0","0","0","0","0","0","0","0","0","0","0"
"*02rlq*","Chris Basham","SHU","D","227","FA","BUR 0<br/>@SHU 1 F","0","0","0%","0%","0","0","0","0","0","0","0","0","0","0","0","0","0","0","0","0","0","0","0","0","0","0"
"*05lus*","Lewis Bate","CHE","M","474","FA","CHE 1<br/>@AVL 2 F","0","0","0%","0%","0","0","0","0","0","0","0","0","0","0","0","0","0","0","0","0","0","0","0","0","0","0"
"*043bx*","Michy Batshuayi","CRY","F","316","FA","CRY 0<br/>@LIV 2 F","0","0","0%","0%","0","0","0","0","0","0","0","0","0","0","0","0","0","0","0","0","0","0","0","0","0","0"
"*02w6v*","Christian Benteke","CRY","F","49","FA","CRY 0<br/>@LIV 2 F","0","0","0%","0%","0","0","0","0","0","0","0","0","0","0","0","0","0","0","0","0","0","0","0","0","0","0"
"*05mzy*","Gaetano Berardi","LEE","D","420","FA","WBA 1<br/>@LEE 3 F","0","0","0%","0%","0","0","0","0","0","0","0","0","0","0","0","0","0","0","0","0","0","0","0","0","0","0"
"*05gcn*","Steven Bergwijn","TOT","F","280","JLINGZ","TOT 4<br/>@LEI 2 F","0","0","0%","0%","1","6","0","0","0","0","0","0","0","0","0","0","0","0","0","0","0","0","0","0","0","0"
"*04t94*","Adrian Bernabe","MCI","M","475","FA","EVE 0<br/>@MCI 5 F","0","0","0%","0%","0","0","0","0","0","0","0","0","0","0","0","0","0","0","0","0","0","0","0","0","0","0"
"*02m79*","Ryan Bertrand","SOU","D","263","FA","SOU 0<br/>@WHU 3 F","0","0","0%","0%","0","0","0","0","0","0","0","0","0","0","0","0","0","0","0","0","0","0","0","0","0","0"
"*03gou*","Muhamed Besic","EVE","M","476","FA","EVE 0<br/>@MCI 5 F","0","0","0%","0%","0","0","0","0","0","0","0","0","0","0","0","0","0","0","0","0","0","0","0","0","0","0"
"*037mo*","Willian","ARS","F","211","FA","BHA 0<br/>@ARS 2 F","0","0","0%","0%","0","0","0","0","0","0","0","0","0","0","0","0","0","0","0","0","0","0","0","0","0","0"
"*0328o*","Robbie Brady","BUR","M","275","FA","BUR 0<br/>@SHU 1 F","0","0","0%","0%","0","0","0","0","0","0","0","0","0","0","0","0","0","0","0","0","0","0","0","0","0","0"
"*04mdj*","Nathan Broadhead","EVE","M","455","FA","EVE 0<br/>@MCI 5 F","0","0","0%","0%","0","0","0","0","0","0","0","0","0","0","0","0","0","0","0","0","0","0","0","0","0","0"
"*02m6a*","Gary Cahill","CRY","D","269","FA","CRY 0<br/>@LIV 2 F","0","0","0%","0%","0","0","0","0","0","0","0","0","0","0","0","0","0","0","0","0","0","0","0","0","0","0"
"*05gbo*","Leonardo Campana","WOL","F","486","FA","MUN 2<br/>@WOL 1 F","0","0","0%","0%","0","0","0","0","0","0","0","0","0","0","0","0","0","0","0","0","0","0","0","0","0","0"
"*02ljq*","Andy Carroll","NEW","F","372","FA","NEW 2<br/>@FUL 0 F","0","0","0%","0%","1","1","0","0","0","0","0","0","0","0","0","0","0","0","0","0","0","0","0","0","0","0"
"*04tcc*","Jonny","WOL","D","396","FA","MUN 2<br/>@WOL 1 F","0","0","0%","0%","0","0","0","0","0","0","0","0","0","0","0","0","0","0","0","0","0","0","0","0","0","0"
"*0570n*","Joao Cancelo","MCI","D","23","FA","EVE 0<br/>@MCI 5 F","0","0","0%","0%","0","0","0","0","0","0","0","0","0","0","0","0","0","0","0","0","0","0","0","0","0","0"
"*02t1j*","Calum Chambers","ARS","D","303","FA","BHA 0<br/>@ARS 2 F","0","0","0%","0%","0","0","0","0","0","0","0","0","0","0","0","0","0","0","0","0","0","0","0","0","0","0"
"*04lax*","Hamza Choudhury","LEI","M","407","FA","TOT 4<br/>@LEI 2 F","0","0","0%","0%","0","0","0","0","0","0","0","0","0","0","0","0","0","0","0","0","0","0","0","0","0","0"
"*04k4j*","Aaron Connolly","BHA","F","333","FA","BHA 0<br/>@ARS 2 F","0","0","0%","0%","0","0","0","0","0","0","0","0","0","0","0","0","0","0","0","0","0","0","0","0","0","0"
"*05mzx*","Liam Cooper","LEE","D","121","CFPL","WBA 1<br/>@LEE 3 F","0","0","0%","0%","0","0","0","0","0","0","0","0","0","0","0","0","0","0","0","0","0","0","0","0","0","0"
"*04xjt*","Conor Coventry","WHU","M","494","FA","SOU 0<br/>@WHU 3 F","0","0","0%","0%","0","0","0","0","0","0","0","0","0","0","0","0","0","0","0","0","0","0","0","0","0","0"
"*03ena*","Aaron Cresswell","WHU","D","55","No Slips","SOU 0<br/>@WHU 3 F","0","0","0%","0%","0","0","0","0","0","0","0","0","0","0","0","0","0","0","0","0","0","0","0","0","0","0"
"*05ogl*","Charlie Cresswell","LEE","D","495","FA","WBA 1<br/>@LEE 3 F","0","0","0%","0%","0","0","0","0","0","0","0","0","0","0","0","0","0","0","0","0","0","0","0","0","0","0"
"*052k1*","Luke Cundle","WOL","M","496","FA","MUN 2<br/>@WOL 1 F","0","0","0%","0%","0","0","0","0","0","0","0","0","0","0","0","0","0","0","0","0","0","0","0","0","0","0"
"*054ow*","Vontae Daley-Campbell","LEI","D","497","FA","TOT 4<br/>@LEI 2 F","0","0","0%","0%","0","0","0","0","0","0","0","0","0","0","0","0","0","0","0","0","0","0","0","0","0","0"
"*02lzx*","Scott Dann","CRY","D","314","FA","CRY 0<br/>@LIV 2 F","0","0","0%","0%","0","0","0","0","0","0","0","0","0","0","0","0","0","0","0","0","0","0","0","0","0","0"
"*05nil*","Leif Davis","LEE","D","459","FA","WBA 1<br/>@LEE 3 F","0","0","0%","0%","0","0","0","0","0","0","0","0","0","0","0","0","0","0","0","0","0","0","0","0","0","0"
"*02oox*","Kevin De Bruyne","MCI","M","9","Noah B","EVE 0<br/>@MCI 5 F","0","0","0%","0%","0","0","0","0","0","0","0","0","0","0","0","0","0","0","0","0","0","0","0","0","0","0"
"*02lm3*","Fabian Delph","EVE","M","411","FA","EVE 0<br/>@MCI 5 F","0","0","0%","0%","0","0","0","0","0","0","0","0","0","0","0","0","0","0","0","0","0","0","0","0","0","0"
"*0477h*","Grady Diangana","WBA","M","281","FA","WBA 1<br/>@LEE 3 F","0","0","0%","0%","0","0","0","0","0","0","0","0","0","0","0","0","0","0","0","0","0","0","0","0","0","0"
"*05os7*","Raphinha","LEE","F","17","RyRob","WBA 1<br/>@LEE 3 F","0","0","0%","0%","0","0","0","0","0","0","0","0","0","0","0","0","0","0","0","0","0","0","0","0","0","0"
"*03yu2*","Abdoulaye Doucoure","EVE","M","140","I_am_Tim","EVE 0<br/>@MCI 5 F","0","0","0%","0%","0","0","0","0","0","0","0","0","0","0","0","0","0","0","0","0","0","0","0","0","0","0"
"*052k8*","Tommy Doyle","MCI","M","504","FA","EVE 0<br/>@MCI 5 F","0","0","0%","0%","0","0","0","0","0","0","0","0","0","0","0","0","0","0","0","0","0","0","0","0","0","0"
"*05roa*","Cody Drameh","LEE","D","505","FA","WBA 1<br/>@LEE 3 F","0","0","0%","0%","0","0","0","0","0","0","0","0","0","0","0","0","0","0","0","0","0","0","0","0","0","0"
"*05747*","Jimmy Dunne","BUR","D","376","FA","BUR 0<br/>@SHU 1 F","0","0","0%","0%","0","0","0","0","0","0","0","0","0","0","0","0","0","0","0","0","0","0","0","0","0","0"
"*03wph*","Kyle Edwards","WBA","M,F","432","FA","WBA 1<br/>@LEE 3 F","0","0","0%","0%","0","0","0","0","0","0","0","0","0","0","0","0","0","0","0","0","0","0","0","0","0","0"
"*0522t*","Anwar El Ghazi","AVL","M","77","Yum","CHE 1<br/>@AVL 2 F","0","0","0%","0%","1","14","0","0","0","0","0","0","0","0","0","0","0","0","0","0","0","0","0","0","0","0"
"*02m5m*","Ahmed El Mohamady","AVL","D","277","FA","CHE 1<br/>@AVL 2 F","0","0","0%","0%","0","0","0","0","0","0","0","0","0","0","0","0","0","0","0","0","0","0","0","0","0","0"
"*052i4*","Bjorn Engels","AVL","D","508","FA","CHE 1<br/>@AVL 2 F","0","0","0%","0%","0","0","0","0","0","0","0","0","0","0","0","0","0","0","0","0","0","0","0","0","0","0"
"*04mf8*","Nathan Ferguson","CRY","D","509","FA","CRY 0<br/>@LIV 2 F","0","0","0%","0%","0","0","0","0","0","0","0","0","0","0","0","0","0","0","0","0","0","0","0","0","0","0"
"*02lpu*","Adam Forshaw","LEE","M","516","FA","WBA 1<br/>@LEE 3 F","0","0","0%","0%","0","0","0","0","0","0","0","0","0","0","0","0","0","0","0","0","0","0","0","0","0","0"
"*04shz*","Tyrese Francois","FUL","M","517","FA","NEW 2<br/>@FUL 0 F","0","0","0%","0%","0","0","0","0","0","0","0","0","0","0","0","0","0","0","0","0","0","0","0","0","0","0"
"*03r8r*","Ryan Fraser","NEW","M","264","FA","NEW 2<br/>@FUL 0 F","0","0","0%","0%","0","0","0","0","0","0","0","0","0","0","0","0","0","0","0","0","0","0","0","0","0","0"
"*02lof*","Ryan Fredericks","WHU","D","324","FA","SOU 0<br/>@WHU 3 F","0","0","0%","0%","1","1","0","0","0","0","0","0","0","0","0","0","0","0","0","0","0","0","0","0","0","0"
"*03rle*","Christian Fuchs","LEI","D","362","FA","TOT 4<br/>@LEI 2 F","0","0","0%","0%","0","0","0","0","0","0","0","0","0","0","0","0","0","0","0","0","0","0","0","0","0","0"
"*05afg*","Ethan Galbraith","MUN","M","518","FA","MUN 2<br/>@WOL 1 F","0","0","0%","0%","0","0","0","0","0","0","0","0","0","0","0","0","0","0","0","0","0","0","0","0","0","0"
"*04spn*","Eric Garcia","MCI","D","639","FA","EVE 0<br/>@MCI 5 F","0","0","0%","0%","0","0","0","0","0","0","0","0","0","0","0","0","0","0","0","0","0","0","0","0","0","0"
"*0329o*","Dwight Gayle","NEW","F","356","FA","NEW 2<br/>@FUL 0 F","0","0","0%","0%","0","0","0","0","0","0","0","0","0","0","0","0","0","0","0","0","0","0","0","0","0","0"
"*056iu*","Jean-Philippe Gbamin","EVE","M","630","FA","EVE 0<br/>@MCI 5 F","0","0","0%","0%","0","0","0","0","0","0","0","0","0","0","0","0","0","0","0","0","0","0","0","0","0","0"
"*02lyr*","Kieran Gibbs","WBA","D","429","FA","WBA 1<br/>@LEE 3 F","0","0","0%","0%","0","0","0","0","0","0","0","0","0","0","0","0","0","0","0","0","0","0","0","0","0","0"
"*052cc*","Billy Gilmour","CHE","M","415","FA","CHE 1<br/>@AVL 2 F","0","0","0%","0%","0","0","0","0","0","0","0","0","0","0","0","0","0","0","0","0","0","0","0","0","0","0"
"*04aml*","Kamil Grosicki","WBA","M","419","FA","WBA 1<br/>@LEE 3 F","0","0","0%","0%","0","0","0","0","0","0","0","0","0","0","0","0","0","0","0","0","0","0","0","0","0","0"
"*05o2r*","Antwoine Hackford","SHU","F","527","FA","BUR 0<br/>@SHU 1 F","0","0","0%","0%","0","0","0","0","0","0","0","0","0","0","0","0","0","0","0","0","0","0","0","0","0","0"
"*0554u*","Trezeguet","AVL","M","203","FA","CHE 1<br/>@AVL 2 F","0","0","0%","0%","0","0","0","0","0","0","0","0","0","0","0","0","0","0","0","0","0","0","0","0","0","0"
"*04qr4*","Kortney Hause","AVL","D","310","FA","CHE 1<br/>@AVL 2 F","0","0","0%","0%","0","0","0","0","0","0","0","0","0","0","0","0","0","0","0","0","0","0","0","0","0","0"
"*05rey*","Kaine Hayden","AVL","M","531","FA","CHE 1<br/>@AVL 2 F","0","0","0%","0%","0","0","0","0","0","0","0","0","0","0","0","0","0","0","0","0","0","0","0","0","0","0"
"*03vlo*","Michael Hector","FUL","D","647","FA","NEW 2<br/>@FUL 0 F","0","0","0%","0%","0","0","0","0","0","0","0","0","0","0","0","0","0","0","0","0","0","0","0","0","0","0"
"*047l2*","Jeff Hendrick","NEW","M","311","FA","NEW 2<br/>@FUL 0 F","0","0","0%","0%","0","0","0","0","0","0","0","0","0","0","0","0","0","0","0","0","0","0","0","0","0","0"
"*02w3x*","Pablo Hernandez","LEE","M","365","FA","WBA 1<br/>@LEE 3 F","0","0","0%","0%","1","3","0","0","0","0","0","0","0","0","0","0","0","0","0","0","0","0","0","0","0","0"
"*03v6s*","Mason Holgate","EVE","D","209","Tim O","EVE 0<br/>@MCI 5 F","0","0","0%","0%","1","90","0","0","0","0","0","0","1","0","0","0","0","1","2","0","0","1","0","0","2","0"
"*04c39*","Nathan Holland","WHU","M","537","FA","SOU 0<br/>@WHU 3 F","0","0","0%","0%","0","0","0","0","0","0","0","0","0","0","0","0","0","0","0","0","0","0","0","0","0","0"
"*02m7r*","Branislav Ivanovic","CHE/WBA","D","430","FA","WBA 1<br/>@LEE 3 F","0","0","0%","0%","0","0","0","0","0","0","0","0","0","0","0","0","0","0","0","0","0","0","0","0","0","0"
"*04itp*","Jose Izquierdo","BHA","F","452","FA","BHA 0<br/>@ARS 2 F","0","0","0%","0%","0","0","0","0","0","0","0","0","0","0","0","0","0","0","0","0","0","0","0","0","0","0"
"*02lpz*","Phil Jagielka","SHU","D","634","FA","BUR 0<br/>@SHU 1 F","0","0","0%","0%","0","0","0","0","0","0","0","0","0","0","0","0","0","0","0","0","0","0","0","0","0","0"
"*04t92*","Alireza Jahanbakhsh","BHA","F","346","FA","BHA 0<br/>@ARS 2 F","0","0","0%","0%","0","0","0","0","0","0","0","0","0","0","0","0","0","0","0","0","0","0","0","0","0","0"
"*05s00*","Daniel Jebbison","SHU","F","404","FA","BUR 0<br/>@SHU 1 F","0","0","0%","0%","0","0","0","0","0","0","0","0","0","0","0","0","0","0","0","0","0","0","0","0","0","0"
"*02lnd*","Phil Jones","MUN","D","548","FA","MUN 2<br/>@WOL 1 F","0","0","0%","0%","0","0","0","0","0","0","0","0","0","0","0","0","0","0","0","0","0","0","0","0","0","0"
"*03srm*","N'Golo Kante","CHE","M","127","Tim O","CHE 1<br/>@AVL 2 F","0","0","0%","0%","0","0","0","0","0","0","0","0","0","0","0","0","0","0","0","0","0","0","0","0","0","0"
"*04rhe*","Naby Keita","LIV","M","375","FA","CRY 0<br/>@LIV 2 F","0","0","0%","0%","0","0","0","0","0","0","0","0","0","0","0","0","0","0","0","0","0","0","0","0","0","0"
"*02lk9*","Martin Kelly","CRY","D","550","FA","CRY 0<br/>@LIV 2 F","0","0","0%","0%","0","0","0","0","0","0","0","0","0","0","0","0","0","0","0","0","0","0","0","0","0","0"
"*03m5e*","Jonjoe Kenny","EVE","D","453","FA","EVE 0<br/>@MCI 5 F","0","0","0%","0%","0","0","0","0","0","0","0","0","0","0","0","0","0","0","0","0","0","0","0","0","0","0"
"*05nuh*","Robin Koch","LEE","D","274","FA","WBA 1<br/>@LEE 3 F","0","0","0%","0%","0","0","0","0","0","0","0","0","0","0","0","0","0","0","0","0","0","0","0","0","0","0"
"*04mks*","Terence Kongolo","HUD/FUL","D","435","FA","NEW 2<br/>@FUL 0 F","0","0","0%","0%","0","0","0","0","0","0","0","0","0","0","0","0","0","0","0","0","0","0","0","0","0","0"
"*05a6f*","Billy Koumetio","LIV","D","553","FA","CRY 0<br/>@LIV 2 F","0","0","0%","0%","0","0","0","0","0","0","0","0","0","0","0","0","0","0","0","0","0","0","0","0","0","0"
"*03eki*","Cheikhou Kouyate","CRY","M","152","FA","CRY 0<br/>@LIV 2 F","0","0","0%","0%","0","0","0","0","0","0","0","0","0","0","0","0","0","0","0","0","0","0","0","0","0","0"
"*02lyy*","Henri Lansbury","AVL","M","555","FA","CHE 1<br/>@AVL 2 F","0","0","0%","0%","0","0","0","0","0","0","0","0","0","0","0","0","0","0","0","0","0","0","0","0","0","0"
"*051kd*","Jamal Lewis","NEW","D","366","FA","NEW 2<br/>@FUL 0 F","0","0","0%","0%","0","0","0","0","0","0","0","0","0","0","0","0","0","0","0","0","0","0","0","0","0","0"
"*05r4i*","Hayden Lindley","AVL","M","559","FA","CHE 1<br/>@AVL 2 F","0","0","0%","0%","0","0","0","0","0","0","0","0","0","0","0","0","0","0","0","0","0","0","0","0","0","0"
"*02lor*","Jake Livermore","WBA","M","361","FA","WBA 1<br/>@LEE 3 F","0","0","0%","0%","0","0","0","0","0","0","0","0","0","0","0","0","0","0","0","0","0","0","0","0","0","0"
"*03dxa*","Kevin Long","BUR","D","412","FA","BUR 0<br/>@SHU 1 F","0","0","0%","0%","0","0","0","0","0","0","0","0","0","0","0","0","0","0","0","0","0","0","0","0","0","0"
"*052ju*","Matty Longstaff","NEW","M","403","FA","NEW 2<br/>@FUL 0 F","0","0","0%","0%","0","0","0","0","0","0","0","0","0","0","0","0","0","0","0","0","0","0","0","0","0","0"
"*05o8n*","Max Lowe","SHU","D","413","FA","BUR 0<br/>@SHU 1 F","0","0","0%","0%","0","0","0","0","0","0","0","0","0","0","0","0","0","0","0","0","0","0","0","0","0","0"
"*02m7w*","David Luiz","ARS","D","318","FA","BHA 0<br/>@ARS 2 F","0","0","0%","0%","0","0","0","0","0","0","0","0","0","0","0","0","0","0","0","0","0","0","0","0","0","0"
"*0327p*","John Lundstram","SHU","M","283","FA","BUR 0<br/>@SHU 1 F","0","0","0%","0%","0","0","0","0","0","0","0","0","0","0","0","0","0","0","0","0","0","0","0","0","0","0"
"*03hvn*","Javier Manquillo","NEW","D","370","FA","NEW 2<br/>@FUL 0 F","0","0","0%","0%","0","0","0","0","0","0","0","0","0","0","0","0","0","0","0","0","0","0","0","0","0","0"
"*05o8j*","Marcal","WOL","D","384","FA","MUN 2<br/>@WOL 1 F","0","0","0%","0%","0","0","0","0","0","0","0","0","0","0","0","0","0","0","0","0","0","0","0","0","0","0"
"*05gco*","Pablo Mari","ARS","D","327","FA","BHA 0<br/>@ARS 2 F","0","0","0%","0%","0","0","0","0","0","0","0","0","0","0","0","0","0","0","0","0","0","0","0","0","0","0"
"*03vlm*","Anthony Martial","MUN","F","180","FA","MUN 2<br/>@WOL 1 F","0","0","0%","0%","0","0","0","0","0","0","0","0","0","0","0","0","0","0","0","0","0","0","0","0","0","0"
"*02m7z*","Juan Mata","MUN","M","353","FA","MUN 2<br/>@WOL 1 F","0","0","0%","0%","0","0","0","0","0","0","0","0","0","0","0","0","0","0","0","0","0","0","0","0","0","0"
"*03aoj*","Nemanja Matic","MUN","M","291","FA","MUN 2<br/>@WOL 1 F","0","0","0%","0%","0","0","0","0","0","0","0","0","0","0","0","0","0","0","0","0","0","0","0","0","0","0"
"*0435s*","Joel Matip","LIV","D","285","FA","CRY 0<br/>@LIV 2 F","0","0","0%","0%","0","0","0","0","0","0","0","0","0","0","0","0","0","0","0","0","0","0","0","0","0","0"
"*05r33*","Luke Mbete","MCI","D","571","FA","EVE 0<br/>@MCI 5 F","0","0","0%","0%","0","0","0","0","0","0","0","0","0","0","0","0","0","0","0","0","0","0","0","0","0","0"
"*02lla*","James McArthur","CRY","M","236","FA","CRY 0<br/>@LIV 2 F","0","0","0%","0%","0","0","0","0","0","0","0","0","0","0","0","0","0","0","0","0","0","0","0","0","0","0"
"*0477b*","Oliver McBurnie","SHU","F","221","FA","BUR 0<br/>@SHU 1 F","0","0","0%","0%","0","0","0","0","0","0","0","0","0","0","0","0","0","0","0","0","0","0","0","0","0","0"
"*02llb*","James McCarthy","CRY","M","367","FA","CRY 0<br/>@LIV 2 F","0","0","0%","0%","0","0","0","0","0","0","0","0","0","0","0","0","0","0","0","0","0","0","0","0","0","0"
"*04qfn*","Kevin McDonald","FUL","M","572","FA","NEW 2<br/>@FUL 0 F","0","0","0%","0%","0","0","0","0","0","0","0","0","0","0","0","0","0","0","0","0","0","0","0","0","0","0"
"*04gyl*","Benjamin Mendy","MCI","D","295","FA","EVE 0<br/>@MCI 5 F","0","0","0%","0%","0","0","0","0","0","0","0","0","0","0","0","0","0","0","0","0","0","0","0","0","0","0"
"*043by*","Nampalys Mendy","LEI","M","348","FA","TOT 4<br/>@LEI 2 F","0","0","0%","0%","0","0","0","0","0","0","0","0","0","0","0","0","0","0","0","0","0","0","0","0","0","0"
"*04ami*","Luka Milivojevic","CRY","M","193","FA","CRY 0<br/>@LIV 2 F","0","0","0%","0%","0","0","0","0","0","0","0","0","0","0","0","0","0","0","0","0","0","0","0","0","0","0"
"*04u6k*","Yerry Mina","EVE","D","198","FA","EVE 0<br/>@MCI 5 F","0","0","0%","0%","0","0","0","0","0","0","0","0","0","0","0","0","0","0","0","0","0","0","0","0","0","0"
"*05g2n*","Takumi Minamino","LIV/SOU","F","315","FA","SOU 0<br/>@WHU 3 F","0","0","0%","0%","0","0","0","0","0","0","0","0","0","0","0","0","0","0","0","0","0","0","0","0","0","0"
"*03scr*","Aleksandar Mitrovic","FUL","F","196","FA","NEW 2<br/>@FUL 0 F","0","0","0%","0%","0","0","0","0","0","0","0","0","0","0","0","0","0","0","0","0","0","0","0","0","0","0"
"*051wl*","Wesley","AVL","F","454","FA","CHE 1<br/>@AVL 2 F","0","0","0%","0%","0","0","0","0","0","0","0","0","0","0","0","0","0","0","0","0","0","0","0","0","0","0"
"*05nnx*","Rodrigo","LEE","F","148","CFPL","WBA 1<br/>@LEE 3 F","0","0","0%","0%","0","0","0","0","0","0","0","0","0","0","0","0","0","0","0","0","0","0","0","0","0","0"
"*03dy4*","Wes Morgan","LEI","D","461","FA","TOT 4<br/>@LEI 2 F","0","0","0%","0%","0","0","0","0","0","0","0","0","0","0","0","0","0","0","0","0","0","0","0","0","0","0"
"*0554s*","Daniel N'Lundulu","SOU","F","442","FA","SOU 0<br/>@WHU 3 F","0","0","0%","0%","0","0","0","0","0","0","0","0","0","0","0","0","0","0","0","0","0","0","0","0","0","0"
"*05oel*","Niels Nkounkou","EVE","D","450","FA","EVE 0<br/>@MCI 5 F","0","0","0%","0%","0","0","0","0","0","0","0","0","0","0","0","0","0","0","0","0","0","0","0","0","0","0"
"*051l0*","Jack O'Connell","SHU","D","443","FA","BUR 0<br/>@SHU 1 F","0","0","0%","0%","0","0","0","0","0","0","0","0","0","0","0","0","0","0","0","0","0","0","0","0","0","0"
"*04qfj*","Denis Odoi","FUL","D","632","FA","NEW 2<br/>@FUL 0 F","0","0","0%","0%","0","0","0","0","0","0","0","0","0","0","0","0","0","0","0","0","0","0","0","0","0","0"
"*05r4w*","Ademipo Odubeko","WHU","F","578","FA","SOU 0<br/>@WHU 3 F","0","0","0%","0%","0","0","0","0","0","0","0","0","0","0","0","0","0","0","0","0","0","0","0","0","0","0"
"*03azt*","Josh Onomah","FUL","M","421","FA","NEW 2<br/>@FUL 0 F","0","0","0%","0%","0","0","0","0","0","0","0","0","0","0","0","0","0","0","0","0","0","0","0","0","0","0"
"*03pie*","Divock Origi","LIV","F","425","FA","CRY 0<br/>@LIV 2 F","0","0","0%","0%","0","0","0","0","0","0","0","0","0","0","0","0","0","0","0","0","0","0","0","0","0","0"
"*04qf0*","Lee Peltier","WBA","D","637","FA","WBA 1<br/>@LEE 3 F","0","0","0%","0%","0","0","0","0","0","0","0","0","0","0","0","0","0","0","0","0","0","0","0","0","0","0"
"*04rxe*","Nathaniel Phillips","LIV","D","129","Laeka B","CRY 0<br/>@LIV 2 F","0","0","0%","0%","0","0","0","0","0","0","0","0","0","0","0","0","0","0","0","0","0","0","0","0","0","0"
"*05rff*","Jaden Philogene-Bidace","AVL","M","586","FA","CHE 1<br/>@AVL 2 F","0","0","0%","0%","0","0","0","0","0","0","0","0","0","0","0","0","0","0","0","0","0","0","0","0","0","0"
"*032ab*","Erik Pieters","BUR","D","329","FA","BUR 0<br/>@SHU 1 F","0","0","0%","0%","0","0","0","0","0","0","0","0","0","0","0","0","0","0","0","0","0","0","0","0","0","0"
"*05795*","Dennis Praet","LEI","M","334","FA","TOT 4<br/>@LEI 2 F","0","0","0%","0%","1","4","0","0","0","0","0","0","0","0","0","0","0","0","0","0","0","0","0","0","0","0"
"*05rkb*","Isaac Price","EVE","M","587","FA","EVE 0<br/>@MCI 5 F","0","0","0%","0%","0","0","0","0","0","0","0","0","0","0","0","0","0","0","0","0","0","0","0","0","0","0"
"*04idk*","Davy Propper","BHA","M","423","FA","BHA 0<br/>@ARS 2 F","0","0","0%","0%","0","0","0","0","0","0","0","0","0","0","0","0","0","0","0","0","0","0","0","0","0","0"
"*05r44*","Arjan Raikhy","AVL","M","588","FA","CHE 1<br/>@AVL 2 F","0","0","0%","0%","0","0","0","0","0","0","0","0","0","0","0","0","0","0","0","0","0","0","0","0","0","0"
"*04yes*","Kayne Ramsay","SOU","D","648","FA","SOU 0<br/>@WHU 3 F","0","0","0%","0%","0","0","0","0","0","0","0","0","0","0","0","0","0","0","0","0","0","0","0","0","0","0"
"*02m6x*","Tim Ream","FUL","D","437","FA","NEW 2<br/>@FUL 0 F","0","0","0%","0%","0","0","0","0","0","0","0","0","0","0","0","0","0","0","0","0","0","0","0","0","0","0"
"*04gyz*","Jairo Riedewald","CRY","M","252","FA","CRY 0<br/>@LIV 2 F","0","0","0%","0%","0","0","0","0","0","0","0","0","0","0","0","0","0","0","0","0","0","0","0","0","0","0"
"*02lkj*","Jack Robinson","SHU","D","336","FA","BUR 0<br/>@SHU 1 F","0","0","0%","0%","0","0","0","0","0","0","0","0","0","0","0","0","0","0","0","0","0","0","0","0","0","0"
"*02oq3*","Jay Rodriguez","BUR","F","296","FA","BUR 0<br/>@SHU 1 F","0","0","0%","0%","1","1","0","0","0","0","0","0","0","0","0","0","0","0","0","0","0","0","0","0","1","0"
"*02lq9*","Jack Rodwell","SHU","M","593","FA","BUR 0<br/>@SHU 1 F","0","0","0%","0%","0","0","0","0","0","0","0","0","0","0","0","0","0","0","0","0","0","0","0","0","0","0"
"*02m87*","Oriol Romeu","SOU","M","219","FA","SOU 0<br/>@WHU 3 F","0","0","0%","0%","0","0","0","0","0","0","0","0","0","0","0","0","0","0","0","0","0","0","0","0","0","0"
"*03yr6*","Henri Saivet","NEW","M","597","FA","NEW 2<br/>@FUL 0 F","0","0","0%","0%","0","0","0","0","0","0","0","0","0","0","0","0","0","0","0","0","0","0","0","0","0","0"
"*03819*","Mamadou Sakho","CRY","D","638","FA","CRY 0<br/>@LIV 2 F","0","0","0%","0%","0","0","0","0","0","0","0","0","0","0","0","0","0","0","0","0","0","0","0","0","0","0"
"*04jyc*","Davinson Sanchez","TOT","D","286","FA","TOT 4<br/>@LEI 2 F","0","0","0%","0%","0","0","0","0","0","0","0","0","0","0","0","0","0","0","0","0","0","0","0","0","0","0"
"*05r98*","Morgan Sanson","AVL","M","428","FA","CHE 1<br/>@AVL 2 F","0","0","0%","0%","0","0","0","0","0","0","0","0","0","0","0","0","0","0","0","0","0","0","0","0","0","0"
"*02m54*","Romaine Sawyers","WBA","M","337","FA","WBA 1<br/>@LEE 3 F","0","0","0%","0%","0","0","0","0","0","0","0","0","0","0","0","0","0","0","0","0","0","0","0","0","0","0"
"*03dyl*","Jeffrey Schlupp","CRY","M","187","FA","CRY 0<br/>@LIV 2 F","0","0","0%","0%","0","0","0","0","0","0","0","0","0","0","0","0","0","0","0","0","0","0","0","0","0","0"
"*05n05*","Jamie Shackleton","LEE","M","394","FA","WBA 1<br/>@LEE 3 F","0","0","0%","0%","0","0","0","0","0","0","0","0","0","0","0","0","0","0","0","0","0","0","0","0","0","0"
"*03tj9*","Xherdan Shaqiri","LIV","M","335","FA","CRY 0<br/>@LIV 2 F","0","0","0%","0%","0","0","0","0","0","0","0","0","0","0","0","0","0","0","0","0","0","0","0","0","0","0"
"*02t1p*","Billy Sharp","SHU","F","358","FA","BUR 0<br/>@SHU 1 F","0","0","0%","0%","0","0","0","0","0","0","0","0","0","0","0","0","0","0","0","0","0","0","0","0","0","0"
"*05rdx*","Shola Shoretire","MUN","F","460","FA","MUN 2<br/>@WOL 1 F","0","0","0%","0%","0","0","0","0","0","0","0","0","0","0","0","0","0","0","0","0","0","0","0","0","0","0"
"*0554t*","William Smallbone","SOU","M","431","FA","SOU 0<br/>@WHU 3 F","0","0","0%","0%","0","0","0","0","0","0","0","0","0","0","0","0","0","0","0","0","0","0","0","0","0","0"
"*02t1i*","Robert Snodgrass","WHU/WBA","M","389","FA","WBA 1<br/>@LEE 3 F","0","0","0%","0%","0","0","0","0","0","0","0","0","0","0","0","0","0","0","0","0","0","0","0","0","0","0"
"*04e1h*","Dale Stephens","BHA/BUR","M","417","FA","BUR 0<br/>@SHU 1 F","0","0","0%","0%","0","0","0","0","0","0","0","0","0","0","0","0","0","0","0","0","0","0","0","0","0","0"
"*02oq7*","Jack Stephens","SOU","D","349","FA","SOU 0<br/>@WHU 3 F","0","0","0%","0%","0","0","0","0","0","0","0","0","0","0","0","0","0","0","0","0","0","0","0","0","0","0"
"*05r3z*","Sil Swinkels","AVL","D","609","FA","CHE 1<br/>@AVL 2 F","0","0","0%","0%","0","0","0","0","0","0","0","0","0","0","0","0","0","0","0","0","0","0","0","0","0","0"
"*04tsd*","Japhet Tanganga","TOT","D","395","FA","TOT 4<br/>@LEI 2 F","0","0","0%","0%","0","0","0","0","0","0","0","0","0","0","0","0","0","0","0","0","0","0","0","0","0","0"
"*04u6l*","Andre Gomes","EVE","M","255","FA","EVE 0<br/>@MCI 5 F","0","0","0%","0%","0","0","0","0","0","0","0","0","0","0","0","0","0","0","0","0","0","0","0","0","0","0"
"*02m2y*","Neil Taylor","AVL","D","644","FA","CHE 1<br/>@AVL 2 F","0","0","0%","0%","0","0","0","0","0","0","0","0","0","0","0","0","0","0","0","0","0","0","0","0","0","0"
"*05r6m*","Allan Tchaptchet","SOU","D","642","FA","SOU 0<br/>@WHU 3 F","0","0","0%","0%","0","0","0","0","0","0","0","0","0","0","0","0","0","0","0","0","0","0","0","0","0","0"
"*05os5*","Alex Telles","MUN","D","309","JLINGZ","MUN 2<br/>@WOL 1 F","0","0","0%","0%","0","0","0","0","0","0","0","0","0","0","0","0","0","0","0","0","0","0","0","0","0","0"
"*05l30*","Max Thompson","BUR","F","612","FA","BUR 0<br/>@SHU 1 F","0","0","0%","0%","0","0","0","0","0","0","0","0","0","0","0","0","0","0","0","0","0","0","0","0","0","0"
"*05749*","Kieran Tierney","ARS","D","157","JADON","BHA 0<br/>@ARS 2 F","0","0","0%","0%","0","0","0","0","0","0","0","0","0","0","0","0","0","0","0","0","0","0","0","0","0","0"
"*02rn6*","James Tomkins","CRY","D","406","FA","CRY 0<br/>@LIV 2 F","0","0","0%","0%","0","0","0","0","0","0","0","0","0","0","0","0","0","0","0","0","0","0","0","0","0","0"
"*05n08*","Ferran Torres","MCI","F","173","CFPL","EVE 0<br/>@MCI 5 F","0","0","0%","0%","0","0","0","0","0","0","0","0","0","0","0","0","0","0","0","0","0","0","0","0","0","0"
"*02lp7*","Andros Townsend","CRY","M","44","Yum","CRY 0<br/>@LIV 2 F","0","0","0%","0%","0","0","0","0","0","0","0","0","0","0","0","0","0","0","0","0","0","0","0","0","0","0"
"*05oid*","Cengiz Under","LEI","M","371","FA","TOT 4<br/>@LEI 2 F","0","0","0%","0%","0","0","0","0","0","0","0","0","0","0","0","0","0","0","0","0","0","0","0","0","0","0"
"*0329y*","Joel Ward","CRY","D","243","FA","CRY 0<br/>@LIV 2 F","0","0","0%","0%","0","0","0","0","0","0","0","0","0","0","0","0","0","0","0","0","0","0","0","0","0","0"
"*0554r*","Caleb Watts","SOU","M","635","FA","SOU 0<br/>@WHU 3 F","0","0","0%","0%","0","0","0","0","0","0","0","0","0","0","0","0","0","0","0","0","0","0","0","0","0","0"
"*02m65*","Connor Wickham","CRY","F","623","FA","CRY 0<br/>@LIV 2 F","0","0","0%","0%","0","0","0","0","0","0","0","0","0","0","0","0","0","0","0","0","0","0","0","0","0","0"
"*059j3*","Brandon Williams","MUN","D","449","FA","MUN 2<br/>@WOL 1 F","0","0","0%","0%","0","0","0","0","0","0","0","0","0","0","0","0","0","0","0","0","0","0","0","0","0","0"
"*03bwz*","Harry Winks","TOT","M","387","FA","TOT 4<br/>@LEI 2 F","0","0","0%","0%","1","16","0","0","0","0","0","0","0","0","0","0","0","0","0","0","0","0","0","0","0","0"
"*043pi*","Ben Woodburn","LIV","M,F","624","FA","CRY 0<br/>@LIV 2 F","0","0","0%","0%","0","0","0","0","0","0","0","0","0","0","0","0","0","0","0","0","0","0","0","0","0","0"
"*04vya*","Sam Woods","CRY","D","625","FA","CRY 0<br/>@LIV 2 F","0","0","0%","0%","0","0","0","0","0","0","0","0","0","0","0","0","0","0","0","0","0","0","0","0","0","0"
"*04s1e*","Andriy Yarmolenko","WHU","F","399","FA","SOU 0<br/>@WHU 3 F","0","0","0%","0%","0","0","0","0","0","0","0","0","0","0","0","0","0","0","0","0","0","0","0","0","0","0"
"*0327v*","Wilfried Zaha","CRY","M","80","JLINGZ","CRY 0<br/>@LIV 2 F","0","0","0%","0%","0","0","0","0","0","0","0","0","0","0","0","0","0","0","0","0","0","0","0","0","0","0"
"*04qr6*","Ruben Neves","WOL","M","50","Noah B","MUN 2<br/>@WOL 1 F","0","0","0%","0%","0","0","0","0","0","0","0","0","0","0","0","0","0","0","0","0","0","0","0","0","0","0"
"*05nt7*","Thiago Silva","CHE","D","188","FA","CHE 1<br/>@AVL 2 F","0","0","0%","0%","0","0","0","0","0","0","0","0","0","0","0","0","0","0","0","0","0","0","0","0","0","0"
"*02llp*","Patrick van Aanholt","CRY","D","293","FA","CRY 0<br/>@LIV 2 F","0","0","0%","0%","0","0","0","0","0","0","0","0","0","0","0","0","0","0","0","0","0","0","0","0","0","0"
"*05r4u*","Frederik Alves","WHU","D","463","FA","SOU 0<br/>@WHU 3 F","0","0","-","-","0","0","0","0","0","0","0","0","0","0","0","0","0","0","0","0","0","0","0","0","0","0"
"*05ret*","Ryan Astley","EVE","D","468","FA","EVE 0<br/>@MCI 5 F","0","0","-","-","0","0","0","0","0","0","0","0","0","0","0","0","0","0","0","0","0","0","0","0","0","0"
"*05nnv*","Miguel Azeez","ARS","M","470","FA","BHA 0<br/>@ARS 2 F","0","0","-","-","0","0","0","0","0","0","0","0","0","0","0","0","0","0","0","0","0","0","0","0","0","0"
"*05r4v*","Jamal Baptiste","WHU","D","472","FA","SOU 0<br/>@WHU 3 F","0","0","-","-","0","0","0","0","0","0","0","0","0","0","0","0","0","0","0","0","0","0","0","0","0","0"
"*05r4n*","Louie Barry","AVL","F","473","FA","CHE 1<br/>@AVL 2 F","0","0","-","-","0","0","0","0","0","0","0","0","0","0","0","0","0","0","0","0","0","0","0","0","0","0"
"*04ymr*","Josh Benson","BUR","M","434","FA","BUR 0<br/>@SHU 1 F","0","0","-","-","0","0","0","0","0","0","0","0","0","0","0","0","0","0","0","0","0","0","0","0","0","0"
"*04tsg*","Jamie Bowden","TOT","M","479","FA","TOT 4<br/>@LEI 2 F","0","0","-","-","0","0","0","0","0","0","0","0","0","0","0","0","0","0","0","0","0","0","0","0","0","0"
"*05t69*","Harry Boyes","SHU","D","480","FA","BUR 0<br/>@SHU 1 F","0","0","-","-","0","0","0","0","0","0","0","0","0","0","0","0","0","0","0","0","0","0","0","0","0","0"
"*05r4l*","Mungo Bridge","AVL","F","481","FA","CHE 1<br/>@AVL 2 F","0","0","-","-","0","0","0","0","0","0","0","0","0","0","0","0","0","0","0","0","0","0","0","0","0","0"
"*05o2q*","Zak Brunt","SHU","M","482","FA","BUR 0<br/>@SHU 1 F","0","0","-","-","0","0","0","0","0","0","0","0","0","0","0","0","0","0","0","0","0","0","0","0","0","0"
"*05gdm*","Jake Cain","LIV","M","485","FA","CRY 0<br/>@LIV 2 F","0","0","-","-","0","0","0","0","0","0","0","0","0","0","0","0","0","0","0","0","0","0","0","0","0","0"
"*05o8l*","Oliver Casey","LEE","D","488","FA","WBA 1<br/>@LEE 3 F","0","0","-","-","0","0","0","0","0","0","0","0","0","0","0","0","0","0","0","0","0","0","0","0","0","0"
"*05r39*","Kgaogelo Chauke","SOU","M","489","FA","SOU 0<br/>@WHU 3 F","0","0","-","-","0","0","0","0","0","0","0","0","0","0","0","0","0","0","0","0","0","0","0","0","0","0"
"*05r43*","Benjamin Chrisene","AVL","M","490","FA","CHE 1<br/>@AVL 2 F","0","0","-","-","0","0","0","0","0","0","0","0","0","0","0","0","0","0","0","0","0","0","0","0","0","0"
"*059j2*","Leighton Clarkson","LIV","M","492","FA","CRY 0<br/>@LIV 2 F","0","0","-","-","0","0","0","0","0","0","0","0","0","0","0","0","0","0","0","0","0","0","0","0","0","0"
"*052k4*","Theo Corbeanu","WOL","F","441","FA","MUN 2<br/>@WOL 1 F","0","0","-","-","0","0","0","0","0","0","0","0","0","0","0","0","0","0","0","0","0","0","0","0","0","0"
"*05nnu*","Ben Cottrell","ARS","M","493","FA","BHA 0<br/>@ARS 2 F","0","0","-","-","0","0","0","0","0","0","0","0","0","0","0","0","0","0","0","0","0","0","0","0","0","0"
"*05raj*","Ben Davies","LIV","D","498","FA","CRY 0<br/>@LIV 2 F","0","0","-","-","0","0","0","0","0","0","0","0","0","0","0","0","0","0","0","0","0","0","0","0","0","0"
"*05oh1*","Lars Dendoncker","BHA","M","501","FA","BHA 0<br/>@ARS 2 F","0","0","-","-","0","0","0","0","0","0","0","0","0","0","0","0","0","0","0","0","0","0","0","0","0","0"
"*05r2u*","Cheikh Diaby","WBA","F","503","FA","WBA 1<br/>@LEE 3 F","0","0","-","-","0","0","0","0","0","0","0","0","0","0","0","0","0","0","0","0","0","0","0","0","0","0"
"*05ra4*","Mbaye Diagne","WBA","F","266","FA","WBA 1<br/>@LEE 3 F","0","0","-","-","1","60","0","0","0","0","0","0","0","0","0","0","0","0","1","0","0","0","0","0","3","0"
"*04zyc*","Anthony Driscoll-Glennon","BUR","D","506","FA","BUR 0<br/>@SHU 1 F","0","0","-","-","0","0","0","0","0","0","0","0","0","0","0","0","0","0","0","0","0","0","0","0","0","0"
"*05r40*","Frankie Ealing","AVL","D","507","FA","CHE 1<br/>@AVL 2 F","0","0","-","-","0","0","0","0","0","0","0","0","0","0","0","0","0","0","0","0","0","0","0","0","0","0"
"*05lo6*","Will Ferry","SOU","M","510","FA","SOU 0<br/>@WHU 3 F","0","0","-","-","0","0","0","0","0","0","0","0","0","0","0","0","0","0","0","0","0","0","0","0","0","0"
"*05r8j*","Ryan Finnigan","SOU","M","511","FA","SOU 0<br/>@WHU 3 F","0","0","-","-","0","0","0","0","0","0","0","0","0","0","0","0","0","0","0","0","0","0","0","0","0","0"
"*05rkk*","William Fish","MUN","D","512","FA","MUN 2<br/>@WOL 1 F","0","0","-","-","0","0","0","0","0","0","0","0","0","0","0","0","0","0","0","0","0","0","0","0","0","0"
"*052i7*","Ethan Fitzhugh","LEI","M","513","FA","TOT 4<br/>@LEI 2 F","0","0","-","-","0","0","0","0","0","0","0","0","0","0","0","0","0","0","0","0","0","0","0","0","0","0"
"*05qza*","Shane Flynn","LEI","M","514","FA","TOT 4<br/>@LEI 2 F","0","0","-","-","0","0","0","0","0","0","0","0","0","0","0","0","0","0","0","0","0","0","0","0","0","0"
"*05ss7*","Taylor Gardner-Hickman","WBA","F","519","FA","WBA 1<br/>@LEE 3 F","0","0","-","-","0","0","0","0","0","0","0","0","0","0","0","0","0","0","0","0","0","0","0","0","0","0"
"*04tc9*","Claudio Gomes","MCI","M","522","FA","EVE 0<br/>@MCI 5 F","0","0","-","-","0","0","0","0","0","0","0","0","0","0","0","0","0","0","0","0","0","0","0","0","0","0"
"*05o2n*","Kyron Gordon","SHU","D","523","FA","BUR 0<br/>@SHU 1 F","0","0","-","-","0","0","0","0","0","0","0","0","0","0","0","0","0","0","0","0","0","0","0","0","0","0"
"*059iv*","Peter Gwargis","BHA","M","526","FA","BHA 0<br/>@ARS 2 F","0","0","-","-","0","0","0","0","0","0","0","0","0","0","0","0","0","0","0","0","0","0","0","0","0","0"
"*05reo*","Reece Hannam","CRY","D","528","FA","CRY 0<br/>@LIV 2 F","0","0","-","-","0","0","0","0","0","0","0","0","0","0","0","0","0","0","0","0","0","0","0","0","0","0"
"*05r4s*","George Harmon","WBA","D","529","FA","WBA 1<br/>@LEE 3 F","0","0","-","-","0","0","0","0","0","0","0","0","0","0","0","0","0","0","0","0","0","0","0","0","0","0"
"*0554o*","Alexandre Jankewitz","SOU","M","643","FA","SOU 0<br/>@WHU 3 F","0","0","-","-","0","0","0","0","0","0","0","0","0","0","0","0","0","0","0","0","0","0","0","0","0","0"
"*05r4q*","Sylvester Jasper","FUL","F","542","FA","NEW 2<br/>@FUL 0 F","0","0","-","-","0","0","0","0","0","0","0","0","0","0","0","0","0","0","0","0","0","0","0","0","0","0"
"*05r4k*","Taylor Jay-Hart","AVL","M","543","FA","CHE 1<br/>@AVL 2 F","0","0","-","-","0","0","0","0","0","0","0","0","0","0","0","0","0","0","0","0","0","0","0","0","0","0"
"*05ozb*","Jack Jenkins","LEE","M","544","FA","WBA 1<br/>@LEE 3 F","0","0","-","-","0","0","0","0","0","0","0","0","0","0","0","0","0","0","0","0","0","0","0","0","0","0"
"*059iw*","Teddy Jenks","BHA","M","545","FA","BHA 0<br/>@ARS 2 F","0","0","-","-","0","0","0","0","0","0","0","0","0","0","0","0","0","0","0","0","0","0","0","0","0","0"
"*05reu*","Kyle John","EVE","D","546","FA","EVE 0<br/>@MCI 5 F","0","0","-","-","0","0","0","0","0","0","0","0","0","0","0","0","0","0","0","0","0","0","0","0","0","0"
"*05rei*","Nile John","TOT","M","547","FA","TOT 4<br/>@LEI 2 F","0","0","-","-","0","0","0","0","0","0","0","0","0","0","0","0","0","0","0","0","0","0","0","0","0","0"
"*05r8c*","Michal Karbownik","BHA","D","549","FA","BHA 0<br/>@ARS 2 F","0","0","-","-","0","0","0","0","0","0","0","0","0","0","0","0","0","0","0","0","0","0","0","0","0","0"
"*05r4o*","Reda Khadra","BHA","M","551","FA","BHA 0<br/>@ARS 2 F","0","0","-","-","0","0","0","0","0","0","0","0","0","0","0","0","0","0","0","0","0","0","0","0","0","0"
"*05t6f*","Toby King","WBA","M","552","FA","WBA 1<br/>@LEE 3 F","0","0","-","-","0","0","0","0","0","0","0","0","0","0","0","0","0","0","0","0","0","0","0","0","0","0"
"*05rdy*","Marcel Lavinier","TOT","D","556","FA","TOT 4<br/>@LEI 2 F","0","0","-","-","0","0","0","0","0","0","0","0","0","0","0","0","0","0","0","0","0","0","0","0","0","0"
"*04y93*","Thakgalo Leshabela","LEI","M","631","FA","TOT 4<br/>@LEI 2 F","0","0","-","-","0","0","0","0","0","0","0","0","0","0","0","0","0","0","0","0","0","0","0","0","0","0"
"*05oj4*","Emmanuel Longelo","WHU","F","562","FA","SOU 0<br/>@WHU 3 F","0","0","-","-","0","0","0","0","0","0","0","0","0","0","0","0","0","0","0","0","0","0","0","0","0","0"
"*05r4d*","Nigel Lonwijk","WOL","D","563","FA","MUN 2<br/>@WOL 1 F","0","0","-","-","0","0","0","0","0","0","0","0","0","0","0","0","0","0","0","0","0","0","0","0","0","0"
"*05rjj*","Joel Lopez Salguero","ARS","D","564","FA","BHA 0<br/>@ARS 2 F","0","0","-","-","0","0","0","0","0","0","0","0","0","0","0","0","0","0","0","0","0","0","0","0","0","0"
"*05rc8*","Frankie Maguire","SHU","M","565","FA","BUR 0<br/>@SHU 1 F","0","0","-","-","0","0","0","0","0","0","0","0","0","0","0","0","0","0","0","0","0","0","0","0","0","0"
"*05r2b*","Anthony Mancini","BUR","M","566","FA","BUR 0<br/>@SHU 1 F","0","0","-","-","0","0","0","0","0","0","0","0","0","0","0","0","0","0","0","0","0","0","0","0","0","0"
"*05rej*","Dilan Markanday","TOT","F","567","FA","TOT 4<br/>@LEI 2 F","0","0","-","-","0","0","0","0","0","0","0","0","0","0","0","0","0","0","0","0","0","0","0","0","0","0"
"*052jy*","Christian Marques","WOL","D","568","FA","MUN 2<br/>@WOL 1 F","0","0","-","-","0","0","0","0","0","0","0","0","0","0","0","0","0","0","0","0","0","0","0","0","0","0"
"*05swf*","Tawanda Maswanhise","LEI","M","570","FA","TOT 4<br/>@LEI 2 F","0","0","-","-","0","0","0","0","0","0","0","0","0","0","0","0","0","0","0","0","0","0","0","0","0","0"
"*05m6a*","Joel Mumbongo","BUR","F","640","FA","BUR 0<br/>@SHU 1 F","0","0","-","-","0","0","0","0","0","0","0","0","0","0","0","0","0","0","0","0","0","0","0","0","0","0"
"*05r4p*","Richard Nartey","BUR","D","575","FA","BUR 0<br/>@SHU 1 F","0","0","-","-","0","0","0","0","0","0","0","0","0","0","0","0","0","0","0","0","0","0","0","0","0","0"
"*05qz9*","Ben Nelson","LEI","D","576","FA","TOT 4<br/>@LEI 2 F","0","0","-","-","0","0","0","0","0","0","0","0","0","0","0","0","0","0","0","0","0","0","0","0","0","0"
"*04ybj*","Felix Nmecha","MCI","M","577","FA","EVE 0<br/>@MCI 5 F","0","0","-","-","0","0","0","0","0","0","0","0","0","0","0","0","0","0","0","0","0","0","0","0","0","0"
"*05afk*","Owen Otasowie","WOL","M","398","FA","MUN 2<br/>@WOL 1 F","0","0","-","-","0","0","0","0","0","0","0","0","0","0","0","0","0","0","0","0","0","0","0","0","0","0"
"*052k2*","Taylor Perry","WOL","M","585","FA","MUN 2<br/>@WOL 1 F","0","0","-","-","0","0","0","0","0","0","0","0","0","0","0","0","0","0","0","0","0","0","0","0","0","0"
"*05a6i*","Lewis Richards","WOL","D","590","FA","MUN 2<br/>@WOL 1 F","0","0","-","-","0","0","0","0","0","0","0","0","0","0","0","0","0","0","0","0","0","0","0","0","0","0"
"*05r4t*","Rico Richards","WBA","M","591","FA","WBA 1<br/>@LEE 3 F","0","0","-","-","0","0","0","0","0","0","0","0","0","0","0","0","0","0","0","0","0","0","0","0","0","0"
"*058vg*","Lewis Richardson","BUR","M","592","FA","BUR 0<br/>@SHU 1 F","0","0","-","-","0","0","0","0","0","0","0","0","0","0","0","0","0","0","0","0","0","0","0","0","0","0"
"*05r41*","Callum Rowe","AVL","M","595","FA","CHE 1<br/>@AVL 2 F","0","0","-","-","0","0","0","0","0","0","0","0","0","0","0","0","0","0","0","0","0","0","0","0","0","0"
"*05r4j*","Edward Rowe","AVL","M","596","FA","CHE 1<br/>@AVL 2 F","0","0","-","-","0","0","0","0","0","0","0","0","0","0","0","0","0","0","0","0","0","0","0","0","0","0"
"*05t6a*","Femi Seriki","SHU","M","599","FA","BUR 0<br/>@SHU 1 F","0","0","-","-","0","0","0","0","0","0","0","0","0","0","0","0","0","0","0","0","0","0","0","0","0","0"
"*05r92*","Thierry Small","EVE","D","600","FA","EVE 0<br/>@MCI 5 F","0","0","-","-","0","0","0","0","0","0","0","0","0","0","0","0","0","0","0","0","0","0","0","0","0","0"
"*05r42*","Harrison Sohna","AVL","M","601","FA","CHE 1<br/>@AVL 2 F","0","0","-","-","0","0","0","0","0","0","0","0","0","0","0","0","0","0","0","0","0","0","0","0","0","0"
"*05rip*","Thanawat Suengchitthawon","LEI","M","607","FA","TOT 4<br/>@LEI 2 F","0","0","-","-","0","0","0","0","0","0","0","0","0","0","0","0","0","0","0","0","0","0","0","0","0","0"
"*05r4m*","Michael Tait","AVL","F","610","FA","CHE 1<br/>@AVL 2 F","0","0","-","-","0","0","0","0","0","0","0","0","0","0","0","0","0","0","0","0","0","0","0","0","0","0"
"*04spm*","Percy Tau","BHA","F","418","FA","BHA 0<br/>@ARS 2 F","0","0","-","-","0","0","0","0","0","0","0","0","0","0","0","0","0","0","0","0","0","0","0","0","0","0"
"*0554h*","Sidnei Tavares","LEI","M","446","FA","TOT 4<br/>@LEI 2 F","0","0","-","-","0","0","0","0","0","0","0","0","0","0","0","0","0","0","0","0","0","0","0","0","0","0"
"*05ss6*","Caleb Taylor","WBA","D","611","FA","WBA 1<br/>@LEE 3 F","0","0","-","-","0","0","0","0","0","0","0","0","0","0","0","0","0","0","0","0","0","0","0","0","0","0"
"*05r3y*","Jake Walker","AVL","D","617","FA","CHE 1<br/>@AVL 2 F","0","0","-","-","0","0","0","0","0","0","0","0","0","0","0","0","0","0","0","0","0","0","0","0","0","0"
"*05r4z*","Jensen Weir","BHA","M","620","FA","BHA 0<br/>@ARS 2 F","0","0","-","-","0","0","0","0","0","0","0","0","0","0","0","0","0","0","0","0","0","0","0","0","0","0"
"*059iu*","Romaric Yapi","BHA","D","626","FA","BHA 0<br/>@ARS 2 F","0","0","-","-","0","0","0","0","0","0","0","0","0","0","0","0","0","0","0","0","0","0","0","0","0","0"
"*05r45*","Brad Young","AVL","M","627","FA","CHE 1<br/>@AVL 2 F","0","0","-","-","0","0","0","0","0","0","0","0","0","0","0","0","0","0","0","0","0","0","0","0","0","0"
"*05opi*","Andi Zeqiri","BHA","F","427","FA","BHA 0<br/>@ARS 2 F","0","0","-","-","0","0","0","0","0","0","0","0","0","0","0","0","0","0","0","0","0","0","0","0","0","0"
"*03rec*","Tyrone Mings","AVL","D","81","JADON","CHE 1<br/>@AVL 2 F","-0.25","-0.25","12%","-1%","1","90","0","0","0","0","0","0","0","0","0","0","0","0","4","1","3","1","0","0","2","0"
"*05247*","Tanguy Ndombele","TOT","M","144","FA","TOT 4<br/>@LEI 2 F","-0.25","-0.12","0%","0%","2","135","0","0","0","0","0","0","1","2","1","0","0","2","0","0","0","0","0","0","3","0"
"*03rxb*","Angelo Ogbonna","WHU","D","192","FA","SOU 0<br/>@WHU 3 F","-0.25","-0.25","0%","0%","1","90","0","0","0","0","0","0","1","1","0","0","0","0","3","1","1","3","0","0","3","0"
"*05n02*","Stuart Dallas","LEE","M","36","Tim O","WBA 1<br/>@LEE 3 F","-0.5","-0.5","0%","0%","1","90","0","0","0","0","0","0","0","0","1","0","0","1","3","0","0","1","0","0","1","0"
"*04ymz*","Karlan Grant","HUD/WBA","F","363","FA","WBA 1<br/>@LEE 3 F","-0.5","-0.5","0%","0%","1","16","0","0","0","0","0","0","0","1","0","0","0","0","0","0","0","0","0","0","0","0"
"*0436h*","Lys Mousset","SHU","F","426","FA","BUR 0<br/>@SHU 1 F","-0.5","-0.5","0%","0%","1","14","0","0","0","0","0","0","0","1","0","0","0","0","0","0","0","0","0","0","0","0"
"*05os8*","Joachim Andersen","FUL","D","111","FA","NEW 2<br/>@FUL 0 F","-0.75","-0.75","50%","-1%","1","90","0","0","0","0","0","0","0","0","1","0","0","0","9","0","0","2","0","0","1","0"
"*04rd0*","Bobby De Cordova-Reid","FUL","F","201","FA","NEW 2<br/>@FUL 0 F","-0.75","-0.75","0%","0%","1","90","0","0","0","0","0","0","1","0","1","0","0","0","3","0","0","2","0","0","1","0"
"*052ca*","Ezri Konsa","AVL","D","130","FA","CHE 1<br/>@AVL 2 F","-1","-1","34%","-1%","1","90","0","0","0","0","0","0","0","0","0","0","0","0","4","0","0","2","0","0","2","0"
"*04fyc*","Charlie Taylor","BUR","D","189","FA","BUR 0<br/>@SHU 1 F","-1","-1","0%","0%","1","90","0","0","0","0","0","0","2","0","0","0","1","0","6","0","0","0","0","0","3","0"
"*0522r*","Moussa Djenepo","SOU","M","276","FA","SOU 0<br/>@WHU 3 F","-1.5","-1.5","0%","0%","1","22","0","0","0","0","0","0","0","1","1","0","0","0","0","2","0","0","0","0","1","0"
"*02on3*","Matthew Lowton","BUR","D","109","Yum","BUR 0<br/>@SHU 1 F","-1.75","-1.75","0%","0%","1","90","0","0","1","0","0","0","0","0","0","0","0","1","4","0","0","0","0","0","3","0"
"*04u6o*","Joe Bryan","FUL","D","368","FA","NEW 2<br/>@FUL 0 F","-2","-2","0%","0%","1","5","0","0","0","0","0","0","0","0","0","0","0","0","0","0","0","0","0","0","1","0"
"*05o4b*","Matty Cash","AVL","D","95","I_am_Tim","CHE 1<br/>@AVL 2 F","-3.25","-3.25","80%","-1%","1","56","0","0","1","0","0","0","0","1","0","1","1","1","4","3","0","0","0","0","2","0"
"*05gcq*","Daniel Podence","WOL","M","191","No Slips","MUN 2<br/>@WOL 1 F","-3.5","-3.5","0%","0%","1","71","0","0","0","0","0","0","0","5","1","0","0","0","0","1","0","0","0","0","0","1"
"*02t1b*","Kyle Bartley","WBA","D","149","FA","WBA 1<br/>@LEE 3 F","-4.75","-4.75","0%","0%","1","90","0","0","0","0","0","0","1","0","1","0","0","0","2","0","2","2","0","0","3","0"
"*03297*","Conor Townsend","WBA","D","154","FA","WBA 1<br/>@LEE 3 F","-4.75","-4.75","0%","0%","1","90","0","0","0","0","0","0","0","0","0","0","0","0","0","0","1","1","0","0","3","0"
"*02m4d*","Craig Dawson","WAT/WHU","D","218","I_am_Tim","SOU 0<br/>@WHU 3 F","-5.25","-5.25","0%","0%","1","35","0","0","0","0","0","1","0","0","0","1","0","1","0","0","2","0","0","0","1","0"
"*02yl5*","John Stones","MCI","D","137","CFPL","EVE 0<br/>@MCI 5 F","-8.75","-8.75","4%","0%","1","43","0","0","0","0","0","0","0","0","0","1","0","0","1","0","0","0","0","0","1","0"
