"Player","Team","Position","Type","Team","Bid","Pr","Date (EDT)","Gameweek"
"Keane Lewis-Potter","BRF","M","Claim","1-What The Hecke","","1","Fri May 15, 2026, 3:35PM","37"
"James Ward-Prowse","BUR","M","Drop","1-What The Hecke","","1","Fri May 15, 2026, 3:35PM","37"
"Wesley Fofana","CHE","D","Claim","1-Daam Daniel","","1","Fri May 15, 2026, 10:44AM","37"
"Noussair Mazraoui","MUN","D","Claim","1 - Bruno’s Big Bean Burritos","","1","Fri May 15, 2026, 10:30AM","37"
"Lewis Dunk","BHA","D","Drop","1 - Bruno’s Big Bean Burritos","","1","Fri May 15, 2026, 10:30AM","37"
"Lewis Dunk","BHA","D","Claim","1 - Bruno’s Big Bean Burritos","","1","Fri May 15, 2026, 10:27AM","37"
"Pedro Lima","WOL","D","Drop","1 - Bruno’s Big Bean Burritos","","1","Fri May 15, 2026, 10:27AM","37"
"Cristhian Mosquera","ARS","D","Claim","1 - Bruno’s Big Bean Burritos","","1","Fri May 15, 2026, 10:25AM","37"
"Kevin Santos Lopes de Macedo","FUL","F","Claim","1 - Bruno’s Big Bean Burritos","","1","Fri May 15, 2026, 10:24AM","37"
"Kevin Danso","TOT","D","Drop","1 - Bruno’s Big Bean Burritos","","1","Fri May 15, 2026, 10:24AM","37"
"James Maddison","TOT","M","Claim","1 - Bruno’s Big Bean Burritos","","1","Fri May 15, 2026, 10:23AM","37"
"João Palhinha","TOT","M","Drop","1 - Bruno’s Big Bean Burritos","","1","Fri May 15, 2026, 10:23AM","37"
"Matz Sels","NOT","G","Claim","1-Floetry in Motion","","1","Thu May 14, 2026, 9:02PM","37"
"Bart Verbruggen","BHA","G","Drop","1-Floetry in Motion","","1","Thu May 14, 2026, 9:02PM","37"
"Joelinton","NEW","M","Claim","1-Floetry in Motion","0.01","6","Thu May 14, 2026, 9:00PM","37"
"Hugo Bueno","WOL","D","Drop","1-Floetry in Motion","","6","Thu May 14, 2026, 9:00PM","37"
"Omar Marmoush","MCI","F","Claim","1-Floetry in Motion","0.40","5","Thu May 14, 2026, 9:00PM","37"
"Nathan Collins","BRF","D","Claim","1-Floetry in Motion","0.05","4","Thu May 14, 2026, 9:00PM","37"
"Maxim De Cuyper","BHA","D","Claim","1-Daam Daniel","0.00","3","Thu May 14, 2026, 9:00PM","37"
"Omar Alderete","SUN","D","Claim","1-Dr. Dioufenshmirtz","2.05","1","Thu May 14, 2026, 9:00PM","37"
"Sepp van den Berg","BRF","D","Claim","1-Floetry in Motion","0.05","2","Thu May 14, 2026, 9:00PM","37"
"Alejandro Garnacho","CHE","M","Claim","1-Rainy Night at Stoke","0.00","1","Thu May 14, 2026, 9:00PM","37"
"Tijjani Reijnders","MCI","M","Drop","1-Rainy Night at Stoke","","1","Thu May 14, 2026, 9:00PM","37"
"Piero Hincapié","ARS","D","Claim","1-Floetry in Motion","0.05","1","Thu May 14, 2026, 9:00PM","37"
"Ian Maatsen","AVL","D","Drop","1-Floetry in Motion","","1","Thu May 14, 2026, 10:55AM","37"
"Daniel James","LEE","M","Drop","1-Floetry in Motion","","1","Thu May 14, 2026, 10:53AM","37"
"Ruben Dias","MCI","D","Drop","1-Floetry in Motion","","1","Thu May 14, 2026, 10:53AM","37"
"Dilane Bakwa","NOT","F","Drop","1-Floetry in Motion","","1","Thu May 14, 2026, 10:50AM","37"
"Georginio Rutter","BHA","F","Drop","1- Black Friday @ Nordi’s","","1","Thu May 14, 2026, 10:29AM","37"
"Ben White","ARS","D","Drop","1-Daam Daniel","","1","Tue May 12, 2026, 12:03PM","37"
"Daniel James","LEE","M","Claim","1-Floetry in Motion","","1","Mon May 11, 2026, 2:25PM","36"
"Myles Lewis-Skelly","ARS","D","Claim","1 - Bruno’s Big Bean Burritos","","1","Sun May 10, 2026, 10:18AM","36"
"Piero Hincapié","ARS","D","Drop","1 - Bruno’s Big Bean Burritos","","1","Sun May 10, 2026, 10:18AM","36"
"Daichi Kamada","CRY","M","Claim","1-What The Hecke","","1","Sun May 10, 2026, 8:39AM","36"
"Jefferson Lerma","CRY","M","Drop","1-What The Hecke","","1","Sun May 10, 2026, 8:39AM","36"
"Dilane Bakwa","NOT","F","Claim","1-Floetry in Motion","","1","Sun May 10, 2026, 8:31AM","36"
"Taiwo Awoniyi","NOT","F","Drop","1-Floetry in Motion","","1","Sun May 10, 2026, 8:31AM","36"
"Dilane Bakwa","NOT","F","Drop","1-Daam Daniel","","1","Sun May 10, 2026, 8:27AM","36"
"Taiwo Awoniyi","NOT","F","Claim","1-Floetry in Motion","","1","Sun May 10, 2026, 8:20AM","36"
"Tammy Abraham","AVL","F","Drop","1 - Bruno’s Big Bean Burritos","","1","Sun May 10, 2026, 8:19AM","36"
"Omari Hutchinson","NOT","F","Drop","1-Floetry in Motion","","1","Sun May 10, 2026, 8:19AM","36"
"Merlin Röhl","EVE","M","Claim","1-Rainy Night at Stoke","","1","Sun May 10, 2026, 7:52AM","36"
"Yeremy Pino","CRY","M","Drop","1-Rainy Night at Stoke","","1","Sun May 10, 2026, 7:52AM","36"
"Dilane Bakwa","NOT","F","Claim","1-Daam Daniel","","1","Sun May 10, 2026, 7:48AM","36"
"Lucas Digne","AVL","D","Drop","1-Daam Daniel","","1","Sun May 10, 2026, 7:48AM","36"
"Nick Woltemade","NEW","F","Claim","1-Rainy Night at Stoke","","1","Sun May 10, 2026, 7:47AM","36"
"Destiny Udogie","TOT","D","Drop","1-Rainy Night at Stoke","","1","Sun May 10, 2026, 7:47AM","36"
"Lucas Digne","AVL","D","Claim","1-Daam Daniel","","1","Sun May 10, 2026, 6:49AM","36"
"Joachim Andersen","FUL","D","Drop","1 - Absolute Ekitekkers","","1","Sat May 9, 2026, 3:12PM","37"
"Thierno Barry","EVE","F","Claim","1- Black Friday @ Nordi’s","","1","Sat May 9, 2026, 12:22PM","36"
"Omar Marmoush","MCI","F","Drop","1- Black Friday @ Nordi’s","","1","Sat May 9, 2026, 12:22PM","36"
"Nathan Ake","MCI","D","Claim","1- Black Friday @ Nordi’s","","1","Sat May 9, 2026, 11:42AM","36"
"Murillo","NOT","D","Drop","1- Black Friday @ Nordi’s","","1","Sat May 9, 2026, 11:42AM","36"
"Tijjani Reijnders","MCI","M","Claim","1-Rainy Night at Stoke","","1","Sat May 9, 2026, 11:33AM","36"
"Maxim De Cuyper","BHA","D","Drop","1-Daam Daniel","","1","Sat May 9, 2026, 9:56AM","36"
"Maxim De Cuyper","BHA","D","Claim","1-Daam Daniel","","1","Sat May 9, 2026, 9:54AM","36"
"Jayden Bogle","LEE","D","Drop","1-Daam Daniel","","1","Sat May 9, 2026, 9:54AM","36"
"Mason Mount","MUN","M","Drop","1-Rainy Night at Stoke","","1","Sat May 9, 2026, 9:34AM","36"
"Rodri","MCI","M","Drop","1 - Moises parts the Red Seamen","","1","Sat May 9, 2026, 9:05AM","36"
"Mason Mount","MUN","M","Claim","1-Rainy Night at Stoke","","1","Sat May 9, 2026, 8:58AM","36"
"Daichi Kamada","CRY","M","Drop","1-Rainy Night at Stoke","","1","Sat May 9, 2026, 8:58AM","36"
"Pedro Lima","WOL","D","Claim","1 - Bruno’s Big Bean Burritos","","1","Sat May 9, 2026, 8:51AM","36"
"Olivier Boscagli","BHA","D","Drop","1 - Bruno’s Big Bean Burritos","","1","Sat May 9, 2026, 8:49AM","36"
"Tolu Arokodare","WOL","F","Drop","1-Floetry in Motion","","1","Sat May 9, 2026, 8:49AM","36"
"Brenden Aaronson","LEE","M","Claim","1 - Moises parts the Red Seamen","","1","Sat May 9, 2026, 8:11AM","36"
"Djed Spence","TOT","D","Drop","1 - Moises parts the Red Seamen","","1","Sat May 9, 2026, 8:11AM","36"
"Giorgi Mamardashvili","LIV","G","Claim","1 - Absolute Ekitekkers","","1","Sat May 9, 2026, 6:30AM","36"
"Freddie Woodman","LIV","G","Drop","1 - Absolute Ekitekkers","","1","Sat May 9, 2026, 6:30AM","36"
"Tolu Arokodare","WOL","F","Claim","1-Floetry in Motion","","1","Fri May 8, 2026, 10:58AM","36"
"Noah Okafor","LEE","F","Drop","1-Floetry in Motion","","1","Fri May 8, 2026, 10:58AM","36"
"Rodrigo Muniz","FUL","F","Claim","1- Black Friday @ Nordi’s","","1","Fri May 8, 2026, 10:51AM","36"
"Josko Gvardiol","MCI","D","Claim","1- Black Friday @ Nordi’s","","1","Fri May 8, 2026, 10:50AM","36"
"Alex Jiménez","BOU","D","Drop","1- Black Friday @ Nordi’s","","1","Fri May 8, 2026, 10:24AM","36"
"Daichi Kamada","CRY","M","Claim","1-Rainy Night at Stoke","","1","Fri May 8, 2026, 6:39AM","36"
"Alejandro Garnacho","CHE","M","Drop","1-Rainy Night at Stoke","","1","Fri May 8, 2026, 6:39AM","36"
"Ian Maatsen","AVL","D","Claim","1-Floetry in Motion","","1","Thu May 7, 2026, 9:34PM","36"
"Sepp van den Berg","BRF","D","Drop","1-Floetry in Motion","","1","Thu May 7, 2026, 9:34PM","36"
"Ian Maatsen","AVL","D","Drop","1- Black Friday @ Nordi’s","","1","Thu May 7, 2026, 4:11PM","36"
"Destiny Udogie","TOT","D","Claim","1-Rainy Night at Stoke","","1","Wed May 6, 2026, 10:26PM","36"
"Nick Woltemade","NEW","F","Drop","1-Rainy Night at Stoke","","1","Wed May 6, 2026, 10:26PM","36"
"Ao Tanaka","LEE","M","Claim","1-Floetry in Motion","","1","Tue May 5, 2026, 11:54PM","36"
"Daichi Kamada","CRY","M","Drop","1-Floetry in Motion","","1","Tue May 5, 2026, 11:54PM","36"
"Omari Hutchinson","NOT","F","Claim","1-Floetry in Motion","","1","Tue May 5, 2026, 11:52PM","36"
"Jaydee Canvot","CRY","D","Drop","1-Floetry in Motion","","1","Tue May 5, 2026, 11:52PM","36"
"William Osula","NEW","F","Claim","1 - Bruno’s Big Bean Burritos","","1","Tue May 5, 2026, 9:12PM","36"
"Kevin Danso","TOT","D","Claim","1 - Bruno’s Big Bean Burritos","","1","Tue May 5, 2026, 9:12PM","36"
"Quilindschy Hartman","BUR","D","Drop","1 - Bruno’s Big Bean Burritos","","1","Tue May 5, 2026, 9:11PM","36"
"Lewis Miley","NEW","M","Drop","1 - Bruno’s Big Bean Burritos","","1","Tue May 5, 2026, 9:10PM","36"
"Piero Hincapié","ARS","D","Claim","1 - Bruno’s Big Bean Burritos","","1","Tue May 5, 2026, 9:10PM","36"
"Kyle Walker-Peters","WHU","D","Drop","1 - Bruno’s Big Bean Burritos","","1","Tue May 5, 2026, 9:08PM","36"
"Igor Jesus Maciel da Cruz","NOT","F","Claim","1-What The Hecke","0.00","3","Tue May 5, 2026, 9:00PM","36"
"Reinildo Isnard Mandava","SUN","D","Drop","1-What The Hecke","","3","Tue May 5, 2026, 9:00PM","36"
"Bernd Leno","FUL","G","Claim","1-What The Hecke","0.00","2","Tue May 5, 2026, 9:00PM","36"
"Mads Hermansen","WHU","G","Drop","1-What The Hecke","","2","Tue May 5, 2026, 9:00PM","36"
"Mathys Tel","TOT","F","Claim","1-Daam Daniel","0.00","1","Tue May 5, 2026, 9:00PM","36"
"Antonee Robinson","FUL","D","Claim","1-Rainy Night at Stoke","1.57","1","Tue May 5, 2026, 9:00PM","36"
"Nick Pope","NEW","G","Drop","1-Rainy Night at Stoke","","1","Tue May 5, 2026, 9:00PM","36"
"Jack Hinshelwood","BHA","M","Claim","1-What The Hecke","0.00","1","Tue May 5, 2026, 9:00PM","36"
"Ryan Christie","BOU","M","Drop","1-What The Hecke","","1","Tue May 5, 2026, 9:00PM","36"
"Bart Verbruggen","BHA","G","Claim","1-Floetry in Motion","0.00","1","Tue May 5, 2026, 9:00PM","36"
"Karl Darlow","LEE","G","Drop","1-Floetry in Motion","","1","Tue May 5, 2026, 9:00PM","36"
"Axel Disasi","WHU","D","Drop","1-Dr. Dioufenshmirtz","","1","Tue May 5, 2026, 11:03AM","36"
"João Palhinha","TOT","M","Claim","1 - Bruno’s Big Bean Burritos","","1","Sun May 3, 2026, 1:18PM","35"
"Tammy Abraham","AVL","F","Claim","1 - Bruno’s Big Bean Burritos","","1","Sun May 3, 2026, 12:48PM","35"
"Chris Wood","NOT","F","Drop","1 - Bruno’s Big Bean Burritos","","1","Sun May 3, 2026, 12:48PM","35"
"Daichi Kamada","CRY","M","Claim","1-Floetry in Motion","","1","Sat May 2, 2026, 6:37PM","35"
"Omari Hutchinson","NOT","F","Drop","1-Floetry in Motion","","1","Sat May 2, 2026, 6:37PM","35"
"Jaydee Canvot","CRY","D","Claim","1-Floetry in Motion","","1","Sat May 2, 2026, 6:36PM","35"
"Omar Alderete","SUN","D","Drop","1-Floetry in Motion","","1","Thu Apr 30, 2026, 11:05PM","35"
"Ian Maatsen","AVL","D","Claim","1- Black Friday @ Nordi’s","","1","Sat May 2, 2026, 11:46AM","35"
"Piero Hincapié","ARS","D","Drop","1- Black Friday @ Nordi’s","","1","Sat May 2, 2026, 11:46AM","35"
"Omar Alderete","SUN","D","Drop","1-Floetry in Motion","","1","Sat May 2, 2026, 10:00AM","36"
"Hugo Bueno","WOL","D","Claim","1-Floetry in Motion","","1","Sat May 2, 2026, 9:42AM","35"
"Keane Lewis-Potter","BRF","M","Drop","1 - Bruno’s Big Bean Burritos","","1","Sat May 2, 2026, 9:06AM","35"
"Olivier Boscagli","BHA","D","Claim","1 - Bruno’s Big Bean Burritos","","1","Sat May 2, 2026, 8:59AM","35"
"Lucas Digne","AVL","D","Drop","1 - Bruno’s Big Bean Burritos","","1","Sat May 2, 2026, 8:59AM","35"
"Ryan Christie","BOU","M","Claim","1-What The Hecke","","1","Sat May 2, 2026, 8:56AM","35"
"Antonee Robinson","FUL","D","Drop","1-What The Hecke","","1","Sat May 2, 2026, 8:56AM","35"
"Ian Maatsen","AVL","D","Drop","1-Daam Daniel","","1","Fri May 1, 2026, 8:23PM","35"
"Ian Maatsen","AVL","D","Claim","1-Daam Daniel","","1","Fri May 1, 2026, 8:22PM","35"
"Igor Jesus Maciel da Cruz","NOT","F","Drop","1-Floetry in Motion","","1","Fri May 1, 2026, 7:38PM","35"
"Yasin Ayari","BHA","M","Claim","1-DeezRut(ter)z","","1","Fri May 1, 2026, 6:44PM","35"
"Robert Sanchez","CHE","G","Claim","1-DeezRut(ter)z","","1","Fri May 1, 2026, 5:55PM","35"
"Bernd Leno","FUL","G","Drop","1-DeezRut(ter)z","","1","Fri May 1, 2026, 5:55PM","35"
"Habib Diarra","SUN","M","Drop","1-DeezRut(ter)z","","1","Fri May 1, 2026, 5:54PM","35"
"Hugo Bueno","WOL","D","Drop","1-Daam Daniel","","1","Fri May 1, 2026, 5:48PM","35"
"Riccardo Calafiori","ARS","D","Claim","1-Daam Daniel","","1","Fri May 1, 2026, 4:39PM","35"
"Nick Pope","NEW","G","Claim","1-Rainy Night at Stoke","","1","Fri May 1, 2026, 4:37PM","35"
"Riccardo Calafiori","ARS","D","Drop","1-Rainy Night at Stoke","","1","Fri May 1, 2026, 4:37PM","35"
"Andre","WOL","M","Drop","1 - Absolute Ekitekkers","","1","Fri May 1, 2026, 2:34PM","35"
"Xavi Simons","TOT","M","Drop","1 - Absolute Ekitekkers","","1","Fri May 1, 2026, 2:34PM","35"
"Riccardo Calafiori","ARS","D","Claim","1-Rainy Night at Stoke","","1","Fri May 1, 2026, 2:22PM","35"
"Brenden Aaronson","LEE","M","Drop","1-Rainy Night at Stoke","","1","Fri May 1, 2026, 2:19PM","35"
"Jayden Bogle","LEE","D","Claim","1-Daam Daniel","","1","Fri May 1, 2026, 12:57PM","35"
"Noni Madueke","ARS","M","Drop","1-Daam Daniel","","1","Fri May 1, 2026, 12:56PM","35"
"Georginio Rutter","BHA","F","Claim","1- Black Friday @ Nordi’s","","1","Thu Apr 30, 2026, 8:28PM","35"
"Alex Jiménez","BOU","D","Claim","1- Black Friday @ Nordi’s","","1","Thu Apr 30, 2026, 8:28PM","35"
"Keane Lewis-Potter","BRF","M","Claim","1 - Bruno’s Big Bean Burritos","","1","Thu Apr 30, 2026, 4:52PM","35"
"Quilindschy Hartman","BUR","D","Claim","1 - Bruno’s Big Bean Burritos","","1","Wed Apr 29, 2026, 8:25PM","35"
"Yeremy Pino","CRY","M","Claim","1-Rainy Night at Stoke","0.17","6","Tue Apr 28, 2026, 9:00PM","35"
"Jaydee Canvot","CRY","D","Drop","1-Rainy Night at Stoke","","6","Tue Apr 28, 2026, 9:00PM","35"
"Hugo Bueno","WOL","D","Claim","1-Daam Daniel","1.10","4","Tue Apr 28, 2026, 9:00PM","35"
"Brenden Aaronson","LEE","M","Claim","1-Rainy Night at Stoke","1.01","3","Tue Apr 28, 2026, 9:00PM","35"
"Ayden Heaven","MUN","D","Drop","1-Rainy Night at Stoke","","3","Tue Apr 28, 2026, 9:00PM","35"
"Mikkel Damsgaard","BRF","M","Claim","1-Daam Daniel","2.00","3","Tue Apr 28, 2026, 9:00PM","35"
"Rio Ngumoha","LIV","F","Claim","1-Daam Daniel","9.00","2","Tue Apr 28, 2026, 9:00PM","35"
"Eli Kroupi","BOU","F","Claim","1-Rainy Night at Stoke","1.57","1","Tue Apr 28, 2026, 9:00PM","35"
"Riccardo Calafiori","ARS","D","Drop","1-Rainy Night at Stoke","","1","Tue Apr 28, 2026, 9:00PM","35"
"Gianluigi Donnarumma","MCI","G","Claim","1-Daam Daniel","7.00","1","Tue Apr 28, 2026, 9:00PM","35"
"Matz Sels","NOT","G","Drop","1-Daam Daniel","","1","Tue Apr 28, 2026, 9:00PM","35"
"James Ward-Prowse","BUR","M","Claim","1-What The Hecke","0.00","1","Tue Apr 28, 2026, 9:00PM","35"
"Noah Sadiki","SUN","M","Drop","1-What The Hecke","","1","Tue Apr 28, 2026, 9:00PM","35"
"Karl Darlow","LEE","G","Claim","1-Floetry in Motion","0.00","1","Tue Apr 28, 2026, 9:00PM","35"
"Jaka Bijol","LEE","D","Claim","1-Dr. Dioufenshmirtz","2.00","1","Tue Apr 28, 2026, 9:00PM","35"
"Kevin Danso","TOT","D","Drop","1-Daam Daniel","","1","Tue Apr 28, 2026, 5:15PM","35"
"Keane Lewis-Potter","BRF","M","Drop","1-Dr. Dioufenshmirtz","","1","Tue Apr 28, 2026, 12:34PM","35"
"Antonin Kinsky","TOT","G","Drop","1-Floetry in Motion","","1","Mon Apr 27, 2026, 10:17PM","35"
"Ian Maatsen","AVL","D","Drop","1- Black Friday @ Nordi’s","","1","Mon Apr 27, 2026, 5:56PM","35"
"Nikola Milenkovic","NOT","D","Drop","1- Black Friday @ Nordi’s","","1","Mon Apr 27, 2026, 5:55PM","35"
"Thierno Barry","EVE","F","Drop","1-Daam Daniel","","1","Mon Apr 27, 2026, 5:22PM","35"
"Idrissa Gueye","EVE","M","Drop","1 - Bruno’s Big Bean Burritos","","1","Sat Apr 25, 2026, 11:46AM","35"
"Ayden Heaven","MUN","D","Claim","1-Rainy Night at Stoke","","1","Sat Apr 25, 2026, 11:19AM","34"
"Yves Bissouma","TOT","M","Claim","1-The Gyök Gyök 3000","","1","Sat Apr 25, 2026, 9:51AM","34"
"Freddie Woodman","LIV","G","Claim","1 - Absolute Ekitekkers","","1","Sat Apr 25, 2026, 9:36AM","34"
"Jose Sa","WOL","G","Drop","1 - Absolute Ekitekkers","","1","Sat Apr 25, 2026, 9:36AM","34"
"Andre","WOL","M","Claim","1 - Absolute Ekitekkers","","1","Sat Apr 25, 2026, 9:15AM","34"
"Eli Kroupi","BOU","F","Drop","1 - Absolute Ekitekkers","","1","Sat Apr 25, 2026, 9:15AM","34"
"Randal Kolo Muani","TOT","F","Claim","1 - Absolute Ekitekkers","","1","Sat Apr 25, 2026, 9:13AM","34"
"Rio Ngumoha","LIV","F","Drop","1 - Absolute Ekitekkers","","1","Sat Apr 25, 2026, 9:13AM","34"
"Randal Kolo Muani","TOT","F","Drop","1-Daam Daniel","","1","Sat Apr 25, 2026, 9:13AM","34"
"Curtis Jones","LIV","M","Claim","1 - Absolute Ekitekkers","","1","Sat Apr 25, 2026, 9:10AM","34"
"Jose Sa","WOL","G","Claim","1 - Absolute Ekitekkers","","1","Sat Apr 25, 2026, 9:10AM","34"
"Alisson","LIV","G","Drop","1 - Absolute Ekitekkers","","1","Sat Apr 25, 2026, 9:10AM","34"
"Hugo Ekitiké","LIV","F","Drop","1 - Absolute Ekitekkers","","1","Sat Apr 25, 2026, 9:08AM","34"
"Rodrigo Bentancur","TOT","M","Claim","1-DeezRut(ter)z","","1","Sat Apr 25, 2026, 9:03AM","34"
"Robert Sanchez","CHE","G","Drop","1-DeezRut(ter)z","","1","Sat Apr 25, 2026, 9:03AM","34"
"Pablo Felipe Pereira de Jesus","WHU","F","Claim","1 - Moises parts the Red Seamen","","1","Sat Apr 25, 2026, 9:00AM","34"
"Joelinton","NEW","M","Drop","1 - Moises parts the Red Seamen","","1","Sat Apr 25, 2026, 9:00AM","34"
"Idrissa Gueye","EVE","M","Claim","1 - Bruno’s Big Bean Burritos","","1","Sat Apr 25, 2026, 8:55AM","34"
"Randal Kolo Muani","TOT","F","Claim","1-Daam Daniel","","1","Sat Apr 25, 2026, 8:55AM","34"
"Mathys Tel","TOT","F","Drop","1-Daam Daniel","","1","Sat Apr 25, 2026, 8:54AM","34"
"Yeremy Pino","CRY","M","Drop","1-Rainy Night at Stoke","","1","Sat Apr 25, 2026, 8:54AM","34"
"Pablo Felipe Pereira de Jesus","WHU","F","Drop","1 - Bruno’s Big Bean Burritos","","1","Sat Apr 25, 2026, 8:52AM","34"
"Pablo Felipe Pereira de Jesus","WHU","F","Claim","1 - Bruno’s Big Bean Burritos","","1","Sat Apr 25, 2026, 8:50AM","34"
"Mikkel Damsgaard","BRF","M","Drop","1 - Bruno’s Big Bean Burritos","","1","Sat Apr 25, 2026, 8:50AM","34"
"Kyle Walker-Peters","WHU","D","Claim","1 - Bruno’s Big Bean Burritos","","1","Sat Apr 25, 2026, 8:48AM","34"
"Jackson Tchatchoua","WOL","D","Drop","1 - Bruno’s Big Bean Burritos","","1","Sat Apr 25, 2026, 8:48AM","34"
"Samuel Chukwueze","FUL","F","Claim","1-Rainy Night at Stoke","","1","Sat Apr 25, 2026, 6:42AM","34"
"Oscar Bobb","FUL","M","Drop","1-Rainy Night at Stoke","","1","Sat Apr 25, 2026, 6:42AM","34"
"Santiago Bueno","WOL","D","Claim","1 - Absolute Ekitekkers","","1","Fri Apr 24, 2026, 3:44PM","34"
"Joachim Andersen","FUL","D","Claim","1 - Absolute Ekitekkers","","1","Fri Apr 24, 2026, 3:43PM","34"
"Habib Diarra","SUN","M","Claim","1-DeezRut(ter)z","","1","Fri Apr 24, 2026, 2:52PM","34"
"Jacob Ramsey","NEW","M","Drop","1-DeezRut(ter)z","","1","Fri Apr 24, 2026, 2:52PM","34"
"Trai Hume","SUN","D","Claim","1-DeezRut(ter)z","","1","Fri Apr 24, 2026, 2:52PM","34"
"James Maddison","TOT","M","Drop","1-DeezRut(ter)z","","1","Fri Apr 24, 2026, 2:52PM","34"
"Lucas Digne","AVL","D","Claim","1 - Bruno’s Big Bean Burritos","","1","Fri Apr 24, 2026, 2:14PM","34"
"Alex Jiménez","BOU","D","Drop","1 - Bruno’s Big Bean Burritos","","1","Fri Apr 24, 2026, 2:14PM","34"
"Matz Sels","NOT","G","Claim","1-Daam Daniel","","1","Fri Apr 24, 2026, 2:08PM","34"
"Freddie Woodman","LIV","G","Drop","1-Daam Daniel","","1","Fri Apr 24, 2026, 2:08PM","34"
"Ruben Dias","MCI","D","Claim","1-Floetry in Motion","","1","Fri Apr 24, 2026, 2:01PM","34"
"Nathan Collins","BRF","D","Drop","1-Floetry in Motion","","1","Fri Apr 24, 2026, 1:58PM","34"
"Hugo Bueno","WOL","D","Drop","1-Daam Daniel","","1","Fri Apr 24, 2026, 12:57PM","34"
"Adam Wharton","CRY","M","Claim","1-Daam Daniel","","1","Fri Apr 24, 2026, 12:33PM","34"
"Habib Diarra","SUN","M","Drop","1-Daam Daniel","","1","Fri Apr 24, 2026, 12:33PM","34"
"Thierno Barry","EVE","F","Claim","1-Daam Daniel","","1","Fri Apr 24, 2026, 12:19PM","34"
"William Osula","NEW","F","Drop","1-Daam Daniel","","1","Fri Apr 24, 2026, 12:19PM","34"
"Riccardo Calafiori","ARS","D","Claim","1-Rainy Night at Stoke","","1","Fri Apr 24, 2026, 11:10AM","34"
"Estevao Willian Almeida de Oliveira Gonçalves","CHE","F","Drop","1-Rainy Night at Stoke","","1","Fri Apr 24, 2026, 11:10AM","34"
"Yeremy Pino","CRY","M","Claim","1-Rainy Night at Stoke","1.01","1","Thu Apr 23, 2026, 9:00PM","34"
"Amadou Onana","AVL","M","Drop","1-Rainy Night at Stoke","","1","Thu Apr 23, 2026, 9:00PM","34"
"Reinildo Isnard Mandava","SUN","D","Claim","1-What The Hecke","","1","Thu Apr 23, 2026, 9:57AM","34"
"Jack Hinshelwood","BHA","M","Drop","1-What The Hecke","","1","Thu Apr 23, 2026, 9:57AM","34"
"Noah Sadiki","SUN","M","Claim","1-What The Hecke","","1","Thu Apr 23, 2026, 9:51AM","34"
"William Osula","NEW","F","Claim","1-Daam Daniel","","1","Thu Apr 23, 2026, 9:05AM","34"
"Samuel Chukwueze","FUL","F","Drop","1-Daam Daniel","","1","Thu Apr 23, 2026, 9:05AM","34"
"Ian Maatsen","AVL","D","Claim","1- Black Friday @ Nordi’s","","1","Thu Apr 23, 2026, 1:05AM","34"
"Murillo","NOT","D","Lineup Change","1- Black Friday @ Nordi’s","","1","Thu Apr 23, 2026, 1:05AM","34"
"Senne Lammens","MUN","G","Claim","1 - Bruno’s Big Bean Burritos","","1","Wed Apr 22, 2026, 9:27PM","34"
"Djordje Petrovic","BOU","G","Drop","1 - Bruno’s Big Bean Burritos","","1","Wed Apr 22, 2026, 9:27PM","34"
"Samuel Chukwueze","FUL","F","Claim","1-Daam Daniel","","1","Wed Apr 22, 2026, 9:26PM","34"
"Habib Diarra","SUN","M","Claim","1-Daam Daniel","","1","Wed Apr 22, 2026, 9:16PM","34"
"Amadou Onana","AVL","M","Claim","1-Rainy Night at Stoke","","1","Wed Apr 22, 2026, 9:09PM","34"
"Freddie Woodman","LIV","G","Claim","1-Daam Daniel","","1","Wed Apr 22, 2026, 9:08PM","34"
"Jaydee Canvot","CRY","D","Claim","1-Rainy Night at Stoke","","1","Wed Apr 22, 2026, 9:03PM","34"
"Antonin Kinsky","TOT","G","Claim","1-Floetry in Motion","0.00","4","Wed Apr 22, 2026, 9:00PM","34"
"Harry Maguire","MUN","D","Claim","1-Daam Daniel","0.00","4","Wed Apr 22, 2026, 9:00PM","34"
"Igor Jesus Maciel da Cruz","NOT","F","Claim","1-Floetry in Motion","0.00","3","Wed Apr 22, 2026, 9:00PM","34"
"Ben White","ARS","D","Claim","1-Daam Daniel","0.00","3","Wed Apr 22, 2026, 9:00PM","34"
"Omari Hutchinson","NOT","F","Claim","1-Floetry in Motion","0.00","2","Wed Apr 22, 2026, 9:00PM","34"
"Axel Disasi","WHU","D","Claim","1-Dr. Dioufenshmirtz","0.00","3","Wed Apr 22, 2026, 9:00PM","34"
"Mathias Jensen","BRF","M","Claim","1-Dr. Dioufenshmirtz","0.03","2","Wed Apr 22, 2026, 9:00PM","34"
"Piero Hincapié","ARS","D","Claim","1- Black Friday @ Nordi’s","3.70","1","Wed Apr 22, 2026, 9:00PM","34"
"Yeremy Pino","CRY","M","Drop","1- Black Friday @ Nordi’s","","1","Wed Apr 22, 2026, 9:00PM","34"
"Jake O'Brien","EVE","D","Claim","1-DeezRut(ter)z","4.00","2","Wed Apr 22, 2026, 9:00PM","34"
"Randal Kolo Muani","TOT","F","Drop","1-DeezRut(ter)z","","2","Wed Apr 22, 2026, 9:00PM","34"
"Chris Wood","NOT","F","Claim","1 - Bruno’s Big Bean Burritos","0.01","1","Wed Apr 22, 2026, 9:00PM","34"
"Rodrigo Muniz","FUL","F","Drop","1 - Bruno’s Big Bean Burritos","","1","Wed Apr 22, 2026, 9:00PM","34"
"Mathys Tel","TOT","F","Claim","1-Daam Daniel","0.00","1","Wed Apr 22, 2026, 9:00PM","34"
"Alisson","LIV","G","Claim","1 - Absolute Ekitekkers","0.00","1","Wed Apr 22, 2026, 9:00PM","34"
"Giorgi Mamardashvili","LIV","G","Drop","1 - Absolute Ekitekkers","","1","Wed Apr 22, 2026, 9:00PM","34"
"Keane Lewis-Potter","BRF","M","Claim","1-Dr. Dioufenshmirtz","0.10","1","Wed Apr 22, 2026, 9:00PM","34"
"Bernd Leno","FUL","G","Claim","1-DeezRut(ter)z","5.00","1","Wed Apr 22, 2026, 9:00PM","34"
"Jarrad Branthwaite","EVE","D","Drop","1-Rainy Night at Stoke","","1","Wed Apr 22, 2026, 6:14PM","34"
"Ao Tanaka","LEE","M","Drop","1-Daam Daniel","","1","Wed Apr 22, 2026, 5:03PM","34"
"Jaka Bijol","LEE","D","Drop","1-Daam Daniel","","1","Wed Apr 22, 2026, 5:03PM","34"
"James Ward-Prowse","BUR","M","Drop","1-Dr. Dioufenshmirtz","","1","Wed Apr 22, 2026, 4:59PM","34"
"Bart Verbruggen","BHA","G","Drop","1-Daam Daniel","","1","Wed Apr 22, 2026, 11:51AM","34"
"Jayden Bogle","LEE","D","Drop","1-Daam Daniel","","1","Wed Apr 22, 2026, 11:42AM","34"
"Gianluigi Donnarumma","MCI","G","Drop","1-Dr. Dioufenshmirtz","","1","Wed Apr 22, 2026, 10:32AM","34"
"Olivier Boscagli","BHA","D","Drop","1-Dr. Dioufenshmirtz","","1","Wed Apr 22, 2026, 10:32AM","34"
"Yasin Ayari","BHA","M","Drop","1-Daam Daniel","","1","Sun Apr 19, 2026, 7:00PM","34"
"Karl Darlow","LEE","G","Drop","1-Floetry in Motion","","1","Sun Apr 19, 2026, 6:59PM","34"
"Mats Wieffer","BHA","M","Drop","1-Floetry in Motion","","1","Sun Apr 19, 2026, 6:59PM","34"
"Brenden Aaronson","LEE","M","Drop","1-Floetry in Motion","","1","Sun Apr 19, 2026, 6:58PM","34"
"Igor Jesus Maciel da Cruz","NOT","F","Drop","1- Black Friday @ Nordi’s","","1","Sun Apr 19, 2026, 8:57AM","33"
"John McGinn","AVL","M","Claim","1- Black Friday @ Nordi’s","","1","Sun Apr 19, 2026, 8:56AM","33"
"Emiliano Buendia","AVL","M","Drop","1- Black Friday @ Nordi’s","","1","Sun Apr 19, 2026, 8:56AM","33"
"Lucas Digne","AVL","D","Drop","1 - Bruno’s Big Bean Burritos","","1","Sun Apr 19, 2026, 8:02AM","33"
"Max Dowman","ARS","M","Drop","1-Daam Daniel","","1","Sun Apr 19, 2026, 7:07AM","33"
"Harvey Barnes","NEW","M","Claim","1-DeezRut(ter)z","","1","Sat Apr 18, 2026, 9:44AM","33"
"Kieran Trippier","NEW","D","Drop","1-DeezRut(ter)z","","1","Sat Apr 18, 2026, 9:42AM","33"
"Jacob Ramsey","NEW","M","Claim","1-DeezRut(ter)z","","1","Sat Apr 18, 2026, 9:42AM","33"
"Kevin Danso","TOT","D","Claim","1-Daam Daniel","","1","Sat Apr 18, 2026, 9:04AM","33"
"Ryan Christie","BOU","M","Drop","1-Daam Daniel","","1","Sat Apr 18, 2026, 8:59AM","33"
"Mikkel Damsgaard","BRF","M","Claim","1 - Bruno’s Big Bean Burritos","","1","Sat Apr 18, 2026, 7:25AM","33"
"João Palhinha","TOT","M","Drop","1 - Bruno’s Big Bean Burritos","","1","Sat Apr 18, 2026, 7:25AM","33"
"Rodrigo Muniz","FUL","F","Claim","1 - Bruno’s Big Bean Burritos","","1","Sat Apr 18, 2026, 7:24AM","33"
"Chris Wood","NOT","F","Drop","1 - Bruno’s Big Bean Burritos","","1","Sat Apr 18, 2026, 7:24AM","33"
"Timothy Castagne","FUL","D","Claim","1-What The Hecke","","1","Sat Apr 18, 2026, 7:20AM","33"
"Mathias Jensen","BRF","M","Drop","1-What The Hecke","","1","Sat Apr 18, 2026, 7:16AM","33"
"Fabian Schar","NEW","D","Drop","1-What The Hecke","","1","Sat Apr 18, 2026, 7:08AM","33"
"Nikola Milenkovic","NOT","D","Claim","1- Black Friday @ Nordi’s","","1","Fri Apr 17, 2026, 10:16PM","33"
"Amine Adli","BOU","F","Drop","1- Black Friday @ Nordi’s","","1","Fri Apr 17, 2026, 10:16PM","33"
"Fabian Schar","NEW","D","Claim","1-What The Hecke","","1","Fri Apr 17, 2026, 8:16AM","33"
"Ian Maatsen","AVL","D","Drop","1-What The Hecke","","1","Fri Apr 17, 2026, 8:16AM","33"
"Jean-Philippe Mateta","CRY","F","Claim","1-What The Hecke","","1","Fri Apr 17, 2026, 8:02AM","33"
"Hannibal Mejbri","BUR","M","Drop","1-DeezRut(ter)z","","1","Thu Apr 16, 2026, 7:16PM","33"
"Cristian Romero","TOT","D","Drop","1-DeezRut(ter)z","","1","Thu Apr 16, 2026, 7:16PM","33"
"James Maddison","TOT","M","Claim","1-DeezRut(ter)z","","1","Thu Apr 16, 2026, 7:15PM","33"
"Jean-Philippe Mateta","CRY","F","Drop","1-DeezRut(ter)z","","1","Thu Apr 16, 2026, 7:15PM","33"
"Max Dowman","ARS","M","Claim","1-Daam Daniel","","1","Wed Apr 15, 2026, 4:29PM","33"
"Kevin Danso","TOT","D","Drop","1-Daam Daniel","","1","Wed Apr 15, 2026, 4:29PM","33"
"Kevin Danso","TOT","D","Claim","1-Daam Daniel","","1","Wed Apr 15, 2026, 8:17AM","33"
"Ben White","ARS","D","Drop","1-Daam Daniel","","1","Wed Apr 15, 2026, 8:16AM","33"
"Abdukodir Khusanov","MCI","D","Claim","1 - Bruno’s Big Bean Burritos","","1","Wed Apr 15, 2026, 7:54AM","33"
"Mathys Tel","TOT","F","Drop","1 - Bruno’s Big Bean Burritos","","1","Wed Apr 15, 2026, 7:54AM","33"
"Noah Okafor","LEE","F","Claim","1-Floetry in Motion","","1","Tue Apr 14, 2026, 11:51PM","33"
"Brenden Aaronson","LEE","M","Claim","1-Floetry in Motion","","1","Tue Apr 14, 2026, 11:45PM","33"
"Mikkel Damsgaard","BRF","M","Drop","1-Floetry in Motion","","1","Tue Apr 14, 2026, 11:45PM","33"
"James Ward-Prowse","BUR","M","Claim","1-Dr. Dioufenshmirtz","0.08","3","Mon Apr 13, 2026, 9:00PM","33"
"Olivier Boscagli","BHA","D","Claim","1-Dr. Dioufenshmirtz","0.05","2","Mon Apr 13, 2026, 9:00PM","33"
"Gianluigi Donnarumma","MCI","G","Claim","1-Dr. Dioufenshmirtz","0.05","1","Mon Apr 13, 2026, 9:00PM","33"
"Riccardo Calafiori","ARS","D","Drop","1-Dr. Dioufenshmirtz","","1","Mon Apr 13, 2026, 5:05PM","33"
"Ao Tanaka","LEE","M","Claim","1-Daam Daniel","","1","Mon Apr 13, 2026, 1:59PM","32"
"Ilia Gruev","LEE","M","Drop","1-Daam Daniel","","1","Mon Apr 13, 2026, 1:59PM","32"
"Gabriel Martinelli","ARS","M","Drop","1-Rainy Night at Stoke","","1","Mon Apr 13, 2026, 6:34AM","33"
"Anthony Elanga","NEW","F","Drop","1-Dr. Dioufenshmirtz","","1","Sun Apr 12, 2026, 11:25AM","33"
"Jacob Ramsey","NEW","M","Drop","1-What The Hecke","","1","Sun Apr 12, 2026, 8:57AM","32"
"Samuel Chukwueze","FUL","F","Drop","1-Floetry in Motion","","1","Sun Apr 12, 2026, 8:24AM","33"
"Lewis Miley","NEW","M","Claim","1 - Bruno’s Big Bean Burritos","","1","Sun Apr 12, 2026, 7:56AM","32"
"William Osula","NEW","F","Drop","1 - Bruno’s Big Bean Burritos","","1","Sun Apr 12, 2026, 7:56AM","32"
"William Osula","NEW","F","Claim","1 - Bruno’s Big Bean Burritos","","1","Sun Apr 12, 2026, 7:53AM","32"
"Alejandro Garnacho","CHE","M","Claim","1-Rainy Night at Stoke","","1","Sun Apr 12, 2026, 7:52AM","32"
"Harvey Barnes","NEW","M","Drop","1-Rainy Night at Stoke","","1","Sun Apr 12, 2026, 7:52AM","32"
"Kevin Danso","TOT","D","Drop","1 - Bruno’s Big Bean Burritos","","1","Sun Apr 12, 2026, 7:51AM","32"
"Chris Wood","NOT","F","Claim","1 - Bruno’s Big Bean Burritos","","1","Sat Apr 11, 2026, 9:19AM","32"
"Yasin Ayari","BHA","M","Claim","1-Daam Daniel","","1","Sat Apr 11, 2026, 8:54AM","32"
"Omari Hutchinson","NOT","F","Drop","1-Daam Daniel","","1","Sat Apr 11, 2026, 8:54AM","32"
"Ethan Pinnock","BRF","D","Drop","1 - Bruno’s Big Bean Burritos","","1","Sat Apr 11, 2026, 8:47AM","32"
"Gabriel Martinelli","ARS","M","Claim","1-Rainy Night at Stoke","","1","Sat Apr 11, 2026, 6:58AM","32"
"Dean Henderson","CRY","G","Claim","1 - Moises parts the Red Seamen","","1","Sat Apr 11, 2026, 5:42AM","32"
"Guglielmo Vicario","TOT","G","Drop","1 - Moises parts the Red Seamen","","1","Sat Apr 11, 2026, 5:42AM","32"
"Adama Traore","WHU","F","Drop","1-Rainy Night at Stoke","","1","Fri Apr 10, 2026, 1:47PM","32"
"Yeremy Pino","CRY","M","Claim","1- Black Friday @ Nordi’s","","1","Fri Apr 10, 2026, 12:09AM","32"
"Jacob Murphy","NEW","M","Drop","1- Black Friday @ Nordi’s","","1","Fri Apr 10, 2026, 12:09AM","32"
"Eberechi Eze","ARS","M","Claim","1-Floetry in Motion","","1","Thu Apr 9, 2026, 12:28PM","32"
"Mohammed Kudus","TOT","M","Drop","1-Floetry in Motion","","1","Thu Apr 9, 2026, 12:28PM","32"
"Karl Darlow","LEE","G","Claim","1-Floetry in Motion","","1","Thu Apr 9, 2026, 12:26PM","32"
"Martin Dubravka","BUR","G","Drop","1-Floetry in Motion","","1","Thu Apr 9, 2026, 12:26PM","32"
"Ben White","ARS","D","Claim","1-Daam Daniel","","1","Thu Apr 9, 2026, 12:16PM","32"
"Timothy Castagne","FUL","D","Drop","1-Daam Daniel","","1","Thu Apr 9, 2026, 12:15PM","32"
"Jayden Bogle","LEE","D","Claim","1-Daam Daniel","","1","Thu Apr 9, 2026, 12:13PM","32"
"Joe Rodon","LEE","D","Drop","1-Daam Daniel","","1","Thu Apr 9, 2026, 12:09PM","32"
"Ryan Christie","BOU","M","Claim","1-Daam Daniel","","1","Wed Apr 8, 2026, 6:43AM","32"
"Bart Verbruggen","BHA","G","Claim","1-Daam Daniel","","1","Wed Apr 8, 2026, 6:39AM","32"
"Aaron Ramsdale","NEW","G","Drop","1-Daam Daniel","","1","Wed Apr 8, 2026, 6:39AM","32"
"Joe Rodon","LEE","D","Claim","1-Daam Daniel","","1","Mon Apr 6, 2026, 1:52PM","32"
"Martin Dubravka","BUR","G","Claim","1-Floetry in Motion","","1","Mon Apr 6, 2026, 10:36AM","32"
"Dean Henderson","CRY","G","Drop","1-Floetry in Motion","","1","Mon Apr 6, 2026, 10:36AM","32"
"Dean Henderson","CRY","G","Claim","1-Floetry in Motion","","1","Mon Apr 6, 2026, 10:21AM","32"
"Senne Lammens","MUN","G","Drop","1-Floetry in Motion","","1","Mon Apr 6, 2026, 10:21AM","32"
"Ilia Gruev","LEE","M","Claim","1-Daam Daniel","","1","Sun Apr 5, 2026, 3:36PM","32"
"Adama Traore","WHU","F","Claim","1-Rainy Night at Stoke","","1","Sun Apr 5, 2026, 3:00PM","32"
"Kenny Tete","FUL","D","Drop","1-Rainy Night at Stoke","","1","Sun Apr 5, 2026, 3:00PM","32"
"Jack Hinshelwood","BHA","M","Claim","1-What The Hecke","","1","Sun Apr 5, 2026, 10:53AM","32"
"Alejandro Garnacho","CHE","M","Drop","1-What The Hecke","","1","Sun Apr 5, 2026, 10:53AM","32"
"Mads Hermansen","WHU","G","Claim","1-What The Hecke","","1","Sun Apr 5, 2026, 10:52AM","32"
"Bernd Leno","FUL","G","Drop","1-What The Hecke","","1","Sun Apr 5, 2026, 10:52AM","32"
"Alisson","LIV","G","Drop","1 - Absolute Ekitekkers","","1","Fri Apr 3, 2026, 11:04AM","32"
"Sandro Tonali","NEW","M","Claim","1- Black Friday @ Nordi’s","","1","Thu Apr 2, 2026, 1:04AM","32"
"Joachim Andersen","FUL","D","Drop","1- Black Friday @ Nordi’s","","1","Thu Apr 2, 2026, 1:04AM","32"
"Riccardo Calafiori","ARS","D","Claim","1-Dr. Dioufenshmirtz","","1","Tue Mar 31, 2026, 3:37PM","32"
"Samuel Chukwueze","FUL","F","Claim","1-Floetry in Motion","","1","Mon Mar 30, 2026, 9:42PM","32"
"Eberechi Eze","ARS","M","Drop","1-Floetry in Motion","","1","Mon Mar 30, 2026, 9:42PM","32"
"Kenny Tete","FUL","D","Claim","1-Rainy Night at Stoke","0.02","2","Mon Mar 30, 2026, 9:00PM","32"
"Melker Ellborg","SUN","G","Drop","1-Rainy Night at Stoke","","2","Mon Mar 30, 2026, 9:00PM","32"
"Ross Barkley","AVL","M","Claim","1-The Gyök Gyök 3000","12.00","1","Mon Mar 30, 2026, 9:00PM","32"
"Yves Bissouma","TOT","M","Drop","1-The Gyök Gyök 3000","","1","Mon Mar 30, 2026, 9:00PM","32"
"Ethan Pinnock","BRF","D","Claim","1 - Bruno’s Big Bean Burritos","0.01","1","Mon Mar 30, 2026, 9:00PM","32"
"Tammy Abraham","AVL","F","Drop","1 - Bruno’s Big Bean Burritos","","1","Mon Mar 30, 2026, 9:00PM","32"
"Nathan Collins","BRF","D","Claim","1-Floetry in Motion","1.00","1","Mon Mar 30, 2026, 9:00PM","32"
"Rodrigo Muniz","FUL","F","Drop","1-Floetry in Motion","","1","Sun Mar 29, 2026, 1:23PM","32"
"Jack Hinshelwood","BHA","M","Drop","1-Daam Daniel","","1","Sun Mar 22, 2026, 9:04PM","32"
"Ross Barkley","AVL","M","Drop","1-Daam Daniel","","1","Sun Mar 22, 2026, 9:03PM","32"
"Wesley Fofana","CHE","D","Drop","1-Daam Daniel","","1","Sun Mar 22, 2026, 9:03PM","32"
"Ross Barkley","AVL","M","Claim","1-Daam Daniel","","1","Sun Mar 22, 2026, 8:05AM","31"
"Valentino Livramento","NEW","D","Drop","1-Daam Daniel","","1","Sun Mar 22, 2026, 7:59AM","31"
"Guglielmo Vicario","TOT","G","Claim","1 - Moises parts the Red Seamen","","1","Sat Mar 21, 2026, 2:32PM","31"
"Gianluigi Donnarumma","MCI","G","Drop","1 - Moises parts the Red Seamen","","1","Sat Mar 21, 2026, 2:32PM","31"
"Emiliano Buendia","AVL","M","Claim","1- Black Friday @ Nordi’s","","1","Sat Mar 21, 2026, 1:45PM","31"
"James Ward-Prowse","BUR","M","Drop","1-Dr. Dioufenshmirtz","","1","Sat Mar 21, 2026, 1:26PM","32"
"Sasa Lukic","FUL","M","Drop","1- Black Friday @ Nordi’s","","1","Thu Mar 19, 2026, 11:05PM","31"
"Wesley Fofana","CHE","D","Claim","1-Daam Daniel","","1","Sat Mar 21, 2026, 12:57PM","31"
"Tosin Adarabioyo","CHE","D","Drop","1-Daam Daniel","","1","Sat Mar 21, 2026, 12:57PM","31"
"Jacob Ramsey","NEW","M","Claim","1-What The Hecke","","1","Sat Mar 21, 2026, 12:45PM","31"
"Adam Wharton","CRY","M","Drop","1-What The Hecke","","1","Sat Mar 21, 2026, 12:45PM","31"
"Konstantinos Mavropanos","WHU","D","Claim","1-Dr. Dioufenshmirtz","","1","Sat Mar 21, 2026, 10:48AM","31"
"Nathan Collins","BRF","D","Drop","1-Dr. Dioufenshmirtz","","1","Sat Mar 21, 2026, 10:48AM","31"
"Harry Maguire","MUN","D","Drop","1-Dr. Dioufenshmirtz","","1","Sat Mar 21, 2026, 10:45AM","32"
"Beto","EVE","F","Claim","1-What The Hecke","","1","Sat Mar 21, 2026, 10:01AM","31"
"Timothy Castagne","FUL","D","Claim","1-Daam Daniel","","1","Sat Mar 21, 2026, 9:57AM","31"
"Samuel Chukwueze","FUL","F","Drop","1-Daam Daniel","","1","Sat Mar 21, 2026, 9:57AM","31"
"Harvey Barnes","NEW","M","Claim","1-Rainy Night at Stoke","","1","Sat Mar 21, 2026, 9:49AM","31"
"Kenny Tete","FUL","D","Drop","1-Rainy Night at Stoke","","1","Sat Mar 21, 2026, 9:49AM","31"
"Rodrigo Muniz","FUL","F","Claim","1-Floetry in Motion","","1","Sat Mar 21, 2026, 9:49AM","31"
"Riccardo Calafiori","ARS","D","Drop","1-Floetry in Motion","","1","Sat Mar 21, 2026, 9:49AM","31"
"Yasin Ayari","BHA","M","Drop","1-What The Hecke","","1","Sat Mar 21, 2026, 8:21AM","31"
"Joseph Gomez","LIV","D","Drop","1-The Gyök Gyök 3000","","1","Sat Mar 21, 2026, 8:15AM","31"
"Hannibal Mejbri","BUR","M","Claim","1-DeezRut(ter)z","","1","Sat Mar 21, 2026, 8:14AM","31"
"Georginio Rutter","BHA","F","Drop","1-DeezRut(ter)z","","1","Sat Mar 21, 2026, 8:10AM","31"
"Senne Lammens","MUN","G","Claim","1-Floetry in Motion","","1","Fri Mar 20, 2026, 3:05PM","31"
"Guglielmo Vicario","TOT","G","Drop","1-Floetry in Motion","","1","Fri Mar 20, 2026, 3:05PM","31"
"Giorgi Mamardashvili","LIV","G","Claim","1 - Absolute Ekitekkers","","1","Fri Mar 20, 2026, 2:26PM","31"
"Mohammed Kudus","TOT","M","Claim","1-Floetry in Motion","","1","Fri Mar 20, 2026, 10:38AM","31"
"Douglas Luiz","AVL","M","Drop","1-Floetry in Motion","","1","Fri Mar 20, 2026, 10:38AM","31"
"Guglielmo Vicario","TOT","G","Claim","1-Floetry in Motion","","1","Wed Mar 18, 2026, 8:54AM","31"
"Martin Dubravka","BUR","G","Drop","1-Floetry in Motion","","1","Wed Mar 18, 2026, 8:54AM","31"
"Jack Hinshelwood","BHA","M","Claim","1-Daam Daniel","","1","Wed Mar 18, 2026, 8:36AM","31"
"Ryan Sessegnon","FUL","M","Drop","1-Daam Daniel","","1","Wed Mar 18, 2026, 8:36AM","31"
"Lucas Digne","AVL","D","Claim","1 - Bruno’s Big Bean Burritos","","1","Tue Mar 17, 2026, 9:12PM","31"
"Wesley Fofana","CHE","D","Drop","1 - Bruno’s Big Bean Burritos","","1","Tue Mar 17, 2026, 9:12PM","31"
"Sasa Lukic","FUL","M","Claim","1- Black Friday @ Nordi’s","","1","Tue Mar 17, 2026, 9:11PM","31"
"Yeremy Pino","CRY","M","Drop","1- Black Friday @ Nordi’s","","1","Tue Mar 17, 2026, 9:11PM","31"
"Jordan Pickford","EVE","G","Claim","1- Black Friday @ Nordi’s","","1","Tue Mar 17, 2026, 9:10PM","31"
"Dean Henderson","CRY","G","Drop","1- Black Friday @ Nordi’s","","1","Tue Mar 17, 2026, 9:10PM","31"
"Tosin Adarabioyo","CHE","D","Claim","1-Daam Daniel","","1","Tue Mar 17, 2026, 9:09PM","31"
"Tammy Abraham","AVL","F","Claim","1 - Bruno’s Big Bean Burritos","","1","Tue Mar 17, 2026, 9:07PM","31"
"Hannibal Mejbri","BUR","M","Drop","1 - Bruno’s Big Bean Burritos","","1","Tue Mar 17, 2026, 9:07PM","31"
"Valentino Livramento","NEW","D","Claim","1-Daam Daniel","","1","Tue Mar 17, 2026, 9:06PM","31"
"Zian Flemming","BUR","M","Claim","1 - Bruno’s Big Bean Burritos","0.01","2","Tue Mar 17, 2026, 9:00PM","31"
"Kenny Tete","FUL","D","Claim","1-Rainy Night at Stoke","0.31","1","Tue Mar 17, 2026, 9:00PM","31"
"Harvey Barnes","NEW","M","Drop","1-Rainy Night at Stoke","","1","Tue Mar 17, 2026, 9:00PM","31"
"Kevin Danso","TOT","D","Claim","1 - Bruno’s Big Bean Burritos","0.01","1","Tue Mar 17, 2026, 9:00PM","31"
"James Ward-Prowse","BUR","M","Claim","1-Dr. Dioufenshmirtz","0.00","1","Tue Mar 17, 2026, 9:00PM","31"
"Mohammed Kudus","TOT","M","Drop","1-Daam Daniel","","1","Tue Mar 17, 2026, 2:31PM","31"
"Kristoffer Ajer","BRF","D","Drop","1-Dr. Dioufenshmirtz","","1","Tue Mar 17, 2026, 11:56AM","31"
"Evann Guessand","CRY","F","Drop","1 - Bruno’s Big Bean Burritos","","1","Tue Mar 17, 2026, 10:55AM","31"
"John McGinn","AVL","M","Drop","1 - Bruno’s Big Bean Burritos","","1","Tue Mar 17, 2026, 10:55AM","31"
"Joseph Gomez","LIV","D","Claim","1-The Gyök Gyök 3000","","1","Sun Mar 15, 2026, 11:55AM","30"
"Jaka Bijol","LEE","D","Claim","1-Daam Daniel","","1","Sun Mar 15, 2026, 9:07AM","30"
"Evann Guessand","CRY","F","Claim","1 - Bruno’s Big Bean Burritos","","1","Sun Mar 15, 2026, 9:01AM","30"
"Tammy Abraham","AVL","F","Drop","1 - Bruno’s Big Bean Burritos","","1","Sun Mar 15, 2026, 9:01AM","30"
"John McGinn","AVL","M","Claim","1 - Bruno’s Big Bean Burritos","","1","Sun Mar 15, 2026, 9:00AM","30"
"Kenny Tete","FUL","D","Drop","1 - Bruno’s Big Bean Burritos","","1","Sun Mar 15, 2026, 8:58AM","30"
"Kristoffer Ajer","BRF","D","Claim","1-Dr. Dioufenshmirtz","","1","Sun Mar 15, 2026, 1:43AM","30"
"Igor Jesus Maciel da Cruz","NOT","F","Claim","1- Black Friday @ Nordi’s","","1","Sat Mar 14, 2026, 2:56PM","30"
"Abdukodir Khusanov","MCI","D","Drop","1- Black Friday @ Nordi’s","","1","Sat Mar 14, 2026, 2:56PM","30"
"Joachim Andersen","FUL","D","Claim","1- Black Friday @ Nordi’s","","1","Sat Mar 14, 2026, 2:52PM","30"
"Savio","MCI","M","Drop","1- Black Friday @ Nordi’s","","1","Sat Mar 14, 2026, 2:52PM","30"
"Abdukodir Khusanov","MCI","D","Claim","1- Black Friday @ Nordi’s","","1","Sat Mar 14, 2026, 2:50PM","30"
"Ruben Dias","MCI","D","Drop","1- Black Friday @ Nordi’s","","1","Sat Mar 14, 2026, 2:50PM","30"
"Bernd Leno","FUL","G","Claim","1-What The Hecke","","1","Sat Mar 14, 2026, 12:34PM","30"
"Nick Pope","NEW","G","Drop","1-What The Hecke","","1","Sat Mar 14, 2026, 12:34PM","30"
"Murillo","NOT","D","Claim","1- Black Friday @ Nordi’s","","1","Sat Mar 14, 2026, 12:28PM","30"
"Sandro Tonali","NEW","M","Drop","1- Black Friday @ Nordi’s","","1","Sat Mar 14, 2026, 12:28PM","30"
"Piero Hincapié","ARS","D","Drop","1-Dr. Dioufenshmirtz","","1","Sat Mar 14, 2026, 12:21PM","30"
"Wesley Fofana","CHE","D","Claim","1 - Bruno’s Big Bean Burritos","","1","Sat Mar 14, 2026, 12:19PM","30"
"Jake O'Brien","EVE","D","Drop","1 - Bruno’s Big Bean Burritos","","1","Sat Mar 14, 2026, 12:19PM","30"
"Kenny Tete","FUL","D","Claim","1 - Bruno’s Big Bean Burritos","","1","Sat Mar 14, 2026, 11:17AM","30"
"Kevin Danso","TOT","D","Drop","1 - Bruno’s Big Bean Burritos","","1","Sat Mar 14, 2026, 11:17AM","30"
"Ryan Christie","BOU","M","Drop","1-Daam Daniel","","1","Sat Mar 14, 2026, 9:57AM","30"
"Ryan Christie","BOU","M","Claim","1-Daam Daniel","","1","Sat Mar 14, 2026, 9:45AM","30"
"Lewis Dunk","BHA","D","Drop","1 - Absolute Ekitekkers","","1","Sat Mar 14, 2026, 4:08AM","30"
"Jackson Tchatchoua","WOL","D","Claim","1 - Bruno’s Big Bean Burritos","","1","Thu Mar 12, 2026, 7:12PM","30"
"Yerson Mosquera","WOL","D","Drop","1 - Bruno’s Big Bean Burritos","","1","Thu Mar 12, 2026, 7:12PM","30"
"Mathys Tel","TOT","F","Claim","1 - Bruno’s Big Bean Burritos","","1","Thu Mar 12, 2026, 7:05PM","30"
"Jacob Ramsey","NEW","M","Drop","1 - Bruno’s Big Bean Burritos","","1","Thu Mar 12, 2026, 7:05PM","30"
"Martin Dubravka","BUR","G","Claim","1-Floetry in Motion","","1","Thu Mar 12, 2026, 5:39PM","30"
"Jose Sa","WOL","G","Drop","1-Floetry in Motion","","1","Thu Mar 12, 2026, 5:39PM","30"
"Jean-Philippe Mateta","CRY","F","Claim","1-DeezRut(ter)z","","1","Thu Mar 12, 2026, 12:04AM","30"
"Robert Sanchez","CHE","G","Claim","1-DeezRut(ter)z","","1","Thu Mar 12, 2026, 12:03AM","30"
"Filip Jørgensen","CHE","G","Drop","1-DeezRut(ter)z","","1","Thu Mar 12, 2026, 12:03AM","30"
"Savio","MCI","M","Claim","1- Black Friday @ Nordi’s","","1","Wed Mar 11, 2026, 3:17PM","30"
"Trai Hume","SUN","D","Drop","1- Black Friday @ Nordi’s","","1","Wed Mar 11, 2026, 3:17PM","30"
"Yerson Mosquera","WOL","D","Claim","1 - Bruno’s Big Bean Burritos","","1","Wed Mar 11, 2026, 11:13AM","30"
"Noussair Mazraoui","MUN","D","Drop","1 - Bruno’s Big Bean Burritos","","1","Wed Mar 11, 2026, 11:13AM","30"
"Trai Hume","SUN","D","Claim","1- Black Friday @ Nordi’s","","1","Wed Mar 11, 2026, 11:09AM","30"
"Brenden Aaronson","LEE","M","Drop","1- Black Friday @ Nordi’s","","1","Wed Mar 11, 2026, 11:09AM","30"
"Jacob Murphy","NEW","M","Claim","1- Black Friday @ Nordi’s","","1","Wed Mar 11, 2026, 10:42AM","30"
"Beto","EVE","F","Drop","1- Black Friday @ Nordi’s","","1","Wed Mar 11, 2026, 10:42AM","30"
"Jose Sa","WOL","G","Claim","1-Floetry in Motion","","1","Tue Mar 10, 2026, 9:00PM","30"
"Jordan Pickford","EVE","G","Drop","1-Floetry in Motion","","1","Tue Mar 10, 2026, 9:00PM","30"
"Mats Wieffer","BHA","M","Claim","1-Floetry in Motion","0.00","1","Tue Mar 10, 2026, 9:00PM","30"
"Oscar Bobb","FUL","M","Claim","1-Rainy Night at Stoke","0.11","1","Tue Mar 10, 2026, 9:00PM","30"
"Kenny Tete","FUL","D","Drop","1-Rainy Night at Stoke","","1","Tue Mar 10, 2026, 9:00PM","30"
"Kevin Danso","TOT","D","Claim","1 - Bruno’s Big Bean Burritos","0.00","1","Tue Mar 10, 2026, 9:00PM","30"
"Piero Hincapié","ARS","D","Claim","1-Dr. Dioufenshmirtz","0.05","1","Tue Mar 10, 2026, 9:00PM","30"
"Wesley Fofana","CHE","D","Drop","1-Dr. Dioufenshmirtz","","1","Tue Mar 10, 2026, 9:00PM","30"
"Joe Rodon","LEE","D","Drop","1-Daam Daniel","","1","Thu Mar 5, 2026, 5:14PM","30"
"Joao Victor de Souza Menezes","TOT","D","Drop","1-Floetry in Motion","","1","Thu Mar 5, 2026, 3:43PM","30"
"Joao Victor de Souza Menezes","TOT","D","Claim","1-Floetry in Motion","","1","Thu Mar 5, 2026, 2:21PM","29"
"Radu Dragusin","TOT","D","Drop","1-Floetry in Motion","","1","Thu Mar 5, 2026, 2:21PM","29"
"Gabriel Martinelli","ARS","M","Drop","1 - Bruno’s Big Bean Burritos","","1","Wed Mar 4, 2026, 3:55PM","30"
"Randal Kolo Muani","TOT","F","Claim","1-DeezRut(ter)z","","1","Wed Mar 4, 2026, 3:10PM","29"
"Aaron Ramsdale","NEW","G","Claim","1-Daam Daniel","","1","Wed Mar 4, 2026, 2:13PM","29"
"Mads Hermansen","WHU","G","Drop","1-Daam Daniel","","1","Wed Mar 4, 2026, 2:13PM","29"
"Harvey Barnes","NEW","M","Claim","1-Rainy Night at Stoke","","1","Wed Mar 4, 2026, 2:11PM","29"
"Oscar Bobb","FUL","M","Drop","1-Rainy Night at Stoke","","1","Wed Mar 4, 2026, 2:11PM","29"
"Noussair Mazraoui","MUN","D","Claim","1 - Bruno’s Big Bean Burritos","","1","Wed Mar 4, 2026, 1:34PM","29"
"Evann Guessand","CRY","F","Drop","1 - Bruno’s Big Bean Burritos","","1","Wed Mar 4, 2026, 1:34PM","29"
"Emile Smith Rowe","FUL","M","Drop","1-DeezRut(ter)z","","1","Wed Mar 4, 2026, 1:34PM","29"
"Filip Jørgensen","CHE","G","Claim","1-DeezRut(ter)z","","1","Wed Mar 4, 2026, 1:33PM","29"
"Robert Sanchez","CHE","G","Drop","1-DeezRut(ter)z","","1","Wed Mar 4, 2026, 1:33PM","29"
"Gabriel Martinelli","ARS","M","Claim","1 - Bruno’s Big Bean Burritos","","1","Wed Mar 4, 2026, 1:18PM","29"
"Lucas Digne","AVL","D","Drop","1 - Bruno’s Big Bean Burritos","","1","Wed Mar 4, 2026, 1:18PM","29"
"Ruben Dias","MCI","D","Claim","1- Black Friday @ Nordi’s","","1","Tue Mar 3, 2026, 5:11PM","29"
"Piero Hincapié","ARS","D","Drop","1- Black Friday @ Nordi’s","","1","Tue Mar 3, 2026, 5:11PM","29"
"Alejandro Garnacho","CHE","M","Claim","1-What The Hecke","","1","Tue Mar 3, 2026, 2:27PM","29"
"Jaka Bijol","LEE","D","Drop","1-What The Hecke","","1","Tue Mar 3, 2026, 2:27PM","29"
"Mads Hermansen","WHU","G","Claim","1-Daam Daniel","","1","Tue Mar 3, 2026, 2:27PM","29"
"Jose Sa","WOL","G","Drop","1-Daam Daniel","","1","Tue Mar 3, 2026, 2:27PM","29"
"Joe Rodon","LEE","D","Claim","1-Daam Daniel","","1","Tue Mar 3, 2026, 2:18PM","29"
"Beto","EVE","F","Claim","1- Black Friday @ Nordi’s","","1","Tue Mar 3, 2026, 1:45PM","29"
"Jayden Bogle","LEE","D","Drop","1- Black Friday @ Nordi’s","","1","Tue Mar 3, 2026, 1:45PM","29"
"Brenden Aaronson","LEE","M","Claim","1- Black Friday @ Nordi’s","","1","Tue Mar 3, 2026, 1:44PM","29"
"Thierno Barry","EVE","F","Drop","1- Black Friday @ Nordi’s","","1","Tue Mar 3, 2026, 1:44PM","29"
"Melker Ellborg","SUN","G","Claim","1-Rainy Night at Stoke","","1","Tue Mar 3, 2026, 1:21PM","29"
"Harvey Barnes","NEW","M","Drop","1-Rainy Night at Stoke","","1","Tue Mar 3, 2026, 1:21PM","29"
"Nathan Collins","BRF","D","Claim","1-Dr. Dioufenshmirtz","","1","Tue Mar 3, 2026, 1:16PM","29"
"Yerson Mosquera","WOL","D","Drop","1-Dr. Dioufenshmirtz","","1","Tue Mar 3, 2026, 1:16PM","29"
"João Palhinha","TOT","M","Claim","1 - Bruno’s Big Bean Burritos","","1","Tue Mar 3, 2026, 8:12AM","29"
"Lorenzo Lucca","NOT","F","Drop","1 - Bruno’s Big Bean Burritos","","1","Tue Mar 3, 2026, 8:12AM","29"
"Alex Jiménez","BOU","D","Claim","1 - Bruno’s Big Bean Burritos","","1","Tue Mar 3, 2026, 8:00AM","29"
"Hannibal Mejbri","BUR","M","Claim","1 - Bruno’s Big Bean Burritos","","1","Tue Mar 3, 2026, 7:59AM","29"
"Jose Sa","WOL","G","Claim","1-Daam Daniel","","1","Mon Mar 2, 2026, 9:04PM","29"
"Jayden Bogle","LEE","D","Claim","1- Black Friday @ Nordi’s","","1","Mon Mar 2, 2026, 9:04PM","29"
"Murillo","NOT","D","Drop","1- Black Friday @ Nordi’s","","1","Mon Mar 2, 2026, 9:04PM","29"
"Jordan Pickford","EVE","G","Claim","1-Floetry in Motion","0.00","2","Mon Mar 2, 2026, 9:00PM","29"
"Senne Lammens","MUN","G","Drop","1-Floetry in Motion","","2","Mon Mar 2, 2026, 9:00PM","29"
"Harvey Barnes","NEW","M","Claim","1-Rainy Night at Stoke","0.08","1","Mon Mar 2, 2026, 9:00PM","29"
"Mamadou Sarr","CHE","D","Drop","1-Rainy Night at Stoke","","1","Mon Mar 2, 2026, 9:00PM","29"
"Omar Alderete","SUN","D","Claim","1-Floetry in Motion","0.10","1","Mon Mar 2, 2026, 9:00PM","29"
"Wesley Fofana","CHE","D","Claim","1-Dr. Dioufenshmirtz","0.04","1","Mon Mar 2, 2026, 9:00PM","29"
"Mads Hermansen","WHU","G","Drop","1-Daam Daniel","","1","Mon Mar 2, 2026, 8:05PM","29"
"Joseph Gomez","LIV","D","Drop","1-Daam Daniel","","1","Mon Mar 2, 2026, 8:05PM","29"
"Mamadou Sarr","CHE","D","Claim","1-Rainy Night at Stoke","","1","Sun Mar 1, 2026, 8:51AM","28"
"Randal Kolo Muani","TOT","F","Drop","1-Rainy Night at Stoke","","1","Sun Mar 1, 2026, 8:51AM","28"
"Ryan Sessegnon","FUL","M","Claim","1-Daam Daniel","","1","Sun Mar 1, 2026, 8:05AM","28"
"Estevao Willian Almeida de Oliveira Gonçalves","CHE","F","Claim","1-Rainy Night at Stoke","","1","Sun Mar 1, 2026, 7:30AM","28"
"Jean-Philippe Mateta","CRY","F","Drop","1-Rainy Night at Stoke","","1","Sun Mar 1, 2026, 7:30AM","28"
"Randal Kolo Muani","TOT","F","Claim","1-Rainy Night at Stoke","","1","Sat Feb 28, 2026, 8:15PM","28"
"James Ward-Prowse","BUR","M","Drop","1-Floetry in Motion","","1","Sat Feb 28, 2026, 1:43PM","29"
"Tijjani Reijnders","MCI","M","Drop","1-Rainy Night at Stoke","","1","Sat Feb 28, 2026, 11:34AM","28"
"João Palhinha","TOT","M","Drop","1-Daam Daniel","","1","Sat Feb 28, 2026, 9:33AM","28"
"Emiliano Buendia","AVL","M","Drop","1 - Bruno’s Big Bean Burritos","","1","Sat Feb 28, 2026, 9:30AM","29"
"Mads Hermansen","WHU","G","Claim","1-Daam Daniel","","1","Sat Feb 28, 2026, 9:22AM","28"
"Jordan Pickford","EVE","G","Drop","1-Daam Daniel","","1","Sat Feb 28, 2026, 9:22AM","28"
"Calvin Bassey","FUL","D","Claim","1 - Moises parts the Red Seamen","","1","Sat Feb 28, 2026, 9:21AM","28"
"Maxim De Cuyper","BHA","D","Drop","1 - Moises parts the Red Seamen","","1","Sat Feb 28, 2026, 9:21AM","28"
"Tijjani Reijnders","MCI","M","Claim","1-Rainy Night at Stoke","","1","Sat Feb 28, 2026, 8:58AM","28"
"Nathan Collins","BRF","D","Drop","1-Dr. Dioufenshmirtz","","1","Sat Feb 28, 2026, 8:54AM","28"
"Harvey Barnes","NEW","M","Drop","1-Rainy Night at Stoke","","1","Sat Feb 28, 2026, 8:50AM","28"
"Dwight McNeil","EVE","M","Claim","1-DeezRut(ter)z","","1","Sat Feb 28, 2026, 8:46AM","28"
"Vitaly Janelt","BRF","M","Drop","1-Daam Daniel","","1","Sat Feb 28, 2026, 8:46AM","28"
"Mikkel Damsgaard","BRF","M","Claim","1-Floetry in Motion","","1","Sat Feb 28, 2026, 8:45AM","28"
"Mats Wieffer","BHA","M","Drop","1-Floetry in Motion","","1","Sat Feb 28, 2026, 8:45AM","28"
"Joseph Gomez","LIV","D","Claim","1-Daam Daniel","","1","Sat Feb 28, 2026, 7:51AM","28"
"Omar Alderete","SUN","D","Drop","1 - Bruno’s Big Bean Burritos","","1","Sat Feb 28, 2026, 7:24AM","28"
"Nilson Angulo","SUN","F","Drop","1-Daam Daniel","","1","Sat Feb 28, 2026, 6:22AM","28"
"Trai Hume","SUN","D","Drop","1-DeezRut(ter)z","","1","Fri Feb 27, 2026, 10:32PM","28"
"James Ward-Prowse","BUR","M","Claim","1-Floetry in Motion","","1","Fri Feb 27, 2026, 1:53PM","28"
"Jean-Ricner Bellegarde","WOL","M","Drop","1-Floetry in Motion","","1","Fri Feb 27, 2026, 1:53PM","28"
"Jean-Ricner Bellegarde","WOL","M","Claim","1-Floetry in Motion","","1","Fri Feb 27, 2026, 1:52PM","28"
"Jadon Sancho","AVL","M","Drop","1-Floetry in Motion","","1","Fri Feb 27, 2026, 1:52PM","28"
"Jadon Sancho","AVL","M","Claim","1-Floetry in Motion","","1","Fri Feb 27, 2026, 1:51PM","28"
"Tolu Arokodare","WOL","F","Drop","1-Floetry in Motion","","1","Fri Feb 27, 2026, 1:51PM","28"
"Emiliano Buendia","AVL","M","Claim","1 - Bruno’s Big Bean Burritos","","1","Fri Feb 27, 2026, 1:48PM","28"
"Tyrone Mings","AVL","D","Drop","1 - Bruno’s Big Bean Burritos","","1","Fri Feb 27, 2026, 1:48PM","28"
"Lucas Digne","AVL","D","Claim","1 - Bruno’s Big Bean Burritos","","1","Fri Feb 27, 2026, 1:47PM","28"
"Leon Bailey","AVL","M","Drop","1 - Bruno’s Big Bean Burritos","","1","Fri Feb 27, 2026, 1:47PM","28"
"Jean-Philippe Mateta","CRY","F","Claim","1-Rainy Night at Stoke","","1","Fri Feb 27, 2026, 7:53AM","28"
"Alex Jiménez","BOU","D","Drop","1-Rainy Night at Stoke","","1","Fri Feb 27, 2026, 7:52AM","28"
"Radu Dragusin","TOT","D","Claim","1-Floetry in Motion","","1","Tue Feb 24, 2026, 10:31PM","28"
"Lutsharel Geertruida","SUN","D","Drop","1-Floetry in Motion","","1","Tue Feb 24, 2026, 10:31PM","28"
"Lutsharel Geertruida","SUN","D","Claim","1-Floetry in Motion","","1","Tue Feb 24, 2026, 10:09PM","28"
"Marc Cucurella","CHE","D","Claim","1-Floetry in Motion","","1","Tue Feb 24, 2026, 10:09PM","28"
"Senne Lammens","MUN","G","Claim","1-Floetry in Motion","0.01","3","Tue Feb 24, 2026, 9:00PM","28"
"Harry Maguire","MUN","D","Claim","1-Dr. Dioufenshmirtz","0.10","2","Tue Feb 24, 2026, 9:00PM","28"
"Rio Ngumoha","LIV","F","Claim","1 - Absolute Ekitekkers","0.00","1","Tue Feb 24, 2026, 9:00PM","28"
"Curtis Jones","LIV","M","Drop","1 - Absolute Ekitekkers","","1","Tue Feb 24, 2026, 9:00PM","28"
"Nathan Collins","BRF","D","Claim","1-Dr. Dioufenshmirtz","0.05","1","Tue Feb 24, 2026, 9:00PM","28"
"Lisandro Martinez","MUN","D","Drop","1-Dr. Dioufenshmirtz","","1","Mon Feb 23, 2026, 5:19PM","28"
"Kevin Santos Lopes de Macedo","FUL","F","Drop","1-Floetry in Motion","","1","Sun Feb 22, 2026, 5:04PM","28"
"Guglielmo Vicario","TOT","G","Drop","1-Floetry in Motion","","1","Sun Feb 22, 2026, 5:04PM","28"
"Wesley Fofana","CHE","D","Drop","1-Floetry in Motion","","1","Sun Feb 22, 2026, 5:04PM","28"
"Lisandro Martinez","MUN","D","Claim","1-Dr. Dioufenshmirtz","","1","Sun Feb 22, 2026, 11:17AM","27"
"Gabriel Martinelli","ARS","M","Drop","1-Dr. Dioufenshmirtz","","1","Sun Feb 22, 2026, 11:15AM","27"
"João Palhinha","TOT","M","Claim","1-Daam Daniel","","1","Sun Feb 22, 2026, 10:41AM","27"
"Omar Alderete","SUN","D","Claim","1 - Bruno’s Big Bean Burritos","","1","Sun Feb 22, 2026, 8:15AM","27"
"Joachim Andersen","FUL","D","Drop","1 - Bruno’s Big Bean Burritos","","1","Sun Feb 22, 2026, 8:15AM","27"
"Jacob Ramsey","NEW","M","Claim","1 - Bruno’s Big Bean Burritos","","1","Sat Feb 21, 2026, 2:45PM","27"
"El Hadji Malick Diouf","WHU","M","Claim","1-Dr. Dioufenshmirtz","","1","Sat Feb 21, 2026, 11:36AM","27"
"Jadon Sancho","AVL","M","Drop","1-Dr. Dioufenshmirtz","","1","Thu Feb 19, 2026, 11:05PM","27"
"Mikkel Damsgaard","BRF","M","Drop","1-Dr. Dioufenshmirtz","","1","Thu Feb 19, 2026, 11:05PM","27"
"Estevao Willian Almeida de Oliveira Gonçalves","CHE","F","Drop","1-Daam Daniel","","1","Sat Feb 21, 2026, 9:17AM","27"
"Ehor Yarmolyuk","BRF","M","Drop","1-The Gyök Gyök 3000","","1","Sat Feb 21, 2026, 9:16AM","27"
"Lucas Digne","AVL","D","Drop","1 - Bruno’s Big Bean Burritos","","1","Sat Feb 21, 2026, 9:00AM","27"
"Santiago Bueno","WOL","D","Drop","1-DeezRut(ter)z","","1","Sat Feb 21, 2026, 9:00AM","27"
"Leon Bailey","AVL","M","Claim","1 - Bruno’s Big Bean Burritos","","1","Sat Feb 21, 2026, 8:59AM","27"
"Lukas Nmecha","LEE","F","Drop","1 - Bruno’s Big Bean Burritos","","1","Sat Feb 21, 2026, 8:59AM","27"
"Djordje Petrovic","BOU","G","Claim","1 - Bruno’s Big Bean Burritos","","1","Sat Feb 21, 2026, 7:27AM","27"
"Senne Lammens","MUN","G","Drop","1 - Bruno’s Big Bean Burritos","","1","Sat Feb 21, 2026, 7:27AM","27"
"Tyrone Mings","AVL","D","Claim","1 - Bruno’s Big Bean Burritos","","1","Sat Feb 21, 2026, 7:25AM","27"
"Harry Maguire","MUN","D","Drop","1 - Bruno’s Big Bean Burritos","","1","Sat Feb 21, 2026, 7:25AM","27"
"Lukas Nmecha","LEE","F","Claim","1 - Bruno’s Big Bean Burritos","","1","Sat Feb 21, 2026, 7:21AM","27"
"Richarlison","TOT","F","Claim","1 - Bruno’s Big Bean Burritos","","1","Sat Feb 21, 2026, 7:20AM","27"
"Jadon Sancho","AVL","M","Claim","1-Dr. Dioufenshmirtz","","1","Sat Feb 21, 2026, 3:25AM","27"
"Ryan Christie","BOU","M","Drop","1-Dr. Dioufenshmirtz","","1","Sat Feb 21, 2026, 3:25AM","27"
"Kevin Santos Lopes de Macedo","FUL","F","Claim","1-Floetry in Motion","","1","Fri Feb 20, 2026, 11:39AM","27"
"Marc Cucurella","CHE","D","Drop","1-Floetry in Motion","","1","Fri Feb 20, 2026, 11:39AM","27"
"Sepp van den Berg","BRF","D","Claim","1-Floetry in Motion","","1","Fri Feb 20, 2026, 11:36AM","27"
"Nathan Collins","BRF","D","Drop","1-Floetry in Motion","","1","Fri Feb 20, 2026, 11:36AM","27"
"Harvey Barnes","NEW","M","Claim","1-Rainy Night at Stoke","","1","Thu Feb 19, 2026, 9:17PM","27"
"Emiliano Buendia","AVL","M","Drop","1-Rainy Night at Stoke","","1","Thu Feb 19, 2026, 9:17PM","27"
"Nilson Angulo","SUN","F","Claim","1-Daam Daniel","","1","Thu Feb 19, 2026, 9:09PM","27"
"Tyrique George","EVE","F","Drop","1 - Bruno’s Big Bean Burritos","","1","Thu Feb 19, 2026, 9:01PM","27"
"Wesley Fofana","CHE","D","Claim","1-Floetry in Motion","0.00","2","Thu Feb 19, 2026, 9:00PM","27"
"Sandro Tonali","NEW","M","Claim","1- Black Friday @ Nordi’s","0.11","1","Thu Feb 19, 2026, 9:00PM","27"
"Ladislav Krejcí","WOL","D","Drop","1- Black Friday @ Nordi’s","","1","Thu Feb 19, 2026, 9:00PM","27"
"Adam Wharton","CRY","M","Claim","1-What The Hecke","0.00","1","Thu Feb 19, 2026, 9:00PM","27"
"Brenden Aaronson","LEE","M","Drop","1-What The Hecke","","1","Thu Feb 19, 2026, 9:00PM","27"
"Mats Wieffer","BHA","M","Claim","1-Floetry in Motion","0.00","1","Thu Feb 19, 2026, 9:00PM","27"
"Angel Gomes","WOL","M","Drop","1-Daam Daniel","","1","Wed Feb 18, 2026, 5:12PM","27"
"Amadou Onana","AVL","M","Drop","1-Floetry in Motion","","1","Sat Feb 14, 2026, 10:14AM","27"
"Ehor Yarmolyuk","BRF","M","Claim","1-The Gyök Gyök 3000","","1","Thu Feb 12, 2026, 2:17PM","26"
"Santiago Bueno","WOL","D","Claim","1-DeezRut(ter)z","","1","Wed Feb 11, 2026, 2:02PM","26"
"Omari Hutchinson","NOT","F","Claim","1-Daam Daniel","","1","Wed Feb 11, 2026, 2:00PM","26"
"Gabriel Jesus","ARS","F","Drop","1-Daam Daniel","","1","Wed Feb 11, 2026, 2:00PM","26"
"Piero Hincapié","ARS","D","Claim","1- Black Friday @ Nordi’s","","1","Wed Feb 11, 2026, 1:32PM","26"
"Tijjani Reijnders","MCI","M","Drop","1- Black Friday @ Nordi’s","","1","Wed Feb 11, 2026, 1:32PM","26"
"Amadou Onana","AVL","M","Claim","1-Floetry in Motion","","1","Wed Feb 11, 2026, 1:23PM","26"
"Matt O'Riley","BHA","M","Drop","1-Floetry in Motion","","1","Wed Feb 11, 2026, 1:23PM","26"
"Wilson Odobert","TOT","F","Drop","1-Floetry in Motion","","1","Wed Feb 11, 2026, 9:45AM","27"
"Harry Maguire","MUN","D","Claim","1 - Bruno’s Big Bean Burritos","","1","Tue Feb 10, 2026, 2:30PM","26"
"Wesley Fofana","CHE","D","Drop","1 - Bruno’s Big Bean Burritos","","1","Tue Feb 10, 2026, 2:28PM","26"
"Idrissa Gueye","EVE","M","Drop","1-DeezRut(ter)z","","1","Tue Feb 10, 2026, 2:23PM","26"
"Ryan Christie","BOU","M","Claim","1-Dr. Dioufenshmirtz","","1","Tue Feb 10, 2026, 1:29PM","26"
"Adam Wharton","CRY","M","Drop","1-Dr. Dioufenshmirtz","","1","Tue Feb 10, 2026, 1:29PM","26"
"Tyrique George","EVE","F","Claim","1 - Bruno’s Big Bean Burritos","","1","Tue Feb 10, 2026, 1:18PM","26"
"Igor Jesus Maciel da Cruz","NOT","F","Drop","1 - Bruno’s Big Bean Burritos","","1","Tue Feb 10, 2026, 1:18PM","26"
"Anthony Elanga","NEW","F","Claim","1-Dr. Dioufenshmirtz","","1","Tue Feb 10, 2026, 12:14PM","26"
"Reinildo Isnard Mandava","SUN","D","Drop","1-Dr. Dioufenshmirtz","","1","Tue Feb 10, 2026, 12:14PM","26"
"Luke Shaw","MUN","D","Claim","1 - Moises parts the Red Seamen","","1","Tue Feb 10, 2026, 10:30AM","26"
"Charalampos Kostoulas","BHA","F","Drop","1 - Moises parts the Red Seamen","","1","Tue Feb 10, 2026, 10:30AM","26"
"Ladislav Krejcí","WOL","D","Claim","1- Black Friday @ Nordi’s","","1","Mon Feb 9, 2026, 10:36PM","26"
"Jefferson Lerma","CRY","M","Claim","1-What The Hecke","","1","Mon Feb 9, 2026, 9:41PM","26"
"Jacob Murphy","NEW","M","Drop","1-What The Hecke","","1","Mon Feb 9, 2026, 9:41PM","26"
"Mathias Jensen","BRF","M","Claim","1-What The Hecke","0.00","9","Mon Feb 9, 2026, 9:00PM","26"
"Harvey Barnes","NEW","M","Drop","1-What The Hecke","","9","Mon Feb 9, 2026, 9:00PM","26"
"Lorenzo Lucca","NOT","F","Claim","1 - Bruno’s Big Bean Burritos","0.00","2","Mon Feb 9, 2026, 9:00PM","26"
"Pablo Felipe Pereira de Jesus","WHU","F","Drop","1 - Bruno’s Big Bean Burritos","","2","Mon Feb 9, 2026, 9:00PM","26"
"Yasin Ayari","BHA","M","Claim","1-What The Hecke","0.00","3","Mon Feb 9, 2026, 9:00PM","26"
"Alex Jiménez","BOU","D","Claim","1-Rainy Night at Stoke","0.07","3","Mon Feb 9, 2026, 9:00PM","26"
"Yoane Wissa","NEW","F","Drop","1-Rainy Night at Stoke","","3","Mon Feb 9, 2026, 9:00PM","26"
"Gabriel Martinelli","ARS","M","Claim","1-Dr. Dioufenshmirtz","0.40","1","Mon Feb 9, 2026, 9:00PM","26"
"Bernardo Silva","MCI","M","Claim","1-Dr. Dioufenshmirtz","0.00","2","Mon Feb 9, 2026, 9:00PM","26"
"Angel Gomes","WOL","M","Claim","1-Daam Daniel","2.00","1","Mon Feb 9, 2026, 9:00PM","26"
"Jarrad Branthwaite","EVE","D","Claim","1-Rainy Night at Stoke","0.13","1","Mon Feb 9, 2026, 9:00PM","26"
"Tyrone Mings","AVL","D","Drop","1-Rainy Night at Stoke","","1","Mon Feb 9, 2026, 9:00PM","26"
"Guglielmo Vicario","TOT","G","Claim","1-Floetry in Motion","0.00","1","Mon Feb 9, 2026, 9:00PM","26"
"Djordje Petrovic","BOU","G","Drop","1-Floetry in Motion","","1","Mon Feb 9, 2026, 9:00PM","26"
"Sandro Tonali","NEW","M","Drop","1-Dr. Dioufenshmirtz","","1","Mon Feb 9, 2026, 7:33PM","26"
"Harry Howell","BHA","F","Drop","1-What The Hecke","","1","Sun Feb 8, 2026, 10:32AM","26"
"Charalampos Kostoulas","BHA","F","Claim","1 - Moises parts the Red Seamen","","1","Sun Feb 8, 2026, 8:06AM","25"
"Harry Howell","BHA","F","Claim","1-What The Hecke","","1","Sun Feb 8, 2026, 8:02AM","25"
"Olivier Boscagli","BHA","D","Drop","1-What The Hecke","","1","Sun Feb 8, 2026, 8:02AM","25"
"Olivier Boscagli","BHA","D","Claim","1-What The Hecke","","1","Sun Feb 8, 2026, 8:00AM","25"
"Yasin Ayari","BHA","M","Drop","1-What The Hecke","","1","Sun Feb 8, 2026, 8:00AM","25"
"Sven Botman","NEW","D","Claim","1-What The Hecke","","1","Sat Feb 7, 2026, 11:40AM","25"
"Jean-Philippe Mateta","CRY","F","Drop","1-What The Hecke","","1","Sat Feb 7, 2026, 11:40AM","25"
"Sven Botman","NEW","D","Drop","1- Black Friday @ Nordi’s","","1","Sat Feb 7, 2026, 11:21AM","25"
"Gabriel Jesus","ARS","F","Claim","1-Daam Daniel","","1","Sat Feb 7, 2026, 9:18AM","25"
"Angel Gomes","WOL","M","Drop","1-Daam Daniel","","1","Sat Feb 7, 2026, 9:18AM","25"
"Lucas Digne","AVL","D","Claim","1 - Bruno’s Big Bean Burritos","","1","Sat Feb 7, 2026, 9:18AM","25"
"Gabriel Jesus","ARS","F","Drop","1 - Bruno’s Big Bean Burritos","","1","Sat Feb 7, 2026, 9:18AM","25"
"Gabriel Jesus","ARS","F","Claim","1 - Bruno’s Big Bean Burritos","","1","Sat Feb 7, 2026, 9:09AM","25"
"Ryan Sessegnon","FUL","M","Drop","1 - Bruno’s Big Bean Burritos","","1","Sat Feb 7, 2026, 9:09AM","25"
"Ryan Sessegnon","FUL","M","Claim","1 - Bruno’s Big Bean Burritos","","1","Sat Feb 7, 2026, 9:07AM","25"
"Tyrone Mings","AVL","D","Claim","1-Rainy Night at Stoke","","1","Sat Feb 7, 2026, 9:05AM","25"
"Alex Jiménez","BOU","D","Drop","1-Rainy Night at Stoke","","1","Sat Feb 7, 2026, 9:05AM","25"
"Angel Gomes","WOL","M","Claim","1-Daam Daniel","","1","Sat Feb 7, 2026, 9:03AM","25"
"Ryan Sessegnon","FUL","M","Drop","1-Daam Daniel","","1","Sat Feb 7, 2026, 9:03AM","25"
"Raheem Sterling","CHE","F","Drop","1-The Gyök Gyök 3000","","1","Sat Feb 7, 2026, 9:01AM","25"
"Alex Jiménez","BOU","D","Claim","1-Rainy Night at Stoke","","1","Sat Feb 7, 2026, 8:56AM","25"
"Jarrad Branthwaite","EVE","D","Drop","1-Rainy Night at Stoke","","1","Sat Feb 7, 2026, 8:56AM","25"
"Brian Brobbey","SUN","F","Drop","1-What The Hecke","","1","Sat Feb 7, 2026, 8:56AM","25"
"Emile Smith Rowe","FUL","M","Claim","1-DeezRut(ter)z","","1","Sat Feb 7, 2026, 8:52AM","25"
"Dwight McNeil","EVE","M","Drop","1 - Bruno’s Big Bean Burritos","","1","Sat Feb 7, 2026, 8:50AM","25"
"Liam Delap","CHE","F","Drop","1 - Bruno’s Big Bean Burritos","","1","Sat Feb 7, 2026, 8:50AM","25"
"Jamie Gittens","CHE","F","Drop","1-DeezRut(ter)z","","1","Sat Feb 7, 2026, 8:47AM","25"
"Ryan Sessegnon","FUL","M","Claim","1-Daam Daniel","","1","Sat Feb 7, 2026, 8:45AM","25"
"Lewis Dunk","BHA","D","Claim","1 - Absolute Ekitekkers","","1","Sat Feb 7, 2026, 6:55AM","25"
"Luke Shaw","MUN","D","Drop","1 - Absolute Ekitekkers","","1","Sat Feb 7, 2026, 6:55AM","25"
"Mathys Tel","TOT","F","Drop","1 - Moises parts the Red Seamen","","1","Sat Feb 7, 2026, 6:26AM","25"
"Sean Longstaff","LEE","M","Drop","1-Daam Daniel","","1","Fri Feb 6, 2026, 2:44PM","25"
"Wesley Fofana","CHE","D","Claim","1 - Bruno’s Big Bean Burritos","","1","Fri Feb 6, 2026, 1:56PM","25"
"Chadi Riad","CRY","D","Drop","1 - Bruno’s Big Bean Burritos","","1","Fri Feb 6, 2026, 1:56PM","25"
"Djordje Petrovic","BOU","G","Claim","1-Floetry in Motion","","1","Fri Feb 6, 2026, 10:58AM","25"
"Guglielmo Vicario","TOT","G","Drop","1-Floetry in Motion","","1","Fri Feb 6, 2026, 10:58AM","25"
"Guglielmo Vicario","TOT","G","Claim","1-Floetry in Motion","","1","Fri Feb 6, 2026, 10:19AM","25"
"Martin Dubravka","BUR","G","Drop","1-Floetry in Motion","","1","Fri Feb 6, 2026, 10:19AM","25"
"Idrissa Gueye","EVE","M","Claim","1-DeezRut(ter)z","","1","Fri Feb 6, 2026, 8:04AM","25"
"Tijjani Reijnders","MCI","M","Claim","1- Black Friday @ Nordi’s","","1","Thu Feb 5, 2026, 5:11PM","25"
"Amadou Onana","AVL","M","Drop","1- Black Friday @ Nordi’s","","1","Thu Feb 5, 2026, 5:11PM","25"
"Sven Botman","NEW","D","Claim","1- Black Friday @ Nordi’s","","1","Thu Feb 5, 2026, 5:09PM","25"
"Abdukodir Khusanov","MCI","D","Drop","1- Black Friday @ Nordi’s","","1","Thu Feb 5, 2026, 5:09PM","25"
"Sean Longstaff","LEE","M","Claim","1-Daam Daniel","","1","Wed Feb 4, 2026, 9:39AM","25"
"Wesley Fofana","CHE","D","Drop","1-Daam Daniel","","1","Wed Feb 4, 2026, 9:39AM","25"
"Matt O'Riley","BHA","M","Claim","1-Floetry in Motion","","1","Wed Feb 4, 2026, 7:30AM","25"
"Alex Jiménez","BOU","D","Drop","1-Floetry in Motion","","1","Wed Feb 4, 2026, 7:30AM","25"
"Pascal Struijk","LEE","D","Claim","1-Daam Daniel","0.03","2","Tue Feb 3, 2026, 9:00PM","25"
"Wesley Fofana","CHE","D","Claim","1-Daam Daniel","0.02","1","Tue Feb 3, 2026, 9:00PM","25"
"Dwight McNeil","EVE","M","Claim","1 - Bruno’s Big Bean Burritos","0.04","1","Tue Feb 3, 2026, 9:00PM","25"
"Omar Alderete","SUN","D","Drop","1 - Bruno’s Big Bean Burritos","","1","Tue Feb 3, 2026, 9:00PM","25"
"Eberechi Eze","ARS","M","Claim","1-Floetry in Motion","0.50","1","Tue Feb 3, 2026, 9:00PM","25"
"Lutsharel Geertruida","SUN","D","Drop","1-Daam Daniel","","1","Tue Feb 3, 2026, 8:08AM","25"
"Mathias Jensen","BRF","M","Drop","1-Dr. Dioufenshmirtz","","1","Mon Feb 2, 2026, 4:48PM","25"
"Alysson Edward Franco da Rocha dos Santos","AVL","F","Drop","1 - Bruno’s Big Bean Burritos","","1","Sun Feb 1, 2026, 8:52AM","24"
"Lutsharel Geertruida","SUN","D","Claim","1-Daam Daniel","","1","Sun Feb 1, 2026, 8:44AM","24"
"Chadi Riad","CRY","D","Claim","1 - Bruno’s Big Bean Burritos","","1","Sun Feb 1, 2026, 8:05AM","24"
"Jaydee Canvot","CRY","D","Drop","1 - Bruno’s Big Bean Burritos","","1","Sun Feb 1, 2026, 8:05AM","24"
"Alejandro Garnacho","CHE","M","Drop","1-Floetry in Motion","","1","Sat Jan 31, 2026, 1:59PM","25"
"Ian Maatsen","AVL","D","Claim","1-What The Hecke","","1","Sat Jan 31, 2026, 1:51PM","24"
"Sven Botman","NEW","D","Drop","1-What The Hecke","","1","Sat Jan 31, 2026, 1:51PM","24"
"Liam Delap","CHE","F","Claim","1 - Bruno’s Big Bean Burritos","","1","Sat Jan 31, 2026, 11:16AM","24"
"Chadi Riad","CRY","D","Drop","1 - Bruno’s Big Bean Burritos","","1","Sat Jan 31, 2026, 11:16AM","24"
"Jamie Gittens","CHE","F","Claim","1-DeezRut(ter)z","","1","Sat Jan 31, 2026, 11:16AM","24"
"Maxim De Cuyper","BHA","D","Claim","1 - Moises parts the Red Seamen","","1","Sat Jan 31, 2026, 9:53AM","24"
"Noni Madueke","ARS","M","Claim","1-Daam Daniel","","1","Sat Jan 31, 2026, 9:46AM","24"
"Pascal Struijk","LEE","D","Drop","1-Daam Daniel","","1","Sat Jan 31, 2026, 9:46AM","24"
"Chadi Riad","CRY","D","Claim","1 - Bruno’s Big Bean Burritos","","1","Sat Jan 31, 2026, 9:04AM","24"
"Dwight McNeil","EVE","M","Drop","1 - Bruno’s Big Bean Burritos","","1","Sat Jan 31, 2026, 9:04AM","24"
"Carlos Alcaraz","EVE","M","Drop","1-DeezRut(ter)z","","1","Sat Jan 31, 2026, 8:57AM","24"
"Ehor Yarmolyuk","BRF","M","Drop","1-DeezRut(ter)z","","1","Sat Jan 31, 2026, 8:56AM","24"
"Yasin Ayari","BHA","M","Claim","1-What The Hecke","","1","Sat Jan 31, 2026, 8:54AM","24"
"Eberechi Eze","ARS","M","Drop","1-What The Hecke","","1","Sat Jan 31, 2026, 8:54AM","24"
"Dean Henderson","CRY","G","Claim","1- Black Friday @ Nordi’s","","1","Sat Jan 31, 2026, 1:30AM","24"
"Alphonse Areola","WHU","G","Drop","1- Black Friday @ Nordi’s","","1","Sat Jan 31, 2026, 1:30AM","24"
"Evann Guessand","CRY","F","Claim","1 - Bruno’s Big Bean Burritos","","1","Fri Jan 30, 2026, 3:36PM","24"
"Harry Maguire","MUN","D","Drop","1 - Bruno’s Big Bean Burritos","","1","Fri Jan 30, 2026, 3:36PM","24"
"Brian Brobbey","SUN","F","Claim","1-What The Hecke","","1","Fri Jan 30, 2026, 3:25PM","24"
"Lucas Paqueta","WHU","M","Drop","1-What The Hecke","","1","Fri Jan 30, 2026, 3:25PM","24"
"Emiliano Buendia","AVL","M","Claim","1-Rainy Night at Stoke","","1","Fri Jan 30, 2026, 1:23PM","24"
"Tijjani Reijnders","MCI","M","Drop","1-Rainy Night at Stoke","","1","Fri Jan 30, 2026, 1:23PM","24"
"Abdukodir Khusanov","MCI","D","Claim","1- Black Friday @ Nordi’s","","1","Fri Jan 30, 2026, 1:00PM","24"
"Abdukodir Khusanov","MCI","D","Drop","1- Black Friday @ Nordi’s","","1","Thu Jan 29, 2026, 4:28PM","24"
"Tammy Abraham","AVL","F","Claim","1-Daam Daniel","","1","Thu Jan 29, 2026, 3:25PM","24"
"Adama Traore","WHU","F","Drop","1-Daam Daniel","","1","Thu Jan 29, 2026, 3:25PM","24"
"Raheem Sterling","CHE","F","Claim","1-The Gyök Gyök 3000","","1","Wed Jan 28, 2026, 9:45PM","24"
"Sasa Lukic","FUL","M","Drop","1-The Gyök Gyök 3000","","1","Wed Jan 28, 2026, 9:45PM","24"
"Ezri Konsa","AVL","D","Drop","1 - Absolute Ekitekkers","","1","Wed Jan 28, 2026, 1:58PM","24"
"Nathan Patterson","EVE","D","Drop","1 - Absolute Ekitekkers","","1","Wed Jan 28, 2026, 1:58PM","24"
"Alex Jiménez","BOU","D","Claim","1-Floetry in Motion","","1","Wed Jan 28, 2026, 10:50AM","24"
"Lewis Miley","NEW","M","Drop","1-Floetry in Motion","","1","Wed Jan 28, 2026, 10:50AM","24"
"Jarrad Branthwaite","EVE","D","Claim","1-Rainy Night at Stoke","","1","Wed Jan 28, 2026, 10:35AM","24"
"Alex Jiménez","BOU","D","Drop","1-Rainy Night at Stoke","","1","Wed Jan 28, 2026, 10:35AM","24"
"Abdukodir Khusanov","MCI","D","Claim","1- Black Friday @ Nordi’s","","1","Tue Jan 27, 2026, 9:27PM","24"
"Noni Madueke","ARS","M","Drop","1- Black Friday @ Nordi’s","","1","Tue Jan 27, 2026, 9:27PM","24"
"Amadou Onana","AVL","M","Claim","1- Black Friday @ Nordi’s","","1","Tue Jan 27, 2026, 9:25PM","24"
"Gabriel Jesus","ARS","F","Drop","1- Black Friday @ Nordi’s","","1","Tue Jan 27, 2026, 9:25PM","24"
"Mathias Jensen","BRF","M","Claim","1-Dr. Dioufenshmirtz","0.05","7","Tue Jan 27, 2026, 9:00PM","24"
"Sandro Tonali","NEW","M","Claim","1-Dr. Dioufenshmirtz","0.05","5","Tue Jan 27, 2026, 9:00PM","24"
"Martin Dubravka","BUR","G","Claim","1-Floetry in Motion","0.00","4","Tue Jan 27, 2026, 9:00PM","24"
"Dean Henderson","CRY","G","Drop","1-Floetry in Motion","","4","Tue Jan 27, 2026, 9:00PM","24"
"Yerson Mosquera","WOL","D","Claim","1-Dr. Dioufenshmirtz","0.20","3","Tue Jan 27, 2026, 9:00PM","24"
"Alejandro Garnacho","CHE","M","Claim","1-Floetry in Motion","0.00","2","Tue Jan 27, 2026, 9:00PM","24"
"Amine Adli","BOU","F","Claim","1- Black Friday @ Nordi’s","0.43","2","Tue Jan 27, 2026, 9:00PM","24"
"Noah Okafor","LEE","F","Drop","1- Black Friday @ Nordi’s","","2","Tue Jan 27, 2026, 9:00PM","24"
"Alex Jiménez","BOU","D","Claim","1-Rainy Night at Stoke","0.05","3","Tue Jan 27, 2026, 9:00PM","24"
"Marcus Edwards","BUR","F","Drop","1-Rainy Night at Stoke","","3","Tue Jan 27, 2026, 9:00PM","24"
"Emiliano Martinez","AVL","G","Claim","1-Dr. Dioufenshmirtz","0.10","1","Tue Jan 27, 2026, 9:00PM","24"
"Guglielmo Vicario","TOT","G","Drop","1-Dr. Dioufenshmirtz","","1","Tue Jan 27, 2026, 9:00PM","24"
"Douglas Luiz","AVL","M","Claim","1-Floetry in Motion","12.16","1","Tue Jan 27, 2026, 9:00PM","24"
"Rayan Vitor Simplício Rocha","BOU","F","Claim","1-Rainy Night at Stoke","5.86","1","Tue Jan 27, 2026, 9:00PM","24"
"Jadon Sancho","AVL","M","Drop","1-Rainy Night at Stoke","","1","Tue Jan 27, 2026, 9:00PM","24"
"Randal Kolo Muani","TOT","F","Drop","1-Dr. Dioufenshmirtz","","1","Tue Jan 27, 2026, 8:47PM","24"
"Alex Scott","BOU","M","Drop","1 - Absolute Ekitekkers","","1","Tue Jan 27, 2026, 5:51PM","24"
"Curtis Jones","LIV","M","Lineup Change","1 - Absolute Ekitekkers","","1","Tue Jan 27, 2026, 5:51PM","24"
"Kevin Santos Lopes de Macedo","FUL","F","Drop","1-Floetry in Motion","","1","Tue Jan 27, 2026, 2:19PM","24"
"Sean Longstaff","LEE","M","Drop","1-Floetry in Motion","","1","Tue Jan 27, 2026, 2:18PM","24"
"Wesley Fofana","CHE","D","Drop","1-Dr. Dioufenshmirtz","","1","Tue Jan 27, 2026, 11:43AM","24"
"Nathan Patterson","EVE","D","Claim","1 - Absolute Ekitekkers","","1","Mon Jan 26, 2026, 2:05PM","23"
"Lukas Nmecha","LEE","F","Drop","1 - Absolute Ekitekkers","","1","Mon Jan 26, 2026, 2:05PM","23"
"Omari Hutchinson","NOT","F","Drop","1-Dr. Dioufenshmirtz","","1","Sun Jan 25, 2026, 11:45AM","24"
"Lewis Miley","NEW","M","Claim","1-Floetry in Motion","","1","Sun Jan 25, 2026, 8:25AM","23"
"Alejandro Garnacho","CHE","M","Drop","1-Floetry in Motion","","1","Sun Jan 25, 2026, 8:25AM","23"
"Jaydee Canvot","CRY","D","Claim","1 - Bruno’s Big Bean Burritos","","1","Sun Jan 25, 2026, 8:18AM","23"
"Lewis Miley","NEW","M","Drop","1 - Bruno’s Big Bean Burritos","","1","Sun Jan 25, 2026, 8:18AM","23"
"Lewis Miley","NEW","M","Claim","1 - Bruno’s Big Bean Burritos","","1","Sun Jan 25, 2026, 8:17AM","23"
"Andrey Santos","CHE","M","Drop","1 - Bruno’s Big Bean Burritos","","1","Sun Jan 25, 2026, 8:17AM","23"
"Ehor Yarmolyuk","BRF","M","Claim","1-DeezRut(ter)z","","1","Sun Jan 25, 2026, 8:16AM","23"
"Jamie Gittens","CHE","F","Drop","1-DeezRut(ter)z","","1","Sun Jan 25, 2026, 8:16AM","23"
"Andrey Santos","CHE","M","Claim","1 - Bruno’s Big Bean Burritos","","1","Sun Jan 25, 2026, 8:16AM","23"
"Lewis Miley","NEW","M","Drop","1 - Bruno’s Big Bean Burritos","","1","Sun Jan 25, 2026, 8:16AM","23"
"Lewis Miley","NEW","M","Claim","1 - Bruno’s Big Bean Burritos","","1","Sun Jan 25, 2026, 8:15AM","23"
"Evann Guessand","CRY","F","Drop","1 - Bruno’s Big Bean Burritos","","1","Sun Jan 25, 2026, 8:15AM","23"
"Jadon Sancho","AVL","M","Claim","1-Rainy Night at Stoke","","1","Sun Jan 25, 2026, 7:48AM","23"
"Tyler Dibling","EVE","M","Drop","1-Rainy Night at Stoke","","1","Sun Jan 25, 2026, 7:48AM","23"
"Alex Scott","BOU","M","Claim","1 - Absolute Ekitekkers","","1","Sat Jan 24, 2026, 11:21AM","23"
"Lukas Nmecha","LEE","F","Claim","1 - Absolute Ekitekkers","","1","Sat Jan 24, 2026, 11:21AM","23"
"Yves Bissouma","TOT","M","Claim","1-The Gyök Gyök 3000","","1","Sat Jan 24, 2026, 9:58AM","23"
"Richarlison","TOT","F","Drop","1-The Gyök Gyök 3000","","1","Sat Jan 24, 2026, 9:55AM","23"
"Mohammed Kudus","TOT","M","Claim","1-Daam Daniel","","1","Sat Jan 24, 2026, 9:07AM","23"
"Jarrad Branthwaite","EVE","D","Drop","1-Daam Daniel","","1","Sat Jan 24, 2026, 9:07AM","23"
"Tyler Dibling","EVE","M","Claim","1-Rainy Night at Stoke","","1","Sat Jan 24, 2026, 9:05AM","23"
"Mohammed Kudus","TOT","M","Drop","1-Rainy Night at Stoke","","1","Sat Jan 24, 2026, 9:00AM","23"
"Evann Guessand","CRY","F","Claim","1 - Bruno’s Big Bean Burritos","","1","Sat Jan 24, 2026, 8:40AM","23"
"Liam Delap","CHE","F","Drop","1 - Bruno’s Big Bean Burritos","","1","Sat Jan 24, 2026, 8:40AM","23"
"Adama Traore","WHU","F","Claim","1-Daam Daniel","","1","Fri Jan 23, 2026, 9:03PM","23"
"Jack Grealish","EVE","M","Drop","1-Daam Daniel","","1","Fri Jan 23, 2026, 9:03PM","23"
"Jarrad Branthwaite","EVE","D","Claim","1-Daam Daniel","","1","Fri Jan 23, 2026, 8:54PM","23"
"Ben White","ARS","D","Drop","1-Daam Daniel","","1","Fri Jan 23, 2026, 8:54PM","23"
"Carlos Alcaraz","EVE","M","Claim","1-DeezRut(ter)z","","1","Fri Jan 23, 2026, 8:49PM","23"
"David Brooks","BOU","M","Drop","1-DeezRut(ter)z","","1","Fri Jan 23, 2026, 8:49PM","23"
"Mohammed Kudus","TOT","M","Claim","1-Rainy Night at Stoke","","1","Fri Jan 23, 2026, 4:44PM","23"
"Ruben Dias","MCI","D","Drop","1-Diamond Dogs","","1","Fri Jan 23, 2026, 4:44PM","23"
"Marcus Edwards","BUR","F","Claim","1-Rainy Night at Stoke","","1","Fri Jan 23, 2026, 4:43PM","23"
"Emile Smith Rowe","FUL","M","Drop","1-Diamond Dogs","","1","Fri Jan 23, 2026, 4:43PM","23"
"Diogo Dalot","MUN","D","Claim","1-Diamond Dogs","","1","Fri Jan 23, 2026, 4:35PM","23"
"Boubacar Kamara","AVL","M","Drop","1-Diamond Dogs","","1","Fri Jan 23, 2026, 4:35PM","23"
"Jorgen Strand Larsen","CRY","F","Claim","1-Daam Daniel","","1","Thu Jan 22, 2026, 10:40AM","23"
"Facundo Buonanotte","LEE","M","Drop","1-Daam Daniel","","1","Thu Jan 22, 2026, 10:40AM","23"
"James Justin","LEE","D","Claim","1- Black Friday @ Nordi’s","","1","Wed Jan 21, 2026, 4:32PM","23"
"Nathan Ake","MCI","D","Drop","1- Black Friday @ Nordi’s","","1","Wed Jan 21, 2026, 4:32PM","23"
"Gabriel Jesus","ARS","F","Claim","1- Black Friday @ Nordi’s","","1","Wed Jan 21, 2026, 4:31PM","23"
"Kevin Santos Lopes de Macedo","FUL","F","Claim","1-Floetry in Motion","","1","Tue Jan 20, 2026, 9:21PM","23"
"Mohammed Kudus","TOT","M","Drop","1-Floetry in Motion","","1","Tue Jan 20, 2026, 9:21PM","23"
"Oscar Bobb","FUL","M","Claim","1-Rainy Night at Stoke","0.31","1","Tue Jan 20, 2026, 9:00PM","23"
"Harry Maguire","MUN","D","Claim","1 - Bruno’s Big Bean Burritos","0.10","1","Tue Jan 20, 2026, 9:00PM","23"
"Diogo Dalot","MUN","D","Drop","1 - Bruno’s Big Bean Burritos","","1","Tue Jan 20, 2026, 9:00PM","23"
"Wilson Odobert","TOT","F","Claim","1-Floetry in Motion","0.00","1","Tue Jan 20, 2026, 9:00PM","23"
"Lewis Miley","NEW","M","Drop","1- Black Friday @ Nordi’s","","1","Tue Jan 20, 2026, 1:42PM","23"
"John McGinn","AVL","M","Drop","1 - Absolute Ekitekkers","","1","Tue Jan 20, 2026, 12:30PM","23"
"Ben Davies","TOT","D","Drop","1 - Absolute Ekitekkers","","1","Tue Jan 20, 2026, 12:30PM","23"
"Gabriel Martinelli","ARS","M","Drop","1-Rainy Night at Stoke","","1","Tue Jan 20, 2026, 11:01AM","23"
"Max Alleyne","MCI","D","Drop","1-Floetry in Motion","","1","Tue Jan 20, 2026, 10:33AM","23"
"Yasin Ayari","BHA","M","Drop","1 - Moises parts the Red Seamen","","1","Mon Jan 19, 2026, 3:49PM","23"
"Alysson Edward Franco da Rocha dos Santos","AVL","F","Claim","1 - Bruno’s Big Bean Burritos","","1","Sun Jan 18, 2026, 10:19AM","22"
"Lucas Digne","AVL","D","Drop","1 - Bruno’s Big Bean Burritos","","1","Sun Jan 18, 2026, 10:19AM","22"
"Gabriel Martinelli","ARS","M","Claim","1-Rainy Night at Stoke","","1","Sat Jan 17, 2026, 11:16AM","22"
"Harrison Armstrong","EVE","M","Drop","1-Rainy Night at Stoke","","1","Sat Jan 17, 2026, 11:16AM","22"
"Reinildo Isnard Mandava","SUN","D","Claim","1-Dr. Dioufenshmirtz","","1","Sat Jan 17, 2026, 9:50AM","22"
"Kevin Santos Lopes de Macedo","FUL","F","Drop","1-Dr. Dioufenshmirtz","","1","Sat Jan 17, 2026, 9:50AM","22"
"James Hill","BOU","D","Claim","1-What The Hecke","","1","Sat Jan 17, 2026, 9:43AM","22"
"Emiliano Martinez","AVL","G","Drop","1-What The Hecke","","1","Sat Jan 17, 2026, 9:43AM","22"
"Sven Botman","NEW","D","Claim","1-What The Hecke","","1","Sat Jan 17, 2026, 9:35AM","22"
"Fabian Schar","NEW","D","Drop","1-What The Hecke","","1","Sat Jan 17, 2026, 9:35AM","22"
"Tomas Soucek","WHU","M","Claim","1-What The Hecke","","1","Sat Jan 17, 2026, 9:17AM","22"
"Jaydee Canvot","CRY","D","Drop","1-What The Hecke","","1","Sat Jan 17, 2026, 9:17AM","22"
"Aaron Wan-Bissaka","WHU","D","Claim","1-DeezRut(ter)z","","1","Sat Jan 17, 2026, 9:08AM","22"
"Lucas Pires","BUR","D","Drop","1-DeezRut(ter)z","","1","Sat Jan 17, 2026, 9:08AM","22"
"Ben Davies","TOT","D","Claim","1 - Absolute Ekitekkers","","1","Sat Jan 17, 2026, 7:09AM","22"
"Valentino Livramento","NEW","D","Drop","1 - Absolute Ekitekkers","","1","Sat Jan 17, 2026, 7:05AM","22"
"Ezri Konsa","AVL","D","Claim","1 - Absolute Ekitekkers","","1","Sat Jan 17, 2026, 7:03AM","22"
"Manuel Ugarte","MUN","M","Drop","1 - Absolute Ekitekkers","","1","Sat Jan 17, 2026, 7:03AM","22"
"Luke Shaw","MUN","D","Claim","1 - Absolute Ekitekkers","","1","Sat Jan 17, 2026, 7:01AM","22"
"Brajan Gruda","BHA","M","Drop","1 - Absolute Ekitekkers","","1","Sat Jan 17, 2026, 7:01AM","22"
"Noah Okafor","LEE","F","Claim","1- Black Friday @ Nordi’s","","1","Sat Jan 17, 2026, 12:51AM","22"
"Amine Adli","BOU","F","Drop","1- Black Friday @ Nordi’s","","1","Sat Jan 17, 2026, 12:51AM","22"
"Jaydee Canvot","CRY","D","Claim","1-What The Hecke","","1","Fri Jan 16, 2026, 10:11AM","22"
"Sandro Tonali","NEW","M","Drop","1-What The Hecke","","1","Fri Jan 16, 2026, 10:11AM","22"
"Callum Hudson-Odoi","NOT","F","Claim","1-Diamond Dogs","","1","Fri Jan 16, 2026, 9:42AM","22"
"Mikel Merino","ARS","M","Drop","1-Diamond Dogs","","1","Fri Jan 16, 2026, 9:42AM","22"
"Harrison Armstrong","EVE","M","Claim","1-Rainy Night at Stoke","","1","Thu Jan 15, 2026, 9:51PM","22"
"Marcus Edwards","BUR","F","Drop","1-Rainy Night at Stoke","","1","Thu Jan 15, 2026, 9:51PM","22"
"Pablo Felipe Pereira de Jesus","WHU","F","Claim","1 - Bruno’s Big Bean Burritos","","1","Thu Jan 15, 2026, 9:07PM","22"
"Conor Gallagher","TOT","M","Claim","1-Diamond Dogs","54.71","1","Thu Jan 15, 2026, 9:00PM","22"
"Josh Cullen","BUR","M","Drop","1-Diamond Dogs","","1","Thu Jan 15, 2026, 9:00PM","22"
"Facundo Buonanotte","LEE","M","Claim","1-Daam Daniel","","1","Thu Jan 15, 2026, 6:56AM","22"
"Lewis Cook","BOU","M","Drop","1-Daam Daniel","","1","Thu Jan 15, 2026, 6:56AM","22"
"Ben White","ARS","D","Claim","1-Daam Daniel","","1","Mon Jan 12, 2026, 9:45PM","22"
"Joseph Gomez","LIV","D","Drop","1-Daam Daniel","","1","Mon Jan 12, 2026, 9:45PM","22"
"Brajan Gruda","BHA","M","Claim","1 - Absolute Ekitekkers","","1","Sun Jan 11, 2026, 1:16PM","22"
"Conor Bradley","LIV","D","Drop","1 - Absolute Ekitekkers","","1","Sun Jan 11, 2026, 10:03AM","22"
"Rayan Ait-Nouri","MCI","D","Claim","1 - Absolute Ekitekkers","","1","Sat Jan 10, 2026, 12:47PM","22"
"Conor Bradley","LIV","D","Lineup Change","1 - Absolute Ekitekkers","","1","Sat Jan 10, 2026, 12:47PM","22"
"Max Alleyne","MCI","D","Claim","1-Floetry in Motion","","1","Sat Jan 10, 2026, 10:23AM","22"
"Mats Wieffer","BHA","M","Drop","1-Floetry in Motion","","1","Sat Jan 10, 2026, 10:23AM","22"
"Rodrigo Bentancur","TOT","M","Drop","1 - Absolute Ekitekkers","","1","Fri Jan 9, 2026, 3:02PM","22"
"Crysencio Summerville","WHU","M","Claim","1- Black Friday @ Nordi’s","","1","Thu Jan 8, 2026, 9:13PM","22"
"Savio","MCI","M","Drop","1- Black Friday @ Nordi’s","","1","Thu Jan 8, 2026, 9:13PM","22"
"Joseph Gomez","LIV","D","Claim","1-Daam Daniel","","1","Thu Jan 8, 2026, 9:09PM","22"
"Tosin Adarabioyo","CHE","D","Drop","1-Daam Daniel","","1","Thu Jan 8, 2026, 9:08PM","22"
"Marcus Edwards","BUR","F","Claim","1-Rainy Night at Stoke","0.15","1","Thu Jan 8, 2026, 9:00PM","22"
"Callum Hudson-Odoi","NOT","F","Drop","1-Rainy Night at Stoke","","1","Thu Jan 8, 2026, 9:00PM","22"
"Jhon Arias","WOL","M","Drop","1 - Bruno’s Big Bean Burritos","","1","Wed Jan 7, 2026, 2:11PM","21"
"Ethan Ampadu","LEE","D","Claim","1 - Absolute Ekitekkers","","1","Wed Jan 7, 2026, 2:07PM","21"
"Rico Henry","BRF","D","Drop","1 - Absolute Ekitekkers","","1","Wed Jan 7, 2026, 2:07PM","21"
"Mathys Tel","TOT","F","Claim","1 - Moises parts the Red Seamen","","1","Wed Jan 7, 2026, 2:05PM","21"
"Eli Kroupi","BOU","F","Claim","1-Daam Daniel","","1","Wed Jan 7, 2026, 2:02PM","21"
"Harry Maguire","MUN","D","Drop","1-Daam Daniel","","1","Wed Jan 7, 2026, 2:02PM","21"
"Harry Maguire","MUN","D","Claim","1-Daam Daniel","","1","Wed Jan 7, 2026, 2:00PM","21"
"Eli Kroupi","BOU","F","Drop","1-Daam Daniel","","1","Wed Jan 7, 2026, 2:00PM","21"
"Liam Delap","CHE","F","Claim","1 - Bruno’s Big Bean Burritos","","1","Wed Jan 7, 2026, 1:25PM","21"
"Joshua Zirkzee","MUN","F","Drop","1 - Bruno’s Big Bean Burritos","","1","Wed Jan 7, 2026, 1:25PM","21"
"Lucas Digne","AVL","D","Claim","1 - Bruno’s Big Bean Burritos","","1","Wed Jan 7, 2026, 1:21PM","21"
"Tyler Dibling","EVE","M","Drop","1 - Bruno’s Big Bean Burritos","","1","Wed Jan 7, 2026, 1:21PM","21"
"Rico Henry","BRF","D","Claim","1 - Absolute Ekitekkers","","1","Wed Jan 7, 2026, 1:19PM","21"
"Sepp van den Berg","BRF","D","Drop","1 - Absolute Ekitekkers","","1","Wed Jan 7, 2026, 1:19PM","21"
"Tosin Adarabioyo","CHE","D","Claim","1-Daam Daniel","","1","Wed Jan 7, 2026, 1:18PM","21"
"Piero Hincapié","ARS","D","Drop","1-Daam Daniel","","1","Wed Jan 7, 2026, 1:18PM","21"
"Robert Sanchez","CHE","G","Claim","1-DeezRut(ter)z","","1","Wed Jan 7, 2026, 1:17PM","21"
"Filip Jørgensen","CHE","G","Drop","1-DeezRut(ter)z","","1","Wed Jan 7, 2026, 1:17PM","21"
"Lewis Cook","BOU","M","Claim","1-Daam Daniel","","1","Wed Jan 7, 2026, 1:17PM","21"
"Harry Maguire","MUN","D","Drop","1-Daam Daniel","","1","Wed Jan 7, 2026, 1:17PM","21"
"Harry Maguire","MUN","D","Claim","1-Daam Daniel","","1","Wed Jan 7, 2026, 11:28AM","21"
"Kristoffer Ajer","BRF","D","Drop","1-Daam Daniel","","1","Wed Jan 7, 2026, 11:28AM","21"
"Dean Henderson","CRY","G","Claim","1-Floetry in Motion","","1","Tue Jan 6, 2026, 2:42PM","21"
"Matz Sels","NOT","G","Drop","1-Floetry in Motion","","1","Tue Jan 6, 2026, 2:42PM","21"
"Eli Kroupi","BOU","F","Claim","1-Daam Daniel","","1","Tue Jan 6, 2026, 2:24PM","21"
"Lewis Cook","BOU","M","Drop","1-Daam Daniel","","1","Tue Jan 6, 2026, 2:24PM","21"
"Amine Adli","BOU","F","Claim","1- Black Friday @ Nordi’s","","1","Tue Jan 6, 2026, 2:20PM","21"
"Noah Okafor","LEE","F","Drop","1- Black Friday @ Nordi’s","","1","Tue Jan 6, 2026, 2:20PM","21"
"Lewis Cook","BOU","M","Claim","1-Daam Daniel","","1","Tue Jan 6, 2026, 2:10PM","21"
"El Hadji Malick Diouf","WHU","M","Drop","1-Daam Daniel","","1","Tue Jan 6, 2026, 2:10PM","21"
"Bernardo Silva","MCI","M","Drop","1 - Moises parts the Red Seamen","","1","Tue Jan 6, 2026, 1:57PM","21"
"Jhon Arias","WOL","M","Claim","1 - Bruno’s Big Bean Burritos","","1","Tue Jan 6, 2026, 1:54PM","21"
"Justin Kluivert","BOU","M","Drop","1 - Bruno’s Big Bean Burritos","","1","Tue Jan 6, 2026, 1:53PM","21"
"Lewis Miley","NEW","M","Claim","1- Black Friday @ Nordi’s","","1","Tue Jan 6, 2026, 1:53PM","21"
"Soungoutou Magassa","WHU","M","Drop","1- Black Friday @ Nordi’s","","1","Tue Jan 6, 2026, 1:53PM","21"
"Valentin Castellanos","WHU","F","Claim","1 - Bruno’s Big Bean Burritos","","1","Tue Jan 6, 2026, 1:49PM","21"
"Alphonse Areola","WHU","G","Claim","1- Black Friday @ Nordi’s","","1","Tue Jan 6, 2026, 1:45PM","21"
"Bart Verbruggen","BHA","G","Drop","1- Black Friday @ Nordi’s","","1","Tue Jan 6, 2026, 1:45PM","21"
"El Hadji Malick Diouf","WHU","M","Claim","1-Daam Daniel","","1","Tue Jan 6, 2026, 1:39PM","21"
"Matz Sels","NOT","G","Claim","1-Floetry in Motion","","1","Tue Jan 6, 2026, 1:27PM","21"
"Bernd Leno","FUL","G","Drop","1-Floetry in Motion","","1","Tue Jan 6, 2026, 1:27PM","21"
"Kobbie Mainoo","MUN","M","Claim","1-Rainy Night at Stoke","0.00","2","Tue Jan 6, 2026, 1:00PM","21"
"Gabriel Martinelli","ARS","M","Drop","1-Rainy Night at Stoke","","2","Tue Jan 6, 2026, 1:00PM","21"
"Kristoffer Ajer","BRF","D","Claim","1-Daam Daniel","0.00","2","Tue Jan 6, 2026, 1:00PM","21"
"Casemiro","MUN","M","Claim","1-Dr. Dioufenshmirtz","0.12","1","Tue Jan 6, 2026, 1:00PM","21"
"Alejandro Garnacho","CHE","M","Claim","1-Floetry in Motion","2.01","1","Tue Jan 6, 2026, 1:00PM","21"
"Hugo Bueno","WOL","D","Claim","1-Daam Daniel","1.00","1","Tue Jan 6, 2026, 1:00PM","21"
"Noni Madueke","ARS","M","Claim","1- Black Friday @ Nordi’s","0.61","1","Tue Jan 6, 2026, 1:00PM","21"
"Josko Gvardiol","MCI","D","Drop","1- Black Friday @ Nordi’s","","1","Tue Jan 6, 2026, 1:00PM","21"
"Joel Veltman","BHA","D","Drop","1-Daam Daniel","","1","Mon Jan 5, 2026, 7:30AM","21"
"Dennis Cirkin","SUN","D","Drop","1-Daam Daniel","","1","Mon Jan 5, 2026, 7:30AM","21"
"Dilane Bakwa","NOT","F","Drop","1-Floetry in Motion","","1","Sun Jan 4, 2026, 3:30PM","21"
"Filip Jørgensen","CHE","G","Claim","1-DeezRut(ter)z","","1","Sun Jan 4, 2026, 11:26AM","20"
"Robert Sanchez","CHE","G","Drop","1-DeezRut(ter)z","","1","Sun Jan 4, 2026, 11:26AM","20"
"Nathan Ake","MCI","D","Claim","1- Black Friday @ Nordi’s","","1","Sun Jan 4, 2026, 9:25AM","20"
"Jordan Henderson","BRF","M","Drop","1- Black Friday @ Nordi’s","","1","Sun Jan 4, 2026, 9:25AM","20"
"Dennis Cirkin","SUN","D","Claim","1-Daam Daniel","","1","Sun Jan 4, 2026, 9:03AM","20"
"Kristoffer Ajer","BRF","D","Drop","1-Daam Daniel","","1","Sun Jan 4, 2026, 9:03AM","20"
"Curtis Jones","LIV","M","Claim","1 - Absolute Ekitekkers","","1","Sun Jan 4, 2026, 9:01AM","20"
"Kristoffer Ajer","BRF","D","Claim","1-Daam Daniel","","1","Sun Jan 4, 2026, 8:47AM","20"
"Federico Chiesa","LIV","F","Drop","1-Daam Daniel","","1","Sun Jan 4, 2026, 8:46AM","20"
"Federico Chiesa","LIV","F","Claim","1-Daam Daniel","","1","Sun Jan 4, 2026, 8:44AM","20"
"Kristoffer Ajer","BRF","D","Drop","1-Daam Daniel","","1","Sun Jan 4, 2026, 8:44AM","20"
"Brajan Gruda","BHA","M","Drop","1-Daam Daniel","","1","Sat Jan 3, 2026, 8:07PM","21"
"Kristoffer Ajer","BRF","D","Claim","1-Daam Daniel","","1","Sat Jan 3, 2026, 4:54PM","20"
"Alex Scott","BOU","M","Drop","1-Diamond Dogs","","1","Sat Jan 3, 2026, 12:19PM","20"
"Alex Scott","BOU","M","Claim","1-Diamond Dogs","","1","Sat Jan 3, 2026, 12:18PM","20"
"Joe Rodon","LEE","D","Drop","1-Diamond Dogs","","1","Sat Jan 3, 2026, 12:18PM","20"
"Jordan Henderson","BRF","M","Claim","1- Black Friday @ Nordi’s","","1","Sat Jan 3, 2026, 12:08PM","20"
"Amine Adli","BOU","F","Drop","1- Black Friday @ Nordi’s","","1","Sat Jan 3, 2026, 12:08PM","20"
"Callum Wilson","WHU","F","Drop","1 - Bruno’s Big Bean Burritos","","1","Sat Jan 3, 2026, 11:54AM","21"
"Gabriel Jesus","ARS","F","Drop","1-Daam Daniel","","1","Sat Jan 3, 2026, 11:19AM","20"
"Gabriel Martinelli","ARS","M","Claim","1-Rainy Night at Stoke","","1","Sat Jan 3, 2026, 10:49AM","20"
"Carlos Alcaraz","EVE","M","Drop","1-Rainy Night at Stoke","","1","Sat Jan 3, 2026, 10:49AM","20"
"Brajan Gruda","BHA","M","Claim","1-Daam Daniel","","1","Sat Jan 3, 2026, 8:56AM","20"
"Adama Traore","WHU","F","Drop","1-Daam Daniel","","1","Sat Jan 3, 2026, 8:56AM","20"
"Callum Wilson","WHU","F","Claim","1 - Bruno’s Big Bean Burritos","","1","Sat Jan 3, 2026, 8:48AM","20"
"Matthijs de Ligt","MUN","D","Drop","1 - Bruno’s Big Bean Burritos","","1","Sat Jan 3, 2026, 8:48AM","20"
"John McGinn","AVL","M","Claim","1 - Absolute Ekitekkers","","1","Sat Jan 3, 2026, 7:28AM","20"
"Sepp van den Berg","BRF","D","Claim","1 - Absolute Ekitekkers","","1","Sat Jan 3, 2026, 7:27AM","20"
"Ola Aina","NOT","D","Claim","1 - Bruno’s Big Bean Burritos","","1","Sat Jan 3, 2026, 6:18AM","20"
"Oleksandr Zinchenko","NOT","D","Drop","1 - Bruno’s Big Bean Burritos","","1","Sat Jan 3, 2026, 6:18AM","20"
"Dilane Bakwa","NOT","F","Claim","1-Floetry in Motion","","1","Sat Jan 3, 2026, 6:17AM","20"
"Casemiro","MUN","M","Drop","1-Floetry in Motion","","1","Sat Jan 3, 2026, 6:17AM","20"
"Alejandro Garnacho","CHE","M","Drop","1-Dr. Dioufenshmirtz","","1","Sat Jan 3, 2026, 2:46AM","20"
"Pascal Gross","BHA","M","Claim","1-Daam Daniel","","1","Fri Jan 2, 2026, 9:04PM","20"
"Noni Madueke","ARS","M","Drop","1-Daam Daniel","","1","Fri Jan 2, 2026, 9:04PM","20"
"Piero Hincapié","ARS","D","Claim","1-Daam Daniel","","1","Fri Jan 2, 2026, 9:02PM","20"
"Luke Shaw","MUN","D","Drop","1-Daam Daniel","","1","Fri Jan 2, 2026, 9:02PM","20"
"Joel Veltman","BHA","D","Claim","1-Daam Daniel","0.00","4","Fri Jan 2, 2026, 9:00PM","20"
"Pascal Struijk","LEE","D","Claim","1-Daam Daniel","0.00","3","Fri Jan 2, 2026, 9:00PM","20"
"Carlos Alcaraz","EVE","M","Claim","1-Rainy Night at Stoke","0.05","2","Fri Jan 2, 2026, 9:00PM","20"
"Keane Lewis-Potter","BRF","M","Drop","1-Rainy Night at Stoke","","2","Fri Jan 2, 2026, 9:00PM","20"
"Gabriel Jesus","ARS","F","Claim","1-Daam Daniel","0.00","2","Fri Jan 2, 2026, 9:00PM","20"
"Mikkel Damsgaard","BRF","M","Claim","1-Dr. Dioufenshmirtz","1.05","1","Fri Jan 2, 2026, 9:00PM","20"
"Jamie Gittens","CHE","F","Claim","1-DeezRut(ter)z","5.00","1","Fri Jan 2, 2026, 9:00PM","20"
"Lucas Digne","AVL","D","Drop","1-DeezRut(ter)z","","1","Fri Jan 2, 2026, 9:00PM","20"
"Nikola Milenkovic","NOT","D","Drop","1-Daam Daniel","","1","Fri Jan 2, 2026, 2:12PM","20"
"Lisandro Martinez","MUN","D","Drop","1-Dr. Dioufenshmirtz","","1","Thu Jan 1, 2026, 6:15PM","20"
"Jadon Sancho","AVL","M","Drop","1 - Absolute Ekitekkers","","1","Thu Jan 1, 2026, 2:58PM","20"
"Kyle Walker-Peters","WHU","D","Drop","1 - Absolute Ekitekkers","","1","Thu Jan 1, 2026, 2:58PM","20"
"Vitaly Janelt","BRF","M","Claim","1-Daam Daniel","","1","Thu Jan 1, 2026, 2:35PM","19"
"Mikkel Damsgaard","BRF","M","Drop","1-Daam Daniel","","1","Thu Jan 1, 2026, 2:35PM","19"
"Liam Delap","CHE","F","Drop","1 - Absolute Ekitekkers","","1","Thu Jan 1, 2026, 1:16PM","20"
"Emile Smith Rowe","FUL","M","Claim","1-Diamond Dogs","","1","Thu Jan 1, 2026, 11:35AM","19"
"Eddie Nketiah","CRY","F","Drop","1-Diamond Dogs","","1","Thu Jan 1, 2026, 11:35AM","19"
"Keane Lewis-Potter","BRF","M","Claim","1-Rainy Night at Stoke","","1","Thu Jan 1, 2026, 11:23AM","19"
"Federico Chiesa","LIV","F","Drop","1-Rainy Night at Stoke","","1","Thu Jan 1, 2026, 11:23AM","19"
"Conor Bradley","LIV","D","Claim","1 - Absolute Ekitekkers","","1","Thu Jan 1, 2026, 10:44AM","19"
"Archie Gray","TOT","M","Drop","1 - Absolute Ekitekkers","","1","Thu Jan 1, 2026, 10:44AM","19"
"Federico Chiesa","LIV","F","Claim","1-Rainy Night at Stoke","","1","Wed Dec 31, 2025, 10:30AM","19"
"Emile Smith Rowe","FUL","M","Drop","1-Rainy Night at Stoke","","1","Wed Dec 31, 2025, 10:30AM","19"
"Ayden Heaven","MUN","D","Drop","1-Daam Daniel","","1","Tue Dec 30, 2025, 5:51PM","20"
"Maxim De Cuyper","BHA","D","Drop","1-Daam Daniel","","1","Tue Dec 30, 2025, 5:51PM","20"
"Emile Smith Rowe","FUL","M","Claim","1-Rainy Night at Stoke","","1","Tue Dec 30, 2025, 2:28PM","19"
"Callum Wilson","WHU","F","Drop","1-Rainy Night at Stoke","","1","Tue Dec 30, 2025, 2:28PM","19"
"Callum Wilson","WHU","F","Claim","1-Rainy Night at Stoke","","1","Tue Dec 30, 2025, 2:26PM","19"
"Emile Smith Rowe","FUL","M","Drop","1-Rainy Night at Stoke","","1","Tue Dec 30, 2025, 2:26PM","19"
"Emile Smith Rowe","FUL","M","Claim","1-Rainy Night at Stoke","","1","Tue Dec 30, 2025, 2:24PM","19"
"Merlin Röhl","EVE","M","Drop","1-Rainy Night at Stoke","","1","Tue Dec 30, 2025, 2:23PM","19"
"Jake O'Brien","EVE","D","Claim","1 - Bruno’s Big Bean Burritos","","1","Tue Dec 30, 2025, 2:22PM","19"
"Callum Wilson","WHU","F","Drop","1 - Bruno’s Big Bean Burritos","","1","Tue Dec 30, 2025, 2:22PM","19"
"Lucas Pires","BUR","D","Claim","1-DeezRut(ter)z","","1","Tue Dec 30, 2025, 2:17PM","19"
"David Brooks","BOU","M","Claim","1-DeezRut(ter)z","","1","Tue Dec 30, 2025, 2:14PM","19"
"Ian Maatsen","AVL","D","Drop","1-DeezRut(ter)z","","1","Tue Dec 30, 2025, 2:11PM","19"
"Mateus Mané","WOL","F","Claim","1-DeezRut(ter)z","","1","Tue Dec 30, 2025, 2:11PM","19"
"Carlos Alcaraz","EVE","M","Drop","1-DeezRut(ter)z","","1","Tue Dec 30, 2025, 2:10PM","19"
"Jadon Sancho","AVL","M","Claim","1 - Absolute Ekitekkers","","1","Tue Dec 30, 2025, 2:09PM","19"
"Jake O'Brien","EVE","D","Drop","1 - Absolute Ekitekkers","","1","Tue Dec 30, 2025, 2:09PM","19"
"Brajan Gruda","BHA","M","Drop","1-DeezRut(ter)z","","1","Tue Dec 30, 2025, 2:09PM","19"
"Oleksandr Zinchenko","NOT","D","Claim","1 - Bruno’s Big Bean Burritos","","1","Tue Dec 30, 2025, 2:06PM","19"
"Alex Jiménez","BOU","D","Drop","1 - Bruno’s Big Bean Burritos","","1","Tue Dec 30, 2025, 2:06PM","19"
"Merlin Röhl","EVE","M","Claim","1-Rainy Night at Stoke","","1","Tue Dec 30, 2025, 2:01PM","19"
"Gabriel Martinelli","ARS","M","Drop","1-Rainy Night at Stoke","","1","Tue Dec 30, 2025, 2:01PM","19"
"Ferdi Kadioglu","BHA","D","Claim","1 - Moises parts the Red Seamen","","1","Tue Dec 30, 2025, 1:43PM","19"
"Curtis Jones","LIV","M","Drop","1 - Moises parts the Red Seamen","","1","Tue Dec 30, 2025, 1:43PM","19"
"Yasin Ayari","BHA","M","Claim","1 - Moises parts the Red Seamen","","1","Tue Dec 30, 2025, 1:43PM","19"
"Amadou Onana","AVL","M","Drop","1 - Moises parts the Red Seamen","","1","Tue Dec 30, 2025, 1:43PM","19"
"Soungoutou Magassa","WHU","M","Claim","1- Black Friday @ Nordi’s","","1","Tue Dec 30, 2025, 1:32PM","19"
"Charalampos Kostoulas","BHA","F","Drop","1- Black Friday @ Nordi’s","","1","Tue Dec 30, 2025, 1:32PM","19"
"Liam Delap","CHE","F","Claim","1 - Absolute Ekitekkers","","1","Tue Dec 30, 2025, 1:24PM","19"
"Jake O'Brien","EVE","D","Claim","1 - Absolute Ekitekkers","","1","Tue Dec 30, 2025, 1:22PM","19"
"João Palhinha","TOT","M","Drop","1 - Absolute Ekitekkers","","1","Tue Dec 30, 2025, 1:22PM","19"
"Maxim De Cuyper","BHA","D","Claim","1-Daam Daniel","","1","Tue Dec 30, 2025, 1:22PM","19"
"Liam Delap","CHE","F","Drop","1-Daam Daniel","","1","Tue Dec 30, 2025, 1:22PM","19"
"Adama Traore","WHU","F","Claim","1-Daam Daniel","","1","Tue Dec 30, 2025, 1:21PM","19"
"Lewis Cook","BOU","M","Drop","1-Daam Daniel","","1","Tue Dec 30, 2025, 1:21PM","19"
"Liam Delap","CHE","F","Claim","1-Daam Daniel","","1","Tue Dec 30, 2025, 1:17PM","19"
"Jamie Gittens","CHE","F","Drop","1-Daam Daniel","","1","Tue Dec 30, 2025, 1:17PM","19"
"Jamie Gittens","CHE","F","Claim","1-Daam Daniel","","1","Tue Dec 30, 2025, 12:55PM","19"
"Pascal Struijk","LEE","D","Drop","1-Daam Daniel","","1","Tue Dec 30, 2025, 12:55PM","19"
"Justin Kluivert","BOU","M","Claim","1 - Bruno’s Big Bean Burritos","","1","Tue Dec 30, 2025, 12:32PM","19"
"Lewis Miley","NEW","M","Drop","1 - Bruno’s Big Bean Burritos","","1","Tue Dec 30, 2025, 12:32PM","19"
"Dwight McNeil","EVE","M","Claim","1 - Bruno’s Big Bean Burritos","","1","Tue Dec 30, 2025, 12:27PM","19"
"Kevin Danso","TOT","D","Drop","1 - Bruno’s Big Bean Burritos","","1","Tue Dec 30, 2025, 12:27PM","19"
"Callum Wilson","WHU","F","Claim","1 - Bruno’s Big Bean Burritos","","1","Tue Dec 30, 2025, 12:26PM","19"
"Donyell Malen","AVL","F","Drop","1 - Bruno’s Big Bean Burritos","","1","Tue Dec 30, 2025, 12:13PM","19"
"Joshua Zirkzee","MUN","F","Claim","1 - Bruno’s Big Bean Burritos","","1","Tue Dec 30, 2025, 12:13PM","19"
"Mason Mount","MUN","M","Drop","1 - Bruno’s Big Bean Burritos","","1","Tue Dec 30, 2025, 12:13PM","19"
"Senne Lammens","MUN","G","Claim","1 - Bruno’s Big Bean Burritos","","1","Tue Dec 30, 2025, 12:10PM","19"
"Dean Henderson","CRY","G","Drop","1 - Bruno’s Big Bean Burritos","","1","Tue Dec 30, 2025, 12:10PM","19"
"Jayden Bogle","LEE","D","Drop","1 - Absolute Ekitekkers","","1","Tue Dec 30, 2025, 12:08PM","19"
"Manuel Ugarte","MUN","M","Claim","1 - Absolute Ekitekkers","","1","Tue Dec 30, 2025, 12:08PM","19"
"Lewis Cook","BOU","M","Claim","1-Daam Daniel","","1","Tue Dec 30, 2025, 11:50AM","19"
"Merlin Röhl","EVE","M","Drop","1-Daam Daniel","","1","Tue Dec 30, 2025, 11:50AM","19"
"Merlin Röhl","EVE","M","Claim","1-Daam Daniel","","1","Tue Dec 30, 2025, 11:20AM","19"
"Vitaly Janelt","BRF","M","Drop","1-Daam Daniel","","1","Tue Dec 30, 2025, 11:20AM","19"
"Lisandro Martinez","MUN","D","Claim","1-Dr. Dioufenshmirtz","","1","Tue Dec 30, 2025, 11:07AM","19"
"Leny Yoro","MUN","D","Drop","1-Dr. Dioufenshmirtz","","1","Tue Dec 30, 2025, 11:07AM","19"
"Vitaly Janelt","BRF","M","Claim","1-Daam Daniel","","1","Tue Dec 30, 2025, 10:31AM","19"
"Oscar Bobb","FUL","M","Drop","1-Daam Daniel","","1","Tue Dec 30, 2025, 10:31AM","19"
"Oscar Bobb","FUL","M","Claim","1-Daam Daniel","","1","Tue Dec 30, 2025, 7:28AM","19"
"Joshua Zirkzee","MUN","F","Drop","1-Daam Daniel","","1","Tue Dec 30, 2025, 7:28AM","19"
"Estevao Willian Almeida de Oliveira Gonçalves","CHE","F","Claim","1-Daam Daniel","","1","Tue Dec 30, 2025, 7:26AM","19"
"Piero Hincapié","ARS","D","Drop","1-Daam Daniel","","1","Tue Dec 30, 2025, 7:26AM","19"
"Joshua Zirkzee","MUN","F","Claim","1-Daam Daniel","","1","Mon Dec 29, 2025, 10:06PM","19"
"El Hadji Malick Diouf","WHU","M","Drop","1-Daam Daniel","","1","Mon Dec 29, 2025, 10:06PM","19"
"Mikel Merino","ARS","M","Claim","1-Diamond Dogs","","1","Mon Dec 29, 2025, 9:13PM","19"
"Micky van de Ven","TOT","D","Claim","1-Diamond Dogs","","1","Mon Dec 29, 2025, 9:12PM","19"
"Destiny Udogie","TOT","D","Drop","1-Diamond Dogs","","1","Mon Dec 29, 2025, 9:12PM","19"
"Chris Wood","NOT","F","Drop","1-Diamond Dogs","","1","Mon Dec 29, 2025, 9:09PM","19"
"Bart Verbruggen","BHA","G","Claim","1- Black Friday @ Nordi’s","","1","Mon Dec 29, 2025, 9:04PM","19"
"Djordje Petrovic","BOU","G","Drop","1- Black Friday @ Nordi’s","","1","Mon Dec 29, 2025, 9:04PM","19"
"El Hadji Malick Diouf","WHU","M","Claim","1-Daam Daniel","","1","Mon Dec 29, 2025, 9:03PM","19"
"Noni Madueke","ARS","M","Claim","1-Daam Daniel","0.00","5","Mon Dec 29, 2025, 9:00PM","19"
"Luke Shaw","MUN","D","Claim","1-Daam Daniel","0.00","2","Mon Dec 29, 2025, 9:00PM","19"
"Leny Yoro","MUN","D","Claim","1-Dr. Dioufenshmirtz","0.00","2","Mon Dec 29, 2025, 9:00PM","19"
"Tolu Arokodare","WOL","F","Claim","1-Floetry in Motion","0.00","2","Mon Dec 29, 2025, 9:00PM","19"
"Richarlison","TOT","F","Claim","1-The Gyök Gyök 3000","6.94","2","Mon Dec 29, 2025, 9:00PM","19"
"Benoit Badiashile","CHE","D","Drop","1-The Gyök Gyök 3000","","2","Mon Dec 29, 2025, 9:00PM","19"
"Danny Ballard","SUN","D","Claim","1-The Gyök Gyök 3000","15.56","1","Mon Dec 29, 2025, 9:00PM","19"
"Lutsharel Geertruida","SUN","D","Drop","1-The Gyök Gyök 3000","","1","Mon Dec 29, 2025, 9:00PM","19"
"Nikola Milenkovic","NOT","D","Claim","1-Daam Daniel","0.01","1","Mon Dec 29, 2025, 9:00PM","19"
"Evanilson","BOU","F","Claim","1 - Moises parts the Red Seamen","15.00","1","Mon Dec 29, 2025, 9:00PM","19"
"Eli Kroupi","BOU","F","Drop","1 - Moises parts the Red Seamen","","1","Mon Dec 29, 2025, 9:00PM","19"
"Charalampos Kostoulas","BHA","F","Claim","1- Black Friday @ Nordi’s","0.12","1","Mon Dec 29, 2025, 9:00PM","19"
"Brian Brobbey","SUN","F","Drop","1- Black Friday @ Nordi’s","","1","Mon Dec 29, 2025, 9:00PM","19"
"Lewis Cook","BOU","M","Drop","1-Daam Daniel","","1","Mon Dec 29, 2025, 4:57PM","19"
"Keane Lewis-Potter","BRF","M","Drop","1-Daam Daniel","","1","Mon Dec 29, 2025, 4:49PM","19"
"Federico Chiesa","LIV","F","Drop","1-Floetry in Motion","","1","Mon Dec 29, 2025, 3:45PM","19"
"Emiliano Buendia","AVL","M","Drop","1-Daam Daniel","","1","Sun Dec 28, 2025, 3:09PM","19"
"John McGinn","AVL","M","Drop","1 - Absolute Ekitekkers","","1","Sun Dec 28, 2025, 2:39PM","19"
"Kevin Danso","TOT","D","Claim","1 - Bruno’s Big Bean Burritos","","1","Sun Dec 28, 2025, 10:30AM","18"
"Jaydee Canvot","CRY","D","Drop","1 - Bruno’s Big Bean Burritos","","1","Sun Dec 28, 2025, 10:30AM","18"
"Archie Gray","TOT","M","Claim","1 - Absolute Ekitekkers","","1","Sun Dec 28, 2025, 9:34AM","18"
"Lutsharel Geertruida","SUN","D","Claim","1-The Gyök Gyök 3000","","1","Sun Dec 28, 2025, 7:49AM","18"
"Danny Ballard","SUN","D","Drop","1-The Gyök Gyök 3000","","1","Sun Dec 28, 2025, 7:49AM","18"
"Myles Lewis-Skelly","ARS","D","Drop","1-Daam Daniel","","1","Sat Dec 27, 2025, 12:48PM","19"
"Benoit Badiashile","CHE","D","Claim","1-The Gyök Gyök 3000","","1","Sat Dec 27, 2025, 12:03PM","18"
"Brenden Aaronson","LEE","M","Claim","1-What The Hecke","","1","Sat Dec 27, 2025, 12:00PM","18"
"Richarlison","TOT","F","Drop","1-What The Hecke","","1","Sat Dec 27, 2025, 12:00PM","18"
"Estevao Willian Almeida de Oliveira Gonçalves","CHE","F","Drop","1 - Absolute Ekitekkers","","1","Sat Dec 27, 2025, 11:41AM","18"
"Jaydee Canvot","CRY","D","Claim","1 - Bruno’s Big Bean Burritos","","1","Sat Dec 27, 2025, 11:20AM","18"
"Benoit Badiashile","CHE","D","Drop","1 - Bruno’s Big Bean Burritos","","1","Sat Dec 27, 2025, 11:20AM","18"
"Emiliano Buendia","AVL","M","Claim","1-Daam Daniel","","1","Sat Dec 27, 2025, 11:19AM","18"
"Benoit Badiashile","CHE","D","Claim","1 - Bruno’s Big Bean Burritos","","1","Sat Dec 27, 2025, 11:18AM","18"
"Nathaniel Clyne","CRY","D","Drop","1 - Bruno’s Big Bean Burritos","","1","Sat Dec 27, 2025, 11:18AM","18"
"Donyell Malen","AVL","F","Claim","1 - Bruno’s Big Bean Burritos","","1","Sat Dec 27, 2025, 11:18AM","18"
"Simon Adingra","SUN","M","Drop","1 - Bruno’s Big Bean Burritos","","1","Sat Dec 27, 2025, 11:18AM","18"
"Brian Brobbey","SUN","F","Claim","1- Black Friday @ Nordi’s","","1","Sat Dec 27, 2025, 10:35AM","18"
"Beto","EVE","F","Drop","1-Daam Daniel","","1","Sat Dec 27, 2025, 9:59AM","18"
"Emile Smith Rowe","FUL","M","Drop","1- Black Friday @ Nordi’s","","1","Sat Dec 27, 2025, 9:59AM","18"
"Gabriel Martinelli","ARS","M","Claim","1-Rainy Night at Stoke","","1","Sat Dec 27, 2025, 9:40AM","18"
"Adama Traore","WHU","F","Drop","1-Rainy Night at Stoke","","1","Sat Dec 27, 2025, 9:40AM","18"
"Myles Lewis-Skelly","ARS","D","Claim","1-Daam Daniel","","1","Sat Dec 27, 2025, 9:37AM","18"
"Jake O'Brien","EVE","D","Drop","1-Daam Daniel","","1","Sat Dec 27, 2025, 9:37AM","18"
"Lewis Cook","BOU","M","Claim","1-Daam Daniel","","1","Sat Dec 27, 2025, 9:34AM","18"
"Vitaly Janelt","BRF","M","Drop","1-Daam Daniel","","1","Sat Dec 27, 2025, 9:34AM","18"
"Gabriel Jesus","ARS","F","Drop","1-The Gyök Gyök 3000","","1","Sat Dec 27, 2025, 9:29AM","18"
"Kyle Walker-Peters","WHU","D","Claim","1 - Absolute Ekitekkers","","1","Sat Dec 27, 2025, 9:11AM","18"
"John McGinn","AVL","M","Claim","1 - Absolute Ekitekkers","","1","Sat Dec 27, 2025, 9:10AM","18"
"Conor Bradley","LIV","D","Drop","1 - Absolute Ekitekkers","","1","Sat Dec 27, 2025, 9:06AM","18"
"Evanilson","BOU","F","Drop","1-Dr. Dioufenshmirtz","","1","Sat Dec 27, 2025, 8:59AM","18"
"Vitaly Janelt","BRF","M","Claim","1-Daam Daniel","","1","Sat Dec 27, 2025, 8:59AM","18"
"Brenden Aaronson","LEE","M","Drop","1-Daam Daniel","","1","Sat Dec 27, 2025, 8:59AM","18"
"Brenden Aaronson","LEE","M","Claim","1-Daam Daniel","","1","Sat Dec 27, 2025, 8:56AM","18"
"Eli Kroupi","BOU","F","Claim","1 - Moises parts the Red Seamen","","1","Sat Dec 27, 2025, 8:52AM","18"
"Sepp van den Berg","BRF","D","Drop","1 - Moises parts the Red Seamen","","1","Sat Dec 27, 2025, 8:52AM","18"
"Tyler Dibling","EVE","M","Claim","1 - Bruno’s Big Bean Burritos","","1","Sat Dec 27, 2025, 8:49AM","18"
"Justin Kluivert","BOU","M","Drop","1 - Bruno’s Big Bean Burritos","","1","Sat Dec 27, 2025, 8:49AM","18"
"Brajan Gruda","BHA","M","Claim","1-DeezRut(ter)z","","1","Sat Dec 27, 2025, 8:48AM","18"
"Crysencio Summerville","WHU","M","Drop","1-DeezRut(ter)z","","1","Sat Dec 27, 2025, 8:48AM","18"
"Beto","EVE","F","Claim","1-Daam Daniel","","1","Sat Dec 27, 2025, 8:48AM","18"
"Dejan Kulusevski","TOT","M","Drop","1-Daam Daniel","","1","Sat Dec 27, 2025, 8:46AM","18"
"Tyler Dibling","EVE","M","Drop","1-Daam Daniel","","1","Sat Dec 27, 2025, 8:41AM","18"
"Tyler Dibling","EVE","M","Claim","1-Daam Daniel","","1","Sat Dec 27, 2025, 8:35AM","18"
"Dwight McNeil","EVE","M","Drop","1-Daam Daniel","","1","Sat Dec 27, 2025, 8:35AM","18"
"Gabriel Jesus","ARS","F","Claim","1-The Gyök Gyök 3000","","1","Sat Dec 27, 2025, 7:24AM","18"
"Curtis Jones","LIV","M","Claim","1 - Moises parts the Red Seamen","","1","Sat Dec 27, 2025, 2:21AM","18"
"Martin Zubimendi","ARS","M","Claim","1 - Moises parts the Red Seamen","","1","Sat Dec 27, 2025, 2:21AM","18"
"Liam Delap","CHE","F","Drop","1 - Moises parts the Red Seamen","","1","Sat Dec 27, 2025, 2:21AM","18"
"Anthony Elanga","NEW","F","Drop","1 - Moises parts the Red Seamen","","1","Fri Dec 26, 2025, 2:02PM","18"
"Ayden Heaven","MUN","D","Claim","1-Daam Daniel","","1","Fri Dec 26, 2025, 1:59PM","18"
"Quilindschy Hartman","BUR","D","Drop","1-Daam Daniel","","1","Fri Dec 26, 2025, 1:53PM","18"
"Adama Traore","WHU","F","Claim","1-Rainy Night at Stoke","","1","Fri Dec 26, 2025, 8:46AM","18"
"Noni Madueke","ARS","M","Drop","1-Rainy Night at Stoke","","1","Fri Dec 26, 2025, 8:46AM","18"
"Casemiro","MUN","M","Claim","1-Floetry in Motion","","1","Thu Dec 25, 2025, 9:08PM","18"
"Mikel Merino","ARS","M","Drop","1-Floetry in Motion","","1","Thu Dec 25, 2025, 9:08PM","18"
"Bernd Leno","FUL","G","Claim","1-Floetry in Motion","","1","Thu Dec 25, 2025, 9:06PM","18"
"Martin Dubravka","BUR","G","Drop","1-Floetry in Motion","","1","Thu Dec 25, 2025, 9:06PM","18"
"Quilindschy Hartman","BUR","D","Claim","1-Daam Daniel","","1","Thu Dec 25, 2025, 9:35AM","18"
"Jaydee Canvot","CRY","D","Drop","1-Daam Daniel","","1","Thu Dec 25, 2025, 9:35AM","18"
"Pascal Struijk","LEE","D","Claim","1-Daam Daniel","","1","Wed Dec 24, 2025, 9:26PM","18"
"Casemiro","MUN","M","Drop","1-Daam Daniel","","1","Wed Dec 24, 2025, 9:25PM","18"
"Jaydee Canvot","CRY","D","Claim","1-Daam Daniel","0.00","5","Wed Dec 24, 2025, 9:00PM","18"
"Jake O'Brien","EVE","D","Claim","1-Daam Daniel","0.01","3","Wed Dec 24, 2025, 9:00PM","18"
"Federico Chiesa","LIV","F","Claim","1-Floetry in Motion","0.00","2","Wed Dec 24, 2025, 9:00PM","18"
"Curtis Jones","LIV","M","Drop","1-Floetry in Motion","","2","Wed Dec 24, 2025, 9:00PM","18"
"Emile Smith Rowe","FUL","M","Claim","1- Black Friday @ Nordi’s","0.00","2","Wed Dec 24, 2025, 9:00PM","18"
"Maxim De Cuyper","BHA","D","Drop","1- Black Friday @ Nordi’s","","2","Wed Dec 24, 2025, 9:00PM","18"
"Keane Lewis-Potter","BRF","M","Claim","1-Daam Daniel","0.05","2","Wed Dec 24, 2025, 9:00PM","18"
"Casemiro","MUN","M","Claim","1-Daam Daniel","0.01","4","Wed Dec 24, 2025, 9:00PM","18"
"Amine Adli","BOU","F","Claim","1- Black Friday @ Nordi’s","1.20","1","Wed Dec 24, 2025, 9:00PM","18"
"Charalampos Kostoulas","BHA","F","Drop","1- Black Friday @ Nordi’s","","1","Wed Dec 24, 2025, 9:00PM","18"
"Omar Alderete","SUN","D","Claim","1 - Bruno’s Big Bean Burritos","2.00","1","Wed Dec 24, 2025, 9:00PM","18"
"Nikola Milenkovic","NOT","D","Drop","1 - Bruno’s Big Bean Burritos","","1","Wed Dec 24, 2025, 9:00PM","18"
"Jacob Ramsey","NEW","M","Drop","1 - Absolute Ekitekkers","","1","Sun Dec 21, 2025, 8:16PM","18"
"Diego Coppola","BHA","D","Drop","1-Daam Daniel","","1","Sat Dec 20, 2025, 1:55PM","18"
"Lewis Cook","BOU","M","Drop","1-Daam Daniel","","1","Sat Dec 20, 2025, 1:55PM","18"
"David Brooks","BOU","M","Drop","1-Daam Daniel","","1","Sat Dec 20, 2025, 1:55PM","18"
"Bafode Diakité","BOU","D","Drop","1-Daam Daniel","","1","Sat Dec 20, 2025, 1:55PM","18"
"Dwight McNeil","EVE","M","Claim","1-Daam Daniel","","1","Sat Dec 20, 2025, 1:54PM","17"
"Emile Smith Rowe","FUL","M","Drop","1-Daam Daniel","","1","Sat Dec 20, 2025, 1:54PM","17"
"Federico Chiesa","LIV","F","Drop","1-The Gyök Gyök 3000","","1","Sat Dec 20, 2025, 11:59AM","17"
"Jayden Bogle","LEE","D","Claim","1 - Absolute Ekitekkers","","1","Sat Dec 20, 2025, 11:26AM","17"
"Gabriel Jesus","ARS","F","Drop","1 - Absolute Ekitekkers","","1","Sat Dec 20, 2025, 11:26AM","17"
"Sepp van den Berg","BRF","D","Claim","1 - Moises parts the Red Seamen","","1","Sat Dec 20, 2025, 9:57AM","17"
"Maxime Esteve","BUR","D","Drop","1 - Moises parts the Red Seamen","","1","Sat Dec 20, 2025, 9:57AM","17"
"Bernardo Silva","MCI","M","Claim","1 - Moises parts the Red Seamen","","1","Sat Dec 20, 2025, 9:56AM","17"
"Casemiro","MUN","M","Drop","1 - Moises parts the Red Seamen","","1","Sat Dec 20, 2025, 9:56AM","17"
"Joao Gomes","WOL","M","Claim","1-Diamond Dogs","","1","Sat Dec 20, 2025, 9:52AM","17"
"Tyler Adams","BOU","M","Drop","1-Diamond Dogs","","1","Sat Dec 20, 2025, 9:52AM","17"
"Lewis Cook","BOU","M","Claim","1-Daam Daniel","","1","Sat Dec 20, 2025, 9:16AM","17"
"Omar Alderete","SUN","D","Drop","1-Daam Daniel","","1","Sat Dec 20, 2025, 9:15AM","17"
"David Brooks","BOU","M","Claim","1-Daam Daniel","","1","Sat Dec 20, 2025, 9:14AM","17"
"Sepp van den Berg","BRF","D","Drop","1-Daam Daniel","","1","Sat Dec 20, 2025, 9:14AM","17"
"Crysencio Summerville","WHU","M","Claim","1-DeezRut(ter)z","","1","Sat Dec 20, 2025, 9:12AM","17"
"Lesley Ugochukwu","BUR","M","Drop","1-DeezRut(ter)z","","1","Sat Dec 20, 2025, 9:12AM","17"
"Diego Coppola","BHA","D","Claim","1-Daam Daniel","","1","Sat Dec 20, 2025, 8:56AM","17"
"Dwight McNeil","EVE","M","Drop","1-Daam Daniel","","1","Sat Dec 20, 2025, 8:56AM","17"
"Simon Adingra","SUN","M","Claim","1 - Bruno’s Big Bean Burritos","","1","Sat Dec 20, 2025, 8:50AM","17"
"Amine Adli","BOU","F","Drop","1 - Bruno’s Big Bean Burritos","","1","Sat Dec 20, 2025, 8:50AM","17"
"Conor Bradley","LIV","D","Claim","1 - Absolute Ekitekkers","","1","Sat Dec 20, 2025, 7:06AM","17"
"Jacob Ramsey","NEW","M","Claim","1 - Absolute Ekitekkers","","1","Sat Dec 20, 2025, 7:02AM","17"
"Martin Zubimendi","ARS","M","Drop","1 - Absolute Ekitekkers","","1","Sat Dec 20, 2025, 7:02AM","17"
"Bafode Diakité","BOU","D","Claim","1-Daam Daniel","","1","Sat Dec 20, 2025, 6:26AM","17"
"Bernardo Silva","MCI","M","Drop","1-Daam Daniel","","1","Sat Dec 20, 2025, 6:26AM","17"
"Trai Hume","SUN","D","Claim","1-DeezRut(ter)z","","1","Sat Dec 20, 2025, 4:07AM","17"
"Brenden Aaronson","LEE","M","Drop","1-DeezRut(ter)z","","1","Sat Dec 20, 2025, 4:07AM","17"
"Amadou Onana","AVL","M","Claim","1 - Moises parts the Red Seamen","","1","Fri Dec 19, 2025, 2:12PM","17"
"Dwight McNeil","EVE","M","Claim","1-Daam Daniel","","1","Fri Dec 19, 2025, 12:11PM","17"
"Christantus Uche","CRY","M","Drop","1-Daam Daniel","","1","Fri Dec 19, 2025, 12:11PM","17"
"Lesley Ugochukwu","BUR","M","Claim","1-DeezRut(ter)z","","1","Thu Dec 18, 2025, 2:13PM","17"
"El Hadji Malick Diouf","WHU","M","Drop","1-DeezRut(ter)z","","1","Thu Dec 18, 2025, 2:12PM","17"
"Josh Cullen","BUR","M","Claim","1-Diamond Dogs","","1","Thu Dec 18, 2025, 1:34PM","17"
"Pape Sarr","TOT","M","Drop","1-Diamond Dogs","","1","Thu Dec 18, 2025, 1:34PM","17"
"Christantus Uche","CRY","M","Claim","1-Daam Daniel","","1","Thu Dec 18, 2025, 9:14AM","17"
"Josh Cullen","BUR","M","Drop","1-Daam Daniel","","1","Thu Dec 18, 2025, 9:14AM","17"
"Federico Chiesa","LIV","F","Claim","1-The Gyök Gyök 3000","","1","Wed Dec 17, 2025, 11:04PM","17"
"Amadou Onana","AVL","M","Drop","1-The Gyök Gyök 3000","","1","Wed Dec 17, 2025, 11:04PM","17"
"Josh Cullen","BUR","M","Claim","1-Daam Daniel","","1","Wed Dec 17, 2025, 6:07AM","17"
"Bernardo Silva","MCI","M","Claim","1-Daam Daniel","","1","Wed Dec 17, 2025, 6:06AM","17"
"Sepp van den Berg","BRF","D","Claim","1-Daam Daniel","","1","Wed Dec 17, 2025, 6:03AM","17"
"Martin Dubravka","BUR","G","Claim","1-Floetry in Motion","","1","Wed Dec 17, 2025, 1:08AM","17"
"Bart Verbruggen","BHA","G","Drop","1-Floetry in Motion","","1","Wed Dec 17, 2025, 1:08AM","17"
"Jaka Bijol","LEE","D","Claim","1-What The Hecke","","1","Tue Dec 16, 2025, 10:19PM","17"
"Florentino Ibrain Morris Luís","BUR","M","Drop","1-What The Hecke","","1","Tue Dec 16, 2025, 10:19PM","17"
"Maxim De Cuyper","BHA","D","Claim","1- Black Friday @ Nordi’s","","1","Tue Dec 16, 2025, 9:05PM","17"
"Quilindschy Hartman","BUR","D","Drop","1- Black Friday @ Nordi’s","","1","Tue Dec 16, 2025, 9:05PM","17"
"Nikola Milenkovic","NOT","D","Claim","1 - Bruno’s Big Bean Burritos","0.00","2","Tue Dec 16, 2025, 9:00PM","17"
"Charalampos Kostoulas","BHA","F","Claim","1- Black Friday @ Nordi’s","0.00","2","Tue Dec 16, 2025, 9:00PM","17"
"Callum Wilson","WHU","F","Drop","1- Black Friday @ Nordi’s","","2","Tue Dec 16, 2025, 9:00PM","17"
"Djordje Petrovic","BOU","G","Claim","1- Black Friday @ Nordi’s","0.00","1","Tue Dec 16, 2025, 9:00PM","17"
"Alphonse Areola","WHU","G","Drop","1- Black Friday @ Nordi’s","","1","Tue Dec 16, 2025, 9:00PM","17"
"Alex Jiménez","BOU","D","Claim","1 - Bruno’s Big Bean Burritos","0.00","1","Tue Dec 16, 2025, 9:00PM","17"
"Mikel Merino","ARS","M","Claim","1-Floetry in Motion","0.00","1","Tue Dec 16, 2025, 9:00PM","17"
"Trai Hume","SUN","D","Drop","1-Floetry in Motion","","1","Tue Dec 16, 2025, 9:00PM","17"
"Rayan Ait-Nouri","MCI","D","Drop","1 - Bruno’s Big Bean Burritos","","1","Tue Dec 16, 2025, 8:06PM","17"
"Aaron Wan-Bissaka","WHU","D","Drop","1 - Bruno’s Big Bean Burritos","","1","Tue Dec 16, 2025, 8:05PM","17"
"Justin Kluivert","BOU","M","Claim","1 - Bruno’s Big Bean Burritos","","1","Mon Dec 15, 2025, 2:03PM","16"
"Eli Kroupi","BOU","F","Drop","1 - Bruno’s Big Bean Burritos","","1","Mon Dec 15, 2025, 2:03PM","16"
"Micky van de Ven","TOT","D","Drop","1-Daam Daniel","","1","Sun Dec 14, 2025, 3:44PM","17"
"Sean Longstaff","LEE","M","Claim","1-Floetry in Motion","","1","Sun Dec 14, 2025, 10:25AM","16"
"Micky van de Ven","TOT","D","Claim","1-Daam Daniel","","1","Sun Dec 14, 2025, 8:05AM","16"
"Sean Longstaff","LEE","M","Drop","1-Daam Daniel","","1","Sun Dec 14, 2025, 8:05AM","16"
"Sean Longstaff","LEE","M","Claim","1-Daam Daniel","","1","Sun Dec 14, 2025, 8:03AM","16"
"Nathaniel Clyne","CRY","D","Claim","1 - Bruno’s Big Bean Burritos","","1","Sun Dec 14, 2025, 7:56AM","16"
"Callum Hudson-Odoi","NOT","F","Claim","1-Rainy Night at Stoke","","1","Sun Dec 14, 2025, 7:48AM","16"
"Emiliano Buendia","AVL","M","Drop","1-Rainy Night at Stoke","","1","Sun Dec 14, 2025, 7:48AM","16"
"Amadou Onana","AVL","M","Claim","1-The Gyök Gyök 3000","","1","Sun Dec 14, 2025, 12:41AM","16"
"Gabriel Martinelli","ARS","M","Drop","1-Daam Daniel","","1","Sat Dec 13, 2025, 6:03PM","17"
"Ben White","ARS","D","Drop","1-Daam Daniel","","1","Sat Dec 13, 2025, 6:03PM","17"
"Mikel Merino","ARS","M","Drop","1-Floetry in Motion","","1","Sat Dec 13, 2025, 1:56PM","16"
"Gabriel Martinelli","ARS","M","Claim","1-Daam Daniel","","1","Sat Dec 13, 2025, 1:49PM","16"
"Myles Lewis-Skelly","ARS","D","Drop","1-Daam Daniel","","1","Sat Dec 13, 2025, 1:49PM","16"
"Noah Okafor","LEE","F","Claim","1- Black Friday @ Nordi’s","","1","Sat Dec 13, 2025, 11:43AM","16"
"Zian Flemming","BUR","M","Drop","1- Black Friday @ Nordi’s","","1","Sat Dec 13, 2025, 11:43AM","16"
"Timothy Castagne","FUL","D","Drop","1 - Bruno’s Big Bean Burritos","","1","Sat Dec 13, 2025, 11:16AM","16"
"Timothy Castagne","FUL","D","Claim","1 - Bruno’s Big Bean Burritos","","1","Sat Dec 13, 2025, 8:50AM","16"
"Federico Chiesa","LIV","F","Drop","1 - Bruno’s Big Bean Burritos","","1","Sat Dec 13, 2025, 8:50AM","16"
"Maxim De Cuyper","BHA","D","Drop","1-Daam Daniel","","1","Sat Dec 13, 2025, 8:47AM","16"
"Emile Smith Rowe","FUL","M","Claim","1-Daam Daniel","","1","Sat Dec 13, 2025, 7:58AM","16"
"Curtis Jones","LIV","M","Claim","1-Floetry in Motion","","1","Sat Dec 13, 2025, 7:57AM","16"
"Emile Smith Rowe","FUL","M","Drop","1-Floetry in Motion","","1","Sat Dec 13, 2025, 7:57AM","16"
"Curtis Jones","LIV","M","Drop","1-Daam Daniel","","1","Sat Dec 13, 2025, 7:54AM","16"
"Bart Verbruggen","BHA","G","Claim","1-Floetry in Motion","","1","Sat Dec 13, 2025, 5:48AM","16"
"Martin Dubravka","BUR","G","Drop","1-Floetry in Motion","","1","Sat Dec 13, 2025, 5:48AM","16"
"Trai Hume","SUN","D","Claim","1-Floetry in Motion","","1","Sat Dec 13, 2025, 5:23AM","16"
"Callum Hudson-Odoi","NOT","F","Drop","1-Floetry in Motion","","1","Sat Dec 13, 2025, 5:23AM","16"
"Emiliano Buendia","AVL","M","Claim","1-Rainy Night at Stoke","","1","Thu Dec 11, 2025, 9:13PM","16"
"Christantus Uche","CRY","M","Drop","1-Rainy Night at Stoke","","1","Thu Dec 11, 2025, 9:13PM","16"
"Gabriel Jesus","ARS","F","Claim","1 - Absolute Ekitekkers","","1","Thu Dec 11, 2025, 5:41PM","16"
"Jefferson Lerma","CRY","M","Drop","1 - Absolute Ekitekkers","","1","Thu Dec 11, 2025, 5:41PM","16"
"Curtis Jones","LIV","M","Claim","1-Daam Daniel","","1","Thu Dec 11, 2025, 2:23PM","16"
"Christantus Uche","CRY","M","Claim","1-Rainy Night at Stoke","","1","Thu Dec 11, 2025, 2:05PM","16"
"Curtis Jones","LIV","M","Drop","1-Rainy Night at Stoke","","1","Thu Dec 11, 2025, 2:05PM","16"
"Jaydee Canvot","CRY","D","Drop","1-Daam Daniel","","1","Thu Dec 11, 2025, 1:31PM","16"
"Jaydee Canvot","CRY","D","Claim","1-Daam Daniel","","1","Thu Dec 11, 2025, 11:57AM","16"
"Emiliano Martinez","AVL","G","Claim","1-What The Hecke","","1","Wed Dec 10, 2025, 9:11PM","16"
"Matz Sels","NOT","G","Drop","1-What The Hecke","","1","Wed Dec 10, 2025, 9:11PM","16"
"Myles Lewis-Skelly","ARS","D","Claim","1-Daam Daniel","","1","Wed Dec 10, 2025, 5:39PM","16"
"Trai Hume","SUN","D","Drop","1-Daam Daniel","","1","Wed Dec 10, 2025, 2:19PM","16"
"Callum Hudson-Odoi","NOT","F","Claim","1-Floetry in Motion","","1","Wed Dec 10, 2025, 2:33AM","16"
"Nikola Milenkovic","NOT","D","Drop","1-Floetry in Motion","","1","Wed Dec 10, 2025, 2:33AM","16"
"Nathan Collins","BRF","D","Claim","1-Floetry in Motion","","1","Wed Dec 10, 2025, 2:33AM","16"
"Martin Dubravka","BUR","G","Claim","1-Floetry in Motion","","1","Wed Dec 10, 2025, 2:32AM","16"
"Aaron Ramsdale","NEW","G","Drop","1-Floetry in Motion","","1","Wed Dec 10, 2025, 2:32AM","16"
"Lewis Miley","NEW","M","Claim","1 - Bruno’s Big Bean Burritos","","1","Tue Dec 9, 2025, 9:48PM","16"
"Conor Bradley","LIV","D","Drop","1-Daam Daniel","","1","Tue Dec 9, 2025, 9:35PM","16"
"Zian Flemming","BUR","M","Claim","1- Black Friday @ Nordi’s","","1","Tue Dec 9, 2025, 9:04PM","16"
"Daichi Kamada","CRY","M","Drop","1- Black Friday @ Nordi’s","","1","Tue Dec 9, 2025, 9:04PM","16"
"Quilindschy Hartman","BUR","D","Claim","1- Black Friday @ Nordi’s","","1","Tue Dec 9, 2025, 9:04PM","16"
"Charalampos Kostoulas","BHA","F","Drop","1- Black Friday @ Nordi’s","","1","Tue Dec 9, 2025, 9:04PM","16"
"Emile Smith Rowe","FUL","M","Claim","1-Floetry in Motion","0.00","2","Tue Dec 9, 2025, 9:00PM","16"
"Wesley Fofana","CHE","D","Claim","1-Dr. Dioufenshmirtz","0.11","1","Tue Dec 9, 2025, 9:00PM","16"
"Matthijs de Ligt","MUN","D","Claim","1 - Bruno’s Big Bean Burritos","0.50","2","Tue Dec 9, 2025, 9:00PM","16"
"Curtis Jones","LIV","M","Claim","1-Rainy Night at Stoke","0.00","1","Tue Dec 9, 2025, 9:00PM","16"
"Justin Kluivert","BOU","M","Drop","1-Rainy Night at Stoke","","1","Tue Dec 9, 2025, 9:00PM","16"
"Federico Chiesa","LIV","F","Claim","1 - Bruno’s Big Bean Burritos","1.00","1","Tue Dec 9, 2025, 9:00PM","16"
"Nicolo Savona","NOT","D","Drop","1 - Bruno’s Big Bean Burritos","","1","Tue Dec 9, 2025, 7:35PM","16"
"Evann Guessand","CRY","F","Drop","1 - Bruno’s Big Bean Burritos","","1","Tue Dec 9, 2025, 7:34PM","16"
"Noussair Mazraoui","MUN","D","Drop","1-Dr. Dioufenshmirtz","","1","Tue Dec 9, 2025, 11:54AM","16"
"Joshua Zirkzee","MUN","F","Drop","1 - Bruno’s Big Bean Burritos","","1","Mon Dec 8, 2025, 2:54PM","15"
"Noussair Mazraoui","MUN","D","Claim","1-Dr. Dioufenshmirtz","","1","Mon Dec 8, 2025, 2:52PM","15"
"Matthijs de Ligt","MUN","D","Drop","1-Dr. Dioufenshmirtz","","1","Mon Dec 8, 2025, 2:52PM","15"
"Jacob Ramsey","NEW","M","Drop","1-Floetry in Motion","","1","Sun Dec 7, 2025, 7:05PM","16"
"Eddie Nketiah","CRY","F","Claim","1-Diamond Dogs","","1","Sun Dec 7, 2025, 11:03AM","15"
"Ryan Sessegnon","FUL","M","Drop","1-Diamond Dogs","","1","Sun Dec 7, 2025, 11:03AM","15"
"Callum Wilson","WHU","F","Claim","1- Black Friday @ Nordi’s","","1","Sun Dec 7, 2025, 2:38AM","15"
"Carlos Baleba","BHA","M","Drop","1- Black Friday @ Nordi’s","","1","Sun Dec 7, 2025, 2:38AM","15"
"Alphonse Areola","WHU","G","Claim","1- Black Friday @ Nordi’s","","1","Sat Dec 6, 2025, 11:59AM","15"
"Bart Verbruggen","BHA","G","Drop","1- Black Friday @ Nordi’s","","1","Sat Dec 6, 2025, 11:59AM","15"
"Daichi Kamada","CRY","M","Claim","1- Black Friday @ Nordi’s","","1","Sat Dec 6, 2025, 9:54AM","15"
"Quilindschy Hartman","BUR","D","Drop","1- Black Friday @ Nordi’s","","1","Sat Dec 6, 2025, 9:51AM","15"
"Mason Mount","MUN","M","Claim","1 - Bruno’s Big Bean Burritos","","1","Sat Dec 6, 2025, 9:48AM","15"
"Lewis Miley","NEW","M","Drop","1 - Bruno’s Big Bean Burritos","","1","Sat Dec 6, 2025, 9:37AM","15"
"Aaron Wan-Bissaka","WHU","D","Claim","1 - Bruno’s Big Bean Burritos","","1","Sat Dec 6, 2025, 9:35AM","15"
"Florentino Ibrain Morris Luís","BUR","M","Claim","1-What The Hecke","","1","Sat Dec 6, 2025, 9:23AM","15"
"Lukas Nmecha","LEE","F","Drop","1-What The Hecke","","1","Sat Dec 6, 2025, 9:23AM","15"
"Jacob Ramsey","NEW","M","Claim","1-Floetry in Motion","","1","Sat Dec 6, 2025, 8:55AM","15"
"Carlos Alcaraz","EVE","M","Claim","1-DeezRut(ter)z","","1","Sat Dec 6, 2025, 8:52AM","15"
"Bernardo Silva","MCI","M","Drop","1-DeezRut(ter)z","","1","Sat Dec 6, 2025, 8:52AM","15"
"Justin Kluivert","BOU","M","Claim","1-Rainy Night at Stoke","","1","Sat Dec 6, 2025, 8:47AM","15"
"Callum Wilson","WHU","F","Drop","1-Rainy Night at Stoke","","1","Sat Dec 6, 2025, 8:47AM","15"
"Aaron Ramsdale","NEW","G","Claim","1-Floetry in Motion","","1","Sat Dec 6, 2025, 8:47AM","15"
"Martin Dubravka","BUR","G","Drop","1-Floetry in Motion","","1","Sat Dec 6, 2025, 8:47AM","15"
"Dwight McNeil","EVE","M","Drop","1-Floetry in Motion","","1","Sat Dec 6, 2025, 8:46AM","15"
"Callum Hudson-Odoi","NOT","F","Drop","1-Floetry in Motion","","1","Sat Dec 6, 2025, 8:46AM","15"
"Charalampos Kostoulas","BHA","F","Claim","1- Black Friday @ Nordi’s","","1","Fri Dec 5, 2025, 8:09PM","15"
"Jorgen Strand Larsen","CRY","F","Drop","1- Black Friday @ Nordi’s","","1","Fri Dec 5, 2025, 8:09PM","15"
"Carlos Baleba","BHA","M","Claim","1- Black Friday @ Nordi’s","","1","Fri Dec 5, 2025, 8:06PM","15"
"Gabriel Martinelli","ARS","M","Drop","1- Black Friday @ Nordi’s","","1","Fri Dec 5, 2025, 8:06PM","15"
"Bart Verbruggen","BHA","G","Claim","1- Black Friday @ Nordi’s","","1","Fri Dec 5, 2025, 12:31PM","15"
"Lucas Perri","LEE","G","Drop","1- Black Friday @ Nordi’s","","1","Fri Dec 5, 2025, 12:31PM","15"
"Richarlison","TOT","F","Claim","1-What The Hecke","","1","Fri Dec 5, 2025, 8:42AM","15"
"Zian Flemming","BUR","M","Drop","1-What The Hecke","","1","Fri Dec 5, 2025, 8:42AM","15"
"Matz Sels","NOT","G","Claim","1-What The Hecke","","1","Fri Dec 5, 2025, 8:41AM","15"
"Djordje Petrovic","BOU","G","Drop","1-What The Hecke","","1","Fri Dec 5, 2025, 8:41AM","15"
"Dwight McNeil","EVE","M","Claim","1-Floetry in Motion","","1","Thu Dec 4, 2025, 9:15PM","15"
"Aaron Wan-Bissaka","WHU","D","Drop","1-Floetry in Motion","","1","Thu Dec 4, 2025, 9:15PM","15"
"Aaron Wan-Bissaka","WHU","D","Claim","1-Floetry in Motion","","1","Thu Dec 4, 2025, 9:13PM","15"
"Nikola Milenkovic","NOT","D","Claim","1-Floetry in Motion","","1","Thu Dec 4, 2025, 9:13PM","15"
"Lewis Miley","NEW","M","Claim","1 - Bruno’s Big Bean Burritos","","1","Thu Dec 4, 2025, 9:01PM","15"
"Veljko Milosavljevic","BOU","D","Drop","1 - Bruno’s Big Bean Burritos","","1","Thu Dec 4, 2025, 9:01PM","15"
"Dejan Kulusevski","TOT","M","Claim","1-Daam Daniel","","1","Thu Dec 4, 2025, 9:01PM","15"
"Conor Bradley","LIV","D","Claim","1-Daam Daniel","0.00","5","Thu Dec 4, 2025, 9:00PM","15"
"Omar Alderete","SUN","D","Claim","1-Daam Daniel","0.00","4","Thu Dec 4, 2025, 9:00PM","15"
"Trai Hume","SUN","D","Claim","1-Daam Daniel","0.01","3","Thu Dec 4, 2025, 9:00PM","15"
"Brenden Aaronson","LEE","M","Claim","1-DeezRut(ter)z","1.10","2","Thu Dec 4, 2025, 9:00PM","15"
"Micky van de Ven","TOT","D","Drop","1-DeezRut(ter)z","","2","Thu Dec 4, 2025, 9:00PM","15"
"Alejandro Garnacho","CHE","M","Claim","1-Dr. Dioufenshmirtz","0.55","2","Thu Dec 4, 2025, 9:00PM","15"
"Anton Stach","LEE","M","Claim","1-Dr. Dioufenshmirtz","1.05","1","Thu Dec 4, 2025, 9:00PM","15"
"Callum Wilson","WHU","F","Claim","1-Rainy Night at Stoke","0.05","1","Thu Dec 4, 2025, 9:00PM","15"
"Stefanos Tzimas","BHA","F","Drop","1-Rainy Night at Stoke","","1","Thu Dec 4, 2025, 9:00PM","15"
"El Hadji Malick Diouf","WHU","M","Claim","1-DeezRut(ter)z","3.00","1","Thu Dec 4, 2025, 9:00PM","15"
"Ao Tanaka","LEE","M","Drop","1-DeezRut(ter)z","","1","Thu Dec 4, 2025, 9:00PM","15"
"Carlos Alcaraz","EVE","M","Drop","1-Daam Daniel","","1","Thu Dec 4, 2025, 8:18PM","15"
"Daichi Kamada","CRY","M","Drop","1-Daam Daniel","","1","Thu Dec 4, 2025, 8:11PM","15"
"Tosin Adarabioyo","CHE","D","Drop","1-Dr. Dioufenshmirtz","","1","Thu Dec 4, 2025, 8:08PM","15"
"Tomas Soucek","WHU","M","Drop","1-Dr. Dioufenshmirtz","","1","Thu Dec 4, 2025, 4:56PM","15"
"Tomas Soucek","WHU","M","Claim","1-Dr. Dioufenshmirtz","","1","Thu Dec 4, 2025, 2:15PM","14"
"Mason Mount","MUN","M","Drop","1-Dr. Dioufenshmirtz","","1","Thu Dec 4, 2025, 2:15PM","14"
"Douglas Luiz","AVL","M","Drop","1 - Bruno’s Big Bean Burritos","","1","Thu Dec 4, 2025, 9:05AM","15"
"Jamie Gittens","CHE","F","Drop","1-Daam Daniel","","1","Wed Dec 3, 2025, 6:57PM","15"
"John McGinn","AVL","M","Drop","1-Floetry in Motion","","1","Wed Dec 3, 2025, 6:56PM","15"
"Cristhian Mosquera","ARS","D","Drop","1-Daam Daniel","","1","Wed Dec 3, 2025, 6:55PM","15"
"Ao Tanaka","LEE","M","Claim","1-DeezRut(ter)z","","1","Wed Dec 3, 2025, 2:51PM","14"
"Brenden Aaronson","LEE","M","Drop","1-DeezRut(ter)z","","1","Wed Dec 3, 2025, 2:51PM","14"
"Wilson Isidor","SUN","F","Drop","1-The Gyök Gyök 3000","","1","Wed Dec 3, 2025, 2:42PM","14"
"John McGinn","AVL","M","Claim","1-Floetry in Motion","","1","Wed Dec 3, 2025, 2:24PM","14"
"Nathan Collins","BRF","D","Drop","1-Floetry in Motion","","1","Wed Dec 3, 2025, 2:24PM","14"
"Dominic Calvert-Lewin","LEE","F","Claim","1-Floetry in Motion","","1","Wed Dec 3, 2025, 2:23PM","14"
"Lucas Perri","LEE","G","Claim","1- Black Friday @ Nordi’s","","1","Wed Dec 3, 2025, 2:20PM","14"
"Matz Sels","NOT","G","Drop","1- Black Friday @ Nordi’s","","1","Wed Dec 3, 2025, 2:20PM","14"
"Tosin Adarabioyo","CHE","D","Claim","1-Dr. Dioufenshmirtz","","1","Wed Dec 3, 2025, 2:19PM","14"
"Stefanos Tzimas","BHA","F","Claim","1-Rainy Night at Stoke","","1","Wed Dec 3, 2025, 2:16PM","14"
"John McGinn","AVL","M","Drop","1-Rainy Night at Stoke","","1","Wed Dec 3, 2025, 2:16PM","14"
"Sean Longstaff","LEE","M","Drop","1-Dr. Dioufenshmirtz","","1","Wed Dec 3, 2025, 2:14PM","14"
"Cristhian Mosquera","ARS","D","Claim","1-Daam Daniel","","1","Wed Dec 3, 2025, 2:13PM","14"
"Omar Alderete","SUN","D","Drop","1-Daam Daniel","","1","Wed Dec 3, 2025, 2:12PM","14"
"Zian Flemming","BUR","M","Claim","1-What The Hecke","","1","Wed Dec 3, 2025, 2:11PM","14"
"Wesley Fofana","CHE","D","Drop","1-What The Hecke","","1","Wed Dec 3, 2025, 2:11PM","14"
"John McGinn","AVL","M","Claim","1-Rainy Night at Stoke","","1","Wed Dec 3, 2025, 2:07PM","14"
"Alejandro Garnacho","CHE","M","Drop","1-Rainy Night at Stoke","","1","Wed Dec 3, 2025, 2:06PM","14"
"Daichi Kamada","CRY","M","Claim","1-Daam Daniel","","1","Wed Dec 3, 2025, 1:26PM","14"
"Anton Stach","LEE","M","Drop","1-Daam Daniel","","1","Wed Dec 3, 2025, 1:26PM","14"
"Jefferson Lerma","CRY","M","Claim","1 - Absolute Ekitekkers","","1","Wed Dec 3, 2025, 1:26PM","14"
"Marshall Munetsi","WOL","M","Drop","1 - Absolute Ekitekkers","","1","Wed Dec 3, 2025, 1:26PM","14"
"Evann Guessand","CRY","F","Claim","1 - Bruno’s Big Bean Burritos","","1","Wed Dec 3, 2025, 1:25PM","14"
"Daichi Kamada","CRY","M","Drop","1 - Bruno’s Big Bean Burritos","","1","Wed Dec 3, 2025, 1:25PM","14"
"Daichi Kamada","CRY","M","Claim","1 - Bruno’s Big Bean Burritos","","1","Wed Dec 3, 2025, 1:21PM","14"
"Trai Hume","SUN","D","Drop","1 - Bruno’s Big Bean Burritos","","1","Wed Dec 3, 2025, 1:21PM","14"
"Ian Maatsen","AVL","D","Claim","1-DeezRut(ter)z","","1","Wed Dec 3, 2025, 1:17PM","14"
"Emiliano Buendia","AVL","M","Drop","1-DeezRut(ter)z","","1","Wed Dec 3, 2025, 1:17PM","14"
"Ben White","ARS","D","Claim","1-Daam Daniel","","1","Wed Dec 3, 2025, 1:14PM","14"
"Jaydee Canvot","CRY","D","Drop","1-Daam Daniel","","1","Wed Dec 3, 2025, 1:14PM","14"
"Piero Hincapié","ARS","D","Claim","1-Daam Daniel","","1","Wed Dec 3, 2025, 9:11AM","14"
"Eddie Nketiah","CRY","F","Drop","1-Daam Daniel","","1","Wed Dec 3, 2025, 9:11AM","14"
"Destiny Udogie","TOT","D","Claim","1-Diamond Dogs","","1","Tue Dec 2, 2025, 2:15PM","14"
"Richarlison","TOT","F","Drop","1-Diamond Dogs","","1","Tue Dec 2, 2025, 2:15PM","14"
"Pape Sarr","TOT","M","Claim","1-Diamond Dogs","","1","Tue Dec 2, 2025, 2:14PM","14"
"Conor Bradley","LIV","D","Drop","1-Diamond Dogs","","1","Tue Dec 2, 2025, 2:14PM","14"
"Rodrigo Bentancur","TOT","M","Claim","1 - Absolute Ekitekkers","","1","Tue Dec 2, 2025, 2:10PM","14"
"Sepp van den Berg","BRF","D","Drop","1 - Absolute Ekitekkers","","1","Tue Dec 2, 2025, 2:10PM","14"
"Tyler Adams","BOU","M","Claim","1-Diamond Dogs","","1","Tue Dec 2, 2025, 2:09PM","14"
"Ryan Christie","BOU","M","Drop","1-Diamond Dogs","","1","Tue Dec 2, 2025, 2:09PM","14"
"Lewis Cook","BOU","M","Drop","1-Floetry in Motion","","1","Tue Dec 2, 2025, 1:31PM","14"
"Mason Mount","MUN","M","Claim","1-Dr. Dioufenshmirtz","","1","Tue Dec 2, 2025, 1:22PM","14"
"El Hadji Malick Diouf","WHU","M","Drop","1-Dr. Dioufenshmirtz","","1","Tue Dec 2, 2025, 1:22PM","14"
"Veljko Milosavljevic","BOU","D","Claim","1 - Bruno’s Big Bean Burritos","","1","Tue Dec 2, 2025, 1:20PM","14"
"Mason Mount","MUN","M","Drop","1 - Bruno’s Big Bean Burritos","","1","Tue Dec 2, 2025, 1:20PM","14"
"Djordje Petrovic","BOU","G","Claim","1-What The Hecke","","1","Tue Dec 2, 2025, 12:44PM","14"
"Justin Kluivert","BOU","M","Drop","1-What The Hecke","","1","Tue Dec 2, 2025, 12:44PM","14"
"Diogo Dalot","MUN","D","Claim","1 - Bruno’s Big Bean Burritos","","1","Tue Dec 2, 2025, 12:39PM","14"
"David Møller Wolfe","WOL","D","Drop","1 - Bruno’s Big Bean Burritos","","1","Tue Dec 2, 2025, 12:39PM","14"
"Maxim De Cuyper","BHA","D","Claim","1-Daam Daniel","","1","Tue Dec 2, 2025, 12:28PM","14"
"Diogo Dalot","MUN","D","Drop","1-Daam Daniel","","1","Tue Dec 2, 2025, 12:28PM","14"
"Carlos Alcaraz","EVE","M","Claim","1-Daam Daniel","","1","Mon Dec 1, 2025, 9:12PM","14"
"Diogo Dalot","MUN","D","Claim","1-Daam Daniel","","1","Mon Dec 1, 2025, 9:11PM","14"
"Dejan Kulusevski","TOT","M","Drop","1-Daam Daniel","","1","Mon Dec 1, 2025, 9:10PM","14"
"Nikola Milenkovic","NOT","D","Drop","1-Daam Daniel","","1","Mon Dec 1, 2025, 9:08PM","14"
"Eddie Nketiah","CRY","F","Claim","1-Daam Daniel","","1","Mon Dec 1, 2025, 9:04PM","14"
"Donyell Malen","AVL","F","Drop","1-Daam Daniel","","1","Mon Dec 1, 2025, 9:04PM","14"
"Jaydee Canvot","CRY","D","Claim","1-Daam Daniel","","1","Mon Dec 1, 2025, 9:02PM","14"
"Omari Hutchinson","NOT","F","Claim","1-Dr. Dioufenshmirtz","0.02","2","Mon Dec 1, 2025, 9:00PM","14"
"Aaron Hickey","BRF","D","Drop","1-Dr. Dioufenshmirtz","","2","Mon Dec 1, 2025, 9:00PM","14"
"Lukas Nmecha","LEE","F","Claim","1-What The Hecke","0.00","1","Mon Dec 1, 2025, 9:00PM","14"
"Emiliano Martinez","AVL","G","Drop","1-What The Hecke","","1","Mon Dec 1, 2025, 9:00PM","14"
"Callum Hudson-Odoi","NOT","F","Claim","1-Floetry in Motion","0.05","1","Mon Dec 1, 2025, 9:00PM","14"
"Marshall Munetsi","WOL","M","Claim","1 - Absolute Ekitekkers","0.00","1","Mon Dec 1, 2025, 9:00PM","14"
"Giorgi Mamardashvili","LIV","G","Drop","1 - Absolute Ekitekkers","","1","Mon Dec 1, 2025, 9:00PM","14"
"Mason Mount","MUN","M","Claim","1 - Bruno’s Big Bean Burritos","0.50","1","Mon Dec 1, 2025, 9:00PM","14"
"Callum Wilson","WHU","F","Drop","1 - Bruno’s Big Bean Burritos","","1","Mon Dec 1, 2025, 9:00PM","14"
"Piero Hincapié","ARS","D","Drop","1-Daam Daniel","","1","Sun Nov 30, 2025, 1:08PM","14"
"Dan Ndoye","NOT","F","Drop","1-Floetry in Motion","","1","Sun Nov 30, 2025, 11:02AM","14"
"Jamie Gittens","CHE","F","Claim","1-Daam Daniel","","1","Sun Nov 30, 2025, 8:25AM","13"
"Joseph Gomez","LIV","D","Drop","1-Daam Daniel","","1","Sun Nov 30, 2025, 8:25AM","13"
"Dan Ndoye","NOT","F","Claim","1-Floetry in Motion","","1","Sun Nov 30, 2025, 8:13AM","13"
"Callum Hudson-Odoi","NOT","F","Drop","1-Floetry in Motion","","1","Sun Nov 30, 2025, 8:09AM","13"
"Omari Hutchinson","NOT","F","Drop","1-Floetry in Motion","","1","Sun Nov 30, 2025, 8:07AM","13"
"Nikola Milenkovic","NOT","D","Claim","1-Daam Daniel","","1","Sun Nov 30, 2025, 7:55AM","13"
"Federico Chiesa","LIV","F","Drop","1-Daam Daniel","","1","Sun Nov 30, 2025, 7:55AM","13"
"Federico Chiesa","LIV","F","Claim","1-Daam Daniel","","1","Sun Nov 30, 2025, 7:51AM","13"
"Nikola Milenkovic","NOT","D","Drop","1-Daam Daniel","","1","Sun Nov 30, 2025, 7:51AM","13"
"Emiliano Martinez","AVL","G","Claim","1-What The Hecke","","1","Sat Nov 29, 2025, 12:26PM","13"
"Marshall Munetsi","WOL","M","Drop","1-What The Hecke","","1","Sat Nov 29, 2025, 12:26PM","13"
"Micky van de Ven","TOT","D","Claim","1-DeezRut(ter)z","","1","Sat Nov 29, 2025, 9:23AM","13"
"Yasin Ayari","BHA","M","Drop","1-DeezRut(ter)z","","1","Sat Nov 29, 2025, 9:23AM","13"
"David Møller Wolfe","WOL","D","Claim","1 - Bruno’s Big Bean Burritos","","1","Sat Nov 29, 2025, 9:00AM","13"
"Zian Flemming","BUR","M","Drop","1 - Bruno’s Big Bean Burritos","","1","Sat Nov 29, 2025, 9:00AM","13"
"Nathan Collins","BRF","D","Claim","1-Floetry in Motion","","1","Sat Nov 29, 2025, 8:57AM","13"
"Aaron Wan-Bissaka","WHU","D","Drop","1-Floetry in Motion","","1","Sat Nov 29, 2025, 8:57AM","13"
"Zian Flemming","BUR","M","Claim","1 - Bruno’s Big Bean Burritos","","1","Sat Nov 29, 2025, 8:53AM","13"
"Freddie Potts","WHU","M","Drop","1 - Bruno’s Big Bean Burritos","","1","Sat Nov 29, 2025, 8:53AM","13"
"Amine Adli","BOU","F","Claim","1 - Bruno’s Big Bean Burritos","","1","Sat Nov 29, 2025, 8:52AM","13"
"Evann Guessand","CRY","F","Drop","1 - Bruno’s Big Bean Burritos","","1","Sat Nov 29, 2025, 8:52AM","13"
"Aaron Hickey","BRF","D","Claim","1-Dr. Dioufenshmirtz","","1","Sat Nov 29, 2025, 8:46AM","13"
"Kristoffer Ajer","BRF","D","Drop","1-Dr. Dioufenshmirtz","","1","Sat Nov 29, 2025, 8:46AM","13"
"Anton Stach","LEE","M","Claim","1-Daam Daniel","","1","Thu Nov 27, 2025, 9:02PM","13"
"Nathan Collins","BRF","D","Drop","1-Daam Daniel","","1","Thu Nov 27, 2025, 9:02PM","13"
"Nico González","MCI","M","Claim","1-Diamond Dogs","0.00","1","Thu Nov 27, 2025, 9:00PM","13"
"Pape Sarr","TOT","M","Drop","1-Diamond Dogs","","1","Thu Nov 27, 2025, 9:00PM","13"
"Nikola Milenkovic","NOT","D","Claim","1-Daam Daniel","","1","Thu Nov 27, 2025, 6:31PM","13"
"Federico Chiesa","LIV","F","Drop","1-Daam Daniel","","1","Thu Nov 27, 2025, 6:31PM","13"
"Federico Chiesa","LIV","F","Claim","1-Daam Daniel","","1","Thu Nov 27, 2025, 4:24PM","13"
"Joshua Zirkzee","MUN","F","Claim","1 - Bruno’s Big Bean Burritos","","1","Thu Nov 27, 2025, 1:56PM","13"
"Jamie Gittens","CHE","F","Drop","1 - Bruno’s Big Bean Burritos","","1","Thu Nov 27, 2025, 1:56PM","13"
"Callum Wilson","WHU","F","Claim","1 - Bruno’s Big Bean Burritos","","1","Thu Nov 27, 2025, 1:55PM","13"
"Ferdi Kadioglu","BHA","D","Drop","1 - Bruno’s Big Bean Burritos","","1","Thu Nov 27, 2025, 1:55PM","13"
"Joseph Gomez","LIV","D","Claim","1-Daam Daniel","","1","Wed Nov 26, 2025, 4:34PM","13"
"Gabriel Martinelli","ARS","M","Claim","1- Black Friday @ Nordi’s","","1","Wed Nov 26, 2025, 4:27PM","13"
"Oscar Bobb","FUL","M","Drop","1- Black Friday @ Nordi’s","","1","Wed Nov 26, 2025, 4:27PM","13"
"Oscar Bobb","FUL","M","Claim","1- Black Friday @ Nordi’s","","1","Wed Nov 26, 2025, 4:27PM","13"
"Diego Gómez","BHA","M","Claim","1-Diamond Dogs","","1","Wed Nov 26, 2025, 2:04PM","13"
"Ehor Yarmolyuk","BRF","M","Drop","1-Diamond Dogs","","1","Wed Nov 26, 2025, 2:04PM","13"
"Thierno Barry","EVE","F","Claim","1- Black Friday @ Nordi’s","","1","Tue Nov 25, 2025, 10:20PM","13"
"Nico González","MCI","M","Drop","1- Black Friday @ Nordi’s","","1","Tue Nov 25, 2025, 10:20PM","13"
"Matz Sels","NOT","G","Claim","1- Black Friday @ Nordi’s","","1","Tue Nov 25, 2025, 9:05PM","13"
"Bernd Leno","FUL","G","Drop","1- Black Friday @ Nordi’s","","1","Tue Nov 25, 2025, 9:05PM","13"
"Samuel Chukwueze","FUL","F","Claim","1-Daam Daniel","","1","Tue Nov 25, 2025, 9:02PM","13"
"Curtis Jones","LIV","M","Drop","1-Daam Daniel","","1","Tue Nov 25, 2025, 9:01PM","13"
"Djordje Petrovic","BOU","G","Drop","1-Daam Daniel","","1","Tue Nov 25, 2025, 9:01PM","13"
"Donyell Malen","AVL","F","Claim","1-Daam Daniel","0.00","3","Tue Nov 25, 2025, 9:00PM","13"
"Omari Hutchinson","NOT","F","Claim","1-Floetry in Motion","0.00","3","Tue Nov 25, 2025, 9:00PM","13"
"Dan Ndoye","NOT","F","Drop","1-Floetry in Motion","","3","Tue Nov 25, 2025, 9:00PM","13"
"Nathan Collins","BRF","D","Claim","1-Daam Daniel","0.00","2","Tue Nov 25, 2025, 9:00PM","13"
"Lewis Cook","BOU","M","Claim","1-Floetry in Motion","1.50","1","Tue Nov 25, 2025, 9:00PM","13"
"Anton Stach","LEE","M","Drop","1-Floetry in Motion","","1","Tue Nov 25, 2025, 9:00PM","13"
"Jordan Pickford","EVE","G","Claim","1-Daam Daniel","0.00","1","Tue Nov 25, 2025, 9:00PM","13"
"Kristoffer Ajer","BRF","D","Claim","1-Dr. Dioufenshmirtz","0.01","1","Tue Nov 25, 2025, 9:00PM","13"
"Diego Gómez","BHA","M","Drop","1-Daam Daniel","","1","Tue Nov 25, 2025, 10:30AM","13"
"Noah Okafor","LEE","F","Drop","1-Daam Daniel","","1","Mon Nov 24, 2025, 7:52PM","13"
"Cristhian Mosquera","ARS","D","Drop","1-Daam Daniel","","1","Sun Nov 23, 2025, 10:25AM","12"
"Alex Scott","BOU","M","Drop","1-Dr. Dioufenshmirtz","","1","Sun Nov 23, 2025, 9:42AM","13"
"Bafode Diakité","BOU","D","Drop","1-Daam Daniel","","1","Sat Nov 22, 2025, 2:03PM","13"
"Bernardo Silva","MCI","M","Claim","1-DeezRut(ter)z","","1","Sat Nov 22, 2025, 11:51AM","12"
"Micky van de Ven","TOT","D","Drop","1-DeezRut(ter)z","","1","Sat Nov 22, 2025, 11:51AM","12"
"Harvey Barnes","NEW","M","Claim","1-What The Hecke","","1","Sat Nov 22, 2025, 9:22AM","12"
"Tomas Soucek","WHU","M","Drop","1-What The Hecke","","1","Sat Nov 22, 2025, 9:22AM","12"
"Bafode Diakité","BOU","D","Claim","1-Daam Daniel","","1","Sat Nov 22, 2025, 8:52AM","12"
"Ferdi Kadioglu","BHA","D","Claim","1 - Bruno’s Big Bean Burritos","","1","Sat Nov 22, 2025, 8:49AM","12"
"Bafode Diakité","BOU","D","Drop","1 - Bruno’s Big Bean Burritos","","1","Sat Nov 22, 2025, 8:49AM","12"
"Hugo Bueno","WOL","D","Drop","1-Daam Daniel","","1","Sat Nov 22, 2025, 8:48AM","12"
"Bafode Diakité","BOU","D","Claim","1 - Bruno’s Big Bean Burritos","","1","Sat Nov 22, 2025, 8:47AM","12"
"Veljko Milosavljevic","BOU","D","Drop","1 - Bruno’s Big Bean Burritos","","1","Sat Nov 22, 2025, 8:47AM","12"
"Matthijs de Ligt","MUN","D","Claim","1-Dr. Dioufenshmirtz","","1","Sat Nov 22, 2025, 8:46AM","12"
"Aaron Hickey","BRF","D","Drop","1-Dr. Dioufenshmirtz","","1","Sat Nov 22, 2025, 8:46AM","12"
"Pape Sarr","TOT","M","Claim","1-Diamond Dogs","","1","Sat Nov 22, 2025, 8:03AM","12"
"Diogo Dalot","MUN","D","Drop","1-Diamond Dogs","","1","Sat Nov 22, 2025, 8:03AM","12"
"Jamie Gittens","CHE","F","Claim","1 - Bruno’s Big Bean Burritos","","1","Sat Nov 22, 2025, 6:21AM","12"
"Zian Flemming","BUR","M","Drop","1 - Bruno’s Big Bean Burritos","","1","Sat Nov 22, 2025, 6:21AM","12"
"Curtis Jones","LIV","M","Claim","1-Daam Daniel","","1","Fri Nov 21, 2025, 9:13AM","12"
"Jaydee Canvot","CRY","D","Drop","1-Daam Daniel","","1","Fri Nov 21, 2025, 9:13AM","12"
"Richarlison","TOT","F","Claim","1-Diamond Dogs","","1","Fri Nov 21, 2025, 7:45AM","12"
"Pape Sarr","TOT","M","Drop","1-Diamond Dogs","","1","Fri Nov 21, 2025, 7:45AM","12"
"Mikel Merino","ARS","M","Claim","1-Floetry in Motion","0.00","1","Thu Nov 20, 2025, 9:00PM","12"
"Dominic Calvert-Lewin","LEE","F","Drop","1-Floetry in Motion","","1","Thu Nov 20, 2025, 9:00PM","12"
"Dejan Kulusevski","TOT","M","Claim","1-Daam Daniel","","1","Thu Nov 20, 2025, 1:46PM","12"
"Nikola Milenkovic","NOT","D","Drop","1-Daam Daniel","","1","Thu Nov 20, 2025, 1:46PM","12"
"Pape Sarr","TOT","M","Claim","1-Diamond Dogs","","1","Wed Nov 19, 2025, 8:06PM","12"
"Tyler Adams","BOU","M","Drop","1-Diamond Dogs","","1","Wed Nov 19, 2025, 8:06PM","12"
"Piero Hincapié","ARS","D","Claim","1-Daam Daniel","","1","Tue Nov 18, 2025, 9:21PM","12"
"Mikel Merino","ARS","M","Drop","1-Daam Daniel","","1","Tue Nov 18, 2025, 9:21PM","12"
"Alex Scott","BOU","M","Claim","1-Dr. Dioufenshmirtz","0.00","5","Tue Nov 18, 2025, 9:00PM","12"
"Aaron Hickey","BRF","D","Claim","1-Dr. Dioufenshmirtz","0.00","3","Tue Nov 18, 2025, 9:00PM","12"
"Bernd Leno","FUL","G","Claim","1- Black Friday @ Nordi’s","0.00","2","Tue Nov 18, 2025, 9:00PM","12"
"Senne Lammens","MUN","G","Drop","1- Black Friday @ Nordi’s","","2","Tue Nov 18, 2025, 9:00PM","12"
"Kenny Tete","FUL","D","Claim","1-Rainy Night at Stoke","0.50","4","Tue Nov 18, 2025, 9:00PM","12"
"Matthijs de Ligt","MUN","D","Drop","1-Rainy Night at Stoke","","4","Tue Nov 18, 2025, 9:00PM","12"
"Nico González","MCI","M","Claim","1- Black Friday @ Nordi’s","0.75","1","Tue Nov 18, 2025, 9:00PM","12"
"Michael Kayode","BRF","D","Claim","1-Rainy Night at Stoke","0.75","1","Tue Nov 18, 2025, 9:00PM","12"
"Harvey Barnes","NEW","M","Drop","1-Rainy Night at Stoke","","1","Tue Nov 18, 2025, 9:00PM","12"
"Cristhian Mosquera","ARS","D","Claim","1-Daam Daniel","0.07","1","Tue Nov 18, 2025, 9:00PM","12"
"Tomas Soucek","WHU","M","Claim","1-What The Hecke","0.00","1","Tue Nov 18, 2025, 9:00PM","12"
"Tyrone Mings","AVL","D","Drop","1-What The Hecke","","1","Tue Nov 18, 2025, 9:00PM","12"
"Kristoffer Ajer","BRF","D","Drop","1-Dr. Dioufenshmirtz","","1","Tue Nov 18, 2025, 8:56PM","12"
"Crysencio Summerville","WHU","M","Drop","1-Dr. Dioufenshmirtz","","1","Tue Nov 18, 2025, 8:11PM","12"
"Rodrigo Muniz","FUL","F","Drop","1- Black Friday @ Nordi’s","","1","Sat Nov 15, 2025, 12:40PM","12"
"Max Kilman","WHU","D","Drop","1-Daam Daniel","","1","Sun Nov 9, 2025, 5:33PM","12"
"Pape Sarr","TOT","M","Drop","1 - Absolute Ekitekkers","","1","Sun Nov 9, 2025, 2:28PM","12"
"Sepp van den Berg","BRF","D","Claim","1 - Absolute Ekitekkers","","1","Sun Nov 9, 2025, 8:56AM","11"
"Jaydee Canvot","CRY","D","Claim","1-Daam Daniel","","1","Sun Nov 9, 2025, 7:59AM","11"
"Veljko Milosavljevic","BOU","D","Claim","1 - Bruno’s Big Bean Burritos","","1","Sun Nov 9, 2025, 7:58AM","11"
"Michael Kayode","BRF","D","Drop","1 - Bruno’s Big Bean Burritos","","1","Sun Nov 9, 2025, 7:58AM","11"
"Nikola Milenkovic","NOT","D","Claim","1-Daam Daniel","","1","Sun Nov 9, 2025, 7:50AM","11"
"Marc Guiu","CHE","F","Drop","1 - Moises parts the Red Seamen","","1","Sat Nov 8, 2025, 9:53AM","11"
"Vitalii Mykolenko","EVE","D","Claim","1 - Moises parts the Red Seamen","","1","Sat Nov 8, 2025, 9:53AM","11"
"Jake O'Brien","EVE","D","Drop","1 - Moises parts the Red Seamen","","1","Sat Nov 8, 2025, 9:53AM","11"
"Zian Flemming","BUR","M","Claim","1 - Bruno’s Big Bean Burritos","","1","Sat Nov 8, 2025, 8:47AM","11"
"Callum Wilson","WHU","F","Drop","1 - Bruno’s Big Bean Burritos","","1","Sat Nov 8, 2025, 8:47AM","11"
"Callum Wilson","WHU","F","Claim","1 - Bruno’s Big Bean Burritos","","1","Sat Nov 8, 2025, 8:45AM","11"
"Beto","EVE","F","Drop","1 - Bruno’s Big Bean Burritos","","1","Sat Nov 8, 2025, 8:45AM","11"
"Nicolo Savona","NOT","D","Claim","1 - Bruno’s Big Bean Burritos","","1","Sat Nov 8, 2025, 7:51AM","11"
"Freddie Potts","WHU","M","Claim","1 - Bruno’s Big Bean Burritos","","1","Sat Nov 8, 2025, 7:48AM","11"
"Nico O'Reilly","MCI","M","Claim","1 - Bruno’s Big Bean Burritos","","1","Sat Nov 8, 2025, 7:47AM","11"
"Nico O'Reilly","MCI","M","Drop","1- Black Friday @ Nordi’s","","1","Sat Nov 8, 2025, 2:50AM","11"
"Anton Stach","LEE","M","Claim","1-Floetry in Motion","","1","Fri Nov 7, 2025, 10:26PM","11"
"Dejan Kulusevski","TOT","M","Drop","1-Floetry in Motion","","1","Fri Nov 7, 2025, 10:26PM","11"
"Yasin Ayari","BHA","M","Claim","1-DeezRut(ter)z","","1","Fri Nov 7, 2025, 7:33PM","11"
"Reinildo Isnard Mandava","SUN","D","Drop","1-DeezRut(ter)z","","1","Fri Nov 7, 2025, 7:33PM","11"
"Nathan Collins","BRF","D","Drop","1-Daam Daniel","","1","Fri Nov 7, 2025, 4:45PM","11"
"Diego Gómez","BHA","M","Claim","1-Daam Daniel","","1","Fri Nov 7, 2025, 4:42PM","11"
"Max Kilman","WHU","D","Claim","1-Daam Daniel","","1","Fri Nov 7, 2025, 4:38PM","11"
"Max Kilman","WHU","D","Drop","1-Daam Daniel","","1","Fri Nov 7, 2025, 12:37PM","11"
"Youri Tielemans","AVL","M","Claim","1-Dr. Dioufenshmirtz","","1","Thu Nov 6, 2025, 12:05PM","11"
"Santiago Bueno","WOL","D","Drop","1-Dr. Dioufenshmirtz","","1","Thu Nov 6, 2025, 12:04PM","11"
"Harvey Barnes","NEW","M","Claim","1-Rainy Night at Stoke","","1","Wed Nov 5, 2025, 4:44PM","11"
"Kenny Tete","FUL","D","Drop","1-Rainy Night at Stoke","","1","Wed Nov 5, 2025, 4:44PM","11"
"Crysencio Summerville","WHU","M","Claim","1-Dr. Dioufenshmirtz","","1","Wed Nov 5, 2025, 4:35PM","11"
"Rodrigo Bentancur","TOT","M","Drop","1-Dr. Dioufenshmirtz","","1","Wed Nov 5, 2025, 4:35PM","11"
"Nico O'Reilly","MCI","M","Claim","1- Black Friday @ Nordi’s","","1","Wed Nov 5, 2025, 3:45PM","11"
"Oscar Bobb","FUL","M","Drop","1- Black Friday @ Nordi’s","","1","Wed Nov 5, 2025, 3:45PM","11"
"Zian Flemming","BUR","M","Drop","1-Daam Daniel","","1","Wed Nov 5, 2025, 10:49AM","11"
"Yasin Ayari","BHA","M","Drop","1-Daam Daniel","","1","Wed Nov 5, 2025, 10:49AM","11"
"Max Kilman","WHU","D","Claim","1-Daam Daniel","","1","Wed Nov 5, 2025, 10:48AM","11"
"Kenny Tete","FUL","D","Claim","1-Rainy Night at Stoke","0.00","5","Tue Nov 4, 2025, 9:00PM","11"
"Bertrand Traore","SUN","M","Drop","1-Rainy Night at Stoke","","5","Tue Nov 4, 2025, 9:00PM","11"
"Mateus Goncalo Espanha Fernandes","WHU","M","Claim","1-Rainy Night at Stoke","0.00","2","Tue Nov 4, 2025, 9:00PM","11"
"Jhon Arias","WOL","M","Drop","1-Rainy Night at Stoke","","2","Tue Nov 4, 2025, 9:00PM","11"
"Andrew Robertson","LIV","D","Claim","1-Diamond Dogs","0.00","1","Tue Nov 4, 2025, 9:00PM","11"
"Jacob Bruun Larsen","BUR","F","Drop","1-Diamond Dogs","","1","Tue Nov 4, 2025, 9:00PM","11"
"Mikel Merino","ARS","M","Claim","1-Daam Daniel","0.05","1","Tue Nov 4, 2025, 9:00PM","11"
"Wesley Fofana","CHE","D","Claim","1-What The Hecke","0.00","1","Tue Nov 4, 2025, 9:00PM","11"
"Ladislav Krejcí","WOL","D","Drop","1-What The Hecke","","1","Tue Nov 4, 2025, 9:00PM","11"
"Aaron Wan-Bissaka","WHU","D","Claim","1-Floetry in Motion","0.00","1","Tue Nov 4, 2025, 9:00PM","11"
"Vitalii Mykolenko","EVE","D","Drop","1-Floetry in Motion","","1","Tue Nov 4, 2025, 9:00PM","11"
"Jayden Bogle","LEE","D","Drop","1 - Absolute Ekitekkers","","1","Mon Nov 3, 2025, 5:59PM","11"
"Daichi Kamada","CRY","M","Drop","1 - Bruno’s Big Bean Burritos","","1","Mon Nov 3, 2025, 5:01PM","11"
"Thierno Barry","EVE","F","Drop","1 - Bruno’s Big Bean Burritos","","1","Mon Nov 3, 2025, 5:01PM","11"
"Thierno Barry","EVE","F","Claim","1 - Bruno’s Big Bean Burritos","","1","Mon Nov 3, 2025, 2:00PM","10"
"Bertrand Traore","SUN","M","Claim","1-Rainy Night at Stoke","","1","Sun Nov 2, 2025, 11:29AM","10"
"David Brooks","BOU","M","Drop","1-Rainy Night at Stoke","","1","Sun Nov 2, 2025, 11:29AM","10"
"Vitalii Mykolenko","EVE","D","Claim","1-Floetry in Motion","","1","Sun Nov 2, 2025, 11:10AM","10"
"David Brooks","BOU","M","Claim","1-Rainy Night at Stoke","","1","Sun Nov 2, 2025, 11:10AM","10"
"Vitalii Mykolenko","EVE","D","Drop","1-Rainy Night at Stoke","","1","Sun Nov 2, 2025, 11:10AM","10"
"Tyler Adams","BOU","M","Claim","1-Diamond Dogs","","1","Sun Nov 2, 2025, 10:57AM","10"
"Alex Scott","BOU","M","Drop","1-Diamond Dogs","","1","Sun Nov 2, 2025, 10:57AM","10"
"Vitalii Mykolenko","EVE","D","Claim","1-Rainy Night at Stoke","","1","Sun Nov 2, 2025, 10:54AM","10"
"Jordan Pickford","EVE","G","Drop","1-Rainy Night at Stoke","","1","Sun Nov 2, 2025, 10:54AM","10"
"Reinildo Isnard Mandava","SUN","D","Claim","1-DeezRut(ter)z","","1","Sun Nov 2, 2025, 9:08AM","10"
"Andrew Robertson","LIV","D","Drop","1-Floetry in Motion","","1","Sat Nov 1, 2025, 3:10PM","10"
"Conor Bradley","LIV","D","Claim","1-Diamond Dogs","","1","Sat Nov 1, 2025, 2:57PM","10"
"Bafode Diakité","BOU","D","Drop","1-Diamond Dogs","","1","Sat Nov 1, 2025, 2:57PM","10"
"Andrew Robertson","LIV","D","Claim","1-Floetry in Motion","","1","Sat Nov 1, 2025, 2:56PM","10"
"Bernardo Silva","MCI","M","Drop","1-Floetry in Motion","","1","Sat Nov 1, 2025, 2:56PM","10"
"Rodrigo Bentancur","TOT","M","Claim","1-Dr. Dioufenshmirtz","","1","Sat Nov 1, 2025, 12:35PM","10"
"Sven Botman","NEW","D","Drop","1-Dr. Dioufenshmirtz","","1","Sat Nov 1, 2025, 12:35PM","10"
"Pape Sarr","TOT","M","Claim","1 - Absolute Ekitekkers","","1","Sat Nov 1, 2025, 12:20PM","10"
"Aaron Wan-Bissaka","WHU","D","Drop","1 - Absolute Ekitekkers","","1","Sat Nov 1, 2025, 12:20PM","10"
"Richarlison","TOT","F","Drop","1-DeezRut(ter)z","","1","Sat Nov 1, 2025, 12:19PM","10"
"Malo Gusto","CHE","D","Claim","1-The Gyök Gyök 3000","","1","Sat Nov 1, 2025, 12:18PM","10"
"Jamie Gittens","CHE","F","Drop","1 - Bruno’s Big Bean Burritos","","1","Sat Nov 1, 2025, 12:17PM","10"
"Casemiro","MUN","M","Claim","1 - Moises parts the Red Seamen","","1","Sat Nov 1, 2025, 9:59AM","10"
"Josh Cullen","BUR","M","Drop","1 - Moises parts the Red Seamen","","1","Sat Nov 1, 2025, 9:59AM","10"
"Adama Traore","WHU","F","Drop","1-The Gyök Gyök 3000","","1","Sat Nov 1, 2025, 9:59AM","10"
"Beto","EVE","F","Claim","1 - Bruno’s Big Bean Burritos","","1","Sat Nov 1, 2025, 9:59AM","10"
"Kenny Tete","FUL","D","Drop","1 - Bruno’s Big Bean Burritos","","1","Sat Nov 1, 2025, 9:59AM","10"
"Jaka Bijol","LEE","D","Drop","1-Daam Daniel","","1","Sat Nov 1, 2025, 9:59AM","10"
"Jordan Pickford","EVE","G","Claim","1-Rainy Night at Stoke","","1","Sat Nov 1, 2025, 9:54AM","10"
"Gabriel Martinelli","ARS","M","Drop","1-Rainy Night at Stoke","","1","Sat Nov 1, 2025, 9:54AM","10"
"Cristhian Mosquera","ARS","D","Drop","1-Daam Daniel","","1","Sat Nov 1, 2025, 9:52AM","10"
"Crysencio Summerville","WHU","M","Drop","1 - Bruno’s Big Bean Burritos","","1","Sat Nov 1, 2025, 9:50AM","10"
"Zian Flemming","BUR","M","Claim","1-Daam Daniel","","1","Sat Nov 1, 2025, 9:48AM","10"
"Harry Maguire","MUN","D","Drop","1-Daam Daniel","","1","Sat Nov 1, 2025, 9:47AM","10"
"Harry Maguire","MUN","D","Claim","1-Daam Daniel","","1","Sat Nov 1, 2025, 9:46AM","10"
"Zian Flemming","BUR","M","Drop","1-Daam Daniel","","1","Sat Nov 1, 2025, 9:46AM","10"
"Cristhian Mosquera","ARS","D","Claim","1-Daam Daniel","","1","Thu Oct 30, 2025, 12:59PM","10"
"Jaka Bijol","LEE","D","Claim","1-Daam Daniel","","1","Wed Oct 29, 2025, 8:42PM","10"
"Jamie Gittens","CHE","F","Claim","1 - Bruno’s Big Bean Burritos","","1","Wed Oct 29, 2025, 5:23PM","10"
"Jean-Ricner Bellegarde","WOL","M","Drop","1 - Bruno’s Big Bean Burritos","","1","Wed Oct 29, 2025, 5:23PM","10"
"Jean-Ricner Bellegarde","WOL","M","Claim","1 - Bruno’s Big Bean Burritos","","1","Tue Oct 28, 2025, 10:40PM","10"
"Dean Henderson","CRY","G","Claim","1 - Bruno’s Big Bean Burritos","","1","Tue Oct 28, 2025, 10:36PM","10"
"Alphonse Areola","WHU","G","Drop","1 - Bruno’s Big Bean Burritos","","1","Tue Oct 28, 2025, 10:36PM","10"
"Guglielmo Vicario","TOT","G","Claim","1-Dr. Dioufenshmirtz","0.00","4","Tue Oct 28, 2025, 9:00PM","10"
"Jordan Pickford","EVE","G","Drop","1-Dr. Dioufenshmirtz","","4","Tue Oct 28, 2025, 9:00PM","10"
"Zian Flemming","BUR","M","Claim","1-Daam Daniel","0.00","3","Tue Oct 28, 2025, 9:00PM","10"
"Kristoffer Ajer","BRF","D","Claim","1-Dr. Dioufenshmirtz","0.00","3","Tue Oct 28, 2025, 9:00PM","10"
"Richarlison","TOT","F","Claim","1-DeezRut(ter)z","2.07","2","Tue Oct 28, 2025, 9:00PM","10"
"Nathan Collins","BRF","D","Claim","1-Daam Daniel","0.00","2","Tue Oct 28, 2025, 9:00PM","10"
"Jan-Paul van Hecke","BHA","D","Claim","1-What The Hecke","0.00","1","Tue Oct 28, 2025, 9:00PM","10"
"Josh Acheampong","CHE","D","Drop","1-What The Hecke","","1","Tue Oct 28, 2025, 9:00PM","10"
"Jhon Arias","WOL","M","Claim","1-Rainy Night at Stoke","0.00","1","Tue Oct 28, 2025, 9:00PM","10"
"Conor Bradley","LIV","D","Drop","1-Rainy Night at Stoke","","1","Tue Oct 28, 2025, 9:00PM","10"
"Brennan Johnson","CRY","F","Claim","1 - Moises parts the Red Seamen","1.00","1","Tue Oct 28, 2025, 9:00PM","10"
"Tyler Dibling","EVE","M","Drop","1 - Moises parts the Red Seamen","","1","Tue Oct 28, 2025, 9:00PM","10"
"Callum Hudson-Odoi","NOT","F","Claim","1-Floetry in Motion","0.00","1","Tue Oct 28, 2025, 9:00PM","10"
"Lucas Digne","AVL","D","Claim","1-DeezRut(ter)z","6.27","1","Tue Oct 28, 2025, 9:00PM","10"
"Callum Wilson","WHU","F","Drop","1-DeezRut(ter)z","","1","Tue Oct 28, 2025, 8:14PM","10"
"Mateus Goncalo Espanha Fernandes","WHU","M","Drop","1-DeezRut(ter)z","","1","Tue Oct 28, 2025, 8:14PM","10"
"Emile Smith Rowe","FUL","M","Drop","1 - Bruno’s Big Bean Burritos","","1","Mon Oct 27, 2025, 12:06PM","10"
"Callum Hudson-Odoi","NOT","F","Drop","1-Daam Daniel","","1","Sun Oct 26, 2025, 5:05PM","10"
"Nikola Milenkovic","NOT","D","Drop","1-Daam Daniel","","1","Sun Oct 26, 2025, 5:05PM","10"
"Richarlison","TOT","F","Drop","1-Daam Daniel","","1","Sun Oct 26, 2025, 5:05PM","10"
"Jhon Arias","WOL","M","Drop","1-Daam Daniel","","1","Sun Oct 26, 2025, 5:04PM","10"
"Florentino Ibrain Morris Luís","BUR","M","Drop","1-Floetry in Motion","","1","Sun Oct 26, 2025, 12:29PM","10"
"Ruben Dias","MCI","D","Claim","1-Diamond Dogs","","1","Sun Oct 26, 2025, 9:30AM","9"
"Pape Sarr","TOT","M","Drop","1-Diamond Dogs","","1","Sun Oct 26, 2025, 9:29AM","9"
"Jacob Bruun Larsen","BUR","F","Claim","1-Diamond Dogs","","1","Sun Oct 26, 2025, 9:28AM","9"
"Youri Tielemans","AVL","M","Drop","1-Diamond Dogs","","1","Sun Oct 26, 2025, 9:27AM","9"
"Igor Jesus Maciel da Cruz","NOT","F","Claim","1 - Bruno’s Big Bean Burritos","","1","Sun Oct 26, 2025, 8:51AM","9"
"Beto","EVE","F","Drop","1 - Bruno’s Big Bean Burritos","","1","Sun Oct 26, 2025, 8:51AM","9"
"Lewis Miley","NEW","M","Drop","1-Dr. Dioufenshmirtz","","1","Sat Oct 25, 2025, 3:04PM","10"
"Maxime Esteve","BUR","D","Claim","1 - Moises parts the Red Seamen","","1","Sat Oct 25, 2025, 1:51PM","9"
"Destiny Udogie","TOT","D","Drop","1 - Moises parts the Red Seamen","","1","Sat Oct 25, 2025, 1:51PM","9"
"Marc Guiu","CHE","F","Claim","1 - Moises parts the Red Seamen","","1","Sat Oct 25, 2025, 9:47AM","9"
"Brennan Johnson","CRY","F","Drop","1 - Moises parts the Red Seamen","","1","Sat Oct 25, 2025, 9:47AM","9"
"Lewis Miley","NEW","M","Claim","1-Dr. Dioufenshmirtz","","1","Sat Oct 25, 2025, 8:56AM","9"
"Brajan Gruda","BHA","M","Drop","1-Dr. Dioufenshmirtz","","1","Sat Oct 25, 2025, 8:56AM","9"
"Kenny Tete","FUL","D","Claim","1 - Bruno’s Big Bean Burritos","","1","Sat Oct 25, 2025, 8:53AM","9"
"Marc Guiu","CHE","F","Drop","1 - Bruno’s Big Bean Burritos","","1","Sat Oct 25, 2025, 8:53AM","9"
"Adama Traore","WHU","F","Claim","1-The Gyök Gyök 3000","","1","Sat Oct 25, 2025, 8:51AM","9"
"Lewis Miley","NEW","M","Drop","1-The Gyök Gyök 3000","","1","Sat Oct 25, 2025, 8:51AM","9"
"Emile Smith Rowe","FUL","M","Claim","1 - Bruno’s Big Bean Burritos","","1","Sat Oct 25, 2025, 8:49AM","9"
"Nathan Collins","BRF","D","Drop","1 - Bruno’s Big Bean Burritos","","1","Sat Oct 25, 2025, 8:49AM","9"
"Lewis Miley","NEW","M","Claim","1-The Gyök Gyök 3000","","1","Sat Oct 25, 2025, 8:49AM","9"
"Marc Guiu","CHE","F","Claim","1 - Bruno’s Big Bean Burritos","","1","Sat Oct 25, 2025, 8:46AM","9"
"Oleksandr Zinchenko","NOT","D","Drop","1 - Bruno’s Big Bean Burritos","","1","Sat Oct 25, 2025, 8:46AM","9"
"Jake O'Brien","EVE","D","Claim","1 - Moises parts the Red Seamen","","1","Sat Oct 25, 2025, 8:37AM","9"
"Lucas Digne","AVL","D","Drop","1 - Moises parts the Red Seamen","","1","Sat Oct 25, 2025, 8:37AM","9"
"Tyler Adams","BOU","M","Drop","1-The Gyök Gyök 3000","","1","Sat Oct 25, 2025, 7:47AM","9"
"Conor Bradley","LIV","D","Claim","1-Rainy Night at Stoke","","1","Sat Oct 25, 2025, 4:35AM","9"
"Reinildo Isnard Mandava","SUN","D","Drop","1-Rainy Night at Stoke","","1","Sat Oct 25, 2025, 4:35AM","9"
"Danny Welbeck","BHA","F","Claim","1-Diamond Dogs","","1","Fri Oct 24, 2025, 4:45PM","9"
"Harvey Elliott","AVL","M","Drop","1-Diamond Dogs","","1","Fri Oct 24, 2025, 4:45PM","9"
"Reinildo Isnard Mandava","SUN","D","Claim","1-Rainy Night at Stoke","","1","Fri Oct 24, 2025, 4:39PM","9"
"Anton Stach","LEE","M","Drop","1-Rainy Night at Stoke","","1","Fri Oct 24, 2025, 1:47PM","9"
"Anton Stach","LEE","M","Claim","1-Rainy Night at Stoke","","1","Fri Oct 24, 2025, 12:02PM","9"
"Vitalii Mykolenko","EVE","D","Drop","1-Rainy Night at Stoke","","1","Fri Oct 24, 2025, 12:02PM","9"
"Jhon Arias","WOL","M","Claim","1-Daam Daniel","","1","Fri Oct 24, 2025, 10:12AM","9"
"Harry Maguire","MUN","D","Drop","1-Daam Daniel","","1","Fri Oct 24, 2025, 10:11AM","9"
"Douglas Luiz","AVL","M","Claim","1 - Bruno’s Big Bean Burritos","1.01","1","Thu Oct 23, 2025, 9:00PM","9"
"Carlos Alcaraz","EVE","M","Drop","1 - Bruno’s Big Bean Burritos","","1","Thu Oct 23, 2025, 9:00PM","9"
"Alphonse Areola","WHU","G","Claim","1 - Bruno’s Big Bean Burritos","","1","Thu Oct 23, 2025, 5:55PM","9"
"Dean Henderson","CRY","G","Drop","1 - Bruno’s Big Bean Burritos","","1","Thu Oct 23, 2025, 5:55PM","9"
"Harry Maguire","MUN","D","Claim","1-Daam Daniel","","1","Thu Oct 23, 2025, 12:29PM","9"
"Ola Aina","NOT","D","Drop","1-Daam Daniel","","1","Thu Oct 23, 2025, 12:29PM","9"
"Ola Aina","NOT","D","Claim","1-Daam Daniel","","1","Wed Oct 22, 2025, 10:43AM","9"
"Dwight McNeil","EVE","M","Drop","1-Daam Daniel","","1","Wed Oct 22, 2025, 7:08AM","9"
"Josh Acheampong","CHE","D","Claim","1-What The Hecke","","1","Wed Oct 22, 2025, 12:05AM","9"
"Mikel Merino","ARS","M","Drop","1-What The Hecke","","1","Wed Oct 22, 2025, 12:05AM","9"
"Dwight McNeil","EVE","M","Claim","1-Daam Daniel","","1","Tue Oct 21, 2025, 9:10PM","9"
"Douglas Luiz","AVL","M","Drop","1-Daam Daniel","","1","Tue Oct 21, 2025, 9:10PM","9"
"Michael Kayode","BRF","D","Claim","1 - Bruno’s Big Bean Burritos","","1","Tue Oct 21, 2025, 9:04PM","9"
"Konstantinos Mavropanos","WHU","D","Drop","1 - Bruno’s Big Bean Burritos","","1","Tue Oct 21, 2025, 9:04PM","9"
"Nikola Milenkovic","NOT","D","Claim","1-Daam Daniel","","1","Tue Oct 21, 2025, 9:03PM","9"
"Anton Stach","LEE","M","Drop","1-Daam Daniel","","1","Tue Oct 21, 2025, 9:03PM","9"
"Florentino Ibrain Morris Luís","BUR","M","Claim","1-Floetry in Motion","0.00","2","Tue Oct 21, 2025, 9:00PM","9"
"Donyell Malen","AVL","F","Drop","1-Floetry in Motion","","2","Tue Oct 21, 2025, 9:00PM","9"
"Murillo","NOT","D","Claim","1- Black Friday @ Nordi’s","3.62","1","Tue Oct 21, 2025, 9:00PM","9"
"Jhon Arias","WOL","M","Drop","1- Black Friday @ Nordi’s","","1","Tue Oct 21, 2025, 9:00PM","9"
"Gianluigi Donnarumma","MCI","G","Claim","1 - Moises parts the Red Seamen","1.00","1","Tue Oct 21, 2025, 9:00PM","9"
"Guglielmo Vicario","TOT","G","Drop","1 - Moises parts the Red Seamen","","1","Tue Oct 21, 2025, 9:00PM","9"
"Callum Hudson-Odoi","NOT","F","Claim","1-Daam Daniel","0.40","1","Tue Oct 21, 2025, 9:00PM","9"
"Bertrand Traore","SUN","M","Drop","1-Daam Daniel","","1","Tue Oct 21, 2025, 4:58PM","9"
"Mateus Goncalo Espanha Fernandes","WHU","M","Claim","1-DeezRut(ter)z","","1","Mon Oct 20, 2025, 2:16PM","8"
"Senne Lammens","MUN","G","Claim","1- Black Friday @ Nordi’s","","1","Sun Oct 19, 2025, 11:18AM","8"
"Alphonse Areola","WHU","G","Drop","1- Black Friday @ Nordi’s","","1","Sun Oct 19, 2025, 11:18AM","8"
"Matty Cash","AVL","D","Claim","1-The Gyök Gyök 3000","","1","Sun Oct 19, 2025, 3:37AM","8"
"Ben White","ARS","D","Drop","1-The Gyök Gyök 3000","","1","Sat Oct 18, 2025, 11:51AM","8"
"Alphonse Areola","WHU","G","Claim","1- Black Friday @ Nordi’s","","1","Sat Oct 18, 2025, 11:37AM","8"
"Bernd Leno","FUL","G","Drop","1- Black Friday @ Nordi’s","","1","Sat Oct 18, 2025, 11:37AM","8"
"Rodrigo Muniz","FUL","F","Claim","1- Black Friday @ Nordi’s","","1","Sat Oct 18, 2025, 9:33AM","8"
"Maxim De Cuyper","BHA","D","Drop","1- Black Friday @ Nordi’s","","1","Sat Oct 18, 2025, 9:24AM","8"
"Eli Kroupi","BOU","F","Claim","1 - Bruno’s Big Bean Burritos","","1","Sat Oct 18, 2025, 9:10AM","8"
"Diego Gómez","BHA","M","Drop","1 - Bruno’s Big Bean Burritos","","1","Sat Oct 18, 2025, 9:10AM","8"
"Nathan Collins","BRF","D","Claim","1 - Bruno’s Big Bean Burritos","","1","Sat Oct 18, 2025, 9:10AM","8"
"Zian Flemming","BUR","M","Drop","1 - Bruno’s Big Bean Burritos","","1","Sat Oct 18, 2025, 9:10AM","8"
"Joelinton","NEW","M","Claim","1 - Moises parts the Red Seamen","","1","Sat Oct 18, 2025, 9:08AM","8"
"John McGinn","AVL","M","Drop","1 - Moises parts the Red Seamen","","1","Sat Oct 18, 2025, 9:08AM","8"
"Yasin Ayari","BHA","M","Claim","1-Daam Daniel","","1","Sat Oct 18, 2025, 9:06AM","8"
"Jack Harrison","LEE","M","Drop","1-Daam Daniel","","1","Sat Oct 18, 2025, 9:06AM","8"
"Jack Harrison","LEE","M","Claim","1-Daam Daniel","","1","Sat Oct 18, 2025, 9:02AM","8"
"Joelinton","NEW","M","Drop","1-Daam Daniel","","1","Sat Oct 18, 2025, 9:02AM","8"
"Joelinton","NEW","M","Claim","1-Daam Daniel","","1","Sat Oct 18, 2025, 9:01AM","8"
"Zian Flemming","BUR","M","Claim","1 - Bruno’s Big Bean Burritos","","1","Sat Oct 18, 2025, 8:51AM","8"
"Diego Gómez","BHA","M","Claim","1 - Bruno’s Big Bean Burritos","","1","Sat Oct 18, 2025, 8:49AM","8"
"Jackson Tchatchoua","WOL","D","Drop","1 - Bruno’s Big Bean Burritos","","1","Sat Oct 18, 2025, 8:48AM","8"
"Igor Jesus Maciel da Cruz","NOT","F","Drop","1 - Bruno’s Big Bean Burritos","","1","Sat Oct 18, 2025, 7:25AM","8"
"Jamie Gittens","CHE","F","Drop","1-DeezRut(ter)z","","1","Sat Oct 18, 2025, 7:04AM","8"
"Dilane Bakwa","NOT","F","Drop","1-Daam Daniel","","1","Sat Oct 18, 2025, 7:02AM","8"
"Douglas Luiz","AVL","M","Claim","1-Daam Daniel","","1","Sat Oct 18, 2025, 7:02AM","8"
"Callum Hudson-Odoi","NOT","F","Drop","1-Daam Daniel","","1","Sat Oct 18, 2025, 6:57AM","8"
"Callum Wilson","WHU","F","Claim","1-DeezRut(ter)z","","1","Fri Oct 17, 2025, 2:53PM","8"
"David Brooks","BOU","M","Drop","1-DeezRut(ter)z","","1","Fri Oct 17, 2025, 2:53PM","8"
"Jamie Gittens","CHE","F","Claim","1-DeezRut(ter)z","","1","Fri Oct 17, 2025, 2:52PM","8"
"Niclas Füllkrug","WHU","F","Drop","1-DeezRut(ter)z","","1","Fri Oct 17, 2025, 2:52PM","8"
"Jackson Tchatchoua","WOL","D","Claim","1 - Bruno’s Big Bean Burritos","","1","Fri Oct 17, 2025, 1:43PM","8"
"Danny Welbeck","BHA","F","Drop","1 - Bruno’s Big Bean Burritos","","1","Fri Oct 17, 2025, 1:43PM","8"
"Carlos Alcaraz","EVE","M","Claim","1 - Bruno’s Big Bean Burritos","","1","Fri Oct 17, 2025, 1:32PM","8"
"Ferdi Kadioglu","BHA","D","Drop","1 - Bruno’s Big Bean Burritos","","1","Fri Oct 17, 2025, 1:32PM","8"
"Igor Jesus Maciel da Cruz","NOT","F","Claim","1 - Bruno’s Big Bean Burritos","","1","Fri Oct 17, 2025, 1:26PM","8"
"Simon Adingra","SUN","M","Drop","1 - Bruno’s Big Bean Burritos","","1","Fri Oct 17, 2025, 1:26PM","8"
"Bertrand Traore","SUN","M","Claim","1-Daam Daniel","","1","Thu Oct 16, 2025, 9:04PM","8"
"Mathys Tel","TOT","F","Drop","1-Daam Daniel","","1","Thu Oct 16, 2025, 9:04PM","8"
"Callum Hudson-Odoi","NOT","F","Claim","1-Daam Daniel","","1","Tue Oct 14, 2025, 9:06PM","8"
"Ladislav Krejcí","WOL","D","Claim","1-What The Hecke","0.00","2","Tue Oct 14, 2025, 9:00PM","8"
"Yasin Ayari","BHA","M","Drop","1-What The Hecke","","2","Tue Oct 14, 2025, 9:00PM","8"
"Alejandro Garnacho","CHE","M","Claim","1-Rainy Night at Stoke","0.38","1","Tue Oct 14, 2025, 9:00PM","8"
"Bertrand Traore","SUN","M","Drop","1-Rainy Night at Stoke","","1","Tue Oct 14, 2025, 9:00PM","8"
"Boubacar Kamara","AVL","M","Claim","1-Diamond Dogs","0.00","1","Tue Oct 14, 2025, 9:00PM","8"
"Jake O'Brien","EVE","D","Drop","1-Diamond Dogs","","1","Tue Oct 14, 2025, 9:00PM","8"
"Konstantinos Mavropanos","WHU","D","Claim","1 - Bruno’s Big Bean Burritos","0.02","1","Tue Oct 14, 2025, 9:00PM","8"
"Thierno Barry","EVE","F","Drop","1 - Bruno’s Big Bean Burritos","","1","Tue Oct 14, 2025, 9:00PM","8"
"Amadou Onana","AVL","M","Drop","1-Daam Daniel","","1","Mon Oct 6, 2025, 6:39AM","8"
"Marshall Munetsi","WOL","M","Claim","1-What The Hecke","","1","Sun Oct 5, 2025, 8:33AM","7"
"Tolu Arokodare","WOL","F","Drop","1-What The Hecke","","1","Sun Oct 5, 2025, 8:33AM","7"
"Amadou Onana","AVL","M","Claim","1-Daam Daniel","","1","Sun Oct 5, 2025, 8:15AM","7"
"Danny Welbeck","BHA","F","Claim","1 - Bruno’s Big Bean Burritos","","1","Sun Oct 5, 2025, 8:13AM","7"
"Callum Hudson-Odoi","NOT","F","Drop","1 - Bruno’s Big Bean Burritos","","1","Sun Oct 5, 2025, 8:13AM","7"
"Thierno Barry","EVE","F","Claim","1 - Bruno’s Big Bean Burritos","","1","Sun Oct 5, 2025, 8:11AM","7"
"Jadon Sancho","AVL","M","Drop","1 - Bruno’s Big Bean Burritos","","1","Sun Oct 5, 2025, 8:11AM","7"
"Donyell Malen","AVL","F","Claim","1-Floetry in Motion","","1","Sun Oct 5, 2025, 8:07AM","7"
"Carlos Alcaraz","EVE","M","Drop","1-Floetry in Motion","","1","Sun Oct 5, 2025, 8:00AM","7"
"Lucas Digne","AVL","D","Claim","1 - Moises parts the Red Seamen","","1","Sun Oct 5, 2025, 7:56AM","7"
"Jan-Paul van Hecke","BHA","D","Drop","1 - Moises parts the Red Seamen","","1","Sun Oct 5, 2025, 7:56AM","7"
"Bertrand Traore","SUN","M","Claim","1-Rainy Night at Stoke","","1","Sat Oct 4, 2025, 8:57AM","7"
"Alejandro Garnacho","CHE","M","Drop","1-Rainy Night at Stoke","","1","Sat Oct 4, 2025, 8:57AM","7"
"Simon Adingra","SUN","M","Claim","1 - Bruno’s Big Bean Burritos","","1","Sat Oct 4, 2025, 8:54AM","7"
"Matty Cash","AVL","D","Drop","1 - Bruno’s Big Bean Burritos","","1","Sat Oct 4, 2025, 8:54AM","7"
"Matthijs de Ligt","MUN","D","Claim","1-Rainy Night at Stoke","","1","Sat Oct 4, 2025, 7:20AM","7"
"Conor Bradley","LIV","D","Drop","1-Rainy Night at Stoke","","1","Sat Oct 4, 2025, 7:20AM","7"
"Murillo","NOT","D","Drop","1-Daam Daniel","","1","Sat Oct 4, 2025, 7:18AM","7"
"Murillo","NOT","D","Claim","1-Daam Daniel","","1","Sat Oct 4, 2025, 7:12AM","7"
"Mathys Tel","TOT","F","Claim","1-Daam Daniel","","1","Sat Oct 4, 2025, 7:09AM","7"
"Igor Jesus Maciel da Cruz","NOT","F","Drop","1-Daam Daniel","","1","Sat Oct 4, 2025, 7:09AM","7"
"Brenden Aaronson","LEE","M","Claim","1-DeezRut(ter)z","","1","Sat Oct 4, 2025, 6:31AM","7"
"Lucas Bergvall","TOT","M","Drop","1-DeezRut(ter)z","","1","Sat Oct 4, 2025, 6:31AM","7"
"Carlos Alcaraz","EVE","M","Claim","1-Floetry in Motion","","1","Sat Oct 4, 2025, 4:53AM","7"
"Maxim De Cuyper","BHA","D","Claim","1- Black Friday @ Nordi’s","","1","Fri Oct 3, 2025, 2:40PM","7"
"Amine Adli","BOU","F","Drop","1- Black Friday @ Nordi’s","","1","Fri Oct 3, 2025, 2:40PM","7"
"Alex Scott","BOU","M","Claim","1-Diamond Dogs","","1","Fri Oct 3, 2025, 2:03PM","7"
"Joao Gomes","WOL","M","Drop","1-Diamond Dogs","","1","Fri Oct 3, 2025, 2:03PM","7"
"Adama Traore","WHU","F","Drop","1-Floetry in Motion","","1","Fri Oct 3, 2025, 1:45PM","7"
"Ferdi Kadioglu","BHA","D","Claim","1 - Bruno’s Big Bean Burritos","","1","Fri Oct 3, 2025, 12:50PM","7"
"Diego Gómez","BHA","M","Drop","1 - Bruno’s Big Bean Burritos","","1","Fri Oct 3, 2025, 12:50PM","7"
"Enzo Le Fée","SUN","M","Claim","1-DeezRut(ter)z","1.20","1","Thu Oct 2, 2025, 9:00PM","7"
"Idrissa Gueye","EVE","M","Drop","1-DeezRut(ter)z","","1","Thu Oct 2, 2025, 9:00PM","7"
"Jhon Arias","WOL","M","Claim","1- Black Friday @ Nordi’s","","1","Thu Oct 2, 2025, 1:53PM","7"
"Rodrigo Muniz","FUL","F","Drop","1- Black Friday @ Nordi’s","","1","Thu Oct 2, 2025, 1:53PM","7"
"Ehor Yarmolyuk","BRF","M","Claim","1-Diamond Dogs","","1","Wed Oct 1, 2025, 5:59PM","7"
"Josh Acheampong","CHE","D","Drop","1-Diamond Dogs","","1","Wed Oct 1, 2025, 5:59PM","7"
"Diogo Dalot","MUN","D","Claim","1-Diamond Dogs","","1","Wed Oct 1, 2025, 10:06AM","7"
"Cristhian Mosquera","ARS","D","Drop","1-Diamond Dogs","","1","Wed Oct 1, 2025, 10:06AM","7"
"Adama Traore","WHU","F","Claim","1-Floetry in Motion","","1","Tue Sep 30, 2025, 9:02PM","7"
"Douglas Luiz","AVL","M","Drop","1-Floetry in Motion","","1","Tue Sep 30, 2025, 9:02PM","7"
"Sven Botman","NEW","D","Claim","1-Dr. Dioufenshmirtz","0.03","4","Tue Sep 30, 2025, 9:00PM","7"
"Matthijs de Ligt","MUN","D","Drop","1-Dr. Dioufenshmirtz","","4","Tue Sep 30, 2025, 9:00PM","7"
"Santiago Bueno","WOL","D","Claim","1-Dr. Dioufenshmirtz","3.00","2","Tue Sep 30, 2025, 9:00PM","7"
"Emmanuel Agbadou","WOL","D","Drop","1-Dr. Dioufenshmirtz","","2","Tue Sep 30, 2025, 9:00PM","7"
"Mats Wieffer","BHA","M","Claim","1-Floetry in Motion","0.00","3","Tue Sep 30, 2025, 9:00PM","7"
"Malick Thiaw","NEW","D","Claim","1-Rainy Night at Stoke","0.02","2","Tue Sep 30, 2025, 9:00PM","7"
"Alex Jiménez","BOU","D","Drop","1-Rainy Night at Stoke","","2","Tue Sep 30, 2025, 9:00PM","7"
"Matheus Nunes","MCI","D","Claim","1-Daam Daniel","0.05","2","Tue Sep 30, 2025, 9:00PM","7"
"Sean Longstaff","LEE","M","Claim","1-Dr. Dioufenshmirtz","2.05","1","Tue Sep 30, 2025, 9:00PM","7"
"Mateus Goncalo Espanha Fernandes","WHU","M","Drop","1-Dr. Dioufenshmirtz","","1","Tue Sep 30, 2025, 9:00PM","7"
"Ryan Sessegnon","FUL","M","Claim","1-Diamond Dogs","0.00","1","Tue Sep 30, 2025, 9:00PM","7"
"Wilson Odobert","TOT","F","Drop","1-Diamond Dogs","","1","Tue Sep 30, 2025, 9:00PM","7"
"Djordje Petrovic","BOU","G","Claim","1-Daam Daniel","0.00","1","Tue Sep 30, 2025, 9:00PM","7"
"Gianluigi Donnarumma","MCI","G","Drop","1-Daam Daniel","","1","Tue Sep 30, 2025, 9:00PM","7"
"Noni Madueke","ARS","M","Claim","1-Rainy Night at Stoke","3.52","1","Tue Sep 30, 2025, 9:00PM","7"
"Enzo Le Fée","SUN","M","Drop","1-Rainy Night at Stoke","","1","Tue Sep 30, 2025, 9:00PM","7"
"Giorgi Mamardashvili","LIV","G","Claim","1 - Absolute Ekitekkers","0.00","1","Tue Sep 30, 2025, 9:00PM","7"
"Leny Yoro","MUN","D","Drop","1 - Absolute Ekitekkers","","1","Tue Sep 30, 2025, 9:00PM","7"
"Idrissa Gueye","EVE","M","Claim","1-DeezRut(ter)z","","1","Mon Sep 29, 2025, 2:24PM","6"
"James Ward-Prowse","BUR","M","Drop","1-DeezRut(ter)z","","1","Mon Sep 29, 2025, 2:24PM","6"
"Niclas Füllkrug","WHU","F","Claim","1-DeezRut(ter)z","","1","Mon Sep 29, 2025, 2:18PM","6"
"Callum Wilson","WHU","F","Drop","1-DeezRut(ter)z","","1","Mon Sep 29, 2025, 2:18PM","6"
"Diogo Dalot","MUN","D","Drop","1-Daam Daniel","","1","Sat Sep 27, 2025, 9:09PM","7"
"Matheus Nunes","MCI","D","Drop","1-Floetry in Motion","","1","Sat Sep 27, 2025, 9:51AM","6"
"Josh Cullen","BUR","M","Claim","1 - Moises parts the Red Seamen","","1","Sat Sep 27, 2025, 9:43AM","6"
"Maxim De Cuyper","BHA","D","Drop","1 - Moises parts the Red Seamen","","1","Sat Sep 27, 2025, 9:43AM","6"
"Alex Jiménez","BOU","D","Claim","1-Rainy Night at Stoke","","1","Sat Sep 27, 2025, 9:02AM","6"
"Florentino Ibrain Morris Luís","BUR","M","Drop","1-Rainy Night at Stoke","","1","Sat Sep 27, 2025, 9:02AM","6"
"Diego Gómez","BHA","M","Claim","1 - Bruno’s Big Bean Burritos","","1","Sat Sep 27, 2025, 8:54AM","6"
"Ferdi Kadioglu","BHA","D","Drop","1 - Bruno’s Big Bean Burritos","","1","Sat Sep 27, 2025, 8:54AM","6"
"Ferdi Kadioglu","BHA","D","Claim","1 - Bruno’s Big Bean Burritos","","1","Sat Sep 27, 2025, 8:50AM","6"
"Jamie Gittens","CHE","F","Drop","1 - Bruno’s Big Bean Burritos","","1","Sat Sep 27, 2025, 8:50AM","6"
"Micky van de Ven","TOT","D","Claim","1-DeezRut(ter)z","","1","Sat Sep 27, 2025, 8:48AM","6"
"Ian Maatsen","AVL","D","Drop","1-DeezRut(ter)z","","1","Sat Sep 27, 2025, 8:48AM","6"
"Wilson Isidor","SUN","F","Claim","1-The Gyök Gyök 3000","","1","Sat Sep 27, 2025, 12:11AM","6"
"Lucas Digne","AVL","D","Drop","1-The Gyök Gyök 3000","","1","Sat Sep 27, 2025, 12:11AM","6"
"Ryan Sessegnon","FUL","M","Drop","1-Daam Daniel","","1","Fri Sep 26, 2025, 10:38PM","6"
"Josh Acheampong","CHE","D","Claim","1-Diamond Dogs","","1","Fri Sep 26, 2025, 11:25AM","6"
"Tosin Adarabioyo","CHE","D","Drop","1-Diamond Dogs","","1","Fri Sep 26, 2025, 11:25AM","6"
"Igor Jesus Maciel da Cruz","NOT","F","Claim","1-Daam Daniel","","1","Fri Sep 26, 2025, 9:36AM","6"
"Noni Madueke","ARS","M","Drop","1-Daam Daniel","","1","Fri Sep 26, 2025, 9:36AM","6"
"Diogo Dalot","MUN","D","Claim","1-Daam Daniel","","1","Fri Sep 26, 2025, 9:36AM","6"
"Igor Jesus Maciel da Cruz","NOT","F","Drop","1-Daam Daniel","","1","Fri Sep 26, 2025, 9:36AM","6"
"Enzo Le Fée","SUN","M","Claim","1-Rainy Night at Stoke","0.07","1","Thu Sep 25, 2025, 9:00PM","6"
"Joelinton","NEW","M","Drop","1-Rainy Night at Stoke","","1","Thu Sep 25, 2025, 9:00PM","6"
"Joelinton","NEW","M","Claim","1-Rainy Night at Stoke","","1","Wed Sep 24, 2025, 4:25PM","6"
"Lyle Foster","BUR","F","Drop","1-Rainy Night at Stoke","","1","Wed Sep 24, 2025, 4:25PM","6"
"Igor Jesus Maciel da Cruz","NOT","F","Claim","1-Daam Daniel","","1","Wed Sep 24, 2025, 4:00PM","6"
"Micky van de Ven","TOT","D","Drop","1-Daam Daniel","","1","Wed Sep 24, 2025, 4:00PM","6"
"Matheus Nunes","MCI","D","Claim","1-Floetry in Motion","","1","Tue Sep 23, 2025, 9:17PM","6"
"Mats Wieffer","BHA","M","Drop","1-Floetry in Motion","","1","Tue Sep 23, 2025, 9:17PM","6"
"Dejan Kulusevski","TOT","M","Claim","1-Floetry in Motion","","1","Tue Sep 23, 2025, 9:12PM","6"
"Leandro Trossard","ARS","M","Claim","1- Black Friday @ Nordi’s","","1","Tue Sep 23, 2025, 9:02PM","6"
"Enzo Le Fée","SUN","M","Drop","1- Black Friday @ Nordi’s","","1","Tue Sep 23, 2025, 9:02PM","6"
"Adam Wharton","CRY","M","Claim","1-Dr. Dioufenshmirtz","1.05","3","Tue Sep 23, 2025, 9:00PM","6"
"Josh Cullen","BUR","M","Drop","1-Dr. Dioufenshmirtz","","3","Tue Sep 23, 2025, 9:00PM","6"
"Lyle Foster","BUR","F","Claim","1-Rainy Night at Stoke","0.01","5","Tue Sep 23, 2025, 9:00PM","6"
"Michael Kayode","BRF","D","Drop","1-Rainy Night at Stoke","","5","Tue Sep 23, 2025, 9:00PM","6"
"Emmanuel Agbadou","WOL","D","Claim","1-Dr. Dioufenshmirtz","0.02","1","Tue Sep 23, 2025, 9:00PM","6"
"Nathan Collins","BRF","D","Drop","1-Dr. Dioufenshmirtz","","1","Tue Sep 23, 2025, 9:00PM","6"
"Noah Okafor","LEE","F","Claim","1-Daam Daniel","3.00","1","Tue Sep 23, 2025, 9:00PM","6"
"Yasin Ayari","BHA","M","Claim","1-What The Hecke","0.00","1","Tue Sep 23, 2025, 9:00PM","6"
"Kenny Tete","FUL","D","Drop","1-What The Hecke","","1","Tue Sep 23, 2025, 9:00PM","6"
"Gabriel Martinelli","ARS","M","Claim","1-Rainy Night at Stoke","4.86","1","Tue Sep 23, 2025, 9:00PM","6"
"Alex Jiménez","BOU","D","Drop","1-Rainy Night at Stoke","","1","Tue Sep 23, 2025, 9:00PM","6"
"Matty Cash","AVL","D","Claim","1 - Bruno’s Big Bean Burritos","0.01","1","Tue Sep 23, 2025, 9:00PM","6"
"Hugo Bueno","WOL","D","Claim","1 - Absolute Ekitekkers","0.00","1","Tue Sep 23, 2025, 9:00PM","6"
"Gabriel Martinelli","ARS","M","Drop","1-Daam Daniel","","1","Sun Sep 21, 2025, 10:57AM","5"
"Harvey Barnes","NEW","M","Drop","1-Floetry in Motion","","1","Sun Sep 21, 2025, 8:22AM","5"
"Alex Jiménez","BOU","D","Claim","1-Rainy Night at Stoke","","1","Sun Sep 21, 2025, 7:46AM","5"
"Wesley Fofana","CHE","D","Drop","1 - Absolute Ekitekkers","","1","Sat Sep 20, 2025, 4:30PM","6"
"Samuel Chukwueze","FUL","F","Drop","1-Rainy Night at Stoke","","1","Sat Sep 20, 2025, 2:41PM","5"
"John McGinn","AVL","M","Claim","1 - Moises parts the Red Seamen","","1","Sat Sep 20, 2025, 1:26PM","5"
"Wesley Fofana","CHE","D","Claim","1 - Absolute Ekitekkers","","1","Sat Sep 20, 2025, 11:20AM","5"
"Samuel Chukwueze","FUL","F","Claim","1-Rainy Night at Stoke","","1","Sat Sep 20, 2025, 11:19AM","5"
"Kobbie Mainoo","MUN","M","Drop","1-Rainy Night at Stoke","","1","Sat Sep 20, 2025, 11:19AM","5"
"Yerson Mosquera","WOL","D","Drop","1 - Bruno’s Big Bean Burritos","","1","Sat Sep 20, 2025, 10:46AM","6"
"Kenny Tete","FUL","D","Claim","1-What The Hecke","","1","Sat Sep 20, 2025, 10:40AM","5"
"Nordi Mukiele","SUN","D","Claim","1- Black Friday @ Nordi’s","","1","Sat Sep 20, 2025, 9:54AM","5"
"Murillo","NOT","D","Drop","1- Black Friday @ Nordi’s","","1","Sat Sep 20, 2025, 9:54AM","5"
"Mathys Tel","TOT","F","Drop","1 - Moises parts the Red Seamen","","1","Sat Sep 20, 2025, 9:46AM","5"
"Florentino Ibrain Morris Luís","BUR","M","Claim","1-Rainy Night at Stoke","","1","Sat Sep 20, 2025, 9:25AM","5"
"Christantus Uche","CRY","M","Drop","1-Rainy Night at Stoke","","1","Sat Sep 20, 2025, 9:25AM","5"
"Wilson Odobert","TOT","F","Claim","1-Diamond Dogs","","1","Sat Sep 20, 2025, 9:04AM","5"
"Brian Brobbey","SUN","F","Drop","1-Diamond Dogs","","1","Sat Sep 20, 2025, 9:04AM","5"
"Douglas Luiz","AVL","M","Claim","1-Floetry in Motion","","1","Sat Sep 20, 2025, 8:48AM","5"
"Callum Wilson","WHU","F","Claim","1-DeezRut(ter)z","","1","Sat Sep 20, 2025, 8:46AM","5"
"Niclas Füllkrug","WHU","F","Drop","1-DeezRut(ter)z","","1","Sat Sep 20, 2025, 8:46AM","5"
"Michael Keane","EVE","D","Claim","1 - Absolute Ekitekkers","","1","Sat Sep 20, 2025, 7:10AM","5"
"Simon Adingra","SUN","M","Drop","1 - Absolute Ekitekkers","","1","Sat Sep 20, 2025, 7:10AM","5"
"Andrew Robertson","LIV","D","Drop","1-Floetry in Motion","","1","Sat Sep 20, 2025, 6:22AM","5"
"Conor Bradley","LIV","D","Claim","1-Rainy Night at Stoke","","1","Sat Sep 20, 2025, 6:15AM","5"
"Joelinton","NEW","M","Drop","1-Rainy Night at Stoke","","1","Sat Sep 20, 2025, 6:15AM","5"
"Martin Dubravka","BUR","G","Claim","1-Floetry in Motion","","1","Fri Sep 19, 2025, 8:37PM","5"
"Djordje Petrovic","BOU","G","Drop","1-Floetry in Motion","","1","Fri Sep 19, 2025, 8:37PM","5"
"Andrew Robertson","LIV","D","Claim","1-Floetry in Motion","","1","Fri Sep 19, 2025, 10:42AM","5"
"Rodrigo Gomes","WOL","M","Drop","1-Floetry in Motion","","1","Fri Sep 19, 2025, 10:42AM","5"
"Joe Rodon","LEE","D","Claim","1-Diamond Dogs","","1","Fri Sep 19, 2025, 10:32AM","5"
"Andrew Robertson","LIV","D","Drop","1-Diamond Dogs","","1","Fri Sep 19, 2025, 10:32AM","5"
"Michael Kayode","BRF","D","Claim","1-Rainy Night at Stoke","","1","Thu Sep 18, 2025, 9:43PM","5"
"Nordi Mukiele","SUN","D","Drop","1-Rainy Night at Stoke","","1","Thu Sep 18, 2025, 9:43PM","5"
"Christantus Uche","CRY","M","Claim","1-Rainy Night at Stoke","0.13","1","Thu Sep 18, 2025, 9:00PM","5"
"Abdukodir Khusanov","MCI","D","Drop","1-Rainy Night at Stoke","","1","Thu Sep 18, 2025, 9:00PM","5"
"Dilane Bakwa","NOT","F","Claim","1-Daam Daniel","","1","Wed Sep 17, 2025, 4:24PM","5"
"Michael Kayode","BRF","D","Drop","1-Daam Daniel","","1","Wed Sep 17, 2025, 4:24PM","5"
"Enzo Le Fée","SUN","M","Claim","1- Black Friday @ Nordi’s","","1","Wed Sep 17, 2025, 12:42PM","5"
"Kenny Tete","FUL","D","Drop","1- Black Friday @ Nordi’s","","1","Wed Sep 17, 2025, 12:42PM","5"
"Quilindschy Hartman","BUR","D","Claim","1- Black Friday @ Nordi’s","","1","Wed Sep 17, 2025, 12:16PM","5"
"Ruben Dias","MCI","D","Drop","1- Black Friday @ Nordi’s","","1","Wed Sep 17, 2025, 12:16PM","5"
"Rodrigo Gomes","WOL","M","Claim","1-Floetry in Motion","","1","Wed Sep 17, 2025, 9:53AM","5"
"Sepp van den Berg","BRF","D","Drop","1-Floetry in Motion","","1","Wed Sep 17, 2025, 9:53AM","5"
"Joao Gomes","WOL","M","Claim","1-Diamond Dogs","","1","Wed Sep 17, 2025, 9:22AM","5"
"Rodrigo Gomes","WOL","M","Drop","1-Diamond Dogs","","1","Wed Sep 17, 2025, 9:22AM","5"
"Dwight McNeil","EVE","M","Drop","1-What The Hecke","","1","Tue Sep 16, 2025, 10:52PM","5"
"Bafode Diakité","BOU","D","Claim","1-Diamond Dogs","","1","Tue Sep 16, 2025, 9:56PM","5"
"Hwang Hee-Chan","WOL","F","Drop","1-Diamond Dogs","","1","Tue Sep 16, 2025, 9:56PM","5"
"Kobbie Mainoo","MUN","M","Claim","1-Rainy Night at Stoke","","1","Tue Sep 16, 2025, 9:54PM","5"
"Noah Okafor","LEE","F","Drop","1-Rainy Night at Stoke","","1","Tue Sep 16, 2025, 9:54PM","5"
"Tosin Adarabioyo","CHE","D","Claim","1-Diamond Dogs","","1","Tue Sep 16, 2025, 9:37PM","5"
"Rico Lewis","MCI","D","Drop","1-Diamond Dogs","","1","Tue Sep 16, 2025, 9:37PM","5"
"Rodrigo Gomes","WOL","M","Claim","1-Diamond Dogs","","1","Tue Sep 16, 2025, 9:35PM","5"
"Nikola Milenkovic","NOT","D","Drop","1-Diamond Dogs","","1","Tue Sep 16, 2025, 9:35PM","5"
"Mathys Tel","TOT","F","Claim","1 - Moises parts the Red Seamen","","1","Tue Sep 16, 2025, 9:16PM","5"
"Nordi Mukiele","SUN","D","Claim","1-Rainy Night at Stoke","","1","Tue Sep 16, 2025, 9:08PM","5"
"Enzo Le Fée","SUN","M","Drop","1-Rainy Night at Stoke","","1","Tue Sep 16, 2025, 9:08PM","5"
"Michael Kayode","BRF","D","Claim","1-Daam Daniel","0.00","3","Tue Sep 16, 2025, 9:00PM","5"
"Ryan Sessegnon","FUL","M","Claim","1-Daam Daniel","0.00","2","Tue Sep 16, 2025, 9:00PM","5"
"Andrew Robertson","LIV","D","Claim","1-Diamond Dogs","1.00","3","Tue Sep 16, 2025, 9:00PM","5"
"Matz Sels","NOT","G","Drop","1-Diamond Dogs","","3","Tue Sep 16, 2025, 9:00PM","5"
"Dominic Calvert-Lewin","LEE","F","Claim","1-Floetry in Motion","7.00","1","Tue Sep 16, 2025, 9:00PM","5"
"Christantus Uche","CRY","M","Drop","1-Floetry in Motion","","1","Tue Sep 16, 2025, 9:00PM","5"
"Cristhian Mosquera","ARS","D","Claim","1-Diamond Dogs","9.00","2","Tue Sep 16, 2025, 9:00PM","5"
"Emile Smith Rowe","FUL","M","Drop","1-Diamond Dogs","","2","Tue Sep 16, 2025, 9:00PM","5"
"Omar Alderete","SUN","D","Claim","1-Daam Daniel","0.05","1","Tue Sep 16, 2025, 9:00PM","5"
"Pape Sarr","TOT","M","Claim","1-Diamond Dogs","18.00","1","Tue Sep 16, 2025, 9:00PM","5"
"John McGinn","AVL","M","Drop","1-Diamond Dogs","","1","Tue Sep 16, 2025, 9:00PM","5"
"Enzo Le Fée","SUN","M","Claim","1-Rainy Night at Stoke","0.01","1","Tue Sep 16, 2025, 9:00PM","5"
"Matty Cash","AVL","D","Drop","1-Rainy Night at Stoke","","1","Tue Sep 16, 2025, 9:00PM","5"
"Oleksandr Zinchenko","NOT","D","Claim","1 - Bruno’s Big Bean Burritos","0.01","1","Tue Sep 16, 2025, 9:00PM","5"
"Douglas Luiz","AVL","M","Drop","1 - Bruno’s Big Bean Burritos","","1","Tue Sep 16, 2025, 9:00PM","5"
"Lucas Bergvall","TOT","M","Claim","1-DeezRut(ter)z","1.70","1","Tue Sep 16, 2025, 9:00PM","5"
"Facundo Buonanotte","LEE","M","Drop","1-DeezRut(ter)z","","1","Mon Sep 15, 2025, 9:55PM","5"
"Tosin Adarabioyo","CHE","D","Drop","1-Daam Daniel","","1","Mon Sep 15, 2025, 9:21AM","5"
"Abdukodir Khusanov","MCI","D","Claim","1-Rainy Night at Stoke","","1","Sun Sep 14, 2025, 10:16AM","4"
"Matheus Nunes","MCI","D","Drop","1-Rainy Night at Stoke","","1","Sun Sep 14, 2025, 10:16AM","4"
"Matheus Nunes","MCI","D","Claim","1-Rainy Night at Stoke","","1","Sun Sep 14, 2025, 7:56AM","4"
"Conor Bradley","LIV","D","Drop","1-Rainy Night at Stoke","","1","Sun Sep 14, 2025, 7:56AM","4"
"Mathys Tel","TOT","F","Drop","1-Daam Daniel","","1","Sat Sep 13, 2025, 7:33PM","5"
"Wesley Fofana","CHE","D","Drop","1-Daam Daniel","","1","Sat Sep 13, 2025, 7:33PM","5"
"Wesley Fofana","CHE","D","Claim","1-Daam Daniel","","1","Sat Sep 13, 2025, 2:47PM","4"
"Facundo Buonanotte","LEE","M","Claim","1-DeezRut(ter)z","","1","Sat Sep 13, 2025, 1:46PM","4"
"Wesley Fofana","CHE","D","Drop","1-DeezRut(ter)z","","1","Sat Sep 13, 2025, 1:46PM","4"
"Wesley Fofana","CHE","D","Claim","1-DeezRut(ter)z","","1","Sat Sep 13, 2025, 1:46PM","4"
"Malo Gusto","CHE","D","Drop","1-DeezRut(ter)z","","1","Sat Sep 13, 2025, 1:46PM","4"
"Mathys Tel","TOT","F","Claim","1-Daam Daniel","","1","Sat Sep 13, 2025, 12:03PM","4"
"Micky van de Ven","TOT","D","Claim","1-Daam Daniel","","1","Sat Sep 13, 2025, 12:03PM","4"
"Callum Wilson","WHU","F","Drop","1-Daam Daniel","","1","Sat Sep 13, 2025, 12:02PM","4"
"Ruben Dias","MCI","D","Claim","1- Black Friday @ Nordi’s","","1","Sat Sep 13, 2025, 9:52AM","4"
"Nordi Mukiele","SUN","D","Drop","1- Black Friday @ Nordi’s","","1","Sat Sep 13, 2025, 9:52AM","4"
"Veljko Milosavljevic","BOU","D","Drop","1-Daam Daniel","","1","Sat Sep 13, 2025, 9:42AM","4"
"Veljko Milosavljevic","BOU","D","Claim","1-Daam Daniel","","1","Sat Sep 13, 2025, 9:35AM","4"
"Michael Kayode","BRF","D","Drop","1-Daam Daniel","","1","Thu Sep 11, 2025, 11:05PM","4"
"Omar Alderete","SUN","D","Drop","1-Daam Daniel","","1","Thu Sep 11, 2025, 11:05PM","4"
"Michael Kayode","BRF","D","Claim","1-Daam Daniel","","1","Sat Sep 13, 2025, 9:12AM","4"
"Wilson Isidor","SUN","F","Drop","1-Daam Daniel","","1","Sat Sep 13, 2025, 9:12AM","4"
"Matty Cash","AVL","D","Claim","1-Rainy Night at Stoke","","1","Sat Sep 13, 2025, 9:08AM","4"
"Michael Kayode","BRF","D","Drop","1-Rainy Night at Stoke","","1","Sat Sep 13, 2025, 9:08AM","4"
"Hwang Hee-Chan","WOL","F","Claim","1-Diamond Dogs","","1","Sat Sep 13, 2025, 9:07AM","4"
"William Osula","NEW","F","Drop","1-Diamond Dogs","","1","Sat Sep 13, 2025, 9:07AM","4"
"Michael Kayode","BRF","D","Claim","1-Rainy Night at Stoke","","1","Sat Sep 13, 2025, 9:01AM","4"
"Enzo Le Fée","SUN","M","Drop","1-Rainy Night at Stoke","","1","Sat Sep 13, 2025, 9:01AM","4"
"Wilson Isidor","SUN","F","Claim","1-Daam Daniel","","1","Sat Sep 13, 2025, 9:01AM","4"
"Stefanos Tzimas","BHA","F","Drop","1-Daam Daniel","","1","Sat Sep 13, 2025, 9:00AM","4"
"Tolu Arokodare","WOL","F","Claim","1-What The Hecke","","1","Sat Sep 13, 2025, 9:00AM","4"
"Bafode Diakité","BOU","D","Drop","1-What The Hecke","","1","Sat Sep 13, 2025, 9:00AM","4"
"Kieran Trippier","NEW","D","Claim","1-DeezRut(ter)z","","1","Sat Sep 13, 2025, 8:49AM","4"
"Jhon Arias","WOL","M","Drop","1-DeezRut(ter)z","","1","Sat Sep 13, 2025, 8:49AM","4"
"Mats Wieffer","BHA","M","Claim","1-Floetry in Motion","","1","Sat Sep 13, 2025, 8:48AM","4"
"Christantus Uche","CRY","M","Claim","1-Floetry in Motion","","1","Sat Sep 13, 2025, 8:47AM","4"
"Thierno Barry","EVE","F","Drop","1-Floetry in Motion","","1","Sat Sep 13, 2025, 8:47AM","4"
"Yerson Mosquera","WOL","D","Claim","1 - Bruno’s Big Bean Burritos","","1","Sat Sep 13, 2025, 8:47AM","4"
"Reinildo Isnard Mandava","SUN","D","Drop","1 - Bruno’s Big Bean Burritos","","1","Sat Sep 13, 2025, 8:47AM","4"
"Noah Okafor","LEE","F","Claim","1-Rainy Night at Stoke","","1","Sat Sep 13, 2025, 8:46AM","4"
"Christantus Uche","CRY","M","Drop","1-Rainy Night at Stoke","","1","Sat Sep 13, 2025, 8:46AM","4"
"Carlos Alcaraz","EVE","M","Drop","1-Floetry in Motion","","1","Sat Sep 13, 2025, 8:46AM","4"
"Brian Brobbey","SUN","F","Claim","1-Diamond Dogs","","1","Fri Sep 12, 2025, 11:25PM","4"
"Daniel James","LEE","M","Drop","1-Diamond Dogs","","1","Fri Sep 12, 2025, 11:25PM","4"
"John McGinn","AVL","M","Claim","1-Diamond Dogs","","1","Fri Sep 12, 2025, 11:24PM","4"
"Dominic Calvert-Lewin","LEE","F","Drop","1-Diamond Dogs","","1","Fri Sep 12, 2025, 11:24PM","4"
"Jayden Bogle","LEE","D","Claim","1 - Absolute Ekitekkers","","1","Fri Sep 12, 2025, 10:43PM","4"
"Carlos Alcaraz","EVE","M","Claim","1-Floetry in Motion","","1","Fri Sep 12, 2025, 10:51AM","4"
"Joelinton","NEW","M","Claim","1-Rainy Night at Stoke","","1","Fri Sep 12, 2025, 10:43AM","4"
"Reiss Nelson","BRF","F","Drop","1-Rainy Night at Stoke","","1","Fri Sep 12, 2025, 10:43AM","4"
"Reinildo Isnard Mandava","SUN","D","Claim","1 - Bruno’s Big Bean Burritos","","1","Fri Sep 12, 2025, 9:39AM","4"
"John McGinn","AVL","M","Drop","1 - Bruno’s Big Bean Burritos","","1","Fri Sep 12, 2025, 9:39AM","4"
"Daichi Kamada","CRY","M","Claim","1 - Bruno’s Big Bean Burritos","","1","Fri Sep 12, 2025, 9:27AM","4"
"Michael Kayode","BRF","D","Drop","1 - Bruno’s Big Bean Burritos","","1","Fri Sep 12, 2025, 9:27AM","4"
"Nordi Mukiele","SUN","D","Claim","1- Black Friday @ Nordi’s","","1","Fri Sep 12, 2025, 1:16AM","4"
"Yasin Ayari","BHA","M","Drop","1- Black Friday @ Nordi’s","","1","Fri Sep 12, 2025, 1:16AM","4"
"Kenny Tete","FUL","D","Claim","1- Black Friday @ Nordi’s","","1","Wed Sep 10, 2025, 11:19PM","4"
"Jackson Tchatchoua","WOL","D","Drop","1- Black Friday @ Nordi’s","","1","Wed Sep 10, 2025, 11:19PM","4"
"Malo Gusto","CHE","D","Claim","1-DeezRut(ter)z","","1","Wed Sep 10, 2025, 7:59PM","4"
"Tyler Adams","BOU","M","Claim","1-The Gyök Gyök 3000","","1","Tue Sep 9, 2025, 9:42PM","4"
"Will Hughes","CRY","M","Drop","1-The Gyök Gyök 3000","","1","Tue Sep 9, 2025, 9:42PM","4"
"Stefanos Tzimas","BHA","F","Claim","1-Daam Daniel","","1","Tue Sep 9, 2025, 9:19PM","4"
"Jadon Sancho","AVL","M","Claim","1 - Bruno’s Big Bean Burritos","","1","Tue Sep 9, 2025, 9:07PM","4"
"Senne Lammens","MUN","G","Drop","1 - Bruno’s Big Bean Burritos","","1","Tue Sep 9, 2025, 9:07PM","4"
"Matt O'Riley","BHA","M","Drop","1-DeezRut(ter)z","","1","Tue Sep 9, 2025, 9:05PM","4"
"William Osula","NEW","F","Claim","1-Diamond Dogs","","1","Tue Sep 9, 2025, 9:04PM","4"
"Tosin Adarabioyo","CHE","D","Claim","1-Daam Daniel","","1","Tue Sep 9, 2025, 9:03PM","4"
"Martin Dubravka","BUR","G","Drop","1-Daam Daniel","","1","Tue Sep 9, 2025, 9:01PM","4"
"Matt O'Riley","BHA","M","Claim","1-DeezRut(ter)z","","1","Tue Sep 9, 2025, 9:01PM","4"
"Callum Wilson","WHU","F","Claim","1-Daam Daniel","0.05","8","Tue Sep 9, 2025, 9:00PM","4"
"Senne Lammens","MUN","G","Claim","1 - Bruno’s Big Bean Burritos","0.00","9","Tue Sep 9, 2025, 9:00PM","4"
"Omar Alderete","SUN","D","Claim","1-Daam Daniel","0.01","7","Tue Sep 9, 2025, 9:00PM","4"
"Mateus Goncalo Espanha Fernandes","WHU","M","Claim","1-Dr. Dioufenshmirtz","13.05","6","Tue Sep 9, 2025, 9:00PM","4"
"Robin Roefs","SUN","G","Claim","1-Rainy Night at Stoke","0.00","17","Tue Sep 9, 2025, 9:00PM","4"
"Lucas Perri","LEE","G","Drop","1-Rainy Night at Stoke","","17","Tue Sep 9, 2025, 9:00PM","4"
"Dean Henderson","CRY","G","Claim","1 - Bruno’s Big Bean Burritos","0.01","8","Tue Sep 9, 2025, 9:00PM","4"
"Kevin Santos Lopes de Macedo","FUL","F","Claim","1-Dr. Dioufenshmirtz","21.05","8","Tue Sep 9, 2025, 9:00PM","4"
"Brajan Gruda","BHA","M","Claim","1-Dr. Dioufenshmirtz","24.10","4","Tue Sep 9, 2025, 9:00PM","4"
"Bafode Diakité","BOU","D","Claim","1-What The Hecke","0.00","2","Tue Sep 9, 2025, 9:00PM","4"
"Amadou Onana","AVL","M","Drop","1-What The Hecke","","2","Tue Sep 9, 2025, 9:00PM","4"
"Christantus Uche","CRY","M","Claim","1-Rainy Night at Stoke","7.00","8","Tue Sep 9, 2025, 9:00PM","4"
"Mason Mount","MUN","M","Drop","1-Rainy Night at Stoke","","8","Tue Sep 9, 2025, 9:00PM","4"
"Gianluigi Donnarumma","MCI","G","Claim","1-Daam Daniel","0.04","2","Tue Sep 9, 2025, 9:00PM","4"
"Randal Kolo Muani","TOT","F","Claim","1-Dr. Dioufenshmirtz","35.03","7","Tue Sep 9, 2025, 9:00PM","4"
"Marcos Senesi","BOU","D","Claim","1-Dr. Dioufenshmirtz","1.04","9","Tue Sep 9, 2025, 9:00PM","4"
"Sasa Lukic","FUL","M","Claim","1-The Gyök Gyök 3000","1.51","3","Tue Sep 9, 2025, 9:00PM","4"
"Dejan Kulusevski","TOT","M","Drop","1-The Gyök Gyök 3000","","3","Tue Sep 9, 2025, 9:00PM","4"
"Yeremy Pino","CRY","M","Claim","1- Black Friday @ Nordi’s","33.00","2","Tue Sep 9, 2025, 9:00PM","4"
"Nick Woltemade","NEW","F","Claim","1-Rainy Night at Stoke","67.00","2","Tue Sep 9, 2025, 9:00PM","4"
"Jacob Ramsey","NEW","M","Drop","1-Rainy Night at Stoke","","2","Tue Sep 9, 2025, 9:00PM","4"
"Will Hughes","CRY","M","Claim","1-The Gyök Gyök 3000","0.00","1","Tue Sep 9, 2025, 9:00PM","4"
"Mathys Tel","TOT","F","Drop","1-The Gyök Gyök 3000","","1","Tue Sep 9, 2025, 9:00PM","4"
"Tyler Dibling","EVE","M","Claim","1 - Moises parts the Red Seamen","25.00","1","Tue Sep 9, 2025, 9:00PM","4"
"Diogo Dalot","MUN","D","Drop","1 - Moises parts the Red Seamen","","1","Tue Sep 9, 2025, 9:00PM","4"
"Xavi Simons","TOT","M","Claim","1 - Absolute Ekitekkers","150.00","1","Tue Sep 9, 2025, 9:00PM","4"
"Mats Wieffer","BHA","M","Drop","1-Floetry in Motion","","1","Tue Sep 9, 2025, 8:59PM","4"
"Ola Aina","NOT","D","Drop","1- Black Friday @ Nordi’s","","1","Tue Sep 9, 2025, 6:12PM","4"
"Romain Esse","CRY","M","Drop","1 - Bruno’s Big Bean Burritos","","1","Tue Sep 9, 2025, 5:09PM","4"
"Marco Bizot","AVL","G","Drop","1 - Bruno’s Big Bean Burritos","","1","Tue Sep 9, 2025, 5:06PM","4"
"Kieran Trippier","NEW","D","Drop","1-Dr. Dioufenshmirtz","","1","Tue Sep 9, 2025, 5:00PM","4"
"Ryan Sessegnon","FUL","M","Drop","1-Dr. Dioufenshmirtz","","1","Tue Sep 9, 2025, 5:00PM","4"
"Adam Wharton","CRY","M","Drop","1 - Moises parts the Red Seamen","","1","Thu Sep 4, 2025, 10:27AM","4"
"Matt O'Riley","BHA","M","Drop","1-Dr. Dioufenshmirtz","","1","Wed Sep 3, 2025, 11:19AM","4"
"Daichi Kamada","CRY","M","Drop","1-Floetry in Motion","","1","Wed Sep 3, 2025, 10:46AM","4"
"Matheus Nunes","MCI","D","Drop","1-DeezRut(ter)z","","1","Tue Sep 2, 2025, 9:02AM","4"
"Pape Sarr","TOT","M","Drop","1-Dr. Dioufenshmirtz","","1","Mon Sep 1, 2025, 1:25PM","4"
"Fabio Vieira","ARS","M","Drop","1-Daam Daniel","","1","Mon Sep 1, 2025, 8:10AM","4"
"Leandro Trossard","ARS","M","Drop","1-Daam Daniel","","1","Sun Aug 31, 2025, 9:23PM","4"
"William Osula","NEW","F","Drop","1-Daam Daniel","","1","Sun Aug 31, 2025, 9:22PM","4"
"Donyell Malen","AVL","F","Drop","1-Daam Daniel","","1","Sun Aug 31, 2025, 9:22PM","4"
"Matty Cash","AVL","D","Drop","1-Floetry in Motion","","1","Sun Aug 31, 2025, 5:51PM","4"
"Marco Bizot","AVL","G","Claim","1 - Bruno’s Big Bean Burritos","","1","Sun Aug 31, 2025, 12:56PM","3"
"Emiliano Martinez","AVL","G","Drop","1 - Bruno’s Big Bean Burritos","","1","Sun Aug 31, 2025, 12:56PM","3"
"Donyell Malen","AVL","F","Claim","1-Daam Daniel","","1","Sun Aug 31, 2025, 12:47PM","3"
"Emiliano Buendia","AVL","M","Claim","1-DeezRut(ter)z","","1","Sun Aug 31, 2025, 10:30AM","3"
"Ethan Nwaneri","ARS","M","Drop","1-DeezRut(ter)z","","1","Sun Aug 31, 2025, 10:30AM","3"
"Mikel Merino","ARS","M","Claim","1-What The Hecke","","1","Sun Aug 31, 2025, 10:18AM","3"
"Justin Devenny","CRY","M","Drop","1-What The Hecke","","1","Sun Aug 31, 2025, 10:18AM","3"
"Emmanuel Agbadou","WOL","D","Drop","1-Daam Daniel","","1","Sun Aug 31, 2025, 8:53AM","4"
"Kyle Walker-Peters","WHU","D","Drop","1-Daam Daniel","","1","Sun Aug 31, 2025, 8:22AM","3"
"Leandro Trossard","ARS","M","Claim","1-Daam Daniel","","1","Sun Aug 31, 2025, 7:58AM","3"
"Matheus Nunes","MCI","D","Claim","1-DeezRut(ter)z","","1","Sun Aug 31, 2025, 7:51AM","3"
"Carlos Baleba","BHA","M","Drop","1-DeezRut(ter)z","","1","Sun Aug 31, 2025, 7:51AM","3"
"Kyle Walker-Peters","WHU","D","Claim","1-Daam Daniel","","1","Sun Aug 31, 2025, 7:47AM","3"
"Carlos Baleba","BHA","M","Claim","1-DeezRut(ter)z","","1","Sun Aug 31, 2025, 7:47AM","3"
"Callum Wilson","WHU","F","Drop","1-DeezRut(ter)z","","1","Sun Aug 31, 2025, 7:47AM","3"
"Callum Wilson","WHU","F","Claim","1-DeezRut(ter)z","","1","Sat Aug 30, 2025, 2:49PM","3"
"Jacob Ramsey","NEW","M","Claim","1-Rainy Night at Stoke","","1","Sat Aug 30, 2025, 11:43AM","3"
"Jayden Bogle","LEE","D","Drop","1-Rainy Night at Stoke","","1","Sat Aug 30, 2025, 11:43AM","3"
"Jayden Bogle","LEE","D","Claim","1-Rainy Night at Stoke","","1","Sat Aug 30, 2025, 11:40AM","3"
"Joel Piroe","LEE","F","Drop","1-Rainy Night at Stoke","","1","Sat Aug 30, 2025, 11:40AM","3"
"Diogo Dalot","MUN","D","Claim","1 - Moises parts the Red Seamen","","1","Sat Aug 30, 2025, 9:51AM","3"
"Fabio Carvalho","BRF","M","Drop","1 - Moises parts the Red Seamen","","1","Sat Aug 30, 2025, 9:51AM","3"
"Christopher Nkunku","CHE","F","Drop","1-Dr. Dioufenshmirtz","","1","Sat Aug 30, 2025, 9:40AM","4"
"Yasin Ayari","BHA","M","Claim","1- Black Friday @ Nordi’s","","1","Sat Aug 30, 2025, 9:31AM","3"
"Ehor Yarmolyuk","BRF","M","Drop","1- Black Friday @ Nordi’s","","1","Sat Aug 30, 2025, 9:30AM","3"
"Beto","EVE","F","Claim","1 - Bruno’s Big Bean Burritos","","1","Sat Aug 30, 2025, 9:26AM","3"
"Omar Alderete","SUN","D","Drop","1 - Bruno’s Big Bean Burritos","","1","Sat Aug 30, 2025, 9:26AM","3"
"Hugo Bueno","WOL","D","Drop","1-Daam Daniel","","1","Sat Aug 30, 2025, 9:25AM","3"
"Beto","EVE","F","Drop","1-Daam Daniel","","1","Sat Aug 30, 2025, 9:25AM","3"
"Carlos Alcaraz","EVE","M","Drop","1-DeezRut(ter)z","","1","Sat Aug 30, 2025, 9:09AM","3"
"Beto","EVE","F","Claim","1-Daam Daniel","","1","Sat Aug 30, 2025, 8:56AM","3"
"Quilindschy Hartman","BUR","D","Drop","1-Daam Daniel","","1","Sat Aug 30, 2025, 8:56AM","3"
"Hugo Bueno","WOL","D","Claim","1-Daam Daniel","","1","Sat Aug 30, 2025, 8:49AM","3"
"Enzo Le Fée","SUN","M","Claim","1-Rainy Night at Stoke","","1","Sat Aug 30, 2025, 8:45AM","3"
"Eliezer Mayenda","SUN","F","Drop","1-Rainy Night at Stoke","","1","Sat Aug 30, 2025, 8:45AM","3"
"Fabio Vieira","ARS","M","Claim","1-Daam Daniel","","1","Sat Aug 30, 2025, 8:25AM","3"
"Tosin Adarabioyo","CHE","D","Drop","1-Daam Daniel","","1","Sat Aug 30, 2025, 6:48AM","3"
"Matty Cash","AVL","D","Claim","1-Floetry in Motion","","1","Sat Aug 30, 2025, 5:22AM","3"
"Facundo Buonanotte","LEE","M","Drop","1-Floetry in Motion","","1","Sat Aug 30, 2025, 5:22AM","3"
"Reiss Nelson","BRF","F","Claim","1-Rainy Night at Stoke","","1","Fri Aug 29, 2025, 9:56PM","3"
"Matty Cash","AVL","D","Drop","1-Rainy Night at Stoke","","1","Fri Aug 29, 2025, 9:56PM","3"
"Tosin Adarabioyo","CHE","D","Claim","1-Daam Daniel","","1","Fri Aug 29, 2025, 9:09PM","3"
"James Garner","EVE","M","Claim","1- Black Friday @ Nordi’s","","1","Fri Aug 29, 2025, 11:46AM","3"
"Joelinton","NEW","M","Drop","1- Black Friday @ Nordi’s","","1","Fri Aug 29, 2025, 11:46AM","3"
"Facundo Buonanotte","LEE","M","Claim","1-Floetry in Motion","","1","Fri Aug 29, 2025, 11:14AM","3"
"Stefanos Tzimas","BHA","F","Drop","1-Floetry in Motion","","1","Fri Aug 29, 2025, 11:14AM","3"
"Nicolas Jackson","CHE","F","Drop","1-Daam Daniel","","1","Fri Aug 29, 2025, 10:05AM","3"
"Facundo Buonanotte","LEE","M","Drop","1-Daam Daniel","","1","Fri Aug 29, 2025, 10:03AM","3"
"Mats Wieffer","BHA","M","Claim","1-Floetry in Motion","","1","Thu Aug 28, 2025, 9:39PM","3"
"Tomas Soucek","WHU","M","Drop","1-Floetry in Motion","","1","Thu Aug 28, 2025, 9:39PM","3"
"Facundo Buonanotte","LEE","M","Claim","1-Daam Daniel","","1","Thu Aug 28, 2025, 2:00PM","3"
"Noah Okafor","LEE","F","Drop","1-Daam Daniel","","1","Thu Aug 28, 2025, 10:10AM","3"
"Tomas Soucek","WHU","M","Claim","1-Floetry in Motion","","1","Wed Aug 27, 2025, 9:25PM","3"
"Leandro Trossard","ARS","M","Drop","1-Floetry in Motion","","1","Wed Aug 27, 2025, 9:25PM","3"
"Stefanos Tzimas","BHA","F","Claim","1-Floetry in Motion","","1","Wed Aug 27, 2025, 6:40PM","3"
"Callum Wilson","WHU","F","Drop","1-Floetry in Motion","","1","Wed Aug 27, 2025, 6:40PM","3"
"Noah Okafor","LEE","F","Claim","1-Daam Daniel","","1","Wed Aug 27, 2025, 10:10AM","3"
"Tosin Adarabioyo","CHE","D","Drop","1-Daam Daniel","","1","Wed Aug 27, 2025, 10:10AM","3"
"Leandro Trossard","ARS","M","Claim","1-Floetry in Motion","0.00","4","Tue Aug 26, 2025, 9:00PM","3"
"Lucas Perri","LEE","G","Claim","1-Rainy Night at Stoke","0.00","2","Tue Aug 26, 2025, 9:00PM","3"
"Dean Henderson","CRY","G","Drop","1-Rainy Night at Stoke","","2","Tue Aug 26, 2025, 9:00PM","3"
"Emmanuel Agbadou","WOL","D","Claim","1-Daam Daniel","0.02","4","Tue Aug 26, 2025, 9:00PM","3"
"Ethan Nwaneri","ARS","M","Claim","1-DeezRut(ter)z","1.50","2","Tue Aug 26, 2025, 9:00PM","3"
"Callum Wilson","WHU","F","Claim","1-Floetry in Motion","0.00","3","Tue Aug 26, 2025, 9:00PM","3"
"Martin Dubravka","BUR","G","Claim","1-Daam Daniel","0.00","5","Tue Aug 26, 2025, 9:00PM","3"
"Matty Cash","AVL","D","Claim","1-Rainy Night at Stoke","3.00","3","Tue Aug 26, 2025, 9:00PM","3"
"Jayden Bogle","LEE","D","Drop","1-Rainy Night at Stoke","","3","Tue Aug 26, 2025, 9:00PM","3"
"João Palhinha","TOT","M","Claim","1 - Absolute Ekitekkers","5.00","1","Tue Aug 26, 2025, 9:00PM","3"
"Habib Diarra","SUN","M","Drop","1 - Absolute Ekitekkers","","1","Tue Aug 26, 2025, 9:00PM","3"
"James Ward-Prowse","BUR","M","Claim","1-DeezRut(ter)z","2.20","1","Tue Aug 26, 2025, 9:00PM","3"
"William Osula","NEW","F","Claim","1-Daam Daniel","3.02","1","Tue Aug 26, 2025, 9:00PM","3"
"Dominic Calvert-Lewin","LEE","F","Claim","1-Diamond Dogs","1.00","1","Tue Aug 26, 2025, 9:00PM","3"
"Adama Traore","WHU","F","Drop","1-Diamond Dogs","","1","Tue Aug 26, 2025, 9:00PM","3"
"Tyrone Mings","AVL","D","Claim","1-What The Hecke","0.00","1","Tue Aug 26, 2025, 9:00PM","3"
"Ehor Yarmolyuk","BRF","M","Claim","1- Black Friday @ Nordi’s","0.00","1","Tue Aug 26, 2025, 9:00PM","3"
"Marshall Munetsi","WOL","M","Drop","1- Black Friday @ Nordi’s","","1","Tue Aug 26, 2025, 9:00PM","3"
"Christopher Nkunku","CHE","F","Claim","1-Dr. Dioufenshmirtz","0.00","1","Tue Aug 26, 2025, 9:00PM","3"
"Mats Wieffer","BHA","M","Drop","1-Daam Daniel","","1","Tue Aug 26, 2025, 8:54PM","3"
"Malo Gusto","CHE","D","Drop","1-DeezRut(ter)z","","1","Tue Aug 26, 2025, 7:57PM","3"
"Yasin Ayari","BHA","M","Drop","1-DeezRut(ter)z","","1","Tue Aug 26, 2025, 7:54PM","3"
"Marcos Senesi","BOU","D","Drop","1-Dr. Dioufenshmirtz","","1","Mon Aug 25, 2025, 8:40PM","3"
"Joshua King","FUL","M","Drop","1-What The Hecke","","1","Sun Aug 24, 2025, 1:23PM","3"
"Joshua King","FUL","M","Claim","1-What The Hecke","","1","Sun Aug 24, 2025, 11:23AM","2"
"Casemiro","MUN","M","Drop","1-What The Hecke","","1","Sun Aug 24, 2025, 11:23AM","2"
"Mason Mount","MUN","M","Claim","1-Rainy Night at Stoke","","1","Sun Aug 24, 2025, 10:18AM","2"
"Kenny Tete","FUL","D","Drop","1-Rainy Night at Stoke","","1","Sun Aug 24, 2025, 10:18AM","2"
"Yasin Ayari","BHA","M","Claim","1-DeezRut(ter)z","","1","Sun Aug 24, 2025, 8:30AM","2"
"Lucas Perri","LEE","G","Drop","1-Daam Daniel","","1","Sat Aug 23, 2025, 4:45PM","3"
"Lyle Foster","BUR","F","Drop","1-Daam Daniel","","1","Sat Aug 23, 2025, 2:31PM","3"
"Joao Gomes","WOL","M","Drop","1-Floetry in Motion","","1","Sat Aug 23, 2025, 1:44PM","3"
"Omar Alderete","SUN","D","Claim","1 - Bruno’s Big Bean Burritos","","1","Sat Aug 23, 2025, 9:35AM","2"
"Chemsdine Talbi","SUN","F","Drop","1 - Bruno’s Big Bean Burritos","","1","Sat Aug 23, 2025, 9:35AM","2"
"Marcos Senesi","BOU","D","Claim","1-Dr. Dioufenshmirtz","","1","Sat Aug 23, 2025, 9:34AM","2"
"Omar Alderete","SUN","D","Drop","1-Dr. Dioufenshmirtz","","1","Sat Aug 23, 2025, 9:34AM","2"
"Chemsdine Talbi","SUN","F","Claim","1 - Bruno’s Big Bean Burritos","","1","Sat Aug 23, 2025, 9:05AM","2"
"Jacob Bruun Larsen","BUR","F","Drop","1 - Bruno’s Big Bean Burritos","","1","Sat Aug 23, 2025, 9:05AM","2"
"Jacob Bruun Larsen","BUR","F","Claim","1 - Bruno’s Big Bean Burritos","","1","Sat Aug 23, 2025, 9:00AM","2"
"Matty Cash","AVL","D","Drop","1 - Bruno’s Big Bean Burritos","","1","Sat Aug 23, 2025, 9:00AM","2"
"Amadou Onana","AVL","M","Claim","1-What The Hecke","","1","Sat Aug 23, 2025, 8:58AM","2"
"Mikel Merino","ARS","M","Drop","1-What The Hecke","","1","Sat Aug 23, 2025, 8:58AM","2"
"Kieran Trippier","NEW","D","Claim","1-Dr. Dioufenshmirtz","","1","Sat Aug 23, 2025, 8:47AM","2"
"Donyell Malen","AVL","F","Drop","1-Dr. Dioufenshmirtz","","1","Sat Aug 23, 2025, 8:47AM","2"
"Omar Alderete","SUN","D","Claim","1-Dr. Dioufenshmirtz","","1","Sat Aug 23, 2025, 7:34AM","2"
"Matheus Nunes","MCI","D","Drop","1-Dr. Dioufenshmirtz","","1","Thu Aug 21, 2025, 11:05PM","2"
"Matheus Nunes","MCI","D","Drop","1-Dr. Dioufenshmirtz","","1","Sat Aug 23, 2025, 7:30AM","3"
"Nico González","MCI","M","Drop","1-Floetry in Motion","","1","Sat Aug 23, 2025, 7:28AM","2"
"Matty Cash","AVL","D","Claim","1 - Bruno’s Big Bean Burritos","","1","Sat Aug 23, 2025, 6:18AM","2"
"Omari Hutchinson","NOT","F","Drop","1 - Bruno’s Big Bean Burritos","","1","Sat Aug 23, 2025, 6:18AM","2"
"Omari Hutchinson","NOT","F","Claim","1 - Bruno’s Big Bean Burritos","","1","Fri Aug 22, 2025, 1:51PM","2"
"Josh Acheampong","CHE","D","Drop","1 - Bruno’s Big Bean Burritos","","1","Fri Aug 22, 2025, 1:48PM","2"
"Malo Gusto","CHE","D","Claim","1-DeezRut(ter)z","","1","Fri Aug 22, 2025, 1:47PM","2"
"Jean-Ricner Bellegarde","WOL","M","Drop","1-DeezRut(ter)z","","1","Fri Aug 22, 2025, 1:47PM","2"
"Djed Spence","TOT","D","Claim","1 - Moises parts the Red Seamen","","1","Fri Aug 22, 2025, 11:06AM","2"
"João Palhinha","TOT","M","Drop","1 - Moises parts the Red Seamen","","1","Fri Aug 22, 2025, 11:06AM","2"
"Amine Adli","BOU","F","Claim","1- Black Friday @ Nordi’s","3.00","1","Thu Aug 21, 2025, 9:00PM","2"
"Wilfried Gnonto","LEE","F","Drop","1- Black Friday @ Nordi’s","","1","Thu Aug 21, 2025, 9:00PM","2"
"Douglas Luiz","AVL","M","Claim","1 - Bruno’s Big Bean Burritos","1.00","1","Thu Aug 21, 2025, 9:00PM","2"
"Dominic Calvert-Lewin","LEE","F","Drop","1 - Bruno’s Big Bean Burritos","","1","Thu Aug 21, 2025, 9:00PM","2"
"Justin Devenny","CRY","M","Claim","1-What The Hecke","","1","Thu Aug 21, 2025, 2:26PM","2"
"Jack Harrison","LEE","M","Drop","1-What The Hecke","","1","Thu Aug 21, 2025, 2:26PM","2"
"Tosin Adarabioyo","CHE","D","Claim","1-Daam Daniel","","1","Thu Aug 21, 2025, 11:23AM","2"
"Beto","EVE","F","Drop","1-Daam Daniel","","1","Thu Aug 21, 2025, 11:23AM","2"
"Daichi Kamada","CRY","M","Claim","1-Floetry in Motion","","1","Thu Aug 21, 2025, 10:52AM","2"
"Jarrad Branthwaite","EVE","D","Drop","1-Floetry in Motion","","1","Thu Aug 21, 2025, 10:52AM","2"
"Kenny Tete","FUL","D","Claim","1-Rainy Night at Stoke","","1","Thu Aug 21, 2025, 10:17AM","2"
"James Mcatee","NOT","M","Drop","1-Rainy Night at Stoke","","1","Thu Aug 21, 2025, 10:17AM","2"
"Rico Lewis","MCI","D","Claim","1-Diamond Dogs","","1","Wed Aug 20, 2025, 4:44AM","2"
"Archie Gray","TOT","M","Drop","1-Diamond Dogs","","1","Wed Aug 20, 2025, 4:44AM","2"
"Joao Gomes","WOL","M","Claim","1-Floetry in Motion","","1","Tue Aug 19, 2025, 9:32PM","2"
"Micky van de Ven","TOT","D","Drop","1-Floetry in Motion","","1","Tue Aug 19, 2025, 9:32PM","2"
"Jarrad Branthwaite","EVE","D","Claim","1-Floetry in Motion","","1","Tue Aug 19, 2025, 9:31PM","2"
"Ryan Sessegnon","FUL","M","Claim","1-Dr. Dioufenshmirtz","","1","Tue Aug 19, 2025, 9:25PM","2"
"Jarrad Branthwaite","EVE","D","Drop","1-Dr. Dioufenshmirtz","","1","Tue Aug 19, 2025, 9:25PM","2"
"Chris Richards","CRY","D","Claim","1-Daam Daniel","","1","Tue Aug 19, 2025, 9:23PM","2"
"Marcos Senesi","BOU","D","Drop","1-Daam Daniel","","1","Tue Aug 19, 2025, 9:23PM","2"
"Dominic Calvert-Lewin","LEE","F","Claim","1 - Bruno’s Big Bean Burritos","","1","Tue Aug 19, 2025, 9:19PM","2"
"Chris Richards","CRY","D","Drop","1 - Bruno’s Big Bean Burritos","","1","Tue Aug 19, 2025, 9:19PM","2"
"Marcos Senesi","BOU","D","Claim","1-Daam Daniel","","1","Tue Aug 19, 2025, 9:15PM","2"
"Djed Spence","TOT","D","Drop","1-Daam Daniel","","1","Tue Aug 19, 2025, 9:15PM","2"
"Jackson Tchatchoua","WOL","D","Claim","1- Black Friday @ Nordi’s","","1","Tue Aug 19, 2025, 9:02PM","2"
"Yasin Ayari","BHA","M","Drop","1- Black Friday @ Nordi’s","","1","Tue Aug 19, 2025, 9:02PM","2"
"Emiliano Martinez","AVL","G","Claim","1 - Bruno’s Big Bean Burritos","0.00","13","Tue Aug 19, 2025, 9:00PM","2"
"Igor Jesus Maciel da Cruz","NOT","F","Drop","1 - Bruno’s Big Bean Burritos","","13","Tue Aug 19, 2025, 9:00PM","2"
"Jarrad Branthwaite","EVE","D","Claim","1-Dr. Dioufenshmirtz","0.00","13","Tue Aug 19, 2025, 9:00PM","2"
"Chris Richards","CRY","D","Claim","1 - Bruno’s Big Bean Burritos","0.00","7","Tue Aug 19, 2025, 9:00PM","2"
"Donyell Malen","AVL","F","Claim","1-Dr. Dioufenshmirtz","0.00","11","Tue Aug 19, 2025, 9:00PM","2"
"James Ward-Prowse","BUR","M","Drop","1-Dr. Dioufenshmirtz","","11","Tue Aug 19, 2025, 9:00PM","2"
"Nico González","MCI","M","Claim","1-Floetry in Motion","0.00","8","Tue Aug 19, 2025, 9:00PM","2"
"Josh Acheampong","CHE","D","Claim","1 - Bruno’s Big Bean Burritos","0.00","5","Tue Aug 19, 2025, 9:00PM","2"
"Sepp van den Berg","BRF","D","Claim","1-Floetry in Motion","0.00","5","Tue Aug 19, 2025, 9:00PM","2"
"Matthijs de Ligt","MUN","D","Claim","1-Dr. Dioufenshmirtz","2.00","7","Tue Aug 19, 2025, 9:00PM","2"
"Kieran Trippier","NEW","D","Drop","1-Dr. Dioufenshmirtz","","7","Tue Aug 19, 2025, 9:00PM","2"
"David Brooks","BOU","M","Claim","1-DeezRut(ter)z","5.00","3","Tue Aug 19, 2025, 9:00PM","2"
"Lucas Bergvall","TOT","M","Drop","1-DeezRut(ter)z","","3","Tue Aug 19, 2025, 9:00PM","2"
"Lyle Foster","BUR","F","Claim","1-Daam Daniel","1.00","5","Tue Aug 19, 2025, 9:00PM","2"
"Marshall Munetsi","WOL","M","Claim","1- Black Friday @ Nordi’s","1.00","2","Tue Aug 19, 2025, 9:00PM","2"
"Myles Lewis-Skelly","ARS","D","Drop","1- Black Friday @ Nordi’s","","2","Tue Aug 19, 2025, 9:00PM","2"
"Josh Cullen","BUR","M","Claim","1-Dr. Dioufenshmirtz","2.00","4","Tue Aug 19, 2025, 9:00PM","2"
"Quilindschy Hartman","BUR","D","Claim","1-Daam Daniel","2.00","4","Tue Aug 19, 2025, 9:00PM","2"
"Gabriel Gudmundsson","LEE","D","Claim","1-DeezRut(ter)z","22.00","1","Tue Aug 19, 2025, 9:00PM","2"
"David Møller Wolfe","WOL","D","Drop","1-DeezRut(ter)z","","1","Tue Aug 19, 2025, 9:00PM","2"
"Danny Ballard","SUN","D","Claim","1-The Gyök Gyök 3000","26.00","2","Tue Aug 19, 2025, 9:00PM","2"
"Max Kilman","WHU","D","Drop","1-The Gyök Gyök 3000","","2","Tue Aug 19, 2025, 9:00PM","2"
"Ben White","ARS","D","Claim","1-The Gyök Gyök 3000","2.50","1","Tue Aug 19, 2025, 9:00PM","2"
"Curtis Jones","LIV","M","Drop","1-The Gyök Gyök 3000","","1","Tue Aug 19, 2025, 9:00PM","2"
"Anton Stach","LEE","M","Claim","1-Daam Daniel","22.00","1","Tue Aug 19, 2025, 9:00PM","2"
"Eliezer Mayenda","SUN","F","Claim","1-Rainy Night at Stoke","6.00","1","Tue Aug 19, 2025, 9:00PM","2"
"Chemsdine Talbi","SUN","F","Drop","1-Rainy Night at Stoke","","1","Tue Aug 19, 2025, 9:00PM","2"
"Ryan Sessegnon","FUL","M","Drop","1-Daam Daniel","","1","Tue Aug 19, 2025, 8:59PM","2"
"Carlos Baleba","BHA","M","Drop","1-Floetry in Motion","","1","Tue Aug 19, 2025, 7:04PM","2"
"Yerson Mosquera","WOL","D","Drop","1-Floetry in Motion","","1","Tue Aug 19, 2025, 7:04PM","2"
"Fer Lopez","WOL","F","Drop","1-Floetry in Motion","","1","Tue Aug 19, 2025, 7:04PM","2"
"Michael Keane","EVE","D","Drop","1-Daam Daniel","","1","Mon Aug 18, 2025, 8:14PM","2"
"Antoni Milambo","BRF","M","Drop","1 - Bruno’s Big Bean Burritos","","1","Mon Aug 18, 2025, 7:53PM","2"
"Mads Hermansen","WHU","G","Drop","1 - Bruno’s Big Bean Burritos","","1","Mon Aug 18, 2025, 7:53PM","2"
"Ben Doak","BOU","F","Drop","1-Daam Daniel","","1","Mon Aug 18, 2025, 7:53PM","2"
"Joshua King","FUL","M","Drop","1-Dr. Dioufenshmirtz","","1","Mon Aug 18, 2025, 2:34PM","2"
"Leandro Trossard","ARS","M","Drop","1-Dr. Dioufenshmirtz","","1","Mon Aug 18, 2025, 2:34PM","2"
"Riccardo Calafiori","ARS","D","Claim","1-Floetry in Motion","","1","Sun Aug 17, 2025, 10:44AM","1"
"Igor Jesus Maciel da Cruz","NOT","F","Claim","1 - Bruno’s Big Bean Burritos","0.00","1","Thu Aug 14, 2025, 11:05PM","1"
"Chris Richards","CRY","D","Drop","1 - Bruno’s Big Bean Burritos","","1","Thu Aug 14, 2025, 11:05PM","1"
"Antoni Milambo","BRF","M","Claim","1 - Bruno’s Big Bean Burritos","","1","Sun Aug 17, 2025, 7:48AM","1"
"Igor Jesus Maciel da Cruz","NOT","F","Drop","1 - Bruno’s Big Bean Burritos","","1","Sun Aug 17, 2025, 7:48AM","1"
"Michael Keane","EVE","D","Claim","1-Daam Daniel","","1","Sat Aug 16, 2025, 1:45PM","1"
"Malo Gusto","CHE","D","Drop","1-Daam Daniel","","1","Sat Aug 16, 2025, 1:45PM","1"
"Malo Gusto","CHE","D","Claim","1-Daam Daniel","","1","Sat Aug 16, 2025, 1:31PM","1"
"Tosin Adarabioyo","CHE","D","Drop","1-Daam Daniel","","1","Sat Aug 16, 2025, 1:23PM","1"
"Ola Aina","NOT","D","Claim","1- Black Friday @ Nordi’s","","1","Sat Aug 16, 2025, 12:00PM","1"
"Ruben Dias","MCI","D","Drop","1- Black Friday @ Nordi’s","","1","Sat Aug 16, 2025, 12:00PM","1"
"Jean-Ricner Bellegarde","WOL","M","Claim","1-DeezRut(ter)z","","1","Sat Aug 16, 2025, 11:24AM","1"
"Archie Gray","TOT","M","Claim","1-Diamond Dogs","","1","Sat Aug 16, 2025, 9:32AM","1"
"Tomas Soucek","WHU","M","Drop","1-Diamond Dogs","","1","Sat Aug 16, 2025, 9:32AM","1"
"Casemiro","MUN","M","Claim","1-What The Hecke","","1","Sat Aug 16, 2025, 9:17AM","1"
"Ethan Pinnock","BRF","D","Drop","1-What The Hecke","","1","Sat Aug 16, 2025, 9:17AM","1"
"Enzo Le Fée","SUN","M","Drop","1-DeezRut(ter)z","","1","Sat Aug 16, 2025, 8:50AM","1"
"Lucas Bergvall","TOT","M","Claim","1-DeezRut(ter)z","","1","Sat Aug 16, 2025, 8:47AM","1"
"Brajan Gruda","BHA","M","Drop","1-DeezRut(ter)z","","1","Sat Aug 16, 2025, 8:47AM","1"
"Mads Hermansen","WHU","G","Claim","1 - Bruno’s Big Bean Burritos","","1","Sat Aug 16, 2025, 8:46AM","1"
"Danny Welbeck","BHA","F","Drop","1 - Bruno’s Big Bean Burritos","","1","Sat Aug 16, 2025, 8:46AM","1"
"Joshua King","FUL","M","Claim","1-Dr. Dioufenshmirtz","","1","Sat Aug 16, 2025, 8:46AM","1"
"Jacob Ramsey","NEW","M","Drop","1-Dr. Dioufenshmirtz","","1","Sat Aug 16, 2025, 6:53AM","1"
"Rodrigo Bentancur","TOT","M","Drop","1-DeezRut(ter)z","","1","Sat Aug 16, 2025, 6:31AM","1"
"Donyell Malen","AVL","F","Drop","1-Floetry in Motion","","1","Sat Aug 16, 2025, 6:29AM","1"
"Joshua King","FUL","M","Drop","1-Daam Daniel","","1","Fri Aug 15, 2025, 9:45PM","1"
"Leandro Trossard","ARS","M","Claim","1-Dr. Dioufenshmirtz","","1","Fri Aug 15, 2025, 6:37PM","1"
"Jacob Ramsey","NEW","M","Claim","1-Dr. Dioufenshmirtz","","1","Fri Aug 15, 2025, 6:28PM","1"
"Keane Lewis-Potter","BRF","M","Drop","1-Dr. Dioufenshmirtz","","1","Fri Aug 15, 2025, 6:28PM","1"
"Keane Lewis-Potter","BRF","M","Claim","1-Dr. Dioufenshmirtz","","1","Fri Aug 15, 2025, 6:27PM","1"
"Ruben Dias","MCI","D","Claim","1- Black Friday @ Nordi’s","","1","Fri Aug 15, 2025, 2:27PM","1"
"Anton Stach","LEE","M","Drop","1- Black Friday @ Nordi’s","","1","Fri Aug 15, 2025, 2:27PM","1"
"Joachim Andersen","FUL","D","Claim","1 - Bruno’s Big Bean Burritos","","1","Fri Aug 15, 2025, 12:38PM","1"
"Ferdi Kadioglu","BHA","D","Drop","1 - Bruno’s Big Bean Burritos","","1","Fri Aug 15, 2025, 12:38PM","1"
"John McGinn","AVL","M","Claim","1 - Bruno’s Big Bean Burritos","","1","Fri Aug 15, 2025, 12:34PM","1"
"Hamed Traore","BOU","M","Drop","1 - Bruno’s Big Bean Burritos","","1","Fri Aug 15, 2025, 12:34PM","1"
"Oscar Bobb","FUL","M","Claim","1- Black Friday @ Nordi’s","","1","Fri Aug 15, 2025, 10:58AM","1"
"Jarrad Branthwaite","EVE","D","Drop","1- Black Friday @ Nordi’s","","1","Fri Aug 15, 2025, 10:58AM","1"
"Ben Doak","BOU","F","Claim","1-Daam Daniel","","1","Fri Aug 15, 2025, 7:36AM","1"
"Ben White","ARS","D","Drop","1-Daam Daniel","","1","Fri Aug 15, 2025, 7:36AM","1"
"Tomas Soucek","WHU","M","Claim","1-Diamond Dogs","","1","Fri Aug 15, 2025, 5:13AM","1"
"Yerson Mosquera","WOL","D","Claim","1-Floetry in Motion","","1","Thu Aug 14, 2025, 10:54PM","1"
"Andreas Pereira","FUL","M","Drop","1-Floetry in Motion","","1","Thu Aug 14, 2025, 10:54PM","1"
"Lucas Perri","LEE","G","Claim","1-Daam Daniel","","1","Thu Aug 14, 2025, 9:45PM","1"
"Mads Hermansen","WHU","G","Drop","1-Daam Daniel","","1","Thu Aug 14, 2025, 9:45PM","1"
"Joshua King","FUL","M","Claim","1-Daam Daniel","","1","Thu Aug 14, 2025, 9:22PM","1"
"Kenny Tete","FUL","D","Drop","1-Daam Daniel","","1","Thu Aug 14, 2025, 9:22PM","1"
"Mads Hermansen","WHU","G","Claim","1-Daam Daniel","","1","Thu Aug 14, 2025, 9:19PM","1"
"Jose Sa","WOL","G","Drop","1-Daam Daniel","","1","Thu Aug 14, 2025, 9:19PM","1"
"Tosin Adarabioyo","CHE","D","Claim","1-Daam Daniel","","1","Thu Aug 14, 2025, 9:03PM","1"
"Eliezer Mayenda","SUN","F","Drop","1-Daam Daniel","","1","Thu Aug 14, 2025, 9:03PM","1"
"Richarlison","TOT","F","Claim","1-Daam Daniel","","1","Thu Aug 14, 2025, 9:02PM","1"
"João Palhinha","TOT","M","Claim","1 - Moises parts the Red Seamen","","1","Thu Aug 14, 2025, 9:01PM","1"
"Brenden Aaronson","LEE","M","Drop","1 - Moises parts the Red Seamen","","1","Thu Aug 14, 2025, 9:01PM","1"
"Kieran Trippier","NEW","D","Claim","1-Dr. Dioufenshmirtz","","1","Thu Aug 14, 2025, 9:01PM","1"
"Chemsdine Talbi","SUN","F","Claim","1-Rainy Night at Stoke","0.00","6","Thu Aug 14, 2025, 9:00PM","1"
"Hamed Traore","BOU","M","Claim","1 - Bruno’s Big Bean Burritos","0.00","4","Thu Aug 14, 2025, 9:00PM","1"
"Fabio Carvalho","BRF","M","Claim","1 - Moises parts the Red Seamen","2.00","5","Thu Aug 14, 2025, 9:00PM","1"
"David Møller Wolfe","WOL","D","Claim","1-DeezRut(ter)z","0.00","2","Thu Aug 14, 2025, 9:00PM","1"
"Micky van de Ven","TOT","D","Claim","1-Floetry in Motion","0.00","4","Thu Aug 14, 2025, 9:00PM","1"
"Sepp van den Berg","BRF","D","Drop","1-Floetry in Motion","","4","Thu Aug 14, 2025, 9:00PM","1"
"Yasin Ayari","BHA","M","Claim","1- Black Friday @ Nordi’s","2.00","3","Thu Aug 14, 2025, 9:00PM","1"
"Romain Esse","CRY","M","Claim","1 - Bruno’s Big Bean Burritos","22.00","2","Thu Aug 14, 2025, 9:00PM","1"
"Destiny Udogie","TOT","D","Claim","1 - Moises parts the Red Seamen","2.00","3","Thu Aug 14, 2025, 9:00PM","1"
"Marcos Senesi","BOU","D","Drop","1 - Moises parts the Red Seamen","","3","Thu Aug 14, 2025, 9:00PM","1"
"James Mcatee","NOT","M","Claim","1-Rainy Night at Stoke","4.00","2","Thu Aug 14, 2025, 9:00PM","1"
"Diogo Dalot","MUN","D","Drop","1-Rainy Night at Stoke","","2","Thu Aug 14, 2025, 9:00PM","1"
"Carlos Baleba","BHA","M","Claim","1-Floetry in Motion","0.00","1","Thu Aug 14, 2025, 9:00PM","1"
"Evann Guessand","CRY","F","Claim","1 - Bruno’s Big Bean Burritos","61.00","1","Thu Aug 14, 2025, 9:00PM","1"
"Benjamin Sesko","MUN","F","Claim","1-What The Hecke","101.00","1","Thu Aug 14, 2025, 9:00PM","1"
"Eli Kroupi","BOU","F","Drop","1-What The Hecke","","1","Thu Aug 14, 2025, 9:00PM","1"
"Curtis Jones","LIV","M","Claim","1-The Gyök Gyök 3000","2.00","1","Thu Aug 14, 2025, 9:00PM","1"
"Yerson Mosquera","WOL","D","Drop","1 - Bruno’s Big Bean Burritos","","1","Thu Aug 14, 2025, 9:02AM","1"
"Alex Scott","BOU","M","Drop","1-Dr. Dioufenshmirtz","","1","Wed Aug 13, 2025, 11:20AM","1"
