"ID","Player","Team","Position","RkOv","Status","Opponent","FPts","FP/G","Ros","+/-","GP","GS","Min","G","A","A2","KP","AF","SOT","SOP","TkW","TLM","DIS","FS","YC","RC","ACNC","Int","IntB","CLR","CoS","BS","AER","PKM","PKD","OG","GAO","MCS"
"*05u94*","Michael Olise","CRY","M","15","Laeka B","NOT 1<br/>@CRY 1 F","25.72","25.72","0%","0%","1","1","87","0","2","0","3","0","0","0","2","0","1","4","0","0","0","1","0","0","1","0","1","0","0","0","0","87"
"*03v6w*","Ivan Toney","BRF","F","14","FA","MCI 0<br/>@BRF 1 F","25.25","25.25","0%","0%","1","1","88","1","1","0","2","0","1","0","0","0","2","3","0","0","0","1","0","1","0","2","5","0","0","0","0","88"
"*05r9b*","Martin Odegaard","ARS","M","8","011","WOL 0<br/>@ARS 5 F","24.5","24.5","96%","0%","1","1","86","1","1","0","3","0","1","0","0","0","1","0","0","0","1","0","0","0","1","0","0","0","0","0","2","0"
"*062dt*","Joao Palhinha","FUL","M","87","RK U8","FUL 1<br/>@MUN 2 F","24.25","24.25","42%","0%","1","1","90","1","0","0","0","0","1","0","3","0","1","3","0","0","0","4","0","4","0","1","3","0","0","0","1","0"
"*04spp*","Douglas Luiz","AVL","M","36","KFFC","BHA 1<br/>@AVL 2 F","23.9","23.9","11%","-1%","1","1","81","1","0","0","1","0","3","0","1","0","0","2","0","0","0","2","0","1","1","0","0","0","0","0","0","81"
"*03dx3*","Kieran Trippier","NEW","D","3","Laeka B","NEW 1<br/>@CHE 1 F","22.5","22.5","36%","+2%","1","1","90","0","0","0","6","0","0","0","3","0","0","1","1","0","1","1","0","0","0","0","2","0","0","0","0","90"
"*05nt6*","Eberechi Eze","CRY","M","18","RyRob","NOT 1<br/>@CRY 1 F","22.31","22.31","98%","0%","1","1","73","1","0","0","3","0","2","0","1","0","1","1","0","0","0","1","0","0","0","0","0","0","0","0","0","73"
"*03dyp*","Riyad Mahrez","MCI","F","59","011","MCI 0<br/>@BRF 1 F","21","21","0%","0%","1","1","90","0","1","0","5","0","1","0","0","0","0","0","0","0","2","0","0","0","1","0","0","0","0","0","1","0"
"*03srg*","Trent Alexander-Arnold","LIV","D","13","RyRob","LIV 4<br/>@SOU 4 F","20.5","20.5","0%","0%","1","1","85","0","0","0","2","1","0","0","3","0","1","1","0","0","2","4","1","0","1","0","0","0","0","0","1","0"
"*05oh2*","Thiago Alcantara","LIV","M","263","DF","LIV 4<br/>@SOU 4 F","19.5","19.5","0%","0%","1","1","90","0","0","0","2","0","0","0","3","0","1","6","0","0","0","3","2","0","3","1","0","0","0","0","1","0"
"*05gcr*","Bruno Fernandes","MUN","M","2","RyRob","FUL 1<br/>@MUN 2 F","18.98","18.98","100%","0%","1","1","88","0","1","0","4","0","1","0","0","0","0","1","0","0","0","1","0","1","0","0","0","0","0","0","0","88"
"*05gcc*","Kiernan Dewsbury-Hall","LEI","M","97","YUM","WHU 1<br/>@LEI 2 F","18.75","18.75","87%","0%","1","1","90","1","0","0","0","0","1","0","2","0","0","2","0","0","2","0","0","1","2","0","0","0","0","0","2","0"
"*052h5*","Gabriel Martinelli","ARS","M","10","FA","WOL 0<br/>@ARS 5 F","18.75","18.75","45%","0%","1","1","90","1","0","0","0","1","2","0","1","0","2","0","0","0","0","0","0","0","1","0","1","0","0","0","2","0"
"*051kl*","Emiliano Buendia","AVL","M","88","FA","BHA 1<br/>@AVL 2 F","18.65","18.65","30%","+1%","1","1","81","1","0","0","2","0","1","0","1","0","2","0","0","0","0","1","0","1","1","0","0","0","0","0","0","81"
"*05mzx*","Liam Cooper","LEE","D","230","thomas","TOT 4<br/>@LEE 1 F","18","18","0%","0%","1","1","90","0","0","0","0","0","0","0","4","0","0","0","0","0","0","3","1","6","0","0","3","0","0","0","0","90"
"*04qr0*","Willy Boly","WOL/NOT","D","362","DDT","NOT 1<br/>@CRY 1 F","17.25","17.25","0%","0%","1","1","90","0","1","0","1","0","0","0","2","0","0","0","0","0","0","2","0","5","0","1","1","0","0","0","1","0"
"*04y92*","Bukayo Saka","ARS","M","5","DF","WOL 0<br/>@ARS 5 F","16.5","16.5","100%","0%","1","1","90","1","0","0","1","0","1","0","2","0","0","0","1","0","0","2","0","2","0","0","0","0","0","0","2","0"
"*03sgc*","Jordan Ayew","CRY","F","70","RK U8","NOT 1<br/>@CRY 1 F","16.5","16.5","0%","0%","1","1","73","1","0","0","0","0","1","0","2","0","1","6","0","0","0","0","0","0","0","0","1","0","0","0","0","73"
"*05oeh*","Kenny Tete","FUL","D","47","j.l.","FUL 1<br/>@MUN 2 F","16.25","16.25","32%","0%","1","1","90","0","1","0","1","0","0","0","2","0","1","1","0","0","0","2","1","2","0","0","1","0","0","0","1","0"
"*02oq8*","James Ward-Prowse","SOU","M","11","YUM","LIV 4<br/>@SOU 4 F","16.25","16.25","32%","-6%","1","1","90","1","0","0","1","0","1","0","3","0","0","0","0","0","0","2","0","0","0","0","4","0","0","1","2","0"
"*04kj7*","Serge Aurier","TOT/NOT","D","141","DF","NOT 1<br/>@CRY 1 F","15.25","15.25","0%","0%","1","1","90","1","0","0","0","0","1","0","2","0","2","0","0","0","0","0","0","3","0","0","1","0","0","0","1","0"
"*05tr8*","Christian Norgaard","BRF","M","149","FA","MCI 0<br/>@BRF 1 F","15.25","15.25","7%","0%","1","1","90","0","0","0","1","1","1","0","1","0","0","2","0","0","0","1","1","4","0","1","0","0","0","0","0","90"
"*05ocl*","Ollie Watkins","AVL","F","21","011","BHA 1<br/>@AVL 2 F","14.5","14.5","99%","0%","1","1","90","0","1","0","3","0","0","0","0","0","1","1","0","0","0","0","0","2","1","0","3","0","0","0","0","90"
"*02lkp*","Raheem Sterling","CHE","F","124","RyRob","NEW 1<br/>@CHE 1 F","14.5","14.5","1%","0%","1","1","72","1","0","0","1","0","1","0","0","0","2","1","0","0","1","0","0","1","1","0","0","0","0","0","1","0"
"*0524k*","Rodri","MCI","M","49","Laeka B","MCI 0<br/>@BRF 1 F","14.25","14.25","76%","-2%","1","1","90","0","0","0","4","0","0","0","3","0","1","2","0","0","0","1","0","1","0","0","1","0","0","0","1","0"
"*03rxa*","Idrissa Gueye","EVE","M","112","AUTO REL","BOU 0<br/>@EVE 1 F","14","14","19%","-4%","1","1","77","0","1","0","2","0","0","0","0","0","0","0","0","0","0","2","0","2","0","1","0","0","0","0","1","0"
"*04ge9*","Eddie Nketiah","ARS","F","267","011","WOL 0<br/>@ARS 5 F","14","14","3%","0%","1","1","90","1","0","0","0","0","1","0","2","0","0","1","0","0","0","0","0","2","0","0","0","0","0","0","2","0"
"*061x2*","Darwin Nunez","LIV","F","90","AUTO REL","LIV 4<br/>@SOU 4 F","14","14","2%","0%","1","1","90","0","0","0","2","1","2","1","0","0","2","3","0","0","0","0","0","2","0","0","1","0","0","0","1","0"
"*04adp*","Aaron Wan-Bissaka","MUN","D","203","thomas","FUL 1<br/>@MUN 2 F","13.75","13.75","46%","0%","1","1","90","0","0","0","1","0","0","0","1","0","1","1","0","0","0","4","0","2","0","1","0","0","0","0","0","90"
"*05up6*","Raphael Varane","MUN","D","247","FA","FUL 1<br/>@MUN 2 F","13.75","13.75","0%","0%","1","1","90","0","0","0","0","0","0","0","0","0","0","0","0","0","0","0","0","7","1","3","4","0","0","0","0","90"
"*05vyj*","Evan Ferguson","BHA","F","251","DDT","BHA 1<br/>@AVL 2 F","13.5","13.5","94%","0%","1","0","29","1","0","0","0","0","2","0","0","0","1","0","0","0","0","0","0","0","0","0","2","0","0","0","1","0"
"*0554i*","Joelinton","NEW","M","30","FA","NEW 1<br/>@CHE 1 F","13.5","13.5","43%","+1%","1","1","90","0","0","0","2","0","1","0","2","0","2","1","0","0","0","1","0","1","1","1","2","0","0","0","0","90"
"*05tr1*","Ethan Pinnock","BRF","D","38","011","MCI 0<br/>@BRF 1 F","13.5","13.5","3%","0%","1","1","90","0","0","0","2","0","0","0","0","0","0","0","0","0","0","0","0","14","0","1","1","0","0","0","0","90"
"*062ft*","Tyrell Malacia","MUN","D","248","j.l.","FUL 1<br/>@MUN 2 F","13.5","13.5","0%","0%","1","1","90","0","0","0","1","0","0","0","0","0","0","1","0","0","1","2","1","7","0","0","1","0","0","0","0","90"
"*03ybi*","Marcus Rashford","MUN","F","17","Noah B","FUL 1<br/>@MUN 2 F","13.25","13.25","92%","0%","1","0","45","1","0","0","0","0","2","0","0","0","0","0","1","0","0","1","0","0","1","1","0","0","0","0","0","45"
"*050jq*","Marc Guehi","CRY","D","100","DF","NOT 1<br/>@CRY 1 F","13.25","13.25","98%","0%","1","1","90","0","0","0","0","0","1","0","2","0","0","1","0","0","0","1","0","4","0","1","1","0","0","0","0","90"
"*04fk1*","Pascal Gross","BHA","M","16","RK U8","BHA 1<br/>@AVL 2 F","12.75","12.75","74%","0%","1","1","90","0","1","0","3","0","0","0","1","0","1","0","0","0","0","0","0","0","0","0","0","0","0","0","4","0"
"*061va*","Boubacar Kamara","AVL","M","258","FA","BHA 1<br/>@AVL 2 F","12.75","12.75","7%","0%","1","1","90","0","0","0","1","0","0","0","2","0","2","4","0","0","0","3","0","0","1","1","1","0","0","0","0","90"
"*03dx7*","Ben Mee","BRF","D","22","YUM","MCI 0<br/>@BRF 1 F","12.75","12.75","0%","0%","1","1","90","0","0","0","0","0","0","0","0","0","0","0","0","0","0","2","0","1","0","2","4","0","0","0","0","90"
"*05mzz*","Pascal Struijk","LEE","D","123","j.l.","TOT 4<br/>@LEE 1 F","12.5","12.5","45%","-14%","1","1","90","0","0","0","0","0","0","0","3","0","0","0","1","0","0","1","0","6","0","1","3","0","0","0","0","90"
"*062ci*","Kaoru Mitoma","BHA","M","34","Laeka B","BHA 1<br/>@AVL 2 F","12.25","12.25","91%","-1%","1","1","90","1","0","0","0","0","1","0","0","0","3","1","0","0","0","1","0","0","0","0","2","0","0","0","4","0"
"*03yq8*","Demarai Gray","EVE","M","93","RyRob","BOU 0<br/>@EVE 1 F","12.25","12.25","0%","0%","1","1","90","1","0","0","0","0","1","0","0","0","3","1","0","0","0","1","0","0","0","1","0","0","0","0","1","0"
"*046c5*","Jarrod Bowen","WHU","M","25","RyRob","WHU 1<br/>@LEI 2 F","12","12","100%","0%","1","1","90","0","0","0","4","0","1","0","0","0","0","2","0","0","0","0","0","0","1","0","0","0","0","0","2","0"
"*05tr5*","Mads Roerslev","BRF","D","324","FA","MCI 0<br/>@BRF 1 F","12","12","0%","0%","1","1","90","0","0","0","1","0","0","0","2","0","0","1","0","0","0","1","0","3","0","0","1","0","0","0","0","90"
"*063u9*","Remo Freuler","NOT","M","252","FA","NOT 1<br/>@CRY 1 F","11.75","11.75","0%","0%","1","1","90","0","0","0","1","0","0","0","2","0","0","1","0","0","0","5","0","0","0","0","1","0","0","0","1","0"
"*04tm0*","Lucas Digne","AVL","D","254","011","BHA 1<br/>@AVL 2 F","11.75","11.75","60%","-3%","1","1","90","0","0","0","2","0","0","0","0","0","0","0","0","0","2","0","0","3","0","0","1","0","0","0","0","90"
"*02t1k*","Nathaniel Clyne","CRY","D","345","FA","NOT 1<br/>@CRY 1 F","11.75","11.75","1%","0%","1","1","90","0","0","0","0","0","0","0","2","0","0","0","0","0","0","3","0","2","0","0","1","0","0","0","0","90"
"*04fyg*","Zanka","BRF","D","332","FA","MCI 0<br/>@BRF 1 F","11.75","11.75","0%","0%","1","1","90","0","0","0","0","0","0","0","3","0","0","1","0","0","0","2","0","4","0","0","0","0","0","0","0","90"
"*048xg*","Josh Dasilva","BRF","M","228","FA","MCI 0<br/>@BRF 1 F","11.73","11.73","0%","0%","1","1","66","1","0","0","0","0","1","0","0","0","1","1","0","0","0","0","0","0","0","0","0","0","0","0","0","66"
"*02oq6*","Luke Shaw","MUN","D","60","FA","FUL 1<br/>@MUN 2 F","11.5","11.5","54%","+3%","1","1","90","0","0","0","0","0","0","0","1","0","0","1","0","0","1","2","0","1","0","1","1","0","0","0","0","90"
"*04tig*","Fabian Schar","NEW","D","26","RK U8","NEW 1<br/>@CHE 1 F","11.5","11.5","28%","0%","1","1","90","0","0","0","0","0","1","0","0","0","0","1","0","0","0","3","0","1","0","0","1","0","0","0","0","90"
"*02oox*","Kevin De Bruyne","MCI","M","7","011","MCI 0<br/>@BRF 1 F","11.25","11.25","0%","0%","1","1","90","0","0","0","5","0","1","0","0","0","2","0","1","0","1","1","0","0","0","0","0","0","0","0","1","0"
"*051k0*","John McGinn","AVL","M","101","RyRob","BHA 1<br/>@AVL 2 F","11.1","11.1","69%","0%","1","1","77","0","1","0","2","0","0","0","0","0","2","2","0","0","0","0","0","1","0","0","0","0","0","0","0","77"
"*062a9*","Sven Botman","NEW","D","82","FA","NEW 1<br/>@CHE 1 F","10.75","10.75","49%","+5%","1","1","90","0","0","0","0","0","1","0","0","0","0","0","0","0","0","1","0","2","0","1","2","0","0","0","0","90"
"*0522s*","Che Adams","SOU","F","136","FA","LIV 4<br/>@SOU 4 F","10.5","10.5","0%","0%","1","1","90","0","0","0","1","1","1","0","0","0","1","2","0","0","0","0","0","1","0","0","4","0","0","0","2","0"
"*0647t*","Lucas Paqueta","WHU","M","68","RyRob","WHU 1<br/>@LEI 2 F","10.25","10.25","32%","0%","1","1","81","0","0","0","3","0","0","0","2","0","0","1","0","0","0","0","0","1","1","0","0","0","0","0","2","0"
"*062h7*","Tyler Adams","LEE","M","188","FA","TOT 4<br/>@LEE 1 F","10.25","10.25","8%","0%","1","1","90","0","0","0","2","0","0","0","1","0","1","1","0","0","0","2","0","2","0","1","0","0","0","0","0","90"
"*062ot*","Cheick Doucoure","CRY","M","102","FA","NOT 1<br/>@CRY 1 F","10.25","10.25","1%","0%","1","1","90","0","0","0","0","0","1","0","2","0","0","1","0","0","0","2","0","1","1","0","1","0","0","0","0","90"
"*03rec*","Tyrone Mings","AVL","D","98","RK U8","BHA 1<br/>@AVL 2 F","10.25","10.25","12%","-1%","1","1","90","0","0","0","0","0","0","0","0","0","0","1","1","0","0","4","2","1","0","0","1","0","0","0","0","90"
"*061vq*","Erling Haaland","MCI","F","4","AUTO REL","MCI 0<br/>@BRF 1 F","10","10","100%","0%","1","1","90","1","0","0","0","0","1","0","0","0","0","2","1","0","0","0","0","0","0","0","0","0","0","0","1","0"
"*04qr9*","Morgan Gibbs-White","WOL/NOT","M","19","Laeka B","NOT 1<br/>@CRY 1 F","10","10","99%","0%","1","1","90","0","0","0","3","0","0","1","0","0","1","2","0","0","0","0","0","0","2","0","1","0","0","0","1","0"
"*03aqp*","Mohamed Salah","LIV","F","6","Laeka B","LIV 4<br/>@SOU 4 F","10","10","97%","0%","1","1","90","0","0","0","1","0","2","0","1","0","1","2","0","0","0","1","0","0","1","0","0","0","0","0","1","0"
"*04rzl*","Taiwo Awoniyi","NOT","F","195","DF","NOT 1<br/>@CRY 1 F","10","10","20%","+1%","1","1","87","0","0","0","2","0","1","0","2","0","1","2","0","0","0","0","0","1","1","1","0","0","0","0","1","0"
"*05opk*","Vladimir Coufal","WHU","D","137","RyRob","WHU 1<br/>@LEI 2 F","10","10","0%","0%","1","1","90","0","0","0","3","0","0","0","1","0","0","0","1","0","2","2","0","1","0","1","1","0","0","0","2","0"
"*062p9*","Kalidou Koulibaly","CHE","D","160","AUTO REL","NEW 1<br/>@CHE 1 F","10","10","0%","0%","1","1","90","0","0","0","2","0","0","0","2","0","0","2","0","0","0","0","0","2","0","0","2","0","0","0","1","0"
"*02lny*","Ashley Young","AVL","D","197","FA","BHA 1<br/>@AVL 2 F","10","10","0%","0%","1","1","90","0","0","0","0","0","0","0","0","0","0","2","0","0","0","2","0","6","0","1","0","0","0","0","0","90"
"*03m3q*","Ainsley Maitland-Niles","ARS/SOU","M","260","FA","LIV 4<br/>@SOU 4 F","9.75","9.75","0%","0%","1","1","88","0","0","0","0","0","0","0","2","0","1","0","0","0","0","5","0","2","0","0","2","0","0","0","2","0"
"*05nuh*","Robin Koch","LEE","D","146","FA","TOT 4<br/>@LEE 1 F","9.75","9.75","0%","0%","1","1","90","0","0","0","0","0","0","0","1","0","0","0","0","0","0","1","0","5","0","0","2","0","0","0","0","90"
"*05os8*","Joachim Andersen","CRY","D","105","KFFC","NOT 1<br/>@CRY 1 F","9.5","9.5","50%","-1%","1","1","90","0","0","0","0","0","0","0","1","0","0","0","1","0","0","1","0","8","0","0","3","0","0","0","0","90"
"*04spq*","Jack Harrison","LEE","M","42","Noah B","TOT 4<br/>@LEE 1 F","9.45","9.45","3%","0%","1","1","63","0","0","0","2","0","0","0","1","0","0","1","0","0","2","0","0","0","1","0","0","0","0","0","0","63"
"*063zi*","Matheus Nunes","WOL","M","108","YUM","WOL 0<br/>@ARS 5 F","9.25","9.25","99%","0%","1","1","90","0","0","0","1","0","0","0","2","0","3","3","0","0","0","2","0","1","1","1","0","0","0","0","1","0"
"*061ya*","Brennan Johnson","NOT","F","92","DF","NOT 1<br/>@CRY 1 F","9.25","9.25","54%","-1%","1","1","81","0","0","0","1","0","3","0","1","0","0","0","0","0","0","0","0","0","0","0","0","0","0","0","1","0"
"*061vg*","Siriki Dembele","BOU","M","445","FA","BOU 0<br/>@EVE 1 F","9.25","9.25","0%","0%","1","0","51","0","0","0","3","0","1","0","1","0","3","1","0","0","1","0","0","0","0","0","0","0","0","0","0","0"
"*05m46*","Luke Thomas","LEI","D","335","FA","WHU 1<br/>@LEI 2 F","9.25","9.25","0%","0%","1","1","90","0","0","0","1","0","0","0","1","0","0","0","0","0","0","4","0","0","1","0","2","0","0","0","2","0"
"*04tzt*","Jefferson Lerma","BOU","M","85","KFFC","BOU 0<br/>@EVE 1 F","9","9","22%","-4%","1","1","90","0","0","0","0","0","0","0","1","0","3","2","0","0","1","2","0","3","2","1","2","0","0","0","2","0"
"*05uhw*","Samuel Edozie","MCI/SOU","F","368","FA","LIV 4<br/>@SOU 4 F","8.75","8.75","0%","0%","1","1","76","0","0","0","0","0","1","0","3","0","1","1","0","0","0","2","0","0","0","0","1","0","0","0","1","0"
"*04ug0*","Sean Longstaff","NEW","M","154","FA","NEW 1<br/>@CHE 1 F","8.5","8.5","12%","0%","1","1","90","0","0","0","0","0","0","0","0","0","1","4","0","0","0","2","0","2","0","1","4","0","0","0","0","90"
"*05oyq*","Said Benrahma","WHU","M","58","RyRob","WHU 1<br/>@LEI 2 F","8.25","8.25","0%","0%","1","1","90","0","0","0","3","0","0","0","1","0","1","1","0","0","1","0","0","0","0","0","0","0","0","0","2","0"
"*043qz*","Pierre-Emile Hojbjerg","TOT","M","53","KFFC","TOT 4<br/>@LEE 1 F","8.25","8.25","0%","0%","1","1","87","0","0","0","1","0","0","0","2","0","2","0","0","0","0","2","0","1","0","1","2","0","0","0","2","0"
"*043c1*","Oleksandr Zinchenko","ARS","D,M","174","FA","WOL 0<br/>@ARS 5 F","8","8","1%","0%","1","1","59","0","0","0","1","0","1","0","1","0","0","2","0","0","0","1","0","0","0","0","1","0","0","0","0","0"
"*05u4m*","Patson Daka","LEI","F","207","FA","WHU 1<br/>@LEI 2 F","8","8","0%","0%","1","1","14","0","1","0","1","0","0","0","0","0","0","0","0","0","0","0","0","0","0","0","0","0","0","0","0","0"
"*05ylj*","Bruno Guimaraes","NEW","M","46","Noah B","NEW 1<br/>@CHE 1 F","8","8","100%","0%","1","1","90","0","0","0","0","0","0","0","3","0","4","5","1","0","0","1","0","0","2","0","3","0","0","0","0","90"
"*05w91*","Hwang Hee-Chan","WOL","F","292","j.l.","WOL 0<br/>@ARS 5 F","7.75","7.75","3%","0%","1","1","90","0","0","0","1","0","0","0","2","0","0","0","0","0","1","1","0","0","1","0","0","0","0","0","1","0"
"*03dyl*","Jeffrey Schlupp","CRY","M","119","FA","NOT 1<br/>@CRY 1 F","7.75","7.75","0%","0%","1","1","90","0","0","0","1","0","0","0","2","0","0","0","0","0","0","1","0","2","0","0","1","0","0","0","0","90"
"*04yo6*","Miguel Almiron","NEW","M","57","RK U8","NEW 1<br/>@CHE 1 F","7.67","7.67","0%","0%","1","1","83","0","0","0","1","0","0","0","0","0","1","4","0","0","0","1","0","0","2","0","0","0","0","0","0","83"
"*038ze*","Alex Iwobi","EVE","M","29","KFFC","BOU 0<br/>@EVE 1 F","7.5","7.5","83%","+7%","1","1","90","0","0","0","0","0","0","0","3","0","1","0","0","0","1","2","0","3","0","0","0","0","0","0","1","0"
"*03gu5*","Andrew Robertson","LIV","D","63","Laeka B","LIV 4<br/>@SOU 4 F","7.5","7.5","22%","-8%","1","1","61","0","0","0","2","0","0","0","0","0","0","0","0","0","2","1","0","1","0","0","0","0","0","0","1","0"
"*04tcc*","Jonny","WOL","D","303","FA","WOL 0<br/>@ARS 5 F","7.5","7.5","0%","0%","1","0","24","0","0","0","1","0","0","0","0","0","0","0","0","0","1","2","0","0","1","0","1","0","0","0","1","0"
"*04yim*","Christian Pulisic","CHE","M","330","FA","NEW 1<br/>@CHE 1 F","7.5","7.5","0%","0%","1","1","86","0","0","0","1","0","1","0","0","0","0","3","0","0","0","0","0","0","2","0","0","0","0","0","1","0"
"*02lsa*","Dan Burn","NEW","D","67","DF","NEW 1<br/>@CHE 1 F","7.5","7.5","75%","+1%","1","1","90","0","0","0","1","0","0","0","0","0","0","0","0","0","0","0","0","2","0","1","0","0","0","0","0","90"
"*02y6o*","Nathan Ake","MCI","D","211","FA","MCI 0<br/>@BRF 1 F","7.25","7.25","24%","+1%","1","1","90","0","0","0","1","0","0","0","0","0","0","3","0","0","0","0","0","3","0","0","3","0","0","0","1","0"
"*03v9d*","Son Heung-Min","TOT","F","27","j.l.","TOT 4<br/>@LEE 1 F","7","7","10%","0%","1","1","90","0","0","0","1","0","1","0","2","0","2","3","0","0","0","0","0","0","0","1","0","0","0","0","2","0"
"*02m4d*","Craig Dawson","WHU/WOL","D","204","FA","WOL 0<br/>@ARS 5 F","7","7","0%","0%","1","1","90","0","0","0","0","0","1","0","0","0","1","0","0","0","0","1","0","1","0","0","6","0","0","0","2","0"
"*04rf1*","Mohamed Elyounoussi","SOU","M","165","FA","LIV 4<br/>@SOU 4 F","7","7","0%","0%","1","1","88","0","0","0","2","0","0","0","2","0","2","0","1","0","0","1","0","1","1","0","2","0","0","0","2","0"
"*03vlj*","Virgil van Dijk","LIV","D","78","RK U8","LIV 4<br/>@SOU 4 F","6.75","6.75","100%","0%","1","1","90","0","0","0","1","0","0","0","0","0","0","0","0","0","0","0","0","3","0","0","4","0","0","0","1","0"
"*05w9i*","Marc Cucurella","CHE","D","215","FA","NEW 1<br/>@CHE 1 F","6.75","6.75","97%","0%","1","1","90","0","0","0","0","0","0","0","3","0","0","2","0","0","0","0","0","4","0","0","1","0","0","0","1","0"
"*05u1m*","Nathan Collins","WOL","D","272","FA","WOL 0<br/>@ARS 5 F","6.75","6.75","82%","+1%","1","1","90","0","0","0","0","0","0","0","0","0","0","1","0","0","0","2","0","3","1","2","0","0","0","0","1","0"
"*061vk*","Jaidon Anthony","BOU","F","255","FA","BOU 0<br/>@EVE 1 F","6.5","6.5","82%","+1%","1","1","79","0","0","0","1","0","0","0","2","0","0","0","1","0","3","0","0","0","1","0","0","0","0","0","2","0"
"*037mo*","Willian","ARS/FUL","F","83","RK U8","FUL 1<br/>@MUN 2 F","6.5","6.5","0%","0%","1","1","90","0","0","0","2","0","0","0","0","0","1","0","0","0","0","2","0","1","0","0","1","0","0","0","1","0"
"*0327v*","Wilfried Zaha","CRY","F","96","FA","NOT 1<br/>@CRY 1 F","6.5","6.5","0%","0%","1","1","90","0","0","0","2","0","0","0","1","0","3","2","0","0","0","1","0","2","0","0","1","0","0","0","0","90"
"*05ybq*","Vitalii Mykolenko","EVE","D","130","FA","BOU 0<br/>@EVE 1 F","6.25","6.25","61%","0%","1","1","90","0","0","0","0","0","0","0","2","0","0","2","0","0","0","0","0","7","0","0","1","0","0","0","1","0"
"*04yey*","Max Kilman","WOL","D","118","RK U8","WOL 0<br/>@ARS 5 F","6.25","6.25","19%","0%","1","1","90","0","0","0","0","0","0","0","1","0","0","0","0","0","0","1","0","3","0","2","1","0","0","0","1","0"
"*03jly*","Andreas Pereira","FUL","M","64","FA","FUL 1<br/>@MUN 2 F","6.25","6.25","7%","0%","1","1","88","0","0","1","0","1","0","0","0","0","1","1","0","0","0","0","0","1","0","0","0","0","0","0","1","0"
"*061z4*","Marc Roca","LEE","M","120","AUTO REL","TOT 4<br/>@LEE 1 F","6.25","6.25","0%","0%","1","0","45","0","0","0","0","0","0","0","4","0","0","1","1","0","0","1","0","0","0","0","2","0","0","0","0","45"
"*037wp*","Christian Eriksen","MUN","M","128","FA","FUL 1<br/>@MUN 2 F","6.17","6.17","0%","0%","1","1","60","0","0","0","1","0","0","0","1","0","0","0","0","0","1","1","0","0","0","0","0","0","0","0","0","60"
"*0427d*","James Tarkowski","EVE","D","23","DDT","BOU 0<br/>@EVE 1 F","6","6","99%","0%","1","1","90","0","0","0","0","0","0","0","0","0","0","0","1","0","0","1","0","11","0","2","2","0","0","0","1","0"
"*05nt7*","Thiago Silva","CHE","D","121","RK U8","NEW 1<br/>@CHE 1 F","6","6","0%","0%","1","1","90","0","0","0","0","0","0","0","1","0","0","2","0","0","0","1","0","6","0","0","1","0","0","0","1","0"
"*0642l*","Casemiro","MUN","M","76","thomas","FUL 1<br/>@MUN 2 F","6","6","82%","0%","1","1","90","0","0","0","0","0","0","0","2","0","0","4","1","0","0","1","0","1","0","0","2","0","0","0","0","90"
"*0329y*","Joel Ward","CRY","D","150","thomas","NOT 1<br/>@CRY 1 F","6","6","0%","0%","1","1","90","0","0","0","0","0","0","0","0","0","1","2","0","0","0","0","0","2","0","0","1","0","0","0","0","90"
"*04qos*","Issa Diop","WHU/FUL","D","193","FA","FUL 1<br/>@MUN 2 F","5.75","5.75","2%","+1%","1","1","90","0","0","0","0","0","0","0","1","0","0","0","0","0","0","1","0","5","0","0","2","0","0","0","1","0"
"*05a6d*","Tariq Lamptey","BHA","D","396","FA","BHA 1<br/>@AVL 2 F","5.75","5.75","0%","0%","1","1","90","0","0","0","1","0","0","0","2","0","0","2","0","0","1","2","1","0","0","2","0","0","0","0","4","0"
"*05gcq*","Daniel Podence","WOL","F","134","FA","WOL 0<br/>@ARS 5 F","5.75","5.75","0%","0%","1","1","80","0","0","0","1","0","0","0","0","0","0","1","0","0","1","1","0","0","1","0","0","0","0","0","1","0"
"*05mxb*","Hakim Ziyech","CHE","M","295","FA","NEW 1<br/>@CHE 1 F","5.75","5.75","0%","0%","1","0","17","0","0","0","1","0","0","0","1","0","0","3","0","0","1","0","0","0","0","0","0","0","0","0","0","0"
"*02lpu*","Adam Forshaw","LEE","M","400","FA","TOT 4<br/>@LEE 1 F","5.75","5.75","0%","0%","1","1","45","0","0","0","1","0","0","0","1","0","0","2","0","0","0","0","0","0","1","0","0","0","0","0","0","45"
"*04xjr*","Harvey Elliott","LIV","M","194","FA","LIV 4<br/>@SOU 4 F","5.5","5.5","8%","0%","1","1","85","0","0","0","1","0","0","0","2","0","1","3","0","0","0","0","0","0","0","0","0","0","0","0","1","0"
"*03ena*","Aaron Cresswell","WHU","D","139","RyRob","WHU 1<br/>@LEI 2 F","5.5","5.5","0%","0%","1","1","90","0","0","0","0","0","0","0","0","0","0","0","0","0","2","3","0","3","0","0","1","0","0","0","2","0"
"*051ki*","Ben Godfrey","EVE","D","380","FA","BOU 0<br/>@EVE 1 F","5.5","5.5","0%","0%","1","1","88","0","0","0","0","0","0","0","0","0","0","1","0","0","0","1","1","0","1","1","1","0","0","0","1","0"
"*02lz9*","Alex Oxlade-Chamberlain","LIV","M","414","FA","LIV 4<br/>@SOU 4 F","5.5","5.5","0%","0%","1","1","61","0","0","0","1","0","0","0","1","0","2","0","0","0","0","0","0","1","2","1","0","0","0","0","1","0"
"*04e1c*","Lewis Dunk","BHA","D","131","FA","BHA 1<br/>@AVL 2 F","5.25","5.25","32%","+5%","1","1","90","0","0","0","0","1","0","0","0","0","0","2","0","0","0","2","1","0","0","1","2","0","0","0","4","0"
"*061xw*","Joe Worrall","NOT","D","202","FA","NOT 1<br/>@CRY 1 F","5.25","5.25","0%","0%","1","1","90","0","0","0","0","0","0","0","0","0","0","0","0","0","0","1","0","4","0","1","2","0","0","0","1","0"
"*02vlk*","Cesar Azpilicueta","CHE","D","249","FA","NEW 1<br/>@CHE 1 F","5.25","5.25","0%","0%","1","1","90","0","0","0","0","0","0","0","1","0","0","1","1","0","0","0","0","2","0","2","3","0","0","0","1","0"
"*03ekk*","Diego Costa","CHE/WOL","F","378","FA","WOL 0<br/>@ARS 5 F","5.25","5.25","0%","0%","1","1","45","0","0","0","1","0","1","0","0","0","1","0","0","0","0","1","0","1","0","0","1","0","0","0","0","0"
"*05trk*","Saman Ghoddos","BRF","F","443","FA","MCI 0<br/>@BRF 1 F","5.25","5.25","0%","0%","1","0","22","0","0","0","1","0","1","0","0","0","0","0","0","0","0","1","0","0","0","0","0","0","0","0","0","22"
"*02lol*","Harry Kane","TOT","F","1","DDT","TOT 4<br/>@LEE 1 F","5.25","5.25","0%","0%","1","1","90","0","0","0","0","0","1","0","1","0","1","4","0","0","0","0","0","1","0","0","1","0","0","0","2","0"
"*04qr6*","Ruben Neves","WOL","M","43","DF","WOL 0<br/>@ARS 5 F","5.25","5.25","0%","0%","1","1","90","0","0","0","0","0","1","0","0","0","0","1","0","0","0","2","0","1","0","0","0","0","0","0","1","0"
"*0435m*","Granit Xhaka","ARS","M","37","KFFC","WOL 0<br/>@ARS 5 F","5","5","80%","+1%","1","1","90","0","0","0","1","0","0","0","0","0","0","0","0","0","0","0","0","2","1","1","1","0","0","0","2","0"
"*04mqv*","Emerson","CHE/WHU","D","290","FA","WHU 1<br/>@LEI 2 F","5","5","0%","0%","1","1","63","0","0","0","1","0","1","0","0","0","1","1","0","0","0","0","0","0","1","0","2","0","0","0","2","0"
"*056iw*","Allan Saint-Maximin","NEW","M","156","thomas","NEW 1<br/>@CHE 1 F","4.78","4.78","0%","0%","1","0","25","0","0","0","1","0","0","0","0","0","1","0","0","0","0","0","0","0","3","0","0","0","0","0","0","25"
"*04e1e*","Ben White","ARS","D","75","DF","WOL 0<br/>@ARS 5 F","4.75","4.75","70%","-1%","1","1","59","0","0","0","0","0","0","0","1","0","0","0","0","0","0","1","0","1","1","0","1","0","0","0","0","0"
"*04abn*","Harvey Barnes","LEI","M","65","Noah B","WHU 1<br/>@LEI 2 F","4.75","4.75","69%","+9%","1","1","90","0","0","0","0","0","1","0","0","0","1","2","0","0","0","1","0","0","1","0","0","0","0","0","2","0"
"*04sft*","Yves Bissouma","TOT","M","379","FA","TOT 4<br/>@LEE 1 F","4.75","4.75","2%","0%","1","1","79","0","0","0","1","0","0","0","0","0","0","0","1","0","1","1","0","0","1","1","1","0","0","0","2","0"
"*03rxb*","Angelo Ogbonna","WHU","D","302","FA","WHU 1<br/>@LEI 2 F","4.75","4.75","0%","0%","1","1","90","0","0","0","1","0","0","0","0","0","2","0","0","0","0","1","1","3","0","0","3","0","0","0","2","0"
"*03rzp*","Antonee Robinson","FUL","D","73","Noah B","FUL 1<br/>@MUN 2 F","4.5","4.5","72%","+7%","1","1","90","0","0","0","0","0","0","0","1","0","0","2","0","0","0","0","0","1","0","1","1","0","0","0","1","0"
"*02m5b*","Chris Wood","NEW/NOT","F","348","FA","NOT 1<br/>@CRY 1 F","4.5","4.5","63%","-7%","1","1","63","0","0","0","1","0","1","0","0","0","1","1","0","0","0","0","0","1","0","0","1","0","0","0","0","63"
"*064a0*","Wilfried Gnonto","LEE","F","210","FA","TOT 4<br/>@LEE 1 F","4.5","4.5","13%","0%","1","1","69","0","0","0","1","0","0","0","1","0","0","2","1","0","0","1","0","0","1","0","0","0","0","0","0","69"
"*02lk5*","Jordan Henderson","LIV","M","169","AUTO REL","LIV 4<br/>@SOU 4 F","4.5","4.5","5%","0%","1","1","90","0","0","0","0","0","1","0","2","0","0","0","0","0","0","0","0","0","0","0","0","0","0","0","1","0"
"*05os9*","Thomas Partey","ARS","M","110","RK U8","WOL 0<br/>@ARS 5 F","4.5","4.5","0%","0%","1","1","73","0","0","0","2","0","0","0","1","0","0","1","1","0","0","0","0","1","0","0","1","0","0","0","1","0"
"*05n5p*","Mohammed Salisu","SOU","D","186","FA","LIV 4<br/>@SOU 4 F","4.5","4.5","0%","0%","1","1","88","0","0","0","0","0","0","0","0","0","1","0","0","0","1","2","0","2","0","0","3","0","0","0","2","0"
"*02lm7*","Jack Grealish","MCI","M","39","011","MCI 0<br/>@BRF 1 F","4.25","4.25","33%","-1%","1","1","86","0","0","0","0","0","0","0","1","0","0","4","0","0","0","0","0","0","1","0","0","0","0","0","1","0"
"*05w7t*","Pape Sarr","TOT","M","419","FA","TOT 4<br/>@LEE 1 F","4.25","4.25","16%","0%","1","0","9","0","0","0","0","0","0","0","1","1","0","0","0","0","0","1","1","1","0","0","0","0","0","0","0","0"
"*03u2b*","Adama Traore","WOL","F","157","YUM","WOL 0<br/>@ARS 5 F","4.25","4.25","9%","0%","1","0","45","0","0","0","0","0","0","0","0","0","0","0","0","0","0","1","0","0","2","0","2","0","0","0","1","0"
"*0649i*","Antony","MUN","F","143","YUM","FUL 1<br/>@MUN 2 F","4.25","4.25","0%","0%","1","1","88","0","0","0","0","0","2","0","0","0","2","0","0","0","0","1","0","0","0","0","0","0","0","0","0","88"
"*05vys*","Lyanco","SOU","D","261","FA","LIV 4<br/>@SOU 4 F","4.25","4.25","0%","0%","1","1","90","0","0","0","1","0","0","0","1","0","0","1","0","0","0","1","0","5","0","0","0","0","0","0","2","0"
"*04ge6*","Joe Willock","NEW","M","54","DDT","NEW 1<br/>@CHE 1 F","4.2","4.2","2%","-1%","1","1","63","0","0","0","0","0","1","0","0","0","0","1","0","0","0","0","0","0","1","0","0","0","0","0","0","63"
"*05tre*","Vitaly Janelt","BRF","M","151","FA","MCI 0<br/>@BRF 1 F","4.08","4.08","10%","+1%","1","0","30","0","0","0","0","0","0","0","1","0","0","0","0","0","1","1","0","1","0","0","0","0","0","0","0","30"
"*0649j*","Manuel Akanji","MCI","D","226","AUTO REL","MCI 0<br/>@BRF 1 F","4","4","2%","0%","1","1","90","0","0","0","0","0","0","0","1","0","0","1","0","0","0","0","0","1","0","0","2","0","0","0","1","0"
"*05w9q*","Odsonne Edouard","CRY","F","219","Noah B","NOT 1<br/>@CRY 1 F","4","4","0%","0%","1","0","15","0","0","0","0","0","1","0","2","0","1","0","0","0","0","0","0","1","0","0","0","0","0","0","0","15"
"*02ljr*","Conor Coady","WOL/EVE","D","257","FA","BOU 0<br/>@EVE 1 F","4","4","0%","0%","1","1","90","0","0","0","0","0","0","0","0","0","0","0","0","0","0","1","1","4","0","0","1","0","0","0","1","0"
"*04rhe*","Naby Keita","LIV","M","429","FA","LIV 4<br/>@SOU 4 F","4","4","0%","0%","1","0","27","0","0","0","2","0","0","0","0","0","0","0","0","0","0","0","0","0","0","0","0","0","0","0","0","0"
"*0435s*","Joel Matip","LIV","D","318","Laeka B","LIV 4<br/>@SOU 4 F","4","4","0%","0%","1","1","90","0","0","0","0","0","0","0","0","0","0","0","0","0","0","2","0","2","0","0","1","0","0","0","1","0"
"*061yd*","Ivan Perisic","TOT","D","72","RyRob","TOT 4<br/>@LEE 1 F","4","4","0%","0%","1","1","87","0","0","0","1","0","0","0","1","0","0","1","0","0","0","1","0","0","0","0","1","0","0","0","2","0"
"*0633p*","Gianluca Scamacca","WHU","F","319","FA","WHU 1<br/>@LEI 2 F","4","4","0%","0%","1","1","90","0","0","0","0","0","2","0","0","0","0","0","0","0","0","0","0","1","0","0","0","0","0","0","2","0"
"*05tqz*","Rico Henry","BRF","D","99","DF","MCI 0<br/>@BRF 1 F","4","4","2%","0%","1","1","90","0","0","0","0","0","0","0","0","0","1","0","0","0","0","0","0","2","0","0","0","0","0","0","0","90"
"*04agz*","Declan Rice","WHU","M","40","AUTO REL","WHU 1<br/>@LEI 2 F","3.75","3.75","100%","0%","1","1","90","0","0","0","0","0","0","1","1","0","2","0","0","0","1","0","0","0","1","0","1","0","0","0","2","0"
"*05trb*","Bryan Mbeumo","BRF","F","24","DF","MCI 0<br/>@BRF 1 F","3.75","3.75","100%","0%","1","1","57","0","0","0","0","0","1","0","1","0","2","0","0","0","0","0","0","0","1","0","1","0","0","0","0","57"
"*060wh*","Alejandro Garnacho","MUN","M,F","337","YUM","FUL 1<br/>@MUN 2 F","3.75","3.75","28%","-1%","1","1","45","0","0","0","0","0","1","0","0","0","0","1","0","0","0","1","0","0","0","0","0","0","0","0","0","45"
"*05o4c*","Timothy Castagne","LEI","D","84","AUTO REL","WHU 1<br/>@LEI 2 F","3.75","3.75","18%","+4%","1","1","90","0","0","0","1","0","0","0","0","0","0","0","0","0","1","0","0","3","0","1","1","0","0","0","2","0"
"*02lpl*","Seamus Coleman","EVE","D","225","FA","BOU 0<br/>@EVE 1 F","3.75","3.75","0%","0%","1","0","19","0","0","0","0","0","0","0","1","0","0","0","0","0","1","0","0","2","0","1","0","0","0","0","0","0"
"*05o4b*","Matty Cash","AVL","D","236","j.l.","BHA 1<br/>@AVL 2 F","3.52","3.52","80%","-1%","1","0","23","0","0","0","0","0","0","0","2","0","0","0","0","0","0","0","0","0","0","0","0","0","0","0","0","23"
"*0558w*","William Saliba","ARS","D","147","FA","WOL 0<br/>@ARS 5 F","3.5","3.5","99%","0%","1","1","90","0","0","0","0","0","0","0","0","0","0","0","0","0","0","1","0","9","1","0","1","0","0","0","2","0"
"*04qrc*","Raul Jimenez","WOL","F","357","FA","WOL 0<br/>@ARS 5 F","3.5","3.5","86%","-5%","1","0","8","0","0","0","0","0","1","0","0","0","0","1","0","0","0","0","0","0","0","0","2","0","0","0","0","0"
"*052cd*","Mason Mount","CHE","M","168","thomas","NEW 1<br/>@CHE 1 F","3.5","3.5","17%","0%","1","1","72","0","0","0","0","0","0","0","0","0","0","1","0","0","0","0","0","0","2","1","0","0","0","0","1","0"
"*063hu*","Amadou Onana","EVE","M","107","DDT","BOU 0<br/>@EVE 1 F","3.5","3.5","16%","-2%","1","1","90","0","0","0","0","0","0","0","0","0","0","2","1","0","0","2","1","1","0","1","0","0","0","0","1","0"
"*043qy*","Lewis Cook","BOU","M","224","FA","BOU 0<br/>@EVE 1 F","3.5","3.5","12%","0%","1","1","79","0","0","0","0","0","0","0","2","0","0","1","0","0","0","0","0","0","0","0","1","0","0","0","2","0"
"*03yr0*","Daniel James","LEE/FUL","M","326","FA","FUL 1<br/>@MUN 2 F","3.25","3.25","18%","0%","1","0","27","0","0","0","0","0","0","0","1","0","2","2","0","0","0","0","0","0","0","0","0","0","1","0","0","0"
"*04rd0*","Bobby De Cordova-Reid","FUL","F","183","FA","FUL 1<br/>@MUN 2 F","3.25","3.25","0%","0%","1","1","61","0","0","0","1","0","0","0","0","0","2","0","0","0","1","1","0","1","0","0","0","0","0","0","1","0"
"*051k5*","Lloyd Kelly","BOU","D","238","FA","BOU 0<br/>@EVE 1 F","3.25","3.25","0%","0%","1","1","90","0","0","0","0","0","0","0","0","0","0","0","1","0","0","2","0","3","0","1","3","0","0","0","2","0"
"*0647l*","Renan Lodi","NOT","D","212","FA","NOT 1<br/>@CRY 1 F","3.25","3.25","0%","0%","1","1","90","0","0","0","1","0","0","0","1","0","0","1","1","0","0","1","0","1","0","0","0","0","0","0","1","0"
"*03vlm*","Anthony Martial","MUN","F","239","thomas","FUL 1<br/>@MUN 2 F","3.25","3.25","0%","0%","1","1","80","0","0","0","1","0","0","0","0","0","1","0","0","0","0","1","0","0","0","0","1","0","0","0","0","80"
"*02yhi*","Philippe Coutinho","AVL","M","341","FA","BHA 1<br/>@AVL 2 F","3.12","3.12","0%","0%","1","0","11","0","0","0","0","0","0","0","1","0","0","1","0","0","0","1","0","0","0","0","0","0","0","0","0","11"
"*052ca*","Ezri Konsa","AVL","D","138","FA","BHA 1<br/>@AVL 2 F","3.1","3.1","34%","-1%","1","1","81","0","0","0","0","0","0","0","0","0","0","1","1","0","0","0","0","4","0","0","0","0","0","0","0","81"
"*05mzw*","Luke Ayling","LEE","D","153","FA","TOT 4<br/>@LEE 1 F","3.06","3.06","0%","0%","1","1","69","0","0","0","0","0","0","0","0","0","1","2","1","0","0","1","0","1","0","0","0","0","0","0","0","69"
"*0520r*","Leandro Trossard","BHA/ARS","M","33","Noah B","WOL 0<br/>@ARS 5 F","3","3","91%","+3%","1","1","59","0","0","0","0","0","2","0","0","0","2","0","0","0","0","0","0","0","0","0","0","0","0","0","3","0"
"*05uns*","Leon Bailey","AVL","F","135","j.l.","BHA 1<br/>@AVL 2 F","3","3","2%","0%","1","1","65","0","0","0","0","0","0","0","2","0","2","1","0","0","0","0","0","0","1","0","0","0","0","0","0","65"
"*05ojg*","Nelson Semedo","WOL","D","164","RyRob","WOL 0<br/>@ARS 5 F","3","3","1%","0%","1","1","64","0","0","0","0","0","0","0","1","0","0","2","1","0","0","1","0","2","1","0","0","0","0","0","0","0"
"*0632a*","Sekou Mara","SOU","F","351","FA","LIV 4<br/>@SOU 4 F","3","3","0%","0%","1","0","1","0","0","0","0","0","0","0","2","0","0","0","0","0","0","0","0","0","0","0","1","0","0","0","0","0"
"*02yl5*","John Stones","MCI","D","213","FA","MCI 0<br/>@BRF 1 F","2.75","2.75","4%","0%","1","1","90","0","0","0","0","0","0","1","1","0","0","0","0","0","0","0","0","2","0","0","0","0","0","0","1","0"
"*04e1k*","Solly March","BHA","M","9","DDT","BHA 1<br/>@AVL 2 F","2.75","2.75","1%","0%","1","1","75","0","0","0","1","0","0","0","0","0","1","1","1","0","1","1","0","0","0","0","1","0","0","0","4","0"
"*062oq*","Joe Ayodele-Aribo","SOU","M","274","FA","LIV 4<br/>@SOU 4 F","2.75","2.75","0%","0%","1","1","66","0","0","0","0","0","0","0","0","0","2","1","0","0","0","1","0","0","1","0","2","0","0","0","1","0"
"*05u5d*","Boubakary Soumare","LEI","M","264","FA","WHU 1<br/>@LEI 2 F","2.75","2.75","0%","0%","1","1","90","0","0","0","0","0","0","0","0","0","1","1","1","0","0","3","0","0","1","0","0","0","0","0","2","0"
"*05tr9*","Mathias Jensen","BRF","M","45","j.l.","MCI 0<br/>@BRF 1 F","2.64","2.64","50%","0%","1","1","58","0","0","0","0","0","0","0","0","0","1","0","0","0","1","0","0","2","1","0","0","0","0","0","0","58"
"*05o2l*","Donny van de Beek","MUN","M","461","FA","FUL 1<br/>@MUN 2 F","2.59","2.59","0%","0%","1","0","8","0","0","0","1","0","0","0","0","0","0","1","0","0","0","0","0","0","0","0","0","0","0","0","0","8"
"*049tq*","Dominic Calvert-Lewin","EVE","F","282","Noah B","BOU 0<br/>@EVE 1 F","2.5","2.5","82%","0%","1","1","69","0","0","0","0","0","0","0","0","0","2","2","0","0","0","0","0","0","2","0","1","0","0","0","1","0"
"*05os4*","Rayan Ait-Nouri","WOL","D","280","FA","WOL 0<br/>@ARS 5 F","2.5","2.5","79%","-4%","1","0","17","0","0","0","1","0","0","0","0","0","0","1","0","0","0","0","0","0","0","0","0","0","0","0","1","0"
"*05uor*","Yoane Wissa","BRF","F","163","FA","MCI 0<br/>@BRF 1 F","2.5","2.5","45%","-1%","1","0","31","0","0","0","0","0","1","0","0","0","0","1","0","0","0","0","0","1","0","0","0","0","0","0","0","31"
"*02lp5*","Adam Smith","BOU","D","222","FA","BOU 0<br/>@EVE 1 F","2.5","2.5","2%","+1%","1","1","90","0","0","0","0","0","0","0","2","0","0","2","0","0","0","0","0","0","0","1","0","0","0","0","2","0"
"*03vll*","Michail Antonio","WHU","F","172","KFFC","WHU 1<br/>@LEI 2 F","2.5","2.5","0%","0%","1","0","25","0","0","0","0","0","0","0","0","0","0","0","0","0","0","0","0","0","1","0","3","0","0","0","0","0"
"*04s8k*","Jorginho","CHE/ARS","M","182","RK U8","WOL 0<br/>@ARS 5 F","2.5","2.5","0%","0%","1","1","71","0","0","0","0","0","0","0","1","0","0","0","0","0","0","1","0","0","0","0","0","0","0","0","1","0"
"*02opy*","Adam Lallana","BHA","M","334","FA","BHA 1<br/>@AVL 2 F","2.5","2.5","0%","0%","1","1","60","0","0","0","1","0","0","0","0","0","1","2","0","0","0","0","0","0","0","0","0","0","0","0","3","0"
"*05nnx*","Rodrigo","LEE","F","106","011","TOT 4<br/>@LEE 1 F","2.5","2.5","0%","0%","1","1","81","0","0","0","0","0","1","0","0","0","0","0","0","0","0","0","0","0","0","0","1","0","0","0","0","81"
"*062ed*","Rasmus Kristensen","LEE","D","196","FA","TOT 4<br/>@LEE 1 F","2.34","2.34","0%","0%","1","0","19","0","0","0","0","0","0","0","1","0","0","0","0","0","0","0","0","1","0","0","0","0","0","0","0","19"
"*05nzu*","Gabriel Magalhaes","ARS","D","51","j.l.","WOL 0<br/>@ARS 5 F","2.25","2.25","100%","0%","1","1","90","0","0","0","0","0","1","0","0","0","0","1","1","0","0","1","0","2","0","1","1","0","0","0","2","0"
"*062x7*","Rico Lewis","MCI","D","352","011","MCI 0<br/>@BRF 1 F","2.25","2.25","6%","0%","1","1","86","0","0","0","0","0","0","0","1","0","1","1","0","0","1","0","0","0","0","0","0","0","0","0","1","0"
"*061y6*","Ryan Yates","NOT","M","256","FA","NOT 1<br/>@CRY 1 F","2.25","2.25","1%","0%","1","1","90","0","0","0","1","0","0","0","0","0","2","4","1","0","0","1","0","0","0","0","0","0","0","0","1","0"
"*04aiz*","Wilfred Ndidi","LEI","M","217","FA","WHU 1<br/>@LEI 2 F","2.25","2.25","0%","0%","1","1","58","0","0","0","0","0","0","0","0","0","0","1","0","0","0","0","0","1","0","1","1","0","0","0","2","0"
"*05749*","Kieran Tierney","ARS","D","359","FA","WOL 0<br/>@ARS 5 F","2.25","2.25","0%","0%","1","0","29","0","0","0","0","0","0","0","1","0","0","0","0","0","0","2","0","2","0","0","0","0","0","0","2","0"
"*04abb*","Phil Foden","MCI","M","35","011","MCI 0<br/>@BRF 1 F","2","2","97%","+5%","1","0","2","0","0","0","0","0","0","0","0","0","2","1","0","0","0","0","0","0","1","0","3","0","0","0","0","0"
"*04fk6*","Bernardo Silva","MCI","M","114","AUTO REL","MCI 0<br/>@BRF 1 F","2","2","94%","0%","1","1","86","0","0","0","1","0","0","0","0","0","0","0","1","0","0","0","0","0","1","1","0","0","0","0","1","0"
"*05r8o*","Jean-Philippe Mateta","CRY","F","386","FA","NOT 1<br/>@CRY 1 F","2","2","93%","-2%","1","0","15","0","0","0","1","0","0","0","0","0","0","0","0","0","0","0","0","0","0","0","0","0","0","0","0","15"
"*05n3v*","Konstantinos Tsimikas","LIV","D","275","Laeka B","LIV 4<br/>@SOU 4 F","2","2","1%","0%","1","0","27","0","0","0","1","0","0","0","0","0","0","0","0","0","0","0","0","0","0","0","0","0","0","0","0","0"
"*062ir*","Clement Lenglet","TOT","D","229","FA","TOT 4<br/>@LEE 1 F","2","2","0%","0%","1","1","90","0","0","0","0","0","0","0","0","0","1","0","1","0","0","3","0","3","0","1","1","0","0","0","2","0"
"*02m6x*","Tim Ream","FUL","D","155","FA","FUL 1<br/>@MUN 2 F","2","2","0%","0%","1","1","90","0","0","0","0","0","0","0","0","0","0","0","0","0","0","1","0","3","0","0","0","0","0","0","1","0"
"*04fk9*","Jan Bednarek","SOU/AVL","D","220","FA","LIV 4<br/>@SOU 4 F","1.81","1.81","0%","0%","1","0","7","0","0","0","0","0","0","0","0","0","0","0","0","0","0","0","0","2","0","1","0","0","0","0","0","7"
"*04qfm*","Ryan Sessegnon","TOT","D","338","FA","TOT 4<br/>@LEE 1 F","1.75","1.75","25%","-1%","1","0","26","0","0","0","0","0","0","0","0","0","1","0","0","0","0","1","1","1","0","0","0","0","0","0","1","0"
"*03scr*","Aleksandar Mitrovic","FUL","F","79","RK U8","FUL 1<br/>@MUN 2 F","1.75","1.75","0%","0%","1","1","90","0","0","0","0","0","1","0","1","0","2","2","0","0","0","0","0","1","1","0","3","1","0","0","1","0"
"*03fgo*","Dominic Solanke","BOU","F","86","Noah B","BOU 0<br/>@EVE 1 F","1.5","1.5","62%","-4%","1","1","90","0","0","0","1","0","1","0","0","0","4","3","1","0","0","0","0","3","0","0","0","0","0","0","2","0"
"*05raa*","Hugo Bueno","WOL","D","321","FA","WOL 0<br/>@ARS 5 F","1.5","1.5","54%","-1%","1","1","72","0","0","0","1","0","0","0","0","0","1","0","0","0","0","0","0","0","0","0","0","0","0","0","0","0"
"*0328q*","Tom Cairney","FUL","M","323","FA","FUL 1<br/>@MUN 2 F","1.5","1.5","1%","0%","1","0","27","0","0","0","0","0","0","0","0","0","1","0","0","0","0","1","0","1","0","0","1","0","0","0","0","0"
"*0620j*","Armel Bella Kotchap","SOU","D","189","FA","LIV 4<br/>@SOU 4 F","1.5","1.5","0%","0%","1","1","90","0","0","0","1","0","0","0","0","0","1","1","0","0","0","0","0","2","0","1","0","0","0","0","2","0"
"*061vj*","Kieffer Moore","BOU","F","279","FA","BOU 0<br/>@EVE 1 F","1.5","1.5","0%","0%","1","1","90","0","0","0","0","0","0","0","0","0","4","2","0","0","0","0","0","3","0","1","5","0","0","0","2","0"
"*04t3s*","Joao Moutinho","WOL","M","176","RK U8","WOL 0<br/>@ARS 5 F","1.5","1.5","0%","0%","1","1","71","0","0","0","1","0","0","0","0","0","1","0","0","0","0","0","0","0","0","0","0","0","0","0","0","0"
"*064a3*","Denis Zakaria","CHE","M","450","FA","NEW 1<br/>@CHE 1 F","1.5","1.5","0%","0%","1","1","60","0","0","0","0","0","0","0","0","0","0","1","0","0","0","0","0","0","1","0","0","0","0","0","0","0"
"*061vp*","Brenden Aaronson","LEE","M","140","FA","TOT 4<br/>@LEE 1 F","1.5","1.5","66%","-3%","1","1","90","0","0","0","1","0","0","0","0","0","4","1","0","0","0","0","0","0","0","0","0","0","0","0","0","90"
"*0435t*","Ilkay Gundogan","MCI","M","61","011","MCI 0<br/>@BRF 1 F","1.25","1.25","1%","0%","1","0","2","0","0","0","0","0","0","0","0","0","0","0","0","0","0","1","0","0","0","0","0","0","0","0","0","0"
"*03ysm*","Daniel Amartey","LEI","D","298","FA","WHU 1<br/>@LEI 2 F","1.25","1.25","0%","0%","1","1","90","0","0","0","0","0","0","0","0","0","0","0","0","0","0","0","0","9","0","1","0","0","0","0","2","0"
"*0637b*","Orel Mangala","NOT","M","269","FA","NOT 1<br/>@CRY 1 F","1.25","1.25","0%","0%","1","1","77","0","0","0","0","0","0","0","0","0","2","2","0","0","0","1","0","0","0","0","0","0","0","0","1","0"
"*03dyk*","Jamie Vardy","LEI","F","216","KFFC","WHU 1<br/>@LEI 2 F","1.25","1.25","0%","0%","1","0","74","0","0","0","0","0","0","0","0","0","1","0","0","0","0","1","0","0","0","1","1","0","0","0","2","0"
"*05tr2*","Pontus Jansson","BRF","D","367","FA","MCI 0<br/>@BRF 1 F","1.04","1.04","0%","0%","1","0","1","0","0","0","0","0","0","0","0","0","0","0","0","0","0","0","0","0","0","0","1","0","0","0","0","1"
"*03zsq*","Kyle Walker-Peters","SOU","D","199","Noah B","LIV 4<br/>@SOU 4 F","1","1","8%","-5%","1","1","90","0","0","0","0","0","0","0","1","0","1","0","0","0","0","1","0","0","1","0","0","0","0","0","2","0"
"*03z3w*","Joe Rothwell","BOU","M","350","FA","BOU 0<br/>@EVE 1 F","1","1","0%","0%","1","0","19","0","0","0","0","0","0","0","0","0","0","0","0","0","0","0","0","0","1","0","0","0","0","0","0","0"
"*063zg*","Pervis Estupinan","BHA","D","48","thomas","BHA 1<br/>@AVL 2 F","0.75","0.75","93%","0%","1","1","90","0","0","0","0","0","0","0","1","0","3","1","0","0","1","2","0","0","0","1","2","0","0","0","4","0"
"*04yo7*","Youri Tielemans","LEI","M","94","DF","WHU 1<br/>@LEI 2 F","0.75","0.75","85%","-3%","1","0","30","0","0","0","0","0","0","0","0","0","0","0","0","0","0","0","0","1","0","0","1","0","0","0","0","0"
"*05uoc*","Cristian Romero","TOT","D","144","FA","TOT 4<br/>@LEE 1 F","0.75","0.75","50%","-1%","1","1","90","0","0","0","0","0","0","0","0","0","2","0","1","0","0","2","0","1","1","0","2","0","0","0","2","0"
"*05yct*","Nathan Patterson","EVE","D","320","FA","BOU 0<br/>@EVE 1 F","0.75","0.75","1%","0%","1","1","69","0","0","0","0","0","0","0","1","0","2","2","1","0","0","1","0","1","0","0","0","0","0","0","1","0"
"*05rl4*","Crysencio Summerville","LEE","M","187","FA","TOT 4<br/>@LEE 1 F","0.71","0.71","79%","-2%","1","0","19","0","0","0","0","0","0","0","0","0","0","1","0","0","0","0","0","0","0","0","0","0","0","0","0","19"
"*03gu4*","Harry Maguire","MUN","D","333","KFFC","FUL 1<br/>@MUN 2 F","0.54","0.54","43%","+3%","1","0","1","0","0","0","0","0","0","0","0","0","0","0","0","0","0","0","0","2","0","0","0","0","0","0","0","1"
"*05o6h*","Kai Havertz","CHE","F","81","YUM","NEW 1<br/>@CHE 1 F","0.5","0.5","76%","-1%","1","1","90","0","0","0","0","0","0","0","0","0","1","0","0","0","0","0","0","2","1","0","0","0","0","0","1","0"
"*062p0*","Stefan Bajcetic","LIV","M","383","FA","LIV 4<br/>@SOU 4 F","0.5","0.5","1%","0%","1","0","3","0","0","0","0","0","0","0","0","0","0","0","0","0","0","0","0","0","0","0","1","0","0","0","0","0"
"*037mt*","Harrison Reed","FUL","M","113","FA","FUL 1<br/>@MUN 2 F","0.5","0.5","0%","0%","1","1","61","0","0","0","0","0","0","0","1","0","3","0","0","0","0","0","0","1","0","0","1","0","0","0","1","0"
"*04rd1*","Stuart Armstrong","SOU","M","240","FA","LIV 4<br/>@SOU 4 F","0.5","0.5","0%","0%","1","0","22","0","0","0","0","0","0","0","0","0","1","0","0","0","0","0","0","0","1","0","0","0","0","0","1","0"
"*02m5i*","Jack Colback","NOT","M","411","FA","NOT 1<br/>@CRY 1 F","0.5","0.5","0%","0%","1","0","11","0","0","0","0","0","0","0","0","0","0","1","0","0","0","0","0","0","0","0","0","0","0","0","0","0"
"*03yrr*","Mohamed Elneny","ARS","M","503","FA","WOL 0<br/>@ARS 5 F","0.5","0.5","0%","0%","1","0","15","0","0","0","0","0","0","0","0","0","0","1","0","0","0","0","0","0","0","0","0","0","0","0","1","0"
"*03g40*","Kelechi Iheanacho","LEI","F","206","DDT","WHU 1<br/>@LEI 2 F","0.5","0.5","0%","0%","1","0","18","0","0","0","0","0","0","0","0","0","0","1","0","0","0","0","0","0","0","0","0","0","0","0","0","0"
"*03wpc*","Sam Surridge","NOT","F","440","FA","NOT 1<br/>@CRY 1 F","0.5","0.5","0%","0%","1","0","7","0","0","0","0","0","0","0","0","0","0","1","0","0","0","0","0","0","0","0","0","0","0","0","0","0"
"*04qqv*","Fred","MUN","M","171","Laeka B","FUL 1<br/>@MUN 2 F","0.31","0.31","0%","0%","1","0","28","0","0","0","0","0","0","0","0","0","0","1","1","0","0","0","0","0","1","0","1","0","0","0","0","28"
"*05a6e*","Neco Williams","NOT","D","167","FA","NOT 1<br/>@CRY 1 F","0.25","0.25","98%","0%","1","0","1","0","0","0","0","0","0","0","0","0","0","0","0","0","0","0","0","1","0","0","0","0","0","0","0","0"
"*03yu2*","Abdoulaye Doucoure","EVE","M","192","thomas","BOU 0<br/>@EVE 1 F","0.25","0.25","0%","0%","1","0","1","0","0","0","0","0","0","0","0","0","0","0","0","0","0","0","0","1","0","0","0","0","0","0","0","0"
"*03am7*","Jacob Murphy","NEW","M","223","j.l.","NEW 1<br/>@CHE 1 F","0.06","0.06","56%","0%","1","0","5","0","0","0","0","0","0","0","0","0","0","0","0","0","0","0","0","0","0","0","0","0","0","0","0","5"
"*04f6o*","Will Hughes","CRY","M","331","DDT","NOT 1<br/>@CRY 1 F","0.01","0.01","2%","0%","1","0","1","0","0","0","0","0","0","0","0","0","0","0","0","0","0","0","0","0","0","0","0","0","0","0","0","1"
"*068y0*","Antoine Semenyo","BOU","F","435","FA","BOU 0<br/>@EVE 1 F","0","0","100%","0%","0","0","0","0","0","0","0","0","0","0","0","0","0","0","0","0","0","0","0","0","0","0","0","0","0","0","0","0"
"*05uht*","Morgan Rogers","BOU/MCI","M,F","766","FA","MCI 0<br/>@BRF 1 F","0","0","100%","0%","0","0","0","0","0","0","0","0","0","0","0","0","0","0","0","0","0","0","0","0","0","0","0","0","0","0","0","0"
"*067yv*","Cody Gakpo","LIV","F","142","AUTO REL","LIV 4<br/>@SOU 4 F","0","0","100%","0%","0","0","0","0","0","0","0","0","0","0","0","0","0","0","0","0","0","0","0","0","0","0","0","0","0","0","0","0"
"*067yz*","Matheus Cunha","WOL","F","310","FA","WOL 0<br/>@ARS 5 F","0","0","100%","0%","0","0","0","0","0","0","0","0","0","0","0","0","0","0","0","0","0","0","0","0","0","0","0","0","0","0","0","0"
"*068ym*","Enzo Fernandez","CHE","M","242","Noah B","NEW 1<br/>@CHE 1 F","0","0","100%","0%","0","0","0","0","0","0","0","0","0","0","0","0","0","0","0","0","0","0","0","0","0","0","0","0","0","0","0","0"
"*05l8q*","Cole Palmer","MCI","M","405","Laeka B","MCI 0<br/>@BRF 1 F","0","0","100%","0%","0","0","0","0","0","0","0","0","0","0","0","0","0","0","0","0","0","0","0","0","0","0","0","0","0","0","0","0"
"*05n07*","Pedro Porro","MCI/TOT","D","191","DDT","TOT 4<br/>@LEE 1 F","0","0","99%","0%","0","0","0","0","0","0","0","0","0","0","0","0","0","0","0","0","0","0","0","0","0","0","0","0","0","0","0","0"
"*05opj*","Elliot Anderson","NEW","M","360","FA","NEW 1<br/>@CHE 1 F","0","0","99%","0%","0","0","0","0","0","0","0","0","0","0","0","0","0","0","0","0","0","0","0","0","0","0","0","0","0","0","0","0"
"*03rxs*","Harry Wilson","FUL","M","253","thomas","FUL 1<br/>@MUN 2 F","0","0","98%","0%","0","0","0","0","0","0","0","0","0","0","0","0","0","0","0","0","0","0","0","0","0","0","0","0","0","0","0","0"
"*0639x*","Marcus Tavernier","BOU","M","111","j.l.","BOU 0<br/>@EVE 1 F","0","0","98%","0%","0","0","0","0","0","0","0","0","0","0","0","0","0","0","0","0","0","0","0","0","0","0","0","0","0","0","0","0"
"*05akv*","Tyrick Mitchell","CRY","D","127","j.l.","NOT 1<br/>@CRY 1 F","0","0","97%","0%","0","0","0","0","0","0","0","0","0","0","0","0","0","0","0","0","0","0","0","0","0","0","0","0","0","0","0","0"
"*067zv*","Kevin Schade","BRF","M","336","FA","MCI 0<br/>@BRF 1 F","0","0","97%","-2%","0","0","0","0","0","0","0","0","0","0","0","0","0","0","0","0","0","0","0","0","0","0","0","0","0","0","0","0"
"*04mdn*","Anthony Gordon","EVE/NEW","M","200","011","NEW 1<br/>@CHE 1 F","0","0","96%","-1%","0","0","0","0","0","0","0","0","0","0","0","0","0","0","0","0","0","0","0","0","0","0","0","0","0","0","0","0"
"*068lx*","Dango Ouattara","BOU","F","208","RyRob","BOU 0<br/>@EVE 1 F","0","0","95%","0%","0","0","0","0","0","0","0","0","0","0","0","0","0","0","0","0","0","0","0","0","0","0","0","0","0","0","0","0"
"*05u7f*","Ibrahima Konate","LIV","D","237","AUTO REL","LIV 4<br/>@SOU 4 F","0","0","95%","-1%","0","0","0","0","0","0","0","0","0","0","0","0","0","0","0","0","0","0","0","0","0","0","0","0","0","0","0","0"
"*056iy*","Pedro Neto","WOL","F","311","FA","WOL 0<br/>@ARS 5 F","0","0","95%","-1%","0","0","0","0","0","0","0","0","0","0","0","0","0","0","0","0","0","0","0","0","0","0","0","0","0","0","0","0"
"*051k7*","Reece James","CHE","D","185","FA","NEW 1<br/>@CHE 1 F","0","0","95%","+3%","0","0","0","0","0","0","0","0","0","0","0","0","0","0","0","0","0","0","0","0","0","0","0","0","0","0","0","0"
"*063q8*","Mikkel Damsgaard","BRF","M","316","FA","MCI 0<br/>@BRF 1 F","0","0","92%","+1%","0","0","0","0","0","0","0","0","0","0","0","0","0","0","0","0","0","0","0","0","0","0","0","0","0","0","0","0"
"*0646f*","Alexander Isak","NEW","F","117","thomas","NEW 1<br/>@CHE 1 F","0","0","90%","-3%","0","0","0","0","0","0","0","0","0","0","0","0","0","0","0","0","0","0","0","0","0","0","0","0","0","0","0","0"
"*02lnx*","Danny Welbeck","BHA","F","116","FA","BHA 1<br/>@AVL 2 F","0","0","89%","+1%","0","0","0","0","0","0","0","0","0","0","0","0","0","0","0","0","0","0","0","0","0","0","0","0","0","0","0","0"
"*0635j*","Chris Richards","CRY","D","415","FA","NOT 1<br/>@CRY 1 F","0","0","89%","-1%","0","0","0","0","0","0","0","0","0","0","0","0","0","0","0","0","0","0","0","0","0","0","0","0","0","0","0","0"
"*05oh0*","Jan-Paul van Hecke","BHA","D","448","FA","BHA 1<br/>@AVL 2 F","0","0","85%","0%","0","0","0","0","0","0","0","0","0","0","0","0","0","0","0","0","0","0","0","0","0","0","0","0","0","0","0","0"
"*0522h*","Alexis Mac Allister","BHA","M","28","KFFC","BHA 1<br/>@AVL 2 F","0","0","85%","-2%","0","0","0","0","0","0","0","0","0","0","0","0","0","0","0","0","0","0","0","0","0","0","0","0","0","0","0","0"
"*067x8*","Nico O'Reilly","MCI","M","724","FA","MCI 0<br/>@BRF 1 F","0","0","85%","0%","0","0","0","0","0","0","0","0","0","0","0","0","0","0","0","0","0","0","0","0","0","0","0","0","0","0","0","0"
"*04spw*","James Garner","MUN/EVE","M","342","FA","BOU 0<br/>@EVE 1 F","0","0","84%","0%","0","0","0","0","0","0","0","0","0","0","0","0","0","0","0","0","0","0","0","0","0","0","0","0","0","0","0","0"
"*04qfz*","Diogo Dalot","MUN","D","89","thomas","FUL 1<br/>@MUN 2 F","0","0","83%","-2%","0","0","0","0","0","0","0","0","0","0","0","0","0","0","0","0","0","0","0","0","0","0","0","0","0","0","0","0"
"*05rb8*","Moises Caicedo","BHA","M","55","YUM","BHA 1<br/>@AVL 2 F","0","0","80%","0%","0","0","0","0","0","0","0","0","0","0","0","0","0","0","0","0","0","0","0","0","0","0","0","0","0","0","0","0"
"*04io4*","Richarlison","TOT","F","234","j.l.","TOT 4<br/>@LEE 1 F","0","0","80%","+1%","0","0","0","0","0","0","0","0","0","0","0","0","0","0","0","0","0","0","0","0","0","0","0","0","0","0","0","0"
"*05y9n*","Lewis Hall","CHE","M","314","011","NEW 1<br/>@CHE 1 F","0","0","77%","0%","0","0","0","0","0","0","0","0","0","0","0","0","0","0","0","0","0","0","0","0","0","0","0","0","0","0","0","0"
"*05omu*","Ruben Dias","MCI","D","214","RK U8","MCI 0<br/>@BRF 1 F","0","0","73%","0%","0","0","0","0","0","0","0","0","0","0","0","0","0","0","0","0","0","0","0","0","0","0","0","0","0","0","0","0"
"*0327r*","Michael Keane","EVE","D","246","FA","BOU 0<br/>@EVE 1 F","0","0","71%","+3%","0","0","0","0","0","0","0","0","0","0","0","0","0","0","0","0","0","0","0","0","0","0","0","0","0","0","0","0"
"*061vb*","James Hill","BOU","D","650","FA","BOU 0<br/>@EVE 1 F","0","0","68%","0%","0","0","0","0","0","0","0","0","0","0","0","0","0","0","0","0","0","0","0","0","0","0","0","0","0","0","0","0"
"*068n8*","Noni Madueke","CHE","F","299","Laeka B","NEW 1<br/>@CHE 1 F","0","0","66%","-3%","0","0","0","0","0","0","0","0","0","0","0","0","0","0","0","0","0","0","0","0","0","0","0","0","0","0","0","0"
"*05220*","Sepp van den Berg","LIV","D","847","FA","LIV 4<br/>@SOU 4 F","0","0","64%","-4%","0","0","0","0","0","0","0","0","0","0","0","0","0","0","0","0","0","0","0","0","0","0","0","0","0","0","0","0"
"*066sd*","Myles Lewis-Skelly","ARS","M","682","FA","WOL 0<br/>@ARS 5 F","0","0","62%","+11%","0","0","0","0","0","0","0","0","0","0","0","0","0","0","0","0","0","0","0","0","0","0","0","0","0","0","0","0"
"*04mup*","Trevoh Chalobah","CHE","D","273","FA","NEW 1<br/>@CHE 1 F","0","0","60%","-7%","0","0","0","0","0","0","0","0","0","0","0","0","0","0","0","0","0","0","0","0","0","0","0","0","0","0","0","0"
"*067ys*","Jack Hinshelwood","BHA","M","653","FA","BHA 1<br/>@AVL 2 F","0","0","53%","+9%","0","0","0","0","0","0","0","0","0","0","0","0","0","0","0","0","0","0","0","0","0","0","0","0","0","0","0","0"
"*0666p*","Kobbie Mainoo","MUN","M","509","FA","FUL 1<br/>@MUN 2 F","0","0","50%","+2%","0","0","0","0","0","0","0","0","0","0","0","0","0","0","0","0","0","0","0","0","0","0","0","0","0","0","0","0"
"*0689w*","Georginio Rutter","LEE","F","408","FA","TOT 4<br/>@LEE 1 F","0","0","49%","-3%","0","0","0","0","0","0","0","0","0","0","0","0","0","0","0","0","0","0","0","0","0","0","0","0","0","0","0","0"
"*05gcp*","Tomas Soucek","WHU","M","62","FA","WHU 1<br/>@LEI 2 F","0","0","43%","-3%","1","0","7","0","0","0","0","0","0","0","0","0","0","0","0","0","0","0","0","0","0","0","0","0","0","0","0","0"
"*068yd*","Joao Gomes","WOL","M","376","FA","WOL 0<br/>@ARS 5 F","0","0","43%","-2%","0","0","0","0","0","0","0","0","0","0","0","0","0","0","0","0","0","0","0","0","0","0","0","0","0","0","0","0"
"*0414o*","James Maddison","LEI","M","12","YUM","WHU 1<br/>@LEI 2 F","0","0","43%","+6%","0","0","0","0","0","0","0","0","0","0","0","0","0","0","0","0","0","0","0","0","0","0","0","0","0","0","0","0"
"*05s08*","Valentino Livramento","SOU","D","473","FA","LIV 4<br/>@SOU 4 F","0","0","42%","-1%","0","0","0","0","0","0","0","0","0","0","0","0","0","0","0","0","0","0","0","0","0","0","0","0","0","0","0","0"
"*04p0d*","Dwight McNeil","EVE","M,F","32","j.l.","BOU 0<br/>@EVE 1 F","0","0","40%","-5%","0","0","0","0","0","0","0","0","0","0","0","0","0","0","0","0","0","0","0","0","0","0","0","0","0","0","0","0"
"*062p3*","Keane Lewis-Potter","BRF","F","431","FA","MCI 0<br/>@BRF 1 F","0","0","39%","0%","0","0","0","0","0","0","0","0","0","0","0","0","0","0","0","0","0","0","0","0","0","0","0","0","0","0","0","0"
"*05ubv*","Omari Hutchinson","ARS/CHE","M","512","FA","NEW 1<br/>@CHE 1 F","0","0","37%","-5%","0","0","0","0","0","0","0","0","0","0","0","0","0","0","0","0","0","0","0","0","0","0","0","0","0","0","0","0"
"*05ogb*","Anthony Elanga","MUN","F","407","FA","FUL 1<br/>@MUN 2 F","0","0","36%","-1%","1","0","1","0","0","0","0","0","0","0","0","0","0","0","0","0","0","0","0","0","0","0","0","0","0","0","0","1"
"*04sat*","Emile Smith Rowe","ARS","M","424","FA","WOL 0<br/>@ARS 5 F","0","0","33%","+2%","0","0","0","0","0","0","0","0","0","0","0","0","0","0","0","0","0","0","0","0","0","0","0","0","0","0","0","0"
"*05oig*","Liam Delap","MCI","F","593","FA","MCI 0<br/>@BRF 1 F","0","0","32%","0%","0","0","0","0","0","0","0","0","0","0","0","0","0","0","0","0","0","0","0","0","0","0","0","0","0","0","0","0"
"*0521z*","James Justin","LEI","D","278","FA","WHU 1<br/>@LEI 2 F","0","0","31%","-5%","0","0","0","0","0","0","0","0","0","0","0","0","0","0","0","0","0","0","0","0","0","0","0","0","0","0","0","0"
"*061vn*","Rodrigo Muniz","FUL","F","716","FA","FUL 1<br/>@MUN 2 F","0","0","31%","+9%","0","0","0","0","0","0","0","0","0","0","0","0","0","0","0","0","0","0","0","0","0","0","0","0","0","0","0","0"
"*068yc*","Yasin Ayari","BHA","M","470","DDT","BHA 1<br/>@AVL 2 F","0","0","30%","-3%","0","0","0","0","0","0","0","0","0","0","0","0","0","0","0","0","0","0","0","0","0","0","0","0","0","0","0","0"
"*05ylx*","Dejan Kulusevski","TOT","M","95","j.l.","TOT 4<br/>@LEE 1 F","0","0","30%","0%","0","0","0","0","0","0","0","0","0","0","0","0","0","0","0","0","0","0","0","0","0","0","0","0","0","0","0","0"
"*05opl*","Wesley Fofana","LEI/CHE","D","241","Noah B","NEW 1<br/>@CHE 1 F","0","0","26%","+1%","0","0","0","0","0","0","0","0","0","0","0","0","0","0","0","0","0","0","0","0","0","0","0","0","0","0","0","0"
"*05ye7*","Oscar Bobb","MCI","M","550","FA","MCI 0<br/>@BRF 1 F","0","0","26%","+4%","0","0","0","0","0","0","0","0","0","0","0","0","0","0","0","0","0","0","0","0","0","0","0","0","0","0","0","0"
"*0687c*","Carlos Alcaraz","SOU","M","293","FA","LIV 4<br/>@SOU 4 F","0","0","23%","0%","0","0","0","0","0","0","0","0","0","0","0","0","0","0","0","0","0","0","0","0","0","0","0","0","0","0","0","0"
"*04o82*","Curtis Jones","LIV","M","286","AUTO REL","LIV 4<br/>@SOU 4 F","0","0","19%","0%","0","0","0","0","0","0","0","0","0","0","0","0","0","0","0","0","0","0","0","0","0","0","0","0","0","0","0","0"
"*05ylw*","Rodrigo Bentancur","TOT","M","159","FA","TOT 4<br/>@LEE 1 F","0","0","19%","-1%","0","0","0","0","0","0","0","0","0","0","0","0","0","0","0","0","0","0","0","0","0","0","0","0","0","0","0","0"
"*063y7*","Destiny Udogie","TOT","D","814","FA","TOT 4<br/>@LEE 1 F","0","0","19%","0%","0","0","0","0","0","0","0","0","0","0","0","0","0","0","0","0","0","0","0","0","0","0","0","0","0","0","0","0"
"*05w90*","Maxwel Cornet","BUR/WHU","M","447","FA","WHU 1<br/>@LEI 2 F","0","0","17%","0%","0","0","0","0","0","0","0","0","0","0","0","0","0","0","0","0","0","0","0","0","0","0","0","0","0","0","0","0"
"*061ve*","Ryan Christie","BOU","M","132","DDT","BOU 0<br/>@EVE 1 F","0","0","15%","-1%","1","0","9","0","0","0","0","0","0","0","0","0","0","0","0","0","0","0","0","0","0","0","0","0","0","0","0","0"
"*065ao*","Ethan Nwaneri","ARS","M","520","FA","WOL 0<br/>@ARS 5 F","0","0","14%","0%","0","0","0","0","0","0","0","0","0","0","0","0","0","0","0","0","0","0","0","0","0","0","0","0","0","0","0","0"
"*06ab3*","Lewis Miley","NEW","M","511","FA","NEW 1<br/>@CHE 1 F","0","0","13%","-13%","0","0","0","0","0","0","0","0","0","0","0","0","0","0","0","0","0","0","0","0","0","0","0","0","0","0","0","0"
"*051k3*","Jacob Ramsey","AVL","M","44","thomas","BHA 1<br/>@AVL 2 F","0","0","12%","+1%","0","0","0","0","0","0","0","0","0","0","0","0","0","0","0","0","0","0","0","0","0","0","0","0","0","0","0","0"
"*066r9*","Ehor Yarmolyuk","BRF","M","837","FA","MCI 0<br/>@BRF 1 F","0","0","12%","+1%","0","0","0","0","0","0","0","0","0","0","0","0","0","0","0","0","0","0","0","0","0","0","0","0","0","0","0","0"
"*068yt*","Sasa Lukic","FUL","M","430","FA","FUL 1<br/>@MUN 2 F","0","0","12%","+1%","0","0","0","0","0","0","0","0","0","0","0","0","0","0","0","0","0","0","0","0","0","0","0","0","0","0","0","0"
"*062pl*","Lisandro Martinez","MUN","D","161","FA","FUL 1<br/>@MUN 2 F","0","0","12%","+3%","0","0","0","0","0","0","0","0","0","0","0","0","0","0","0","0","0","0","0","0","0","0","0","0","0","0","0","0"
"*02lp9*","Kyle Walker","MCI","D","283","FA","MCI 0<br/>@BRF 1 F","0","0","11%","0%","0","0","0","0","0","0","0","0","0","0","0","0","0","0","0","0","0","0","0","0","0","0","0","0","0","0","0","0"
"*045c8*","Gabriel Jesus","ARS","F","31","thomas","WOL 0<br/>@ARS 5 F","0","0","10%","0%","0","0","0","0","0","0","0","0","0","0","0","0","0","0","0","0","0","0","0","0","0","0","0","0","0","0","0","0"
"*04ge8*","Reiss Nelson","ARS","F","327","FA","WOL 0<br/>@ARS 5 F","0","0","9%","0%","0","0","0","0","0","0","0","0","0","0","0","0","0","0","0","0","0","0","0","0","0","0","0","0","0","0","0","0"
"*04rh9*","David Brooks","BOU","M","468","FA","BOU 0<br/>@EVE 1 F","0","0","8%","0%","0","0","0","0","0","0","0","0","0","0","0","0","0","0","0","0","0","0","0","0","0","0","0","0","0","0","0","0"
"*04gw7*","Jadon Sancho","MUN","M","109","thomas","FUL 1<br/>@MUN 2 F","0","0","7%","-4%","0","0","0","0","0","0","0","0","0","0","0","0","0","0","0","0","0","0","0","0","0","0","0","0","0","0","0","0"
"*03yeg*","Tosin Adarabioyo","FUL","D","201","YUM","FUL 1<br/>@MUN 2 F","0","0","7%","-3%","1","0","1","0","0","0","0","0","0","0","0","0","0","0","0","0","0","0","0","0","0","0","0","0","0","0","0","0"
"*05uel*","Kristoffer Ajer","BRF","D","402","FA","MCI 0<br/>@BRF 1 F","0","0","6%","+1%","0","0","0","0","0","0","0","0","0","0","0","0","0","0","0","0","0","0","0","0","0","0","0","0","0","0","0","0"
"*05yld*","Luis Diaz","LIV","F","243","YUM","LIV 4<br/>@SOU 4 F","0","0","5%","0%","0","0","0","0","0","0","0","0","0","0","0","0","0","0","0","0","0","0","0","0","0","0","0","0","0","0","0","0"
"*05ojf*","Fabio Carvalho","LIV","M","392","FA","LIV 4<br/>@SOU 4 F","0","0","4%","0%","0","0","0","0","0","0","0","0","0","0","0","0","0","0","0","0","0","0","0","0","0","0","0","0","0","0","0","0"
"*05y7c*","Archie Gray","LEE","M","637","FA","TOT 4<br/>@LEE 1 F","0","0","4%","0%","0","0","0","0","0","0","0","0","0","0","0","0","0","0","0","0","0","0","0","0","0","0","0","0","0","0","0","0"
"*05ts6*","Yerson Mosquera","WOL","D","710","FA","WOL 0<br/>@ARS 5 F","0","0","3%","0%","0","0","0","0","0","0","0","0","0","0","0","0","0","0","0","0","0","0","0","0","0","0","0","0","0","0","0","0"
"*03r93*","Joseph Gomez","LIV","D","231","RyRob","LIV 4<br/>@SOU 4 F","0","0","3%","+1%","1","0","3","0","0","0","0","0","0","0","0","0","0","0","0","0","0","0","0","0","0","0","0","0","0","0","0","0"
"*05t6z*","Tim Iroegbunam","AVL","M","659","FA","BHA 1<br/>@AVL 2 F","0","0","3%","0%","0","0","0","0","0","0","0","0","0","0","0","0","0","0","0","0","0","0","0","0","0","0","0","0","0","0","0","0"
"*05mxa*","Joel Veltman","BHA","D","179","FA","BHA 1<br/>@AVL 2 F","0","0","3%","0%","0","0","0","0","0","0","0","0","0","0","0","0","0","0","0","0","0","0","0","0","0","0","0","0","0","0","0","0"
"*068a0*","Andrey Santos","CHE","M","720","FA","NEW 1<br/>@CHE 1 F","0","0","2%","0%","0","0","0","0","0","0","0","0","0","0","0","0","0","0","0","0","0","0","0","0","0","0","0","0","0","0","0","0"
"*04u41*","Mateo Kovacic","CHE","M","250","FA","NEW 1<br/>@CHE 1 F","0","0","2%","0%","1","0","28","0","0","0","0","0","0","0","0","0","3","0","0","0","0","1","0","1","0","0","0","0","0","0","1","0"
"*05yg5*","Toti","WOL","D","315","FA","WOL 0<br/>@ARS 5 F","0","0","2%","0%","1","0","16","0","0","0","0","0","0","0","0","0","0","0","0","0","0","0","0","0","0","0","0","0","0","0","1","0"
"*068yi*","Illia Zabarnyi","BOU","D","459","FA","BOU 0<br/>@EVE 1 F","0","0","2%","0%","0","0","0","0","0","0","0","0","0","0","0","0","0","0","0","0","0","0","0","0","0","0","0","0","0","0","0","0"
"*05gvx*","Armando Broja","CHE","F","410","FA","NEW 1<br/>@CHE 1 F","0","0","2%","0%","0","0","0","0","0","0","0","0","0","0","0","0","0","0","0","0","0","0","0","0","0","0","0","0","0","0","0","0"
"*067yu*","Facundo Buonanotte","BHA","M","389","DDT","BHA 1<br/>@AVL 2 F","0","0","2%","0%","0","0","0","0","0","0","0","0","0","0","0","0","0","0","0","0","0","0","0","0","0","0","0","0","0","0","0","0"
"*05unu*","Romeo Lavia","SOU","M","173","YUM","LIV 4<br/>@SOU 4 F","0","0","2%","-1%","1","0","1","0","0","0","0","0","0","0","0","0","0","0","0","0","0","0","0","0","0","0","0","0","0","0","0","0"
"*04fk8*","Victor Lindelof","MUN","D","262","DDT","FUL 1<br/>@MUN 2 F","0","0","1%","0%","0","0","0","0","0","0","0","0","0","0","0","0","0","0","0","0","0","0","0","0","0","0","0","0","0","0","0","0"
"*06329*","Manor Solomon","FUL","F","296","FA","FUL 1<br/>@MUN 2 F","0","0","1%","0%","0","0","0","0","0","0","0","0","0","0","0","0","0","0","0","0","0","0","0","0","0","0","0","0","0","0","0","0"
"*066sh*","Bashir Humphreys","CHE","D","656","FA","NEW 1<br/>@CHE 1 F","0","0","1%","0%","0","0","0","0","0","0","0","0","0","0","0","0","0","0","0","0","0","0","0","0","0","0","0","0","0","0","0","0"
"*035n1*","Bertrand Traore","AVL","M,F","416","FA","BHA 1<br/>@AVL 2 F","0","0","1%","0%","0","0","0","0","0","0","0","0","0","0","0","0","0","0","0","0","0","0","0","0","0","0","0","0","0","0","0","0"
"*066nn*","Ben Doak","LIV","F","496","FA","LIV 4<br/>@SOU 4 F","0","0","1%","0%","0","0","0","0","0","0","0","0","0","0","0","0","0","0","0","0","0","0","0","0","0","0","0","0","0","0","0","0"
"*05y5b*","Freddie Potts","WHU","M","747","FA","WHU 1<br/>@LEI 2 F","0","0","1%","0%","0","0","0","0","0","0","0","0","0","0","0","0","0","0","0","0","0","0","0","0","0","0","0","0","0","0","0","0"
"*068a1*","Mykhailo Mudryk","CHE","M","353","FA","NEW 1<br/>@CHE 1 F","0","0","1%","0%","0","0","0","0","0","0","0","0","0","0","0","0","0","0","0","0","0","0","0","0","0","0","0","0","0","0","0","0"
"*06635*","Oliver Scarles","WHU","D","779","FA","WHU 1<br/>@LEI 2 F","0","0","1%","0%","0","0","0","0","0","0","0","0","0","0","0","0","0","0","0","0","0","0","0","0","0","0","0","0","0","0","0","0"
"*05r4h*","Lamare Bogarde","AVL","M","551","FA","BHA 1<br/>@AVL 2 F","0","0","1%","0%","0","0","0","0","0","0","0","0","0","0","0","0","0","0","0","0","0","0","0","0","0","0","0","0","0","0","0","0"
"*067x6*","Max Alleyne","MCI","D","527","FA","MCI 0<br/>@BRF 1 F","0","0","1%","0%","0","0","0","0","0","0","0","0","0","0","0","0","0","0","0","0","0","0","0","0","0","0","0","0","0","0","0","0"
"*02lv9*","James Milner","LIV","M","294","FA","LIV 4<br/>@SOU 4 F","0","0","1%","0%","0","0","0","0","0","0","0","0","0","0","0","0","0","0","0","0","0","0","0","0","0","0","0","0","0","0","0","0"
"*068sd*","Jakub Kiwior","ARS","D","399","FA","WOL 0<br/>@ARS 5 F","0","0","1%","0%","0","0","0","0","0","0","0","0","0","0","0","0","0","0","0","0","0","0","0","0","0","0","0","0","0","0","0","0"
"*03xrs*","Axel Tuanzebe","MUN","D","811","FA","FUL 1<br/>@MUN 2 F","0","0","1%","0%","0","0","0","0","0","0","0","0","0","0","0","0","0","0","0","0","0","0","0","0","0","0","0","0","0","0","0","0"
"*06804*","Benoit Badiashile","CHE","D","291","FA","NEW 1<br/>@CHE 1 F","0","0","1%","0%","0","0","0","0","0","0","0","0","0","0","0","0","0","0","0","0","0","0","0","0","0","0","0","0","0","0","0","0"
"*061xs*","Julio Enciso","BHA","F","218","Laeka B","BHA 1<br/>@AVL 2 F","0","0","1%","0%","1","0","13","0","0","0","0","0","0","0","0","0","0","0","0","0","0","0","0","0","0","0","0","0","0","0","0","0"
"*068yr*","Hamed Traore","BOU","M","370","FA","BOU 0<br/>@EVE 1 F","0","0","1%","0%","0","0","0","0","0","0","0","0","0","0","0","0","0","0","0","0","0","0","0","0","0","0","0","0","0","0","0","0"
"*03ek4*","Patrick Bamford","LEE","F","227","FA","TOT 4<br/>@LEE 1 F","0","0","0%","0%","0","0","0","0","0","0","0","0","0","0","0","0","0","0","0","0","0","0","0","0","0","0","0","0","0","0","0","0"
"*062og*","Aaron Hickey","BRF","D","268","FA","MCI 0<br/>@BRF 1 F","0","0","0%","0%","0","0","0","0","0","0","0","0","0","0","0","0","0","0","0","0","0","0","0","0","0","0","0","0","0","0","0","0"
"*06442*","Zach Abbott","NOT","D","522","FA","NOT 1<br/>@CRY 1 F","0","0","0%","0%","0","0","0","0","0","0","0","0","0","0","0","0","0","0","0","0","0","0","0","0","0","0","0","0","0","0","0","0"
"*03v6t*","Ben Chilwell","CHE","D","178","AUTO REL","NEW 1<br/>@CHE 1 F","0","0","0%","0%","0","0","0","0","0","0","0","0","0","0","0","0","0","0","0","0","0","0","0","0","0","0","0","0","0","0","0","0"
"*062h9*","Luis Sinisterra","LEE","F","259","FA","TOT 4<br/>@LEE 1 F","0","0","0%","0%","0","0","0","0","0","0","0","0","0","0","0","0","0","0","0","0","0","0","0","0","0","0","0","0","0","0","0","0"
"*056ir*","Adam Webster","BHA","D","221","FA","BHA 1<br/>@AVL 2 F","0","0","0%","0%","0","0","0","0","0","0","0","0","0","0","0","0","0","0","0","0","0","0","0","0","0","0","0","0","0","0","0","0"
"*05746*","Emil Krafth","NEW","D","674","FA","NEW 1<br/>@CHE 1 F","0","0","0%","0%","0","0","0","0","0","0","0","0","0","0","0","0","0","0","0","0","0","0","0","0","0","0","0","0","0","0","0","0"
"*066t2*","Will Lankshear","TOT","F","677","FA","TOT 4<br/>@LEE 1 F","0","0","0%","0%","0","0","0","0","0","0","0","0","0","0","0","0","0","0","0","0","0","0","0","0","0","0","0","0","0","0","0","0"
"*0620k*","Nayef Aguerd","WHU","D","235","KFFC","WHU 1<br/>@LEI 2 F","0","0","0%","0%","0","0","0","0","0","0","0","0","0","0","0","0","0","0","0","0","0","0","0","0","0","0","0","0","0","0","0","0"
"*05ogh*","Harrison Ashby","WHU/NEW","D","535","FA","NEW 1<br/>@CHE 1 F","0","0","0%","0%","0","0","0","0","0","0","0","0","0","0","0","0","0","0","0","0","0","0","0","0","0","0","0","0","0","0","0","0"
"*061z3*","Fabio Vieira","ARS","M","358","FA","WOL 0<br/>@ARS 5 F","0","0","0%","0%","0","0","0","0","0","0","0","0","0","0","0","0","0","0","0","0","0","0","0","0","0","0","0","0","0","0","0","0"
"*064op*","Tyler Fredricson","MUN","D","619","FA","FUL 1<br/>@MUN 2 F","0","0","0%","0%","0","0","0","0","0","0","0","0","0","0","0","0","0","0","0","0","0","0","0","0","0","0","0","0","0","0","0","0"
"*0687b*","Alex Moreno","AVL","D","190","FA","BHA 1<br/>@AVL 2 F","0","0","0%","0%","0","0","0","0","0","0","0","0","0","0","0","0","0","0","0","0","0","0","0","0","0","0","0","0","0","0","0","0"
"*05udw*","Romaine Mundle","TOT","M","715","FA","TOT 4<br/>@LEE 1 F","0","0","0%","0%","0","0","0","0","0","0","0","0","0","0","0","0","0","0","0","0","0","0","0","0","0","0","0","0","0","0","0","0"
"*05ue7*","Frank Onyeka","BRF","M","297","FA","MCI 0<br/>@BRF 1 F","0","0","0%","0%","0","0","0","0","0","0","0","0","0","0","0","0","0","0","0","0","0","0","0","0","0","0","0","0","0","0","0","0"
"*05n03*","Kalvin Phillips","MCI","M","427","thomas","MCI 0<br/>@BRF 1 F","0","0","0%","0%","0","0","0","0","0","0","0","0","0","0","0","0","0","0","0","0","0","0","0","0","0","0","0","0","0","0","0","0"
"*05rjn*","Jesurun Rak-Sakyi","CRY","M","753","FA","NOT 1<br/>@CRY 1 F","0","0","0%","0%","0","0","0","0","0","0","0","0","0","0","0","0","0","0","0","0","0","0","0","0","0","0","0","0","0","0","0","0"
"*05ue3*","Albert Sambi Lokonga","ARS/CRY","M","395","FA","NOT 1<br/>@CRY 1 F","0","0","0%","0%","0","0","0","0","0","0","0","0","0","0","0","0","0","0","0","0","0","0","0","0","0","0","0","0","0","0","0","0"
"*068ys*","Naouirou Ahamada","CRY","M","493","FA","NOT 1<br/>@CRY 1 F","0","0","0%","0%","0","0","0","0","0","0","0","0","0","0","0","0","0","0","0","0","0","0","0","0","0","0","0","0","0","0","0","0"
"*04f67*","Philip Billing","BOU","M","56","DF","BOU 0<br/>@EVE 1 F","0","0","0%","0%","1","1","37","0","0","0","0","0","0","0","0","0","0","0","0","0","0","0","0","0","0","0","0","0","0","0","2","0"
"*05r4r*","Sam Greenwood","LEE","F","372","FA","TOT 4<br/>@LEE 1 F","0","0","0%","0%","0","0","0","0","0","0","0","0","0","0","0","0","0","0","0","0","0","0","0","0","0","0","0","0","0","0","0","0"
"*066iz*","Lewis Orford","WHU","M","732","FA","WHU 1<br/>@LEI 2 F","0","0","0%","0%","0","0","0","0","0","0","0","0","0","0","0","0","0","0","0","0","0","0","0","0","0","0","0","0","0","0","0","0"
"*05oji*","Rhys Williams","LIV","D","831","FA","LIV 4<br/>@SOU 4 F","0","0","0%","0%","0","0","0","0","0","0","0","0","0","0","0","0","0","0","0","0","0","0","0","0","0","0","0","0","0","0","0","0"
"*05wwd*","Joshua Wilson-Esbrand","MCI","D","833","FA","MCI 0<br/>@BRF 1 F","0","0","0%","0%","0","0","0","0","0","0","0","0","0","0","0","0","0","0","0","0","0","0","0","0","0","0","0","0","0","0","0","0"
"*06873*","Joao Felix","CHE","F","271","DF","NEW 1<br/>@CHE 1 F","0","0","0%","0%","0","0","0","0","0","0","0","0","0","0","0","0","0","0","0","0","0","0","0","0","0","0","0","0","0","0","0","0"
"*066j4*","Mateo Joseph","LEE","F","513","FA","TOT 4<br/>@LEE 1 F","0","0","0%","0%","0","0","0","0","0","0","0","0","0","0","0","0","0","0","0","0","0","0","0","0","0","0","0","0","0","0","0","0"
"*05n3u*","Joe Gelhardt","LEE","F","434","FA","TOT 4<br/>@LEE 1 F","0","0","0%","0%","1","0","7","0","0","0","0","0","0","0","0","0","0","0","0","0","0","0","0","0","0","0","0","0","0","0","0","7"
"*066si*","Alfie Gilchrist","CHE","D","627","FA","NEW 1<br/>@CHE 1 F","0","0","0%","0%","0","0","0","0","0","0","0","0","0","0","0","0","0","0","0","0","0","0","0","0","0","0","0","0","0","0","0","0"
"*062du*","Darko Gyabi","LEE","M","497","FA","TOT 4<br/>@LEE 1 F","0","0","0%","0%","0","0","0","0","0","0","0","0","0","0","0","0","0","0","0","0","0","0","0","0","0","0","0","0","0","0","0","0"
"*05x12*","Leo Fuhr Hjelde","LEE","D","654","FA","TOT 4<br/>@LEE 1 F","0","0","0%","0%","0","0","0","0","0","0","0","0","0","0","0","0","0","0","0","0","0","0","0","0","0","0","0","0","0","0","0","0"
"*061z5*","Calvin Ramsay","LIV","D","755","FA","LIV 4<br/>@SOU 4 F","0","0","0%","0%","0","0","0","0","0","0","0","0","0","0","0","0","0","0","0","0","0","0","0","0","0","0","0","0","0","0","0","0"
"*0372y*","Matt Targett","NEW","D","364","KFFC","NEW 1<br/>@CHE 1 F","0","0","0%","0%","0","0","0","0","0","0","0","0","0","0","0","0","0","0","0","0","0","0","0","0","0","0","0","0","0","0","0","0"
"*06awq*","George Abbott","TOT","M","502","FA","TOT 4<br/>@LEE 1 F","0","0","0%","0%","0","0","0","0","0","0","0","0","0","0","0","0","0","0","0","0","0","0","0","0","0","0","0","0","0","0","0","0"
"*067y2*","Daniel Adu-Addei","BOU","M","525","FA","BOU 0<br/>@EVE 1 F","0","0","0%","0%","0","0","0","0","0","0","0","0","0","0","0","0","0","0","0","0","0","0","0","0","0","0","0","0","0","0","0","0"
"*0643r*","Owen Bevan","BOU","D","547","FA","BOU 0<br/>@EVE 1 F","0","0","0%","0%","0","0","0","0","0","0","0","0","0","0","0","0","0","0","0","0","0","0","0","0","0","0","0","0","0","0","0","0"
"*04u6i*","Leander Dendoncker","WOL/AVL","M","344","FA","BHA 1<br/>@AVL 2 F","0","0","0%","0%","0","0","0","0","0","0","0","0","0","0","0","0","0","0","0","0","0","0","0","0","0","0","0","0","0","0","0","0"
"*066t3*","Jamie Donley","TOT","F","598","FA","TOT 4<br/>@LEE 1 F","0","0","0%","0%","0","0","0","0","0","0","0","0","0","0","0","0","0","0","0","0","0","0","0","0","0","0","0","0","0","0","0","0"
"*06441*","Martial Godo","FUL","F","629","FA","FUL 1<br/>@MUN 2 F","0","0","0%","0%","0","0","0","0","0","0","0","0","0","0","0","0","0","0","0","0","0","0","0","0","0","0","0","0","0","0","0","0"
"*05uhl*","Kaide Gordon","LIV","F","634","FA","LIV 4<br/>@SOU 4 F","0","0","0%","0%","0","0","0","0","0","0","0","0","0","0","0","0","0","0","0","0","0","0","0","0","0","0","0","0","0","0","0","0"
"*06492*","Sasa Kalajdzic","WOL","F","500","FA","WOL 0<br/>@ARS 5 F","0","0","0%","0%","0","0","0","0","0","0","0","0","0","0","0","0","0","0","0","0","0","0","0","0","0","0","0","0","0","0","0","0"
"*03pig*","Jamaal Lascelles","NEW","D","477","FA","NEW 1<br/>@CHE 1 F","0","0","0%","0%","0","0","0","0","0","0","0","0","0","0","0","0","0","0","0","0","0","0","0","0","0","0","0","0","0","0","0","0"
"*05r93*","Tyler Onyango","EVE","M","731","FA","BOU 0<br/>@EVE 1 F","0","0","0%","0%","0","0","0","0","0","0","0","0","0","0","0","0","0","0","0","0","0","0","0","0","0","0","0","0","0","0","0","0"
"*04ym3*","Ian Poveda-Ocampo","LEE","F","748","FA","TOT 4<br/>@LEE 1 F","0","0","0%","0%","0","0","0","0","0","0","0","0","0","0","0","0","0","0","0","0","0","0","0","0","0","0","0","0","0","0","0","0"
"*062op*","Omar Richards","NOT","D","761","FA","NOT 1<br/>@CRY 1 F","0","0","0%","0%","0","0","0","0","0","0","0","0","0","0","0","0","0","0","0","0","0","0","0","0","0","0","0","0","0","0","0","0"
"*062oi*","Kaden Rodney","CRY","D,M","765","FA","NOT 1<br/>@CRY 1 F","0","0","0%","0%","0","0","0","0","0","0","0","0","0","0","0","0","0","0","0","0","0","0","0","0","0","0","0","0","0","0","0","0"
"*066se*","Charles Sagoe Junior","ARS","F","770","FA","WOL 0<br/>@ARS 5 F","0","0","0%","0%","0","0","0","0","0","0","0","0","0","0","0","0","0","0","0","0","0","0","0","0","0","0","0","0","0","0","0","0"
"*05re5*","Carney Chukwuemeka","CHE","M","404","FA","NEW 1<br/>@CHE 1 F","0","0","0%","0%","1","0","2","0","0","0","0","0","0","0","0","0","0","0","0","0","0","0","0","0","0","0","0","0","0","0","0","0"
"*05tz8*","Emmanuel Dennis","WAT/NOT","F","306","FA","NOT 1<br/>@CRY 1 F","0","0","0%","0%","0","0","0","0","0","0","0","0","0","0","0","0","0","0","0","0","0","0","0","0","0","0","0","0","0","0","0","0"
"*05nio*","Alfie Devine","TOT","M","595","FA","TOT 4<br/>@LEE 1 F","0","0","0%","0%","0","0","0","0","0","0","0","0","0","0","0","0","0","0","0","0","0","0","0","0","0","0","0","0","0","0","0","0"
"*062ck*","Malcolm Ebiowei","CRY","M,F","489","FA","NOT 1<br/>@CRY 1 F","0","0","0%","0%","0","0","0","0","0","0","0","0","0","0","0","0","0","0","0","0","0","0","0","0","0","0","0","0","0","0","0","0"
"*063dz*","Luke Harris","FUL","M","849","FA","FUL 1<br/>@MUN 2 F","0","0","0%","0%","0","0","0","0","0","0","0","0","0","0","0","0","0","0","0","0","0","0","0","0","0","0","0","0","0","0","0","0"
"*05vyh*","Andy Moran","BHA","M","708","FA","BHA 1<br/>@AVL 2 F","0","0","0%","0%","0","0","0","0","0","0","0","0","0","0","0","0","0","0","0","0","0","0","0","0","0","0","0","0","0","0","0","0"
"*062ow*","David Ozoh","CRY","M","521","FA","NOT 1<br/>@CRY 1 F","0","0","0%","0%","0","0","0","0","0","0","0","0","0","0","0","0","0","0","0","0","0","0","0","0","0","0","0","0","0","0","0","0"
"*0643v*","Dominic Sadi","BOU","F","769","FA","BOU 0<br/>@EVE 1 F","0","0","0%","0%","0","0","0","0","0","0","0","0","0","0","0","0","0","0","0","0","0","0","0","0","0","0","0","0","0","0","0","0"
"*05uh0*","Joseph Anderson","EVE","D","531","FA","BOU 0<br/>@EVE 1 F","0","0","0%","0%","0","0","0","0","0","0","0","0","0","0","0","0","0","0","0","0","0","0","0","0","0","0","0","0","0","0","0","0"
"*066iy*","Kaelan Casey","WHU","D","566","FA","WHU 1<br/>@LEI 2 F","0","0","0%","0%","0","0","0","0","0","0","0","0","0","0","0","0","0","0","0","0","0","0","0","0","0","0","0","0","0","0","0","0"
"*067z4*","David Datro Fofana","CHE","F","452","FA","NEW 1<br/>@CHE 1 F","0","0","0%","0%","0","0","0","0","0","0","0","0","0","0","0","0","0","0","0","0","0","0","0","0","0","0","0","0","0","0","0","0"
"*044nm*","Rob Holding","ARS","D","398","FA","WOL 0<br/>@ARS 5 F","0","0","0%","0%","1","0","2","0","0","0","0","0","0","0","0","0","0","0","0","0","0","0","0","0","0","0","0","0","0","0","0","0"
"*04ylt*","Chris Mepham","BOU","D","245","FA","BOU 0<br/>@EVE 1 F","0","0","0%","0%","0","0","0","0","0","0","0","0","0","0","0","0","0","0","0","0","0","0","0","0","0","0","0","0","0","0","0","0"
"*06awp*","Travis Patterson","AVL","M","738","FA","BHA 1<br/>@AVL 2 F","0","0","0%","0%","0","0","0","0","0","0","0","0","0","0","0","0","0","0","0","0","0","0","0","0","0","0","0","0","0","0","0","0"
"*0643w*","Ryan Trevitt","BRF","M","808","FA","MCI 0<br/>@BRF 1 F","0","0","0%","0%","0","0","0","0","0","0","0","0","0","0","0","0","0","0","0","0","0","0","0","0","0","0","0","0","0","0","0","0"
"*066tb*","Kadan Young","AVL","M","840","FA","BHA 1<br/>@AVL 2 F","0","0","0%","0%","0","0","0","0","0","0","0","0","0","0","0","0","0","0","0","0","0","0","0","0","0","0","0","0","0","0","0","0"
"*05ymb*","Tayo Adaramola","CRY","D","524","FA","NOT 1<br/>@CRY 1 F","0","0","0%","0%","0","0","0","0","0","0","0","0","0","0","0","0","0","0","0","0","0","0","0","0","0","0","0","0","0","0","0","0"
"*0689t*","Michael Dacosta Gonzalez","BOU","F","587","FA","BOU 0<br/>@EVE 1 F","0","0","0%","0%","0","0","0","0","0","0","0","0","0","0","0","0","0","0","0","0","0","0","0","0","0","0","0","0","0","0","0","0"
"*05yf8*","Pierre Ekwah","WHU","D,M","604","FA","WHU 1<br/>@LEI 2 F","0","0","0%","0%","0","0","0","0","0","0","0","0","0","0","0","0","0","0","0","0","0","0","0","0","0","0","0","0","0","0","0","0"
"*05rka*","Reece Welch","EVE","D","825","FA","BOU 0<br/>@EVE 1 F","0","0","0%","0%","0","0","0","0","0","0","0","0","0","0","0","0","0","0","0","0","0","0","0","0","0","0","0","0","0","0","0","0"
"*05opn*","Carlos Vinicius","TOT/FUL","F","289","FA","FUL 1<br/>@MUN 2 F","0","0","0%","0%","0","0","0","0","0","0","0","0","0","0","0","0","0","0","0","0","0","0","0","0","0","0","0","0","0","0","0","0"
"*03r9c*","Cedric Soares","ARS/FUL","D","432","FA","FUL 1<br/>@MUN 2 F","0","0","0%","0%","0","0","0","0","0","0","0","0","0","0","0","0","0","0","0","0","0","0","0","0","0","0","0","0","0","0","0","0"
"*05ye6*","Will Alves","LEI","M,F","528","FA","WHU 1<br/>@LEI 2 F","0","0","0%","0%","0","0","0","0","0","0","0","0","0","0","0","0","0","0","0","0","0","0","0","0","0","0","0","0","0","0","0","0"
"*058vf*","Steven Alzate","BHA","M","529","FA","BHA 1<br/>@AVL 2 F","0","0","0%","0%","0","0","0","0","0","0","0","0","0","0","0","0","0","0","0","0","0","0","0","0","0","0","0","0","0","0","0","0"
"*06byb*","Samuel Amo-Ameyaw","SOU","F","478","FA","LIV 4<br/>@SOU 4 F","0","0","0%","0%","0","0","0","0","0","0","0","0","0","0","0","0","0","0","0","0","0","0","0","0","0","0","0","0","0","0","0","0"
"*04qez*","Florin Andone","BHA","F","532","FA","BHA 1<br/>@AVL 2 F","0","0","0%","0%","0","0","0","0","0","0","0","0","0","0","0","0","0","0","0","0","0","0","0","0","0","0","0","0","0","0","0","0"
"*03r8p*","Harry Arter","NOT","M","534","FA","NOT 1<br/>@CRY 1 F","0","0","0%","0%","0","0","0","0","0","0","0","0","0","0","0","0","0","0","0","0","0","0","0","0","0","0","0","0","0","0","0","0"
"*04mqy*","Pierre-Emerick Aubameyang","ARS/CHE","F","413","FA","NEW 1<br/>@CHE 1 F","0","0","0%","0%","1","0","16","0","0","0","0","0","0","0","0","0","0","0","0","0","0","0","0","0","0","0","0","0","0","0","0","0"
"*03rlg*","Andre Ayew","SWA/NOT","F","458","FA","NOT 1<br/>@CRY 1 F","0","0","0%","0%","0","0","0","0","0","0","0","0","0","0","0","0","0","0","0","0","0","0","0","0","0","0","0","0","0","0","0","0"
"*05trd*","Shandon Baptiste","BRF","M","371","FA","MCI 0<br/>@BRF 1 F","0","0","0%","0%","0","0","0","0","0","0","0","0","0","0","0","0","0","0","0","0","0","0","0","0","0","0","0","0","0","0","0","0"
"*04qfy*","Ricardo Pereira","LEI","D","384","FA","WHU 1<br/>@LEI 2 F","0","0","0%","0%","0","0","0","0","0","0","0","0","0","0","0","0","0","0","0","0","0","0","0","0","0","0","0","0","0","0","0","0"
"*03rxz*","Roberto Firmino","LIV","F","104","011","LIV 4<br/>@SOU 4 F","0","0","0%","0%","0","0","0","0","0","0","0","0","0","0","0","0","0","0","0","0","0","0","0","0","0","0","0","0","0","0","0","0"
"*05tr4*","Mads Bech Sorensen","BRF","D","499","FA","MCI 0<br/>@BRF 1 F","0","0","0%","0%","0","0","0","0","0","0","0","0","0","0","0","0","0","0","0","0","0","0","0","0","0","0","0","0","0","0","0","0"
"*02m79*","Ryan Bertrand","LEI","D","545","FA","WHU 1<br/>@LEI 2 F","0","0","0%","0%","0","0","0","0","0","0","0","0","0","0","0","0","0","0","0","0","0","0","0","0","0","0","0","0","0","0","0","0"
"*062dp*","Giulian Biancone","NOT","D","483","FA","NOT 1<br/>@CRY 1 F","0","0","0%","0%","0","0","0","0","0","0","0","0","0","0","0","0","0","0","0","0","0","0","0","0","0","0","0","0","0","0","0","0"
"*067xc*","Carlos Borges","MCI","F","553","FA","MCI 0<br/>@BRF 1 F","0","0","0%","0%","0","0","0","0","0","0","0","0","0","0","0","0","0","0","0","0","0","0","0","0","0","0","0","0","0","0","0","0"
"*0522a*","James Bree","AVL/SOU","D","437","FA","LIV 4<br/>@SOU 4 F","0","0","0%","0%","0","0","0","0","0","0","0","0","0","0","0","0","0","0","0","0","0","0","0","0","0","0","0","0","0","0","0","0"
"*04mdj*","Nathan Broadhead","EVE","F","555","FA","BOU 0<br/>@EVE 1 F","0","0","0%","0%","0","0","0","0","0","0","0","0","0","0","0","0","0","0","0","0","0","0","0","0","0","0","0","0","0","0","0","0"
"*05y63*","Lewis Brunt","LEI","M","510","FA","WHU 1<br/>@LEI 2 F","0","0","0%","0%","0","0","0","0","0","0","0","0","0","0","0","0","0","0","0","0","0","0","0","0","0","0","0","0","0","0","0","0"
"*04u6o*","Joe Bryan","FUL","D","557","FA","FUL 1<br/>@MUN 2 F","0","0","0%","0%","0","0","0","0","0","0","0","0","0","0","0","0","0","0","0","0","0","0","0","0","0","0","0","0","0","0","0","0"
"*066sm*","Mason Burstow","CHE","F","558","FA","NEW 1<br/>@CHE 1 F","0","0","0%","0%","0","0","0","0","0","0","0","0","0","0","0","0","0","0","0","0","0","0","0","0","0","0","0","0","0","0","0","0"
"*066sc*","Nathan Butler-Oyedeji","ARS","M,F","560","FA","WOL 0<br/>@ARS 5 F","0","0","0%","0%","0","0","0","0","0","0","0","0","0","0","0","0","0","0","0","0","0","0","0","0","0","0","0","0","0","0","0","0"
"*0649n*","Duje Caleta-Car","SOU","D","322","FA","LIV 4<br/>@SOU 4 F","0","0","0%","0%","0","0","0","0","0","0","0","0","0","0","0","0","0","0","0","0","0","0","0","0","0","0","0","0","0","0","0","0"
"*05gbo*","Leonardo Campana","WOL","F","563","FA","WOL 0<br/>@ARS 5 F","0","0","0%","0%","0","0","0","0","0","0","0","0","0","0","0","0","0","0","0","0","0","0","0","0","0","0","0","0","0","0","0","0"
"*05a6j*","Chem Campbell","WOL","M,F","494","FA","WOL 0<br/>@ARS 5 F","0","0","0%","0%","0","0","0","0","0","0","0","0","0","0","0","0","0","0","0","0","0","0","0","0","0","0","0","0","0","0","0","0"
"*066ni*","Thomas Cannon","EVE","F","479","FA","BOU 0<br/>@EVE 1 F","0","0","0%","0%","0","0","0","0","0","0","0","0","0","0","0","0","0","0","0","0","0","0","0","0","0","0","0","0","0","0","0","0"
"*068ya*","Tete","LEI","F","373","FA","WHU 1<br/>@LEI 2 F","0","0","0%","0%","0","0","0","0","0","0","0","0","0","0","0","0","0","0","0","0","0","0","0","0","0","0","0","0","0","0","0","0"
"*0641g*","Cesare Casadei","CHE","M","565","FA","NEW 1<br/>@CHE 1 F","0","0","0%","0%","0","0","0","0","0","0","0","0","0","0","0","0","0","0","0","0","0","0","0","0","0","0","0","0","0","0","0","0"
"*056ix*","Bruno Jordao","WOL","M","567","FA","WOL 0<br/>@ARS 5 F","0","0","0%","0%","0","0","0","0","0","0","0","0","0","0","0","0","0","0","0","0","0","0","0","0","0","0","0","0","0","0","0","0"
"*02m7d*","Nathaniel Chalobah","FUL","M","852","FA","FUL 1<br/>@MUN 2 F","0","0","0%","0%","0","0","0","0","0","0","0","0","0","0","0","0","0","0","0","0","0","0","0","0","0","0","0","0","0","0","0","0"
"*05uhq*","Shea Charles","MCI","D,M","495","FA","MCI 0<br/>@BRF 1 F","0","0","0%","0%","0","0","0","0","0","0","0","0","0","0","0","0","0","0","0","0","0","0","0","0","0","0","0","0","0","0","0","0"
"*05xsd*","Daniel Chesters","WHU","M","570","FA","WHU 1<br/>@LEI 2 F","0","0","0%","0%","0","0","0","0","0","0","0","0","0","0","0","0","0","0","0","0","0","0","0","0","0","0","0","0","0","0","0","0"
"*04spx*","Tahith Chong","MUN","M","572","FA","FUL 1<br/>@MUN 2 F","0","0","0%","0%","0","0","0","0","0","0","0","0","0","0","0","0","0","0","0","0","0","0","0","0","0","0","0","0","0","0","0","0"
"*04lax*","Hamza Choudhury","LEI","M","573","FA","WHU 1<br/>@LEI 2 F","0","0","0%","0%","0","0","0","0","0","0","0","0","0","0","0","0","0","0","0","0","0","0","0","0","0","0","0","0","0","0","0","0"
"*062p2*","Bobby Clark","LIV","M","519","FA","LIV 4<br/>@SOU 4 F","0","0","0%","0%","0","0","0","0","0","0","0","0","0","0","0","0","0","0","0","0","0","0","0","0","0","0","0","0","0","0","0","0"
"*03r8i*","Steve Cook","NOT","D","385","FA","NOT 1<br/>@CRY 1 F","0","0","0%","0%","0","0","0","0","0","0","0","0","0","0","0","0","0","0","0","0","0","0","0","0","0","0","0","0","0","0","0","0"
"*04xjt*","Conor Coventry","WHU","M","579","FA","WHU 1<br/>@LEI 2 F","0","0","0%","0%","0","0","0","0","0","0","0","0","0","0","0","0","0","0","0","0","0","0","0","0","0","0","0","0","0","0","0","0"
"*064oo*","Amario Cozier-Duberry","ARS","M","581","FA","WOL 0<br/>@ARS 5 F","0","0","0%","0%","0","0","0","0","0","0","0","0","0","0","0","0","0","0","0","0","0","0","0","0","0","0","0","0","0","0","0","0"
"*052k1*","Luke Cundle","WOL","M","584","FA","WOL 0<br/>@ARS 5 F","0","0","0%","0%","0","0","0","0","0","0","0","0","0","0","0","0","0","0","0","0","0","0","0","0","0","0","0","0","0","0","0","0"
"*055om*","Patrick Cutrone","WOL","F","585","FA","WOL 0<br/>@ARS 5 F","0","0","0%","0%","0","0","0","0","0","0","0","0","0","0","0","0","0","0","0","0","0","0","0","0","0","0","0","0","0","0","0","0"
"*05n02*","Stuart Dallas","LEE","D,M","588","FA","TOT 4<br/>@LEE 1 F","0","0","0%","0%","0","0","0","0","0","0","0","0","0","0","0","0","0","0","0","0","0","0","0","0","0","0","0","0","0","0","0","0"
"*055sf*","Arnaut Danjuma Groeneveld","BOU/TOT","M,F","442","FA","TOT 4<br/>@LEE 1 F","0","0","0%","0%","0","0","0","0","0","0","0","0","0","0","0","0","0","0","0","0","0","0","0","0","0","0","0","0","0","0","0","0"
"*040ah*","Tom Davies","EVE","M","420","FA","BOU 0<br/>@EVE 1 F","0","0","0%","0%","1","0","11","0","0","0","0","0","0","0","0","0","0","0","0","0","0","0","0","0","0","0","0","0","0","0","0","0"
"*03yuo*","Keinan Davis","AVL","F","591","FA","BHA 1<br/>@AVL 2 F","0","0","0%","0%","0","0","0","0","0","0","0","0","0","0","0","0","0","0","0","0","0","0","0","0","0","0","0","0","0","0","0","0"
"*05u44*","Halil Dervisoglu","BRF","F","490","FA","MCI 0<br/>@BRF 1 F","0","0","0%","0%","0","0","0","0","0","0","0","0","0","0","0","0","0","0","0","0","0","0","0","0","0","0","0","0","0","0","0","0"
"*05os3*","Ibrahima Diallo","SOU","M","401","FA","LIV 4<br/>@SOU 4 F","0","0","0%","0%","0","0","0","0","0","0","0","0","0","0","0","0","0","0","0","0","0","0","0","0","0","0","0","0","0","0","0","0"
"*02lpn*","Eric Dier","TOT","D","126","AUTO REL","TOT 4<br/>@LEE 1 F","0","0","0%","0%","0","0","0","0","0","0","0","0","0","0","0","0","0","0","0","0","0","0","0","0","0","0","0","0","0","0","0","0"
"*0522r*","Moussa Djenepo","SOU","M","309","FA","LIV 4<br/>@SOU 4 F","0","0","0%","0%","0","0","0","0","0","0","0","0","0","0","0","0","0","0","0","0","0","0","0","0","0","0","0","0","0","0","0","0"
"*066sz*","Alfie Dorrington","TOT","D","600","FA","TOT 4<br/>@LEE 1 F","0","0","0%","0%","0","0","0","0","0","0","0","0","0","0","0","0","0","0","0","0","0","0","0","0","0","0","0","0","0","0","0","0"
"*062hb*","Flynn Downes","WHU","M","412","FA","WHU 1<br/>@LEI 2 F","0","0","0%","0%","0","0","0","0","0","0","0","0","0","0","0","0","0","0","0","0","0","0","0","0","0","0","0","0","0","0","0","0"
"*05roa*","Cody Drameh","LEE","D","487","FA","TOT 4<br/>@LEE 1 F","0","0","0%","0%","0","0","0","0","0","0","0","0","0","0","0","0","0","0","0","0","0","0","0","0","0","0","0","0","0","0","0","0"
"*02lpr*","Shane Duffy","BHA/FUL","D","505","FA","FUL 1<br/>@MUN 2 F","0","0","0%","0%","0","0","0","0","0","0","0","0","0","0","0","0","0","0","0","0","0","0","0","0","0","0","0","0","0","0","0","0"
"*032f5*","Paul Dummett","NEW","D","601","FA","NEW 1<br/>@CHE 1 F","0","0","0%","0%","0","0","0","0","0","0","0","0","0","0","0","0","0","0","0","0","0","0","0","0","0","0","0","0","0","0","0","0"
"*068se*","Jhon Duran","AVL","F","457","FA","BHA 1<br/>@AVL 2 F","0","0","0%","0%","0","0","0","0","0","0","0","0","0","0","0","0","0","0","0","0","0","0","0","0","0","0","0","0","0","0","0","0"
"*02ln2*","Jonny Evans","LEI","D","381","FA","WHU 1<br/>@LEI 2 F","0","0","0%","0%","0","0","0","0","0","0","0","0","0","0","0","0","0","0","0","0","0","0","0","0","0","0","0","0","0","0","0","0"
"*05yc5*","Josh Feeney","AVL","D,M","608","FA","BHA 1<br/>@AVL 2 F","0","0","0%","0%","0","0","0","0","0","0","0","0","0","0","0","0","0","0","0","0","0","0","0","0","0","0","0","0","0","0","0","0"
"*04mf8*","Nathan Ferguson","CRY","D","609","FA","NOT 1<br/>@CRY 1 F","0","0","0%","0%","0","0","0","0","0","0","0","0","0","0","0","0","0","0","0","0","0","0","0","0","0","0","0","0","0","0","0","0"
"*05u7a*","Junior Firpo","LEE","D","300","FA","TOT 4<br/>@LEE 1 F","0","0","0%","0%","0","0","0","0","0","0","0","0","0","0","0","0","0","0","0","0","0","0","0","0","0","0","0","0","0","0","0","0"
"*051lc*","Pablo Fornals","WHU","M","232","DDT","WHU 1<br/>@LEI 2 F","0","0","0%","0%","0","0","0","0","0","0","0","0","0","0","0","0","0","0","0","0","0","0","0","0","0","0","0","0","0","0","0","0"
"*05trc*","Tariqe Fosu-Henry","BRF","M","615","FA","MCI 0<br/>@BRF 1 F","0","0","0%","0%","0","0","0","0","0","0","0","0","0","0","0","0","0","0","0","0","0","0","0","0","0","0","0","0","0","0","0","0"
"*04shz*","Tyrese Francois","FUL","M","518","FA","FUL 1<br/>@MUN 2 F","0","0","0%","0%","0","0","0","0","0","0","0","0","0","0","0","0","0","0","0","0","0","0","0","0","0","0","0","0","0","0","0","0"
"*066j7*","Nathan Fraser","WOL","F","617","FA","WOL 0<br/>@ARS 5 F","0","0","0%","0%","0","0","0","0","0","0","0","0","0","0","0","0","0","0","0","0","0","0","0","0","0","0","0","0","0","0","0","0"
"*03r8r*","Ryan Fraser","NEW","M","436","FA","NEW 1<br/>@CHE 1 F","0","0","0%","0%","0","0","0","0","0","0","0","0","0","0","0","0","0","0","0","0","0","0","0","0","0","0","0","0","0","0","0","0"
"*02lof*","Ryan Fredericks","BOU","D","462","FA","BOU 0<br/>@EVE 1 F","0","0","0%","0%","0","0","0","0","0","0","0","0","0","0","0","0","0","0","0","0","0","0","0","0","0","0","0","0","0","0","0","0"
"*067yx*","Gustavo Scarpa","NOT","M","463","FA","NOT 1<br/>@CRY 1 F","0","0","0%","0%","0","0","0","0","0","0","0","0","0","0","0","0","0","0","0","0","0","0","0","0","0","0","0","0","0","0","0","0"
"*067x7*","Tomas Galvez","MCI","D","621","FA","MCI 0<br/>@BRF 1 F","0","0","0%","0%","0","0","0","0","0","0","0","0","0","0","0","0","0","0","0","0","0","0","0","0","0","0","0","0","0","0","0","0"
"*056iu*","Jean-Philippe Gbamin","EVE","M","623","FA","BOU 0<br/>@EVE 1 F","0","0","0%","0%","0","0","0","0","0","0","0","0","0","0","0","0","0","0","0","0","0","0","0","0","0","0","0","0","0","0","0","0"
"*063w0*","Sergio Gomez","MCI","M","417","FA","MCI 0<br/>@BRF 1 F","0","0","0%","0%","0","0","0","0","0","0","0","0","0","0","0","0","0","0","0","0","0","0","0","0","0","0","0","0","0","0","0","0"
"*05tr0*","Charlie Goode","BRF","D","631","FA","MCI 0<br/>@BRF 1 F","0","0","0%","0%","0","0","0","0","0","0","0","0","0","0","0","0","0","0","0","0","0","0","0","0","0","0","0","0","0","0","0","0"
"*066rn*","Daniel Gore","MUN","M","635","FA","FUL 1<br/>@MUN 2 F","0","0","0%","0%","0","0","0","0","0","0","0","0","0","0","0","0","0","0","0","0","0","0","0","0","0","0","0","0","0","0","0","0"
"*05229*","Frederic Guilbert","AVL","D","641","FA","BHA 1<br/>@AVL 2 F","0","0","0%","0%","0","0","0","0","0","0","0","0","0","0","0","0","0","0","0","0","0","0","0","0","0","0","0","0","0","0","0","0"
"*04qr4*","Kortney Hause","AVL","D","645","FA","BHA 1<br/>@AVL 2 F","0","0","0%","0%","0","0","0","0","0","0","0","0","0","0","0","0","0","0","0","0","0","0","0","0","0","0","0","0","0","0","0","0"
"*05rey*","Kaine Hayden","AVL","D","646","FA","BHA 1<br/>@AVL 2 F","0","0","0%","0%","0","0","0","0","0","0","0","0","0","0","0","0","0","0","0","0","0","0","0","0","0","0","0","0","0","0","0","0"
"*062z5*","Joseph Hodge","WOL","M","492","FA","WOL 0<br/>@ARS 5 F","0","0","0%","0%","0","0","0","0","0","0","0","0","0","0","0","0","0","0","0","0","0","0","0","0","0","0","0","0","0","0","0","0"
"*03v6s*","Mason Holgate","EVE","D","406","FA","BOU 0<br/>@EVE 1 F","0","0","0%","0%","0","0","0","0","0","0","0","0","0","0","0","0","0","0","0","0","0","0","0","0","0","0","0","0","0","0","0","0"
"*03dxq*","Danny Ings","AVL/WHU","F","177","FA","WHU 1<br/>@LEI 2 F","0","0","0%","0%","1","0","7","0","0","0","0","0","0","0","0","0","0","0","0","0","0","0","0","0","0","0","0","0","0","0","0","7"
"*04mcg*","Ben Johnson","WHU","D","349","FA","WHU 1<br/>@LEI 2 F","0","0","0%","0%","0","0","0","0","0","0","0","0","0","0","0","0","0","0","0","0","0","0","0","0","0","0","0","0","0","0","0","0"
"*02lnd*","Phil Jones","MUN","D","663","FA","FUL 1<br/>@MUN 2 F","0","0","0%","0%","0","0","0","0","0","0","0","0","0","0","0","0","0","0","0","0","0","0","0","0","0","0","0","0","0","0","0","0"
"*03srm*","N'Golo Kante","CHE","M","363","DF","NEW 1<br/>@CHE 1 F","0","0","0%","0%","0","0","0","0","0","0","0","0","0","0","0","0","0","0","0","0","0","0","0","0","0","0","0","0","0","0","0","0"
"*04qfo*","Neeskens Kebano","FUL","M","325","FA","FUL 1<br/>@MUN 2 F","0","0","0%","0%","0","0","0","0","0","0","0","0","0","0","0","0","0","0","0","0","0","0","0","0","0","0","0","0","0","0","0","0"
"*063zh*","Thilo Kehrer","WHU","D","205","FA","WHU 1<br/>@LEI 2 F","0","0","0%","0%","0","0","0","0","0","0","0","0","0","0","0","0","0","0","0","0","0","0","0","0","0","0","0","0","0","0","0","0"
"*03dyo*","Anthony Knockaert","FUL","M","670","FA","FUL 1<br/>@MUN 2 F","0","0","0%","0%","0","0","0","0","0","0","0","0","0","0","0","0","0","0","0","0","0","0","0","0","0","0","0","0","0","0","0","0"
"*04mks*","Terence Kongolo","FUL","D","671","FA","FUL 1<br/>@MUN 2 F","0","0","0%","0%","0","0","0","0","0","0","0","0","0","0","0","0","0","0","0","0","0","0","0","0","0","0","0","0","0","0","0","0"
"*03eki*","Cheikhou Kouyate","CRY/NOT","M","312","FA","NOT 1<br/>@CRY 1 F","0","0","0%","0%","0","0","0","0","0","0","0","0","0","0","0","0","0","0","0","0","0","0","0","0","0","0","0","0","0","0","0","0"
"*068n9*","Victor Kristiansen","LEI","D","382","FA","WHU 1<br/>@LEI 2 F","0","0","0%","0%","0","0","0","0","0","0","0","0","0","0","0","0","0","0","0","0","0","0","0","0","0","0","0","0","0","0","0","0"
"*067yw*","Garang Kuol","NEW","F","675","FA","NEW 1<br/>@CHE 1 F","0","0","0%","0%","0","0","0","0","0","0","0","0","0","0","0","0","0","0","0","0","0","0","0","0","0","0","0","0","0","0","0","0"
"*0649l*","Layvin Kurzawa","FUL","D","491","FA","FUL 1<br/>@MUN 2 F","0","0","0%","0%","0","0","0","0","0","0","0","0","0","0","0","0","0","0","0","0","0","0","0","0","0","0","0","0","0","0","0","0"
"*03sd5*","Manuel Lanzini","WHU","M","446","FA","WHU 1<br/>@LEI 2 F","0","0","0%","0%","0","0","0","0","0","0","0","0","0","0","0","0","0","0","0","0","0","0","0","0","0","0","0","0","0","0","0","0"
"*04mqu*","Aymeric Laporte","MCI","D","340","FA","MCI 0<br/>@BRF 1 F","0","0","0%","0%","0","0","0","0","0","0","0","0","0","0","0","0","0","0","0","0","0","0","0","0","0","0","0","0","0","0","0","0"
"*064a2*","Juan Larios","SOU","D","453","FA","LIV 4<br/>@SOU 4 F","0","0","0%","0%","0","0","0","0","0","0","0","0","0","0","0","0","0","0","0","0","0","0","0","0","0","0","0","0","0","0","0","0"
"*05w9m*","Emerson Royal","TOT","D","152","DDT","TOT 4<br/>@LEE 1 F","0","0","0%","0%","1","0","9","0","0","0","0","0","0","0","0","0","0","0","0","0","0","0","0","0","0","0","0","0","0","0","0","0"
"*05yf3*","Dexter Lembikisa","WOL","D","680","FA","WOL 0<br/>@ARS 5 F","0","0","0%","0%","0","0","0","0","0","0","0","0","0","0","0","0","0","0","0","0","0","0","0","0","0","0","0","0","0","0","0","0"
"*04io3*","Mario Lemina","SOU/WOL","M","307","FA","WOL 0<br/>@ARS 5 F","0","0","0%","0%","0","0","0","0","0","0","0","0","0","0","0","0","0","0","0","0","0","0","0","0","0","0","0","0","0","0","0","0"
"*051kd*","Jamal Lewis","NEW","D","681","FA","NEW 1<br/>@CHE 1 F","0","0","0%","0%","0","0","0","0","0","0","0","0","0","0","0","0","0","0","0","0","0","0","0","0","0","0","0","0","0","0","0","0"
"*02lni*","Jesse Lingard","NOT","M","394","FA","NOT 1<br/>@CRY 1 F","0","0","0%","0%","0","0","0","0","0","0","0","0","0","0","0","0","0","0","0","0","0","0","0","0","0","0","0","0","0","0","0","0"
"*05ojh*","Diego Llorente","LEE","D","390","FA","TOT 4<br/>@LEE 1 F","0","0","0%","0%","0","0","0","0","0","0","0","0","0","0","0","0","0","0","0","0","0","0","0","0","0","0","0","0","0","0","0","0"
"*03m5c*","Ruben Loftus-Cheek","CHE","M","265","FA","NEW 1<br/>@CHE 1 F","0","0","0%","0%","0","0","0","0","0","0","0","0","0","0","0","0","0","0","0","0","0","0","0","0","0","0","0","0","0","0","0","0"
"*04qrh*","Leo Bonatini","WOL","F","684","FA","WOL 0<br/>@ARS 5 F","0","0","0%","0%","0","0","0","0","0","0","0","0","0","0","0","0","0","0","0","0","0","0","0","0","0","0","0","0","0","0","0","0"
"*04f6d*","Joe Lolley","NOT","F","685","FA","NOT 1<br/>@CRY 1 F","0","0","0%","0%","0","0","0","0","0","0","0","0","0","0","0","0","0","0","0","0","0","0","0","0","0","0","0","0","0","0","0","0"
"*052ju*","Matty Longstaff","NEW","M","687","FA","NEW 1<br/>@CHE 1 F","0","0","0%","0%","0","0","0","0","0","0","0","0","0","0","0","0","0","0","0","0","0","0","0","0","0","0","0","0","0","0","0","0"
"*061vi*","Jamal Lowe","BOU","F","688","FA","BOU 0<br/>@EVE 1 F","0","0","0%","0%","1","0","9","0","0","0","0","0","0","0","0","0","0","0","0","0","0","0","0","0","0","0","0","0","0","0","0","0"
"*03hvn*","Javier Manquillo","NEW","D","480","FA","NEW 1<br/>@CHE 1 F","0","0","0%","0%","0","0","0","0","0","0","0","0","0","0","0","0","0","0","0","0","0","0","0","0","0","0","0","0","0","0","0","0"
"*05o6w*","Allan","EVE","M","690","FA","BOU 0<br/>@EVE 1 F","0","0","0%","0%","0","0","0","0","0","0","0","0","0","0","0","0","0","0","0","0","0","0","0","0","0","0","0","0","0","0","0","0"
"*03pih*","Kevin Mbabu","FUL","D","449","FA","FUL 1<br/>@MUN 2 F","0","0","0%","0%","0","0","0","0","0","0","0","0","0","0","0","0","0","0","0","0","0","0","0","0","0","0","0","0","0","0","0","0"
"*05r33*","Luke Mbete","MCI","D","693","FA","MCI 0<br/>@BRF 1 F","0","0","0%","0%","0","0","0","0","0","0","0","0","0","0","0","0","0","0","0","0","0","0","0","0","0","0","0","0","0","0","0","0"
"*02lla*","James McArthur","CRY","M","488","FA","NOT 1<br/>@CRY 1 F","0","0","0%","0%","0","0","0","0","0","0","0","0","0","0","0","0","0","0","0","0","0","0","0","0","0","0","0","0","0","0","0","0"
"*05y55*","Kasey McAteer","LEI","M","695","FA","WHU 1<br/>@LEI 2 F","0","0","0%","0%","0","0","0","0","0","0","0","0","0","0","0","0","0","0","0","0","0","0","0","0","0","0","0","0","0","0","0","0"
"*061y0*","Scott McKenna","NOT","D","313","FA","NOT 1<br/>@CRY 1 F","0","0","0%","0%","0","0","0","0","0","0","0","0","0","0","0","0","0","0","0","0","0","0","0","0","0","0","0","0","0","0","0","0"
"*068yf*","Weston McKennie","LEE","M","304","FA","TOT 4<br/>@LEE 1 F","0","0","0%","0%","0","0","0","0","0","0","0","0","0","0","0","0","0","0","0","0","0","0","0","0","0","0","0","0","0","0","0","0"
"*04civ*","Scott McTominay","MUN","M","276","FA","FUL 1<br/>@MUN 2 F","0","0","0%","0%","0","0","0","0","0","0","0","0","0","0","0","0","0","0","0","0","0","0","0","0","0","0","0","0","0","0","0","0"
"*043by*","Nampalys Mendy","LEI","M","374","FA","WHU 1<br/>@LEI 2 F","0","0","0%","0%","0","0","0","0","0","0","0","0","0","0","0","0","0","0","0","0","0","0","0","0","0","0","0","0","0","0","0","0"
"*05afe*","Teden Mengi","MUN","D","702","FA","FUL 1<br/>@MUN 2 F","0","0","0%","0%","0","0","0","0","0","0","0","0","0","0","0","0","0","0","0","0","0","0","0","0","0","0","0","0","0","0","0","0"
"*061y9*","Alex Mighten","NOT","F","514","FA","NOT 1<br/>@CRY 1 F","0","0","0%","0%","0","0","0","0","0","0","0","0","0","0","0","0","0","0","0","0","0","0","0","0","0","0","0","0","0","0","0","0"
"*04ami*","Luka Milivojevic","CRY","M","409","FA","NOT 1<br/>@CRY 1 F","0","0","0%","0%","0","0","0","0","0","0","0","0","0","0","0","0","0","0","0","0","0","0","0","0","0","0","0","0","0","0","0","0"
"*04u6k*","Yerry Mina","EVE","D","339","YUM","BOU 0<br/>@EVE 1 F","0","0","0%","0%","0","0","0","0","0","0","0","0","0","0","0","0","0","0","0","0","0","0","0","0","0","0","0","0","0","0","0","0"
"*05r37*","Jakub Moder","BHA","M","705","FA","BHA 1<br/>@AVL 2 F","0","0","0%","0%","0","0","0","0","0","0","0","0","0","0","0","0","0","0","0","0","0","0","0","0","0","0","0","0","0","0","0","0"
"*0645x*","Divin Mubama","WHU","F","481","FA","WHU 1<br/>@LEI 2 F","0","0","0%","0%","0","0","0","0","0","0","0","0","0","0","0","0","0","0","0","0","0","0","0","0","0","0","0","0","0","0","0","0"
"*055se*","Marvelous Nakamba","AVL","M","719","FA","BHA 1<br/>@AVL 2 F","0","0","0%","0%","0","0","0","0","0","0","0","0","0","0","0","0","0","0","0","0","0","0","0","0","0","0","0","0","0","0","0","0"
"*062h8*","Moussa Niakhate","NOT","D","346","FA","NOT 1<br/>@CRY 1 F","0","0","0%","0%","0","0","0","0","0","0","0","0","0","0","0","0","0","0","0","0","0","0","0","0","0","0","0","0","0","0","0","0"
"*05oel*","Niels Nkounkou","EVE","D","722","FA","BOU 0<br/>@EVE 1 F","0","0","0%","0%","0","0","0","0","0","0","0","0","0","0","0","0","0","0","0","0","0","0","0","0","0","0","0","0","0","0","0","0"
"*04mlb*","Lewis O'Brien","NOT","M","393","FA","NOT 1<br/>@CRY 1 F","0","0","0%","0%","0","0","0","0","0","0","0","0","0","0","0","0","0","0","0","0","0","0","0","0","0","0","0","0","0","0","0","0"
"*05vyg*","Odeluga Offiah","BHA","D","515","FA","BHA 1<br/>@AVL 2 F","0","0","0%","0%","0","0","0","0","0","0","0","0","0","0","0","0","0","0","0","0","0","0","0","0","0","0","0","0","0","0","0","0"
"*06avl*","Michael Olakigbe","BRF","F","729","FA","MCI 0<br/>@BRF 1 F","0","0","0%","0%","0","0","0","0","0","0","0","0","0","0","0","0","0","0","0","0","0","0","0","0","0","0","0","0","0","0","0","0"
"*068yp*","Paul Onuachu","SOU","F","397","FA","LIV 4<br/>@SOU 4 F","0","0","0%","0%","0","0","0","0","0","0","0","0","0","0","0","0","0","0","0","0","0","0","0","0","0","0","0","0","0","0","0","0"
"*0680g*","Mislav Orsic","SOU","F","508","FA","LIV 4<br/>@SOU 4 F","0","0","0%","0%","0","0","0","0","0","0","0","0","0","0","0","0","0","0","0","0","0","0","0","0","0","0","0","0","0","0","0","0"
"*061vf*","Ben Pearson","BOU","M","464","FA","BOU 0<br/>@EVE 1 F","0","0","0%","0%","0","0","0","0","0","0","0","0","0","0","0","0","0","0","0","0","0","0","0","0","0","0","0","0","0","0","0","0"
"*05ou8*","Facundo Pellistri","MUN","M","486","FA","FUL 1<br/>@MUN 2 F","0","0","0%","0%","0","0","0","0","0","0","0","0","0","0","0","0","0","0","0","0","0","0","0","0","0","0","0","0","0","0","0","0"
"*05y2h*","Sonny Perkins","LEE","M,F","740","FA","TOT 4<br/>@LEE 1 F","0","0","0%","0%","0","0","0","0","0","0","0","0","0","0","0","0","0","0","0","0","0","0","0","0","0","0","0","0","0","0","0","0"
"*068sf*","Maximo Perrone","MCI","M","741","FA","MCI 0<br/>@BRF 1 F","0","0","0%","0%","0","0","0","0","0","0","0","0","0","0","0","0","0","0","0","0","0","0","0","0","0","0","0","0","0","0","0","0"
"*06451*","Cameron Peupion","BHA","M","516","FA","BHA 1<br/>@AVL 2 F","0","0","0%","0%","0","0","0","0","0","0","0","0","0","0","0","0","0","0","0","0","0","0","0","0","0","0","0","0","0","0","0","0"
"*04rxe*","Nathaniel Phillips","LIV","D","471","FA","LIV 4<br/>@SOU 4 F","0","0","0%","0%","0","0","0","0","0","0","0","0","0","0","0","0","0","0","0","0","0","0","0","0","0","0","0","0","0","0","0","0"
"*05ylz*","Luke Plange","CRY","F","745","FA","NOT 1<br/>@CRY 1 F","0","0","0%","0%","0","0","0","0","0","0","0","0","0","0","0","0","0","0","0","0","0","0","0","0","0","0","0","0","0","0","0","0"
"*05795*","Dennis Praet","LEI","M","391","FA","WHU 1<br/>@LEI 2 F","0","0","0%","0%","0","0","0","0","0","0","0","0","0","0","0","0","0","0","0","0","0","0","0","0","0","0","0","0","0","0","0","0"
"*05rkb*","Isaac Price","EVE","M","498","FA","BOU 0<br/>@EVE 1 F","0","0","0%","0%","0","0","0","0","0","0","0","0","0","0","0","0","0","0","0","0","0","0","0","0","0","0","0","0","0","0","0","0"
"*05y7i*","Jarell Quansah","LIV","D","749","FA","LIV 4<br/>@SOU 4 F","0","0","0%","0%","0","0","0","0","0","0","0","0","0","0","0","0","0","0","0","0","0","0","0","0","0","0","0","0","0","0","0","0"
"*05udh*","Luka Racic","BRF","D","751","FA","MCI 0<br/>@BRF 1 F","0","0","0%","0%","0","0","0","0","0","0","0","0","0","0","0","0","0","0","0","0","0","0","0","0","0","0","0","0","0","0","0","0"
"*05r44*","Arjan Raikhy","AVL","M","752","FA","BHA 1<br/>@AVL 2 F","0","0","0%","0%","0","0","0","0","0","0","0","0","0","0","0","0","0","0","0","0","0","0","0","0","0","0","0","0","0","0","0","0"
"*0649m*","Arthur","LIV","M","754","FA","LIV 4<br/>@SOU 4 F","0","0","0%","0%","0","0","0","0","0","0","0","0","0","0","0","0","0","0","0","0","0","0","0","0","0","0","0","0","0","0","0","0"
"*061y4*","Cafu","NOT","M","517","FA","NOT 1<br/>@CRY 1 F","0","0","0%","0%","0","0","0","0","0","0","0","0","0","0","0","0","0","0","0","0","0","0","0","0","0","0","0","0","0","0","0","0"
"*04gyz*","Jairo Riedewald","CRY","M","485","FA","NOT 1<br/>@CRY 1 F","0","0","0%","0%","0","0","0","0","0","0","0","0","0","0","0","0","0","0","0","0","0","0","0","0","0","0","0","0","0","0","0","0"
"*03r8t*","Matt Ritchie","NEW","D","469","FA","NEW 1<br/>@CHE 1 F","0","0","0%","0%","0","0","0","0","0","0","0","0","0","0","0","0","0","0","0","0","0","0","0","0","0","0","0","0","0","0","0","0"
"*04mqz*","Lucas Moura","TOT","M","423","FA","TOT 4<br/>@LEE 1 F","0","0","0%","0%","0","0","0","0","0","0","0","0","0","0","0","0","0","0","0","0","0","0","0","0","0","0","0","0","0","0","0","0"
"*04rf7*","Connor Ronan","WOL","M","767","FA","WOL 0<br/>@ARS 5 F","0","0","0%","0%","0","0","0","0","0","0","0","0","0","0","0","0","0","0","0","0","0","0","0","0","0","0","0","0","0","0","0","0"
"*03tip*","Salomon Rondon","EVE","F","465","FA","BOU 0<br/>@EVE 1 F","0","0","0%","0%","0","0","0","0","0","0","0","0","0","0","0","0","0","0","0","0","0","0","0","0","0","0","0","0","0","0","0","0"
"*068yn*","Marcel Sabitzer","MUN","M","361","FA","FUL 1<br/>@MUN 2 F","0","0","0%","0%","0","0","0","0","0","0","0","0","0","0","0","0","0","0","0","0","0","0","0","0","0","0","0","0","0","0","0","0"
"*066nh*","Ishe Samuels-Smith","EVE","D","773","FA","BOU 0<br/>@EVE 1 F","0","0","0%","0%","0","0","0","0","0","0","0","0","0","0","0","0","0","0","0","0","0","0","0","0","0","0","0","0","0","0","0","0"
"*04jyc*","Davinson Sanchez","TOT","D","328","FA","TOT 4<br/>@LEE 1 F","0","0","0%","0%","0","0","0","0","0","0","0","0","0","0","0","0","0","0","0","0","0","0","0","0","0","0","0","0","0","0","0","0"
"*05r98*","Morgan Sanson","AVL","M","501","FA","BHA 1<br/>@AVL 2 F","0","0","0%","0%","0","0","0","0","0","0","0","0","0","0","0","0","0","0","0","0","0","0","0","0","0","0","0","0","0","0","0","0"
"*061v9*","Diego Carlos","AVL","D","466","FA","BHA 1<br/>@AVL 2 F","0","0","0%","0%","0","0","0","0","0","0","0","0","0","0","0","0","0","0","0","0","0","0","0","0","0","0","0","0","0","0","0","0"
"*068a7*","Pablo Sarabia","WOL","M","387","FA","WOL 0<br/>@ARS 5 F","0","0","0%","0%","0","0","0","0","0","0","0","0","0","0","0","0","0","0","0","0","0","0","0","0","0","0","0","0","0","0","0","0"
"*05agd*","Christian Saydee","BOU","F","777","FA","BOU 0<br/>@EVE 1 F","0","0","0%","0%","0","0","0","0","0","0","0","0","0","0","0","0","0","0","0","0","0","0","0","0","0","0","0","0","0","0","0","0"
"*062os*","Charlie Sayers","TOT","D","778","FA","TOT 4<br/>@LEE 1 F","0","0","0%","0%","0","0","0","0","0","0","0","0","0","0","0","0","0","0","0","0","0","0","0","0","0","0","0","0","0","0","0","0"
"*02lkm*","Jonjo Shelvey","NEW/NOT","M","421","FA","NOT 1<br/>@CRY 1 F","0","0","0%","0%","0","0","0","0","0","0","0","0","0","0","0","0","0","0","0","0","0","0","0","0","0","0","0","0","0","0","0","0"
"*05rdx*","Shola Shoretire","MUN","F","783","FA","FUL 1<br/>@MUN 2 F","0","0","0%","0%","0","0","0","0","0","0","0","0","0","0","0","0","0","0","0","0","0","0","0","0","0","0","0","0","0","0","0","0"
"*04qr3*","Ruben Vinagre","EVE","D","482","FA","BOU 0<br/>@EVE 1 F","0","0","0%","0%","0","0","0","0","0","0","0","0","0","0","0","0","0","0","0","0","0","0","0","0","0","0","0","0","0","0","0","0"
"*05m9r*","Ellis Simms","EVE","F","439","FA","BOU 0<br/>@EVE 1 F","0","0","0%","0%","0","0","0","0","0","0","0","0","0","0","0","0","0","0","0","0","0","0","0","0","0","0","0","0","0","0","0","0"
"*04t95*","Oliver Skipp","TOT","M","301","FA","TOT 4<br/>@LEE 1 F","0","0","0%","0%","1","0","1","0","0","0","0","0","0","0","0","0","0","0","0","0","0","0","0","0","0","0","0","0","0","0","0","0"
"*04qrf*","Helder Costa","LEE","F","795","FA","TOT 4<br/>@LEE 1 F","0","0","0%","0%","0","0","0","0","0","0","0","0","0","0","0","0","0","0","0","0","0","0","0","0","0","0","0","0","0","0","0","0"
"*04k4n*","Harry Souttar","STK/LEI","D","317","FA","WHU 1<br/>@LEI 2 F","0","0","0%","0%","0","0","0","0","0","0","0","0","0","0","0","0","0","0","0","0","0","0","0","0","0","0","0","0","0","0","0","0"
"*04u6q*","Caglar Soyuncu","LEI","D","375","FA","WHU 1<br/>@LEI 2 F","0","0","0%","0%","0","0","0","0","0","0","0","0","0","0","0","0","0","0","0","0","0","0","0","0","0","0","0","0","0","0","0","0"
"*05292*","Jack Stacey","BOU","D","472","FA","BOU 0<br/>@EVE 1 F","0","0","0%","0%","0","0","0","0","0","0","0","0","0","0","0","0","0","0","0","0","0","0","0","0","0","0","0","0","0","0","0","0"
"*02rn4*","Junior Stanislas","BOU","M","484","FA","BOU 0<br/>@EVE 1 F","0","0","0%","0%","0","0","0","0","0","0","0","0","0","0","0","0","0","0","0","0","0","0","0","0","0","0","0","0","0","0","0","0"
"*061vo*","Jay Stansfield","FUL","F","475","FA","FUL 1<br/>@MUN 2 F","0","0","0%","0%","0","0","0","0","0","0","0","0","0","0","0","0","0","0","0","0","0","0","0","0","0","0","0","0","0","0","0","0"
"*02oq7*","Jack Stephens","SOU/BOU","D","329","FA","BOU 0<br/>@EVE 1 F","0","0","0%","0%","0","0","0","0","0","0","0","0","0","0","0","0","0","0","0","0","0","0","0","0","0","0","0","0","0","0","0","0"
"*05trg*","Finley Stevens","BRF","D","799","FA","MCI 0<br/>@BRF 1 F","0","0","0%","0%","0","0","0","0","0","0","0","0","0","0","0","0","0","0","0","0","0","0","0","0","0","0","0","0","0","0","0","0"
"*068yo*","Kamaldeen Sulemana","SOU","M","266","011","LIV 4<br/>@SOU 4 F","0","0","0%","0%","0","0","0","0","0","0","0","0","0","0","0","0","0","0","0","0","0","0","0","0","0","0","0","0","0","0","0","0"
"*05r3z*","Sil Swinkels","AVL","D","802","FA","BHA 1<br/>@AVL 2 F","0","0","0%","0%","0","0","0","0","0","0","0","0","0","0","0","0","0","0","0","0","0","0","0","0","0","0","0","0","0","0","0","0"
"*04tsd*","Japhet Tanganga","TOT","D","467","FA","TOT 4<br/>@LEE 1 F","0","0","0%","0%","0","0","0","0","0","0","0","0","0","0","0","0","0","0","0","0","0","0","0","0","0","0","0","0","0","0","0","0"
"*04u6l*","Andre Gomes","EVE","M","803","FA","BOU 0<br/>@EVE 1 F","0","0","0%","0%","0","0","0","0","0","0","0","0","0","0","0","0","0","0","0","0","0","0","0","0","0","0","0","0","0","0","0","0"
"*04rhd*","Fabinho","LIV","M","162","FA","LIV 4<br/>@SOU 4 F","0","0","0%","0%","0","0","0","0","0","0","0","0","0","0","0","0","0","0","0","0","0","0","0","0","0","0","0","0","0","0","0","0"
"*061yb*","Dale Taylor","NOT","F","804","FA","NOT 1<br/>@CRY 1 F","0","0","0%","0%","0","0","0","0","0","0","0","0","0","0","0","0","0","0","0","0","0","0","0","0","0","0","0","0","0","0","0","0"
"*04qr8*","Diogo Jota","LIV","F","170","RK U8","LIV 4<br/>@SOU 4 F","0","0","0%","0%","0","0","0","0","0","0","0","0","0","0","0","0","0","0","0","0","0","0","0","0","0","0","0","0","0","0","0","0"
"*03rvw*","Harry Toffolo","NOT","D","369","FA","NOT 1<br/>@CRY 1 F","0","0","0%","0%","0","0","0","0","0","0","0","0","0","0","0","0","0","0","0","0","0","0","0","0","0","0","0","0","0","0","0","0"
"*05ygj*","Chiquinho","WOL","F","806","FA","WOL 0<br/>@ARS 5 F","0","0","0%","0%","0","0","0","0","0","0","0","0","0","0","0","0","0","0","0","0","0","0","0","0","0","0","0","0","0","0","0","0"
"*02rn6*","James Tomkins","CRY","D","441","FA","NOT 1<br/>@CRY 1 F","0","0","0%","0%","0","0","0","0","0","0","0","0","0","0","0","0","0","0","0","0","0","0","0","0","0","0","0","0","0","0","0","0"
"*02lp7*","Andros Townsend","EVE","M","807","FA","BOU 0<br/>@EVE 1 F","0","0","0%","0%","0","0","0","0","0","0","0","0","0","0","0","0","0","0","0","0","0","0","0","0","0","0","0","0","0","0","0","0"
"*064a1*","Boubacar Traore","WOL","M","422","FA","WOL 0<br/>@ARS 5 F","0","0","0%","0%","0","0","0","0","0","0","0","0","0","0","0","0","0","0","0","0","0","0","0","0","0","0","0","0","0","0","0","0"
"*05yly*","Deniz Undav","BHA","F","308","Laeka B","BHA 1<br/>@AVL 2 F","0","0","0%","0%","0","0","0","0","0","0","0","0","0","0","0","0","0","0","0","0","0","0","0","0","0","0","0","0","0","0","0","0"
"*05nue*","Harvey Vale","CHE","M","815","FA","NEW 1<br/>@CHE 1 F","0","0","0%","0%","0","0","0","0","0","0","0","0","0","0","0","0","0","0","0","0","0","0","0","0","0","0","0","0","0","0","0","0"
"*05u43*","Cesar Joel Valencia Castillo","BRF","F","816","FA","MCI 0<br/>@BRF 1 F","0","0","0%","0%","0","0","0","0","0","0","0","0","0","0","0","0","0","0","0","0","0","0","0","0","0","0","0","0","0","0","0","0"
"*0452p*","Yan Valery","SOU","D","851","FA","LIV 4<br/>@SOU 4 F","0","0","0%","0%","0","0","0","0","0","0","0","0","0","0","0","0","0","0","0","0","0","0","0","0","0","0","0","0","0","0","0","0"
"*04s60*","Jannik Vestergaard","LEI","D","817","FA","WHU 1<br/>@LEI 2 F","0","0","0%","0%","0","0","0","0","0","0","0","0","0","0","0","0","0","0","0","0","0","0","0","0","0","0","0","0","0","0","0","0"
"*068ye*","Matias Vina","BOU","D","356","FA","BOU 0<br/>@EVE 1 F","0","0","0%","0%","0","0","0","0","0","0","0","0","0","0","0","0","0","0","0","0","0","0","0","0","0","0","0","0","0","0","0","0"
"*02lzn*","Theo Walcott","SOU","M","281","FA","LIV 4<br/>@SOU 4 F","0","0","0%","0%","0","0","0","0","0","0","0","0","0","0","0","0","0","0","0","0","0","0","0","0","0","0","0","0","0","0","0","0"
"*062i1*","Reuell Walters","ARS","D","821","FA","WOL 0<br/>@ARS 5 F","0","0","0%","0%","0","0","0","0","0","0","0","0","0","0","0","0","0","0","0","0","0","0","0","0","0","0","0","0","0","0","0","0"
"*062p7*","Lewis Warrington","EVE","M","822","FA","BOU 0<br/>@EVE 1 F","0","0","0%","0%","0","0","0","0","0","0","0","0","0","0","0","0","0","0","0","0","0","0","0","0","0","0","0","0","0","0","0","0"
"*050js*","Kelland Watts","NEW","D","823","FA","NEW 1<br/>@CHE 1 F","0","0","0%","0%","0","0","0","0","0","0","0","0","0","0","0","0","0","0","0","0","0","0","0","0","0","0","0","0","0","0","0","0"
"*05ylv*","Wout Weghorst","BUR/MUN","F","366","FA","FUL 1<br/>@MUN 2 F","0","0","0%","0%","0","0","0","0","0","0","0","0","0","0","0","0","0","0","0","0","0","0","0","0","0","0","0","0","0","0","0","0"
"*054p3*","Harvey White","TOT","M","504","FA","TOT 4<br/>@LEE 1 F","0","0","0%","0%","0","0","0","0","0","0","0","0","0","0","0","0","0","0","0","0","0","0","0","0","0","0","0","0","0","0","0","0"
"*059j3*","Brandon Williams","MUN","D","830","FA","FUL 1<br/>@MUN 2 F","0","0","0%","0%","0","0","0","0","0","0","0","0","0","0","0","0","0","0","0","0","0","0","0","0","0","0","0","0","0","0","0","0"
"*067zu*","Maximilian Wober","LEE","D","277","FA","TOT 4<br/>@LEE 1 F","0","0","0%","0%","0","0","0","0","0","0","0","0","0","0","0","0","0","0","0","0","0","0","0","0","0","0","0","0","0","0","0","0"
"*05y3r*","Nathan Young-Coombes","BRF","F","841","FA","MCI 0<br/>@BRF 1 F","0","0","0%","0%","0","0","0","0","0","0","0","0","0","0","0","0","0","0","0","0","0","0","0","0","0","0","0","0","0","0","0","0"
"*03arh*","Kurt Zouma","WHU","D","158","FA","WHU 1<br/>@LEI 2 F","0","0","0%","0%","0","0","0","0","0","0","0","0","0","0","0","0","0","0","0","0","0","0","0","0","0","0","0","0","0","0","0","0"
"*062cq*","Nuno da Costa","NOT","F","843","FA","NOT 1<br/>@CRY 1 F","0","0","0%","0%","0","0","0","0","0","0","0","0","0","0","0","0","0","0","0","0","0","0","0","0","0","0","0","0","0","0","0","0"
"*068yj*","Felipe","NOT","D","198","KFFC","NOT 1<br/>@CRY 1 F","0","0","0%","0%","0","0","0","0","0","0","0","0","0","0","0","0","0","0","0","0","0","0","0","0","0","0","0","0","0","0","0","0"
"*068a3*","Danilo","NOT","M","287","FA","NOT 1<br/>@CRY 1 F","0","0","0%","0%","0","0","0","0","0","0","0","0","0","0","0","0","0","0","0","0","0","0","0","0","0","0","0","0","0","0","0","0"
"*06420*","Terry Ablade","FUL","F","523","FA","FUL 1<br/>@MUN 2 F","0","0","-","-","0","0","0","0","0","0","0","0","0","0","0","0","0","0","0","0","0","0","0","0","0","0","0","0","0","0","0","0"
"*066nl*","Charlie Allen","LEE","M","526","FA","TOT 4<br/>@LEE 1 F","0","0","-","-","0","0","0","0","0","0","0","0","0","0","0","0","0","0","0","0","0","0","0","0","0","0","0","0","0","0","0","0"
"*05y5a*","Keenan Appiah-Forson","WHU","M","533","FA","WHU 1<br/>@LEI 2 F","0","0","-","-","0","0","0","0","0","0","0","0","0","0","0","0","0","0","0","0","0","0","0","0","0","0","0","0","0","0","0","0"
"*0649q*","Loic Bade","NOT","D","537","FA","NOT 1<br/>@CRY 1 F","0","0","-","-","0","0","0","0","0","0","0","0","0","0","0","0","0","0","0","0","0","0","0","0","0","0","0","0","0","0","0","0"
"*06448*","Dominic Ballard","SOU","F","506","FA","LIV 4<br/>@SOU 4 F","0","0","-","-","0","0","0","0","0","0","0","0","0","0","0","0","0","0","0","0","0","0","0","0","0","0","0","0","0","0","0","0"
"*0666i*","Kofi Balmer","CRY","M","538","FA","NOT 1<br/>@CRY 1 F","0","0","-","-","0","0","0","0","0","0","0","0","0","0","0","0","0","0","0","0","0","0","0","0","0","0","0","0","0","0","0","0"
"*06al6*","Mauro Bandeira","ARS","M","539","FA","WOL 0<br/>@ARS 5 F","0","0","-","-","0","0","0","0","0","0","0","0","0","0","0","0","0","0","0","0","0","0","0","0","0","0","0","0","0","0","0","0"
"*05r4v*","Jamal Baptiste","WHU","D","540","FA","WHU 1<br/>@LEI 2 F","0","0","-","-","0","0","0","0","0","0","0","0","0","0","0","0","0","0","0","0","0","0","0","0","0","0","0","0","0","0","0","0"
"*066rl*","Rhys Bennett","MUN","D","542","FA","FUL 1<br/>@MUN 2 F","0","0","-","-","0","0","0","0","0","0","0","0","0","0","0","0","0","0","0","0","0","0","0","0","0","0","0","0","0","0","0","0"
"*05afd*","Di'Shon Bernard","MUN","D","544","FA","FUL 1<br/>@MUN 2 F","0","0","-","-","0","0","0","0","0","0","0","0","0","0","0","0","0","0","0","0","0","0","0","0","0","0","0","0","0","0","0","0"
"*062dk*","David Boateng","CRY","D","549","FA","NOT 1<br/>@CRY 1 F","0","0","-","-","0","0","0","0","0","0","0","0","0","0","0","0","0","0","0","0","0","0","0","0","0","0","0","0","0","0","0","0"
"*05ogn*","Mateusz Bogusz","LEE","M","552","FA","TOT 4<br/>@LEE 1 F","0","0","-","-","0","0","0","0","0","0","0","0","0","0","0","0","0","0","0","0","0","0","0","0","0","0","0","0","0","0","0","0"
"*05ye5*","Sammy Braybrooke","LEI","M","554","FA","WHU 1<br/>@LEI 2 F","0","0","-","-","0","0","0","0","0","0","0","0","0","0","0","0","0","0","0","0","0","0","0","0","0","0","0","0","0","0","0","0"
"*066sg*","Josh Brooking","CHE","D","556","FA","NEW 1<br/>@CHE 1 F","0","0","-","-","0","0","0","0","0","0","0","0","0","0","0","0","0","0","0","0","0","0","0","0","0","0","0","0","0","0","0","0"
"*05gdm*","Jake Cain","LIV","M","562","FA","LIV 4<br/>@SOU 4 F","0","0","-","-","0","0","0","0","0","0","0","0","0","0","0","0","0","0","0","0","0","0","0","0","0","0","0","0","0","0","0","0"
"*05udv*","Kallum Cesay","TOT","D","568","FA","TOT 4<br/>@LEE 1 F","0","0","-","-","0","0","0","0","0","0","0","0","0","0","0","0","0","0","0","0","0","0","0","0","0","0","0","0","0","0","0","0"
"*062p1*","Luke Chambers","LIV","D","569","FA","LIV 4<br/>@SOU 4 F","0","0","-","-","0","0","0","0","0","0","0","0","0","0","0","0","0","0","0","0","0","0","0","0","0","0","0","0","0","0","0","0"
"*06ab5*","Jeremiah Chilokoa-Mullen","LEE","D","571","FA","TOT 4<br/>@LEE 1 F","0","0","-","-","0","0","0","0","0","0","0","0","0","0","0","0","0","0","0","0","0","0","0","0","0","0","0","0","0","0","0","0"
"*064on*","Catalin Cirjan","ARS","M","575","FA","WOL 0<br/>@ARS 5 F","0","0","-","-","0","0","0","0","0","0","0","0","0","0","0","0","0","0","0","0","0","0","0","0","0","0","0","0","0","0","0","0"
"*051wk*","Matthew Clarke","BHA","D","576","FA","BHA 1<br/>@AVL 2 F","0","0","-","-","0","0","0","0","0","0","0","0","0","0","0","0","0","0","0","0","0","0","0","0","0","0","0","0","0","0","0","0"
"*064oq*","Regan Clayton","WHU","D","577","FA","WHU 1<br/>@LEI 2 F","0","0","-","-","0","0","0","0","0","0","0","0","0","0","0","0","0","0","0","0","0","0","0","0","0","0","0","0","0","0","0","0"
"*066sn*","Dominic Corness","LIV","M","578","FA","LIV 4<br/>@SOU 4 F","0","0","-","-","0","0","0","0","0","0","0","0","0","0","0","0","0","0","0","0","0","0","0","0","0","0","0","0","0","0","0","0"
"*05uwc*","Matthew Craig","TOT","M","507","FA","TOT 4<br/>@LEE 1 F","0","0","-","-","0","0","0","0","0","0","0","0","0","0","0","0","0","0","0","0","0","0","0","0","0","0","0","0","0","0","0","0"
"*0669c*","Tristan Crama","BRF","D","582","FA","MCI 0<br/>@BRF 1 F","0","0","-","-","0","0","0","0","0","0","0","0","0","0","0","0","0","0","0","0","0","0","0","0","0","0","0","0","0","0","0","0"
"*0643x*","Luciano D'Auria-Henry","FUL","D","586","FA","FUL 1<br/>@MUN 2 F","0","0","-","-","0","0","0","0","0","0","0","0","0","0","0","0","0","0","0","0","0","0","0","0","0","0","0","0","0","0","0","0"
"*066nj*","James Debayo","LEE","D","592","FA","TOT 4<br/>@LEE 1 F","0","0","-","-","0","0","0","0","0","0","0","0","0","0","0","0","0","0","0","0","0","0","0","0","0","0","0","0","0","0","0","0"
"*06bdb*","Matthew Dibley-Dias","FUL","M","596","FA","FUL 1<br/>@MUN 2 F","0","0","-","-","0","0","0","0","0","0","0","0","0","0","0","0","0","0","0","0","0","0","0","0","0","0","0","0","0","0","0","0"
"*067xb*","William Dickson","MCI","F","597","FA","MCI 0<br/>@BRF 1 F","0","0","-","-","0","0","0","0","0","0","0","0","0","0","0","0","0","0","0","0","0","0","0","0","0","0","0","0","0","0","0","0"
"*06443*","Aaron Donnelly","NOT","D","599","FA","NOT 1<br/>@CRY 1 F","0","0","-","-","0","0","0","0","0","0","0","0","0","0","0","0","0","0","0","0","0","0","0","0","0","0","0","0","0","0","0","0"
"*06ajj*","Kamari Doyle","SOU","M","850","FA","LIV 4<br/>@SOU 4 F","0","0","-","-","0","0","0","0","0","0","0","0","0","0","0","0","0","0","0","0","0","0","0","0","0","0","0","0","0","0","0","0"
"*06447*","Diamond Edwards","SOU","M","602","FA","LIV 4<br/>@SOU 4 F","0","0","-","-","0","0","0","0","0","0","0","0","0","0","0","0","0","0","0","0","0","0","0","0","0","0","0","0","0","0","0","0"
"*06663*","Khayon Edwards","ARS","F","603","FA","WOL 0<br/>@ARS 5 F","0","0","-","-","0","0","0","0","0","0","0","0","0","0","0","0","0","0","0","0","0","0","0","0","0","0","0","0","0","0","0","0"
"*066sj*","Benjamin Elliott","CHE","M","605","FA","NEW 1<br/>@CHE 1 F","0","0","-","-","0","0","0","0","0","0","0","0","0","0","0","0","0","0","0","0","0","0","0","0","0","0","0","0","0","0","0","0"
"*066rp*","Noam Emeran","MUN","F","606","FA","FUL 1<br/>@MUN 2 F","0","0","-","-","0","0","0","0","0","0","0","0","0","0","0","0","0","0","0","0","0","0","0","0","0","0","0","0","0","0","0","0"
"*05h02*","Malachi Fagan-Walcott","TOT","D","607","FA","TOT 4<br/>@LEE 1 F","0","0","-","-","0","0","0","0","0","0","0","0","0","0","0","0","0","0","0","0","0","0","0","0","0","0","0","0","0","0","0","0"
"*06445*","Billy Fewster","NOT","M","610","FA","NOT 1<br/>@CRY 1 F","0","0","-","-","0","0","0","0","0","0","0","0","0","0","0","0","0","0","0","0","0","0","0","0","0","0","0","0","0","0","0","0"
"*05r8j*","Ryan Finnigan","SOU","M","611","FA","LIV 4<br/>@SOU 4 F","0","0","-","-","0","0","0","0","0","0","0","0","0","0","0","0","0","0","0","0","0","0","0","0","0","0","0","0","0","0","0","0"
"*066sa*","Taylor Foran","ARS","D","612","FA","WOL 0<br/>@ARS 5 F","0","0","-","-","0","0","0","0","0","0","0","0","0","0","0","0","0","0","0","0","0","0","0","0","0","0","0","0","0","0","0","0"
"*066ix*","Michael Forbes","WHU","D","613","FA","WHU 1<br/>@LEI 2 F","0","0","-","-","0","0","0","0","0","0","0","0","0","0","0","0","0","0","0","0","0","0","0","0","0","0","0","0","0","0","0","0"
"*04shx*","Marlon Fossey","FUL","D","614","FA","FUL 1<br/>@MUN 2 F","0","0","-","-","0","0","0","0","0","0","0","0","0","0","0","0","0","0","0","0","0","0","0","0","0","0","0","0","0","0","0","0"
"*0643s*","Chris Francis","BOU","D","616","FA","BOU 0<br/>@EVE 1 F","0","0","-","-","0","0","0","0","0","0","0","0","0","0","0","0","0","0","0","0","0","0","0","0","0","0","0","0","0","0","0","0"
"*05yf1*","Melkamu Frauendorf","LIV","M","618","FA","LIV 4<br/>@SOU 4 F","0","0","-","-","0","0","0","0","0","0","0","0","0","0","0","0","0","0","0","0","0","0","0","0","0","0","0","0","0","0","0","0"
"*05vyf*","James Furlong","BHA","D","620","FA","BHA 1<br/>@AVL 2 F","0","0","-","-","0","0","0","0","0","0","0","0","0","0","0","0","0","0","0","0","0","0","0","0","0","0","0","0","0","0","0","0"
"*05gcf*","Brooklyn Genesini","BOU","D","624","FA","BOU 0<br/>@EVE 1 F","0","0","-","-","0","0","0","0","0","0","0","0","0","0","0","0","0","0","0","0","0","0","0","0","0","0","0","0","0","0","0","0"
"*06444*","Alexander Gibson-Hammond","NOT","D,M","625","FA","NOT 1<br/>@CRY 1 F","0","0","-","-","0","0","0","0","0","0","0","0","0","0","0","0","0","0","0","0","0","0","0","0","0","0","0","0","0","0","0","0"
"*05trm*","Alex Gilbert","BRF","F","626","FA","MCI 0<br/>@BRF 1 F","0","0","-","-","0","0","0","0","0","0","0","0","0","0","0","0","0","0","0","0","0","0","0","0","0","0","0","0","0","0","0","0"
"*04tc9*","Claudio Gomes","MCI","M","630","FA","MCI 0<br/>@BRF 1 F","0","0","-","-","0","0","0","0","0","0","0","0","0","0","0","0","0","0","0","0","0","0","0","0","0","0","0","0","0","0","0","0"
"*05m9s*","John-Kymani Gordon","CRY","F","633","FA","NOT 1<br/>@CRY 1 F","0","0","-","-","0","0","0","0","0","0","0","0","0","0","0","0","0","0","0","0","0","0","0","0","0","0","0","0","0","0","0","0"
"*061vc*","Ben Greenwood","BOU","D","638","FA","BOU 0<br/>@EVE 1 F","0","0","-","-","0","0","0","0","0","0","0","0","0","0","0","0","0","0","0","0","0","0","0","0","0","0","0","0","0","0","0","0"
"*066rj*","Sean Grehan","CRY","D","639","FA","NOT 1<br/>@CRY 1 F","0","0","-","-","0","0","0","0","0","0","0","0","0","0","0","0","0","0","0","0","0","0","0","0","0","0","0","0","0","0","0","0"
"*062z6*","Harvey Griffiths","WOL","M","640","FA","WOL 0<br/>@ARS 5 F","0","0","-","-","0","0","0","0","0","0","0","0","0","0","0","0","0","0","0","0","0","0","0","0","0","0","0","0","0","0","0","0"
"*061y7*","Oliver Hammond","NOT","M","642","FA","NOT 1<br/>@CRY 1 F","0","0","-","-","0","0","0","0","0","0","0","0","0","0","0","0","0","0","0","0","0","0","0","0","0","0","0","0","0","0","0","0"
"*06378*","Isak Hansen-Aaroen","MUN","M","643","FA","FUL 1<br/>@MUN 2 F","0","0","-","-","0","0","0","0","0","0","0","0","0","0","0","0","0","0","0","0","0","0","0","0","0","0","0","0","0","0","0","0"
"*05y57*","Bjorn Hardley","MUN","D","644","FA","FUL 1<br/>@MUN 2 F","0","0","-","-","0","0","0","0","0","0","0","0","0","0","0","0","0","0","0","0","0","0","0","0","0","0","0","0","0","0","0","0"
"*06450*","Jack Hinchy","BHA","M","652","FA","BHA 1<br/>@AVL 2 F","0","0","-","-","0","0","0","0","0","0","0","0","0","0","0","0","0","0","0","0","0","0","0","0","0","0","0","0","0","0","0","0"
"*05ue2*","Joe Hugill","MUN","F","655","FA","FUL 1<br/>@MUN 2 F","0","0","-","-","0","0","0","0","0","0","0","0","0","0","0","0","0","0","0","0","0","0","0","0","0","0","0","0","0","0","0","0"
"*06662*","Bradley Ibrahim","ARS","M","657","FA","WOL 0<br/>@ARS 5 F","0","0","-","-","0","0","0","0","0","0","0","0","0","0","0","0","0","0","0","0","0","0","0","0","0","0","0","0","0","0","0","0"
"*05y59*","Zidane Iqbal","MUN","M","658","FA","FUL 1<br/>@MUN 2 F","0","0","-","-","0","0","0","0","0","0","0","0","0","0","0","0","0","0","0","0","0","0","0","0","0","0","0","0","0","0","0","0"
"*05reu*","Kyle John","EVE","D","661","FA","BOU 0<br/>@EVE 1 F","0","0","-","-","0","0","0","0","0","0","0","0","0","0","0","0","0","0","0","0","0","0","0","0","0","0","0","0","0","0","0","0"
"*05rei*","Nile John","TOT","M","662","FA","TOT 4<br/>@LEE 1 F","0","0","-","-","0","0","0","0","0","0","0","0","0","0","0","0","0","0","0","0","0","0","0","0","0","0","0","0","0","0","0","0"
"*066rk*","Marc Jurado Gomez","MUN","D","664","FA","FUL 1<br/>@MUN 2 F","0","0","-","-","0","0","0","0","0","0","0","0","0","0","0","0","0","0","0","0","0","0","0","0","0","0","0","0","0","0","0","0"
"*067x5*","Jadel Katongo","MCI","D","666","FA","MCI 0<br/>@BRF 1 F","0","0","-","-","0","0","0","0","0","0","0","0","0","0","0","0","0","0","0","0","0","0","0","0","0","0","0","0","0","0","0","0"
"*068z2*","Max Kinsey-Wellings","BOU","D","667","FA","BOU 0<br/>@EVE 1 F","0","0","-","-","0","0","0","0","0","0","0","0","0","0","0","0","0","0","0","0","0","0","0","0","0","0","0","0","0","0","0","0"
"*052k9*","Ben Knight","MCI","M","669","FA","MCI 0<br/>@BRF 1 F","0","0","-","-","0","0","0","0","0","0","0","0","0","0","0","0","0","0","0","0","0","0","0","0","0","0","0","0","0","0","0","0"
"*062ch*","Kacper Kozlowski","BHA","M","673","FA","BHA 1<br/>@AVL 2 F","0","0","-","-","0","0","0","0","0","0","0","0","0","0","0","0","0","0","0","0","0","0","0","0","0","0","0","0","0","0","0","0"
"*02m5r*","Louis Laing","SUN/WHU","D,M","676","FA","WHU 1<br/>@LEI 2 F","0","0","-","-","0","0","0","0","0","0","0","0","0","0","0","0","0","0","0","0","0","0","0","0","0","0","0","0","0","0","0","0"
"*061xy*","Richie Laryea","NOT","D","678","FA","NOT 1<br/>@CRY 1 F","0","0","-","-","0","0","0","0","0","0","0","0","0","0","0","0","0","0","0","0","0","0","0","0","0","0","0","0","0","0","0","0"
"*066no*","Nico Lawrence","SOU","D","679","FA","LIV 4<br/>@SOU 4 F","0","0","-","-","0","0","0","0","0","0","0","0","0","0","0","0","0","0","0","0","0","0","0","0","0","0","0","0","0","0","0","0"
"*05xts*","Wanya Marcal-Madivadua","LEI","M","689","FA","WHU 1<br/>@LEI 2 F","0","0","-","-","0","0","0","0","0","0","0","0","0","0","0","0","0","0","0","0","0","0","0","0","0","0","0","0","0","0","0","0"
"*061xx*","Loic Mbe Soh","NOT","D","692","FA","NOT 1<br/>@CRY 1 F","0","0","-","-","0","0","0","0","0","0","0","0","0","0","0","0","0","0","0","0","0","0","0","0","0","0","0","0","0","0","0","0"
"*06bs3*","Sean McAllister","EVE","M","694","FA","BOU 0<br/>@EVE 1 F","0","0","-","-","0","0","0","0","0","0","0","0","0","0","0","0","0","0","0","0","0","0","0","0","0","0","0","0","0","0","0","0"
"*0643z*","Connor McAvoy","FUL","D","696","FA","FUL 1<br/>@MUN 2 F","0","0","-","-","0","0","0","0","0","0","0","0","0","0","0","0","0","0","0","0","0","0","0","0","0","0","0","0","0","0","0","0"
"*05ogm*","Alfie McCalmont","LEE","M","697","FA","TOT 4<br/>@LEE 1 F","0","0","-","-","0","0","0","0","0","0","0","0","0","0","0","0","0","0","0","0","0","0","0","0","0","0","0","0","0","0","0","0"
"*067x9*","Rowan McDonald","MCI","M","698","FA","MCI 0<br/>@BRF 1 F","0","0","-","-","0","0","0","0","0","0","0","0","0","0","0","0","0","0","0","0","0","0","0","0","0","0","0","0","0","0","0","0"
"*0680m*","Callum McFarlane","FUL","F","699","FA","FUL 1<br/>@MUN 2 F","0","0","-","-","0","0","0","0","0","0","0","0","0","0","0","0","0","0","0","0","0","0","0","0","0","0","0","0","0","0","0","0"
"*0637a*","Charlie McNeill","MUN","F","701","FA","FUL 1<br/>@MUN 2 F","0","0","-","-","0","0","0","0","0","0","0","0","0","0","0","0","0","0","0","0","0","0","0","0","0","0","0","0","0","0","0","0"
"*066nk*","Amari Miller","LEE","M","703","FA","TOT 4<br/>@LEE 1 F","0","0","-","-","0","0","0","0","0","0","0","0","0","0","0","0","0","0","0","0","0","0","0","0","0","0","0","0","0","0","0","0"
"*062p8*","Stanley Mills","EVE","M","704","FA","BOU 0<br/>@EVE 1 F","0","0","-","-","0","0","0","0","0","0","0","0","0","0","0","0","0","0","0","0","0","0","0","0","0","0","0","0","0","0","0","0"
"*066sb*","Zane Monlouis","ARS","D","706","FA","WOL 0<br/>@ARS 5 F","0","0","-","-","0","0","0","0","0","0","0","0","0","0","0","0","0","0","0","0","0","0","0","0","0","0","0","0","0","0","0","0"
"*05y7b*","Kris Moore","LEE","D","707","FA","TOT 4<br/>@LEE 1 F","0","0","-","-","0","0","0","0","0","0","0","0","0","0","0","0","0","0","0","0","0","0","0","0","0","0","0","0","0","0","0","0"
"*066np*","Jimmy Morgan","SOU","F","709","FA","LIV 4<br/>@SOU 4 F","0","0","-","-","0","0","0","0","0","0","0","0","0","0","0","0","0","0","0","0","0","0","0","0","0","0","0","0","0","0","0","0"
"*066sl*","Malik Mothersille","CHE","F","711","FA","NEW 1<br/>@CHE 1 F","0","0","-","-","0","0","0","0","0","0","0","0","0","0","0","0","0","0","0","0","0","0","0","0","0","0","0","0","0","0","0","0"
"*066sy*","Marqes Muir","TOT","D","714","FA","TOT 4<br/>@LEE 1 F","0","0","-","-","0","0","0","0","0","0","0","0","0","0","0","0","0","0","0","0","0","0","0","0","0","0","0","0","0","0","0","0"
"*066rm*","Sam Murray","MUN","D","717","FA","FUL 1<br/>@MUN 2 F","0","0","-","-","0","0","0","0","0","0","0","0","0","0","0","0","0","0","0","0","0","0","0","0","0","0","0","0","0","0","0","0"
"*06377*","Mateusz Musialowski","LIV","F","718","FA","LIV 4<br/>@SOU 4 F","0","0","-","-","0","0","0","0","0","0","0","0","0","0","0","0","0","0","0","0","0","0","0","0","0","0","0","0","0","0","0","0"
"*066ng*","Adler Nascimento","CRY","F","721","FA","NOT 1<br/>@CRY 1 F","0","0","-","-","0","0","0","0","0","0","0","0","0","0","0","0","0","0","0","0","0","0","0","0","0","0","0","0","0","0","0","0"
"*061vl*","Oliver O'Neill","FUL","M","723","FA","FUL 1<br/>@MUN 2 F","0","0","-","-","0","0","0","0","0","0","0","0","0","0","0","0","0","0","0","0","0","0","0","0","0","0","0","0","0","0","0","0"
"*060g4*","Tommi O'Reilly","AVL","M","725","FA","BHA 1<br/>@AVL 2 F","0","0","-","-","0","0","0","0","0","0","0","0","0","0","0","0","0","0","0","0","0","0","0","0","0","0","0","0","0","0","0","0"
"*061y5*","Braian Ojeda","NOT","M","726","FA","NOT 1<br/>@CRY 1 F","0","0","-","-","0","0","0","0","0","0","0","0","0","0","0","0","0","0","0","0","0","0","0","0","0","0","0","0","0","0","0","0"
"*05y6s*","Armstrong Oko-Flex","WHU","F","727","FA","WHU 1<br/>@LEI 2 F","0","0","-","-","0","0","0","0","0","0","0","0","0","0","0","0","0","0","0","0","0","0","0","0","0","0","0","0","0","0","0","0"
"*0643u*","Ferdinand Okoh","BOU","M","728","FA","BOU 0<br/>@EVE 1 F","0","0","-","-","0","0","0","0","0","0","0","0","0","0","0","0","0","0","0","0","0","0","0","0","0","0","0","0","0","0","0","0"
"*067yy*","Luizao","WHU","D","730","FA","WHU 1<br/>@LEI 2 F","0","0","-","-","0","0","0","0","0","0","0","0","0","0","0","0","0","0","0","0","0","0","0","0","0","0","0","0","0","0","0","0"
"*0680n*","Detlef Esapa Osong","NOT","F","733","FA","NOT 1<br/>@CRY 1 F","0","0","-","-","0","0","0","0","0","0","0","0","0","0","0","0","0","0","0","0","0","0","0","0","0","0","0","0","0","0","0","0"
"*066ro*","Maximillian Oyedele","MUN","M","734","FA","FUL 1<br/>@MUN 2 F","0","0","-","-","0","0","0","0","0","0","0","0","0","0","0","0","0","0","0","0","0","0","0","0","0","0","0","0","0","0","0","0"
"*061vm*","Adrion Pajaziti","FUL","M","735","FA","FUL 1<br/>@MUN 2 F","0","0","-","-","0","0","0","0","0","0","0","0","0","0","0","0","0","0","0","0","0","0","0","0","0","0","0","0","0","0","0","0"
"*0661g*","Stefan Parkes","FUL","D","736","FA","FUL 1<br/>@MUN 2 F","0","0","-","-","0","0","0","0","0","0","0","0","0","0","0","0","0","0","0","0","0","0","0","0","0","0","0","0","0","0","0","0"
"*05udt*","Maksim Paskotsi","TOT","D","737","FA","TOT 4<br/>@LEE 1 F","0","0","-","-","0","0","0","0","0","0","0","0","0","0","0","0","0","0","0","0","0","0","0","0","0","0","0","0","0","0","0","0"
"*06446*","Lewis Payne","SOU","M","739","FA","LIV 4<br/>@SOU 4 F","0","0","-","-","0","0","0","0","0","0","0","0","0","0","0","0","0","0","0","0","0","0","0","0","0","0","0","0","0","0","0","0"
"*062dl*","Killian Phillips","CRY","M","742","FA","NOT 1<br/>@CRY 1 F","0","0","-","-","0","0","0","0","0","0","0","0","0","0","0","0","0","0","0","0","0","0","0","0","0","0","0","0","0","0","0","0"
"*06ab4*","Diogo Monteiro","LEE","D","743","FA","TOT 4<br/>@LEE 1 F","0","0","-","-","0","0","0","0","0","0","0","0","0","0","0","0","0","0","0","0","0","0","0","0","0","0","0","0","0","0","0","0"
"*068na*","Euan Pollock","BOU","F","746","FA","BOU 0<br/>@EVE 1 F","0","0","-","-","0","0","0","0","0","0","0","0","0","0","0","0","0","0","0","0","0","0","0","0","0","0","0","0","0","0","0","0"
"*066pc*","Sebastian Quirk","EVE","M","750","FA","BOU 0<br/>@EVE 1 F","0","0","-","-","0","0","0","0","0","0","0","0","0","0","0","0","0","0","0","0","0","0","0","0","0","0","0","0","0","0","0","0"
"*066sk*","Dion Rankine","CHE","M","757","FA","NEW 1<br/>@CHE 1 F","0","0","-","-","0","0","0","0","0","0","0","0","0","0","0","0","0","0","0","0","0","0","0","0","0","0","0","0","0","0","0","0"
"*051jz*","Dominic Revan","AVL","D","758","FA","BHA 1<br/>@AVL 2 F","0","0","-","-","0","0","0","0","0","0","0","0","0","0","0","0","0","0","0","0","0","0","0","0","0","0","0","0","0","0","0","0"
"*068nb*","Sebastian Revan","AVL","D","759","FA","BHA 1<br/>@AVL 2 F","0","0","-","-","0","0","0","0","0","0","0","0","0","0","0","0","0","0","0","0","0","0","0","0","0","0","0","0","0","0","0","0"
"*05a6i*","Lewis Richards","WOL","D","760","FA","WOL 0<br/>@ARS 5 F","0","0","-","-","0","0","0","0","0","0","0","0","0","0","0","0","0","0","0","0","0","0","0","0","0","0","0","0","0","0","0","0"
"*067xa*","Alex Robertson","MCI","M","762","FA","MCI 0<br/>@BRF 1 F","0","0","-","-","0","0","0","0","0","0","0","0","0","0","0","0","0","0","0","0","0","0","0","0","0","0","0","0","0","0","0","0"
"*0643y*","Charlie Robinson","FUL","D","763","FA","FUL 1<br/>@MUN 2 F","0","0","-","-","0","0","0","0","0","0","0","0","0","0","0","0","0","0","0","0","0","0","0","0","0","0","0","0","0","0","0","0"
"*066t0*","Max Robson","TOT","M","764","FA","TOT 4<br/>@LEE 1 F","0","0","-","-","0","0","0","0","0","0","0","0","0","0","0","0","0","0","0","0","0","0","0","0","0","0","0","0","0","0","0","0"
"*067x3*","Lakyle Samuel","MCI","D","771","FA","MCI 0<br/>@BRF 1 F","0","0","-","-","0","0","0","0","0","0","0","0","0","0","0","0","0","0","0","0","0","0","0","0","0","0","0","0","0","0","0","0"
"*06bq0*","Imari Samuels","BHA","D","772","FA","BHA 1<br/>@AVL 2 F","0","0","-","-","0","0","0","0","0","0","0","0","0","0","0","0","0","0","0","0","0","0","0","0","0","0","0","0","0","0","0","0"
"*05y58*","Charlie Savage","MUN","M","776","FA","FUL 1<br/>@MUN 2 F","0","0","-","-","0","0","0","0","0","0","0","0","0","0","0","0","0","0","0","0","0","0","0","0","0","0","0","0","0","0","0","0"
"*06440*","Kristian Sekularac","FUL","M","781","FA","FUL 1<br/>@MUN 2 F","0","0","-","-","0","0","0","0","0","0","0","0","0","0","0","0","0","0","0","0","0","0","0","0","0","0","0","0","0","0","0","0"
"*05n3t*","Dynel Simeu","SOU","D","784","FA","LIV 4<br/>@SOU 4 F","0","0","-","-","0","0","0","0","0","0","0","0","0","0","0","0","0","0","0","0","0","0","0","0","0","0","0","0","0","0","0","0"
"*05y5c*","Kamarai Simon-Swyer","WHU","M,F","785","FA","WHU 1<br/>@LEI 2 F","0","0","-","-","0","0","0","0","0","0","0","0","0","0","0","0","0","0","0","0","0","0","0","0","0","0","0","0","0","0","0","0"
"*067x4*","Isaac Smith","MCI","D","788","FA","MCI 0<br/>@BRF 1 F","0","0","-","-","0","0","0","0","0","0","0","0","0","0","0","0","0","0","0","0","0","0","0","0","0","0","0","0","0","0","0","0"
"*05l8p*","Matthew Smith","ARS","D,M","791","FA","WOL 0<br/>@ARS 5 F","0","0","-","-","0","0","0","0","0","0","0","0","0","0","0","0","0","0","0","0","0","0","0","0","0","0","0","0","0","0","0","0"
"*066nm*","Joe Snowdon","LEE","M","793","FA","TOT 4<br/>@LEE 1 F","0","0","-","-","0","0","0","0","0","0","0","0","0","0","0","0","0","0","0","0","0","0","0","0","0","0","0","0","0","0","0","0"
"*066o9*","Joseph Snowdon","LEE","M","794","FA","TOT 4<br/>@LEE 1 F","0","0","-","-","0","0","0","0","0","0","0","0","0","0","0","0","0","0","0","0","0","0","0","0","0","0","0","0","0","0","0","0"
"*062i0*","Lino Sousa","ARS","D","796","FA","WOL 0<br/>@ARS 5 F","0","0","-","-","0","0","0","0","0","0","0","0","0","0","0","0","0","0","0","0","0","0","0","0","0","0","0","0","0","0","0","0"
"*059ix*","Jack Spong","BHA","M","797","FA","BHA 1<br/>@AVL 2 F","0","0","-","-","0","0","0","0","0","0","0","0","0","0","0","0","0","0","0","0","0","0","0","0","0","0","0","0","0","0","0","0"
"*05am0*","Layton Stewart","LIV","F","800","FA","LIV 4<br/>@SOU 4 F","0","0","-","-","0","0","0","0","0","0","0","0","0","0","0","0","0","0","0","0","0","0","0","0","0","0","0","0","0","0","0","0"
"*062cr*","Lyle Taylor","NOT","F","805","FA","NOT 1<br/>@CRY 1 F","0","0","-","-","0","0","0","0","0","0","0","0","0","0","0","0","0","0","0","0","0","0","0","0","0","0","0","0","0","0","0","0"
"*05vye*","Antef Tsoungui","BHA","D","810","FA","BHA 1<br/>@AVL 2 F","0","0","-","-","0","0","0","0","0","0","0","0","0","0","0","0","0","0","0","0","0","0","0","0","0","0","0","0","0","0","0","0"
"*05x9j*","Ed Turns","BHA","D","813","FA","BHA 1<br/>@AVL 2 F","0","0","-","-","0","0","0","0","0","0","0","0","0","0","0","0","0","0","0","0","0","0","0","0","0","0","0","0","0","0","0","0"
"*0643t*","Jack Wadham","BOU","M","819","FA","BOU 0<br/>@EVE 1 F","0","0","-","-","0","0","0","0","0","0","0","0","0","0","0","0","0","0","0","0","0","0","0","0","0","0","0","0","0","0","0","0"
"*05y9m*","Charlie Webster","CHE","M","824","FA","NEW 1<br/>@CHE 1 F","0","0","-","-","0","0","0","0","0","0","0","0","0","0","0","0","0","0","0","0","0","0","0","0","0","0","0","0","0","0","0","0"
"*06379*","Charlie Wellens","MUN","M","826","FA","FUL 1<br/>@MUN 2 F","0","0","-","-","0","0","0","0","0","0","0","0","0","0","0","0","0","0","0","0","0","0","0","0","0","0","0","0","0","0","0","0"
"*05ye4*","Jack Wells-Morrison","CRY","M","827","FA","NOT 1<br/>@CRY 1 F","0","0","-","-","0","0","0","0","0","0","0","0","0","0","0","0","0","0","0","0","0","0","0","0","0","0","0","0","0","0","0","0"
"*05y4x*","Max Woltman","LIV","F","834","FA","LIV 4<br/>@SOU 4 F","0","0","-","-","0","0","0","0","0","0","0","0","0","0","0","0","0","0","0","0","0","0","0","0","0","0","0","0","0","0","0","0"
"*062on*","Joe Wormleighton","LEI","D,M","835","FA","WHU 1<br/>@LEI 2 F","0","0","-","-","0","0","0","0","0","0","0","0","0","0","0","0","0","0","0","0","0","0","0","0","0","0","0","0","0","0","0","0"
"*066e7*","Yegor Yarmolyuk","BRF","M","838","FA","MCI 0<br/>@BRF 1 F","0","0","-","-","0","0","0","0","0","0","0","0","0","0","0","0","0","0","0","0","0","0","0","0","0","0","0","0","0","0","0","0"
"*05r45*","Brad Young","AVL","M,F","839","FA","BHA 1<br/>@AVL 2 F","0","0","-","-","0","0","0","0","0","0","0","0","0","0","0","0","0","0","0","0","0","0","0","0","0","0","0","0","0","0","0","0"
"*066t1*","Yago Alonso","TOT","F","845","FA","TOT 4<br/>@LEE 1 F","0","0","-","-","0","0","0","0","0","0","0","0","0","0","0","0","0","0","0","0","0","0","0","0","0","0","0","0","0","0","0","0"
"*063e7*","Marcos Senesi","BOU","D","175","FA","BOU 0<br/>@EVE 1 F","-0.25","-0.25","91%","0%","1","1","90","0","0","0","0","0","0","0","2","0","1","0","1","0","0","1","0","2","0","0","0","0","0","0","2","0"
"*056at*","Jordan Zemura","BOU","D","270","FA","BOU 0<br/>@EVE 1 F","-0.25","-0.25","0%","0%","1","1","69","0","0","0","0","0","0","0","0","0","3","0","0","0","0","1","0","0","0","1","1","0","0","0","2","0"
"*03ar4*","Adam Armstrong","SOU","F","305","FA","LIV 4<br/>@SOU 4 F","-0.5","-0.5","5%","0%","1","0","1","0","0","0","0","0","0","0","0","0","1","0","0","0","0","0","0","0","0","0","0","0","0","0","0","0"
"*062cn*","Julian Alvarez","MCI","F","133","KFFC","MCI 0<br/>@BRF 1 F","-0.5","-0.5","0%","0%","1","0","2","0","0","0","0","0","0","0","0","0","1","0","0","0","0","0","0","0","0","0","0","0","0","0","0","0"
"*05u5e*","Romain Perraud","SOU","D","209","FA","LIV 4<br/>@SOU 4 F","-0.5","-0.5","0%","0%","1","0","12","0","0","0","0","0","0","0","0","0","1","0","0","0","0","0","0","0","0","0","0","0","0","0","1","0"
"*05w9r*","Takehiro Tomiyasu","ARS","D","343","FA","WOL 0<br/>@ARS 5 F","-0.5","-0.5","0%","0%","1","0","29","0","0","0","0","0","0","0","0","0","0","0","0","0","0","1","0","1","0","0","0","0","0","0","2","0"
"*02t1j*","Calum Chambers","AVL","D","425","FA","BHA 1<br/>@AVL 2 F","-0.69","-0.69","0%","0%","1","0","7","0","0","0","0","0","0","0","0","0","0","0","1","0","0","0","0","0","0","0","1","0","0","0","0","7"
"*056mf*","Neal Maupay","BHA/EVE","F","347","FA","BOU 0<br/>@EVE 1 F","-1.5","-1.5","0%","0%","1","0","19","0","0","0","0","0","0","0","0","0","1","2","1","0","0","0","0","0","0","0","0","0","0","0","0","0"
"*03r8x*","Callum Wilson","NEW","F","50","KFFC","NEW 1<br/>@CHE 1 F","-2","-2","16%","+4%","1","0","25","0","0","0","0","0","0","0","0","0","1","1","1","0","0","0","0","0","0","0","0","0","0","0","0","25"
"*02oo1*","Ben Davies","TOT","D","122","KFFC","TOT 4<br/>@LEE 1 F","-2","-2","1%","0%","1","1","90","0","0","0","0","0","0","0","1","0","1","0","1","0","0","0","0","1","0","0","1","0","0","0","2","0"
"*05x9k*","Jeremy Sarmiento","BHA","F","426","FA","BHA 1<br/>@AVL 2 F","-2","-2","0%","0%","1","0","28","0","0","0","0","0","0","0","0","0","2","0","1","0","1","0","0","0","0","0","0","0","0","0","1","0"
"*051k8*","Conor Gallagher","CHE","M","148","YUM","NEW 1<br/>@CHE 1 F","-2.5","-2.5","50%","+1%","1","0","16","0","0","0","0","0","0","0","0","0","1","0","1","0","0","0","0","0","0","0","0","0","0","0","0","0"
"*062p5*","Levi Colwill","BHA","D","284","Noah B","BHA 1<br/>@AVL 2 F","-2.75","-2.75","20%","+3%","1","1","90","0","0","0","0","0","0","0","0","0","0","1","0","0","0","0","0","3","0","0","2","0","0","0","4","0"
"*052cc*","Billy Gilmour","CHE/BHA","M","418","FA","BHA 1<br/>@AVL 2 F","-2.75","-2.75","0%","0%","1","1","90","0","0","0","0","0","0","0","0","0","2","0","1","0","0","0","0","1","0","0","0","0","0","0","4","0"
"*0649k*","Wout Faes","LEI","D","125","DF","WHU 1<br/>@LEI 2 F","-5.5","-5.5","0%","0%","1","1","90","0","0","0","0","0","0","0","0","0","0","0","0","0","0","1","0","5","0","2","2","0","0","2","2","0"
