"ID","Player","Team","Position","RkOv","Status","Opponent","FPts","FP/G","Ros","+/-","GP","GS","Min","G","A","A2","KP","AF","SOT","SOP","TkW","TLM","DIS","FS","YC","RC","ACNC","Int","IntB","CLO","CLR","CoS","BS","AER","PKM","PKD","OG","GAO","MCS"
"*03aqp*","Mohamed Salah","LIV","F","1","Will","CRY 1<br/>@LIV 1 F","767.5","20.2","97%","0%","38","38","3,368","29","18","2","89","0","61","6","11","0","67","39","1","0","17","9","0","0","5","58","0","9","0","0","0","40","1,220"
"*05l8q*","Cole Palmer","CHE","M","2","thomas","CHE 1<br/>@NOT 0 F","605.47","16.36","100%","0%","37","36","3,184","15","8","2","89","2","51","3","20","0","37","60","7","0","25","11","1","0","19","51","1","2","1","1","0","41","876"
"*05trb*","Bryan Mbeumo","BRF","F","3","RyRob","BRF 1<br/>@WOL 1 F","597","15.71","100%","0%","38","38","3,412","20","7","0","70","2","41","1","31","0","47","44","3","0","29","14","1","0","51","52","3","35","1","0","0","55","720"
"*05gcr*","Bruno Fernandes","MUN","M","4","RyRob","AVL 0<br/>@MUN 2 F","543.21","15.09","100%","0%","36","35","3,016","8","10","0","91","2","29","2","50","0","43","40","3","2","22","26","4","0","30","28","6","23","0","0","0","43","875"
"*067yz*","Matheus Cunha","WOL","F","5","TRB","BRF 1<br/>@WOL 1 F","512.25","15.52","100%","0%","33","29","2,588","15","6","1","57","1","44","1","22","0","55","71","4","0","16","17","0","0","19","61","1","13","0","0","0","54","622"
"*06jgi*","Daniel Munoz","CRY","D","6","Will","CRY 1<br/>@LIV 1 F","501.68","13.56","99%","0%","37","37","3,229","4","5","1","46","1","18","1","80","1","20","19","10","0","19","44","4","0","94","21","6","58","0","0","0","46","990"
"*046c5*","Jarrod Bowen","WHU","M","7","Brad","WHU 3<br/>@IPS 1 F","470.44","13.84","100%","0%","34","34","2,972","13","8","1","51","3","37","1","26","0","77","51","1","0","11","16","0","0","21","44","4","12","0","0","0","50","603"
"*0646f*","Alexander Isak","NEW","F","8","STONKS","EVE 1<br/>@NEW 0 F","470","13.82","90%","-3%","34","34","2,751","23","6","0","42","0","46","3","5","0","55","14","1","0","3","3","0","0","17","42","2","27","0","1","0","41","963"
"*03rzp*","Antonee Robinson","FUL","D","9","Mateta","MCI 2<br/>@FUL 0 F","466.22","12.95","72%","+7%","36","35","3,165","0","10","1","43","0","2","0","61","0","20","20","8","0","42","62","1","1","123","38","9","52","0","0","0","49","450"
"*068y0*","Antoine Semenyo","BOU","F","10","STONKS","LEI 0<br/>@BOU 2 F","448.75","12.13","100%","0%","37","36","3,200","11","5","0","46","2","41","5","35","0","77","37","9","0","8","11","1","0","34","69","9","67","0","1","0","41","800"
"*061vq*","Erling Haaland","MCI","F","11","Noah B","MCI 2<br/>@FUL 0 F","438.25","14.14","100%","0%","31","31","2,735","22","3","0","29","0","60","3","6","0","27","13","2","0","1","5","0","0","22","13","1","57","1","0","0","38","772"
"*05nt6*","Eberechi Eze","CRY","M","12","Laeka B","CRY 1<br/>@LIV 1 F","436.01","12.82","98%","0%","34","31","2,581","8","8","1","58","0","29","2","22","0","45","51","1","0","18","11","0","0","8","67","0","7","1","0","0","34","834"
"*05yld*","Luis Diaz","LIV","F","13","Bobbo","CRY 1<br/>@LIV 1 F","431.25","11.98","5%","0%","36","28","2,381","13","5","0","56","2","30","1","26","0","49","31","2","0","11","7","0","0","7","53","0","14","0","2","0","21","1,072"
"*068ym*","Enzo Fernandez","CHE","M","14","thomas","CHE 1<br/>@NOT 0 F","423.87","11.77","100%","0%","36","32","2,936","6","7","2","79","1","20","0","33","0","28","54","8","0","12","13","0","0","20","26","7","15","0","0","0","37","889"
"*038ze*","Alex Iwobi","FUL","M","15","STONKS","MCI 2<br/>@FUL 0 F","419.41","11.04","83%","+7%","38","35","2,971","9","6","1","59","0","29","0","25","0","40","18","1","0","25","14","0","0","28","48","1","7","0","0","0","45","375"
"*03srg*","Trent Alexander-Arnold","LIV","D","16","Laeka B","CRY 1<br/>@LIV 1 F","409.87","12.42","0%","0%","33","28","2,356","3","6","3","53","1","8","2","50","0","15","9","5","0","26","31","1","0","48","17","9","3","0","0","0","25","929"
"*03vlj*","Virgil van Dijk","LIV","D","17","CC FC","CRY 1<br/>@LIV 1 F","409.17","11.06","100%","0%","37","37","3,330","3","1","0","12","0","8","0","20","1","5","13","5","0","0","56","4","0","190","3","16","119","0","0","0","38","1,260"
"*06ex4*","Josko Gvardiol","MCI","D","18","Bobbo","MCI 2<br/>@FUL 0 F","408.52","11.04","67%","+21%","37","36","3,276","5","0","0","26","0","12","1","39","1","16","27","2","0","3","44","3","1","111","25","20","54","0","0","0","41","1,164"
"*05u1m*","Nathan Collins","BRF","D","19","Bobbo","BRF 1<br/>@WOL 1 F","408.2","10.74","82%","+1%","38","38","3,420","2","3","0","10","4","6","0","24","2","8","31","5","0","2","34","9","0","220","6","57","119","0","2","0","57","720"
"*04yo7*","Youri Tielemans","AVL","M","20","Brad","AVL 0<br/>@MUN 2 F","407.26","11.31","85%","-3%","36","35","3,024","3","7","1","61","0","13","1","58","0","29","56","4","0","7","23","1","0","46","31","16","24","1","0","0","46","564"
"*04adp*","Aaron Wan-Bissaka","WHU","D","22","RyRob","WHU 3<br/>@IPS 1 F","399.66","11.1","46%","0%","36","35","3,151","2","5","0","33","1","5","0","49","2","22","27","1","0","16","66","8","0","111","64","11","23","0","0","1","59","543"
"*05ylj*","Bruno Guimaraes","NEW","M","23","Mateta","EVE 1<br/>@NEW 0 F","398.97","10.5","100%","0%","38","38","3,265","5","6","1","52","0","15","1","47","0","76","108","7","0","7","29","2","0","40","34","10","19","0","0","0","44","1,078"
"*0427d*","James Tarkowski","EVE","D","24","FA","EVE 1<br/>@NEW 0 F","396.19","12.01","99%","0%","33","33","2,922","1","1","0","16","0","4","2","40","1","7","28","6","0","0","41","6","1","209","5","42","103","0","0","0","38","900"
"*05uor*","Yoane Wissa","BRF","F","25","Laeka B","BRF 1<br/>@WOL 1 F","393","11.23","45%","-1%","35","34","2,916","18","4","0","28","2","43","1","12","0","35","51","5","0","1","8","0","0","19","15","8","30","0","1","0","45","697"
"*04qr9*","Morgan Gibbs-White","NOT","M","26","Noah B","CHE 1<br/>@NOT 0 F","390.46","11.48","99%","0%","34","34","2,801","7","8","1","51","3","22","0","22","0","44","40","9","1","13","23","1","0","29","31","5","41","0","1","0","34","965"
"*06do9*","Milos Kerkez","BOU","D","27","Mateta","LEI 0<br/>@BOU 2 F","390.2","10.27","76%","0%","38","38","3,336","2","5","1","36","1","5","0","26","0","22","50","4","0","37","46","6","1","99","22","11","28","0","0","0","45","810"
"*063q8*","Mikkel Damsgaard","BRF","M","28","STONKS","BRF 1<br/>@WOL 1 F","389.81","10.26","92%","+1%","38","34","2,899","2","9","1","63","1","7","0","44","0","47","27","2","0","22","27","2","0","29","50","3","12","0","0","0","41","659"
"*05n07*","Pedro Porro","TOT","D","29","STONKS","BHA 4<br/>@TOT 1 F","386.28","11.71","99%","0%","33","28","2,599","2","6","0","57","0","8","1","49","1","18","33","5","0","40","36","2","0","73","14","17","12","0","0","0","47","511"
"*05os4*","Rayan Ait-Nouri","WOL","D","30","CC FC","BRF 1<br/>@WOL 1 F","386","10.43","79%","-3%","37","37","3,108","4","7","1","46","0","13","1","57","1","47","46","5","1","15","26","4","0","66","63","6","22","0","0","0","67","563"
"*062ci*","Kaoru Mitoma","BHA","M","31","STONKS","BHA 4<br/>@TOT 1 F","383.99","10.67","91%","-1%","36","28","2,588","10","4","0","37","1","27","1","27","0","23","24","1","0","11","14","0","0","7","52","3","27","0","0","0","40","540"
"*06mw0*","Nikola Milenkovic","NOT","D","32","Brad","CHE 1<br/>@NOT 0 F","383.92","10.38","53%","-2%","37","37","3,330","5","2","0","9","0","8","0","29","2","2","5","4","0","0","27","4","2","208","1","24","101","0","0","0","45","1,170"
"*05uht*","Morgan Rogers","AVL","M","33","thomas","AVL 0<br/>@MUN 2 F","383.35","10.36","100%","0%","37","37","3,111","8","10","0","52","1","20","1","22","0","74","51","10","0","4","6","0","0","18","66","7","13","0","1","0","40","797"
"*06clt*","Justin Kluivert","BOU","M","34","Noah B","LEI 0<br/>@BOU 2 F","378.34","11.13","35%","+1%","34","29","2,331","12","6","1","44","0","29","2","11","0","27","33","8","0","12","14","0","0","23","36","0","8","0","1","0","29","571"
"*02m5b*","Chris Wood","NOT","F","36","TRB","CHE 1<br/>@NOT 0 F","376","10.44","63%","-7%","36","35","2,954","20","3","0","22","0","35","1","5","0","27","24","1","0","1","5","0","1","28","4","7","94","0","0","0","37","992"
"*04y92*","Bukayo Saka","ARS","M","37","j.l.","ARS 2<br/>@SOU 1 F","371.65","14.87","100%","0%","25","20","1,719","6","10","3","58","1","23","0","15","0","40","39","3","0","13","3","0","0","6","41","0","10","0","1","0","21","644"
"*05ocl*","Ollie Watkins","AVL","F","38","Laeka B","AVL 0<br/>@MUN 2 F","370.25","9.74","99%","0%","38","31","2,585","16","8","0","25","0","40","2","7","0","50","33","2","0","0","8","0","0","14","10","3","52","0","2","0","40","593"
"*06fwz*","Murillo","NOT","D","39","STONKS","CHE 1<br/>@NOT 0 F","361.66","10.05","42%","-1%","36","36","3,188","2","0","0","13","0","6","1","36","4","10","6","6","0","6","36","6","3","242","27","45","44","0","0","0","44","1,061"
"*05r34*","Amad Diallo","MUN","M","41","thomas","AVL 0<br/>@MUN 2 F","359.49","13.83","95%","0%","26","20","1,891","8","6","0","49","2","17","0","31","0","35","28","5","0","10","11","0","0","16","41","2","10","0","2","0","30","585"
"*03am7*","Jacob Murphy","NEW","M","42","Laeka B","EVE 1<br/>@NEW 0 F","359.06","10.26","56%","0%","35","31","2,351","8","11","0","41","2","15","2","19","0","37","15","4","0","22","13","0","0","29","35","0","5","0","1","0","31","839"
"*05ybq*","Vitalii Mykolenko","EVE","D","43","Mateta","EVE 1<br/>@NEW 0 F","355.23","10.15","61%","0%","35","35","3,082","1","2","1","24","1","1","0","38","0","11","34","4","0","29","44","5","1","135","8","10","49","0","0","0","39","987"
"*02lsa*","Dan Burn","NEW","D","44","Mateta","EVE 1<br/>@NEW 0 F","355.17","9.6","75%","+1%","37","37","3,330","1","1","0","9","0","7","0","24","1","3","12","11","0","0","27","5","2","194","3","26","148","0","0","2","45","1,170"
"*0414o*","James Maddison","TOT","M","45","FA","BHA 4<br/>@TOT 1 F","354.73","11.44","43%","+6%","31","21","1,789","9","7","0","41","2","17","0","19","0","25","64","6","0","12","12","2","0","17","33","4","5","0","0","0","32","381"
"*067zv*","Kevin Schade","BRF","M","46","Mateta","BRF 1<br/>@WOL 1 F","354.38","9.33","97%","-2%","38","26","2,271","11","2","0","23","2","27","3","25","0","36","38","3","0","5","5","0","0","30","30","4","90","0","1","0","34","575"
"*04agz*","Declan Rice","ARS","M","47","CC FC","ARS 2<br/>@SOU 1 F","353.61","10.1","100%","0%","35","33","2,821","4","7","2","59","0","15","0","25","1","32","16","5","1","15","25","2","0","50","14","13","38","0","0","0","28","933"
"*05ogb*","Anthony Elanga","NOT","F","48","Bobbo","CHE 1<br/>@NOT 0 F","353","9.29","36%","-1%","38","31","2,486","6","11","0","50","0","24","1","14","0","43","47","1","0","22","6","0","0","20","25","1","24","0","0","0","35","862"
"*04mdn*","Anthony Gordon","NEW","M","49","TRB","EVE 1<br/>@NEW 0 F","351.98","10.35","96%","-1%","34","28","2,420","6","5","1","51","1","19","1","18","0","38","71","2","0","24","7","2","0","5","38","2","8","1","1","0","33","764"
"*0522h*","Alexis Mac Allister","LIV","M","50","CC FC","CRY 1<br/>@LIV 1 F","351.19","10.03","85%","-2%","35","30","2,591","5","5","0","45","1","14","2","58","0","22","40","6","0","2","22","2","0","29","16","6","19","0","0","0","24","1,166"
"*04qrc*","Raul Jimenez","FUL","F","51","Bobbo","MCI 2<br/>@FUL 0 F","348.5","9.17","86%","-5%","38","30","2,476","12","3","0","24","0","33","2","24","0","45","41","4","0","5","10","0","0","23","21","5","92","0","1","0","37","315"
"*06cmm*","Dominik Szoboszlai","LIV","M","52","Will","CRY 1<br/>@LIV 1 F","347.83","9.66","100%","0%","36","29","2,479","6","6","0","56","4","23","1","20","0","23","24","6","0","8","9","0","0","14","21","5","19","0","0","0","29","998"
"*05opj*","Elliot Anderson","NOT","M","53","Bobbo","CHE 1<br/>@NOT 0 F","342.54","9.26","99%","0%","37","33","2,718","2","6","0","37","0","7","0","56","0","49","58","10","0","2","31","6","0","68","36","9","57","0","0","0","37","927"
"*06pia*","Maxence Lacroix","CRY","D","54","thomas","CRY 1<br/>@LIV 1 F","341.68","9.76","97%","0%","35","35","3,115","1","1","0","8","1","6","1","41","5","6","19","5","0","2","54","4","1","203","8","22","61","0","0","0","45","990"
"*05748*","Ismaila Sarr","CRY","F","55","thomas","CRY 1<br/>@LIV 1 F","341.5","8.99","93%","0%","38","30","2,690","8","6","2","44","1","29","2","10","0","43","56","4","0","13","9","1","2","38","17","8","37","0","1","0","39","863"
"*068lx*","Dango Ouattara","BOU","M","56","FA","LEI 0<br/>@BOU 2 F","340.15","10.63","95%","0%","32","21","1,984","7","4","0","35","0","20","2","26","0","32","19","3","0","17","11","0","0","48","39","10","46","0","0","0","23","577"
"*05a6e*","Neco Williams","NOT","D","57","Brad","CHE 1<br/>@NOT 0 F","340.11","9.72","98%","0%","35","28","2,579","1","3","0","18","0","7","1","57","0","21","43","7","0","13","31","6","0","120","18","10","40","0","0","0","31","895"
"*0520r*","Leandro Trossard","ARS","M","58","j.l.","ARS 2<br/>@SOU 1 F","339.72","8.94","91%","+3%","38","28","2,527","8","7","0","42","1","22","1","20","0","51","46","2","1","16","9","0","0","14","38","0","6","0","0","0","26","853"
"*05ylx*","Dejan Kulusevski","TOT","M","59","Noah B","BHA 4<br/>@TOT 1 F","338.98","10.59","30%","0%","32","27","2,382","7","4","1","65","0","18","0","23","0","74","38","3","0","7","13","0","0","9","38","5","10","0","0","0","41","516"
"*03v9d*","Son Heung-Min","TOT","F","61","Will","BHA 4<br/>@TOT 1 F","336.25","11.21","10%","0%","30","24","2,100","7","9","0","50","2","26","2","9","0","32","28","1","0","13","5","1","0","16","29","0","6","1","1","0","35","373"
"*06nv2*","Dean Huijsen","BOU","D","62","Laeka B","LEI 0<br/>@BOU 2 F","335.19","10.47","0%","0%","32","26","2,417","3","2","0","15","0","4","0","26","0","1","10","10","0","2","51","3","1","194","2","29","68","0","0","0","31","641"
"*05rb8*","Moises Caicedo","CHE","M","63","CC FC","CHE 1<br/>@NOT 0 F","334.9","8.81","80%","0%","38","38","3,351","1","2","0","30","2","3","0","73","2","25","58","11","0","4","49","3","0","53","29","10","36","0","2","0","42","982"
"*05tr8*","Christian Norgaard","BRF","M","64","Bobbo","BRF 1<br/>@WOL 1 F","332.87","9.79","7%","0%","34","34","2,818","5","4","0","18","1","16","1","49","0","20","28","8","1","5","49","9","0","64","7","20","52","0","0","0","45","596"
"*05akv*","Tyrick Mitchell","CRY","D","65","CC FC","CRY 1<br/>@LIV 1 F","326.92","8.84","97%","0%","37","37","3,090","0","5","0","41","1","3","0","55","0","30","25","2","0","19","19","2","0","95","16","12","20","0","1","0","46","926"
"*05r8o*","Jean-Philippe Mateta","CRY","F","66","Mateta","CRY 1<br/>@LIV 1 F","326","8.81","93%","-2%","37","33","2,637","14","2","0","29","0","33","2","12","0","45","28","2","0","5","2","0","0","22","20","4","64","0","0","0","37","785"
"*04yey*","Max Kilman","WHU","D","68","j.l.","WHU 3<br/>@IPS 1 F","325.66","8.57","19%","0%","38","38","3,348","0","1","0","16","0","3","0","24","3","4","13","5","0","0","38","13","0","210","16","40","113","0","0","0","62","558"
"*068n8*","Noni Madueke","CHE","M","69","STONKS","CHE 1<br/>@NOT 0 F","323.69","10.12","66%","-3%","32","27","2,023","7","3","2","33","2","32","2","18","0","25","25","3","0","11","10","0","0","10","45","0","11","0","0","0","28","513"
"*067yv*","Cody Gakpo","LIV","F","70","j.l.","CRY 1<br/>@LIV 1 F","321","9.17","100%","0%","35","23","1,909","10","4","0","38","1","23","0","16","0","24","31","5","0","11","12","0","0","16","31","3","17","0","1","0","25","564"
"*06pe1*","Mateus Goncalo Espanha Fernandes","SOU","M","71","RyRob","ARS 2<br/>@SOU 1 F","318.7","8.85","70%","0%","36","34","2,904","2","4","0","34","0","14","0","48","0","36","55","8","0","12","28","7","0","30","49","8","15","0","0","0","66","266"
"*04fk6*","Bernardo Silva","MCI","M","72","TRB","MCI 2<br/>@FUL 0 F","318.66","9.66","94%","0%","33","29","2,662","4","4","0","53","0","12","0","37","0","34","32","7","0","11","23","2","1","30","28","7","5","0","0","0","36","825"
"*052h5*","Gabriel Martinelli","ARS","M","73","Will","ARS 2<br/>@SOU 1 F","315.79","9.57","45%","0%","33","25","2,278","8","4","0","40","0","25","0","15","0","38","21","1","0","21","5","0","0","16","33","0","17","0","0","0","25","792"
"*05w9i*","Marc Cucurella","CHE","D","74","Noah B","CHE 1<br/>@NOT 0 F","313.75","8.72","97%","0%","36","33","2,981","5","1","0","19","1","12","0","45","0","6","38","8","1","5","28","1","0","80","4","16","32","0","0","0","38","822"
"*050jq*","Marc Guehi","CRY","D","75","Mateta","CRY 1<br/>@LIV 1 F","313.68","9.23","98%","0%","34","34","3,058","3","2","0","16","0","7","0","34","1","18","27","7","1","3","28","4","0","156","12","23","69","0","0","3","42","990"
"*062p5*","Levi Colwill","CHE","D","77","TRB","CHE 1<br/>@NOT 0 F","312.94","8.94","20%","+4%","35","35","3,148","2","1","0","13","0","4","0","34","2","8","21","9","0","3","33","3","1","116","6","25","83","0","0","0","41","900"
"*06fv8*","Mohammed Kudus","WHU","M","78","Will","WHU 3<br/>@IPS 1 F","312.31","9.76","48%","-1%","32","31","2,584","5","3","0","31","1","22","5","23","0","93","64","2","1","21","4","0","0","8","92","1","11","0","0","0","46","411"
"*05gcp*","Tomas Soucek","WHU","M","79","j.l.","WHU 3<br/>@IPS 1 F","309.58","8.85","43%","-3%","35","30","2,558","9","1","1","14","1","18","0","21","1","15","25","8","0","2","20","3","0","84","6","21","101","0","1","0","44","615"
"*06p4j*","Noussair Mazraoui","MUN","D","80","Noah B","AVL 0<br/>@MUN 2 F","308.67","8.34","27%","+4%","37","34","2,834","0","1","0","20","0","3","0","68","2","17","25","3","0","6","34","6","0","83","26","9","51","0","0","0","43","712"
"*06mow*","Jorgen Strand Larsen","WOL","F","81","RyRob","BRF 1<br/>@WOL 1 F","306.25","8.75","73%","0%","35","30","2,577","14","4","0","21","0","34","2","6","0","34","19","4","0","1","6","3","0","29","8","4","67","0","0","0","52","527"
"*04tig*","Fabian Schar","NEW","D","82","STONKS","EVE 1<br/>@NEW 0 F","305.7","8.99","28%","0%","34","33","2,933","4","0","0","5","2","11","2","21","3","6","15","9","1","1","45","8","0","133","8","25","59","0","0","0","42","1,009"
"*043qy*","Lewis Cook","BOU","M","84","FA","LEI 0<br/>@BOU 2 F","304.88","8.47","12%","0%","36","32","2,974","1","3","1","47","1","4","0","42","1","18","10","8","1","20","41","7","0","66","13","11","41","0","0","0","43","552"
"*05g2o*","Joao Pedro","BHA","F","85","CC FC","BHA 4<br/>@TOT 1 F","304.25","11.27","100%","0%","27","23","1,939","10","6","0","30","0","20","1","12","0","38","46","4","1","6","9","0","0","12","29","0","42","0","3","0","27","354"
"*05r9b*","Martin Odegaard","ARS","M","86","CC FC","ARS 2<br/>@SOU 1 F","299.43","9.98","96%","0%","30","26","2,313","3","8","1","63","1","17","1","11","0","40","23","4","0","12","6","0","0","5","25","0","8","0","0","0","21","940"
"*05r94*","Iliman Ndiaye","EVE","F","87","Will","EVE 1<br/>@NEW 0 F","298.75","9.05","99%","0%","33","29","2,422","9","0","0","18","0","18","0","28","0","44","52","3","0","9","20","1","3","15","68","5","8","0","0","0","24","1,002"
"*03frx*","Ola Aina","NOT","D","88","Brad","CHE 1<br/>@NOT 0 F","297.39","8.5","39%","-8%","35","35","2,996","2","1","0","16","0","2","0","42","0","22","35","5","0","13","33","3","3","106","33","12","13","0","0","0","39","1,117"
"*06fxe*","Ryan Gravenberch","LIV","M","89","Bobbo","CRY 1<br/>@LIV 1 F","295.68","7.99","93%","+1%","37","37","3,158","0","4","0","26","0","5","0","35","0","26","52","6","1","4","60","7","0","57","37","10","26","0","0","0","35","1,210"
"*068yi*","Illia Zabarnyi","BOU","D","90","thomas","LEI 0<br/>@BOU 2 F","294.45","8.18","2%","0%","36","35","3,109","0","1","0","12","0","1","2","36","4","3","7","4","1","0","41","6","0","179","6","20","77","0","0","0","41","765"
"*06mvz*","Savio","MCI","F","91","FA","MCI 2<br/>@FUL 0 F","294.25","10.15","38%","+6%","29","21","1,751","1","8","0","46","3","21","1","17","0","38","28","3","0","16","6","0","0","9","52","2","1","0","2","0","25","593"
"*02oox*","Kevin De Bruyne","MCI","M","92","TRB","MCI 2<br/>@FUL 0 F","292.93","10.46","0%","0%","28","19","1,683","4","7","1","57","2","18","4","9","0","28","18","2","0","15","7","0","0","8","13","0","5","0","0","0","19","669"
"*0558w*","William Saliba","ARS","D","93","j.l.","ARS 2<br/>@SOU 1 F","291.93","8.34","99%","0%","35","35","3,039","2","0","0","7","0","3","0","37","4","8","17","2","1","0","21","2","0","118","12","15","62","0","0","0","27","1,125"
"*06fup*","Jeremy Doku","MCI","M","94","RyRob","MCI 2<br/>@FUL 0 F","289.73","9.99","99%","0%","29","16","1,491","3","6","0","32","0","9","0","22","0","59","33","1","0","11","4","0","0","2","107","1","0","0","0","0","14","696"
"*04qfz*","Diogo Dalot","MUN","D","95","FA","AVL 0<br/>@MUN 2 F","289.03","8.76","83%","-2%","33","31","2,810","0","3","1","26","1","5","2","40","0","21","9","5","0","12","37","6","1","64","27","9","38","0","0","0","45","800"
"*05os9*","Thomas Partey","ARS","M","96","Mateta","ARS 2<br/>@SOU 1 F","287.85","8.22","0%","0%","35","31","2,790","4","2","0","19","1","9","0","53","0","17","31","4","0","2","35","3","0","44","24","9","28","0","0","0","30","775"
"*05y9n*","Lewis Hall","NEW","D","97","FA","EVE 1<br/>@NEW 0 F","287.3","10.64","77%","0%","27","24","2,184","0","4","0","34","3","1","0","41","0","20","21","3","0","14","18","1","2","51","11","18","30","0","0","0","31","699"
"*06fwi*","Carlos Baleba","BHA","M","98","Mateta","BHA 4<br/>@TOT 1 F","287.05","8.44","20%","+2%","34","31","2,653","3","1","1","21","0","11","0","46","0","42","48","6","1","3","46","7","0","43","33","11","39","0","0","0","39","590"
"*06c6g*","Yankuba Minteh","BHA","F","99","STONKS","BHA 4<br/>@TOT 1 F","286.75","8.96","98%","0%","32","20","1,815","6","4","0","29","1","16","0","35","1","28","11","6","0","19","11","4","0","28","46","0","18","0","0","0","33","417"
"*06cms*","Sandro Tonali","NEW","M","101","Mateta","EVE 1<br/>@NEW 0 F","285.78","7.94","75%","-1%","36","28","2,618","4","2","0","28","0","12","3","32","0","23","49","5","0","8","34","5","0","30","20","11","12","0","1","0","34","994"
"*060wh*","Alejandro Garnacho","MUN","M","102","FA","AVL 0<br/>@MUN 2 F","285.74","7.94","28%","-1%","36","23","2,174","6","2","0","37","2","30","3","18","0","48","43","3","0","8","13","1","0","10","26","0","3","0","0","0","36","517"
"*05nzu*","Gabriel Magalhaes","ARS","D","103","FA","ARS 2<br/>@SOU 1 F","285.19","10.19","100%","0%","28","28","2,363","3","1","0","14","1","5","1","15","2","2","19","4","0","0","16","3","0","89","4","29","55","0","1","0","22","900"
"*056iy*","Pedro Neto","CHE","F","104","TRB","CHE 1<br/>@NOT 0 F","285","8.14","95%","-2%","35","24","2,252","4","6","0","47","0","17","1","9","0","30","33","8","0","36","9","0","0","5","34","2","12","0","0","0","25","774"
"*05oig*","Liam Delap","IPS","F","105","CC FC","WHU 3<br/>@IPS 1 F","284.5","7.69","32%","0%","37","32","2,578","12","2","0","20","0","32","3","8","0","62","51","12","0","1","2","0","0","28","40","0","59","0","2","0","58","146"
"*04tm0*","Lucas Digne","AVL","D","106","FA","AVL 0<br/>@MUN 2 F","283.27","8.85","60%","-3%","32","28","2,343","0","4","0","36","1","3","0","38","0","16","16","4","0","24","25","1","0","84","9","4","39","0","0","0","36","492"
"*06p6j*","Evanilson","BOU","F","107","Noah B","LEI 0<br/>@BOU 2 F","283.25","9.14","94%","0%","31","28","2,311","10","1","0","26","4","32","2","10","0","24","53","1","1","0","1","0","0","21","7","2","42","1","5","0","29","611"
"*05u7f*","Ibrahima Konate","LIV","D","108","CC FC","CRY 1<br/>@LIV 1 F","281.43","9.08","95%","-1%","31","30","2,561","1","2","0","10","0","4","0","26","0","2","20","5","0","0","17","2","1","125","3","15","75","0","0","0","28","1,035"
"*03rxa*","Idrissa Gueye","EVE","M","109","Brad","EVE 1<br/>@NEW 0 F","280.84","7.59","19%","-4%","37","35","3,055","0","3","0","19","0","5","1","80","1","38","46","9","0","4","48","5","0","34","18","9","25","0","0","0","39","1,022"
"*03u2b*","Adama Traore","FUL","F","111","Will","MCI 2<br/>@FUL 0 F","277.5","7.71","9%","0%","36","18","1,740","2","7","0","42","1","12","0","13","0","25","32","3","0","30","1","0","0","4","48","0","25","0","0","0","28","167"
"*06cm1*","Nicolas Jackson","CHE","F","112","FA","CHE 1<br/>@NOT 0 F","277","9.23","23%","0%","30","28","2,214","10","5","0","28","1","35","4","13","0","41","29","7","1","1","3","0","0","15","18","2","22","0","0","0","23","499"
"*061ve*","Ryan Christie","BOU","M","113","FA","LEI 0<br/>@BOU 2 F","276.88","9.55","15%","-1%","29","27","2,112","2","3","0","41","0","12","1","33","0","25","31","9","0","7","30","1","0","49","23","11","22","0","0","0","28","462"
"*061ya*","Brennan Johnson","TOT","F","114","Brad","BHA 4<br/>@TOT 1 F","275.5","8.35","54%","-1%","33","24","2,165","11","3","0","19","3","20","4","26","0","17","26","5","0","6","4","0","0","10","19","3","7","0","2","0","38","261"
"*04abn*","Harvey Barnes","NEW","M","115","TRB","EVE 1<br/>@NEW 0 F","273.86","8.3","69%","+9%","33","17","1,730","9","4","0","26","1","21","0","9","0","23","22","0","0","14","6","0","0","11","24","2","7","0","0","0","23","573"
"*04mi4*","Callum Hudson-Odoi","NOT","F","116","FA","CHE 1<br/>@NOT 0 F","273.75","8.83","51%","-2%","31","25","2,179","5","2","1","44","1","17","1","14","0","23","25","2","0","15","13","2","0","12","37","0","3","0","1","0","23","823"
"*0639x*","Marcus Tavernier","BOU","M","117","Mateta","LEI 0<br/>@BOU 2 F","273.02","9.41","98%","0%","29","20","1,921","3","5","0","43","2","17","4","24","1","47","28","6","0","19","5","0","0","9","28","3","26","0","0","0","29","295"
"*05oh0*","Jan-Paul van Hecke","BHA","D","118","Laeka B","BHA 4<br/>@TOT 1 F","268.24","7.89","85%","0%","34","33","2,955","1","1","0","16","0","5","1","29","1","7","24","6","1","5","24","2","0","139","5","22","83","0","0","0","47","638"
"*05ojg*","Nelson Semedo","WOL","D","120","RyRob","BRF 1<br/>@WOL 1 F","266.42","7.84","1%","0%","34","32","2,879","0","4","0","25","0","7","1","36","0","21","30","8","0","16","23","5","0","84","32","10","28","0","0","0","49","697"
"*063zg*","Pervis Estupinan","BHA","D","121","Noah B","BHA 4<br/>@TOT 1 F","264.33","8.81","93%","0%","30","26","2,396","1","1","0","26","0","9","0","43","1","27","20","5","0","25","37","3","0","57","19","5","46","0","0","0","44","309"
"*04gpx*","Dara O'Shea","BUR/IPS","D","122","TRB","WHU 3<br/>@IPS 1 F","264.24","7.55","0%","0%","35","35","3,122","0","2","0","3","0","2","0","31","2","4","26","6","0","1","33","4","3","219","1","50","116","0","0","0","75","180"
"*0521z*","James Justin","LEI","D","123","FA","LEI 0<br/>@BOU 2 F","263.93","7.33","32%","-5%","36","34","2,908","2","2","0","14","0","7","0","37","1","15","44","6","0","11","46","4","0","115","9","18","69","0","0","0","68","243"
"*04u41*","Mateo Kovacic","MCI","M","125","FA","MCI 2<br/>@FUL 0 F","259.8","8.38","2%","0%","31","25","2,184","6","2","0","33","1","12","0","38","0","29","26","5","1","0","24","1","0","21","22","0","10","0","0","0","28","703"
"*05s08*","Valentino Livramento","NEW","D","126","RyRob","EVE 1<br/>@NEW 0 F","259.71","7.02","42%","-1%","37","32","2,831","0","1","0","26","0","2","0","36","0","39","35","1","0","11","23","3","0","94","25","11","27","0","0","0","40","889"
"*0554i*","Joelinton","NEW","M","127","Bobbo","EVE 1<br/>@NEW 0 F","255.79","8.82","43%","+1%","29","29","2,394","4","3","1","23","1","14","0","35","0","53","35","10","0","3","23","4","0","46","15","7","59","0","0","0","32","837"
"*03dyk*","Jamie Vardy","LEI","F","128","Mateta","LEI 0<br/>@BOU 2 F","254.5","7.27","0%","0%","35","35","2,825","9","4","0","19","1","26","1","13","0","14","23","5","0","1","5","0","0","24","11","4","51","1","2","0","68","236"
"*04abb*","Phil Foden","MCI","M","129","Laeka B","MCI 2<br/>@FUL 0 F","253.51","9.05","97%","+5%","28","20","1,763","7","2","0","43","1","16","1","5","0","31","34","2","0","16","9","1","0","7","14","1","3","0","0","0","24","496"
"*06dmj*","Jurrien Timber","ARS","D","130","FA","ARS 2<br/>@SOU 1 F","253.37","8.45","90%","-4%","30","27","2,410","1","3","0","17","0","4","0","38","0","24","29","7","0","4","22","1","0","41","24","4","22","0","0","0","21","899"
"*05l27*","Jarrad Branthwaite","EVE","D","131","FA","EVE 1<br/>@NEW 0 F","253.31","8.44","23%","-1%","30","28","2,507","0","1","0","3","0","3","0","20","4","4","18","4","0","0","27","5","0","188","3","23","62","0","0","0","28","793"
"*062p3*","Keane Lewis-Potter","BRF","F","133","Brad","BRF 1<br/>@WOL 1 F","252.5","6.64","39%","0%","38","36","3,090","1","3","0","26","2","14","1","27","1","20","31","7","0","25","21","1","1","66","41","10","27","0","1","0","49","675"
"*04aiz*","Wilfred Ndidi","LEI","M","134","Mateta","LEI 0<br/>@BOU 2 F","250.96","8.96","0%","0%","28","28","2,323","0","5","0","17","0","8","1","51","0","33","18","8","0","5","31","4","2","74","13","19","61","0","0","1","48","267"
"*02lnx*","Danny Welbeck","BHA","F","136","FA","BHA 4<br/>@TOT 1 F","248.25","8.28","89%","+1%","30","24","2,103","10","4","0","23","1","24","1","16","0","28","23","5","0","0","5","0","0","14","13","4","17","0","0","0","37","438"
"*068yd*","Joao Gomes","WOL","M","137","Noah B","BRF 1<br/>@WOL 1 F","247.52","6.88","43%","-2%","36","35","2,971","3","1","0","23","0","7","1","71","0","51","47","9","1","6","25","1","0","32","30","4","11","0","0","0","58","565"
"*04mup*","Trevoh Chalobah","CHE/CRY","D","138","FA","CHE 1<br/>@NOT 0 F","245.86","9.83","60%","-7%","25","23","1,968","3","1","0","8","0","7","0","23","1","9","22","3","0","1","29","3","0","104","8","12","45","0","0","0","25","546"
"*0647t*","Lucas Paqueta","WHU","M","139","RyRob","WHU 3<br/>@IPS 1 F","244.5","7.41","32%","0%","33","27","2,369","4","0","0","36","1","6","0","37","0","51","62","10","0","5","18","1","0","34","21","4","48","0","0","0","50","270"
"*02lny*","Ashley Young","EVE","D","140","Will","EVE 1<br/>@NEW 0 F","243.65","7.61","0%","0%","32","19","1,852","1","3","0","26","1","3","0","33","0","1","22","7","1","16","25","2","0","56","7","4","11","0","0","0","22","798"
"*04hk9*","Mikel Merino","NEW/ARS","M","141","STONKS","ARS 2<br/>@SOU 1 F","242.98","8.68","20%","0%","28","17","1,564","7","2","1","17","0","15","1","28","0","27","23","2","1","4","15","2","0","23","9","5","60","0","0","0","17","449"
"*04fk9*","Jan Bednarek","SOU","D","142","FA","ARS 2<br/>@SOU 1 F","240.73","8.02","0%","0%","30","30","2,531","2","0","0","5","0","3","0","19","2","3","13","7","0","0","56","4","2","190","3","36","71","0","0","0","57","270"
"*05nil*","Leif Davis","IPS","D","143","thomas","WHU 3<br/>@IPS 1 F","239.99","7.27","0%","0%","33","32","2,741","1","2","0","61","0","2","1","26","1","16","31","5","1","22","25","3","0","71","13","8","35","0","0","0","69","180"
"*05yg5*","Toti","WOL","D","144","FA","BRF 1<br/>@WOL 1 F","239.95","7.74","2%","0%","31","30","2,612","0","1","0","9","0","3","0","43","2","15","15","7","0","3","25","1","2","147","20","17","53","0","0","0","45","720"
"*05220*","Sepp van den Berg","LIV/BRF","D","145","FA","BRF 1<br/>@WOL 1 F","239.15","7.71","64%","-4%","31","29","2,582","0","0","0","6","1","6","0","24","1","7","5","3","0","3","21","2","1","131","4","38","94","0","1","0","49","509"
"*06p4k*","Matthijs de Ligt","MUN","D","146","FA","AVL 0<br/>@MUN 2 F","235.7","8.13","24%","-1%","29","25","2,116","2","0","0","6","0","9","0","22","1","3","12","3","0","2","33","7","1","91","2","21","58","0","0","0","36","521"
"*05ubv*","Omari Hutchinson","IPS","M","147","Bobbo","WHU 3<br/>@IPS 1 F","233.91","7.55","37%","-5%","31","30","2,578","3","2","0","31","1","19","0","13","0","58","46","5","0","16","11","1","0","7","51","2","7","0","0","0","61","172"
"*04p0d*","Dwight McNeil","EVE","M","148","FA","EVE 1<br/>@NEW 0 F","233.67","11.13","40%","-5%","21","15","1,361","4","6","0","38","2","10","0","8","0","33","18","1","0","19","6","0","0","2","24","0","3","0","0","0","24","421"
"*03fgo*","Dominic Solanke","TOT","F","150","CC FC","BHA 4<br/>@TOT 1 F","230.5","8.54","62%","-4%","27","25","2,197","9","3","0","14","2","26","0","11","0","51","36","0","0","1","1","0","0","23","17","9","46","0","0","1","43","261"
"*03jly*","Andreas Pereira","FUL","M","151","CC FC","MCI 2<br/>@FUL 0 F","229.91","6.97","7%","0%","33","25","1,993","2","4","0","57","2","9","0","13","0","22","24","8","0","9","8","0","0","16","14","2","14","1","1","0","32","240"
"*0435t*","Ilkay Gundogan","MCI","M","153","Bobbo","MCI 2<br/>@FUL 0 F","228.39","6.92","1%","0%","33","25","2,207","1","6","0","44","1","7","2","13","0","25","27","1","0","4","13","1","0","22","17","0","14","0","1","0","28","688"
"*05o6h*","Kai Havertz","ARS","F","154","FA","ARS 2<br/>@SOU 1 F","227.25","9.88","76%","-1%","23","21","1,869","9","3","0","17","0","21","0","9","0","23","23","5","0","2","6","0","0","32","9","4","65","0","0","0","20","643"
"*06phv*","Bilal El Khannouss","LEI","M","155","STONKS","LEI 0<br/>@BOU 2 F","227.17","7.1","40%","0%","32","27","2,170","2","3","0","42","1","7","1","30","0","38","13","4","0","12","6","0","0","9","34","4","19","0","0","0","54","173"
"*067yu*","Facundo Buonanotte","LEI","M","156","FA","LEI 0<br/>@BOU 2 F","225.65","7.28","2%","0%","31","14","1,490","5","2","0","25","0","12","1","32","0","39","35","8","0","9","12","1","0","12","28","6","18","0","0","0","33","81"
"*05w7t*","Pape Sarr","TOT","M","157","j.l.","BHA 4<br/>@TOT 1 F","225.36","6.26","16%","0%","36","22","1,888","3","2","1","15","0","13","1","36","0","22","35","6","0","2","30","2","0","24","11","10","34","0","0","0","38","258"
"*05os8*","Joachim Andersen","CRY/FUL","D","159","j.l.","MCI 2<br/>@FUL 0 F","222.73","7.42","50%","-1%","30","30","2,661","0","0","0","4","0","6","0","19","1","4","19","7","1","3","34","4","2","193","4","28","76","0","0","1","44","360"
"*068yc*","Yasin Ayari","BHA","M","160","thomas","BHA 4<br/>@TOT 1 F","221.4","6.51","30%","-3%","34","22","1,944","2","1","0","30","0","8","1","32","0","22","26","3","0","14","20","3","0","25","18","6","16","0","0","0","28","441"
"*03gu5*","Andrew Robertson","LIV","D","161","Brad","CRY 1<br/>@LIV 1 F","216.61","6.56","22%","-8%","33","29","2,476","0","1","0","40","0","3","1","22","1","13","8","3","1","22","21","2","0","42","7","4","7","0","0","1","31","880"
"*03ybi*","Marcus Rashford","MUN/AVL","F","162","FA","AVL 0<br/>@MUN 2 F","216.5","8.66","92%","0%","25","16","1,407","6","3","0","28","1","16","3","11","0","7","10","2","0","11","5","0","0","9","18","0","6","0","0","0","15","549"
"*06fxv*","Jean-Ricner Bellegarde","WOL","M","163","FA","BRF 1<br/>@WOL 1 F","215.9","6.17","12%","0%","35","20","1,653","2","7","1","28","0","5","0","24","0","29","47","3","0","12","10","1","0","17","14","3","10","0","0","0","31","306"
"*06fvn*","Beto","EVE","F","164","thomas","EVE 1<br/>@NEW 0 F","215","7.17","74%","+9%","30","15","1,504","8","0","0","12","0","23","2","6","0","37","23","2","0","1","4","0","0","24","19","2","99","0","0","0","24","412"
"*051k0*","John McGinn","AVL","M","165","j.l.","AVL 0<br/>@MUN 2 F","212.81","6.26","69%","0%","34","27","2,209","1","4","1","31","0","5","0","24","0","29","69","7","0","11","14","1","0","14","20","2","17","0","1","0","34","411"
"*03gu4*","Harry Maguire","MUN","D","166","TRB","AVL 0<br/>@MUN 2 F","210.06","7.78","43%","+3%","27","19","1,744","1","0","0","9","0","7","1","15","1","2","11","7","0","0","40","6","0","77","2","12","64","0","0","0","27","410"
"*0689w*","Georginio Rutter","LEE/BHA","F","167","FA","BHA 4<br/>@TOT 1 F","209.75","7.49","49%","-3%","28","19","1,643","5","3","0","19","3","12","1","15","0","37","45","2","0","1","10","0","0","12","27","3","25","0","0","0","29","324"
"*05o4b*","Matty Cash","AVL","D","168","Noah B","AVL 0<br/>@MUN 2 F","209.14","7.75","80%","-1%","27","24","2,068","1","1","0","11","0","6","0","32","0","10","20","7","0","5","23","0","0","58","19","8","20","0","0","0","22","659"
"*052k6*","Taylor Harwood-Bellis","SOU","D","169","FA","ARS 2<br/>@SOU 1 F","208.48","6.13","0%","0%","34","32","2,823","1","0","0","14","0","8","0","20","0","5","14","9","0","1","30","6","3","140","3","43","63","0","0","0","65","270"
"*052ca*","Ezri Konsa","AVL","D","170","STONKS","AVL 0<br/>@MUN 2 F","207.93","6.12","33%","-1%","34","33","2,936","2","0","0","6","0","5","1","18","2","10","47","1","0","0","24","4","3","107","8","11","31","0","0","0","45","731"
"*04sat*","Emile Smith Rowe","FUL","M","171","FA","MCI 2<br/>@FUL 0 F","205.61","6.05","33%","+2%","34","25","2,029","6","3","0","24","0","11","1","18","0","18","14","3","0","5","11","1","0","16","16","2","6","0","0","0","28","325"
"*02m11*","Matt Doherty","WOL","D","172","FA","BRF 1<br/>@WOL 1 F","205.03","6.83","1%","0%","30","25","2,101","2","1","0","12","0","3","0","21","0","5","11","6","0","1","22","2","1","95","11","15","56","0","0","1","38","541"
"*0642l*","Casemiro","MUN","M","173","j.l.","AVL 0<br/>@MUN 2 F","204.87","8.54","82%","0%","24","18","1,482","1","0","0","22","0","10","0","50","0","10","19","5","0","8","14","0","0","48","3","10","39","0","0","0","20","439"
"*061y6*","Ryan Yates","NOT","M","174","FA","CHE 1<br/>@NOT 0 F","204.01","5.83","1%","0%","35","18","1,886","2","1","0","18","1","9","1","21","0","18","49","10","0","0","26","2","0","60","9","10","48","0","0","0","27","654"
"*04spq*","Jack Harrison","EVE","M","175","Brad","EVE 1<br/>@NEW 0 F","201.73","5.93","3%","0%","34","24","2,059","1","0","1","33","3","7","0","22","0","41","28","0","0","21","10","1","0","31","24","2","4","0","1","0","27","516"
"*05tr1*","Ethan Pinnock","BRF","D","176","FA","BRF 1<br/>@WOL 1 F","201.67","9.17","3%","0%","22","21","1,911","2","0","0","8","0","6","1","19","1","4","4","2","0","1","24","6","0","139","3","18","64","0","0","1","35","209"
"*062oq*","Joe Ayodele-Aribo","SOU","M","177","FA","ARS 2<br/>@SOU 1 F","201.62","6.3","0%","0%","32","21","1,999","3","0","0","16","0","7","1","34","1","18","28","1","0","2","20","2","0","27","21","11","25","0","0","0","56","146"
"*04gw7*","Jadon Sancho","MUN/CHE","F","178","thomas","CHE 1<br/>@NOT 0 F","201.25","6.49","7%","-4%","31","19","1,743","3","4","0","38","1","8","0","7","0","21","11","2","0","0","2","0","0","7","45","0","6","0","2","0","24","647"
"*063zi*","Matheus Nunes","MCI","M","179","RyRob","MCI 2<br/>@FUL 0 F","201.22","7.74","99%","0%","26","19","1,667","1","6","0","23","1","4","0","22","0","13","20","4","0","9","15","2","0","30","19","4","15","0","0","0","19","718"
"*062h7*","Tyler Adams","BOU","M","181","Brad","LEI 0<br/>@BOU 2 F","199.15","7.11","8%","0%","28","21","1,953","0","3","0","18","0","2","0","50","1","12","21","7","0","1","32","2","0","37","4","10","31","0","0","0","30","554"
"*06mg0*","Sam Morsy","IPS","M","182","CC FC","WHU 3<br/>@IPS 1 F","198.67","6.02","0%","0%","33","31","2,743","1","1","0","24","0","3","0","41","0","13","27","10","0","6","29","3","0","44","17","13","18","0","0","1","67","173"
"*04ml6*","Konstantinos Mavropanos","WHU","D","183","TRB","WHU 3<br/>@IPS 1 F","197.85","6","50%","-8%","33","21","2,024","0","0","0","5","0","5","0","24","3","0","16","4","1","1","40","4","0","123","9","18","59","0","0","0","38","268"
"*03rxs*","Harry Wilson","FUL","M","184","Will","MCI 2<br/>@FUL 0 F","196.01","7.84","98%","0%","25","12","1,133","6","1","1","20","1","17","2","14","0","6","22","2","0","5","7","0","0","9","9","1","5","0","1","0","21","181"
"*0554g*","Calvin Bassey","FUL","D","185","FA","MCI 2<br/>@FUL 0 F","193.97","5.54","17%","+5%","35","34","3,073","1","0","0","3","0","4","0","34","2","8","32","7","0","1","20","5","0","113","15","17","44","0","0","0","47","450"
"*03yu2*","Abdoulaye Doucoure","EVE","M","186","FA","EVE 1<br/>@NEW 0 F","193.6","5.87","0%","0%","33","31","2,561","3","2","0","27","0","10","0","28","0","38","5","3","1","1","10","2","0","19","24","6","30","0","0","0","33","932"
"*04tzt*","Jefferson Lerma","CRY","M","187","FA","CRY 1<br/>@LIV 1 F","190.99","5.79","22%","-4%","33","26","2,266","0","1","0","10","0","8","0","17","0","18","39","9","0","5","42","7","0","78","6","18","45","0","0","0","36","585"
"*06msc*","Jacob Greaves","IPS","D","188","TRB","WHU 3<br/>@IPS 1 F","189.74","7.59","0%","0%","25","25","2,205","1","0","0","6","0","4","1","21","0","2","21","5","0","0","21","5","0","144","4","26","85","0","0","0","53","180"
"*0635j*","Chris Richards","CRY","D","189","Noah B","CRY 1<br/>@LIV 1 F","188.74","7.86","89%","-1%","24","22","1,920","1","0","0","2","1","6","0","30","0","5","5","2","1","1","19","1","1","113","1","14","48","0","1","0","31","683"
"*063hu*","Amadou Onana","AVL","M","190","Mateta","AVL 0<br/>@MUN 2 F","188.02","7.23","16%","-2%","26","20","1,608","3","0","0","10","0","6","1","30","0","9","30","4","0","2","26","2","0","40","14","7","33","0","0","0","23","407"
"*05oeh*","Kenny Tete","FUL","D","191","FA","MCI 2<br/>@FUL 0 F","187.99","8.54","32%","0%","22","21","1,772","0","2","0","9","0","2","0","38","0","10","16","5","0","10","32","4","0","62","9","12","26","0","0","0","26","180"
"*068yt*","Sasa Lukic","FUL","M","192","FA","MCI 2<br/>@FUL 0 F","187.79","6.26","12%","+1%","30","28","2,338","0","2","1","26","0","3","0","39","0","8","26","12","0","8","28","6","0","32","8","7","19","0","0","0","37","184"
"*04f6o*","Will Hughes","CRY","M","193","FA","CRY 1<br/>@LIV 1 F","187.13","5.67","2%","0%","33","24","2,091","0","3","0","33","1","1","0","36","0","30","31","11","0","3","22","0","0","26","5","14","19","0","0","0","31","732"
"*06pic*","Andre","WOL","M","194","FA","BRF 1<br/>@WOL 1 F","186.69","5.66","5%","0%","33","31","2,469","0","0","0","18","0","1","0","55","0","21","34","7","0","0","37","3","0","29","16","8","2","0","0","0","46","603"
"*03sgc*","Jordan Ayew","CRY/LEI","F","195","FA","LEI 0<br/>@BOU 2 F","185.5","5.98","0%","0%","31","19","1,640","5","0","0","17","0","10","0","15","0","41","59","6","0","9","12","1","0","18","26","2","40","0","0","0","42","219"
"*067ys*","Jack Hinshelwood","BHA","M","196","TRB","BHA 4<br/>@TOT 1 F","185.21","7.12","53%","+9%","26","22","1,834","5","2","0","17","1","10","0","19","0","3","9","5","0","4","16","1","0","37","2","3","20","0","0","0","30","402"
"*068n9*","Victor Kristiansen","LEI","D","197","FA","LEI 0<br/>@BOU 2 F","184.74","6.16","0%","0%","30","29","2,480","0","1","0","18","0","0","0","51","0","13","18","1","0","25","42","6","0","66","8","15","23","0","0","1","62","90"
"*05omu*","Ruben Dias","MCI","D","198","FA","MCI 2<br/>@FUL 0 F","184.68","6.84","73%","0%","27","25","2,267","0","0","0","5","0","7","0","11","0","1","8","4","0","0","20","4","0","70","2","20","37","0","0","1","21","990"
"*04o82*","Curtis Jones","LIV","M","199","Bobbo","CRY 1<br/>@LIV 1 F","184.36","5.59","19%","0%","33","19","1,685","3","3","0","22","2","13","0","22","0","36","25","1","1","1","7","2","0","8","12","9","14","0","1","0","27","460"
"*061vn*","Rodrigo Muniz","FUL","F","200","FA","MCI 2<br/>@FUL 0 F","183.5","5.92","31%","+9%","31","8","921","8","1","0","7","0","19","0","5","0","24","31","1","0","0","5","0","0","14","6","2","67","0","0","0","17","125"
"*04mqv*","Emerson","WHU","D","201","FA","WHU 3<br/>@IPS 1 F","182.76","5.9","0%","0%","31","26","2,104","2","1","0","16","0","7","0","31","0","7","13","5","0","11","21","3","0","56","10","8","18","0","0","0","41","368"
"*06rf9*","Omar Marmoush","MCI","F","204","Laeka B","MCI 2<br/>@FUL 0 F","180.25","11.27","66%","+9%","16","14","1,170","7","0","0","15","1","17","1","8","0","19","20","0","0","5","6","1","0","3","20","1","5","0","1","0","12","586"
"*06fy7*","Nicolas Dominguez","NOT","M","205","FA","CHE 1<br/>@NOT 0 F","179.33","5.27","2%","0%","34","23","1,943","0","1","0","13","0","9","0","45","0","12","18","9","0","2","29","2","0","52","3","12","27","0","0","0","27","615"
"*048xh*","Stephy Mavididi","LEI","F","206","FA","LEI 0<br/>@BOU 2 F","179.25","5.97","0%","0%","30","16","1,588","4","1","2","22","0","7","0","19","0","35","18","2","0","10","11","1","0","13","35","2","9","0","0","0","38","81"
"*03dx3*","Kieran Trippier","NEW","D","207","RyRob","EVE 1<br/>@NEW 0 F","178.59","7.14","36%","+2%","25","14","1,286","0","3","0","22","0","0","0","21","1","8","11","1","0","5","12","2","0","42","4","3","22","0","0","0","18","602"
"*062pl*","Lisandro Martinez","MUN","D","208","FA","AVL 0<br/>@MUN 2 F","176.53","8.83","12%","+3%","20","20","1,751","2","1","0","9","0","6","0","24","3","3","7","7","0","3","32","5","0","54","6","8","16","0","0","0","27","526"
"*06195*","Tyler Dibling","SOU","M","209","FA","ARS 2<br/>@SOU 1 F","174.05","5.27","2%","0%","33","20","1,854","2","0","0","20","2","9","1","20","0","55","50","6","0","4","8","0","0","16","45","5","10","0","2","0","50","140"
"*04io3*","Mario Lemina","WOL","M","210","FA","BRF 1<br/>@WOL 1 F","173","10.18","0%","0%","17","15","1,360","1","3","0","10","0","5","0","31","2","11","8","4","0","5","27","5","0","49","10","7","25","0","0","0","39","90"
"*062ts*","Djed Spence","TOT","D","211","FA","BHA 4<br/>@TOT 1 F","172.43","6.9","26%","-2%","25","19","1,785","1","2","0","11","0","3","0","34","1","32","23","2","1","9","21","3","1","56","37","9","21","0","0","1","39","318"
"*061xs*","Julio Enciso","BHA/IPS","M","212","Laeka B","WHU 3<br/>@IPS 1 F","171.43","6.86","1%","0%","25","14","1,145","2","3","0","18","0","22","1","9","0","38","28","3","0","2","1","0","0","7","40","1","14","0","0","0","22","106"
"*06clz*","Malo Gusto","CHE","D","213","FA","CHE 1<br/>@NOT 0 F","170.72","5.34","49%","-3%","32","19","1,844","0","1","0","22","0","5","0","29","0","17","20","4","0","10","24","0","0","40","4","8","9","0","0","0","26","375"
"*0649k*","Wout Faes","LEI","D","214","FA","LEI 0<br/>@BOU 2 F","168.98","4.97","0%","0%","34","30","2,809","1","0","0","4","0","1","0","26","1","6","11","4","0","0","26","5","1","184","5","35","47","0","0","0","63","270"
"*04qr8*","Diogo Jota","LIV","F","216","Bobbo","CRY 1<br/>@LIV 1 F","165.75","6.38","0%","0%","26","14","1,170","6","3","0","11","1","13","3","8","0","22","14","2","0","2","8","1","0","6","11","0","22","0","1","0","12","509"
"*05uoc*","Cristian Romero","TOT","D","217","Brad","BHA 4<br/>@TOT 1 F","165.74","9.21","50%","-1%","18","18","1,416","1","0","1","7","1","8","0","29","0","5","12","3","0","1","21","5","0","52","1","3","42","0","0","0","22","180"
"*06mgj*","Ryan Manning","SOU","D","218","FA","ARS 2<br/>@SOU 1 F","164.93","6.87","0%","0%","24","18","1,450","0","1","0","34","1","1","0","17","0","5","32","2","0","12","17","4","1","40","11","11","15","0","0","0","35","59"
"*06pib*","Manuel Ugarte","MUN","M","219","FA","AVL 0<br/>@MUN 2 F","164.19","5.66","3%","0%","29","22","1,769","1","2","0","10","0","4","0","49","0","25","33","11","0","3","27","2","0","15","18","4","18","0","0","1","33","355"
"*05tre*","Vitaly Janelt","BRF","M","220","FA","BRF 1<br/>@WOL 1 F","162.27","5.07","10%","+1%","32","27","2,244","1","3","0","15","0","4","0","22","0","10","15","3","0","9","27","4","0","48","3","9","19","0","0","2","38","362"
"*06mpp*","Mats Wieffer","BHA","M","221","Will","BHA 4<br/>@TOT 1 F","162.26","6.49","47%","-7%","25","10","990","1","3","0","15","1","4","0","34","1","9","10","6","0","3","17","1","0","25","7","2","34","0","1","0","22","204"
"*063y7*","Destiny Udogie","TOT","D","222","j.l.","BHA 4<br/>@TOT 1 F","161.95","6.48","19%","0%","25","24","1,921","0","1","0","16","0","1","0","47","0","19","38","2","0","4","22","5","1","28","13","6","13","0","0","1","35","232"
"*05o4c*","Timothy Castagne","FUL","D","223","FA","MCI 2<br/>@FUL 0 F","161.48","6.73","18%","+5%","24","17","1,635","0","1","0","9","0","3","0","29","0","5","6","1","0","4","22","2","0","75","5","6","35","0","0","0","28","270"
"*052cb*","Ian Maatsen","AVL","D","224","Laeka B","AVL 0<br/>@MUN 2 F","161.1","5.56","40%","-2%","29","10","1,111","1","2","2","19","0","5","0","17","0","25","9","2","0","9","15","2","0","27","13","0","10","0","0","0","16","313"
"*06pdl*","Jens Cajuste","IPS","M","225","FA","WHU 3<br/>@IPS 1 F","160.59","5.35","0%","0%","30","25","1,950","1","1","0","13","0","1","0","22","0","17","22","2","0","2","28","4","0","33","27","10","11","0","0","0","46","76"
"*03yeg*","Tosin Adarabioyo","CHE","D","226","STONKS","CHE 1<br/>@NOT 0 F","160.14","7.28","7%","-3%","22","15","1,400","1","1","0","2","0","2","2","13","0","0","9","4","0","0","11","0","0","79","4","7","42","0","0","0","14","659"
"*049tq*","Dominic Calvert-Lewin","EVE","F","227","Brad","EVE 1<br/>@NEW 0 F","156.5","6.02","82%","0%","26","19","1,596","3","1","0","8","1","20","1","7","0","33","23","2","0","1","7","0","0","23","10","2","86","0","0","0","18","590"
"*062oh*","Jake O'Brien","EVE","D","228","FA","EVE 1<br/>@NEW 0 F","156.47","7.82","72%","+1%","20","17","1,565","2","0","0","6","0","3","0","17","0","5","5","5","0","6","4","0","1","89","4","4","42","0","0","0","17","450"
"*05ylw*","Rodrigo Bentancur","TOT","M","229","RyRob","BHA 4<br/>@TOT 1 F","155.85","5.99","19%","-1%","26","21","1,635","2","0","0","10","0","6","0","22","0","20","10","9","0","2","40","3","0","37","9","8","36","0","0","0","26","257"
"*065ao*","Ethan Nwaneri","ARS","M","230","Laeka B","ARS 2<br/>@SOU 1 F","155.47","5.98","14%","0%","26","11","867","4","2","0","16","0","9","1","7","0","17","5","1","0","8","2","0","0","4","37","2","4","0","0","0","4","290"
"*05mxa*","Joel Veltman","BHA","D","231","FA","BHA 4<br/>@TOT 1 F","154.76","7.37","3%","0%","21","19","1,692","0","0","0","6","0","1","0","29","0","7","44","5","0","8","19","0","0","62","4","7","22","0","0","0","24","537"
"*03zsq*","Kyle Walker-Peters","SOU","D","232","FA","ARS 2<br/>@SOU 1 F","150.99","4.58","8%","-5%","33","33","2,918","0","2","1","24","1","6","0","29","1","39","52","5","0","8","18","3","1","75","38","15","11","0","0","0","77","180"
"*062hb*","Flynn Downes","SOU","M","233","FA","ARS 2<br/>@SOU 1 F","149.5","5.54","0%","0%","27","25","2,146","1","0","0","15","0","3","0","25","0","17","39","12","0","0","32","7","0","50","8","9","17","0","0","0","49","270"
"*051k3*","Jacob Ramsey","AVL","M","234","FA","AVL 0<br/>@MUN 2 F","147.76","5.1","12%","+1%","29","19","1,605","1","3","1","21","1","4","1","15","0","23","28","2","1","2","8","1","0","8","25","4","7","0","1","0","26","384"
"*05244*","Jack Clarke","TOT/IPS","F","235","FA","WHU 3<br/>@IPS 1 F","145.5","4.55","0%","0%","32","12","1,139","0","4","0","28","0","2","1","20","0","22","23","2","0","1","7","1","0","23","25","0","7","0","0","0","31","30"
"*0626q*","Simon Adingra","BHA","M","236","thomas","BHA 4<br/>@TOT 1 F","144.62","4.99","23%","0%","29","12","1,069","2","2","0","16","1","8","1","14","0","12","4","0","0","10","8","0","0","6","21","0","7","0","0","0","23","191"
"*04qfq*","Matt O'Riley","FUL/BHA","M","237","FA","BHA 4<br/>@TOT 1 F","143.12","6.82","15%","0%","21","11","918","2","2","0","21","1","7","1","9","0","4","13","1","0","6","13","1","0","9","8","3","6","0","1","1","20","191"
"*061va*","Boubacar Kamara","AVL","M","238","FA","AVL 0<br/>@MUN 2 F","142.32","5.47","7%","0%","26","20","1,713","1","0","0","11","0","3","0","21","1","17","35","2","0","0","19","4","1","47","9","7","21","0","0","0","22","569"
"*04spw*","James Garner","EVE","M","239","Will","EVE 1<br/>@NEW 0 F","140.27","6.68","84%","0%","21","17","1,584","0","1","0","13","0","4","0","31","0","9","15","5","0","9","23","1","0","34","7","4","11","0","0","0","19","452"
"*061x2*","Darwin Nunez","LIV","F","240","FA","CRY 1<br/>@LIV 1 F","140","4.67","2%","0%","30","8","1,090","5","2","1","11","1","13","0","18","0","21","14","8","0","1","4","0","0","11","8","0","20","0","1","0","21","240"
"*051k7*","Reece James","CHE","D","241","Noah B","CHE 1<br/>@NOT 0 F","139.23","7.33","95%","+3%","19","12","1,052","1","1","0","11","1","3","1","9","1","9","11","1","0","4","13","1","1","21","7","6","24","0","0","0","14","285"
"*06jgs*","Adam Wharton","CRY","M","242","FA","CRY 1<br/>@LIV 1 F","139.09","6.95","75%","-1%","20","16","1,311","0","2","0","26","0","5","0","14","0","13","21","2","0","5","20","0","0","27","2","2","7","0","0","0","21","301"
"*02oq8*","James Ward-Prowse","WHU/NOT","M","243","RyRob","WHU 3<br/>@IPS 1 F","136.91","5.7","32%","-6%","24","17","1,427","1","2","1","24","0","6","0","15","0","9","6","2","1","9","13","0","0","19","2","5","13","0","0","0","18","375"
"*05gcs*","Sander Berge","BUR/FUL","M","244","FA","MCI 2<br/>@FUL 0 F","136.79","4.41","14%","0%","31","26","2,214","0","0","0","18","0","1","0","30","0","16","10","6","0","0","21","5","0","37","11","8","28","0","0","0","35","364"
"*06nvg*","Jota Silva","NOT","F","245","FA","CHE 1<br/>@NOT 0 F","136","4.39","2%","0%","31","5","816","3","1","0","14","1","7","1","14","0","12","23","5","0","4","12","2","0","16","10","1","21","0","1","0","16","209"
"*068yo*","Kamaldeen Sulemana","SOU","M","246","FA","ARS 2<br/>@SOU 1 F","134.72","5.18","0%","0%","26","17","1,386","1","1","0","10","1","8","1","17","0","25","11","2","0","8","6","1","0","7","39","4","13","0","0","0","36","87"
"*06nl5*","Jesper Lindstrom","EVE","M","247","FA","EVE 1<br/>@NEW 0 F","134.27","5.37","0%","0%","25","15","1,219","0","1","0","19","0","10","0","25","0","24","10","2","0","13","12","1","0","14","8","3","6","0","0","0","14","340"
"*06onx*","Jean-Clair Todibo","WHU","D","248","FA","WHU 3<br/>@IPS 1 F","134.06","4.96","1%","0%","27","20","1,816","0","0","0","2","0","0","0","28","0","11","6","3","0","0","26","3","0","82","9","13","28","0","0","0","33","425"
"*06nu7*","Riccardo Calafiori","ARS","D","249","STONKS","ARS 2<br/>@SOU 1 F","133.42","7.02","83%","+1%","19","11","972","2","1","0","6","0","6","1","19","0","5","6","4","0","2","9","0","0","24","9","6","22","0","0","0","12","224"
"*04e1e*","Ben White","ARS","D","250","Noah B","ARS 2<br/>@SOU 1 F","133.24","7.84","70%","-1%","17","13","1,192","0","2","0","10","0","2","0","14","0","6","5","2","0","3","16","2","0","38","0","8","18","0","0","0","13","454"
"*06mn7*","Lucas Bergvall","TOT","M","251","Noah B","BHA 4<br/>@TOT 1 F","132.45","4.91","7%","0%","27","11","1,189","0","1","1","11","1","2","1","19","0","19","17","3","0","4","24","2","0","21","21","8","9","0","0","0","25","221"
"*06r7k*","Emmanuel Agbadou","WOL","D","252","FA","BRF 1<br/>@WOL 1 F","132.23","8.26","2%","0%","16","16","1,410","1","0","0","4","0","2","0","19","0","4","4","3","0","0","12","3","0","89","10","13","26","0","0","0","22","360"
"*04rh9*","David Brooks","BOU","M","253","Laeka B","LEI 0<br/>@BOU 2 F","129.59","4.47","8%","0%","29","9","922","2","0","1","20","1","12","0","6","0","14","18","3","0","11","5","0","0","9","11","2","7","0","0","0","12","188"
"*04qfm*","Ryan Sessegnon","FUL","D","254","FA","MCI 2<br/>@FUL 0 F","129.38","8.09","25%","-1%","16","7","568","4","2","0","12","0","8","0","13","0","8","4","1","0","5","3","0","0","13","8","1","8","0","0","0","10","2"
"*068yp*","Paul Onuachu","SOU","F","255","FA","ARS 2<br/>@SOU 1 F","128.75","5.15","0%","0%","25","11","1,028","4","1","0","8","0","15","0","2","0","35","16","4","0","0","1","0","0","16","8","2","93","0","0","0","26","2"
"*05u5d*","Boubakary Soumare","LEI","M","256","FA","LEI 0<br/>@BOU 2 F","128.32","4.14","0%","0%","31","25","2,159","0","0","0","11","0","0","1","20","0","22","23","8","0","4","27","1","0","33","27","10","22","0","0","0","52","96"
"*06mfz*","Cameron Burgess","IPS","D","257","FA","WHU 3<br/>@IPS 1 F","128.25","7.12","0%","0%","18","16","1,539","0","2","0","7","0","3","1","12","1","0","4","0","0","0","14","5","1","125","0","15","44","0","0","0","37","0"
"*06eo0*","Lesley Ugochukwu","CHE/SOU","M","258","FA","ARS 2<br/>@SOU 1 F","127.12","4.89","3%","0%","26","18","1,647","1","1","0","14","0","1","0","23","0","12","16","7","0","1","14","1","0","23","19","10","21","0","0","0","39","78"
"*04ge9*","Eddie Nketiah","ARS/CRY","F","259","FA","CRY 1<br/>@LIV 1 F","126.25","4.35","3%","0%","29","9","1,001","3","1","0","13","1","16","1","8","0","17","29","4","1","0","3","0","1","10","11","1","21","0","1","0","17","223"
"*06exb*","Rasmus Hojlund","MUN","F","260","j.l.","AVL 0<br/>@MUN 2 F","125.5","3.92","4%","0%","32","23","1,989","4","0","0","16","1","13","0","1","0","33","28","2","0","3","2","1","0","6","9","0","31","0","1","0","31","441"
"*062x7*","Rico Lewis","MCI","D","261","FA","MCI 2<br/>@FUL 0 F","124.18","4.44","6%","0%","28","21","1,879","1","2","0","7","0","2","1","19","2","19","34","3","1","0","13","1","0","40","9","7","6","0","0","0","27","487"
"*06f81*","Edson Alvarez","WHU","M","262","FA","WHU 3<br/>@IPS 1 F","123.34","4.4","0%","0%","28","20","1,762","0","1","0","12","0","1","0","27","1","15","18","7","1","4","18","0","0","41","14","8","30","0","0","0","29","233"
"*05n3v*","Konstantinos Tsimikas","LIV","D","263","FA","CRY 1<br/>@LIV 1 F","123.26","6.85","1%","0%","18","9","820","0","1","1","16","0","2","0","20","0","4","6","2","0","7","11","1","0","17","5","2","5","0","0","0","8","368"
"*0649j*","Manuel Akanji","MCI","D","264","FA","MCI 2<br/>@FUL 0 F","122.33","4.7","2%","0%","26","23","2,010","0","0","0","9","0","2","0","12","0","5","9","3","0","3","9","1","1","62","2","8","31","0","0","0","28","598"
"*0687c*","Carlos Alcaraz","SOU/EVE","M","265","thomas","EVE 1<br/>@NEW 0 F","121.59","7.6","23%","0%","16","7","757","2","3","1","14","0","12","0","5","0","13","12","4","0","4","6","0","0","10","9","2","15","0","0","0","9","121"
"*037wp*","Christian Eriksen","MUN","M","266","FA","AVL 0<br/>@MUN 2 F","121.5","5.28","0%","0%","23","11","1,043","1","2","0","31","0","2","1","9","0","5","3","4","0","10","7","1","0","8","0","5","2","0","0","0","16","338"
"*06cm0*","Christopher Nkunku","CHE","F","267","FA","CHE 1<br/>@NOT 0 F","121.5","4.5","1%","0%","27","9","887","3","2","0","14","0","12","0","8","0","17","11","2","0","0","7","1","0","9","10","2","16","0","0","0","16","282"
"*0666p*","Kobbie Mainoo","MUN","M","268","FA","AVL 0<br/>@MUN 2 F","120.82","4.83","50%","+2%","25","19","1,642","0","0","0","14","0","2","0","29","0","36","21","5","0","2","19","2","0","12","23","2","19","0","0","0","27","479"
"*06mnc*","Daichi Kamada","CRY","M","269","FA","CRY 1<br/>@LIV 1 F","119.36","3.51","20%","-1%","34","15","1,526","0","0","0","20","0","4","0","29","0","20","21","4","1","5","18","1","0","14","7","5","4","0","0","0","26","348"
"*06p5s*","Brajan Gruda","BHA","M","271","TRB","BHA 4<br/>@TOT 1 F","117.93","5.62","13%","0%","21","8","663","1","4","0","23","0","5","0","8","0","21","12","0","0","4","2","0","0","5","13","0","3","0","0","0","15","106"
"*04sft*","Yves Bissouma","TOT","M","272","FA","BHA 4<br/>@TOT 1 F","117.9","4.21","2%","0%","28","16","1,385","2","0","0","6","0","4","0","31","0","15","18","7","0","1","18","3","0","35","7","6","7","0","0","0","28","239"
"*0327r*","Michael Keane","EVE","D","273","FA","EVE 1<br/>@NEW 0 F","116.48","8.32","71%","+3%","14","11","1,043","3","0","0","2","0","4","0","9","0","2","0","5","0","0","16","4","0","65","0","10","26","0","0","0","20","285"
"*02oo1*","Ben Davies","TOT","D","274","FA","BHA 4<br/>@TOT 1 F","116.23","6.84","1%","0%","17","14","1,327","0","0","0","2","0","1","0","11","2","0","7","5","0","1","12","1","1","79","1","19","53","0","0","0","26","270"
"*06fwx*","Santiago Bueno","WOL","D","275","FA","BRF 1<br/>@WOL 1 F","115.39","3.98","8%","0%","29","18","1,669","0","0","0","0","0","3","1","21","0","2","5","2","0","0","15","1","0","70","0","21","35","0","0","0","34","445"
"*06pih*","Carlos Soler","WHU","M","276","FA","WHU 3<br/>@IPS 1 F","114.36","3.69","0%","0%","31","14","1,381","1","1","0","18","0","9","1","11","0","14","19","6","0","3","8","1","0","19","8","6","11","0","0","0","25","190"
"*068a7*","Pablo Sarabia","WOL","M","277","FA","BRF 1<br/>@WOL 1 F","114.21","4.97","0%","0%","23","7","786","3","2","0","15","0","8","0","8","0","14","15","2","0","5","4","0","0","7","6","0","6","0","0","0","17","177"
"*063e8*","Goncalo Guedes","WOL","F","278","FA","BRF 1<br/>@WOL 1 F","114","3.93","0%","0%","29","10","964","2","4","0","14","0","8","0","5","0","18","17","1","0","6","5","0","0","3","9","0","6","0","0","0","25","235"
"*063e7*","Marcos Senesi","BOU","D","279","Laeka B","LEI 0<br/>@BOU 2 F","113.12","6.65","91%","0%","17","13","1,098","0","0","0","5","0","0","0","21","0","6","8","5","0","3","14","1","0","58","6","7","33","0","0","0","17","212"
"*06mve*","Joshua Zirkzee","MUN","F","280","j.l.","AVL 0<br/>@MUN 2 F","112.5","3.52","13%","0%","32","14","1,366","3","1","0","12","1","11","0","8","0","30","13","2","0","0","6","0","0","8","11","4","23","0","1","0","24","376"
"*06rma*","Marshall Munetsi","WOL","M","281","FA","BRF 1<br/>@WOL 1 F","109.75","7.84","9%","0%","14","12","1,076","2","1","0","9","1","7","1","10","0","12","10","0","0","3","6","0","0","17","3","1","29","0","0","0","11","360"
"*03rec*","Tyrone Mings","AVL","D","282","FA","AVL 0<br/>@MUN 2 F","109.33","7.81","12%","-1%","14","12","1,116","0","0","0","3","1","1","0","6","3","1","11","1","0","0","7","2","0","59","2","11","28","0","0","0","11","339"
"*068se*","Jhon Duran","AVL","F","283","FA","AVL 0<br/>@MUN 2 F","109.25","5.46","0%","0%","20","4","606","7","0","0","4","0","15","0","7","0","15","15","3","1","0","0","0","0","12","3","0","19","0","0","0","12","83"
"*04e1c*","Lewis Dunk","BHA","D","284","FA","BHA 4<br/>@TOT 1 F","108.71","4.35","32%","+5%","25","23","2,079","0","0","0","6","1","3","0","10","0","3","11","5","0","0","13","1","0","78","0","18","52","0","0","1","42","371"
"*05opl*","Wesley Fofana","CHE","D","285","FA","CHE 1<br/>@NOT 0 F","107.7","7.69","26%","+1%","14","14","1,172","0","0","0","6","0","0","0","12","1","5","16","7","0","0","14","2","0","52","8","9","27","0","0","0","13","277"
"*06crm*","Pau Torres","AVL","D","286","FA","AVL 0<br/>@MUN 2 F","107.24","4.47","6%","-1%","24","23","2,018","0","0","0","3","0","3","0","15","0","5","7","2","0","0","10","3","0","74","15","11","19","0","0","0","33","469"
"*0637b*","Orel Mangala","NOT/EVE","M","287","FA","EVE 1<br/>@NEW 0 F","106.54","5.61","0%","0%","19","14","1,246","1","0","0","8","0","6","0","8","0","12","17","2","0","1","21","1","1","21","14","3","6","0","0","0","10","522"
"*06mgd*","Abdul Fatawu","LEI","F","288","FA","LEI 0<br/>@BOU 2 F","106.25","9.66","0%","0%","11","6","573","0","2","0","6","0","5","1","15","0","12","20","0","0","6","4","2","0","12","29","0","14","0","0","0","14","7"
"*06rm3*","Marco Asensio","AVL","F","289","Mateta","AVL 0<br/>@MUN 2 F","105.75","8.13","29%","0%","13","9","736","3","1","0","16","1","11","1","5","0","8","8","2","0","5","2","0","0","3","12","1","0","2","0","0","8","332"
"*05uel*","Kristoffer Ajer","BRF","D","290","FA","BRF 1<br/>@WOL 1 F","104.82","4.37","6%","+1%","24","17","1,422","0","0","0","8","0","3","0","18","1","12","6","5","0","4","12","2","0","47","7","4","28","0","0","0","25","260"
"*02lp5*","Adam Smith","BOU","D","291","FA","LEI 0<br/>@BOU 2 F","104.75","4.19","2%","+1%","25","19","1,581","0","0","1","8","0","0","0","12","0","7","12","7","0","7","15","2","0","38","6","5","14","0","0","0","18","443"
"*06msd*","Yukinari Sugawara","SOU","D","292","j.l.","ARS 2<br/>@SOU 1 F","104.68","3.49","0%","0%","30","16","1,536","1","1","0","18","0","6","0","18","1","5","10","4","0","10","11","1","1","46","9","10","5","0","0","0","46","89"
"*06rm8*","Mathys Tel","TOT","F","293","RyRob","BHA 4<br/>@TOT 1 F","104.5","8.04","63%","+5%","13","11","906","2","1","0","14","1","9","0","6","0","15","16","2","0","5","2","0","0","8","15","1","4","0","1","0","20","90"
"*06o2t*","Niclas Fullkrug","WHU","F","294","Noah B","WHU 3<br/>@IPS 1 F","104","5.78","13%","0%","18","6","774","3","2","0","14","0","7","2","3","0","7","6","2","0","0","1","0","0","16","1","0","39","0","0","0","18","109"
"*04ge6*","Joe Willock","NEW","M","295","CC FC","EVE 1<br/>@NEW 0 F","103.65","3.24","2%","-1%","32","11","1,047","0","2","0","22","0","3","0","17","0","23","13","4","0","1","6","0","0","5","12","6","5","0","0","0","16","284"
"*056ir*","Adam Webster","BHA","D","296","FA","BHA 4<br/>@TOT 1 F","103.48","7.39","0%","0%","14","11","883","0","0","0","3","1","1","0","6","0","1","2","1","0","0","20","2","1","40","1","9","24","0","0","0","11","345"
"*05m46*","Luke Thomas","LEI","D","297","FA","LEI 0<br/>@BOU 2 F","102.49","7.32","0%","0%","14","13","1,107","0","0","0","9","0","0","0","25","0","4","10","3","0","7","21","5","0","45","3","6","13","0","0","0","23","180"
"*02lm7*","Jack Grealish","MCI","M","298","FA","MCI 2<br/>@FUL 0 F","102.44","5.12","33%","-1%","20","7","699","1","1","0","24","0","5","0","5","0","16","25","3","0","3","2","0","0","5","13","2","1","0","0","0","10","220"
"*066r9*","Ehor Yarmolyuk","BRF","M","299","FA","BRF 1<br/>@WOL 1 F","101.19","3.26","12%","+1%","31","15","1,419","0","0","0","9","0","2","0","28","0","21","13","6","0","5","13","2","0","31","13","9","8","0","0","0","25","332"
"*03bwz*","Harry Winks","LEI","M","300","FA","LEI 0<br/>@BOU 2 F","100.75","4.58","0%","0%","22","17","1,532","0","2","0","17","0","4","0","11","0","8","13","4","0","8","9","1","0","18","3","7","8","0","0","0","34","0"
"*05uns*","Leon Bailey","AVL","M","301","FA","AVL 0<br/>@MUN 2 F","100.34","4.18","2%","0%","24","14","1,126","1","2","0","16","0","6","2","5","0","25","18","3","0","2","3","0","0","8","22","0","6","0","1","0","19","166"
"*0687b*","Alex Moreno","AVL/NOT","D","302","FA","CHE 1<br/>@NOT 0 F","98.7","6.58","0%","0%","15","11","949","0","1","0","8","0","0","0","18","0","6","6","2","0","5","15","2","0","38","8","5","3","0","0","0","16","307"
"*05tr9*","Mathias Jensen","BRF","M","303","FA","BRF 1<br/>@WOL 1 F","98.67","4.11","50%","0%","24","8","830","0","2","1","16","0","1","0","10","0","7","10","2","0","8","8","0","0","13","9","4","8","0","0","0","17","218"
"*06p67*","Sammie Szmodics","IPS","M","305","FA","WHU 3<br/>@IPS 1 F","96.28","4.81","0%","0%","20","13","983","4","0","0","5","0","12","0","10","0","17","8","2","0","2","6","0","0","12","4","2","6","0","0","0","18","70"
"*05a6d*","Tariq Lamptey","BHA","D","306","FA","BHA 4<br/>@TOT 1 F","95.25","6.35","0%","0%","15","10","851","2","2","0","5","0","2","0","11","0","5","10","0","0","6","7","1","0","21","10","7","1","0","0","0","21","214"
"*02lpf*","Ross Barkley","AVL","M","308","FA","AVL 0<br/>@MUN 2 F","92.16","4.61","11%","-2%","20","3","553","3","1","0","9","0","6","0","3","0","8","3","3","0","0","10","1","0","5","12","3","6","0","0","0","10","127"
"*06rlj*","Patrick Dorgu","MUN","D","309","Noah B","AVL 0<br/>@MUN 2 F","91.74","7.64","77%","-1%","12","10","837","0","0","0","12","0","2","0","24","0","10","28","3","1","3","4","0","0","19","3","0","16","0","0","0","11","180"
"*05y55*","Kasey McAteer","LEI","M","310","Will","LEI 0<br/>@BOU 2 F","91.3","5.07","0%","0%","18","9","837","1","1","0","9","0","7","1","16","0","16","15","3","0","4","5","0","0","13","6","2","13","0","0","0","16","162"
"*06f8y*","Alex Scott","BOU","M","311","FA","LEI 0<br/>@BOU 2 F","90.91","4.55","71%","-1%","20","8","734","0","0","0","12","0","7","0","14","1","8","26","3","0","1","10","0","0","11","6","4","7","0","0","0","8","172"
"*06mn8*","Rodrigo Gomes","WOL","F","312","FA","BRF 1<br/>@WOL 1 F","90.5","3.62","1%","0%","25","7","776","2","0","0","13","0","3","0","15","1","9","6","0","0","4","7","1","0","16","5","1","8","0","0","0","20","128"
"*05opk*","Vladimir Coufal","WHU","D","313","FA","WHU 3<br/>@IPS 1 F","90.3","4.1","0%","0%","22","11","1,045","0","0","0","8","0","2","0","15","1","8","16","5","0","9","8","1","0","36","5","11","23","0","0","1","21","181"
"*05tr5*","Mads Roerslev","BRF","D","315","FA","BRF 1<br/>@WOL 1 F","89.49","4.71","0%","0%","19","11","1,087","0","2","0","14","0","2","0","8","0","6","10","2","0","4","4","1","0","31","7","5","10","0","0","0","20","180"
"*066sd*","Myles Lewis-Skelly","ARS","M","316","FA","ARS 2<br/>@SOU 1 F","88.41","3.84","62%","+11%","23","15","1,355","1","0","0","8","0","1","0","14","0","9","47","3","2","4","7","3","0","24","12","1","11","0","0","0","16","487"
"*05uhj*","Conor Bradley","LIV","D","317","Bobbo","CRY 1<br/>@LIV 1 F","87.99","4.63","21%","0%","19","7","733","0","2","0","7","0","3","0","10","0","5","14","4","0","1","4","1","0","25","10","2","11","0","0","0","10","195"
"*068sd*","Jakub Kiwior","ARS","D","318","Laeka B","ARS 2<br/>@SOU 1 F","87.8","5.16","1%","0%","17","10","1,112","1","0","0","5","0","1","0","8","2","2","4","1","0","0","6","2","0","57","3","8","11","0","0","0","15","271"
"*04mcg*","Ben Johnson","IPS","D","319","FA","WHU 3<br/>@IPS 1 F","87.45","3.8","0%","0%","23","14","1,335","1","2","0","12","0","3","0","22","0","17","6","3","1","2","13","1","0","53","8","5","19","0","0","0","36","3"
"*05rl4*","Crysencio Summerville","WHU","F","320","RyRob","WHU 3<br/>@IPS 1 F","87.25","4.59","79%","-2%","19","7","767","1","1","0","17","0","5","0","7","0","16","23","2","0","5","0","0","0","6","13","4","4","0","0","0","20","186"
"*045c8*","Gabriel Jesus","ARS","F","321","FA","ARS 2<br/>@SOU 1 F","86.25","5.07","10%","0%","17","6","589","3","0","0","8","2","8","1","6","0","13","10","4","0","1","4","1","0","7","9","1","9","0","0","0","5","194"
"*04ge8*","Reiss Nelson","ARS/FUL","F","322","FA","MCI 2<br/>@FUL 0 F","84.75","7.06","9%","0%","12","5","476","1","1","0","13","0","6","0","6","0","8","10","1","0","6","5","0","0","2","13","0","0","0","0","0","9","102"
"*06mq2*","Caleb Okoli","LEI","D","323","FA","LEI 0<br/>@BOU 2 F","83.99","4.42","0%","0%","19","12","1,113","1","0","0","0","0","2","0","14","0","2","9","4","0","0","15","3","0","76","0","14","23","0","0","0","26","90"
"*06ime*","Radu Dragusin","TOT","D","324","FA","BHA 4<br/>@TOT 1 F","83.52","5.22","1%","0%","16","14","1,248","0","0","0","4","0","1","0","6","0","2","10","1","0","1","15","3","0","46","0","16","34","0","0","0","29","188"
"*05n03*","Kalvin Phillips","IPS","M","326","FA","WHU 3<br/>@IPS 1 F","82.38","4.34","0%","0%","19","14","1,226","0","0","0","5","0","2","0","19","0","10","20","4","1","3","19","4","0","35","5","6","8","0","0","0","29","102"
"*03xrs*","Axel Tuanzebe","IPS","D","327","FA","WHU 3<br/>@IPS 1 F","80.49","3.66","1%","0%","22","20","1,708","0","1","0","5","0","0","0","19","0","1","12","3","1","2","22","3","0","54","4","10","23","0","0","1","37","90"
"*06rgg*","Michael Kayode","BRF","D","328","thomas","BRF 1<br/>@WOL 1 F","79.82","6.65","92%","-1%","12","6","518","0","1","0","8","0","0","0","11","1","3","3","2","0","3","7","0","0","17","9","0","9","0","0","0","5","185"
"*06r5b*","Diego Gomez","BHA","M","329","FA","BHA 4<br/>@TOT 1 F","79.03","4.94","33%","-2%","16","4","500","1","0","0","9","1","3","0","13","0","9","3","0","0","2","8","1","0","10","6","0","10","0","1","0","13","48"
"*05y7c*","Archie Gray","TOT","M","330","FA","BHA 4<br/>@TOT 1 F","77.31","2.76","4%","0%","28","19","1,733","0","0","0","3","0","1","0","8","0","11","11","1","0","0","19","4","1","47","7","11","11","0","0","1","41","208"
"*05rff*","Jaden Philogene-Bidace","AVL/IPS","F","331","FA","WHU 3<br/>@IPS 1 F","77.25","3.68","0%","0%","21","7","783","2","0","0","6","0","6","0","12","0","13","18","3","1","4","13","0","0","8","8","1","5","0","0","0","22","120"
"*06oav*","Guido Rodriguez","WHU","M","332","FA","WHU 3<br/>@IPS 1 F","77.23","3.36","0%","0%","23","16","1,140","0","1","0","4","0","1","0","19","0","7","12","6","0","1","13","2","0","30","3","9","11","0","0","0","19","291"
"*06ezb*","Micky van de Ven","TOT","D","333","FA","BHA 4<br/>@TOT 1 F","76.57","5.89","71%","-2%","13","12","1,013","0","2","0","2","0","2","0","6","0","5","9","4","0","0","10","1","0","38","4","8","19","0","0","0","17","170"
"*06ew2*","Axel Disasi","CHE/AVL","D","334","FA","AVL 0<br/>@MUN 2 F","75.9","5.84","9%","-2%","13","9","846","1","0","0","5","0","1","0","9","1","5","2","3","0","0","7","0","0","28","10","2","13","0","0","0","12","280"
"*03ena*","Aaron Cresswell","WHU","D","335","FA","WHU 3<br/>@IPS 1 F","75.7","4.21","0%","0%","18","10","813","0","0","0","9","0","0","0","7","0","0","2","3","0","4","8","2","0","36","1","4","7","0","0","0","8","292"
"*04io4*","Richarlison","TOT","F","337","FA","BHA 4<br/>@TOT 1 F","74.25","4.95","80%","+1%","15","4","488","4","1","0","4","0","7","0","3","0","8","13","2","0","2","0","0","0","8","1","1","10","0","0","0","9","101"
"*058vb*","Cameron Archer","AVL/SOU","F","336","FA","ARS 2<br/>@SOU 1 F","74.25","2.12","0%","0%","35","13","1,400","2","0","0","5","0","11","2","8","0","26","13","0","0","0","2","1","0","9","15","1","9","1","0","0","34","156"
"*04mdj*","Nathan Broadhead","IPS","F","339","FA","WHU 3<br/>@IPS 1 F","73.75","4.1","0%","0%","18","7","680","2","0","0","7","0","8","0","4","0","14","13","1","0","0","4","1","0","5","17","1","1","0","0","0","12","76"
"*04qos*","Issa Diop","FUL","D","340","FA","MCI 2<br/>@FUL 0 F","73.38","3.49","2%","+1%","21","15","1,329","0","0","0","3","0","2","0","12","0","2","4","2","0","0","9","2","0","70","1","7","20","0","0","1","19","92"
"*06mg6*","Wes Burns","IPS","F","341","FA","WHU 3<br/>@IPS 1 F","73.25","4.07","0%","0%","18","12","916","0","1","0","10","0","1","0","11","0","13","11","1","0","7","10","0","1","12","9","2","8","0","0","0","23","143"
"*05m47*","George Hirst","IPS","F","342","FA","WHU 3<br/>@IPS 1 F","73","2.81","0%","0%","26","5","625","3","1","0","4","0","7","0","3","0","16","12","3","0","1","2","1","0","10","2","1","32","0","0","0","16","30"
"*057cr*","Kevin Danso","SOU/TOT","D","343","FA","BHA 4<br/>@TOT 1 F","71.38","7.14","12%","0%","10","9","842","0","0","0","2","0","3","0","5","0","3","13","0","0","1","6","0","1","70","2","14","21","0","0","0","18","77"
"*03ar4*","Adam Armstrong","SOU","F","344","FA","ARS 2<br/>@SOU 1 F","71.25","3.56","5%","0%","20","15","1,238","2","2","0","9","1","9","0","3","0","18","5","4","0","3","3","1","0","8","6","1","5","1","0","0","35","178"
"*06pig*","Morato","NOT","D","345","FA","CHE 1<br/>@NOT 0 F","71.06","2.73","1%","0%","26","6","874","0","0","0","0","0","1","0","14","0","3","2","5","0","0","10","2","0","75","2","5","6","0","0","0","14","395"
"*05unu*","Romeo Lavia","CHE","M","346","FA","CHE 1<br/>@NOT 0 F","69.56","4.35","2%","-1%","16","11","786","0","1","0","7","0","0","0","13","0","7","7","4","0","0","16","1","0","10","10","0","12","0","0","0","11","186"
"*0328q*","Tom Cairney","FUL","M","347","FA","MCI 2<br/>@FUL 0 F","68.94","2.76","1%","0%","25","3","590","2","0","0","11","0","4","0","5","0","4","19","3","1","4","4","1","0","3","5","1","5","0","0","0","12","107"
"*03vll*","Michail Antonio","WHU","F","348","FA","WHU 3<br/>@IPS 1 F","68","4.86","0%","0%","14","11","832","1","1","0","9","3","4","1","2","0","19","7","1","0","2","0","0","0","2","9","0","17","0","0","0","18","201"
"*02oq7*","Jack Stephens","SOU","D","350","FA","ARS 2<br/>@SOU 1 F","65.94","3.47","0%","0%","19","17","1,389","1","0","0","3","0","2","0","20","1","3","4","2","2","0","13","4","1","49","0","13","6","0","0","0","28","168"
"*06873*","Joao Felix","CHE","F","351","FA","CHE 1<br/>@NOT 0 F","65","5.42","0%","0%","12","3","353","1","1","0","6","1","6","0","3","0","4","17","2","0","0","3","0","0","2","10","0","4","0","0","0","4","55"
"*05ojf*","Fabio Carvalho","BRF","M","352","FA","BRF 1<br/>@WOL 1 F","64.7","3.41","4%","0%","19","3","428","2","1","0","4","0","6","1","9","0","8","10","1","0","1","3","0","0","2","2","1","2","0","0","0","14","18"
"*02ljr*","Conor Coady","LEI","D","353","FA","LEI 0<br/>@BOU 2 F","62.99","2.86","0%","0%","22","19","1,707","1","0","0","1","0","2","0","9","0","3","2","3","0","0","13","3","1","71","1","24","13","0","0","0","42","180"
"*062h9*","Luis Sinisterra","BOU","F","354","FA","LEI 0<br/>@BOU 2 F","62.75","5.23","0%","0%","12","1","220","1","1","0","10","0","6","1","2","0","3","2","0","0","2","1","0","0","7","8","0","3","0","0","0","4","26"
"*05mxc*","Timo Werner","TOT","F","355","FA","BHA 4<br/>@TOT 1 F","62.75","3.49","0%","0%","18","4","491","0","3","0","10","0","3","0","4","0","6","5","0","0","3","1","0","0","6","10","1","0","0","0","0","12","89"
"*04ge7*","Donyell Malen","ARS/AVL","F","356","FA","AVL 0<br/>@MUN 2 F","62","4.43","13%","0%","14","2","286","3","0","0","3","0","9","1","4","0","7","5","0","0","0","0","0","0","1","4","0","4","0","0","0","6","46"
"*04s60*","Jannik Vestergaard","LEI","D","357","FA","LEI 0<br/>@BOU 2 F","62","3.44","0%","0%","18","16","1,389","0","0","0","3","0","2","0","10","1","0","4","5","0","0","16","3","1","74","4","14","27","0","0","1","35","0"
"*062a9*","Sven Botman","NEW","D","358","Will","EVE 1<br/>@NEW 0 F","61.99","7.75","49%","+5%","8","6","409","0","0","0","2","0","2","0","9","1","1","4","1","0","0","5","0","0","25","1","4","17","0","0","0","4","150"
"*0554t*","William Smallbone","SOU","M","359","FA","ARS 2<br/>@SOU 1 F","61.01","3.39","0%","0%","18","6","668","1","0","0","10","0","1","1","13","0","6","3","1","0","4","2","0","0","15","4","0","4","0","0","0","22","1"
"*06kx1*","Justin Devenny","CRY","M","360","FA","CRY 1<br/>@LIV 1 F","60.83","2.64","2%","0%","23","4","479","1","1","0","7","0","6","0","12","0","3","0","1","0","1","0","0","0","11","2","1","2","0","0","0","8","52"
"*0522a*","James Bree","SOU","D","361","FA","ARS 2<br/>@SOU 1 F","60.59","3.56","0%","0%","17","13","1,066","0","1","0","9","0","1","0","14","1","5","5","0","0","6","9","1","0","27","4","3","13","0","0","0","31","99"
"*04xjr*","Harvey Elliott","LIV","M","362","Brad","CRY 1<br/>@LIV 1 F","60.3","3.35","8%","0%","18","2","347","1","2","0","10","0","4","1","3","0","4","1","1","0","1","1","0","0","3","4","2","1","0","0","0","6","50"
"*05t6z*","Tim Iroegbunam","EVE","M","363","FA","EVE 1<br/>@NEW 0 F","59.81","3.32","3%","0%","18","5","550","0","1","0","3","0","0","0","14","0","18","12","4","0","0","16","1","0","11","8","4","11","0","0","0","16","28"
"*06mg2*","Jack Taylor","IPS","M","364","FA","WHU 3<br/>@IPS 1 F","59.76","1.87","0%","0%","32","4","809","1","0","0","5","0","4","0","10","0","6","5","4","0","1","9","1","0","21","4","3","7","0","0","0","21","1"
"*06mfy*","Luke Woolfenden","IPS","D","365","FA","WHU 3<br/>@IPS 1 F","59.24","3.95","0%","0%","15","12","1,184","0","0","0","0","0","0","0","6","0","0","2","2","0","0","19","4","1","76","0","14","15","0","0","0","28","90"
"*06mg7*","Conor Chaplin","IPS","F","366","FA","WHU 3<br/>@IPS 1 F","58.75","2.67","0%","0%","22","10","835","1","1","0","8","1","4","0","5","0","5","7","2","0","2","4","0","0","3","4","1","3","0","0","0","19","4"
"*03dxq*","Danny Ings","WHU","F","367","FA","WHU 3<br/>@IPS 1 F","58.75","3.92","0%","0%","15","1","256","1","2","0","6","1","5","0","2","0","6","2","0","0","0","1","0","0","4","4","0","8","0","1","0","4","36"
"*06635*","Oliver Scarles","WHU","D","368","FA","WHU 3<br/>@IPS 1 F","58.57","3.9","1%","0%","15","7","652","0","0","0","2","0","0","0","11","0","3","3","1","0","1","11","1","1","20","2","2","6","0","0","0","9","155"
"*04fk8*","Victor Lindelof","MUN","D","369","FA","AVL 0<br/>@MUN 2 F","58.55","3.66","1%","0%","16","6","690","0","0","0","3","0","0","0","2","0","1","1","1","0","1","8","0","0","36","0","4","17","0","0","0","9","256"
"*043c1*","Oleksandr Zinchenko","ARS","D","370","thomas","ARS 2<br/>@SOU 1 F","57.17","3.81","1%","0%","15","5","509","0","1","0","3","0","0","0","1","0","4","3","1","0","3","5","0","0","9","3","1","12","0","0","0","1","269"
"*061vb*","James Hill","BOU","D","371","FA","LEI 0<br/>@BOU 2 F","57.16","5.72","68%","0%","10","6","440","0","1","0","3","0","0","0","8","0","0","5","1","0","0","9","0","0","31","1","0","15","0","0","0","9","70"
"*052cd*","Mason Mount","MUN","M","372","FA","AVL 0<br/>@MUN 2 F","56.94","3.35","17%","0%","17","8","605","1","0","0","8","0","9","0","5","0","9","9","3","0","2","4","0","0","4","1","1","4","0","0","0","11","152"
"*067x8*","Nico O'Reilly","MCI","M","373","CC FC","MCI 2<br/>@FUL 0 F","56.8","6.31","85%","0%","9","6","522","2","0","0","4","0","3","0","4","0","15","4","0","0","1","4","0","0","10","9","1","6","0","0","0","3","342"
"*04ug0*","Sean Longstaff","NEW","M","374","FA","EVE 1<br/>@NEW 0 F","56.73","2.27","12%","0%","25","8","767","0","0","0","4","1","1","1","16","0","7","6","2","0","0","7","1","0","8","2","5","9","0","0","0","11","291"
"*06p7o*","Ramon Sosa","NOT","F","375","FA","CHE 1<br/>@NOT 0 F","56.25","2.96","0%","0%","19","1","264","1","0","0","8","0","5","0","3","0","5","8","1","0","3","4","0","0","4","8","0","4","0","0","0","5","81"
"*05749*","Kieran Tierney","ARS","D","377","Will","ARS 2<br/>@SOU 1 F","55.65","4.28","0%","0%","13","2","242","1","0","0","8","0","1","0","5","0","0","2","0","0","2","3","0","0","9","2","0","6","0","0","0","1","66"
"*06fxu*","Ibrahim Sangare","NOT","M","378","FA","CHE 1<br/>@NOT 0 F","54.93","4.23","7%","-1%","13","7","578","0","1","0","5","0","1","0","14","0","4","8","3","0","2","6","1","0","13","0","4","10","0","0","0","6","84"
"*06phe*","Ferdi Kadioglu","BHA","M","379","FA","BHA 4<br/>@TOT 1 F","53.74","8.96","63%","+1%","6","5","384","1","0","0","5","0","1","0","6","0","2","3","1","0","4","8","1","0","17","3","2","3","0","0","0","8","112"
"*03sbh*","Enes Unal","BOU","F","380","FA","LEI 0<br/>@BOU 2 F","53","3.12","0%","0%","17","2","314","2","1","0","4","0","7","0","0","0","13","9","2","0","0","0","0","0","6","1","0","24","0","0","0","3","109"
"*04rd0*","Bobby De Cordova-Reid","LEI","F","381","FA","LEI 0<br/>@BOU 2 F","52.5","2.28","0%","0%","23","9","725","1","2","0","6","2","3","0","4","0","10","9","2","0","0","0","0","0","10","0","1","6","0","1","0","17","7"
"*03v6t*","Ben Chilwell","CHE/CRY","D","382","RyRob","CRY 1<br/>@LIV 1 F","52.31","6.54","0%","0%","8","1","248","1","0","0","5","0","3","0","6","0","2","3","1","0","2","6","0","0","11","2","2","3","0","0","0","4","46"
"*06mx0*","Leny Yoro","MUN","D","383","FA","AVL 0<br/>@MUN 2 F","52.31","2.49","15%","-1%","21","12","1,149","0","0","0","2","0","1","0","11","1","4","2","5","0","1","18","2","0","43","2","3","16","0","0","0","24","121"
"*05uhs*","James Mcatee","MCI","M","385","Brad","MCI 2<br/>@FUL 0 F","51.64","3.44","3%","-1%","15","3","331","3","0","0","3","0","4","0","2","0","1","3","1","0","2","2","0","0","1","2","0","2","0","0","0","6","125"
"*06fhy*","Wilson Odobert","TOT","F","386","Brad","BHA 4<br/>@TOT 1 F","51.25","3.2","5%","0%","16","9","837","1","0","0","6","0","4","0","5","0","17","3","0","0","4","4","0","0","5","12","0","4","0","0","0","20","67"
"*04t95*","Oliver Skipp","TOT/LEI","M","387","FA","LEI 0<br/>@BOU 2 F","50.99","2.12","0%","0%","24","10","1,103","0","0","0","9","0","1","0","4","0","7","13","8","0","0","11","1","0","10","7","7","12","0","0","0","26","179"
"*03r93*","Joseph Gomez","LIV","D","388","FA","CRY 1<br/>@LIV 1 F","50.39","5.6","3%","+1%","9","6","516","0","0","0","2","0","2","0","10","0","2","3","1","0","1","7","2","0","19","0","6","9","0","0","0","8","126"
"*052k8*","Tommy Doyle","WOL","M","389","FA","BRF 1<br/>@WOL 1 F","49.92","2.08","0%","0%","24","3","459","0","1","0","7","0","2","0","6","0","4","5","1","0","0","5","0","0","11","5","5","1","0","0","0","10","38"
"*02yl5*","John Stones","MCI","D","390","FA","MCI 2<br/>@FUL 0 F","49.56","4.51","4%","0%","11","6","540","2","0","0","2","0","2","0","2","1","0","2","1","0","0","4","1","0","18","2","3","8","0","0","0","11","91"
"*06r5c*","Welington Damascena Santos","SOU","D","391","FA","ARS 2<br/>@SOU 1 F","48.54","4.85","0%","0%","10","6","475","0","0","0","3","0","0","0","9","0","4","8","1","0","4","6","1","0","33","5","1","5","0","0","0","10","87"
"*06rm7*","Nico Gonzalez","MCI","M","392","FA","MCI 2<br/>@FUL 0 F","48.42","4.4","19%","-3%","11","9","758","1","0","0","1","1","2","2","6","0","11","5","3","0","0","8","0","0","21","1","0","16","0","0","0","7","421"
"*03297*","Conor Townsend","IPS","D","393","FA","WHU 3<br/>@IPS 1 F","47.25","7.88","0%","0%","6","3","333","0","1","0","4","0","0","0","8","0","2","4","1","0","2","4","1","0","14","0","6","6","0","0","0","6","0"
"*05w91*","Hwang Hee-Chan","WOL","F","394","FA","BRF 1<br/>@WOL 1 F","46.5","2.21","3%","0%","21","5","632","2","0","0","3","1","3","0","4","0","10","9","0","0","2","2","0","0","10","2","0","3","0","0","0","19","40"
"*02ln2*","Jonny Evans","MUN","D","395","FA","AVL 0<br/>@MUN 2 F","44.49","6.36","0%","0%","7","3","308","0","0","0","0","0","1","0","6","0","0","6","1","0","0","5","0","0","15","1","2","10","0","0","0","2","165"
"*05u4m*","Patson Daka","LEI","F","396","FA","LEI 0<br/>@BOU 2 F","44.25","1.92","0%","0%","23","6","700","1","0","0","1","0","4","0","10","0","12","19","0","0","0","1","0","0","11","2","1","12","0","0","0","16","13"
"*06eka*","Igor Julio","BHA","D","397","FA","BHA 4<br/>@TOT 1 F","43.24","3.33","0%","0%","13","10","956","0","0","0","2","0","0","0","5","0","0","6","4","0","1","4","2","0","38","5","14","8","0","0","0","17","90"
"*02lkp*","Raheem Sterling","CHE/ARS","F","398","TRB","ARS 2<br/>@SOU 1 F","42.75","2.51","1%","0%","17","7","481","0","2","0","8","0","0","0","4","0","14","8","1","0","3","1","0","0","3","10","0","1","0","0","0","4","111"
"*06r9h*","Romain Esse","CRY","M","403","FA","CRY 1<br/>@LIV 1 F","40.13","5.73","3%","0%","7","1","129","1","1","0","3","1","1","0","6","0","2","3","0","0","0","1","0","0","1","2","0","3","0","0","0","3","12"
"*06mpc*","Nathan Wood","SOU","D","404","FA","ARS 2<br/>@SOU 1 F","39.74","3.61","0%","0%","11","9","769","0","0","0","1","0","0","0","8","2","1","4","2","0","0","5","0","1","38","4","6","15","0","0","0","20","90"
"*02lp9*","Kyle Walker","MCI","D","405","FA","MCI 2<br/>@FUL 0 F","39.51","2.63","11%","0%","15","9","962","0","0","0","7","0","2","0","10","1","2","5","3","0","4","3","0","0","11","3","4","9","0","0","0","21","64"
"*02y6o*","Nathan Ake","MCI","D","406","FA","MCI 2<br/>@FUL 0 F","39.21","3.92","24%","+1%","10","8","675","0","0","0","1","0","0","0","7","2","3","0","0","0","0","3","1","1","22","1","2","13","0","0","0","11","157"
"*05ts6*","Yerson Mosquera","WOL","D","407","FA","BRF 1<br/>@WOL 1 F","38.75","7.75","3%","0%","5","5","441","0","0","0","2","0","0","1","7","0","1","7","2","0","1","10","0","1","14","0","10","11","0","0","0","12","0"
"*02opy*","Adam Lallana","SOU","M","408","FA","ARS 2<br/>@SOU 1 F","38.75","2.77","0%","0%","14","5","343","0","2","0","4","0","0","0","5","0","6","8","4","0","3","5","2","0","5","5","1","2","0","0","0","8","45"
"*05yct*","Nathan Patterson","EVE","D","409","FA","EVE 1<br/>@NEW 0 F","38.61","3.86","1%","0%","10","3","337","0","1","0","4","0","0","0","6","0","2","1","1","0","5","2","0","0","5","9","0","1","0","0","0","6","28"
"*06ab3*","Lewis Miley","NEW","M","410","FA","EVE 1<br/>@NEW 0 F","38.57","2.75","13%","-13%","14","1","294","1","0","0","1","0","2","0","11","0","1","1","0","0","0","2","0","0","5","1","1","6","0","0","0","4","96"
"*02m4d*","Craig Dawson","WOL","D","411","FA","BRF 1<br/>@WOL 1 F","38.46","2.56","0%","0%","15","10","965","0","0","0","2","1","1","0","3","1","0","5","2","0","0","9","0","0","51","1","11","21","0","0","2","25","97"
"*061v9*","Diego Carlos","AVL","D","412","FA","AVL 0<br/>@MUN 2 F","37.62","3.76","0%","0%","10","8","826","0","0","0","0","0","1","0","3","0","2","1","1","0","0","5","3","0","35","2","7","11","0","0","0","15","167"
"*062ot*","Cheick Doucoure","CRY","M","413","FA","CRY 1<br/>@LIV 1 F","36.42","2.8","1%","0%","13","4","434","0","0","0","1","1","0","0","8","0","7","7","1","0","0","11","0","0","10","2","0","5","0","0","0","6","150"
"*05vyj*","Evan Ferguson","BHA/WHU","F","414","FA","WHU 3<br/>@IPS 1 F","35.75","1.7","94%","0%","21","3","369","1","0","0","5","0","3","0","4","0","11","3","0","0","0","1","0","0","5","4","2","9","0","0","0","9","86"
"*04f67*","Philip Billing","BOU","M","415","FA","LEI 0<br/>@BOU 2 F","34.43","3.44","0%","0%","10","1","166","0","0","0","8","0","1","0","5","0","4","2","1","0","2","5","0","0","2","1","0","6","0","0","0","4","39"
"*05y7i*","Jarell Quansah","LIV","D","416","FA","CRY 1<br/>@LIV 1 F","33.64","2.59","0%","0%","13","4","483","0","0","0","2","0","0","0","8","2","2","1","2","0","0","7","1","0","27","1","7","7","0","0","1","12","126"
"*06l4i*","Tyrique George","CHE","F","417","FA","CHE 1<br/>@NOT 0 F","33.5","4.19","2%","0%","8","1","171","1","1","0","6","0","1","0","0","0","0","0","1","0","1","2","0","0","1","3","0","0","0","0","0","0","118"
"*06r9w*","Abdukodir Khusanov","MCI","D","418","FA","MCI 2<br/>@FUL 0 F","33.49","5.58","56%","-7%","6","6","503","0","0","0","2","0","0","0","4","1","1","3","1","0","0","3","0","0","28","0","4","7","0","0","1","6","180"
"*06fso*","Wataru Endo","LIV","M","419","FA","CRY 1<br/>@LIV 1 F","33.48","1.67","1%","0%","20","1","246","0","0","0","2","0","0","0","8","0","3","7","0","0","0","6","1","1","8","2","1","3","0","0","0","5","66"
"*04qfy*","Ricardo Pereira","LEI","D","420","FA","LEI 0<br/>@BOU 2 F","31.91","3.19","0%","0%","10","4","376","0","0","0","0","0","1","0","8","0","1","8","1","0","0","4","0","1","11","6","3","4","0","0","0","8","25"
"*04rzl*","Taiwo Awoniyi","NOT","F","421","FA","CHE 1<br/>@NOT 0 F","31.25","1.2","20%","+1%","26","3","379","1","0","0","2","0","4","0","3","0","19","10","0","0","0","0","0","0","7","4","0","14","0","0","0","10","144"
"*051k5*","Lloyd Kelly","NEW","D","422","FA","EVE 1<br/>@NEW 0 F","30.58","3.06","0%","0%","10","4","296","0","1","0","2","0","0","0","4","1","2","5","2","0","1","1","0","0","15","2","4","7","0","0","0","6","20"
"*06804*","Benoit Badiashile","CHE","D","423","FA","CHE 1<br/>@NOT 0 F","27.68","5.54","1%","0%","5","3","330","0","0","0","0","0","0","0","6","0","0","2","0","0","0","6","1","0","12","0","2","8","0","0","0","5","29"
"*0649i*","Antony","MUN","M","424","FA","AVL 0<br/>@MUN 2 F","27.53","3.44","0%","0%","8","0","129","0","0","0","3","0","3","0","3","0","1","5","0","0","3","2","0","0","0","4","0","0","0","0","0","2","25"
"*06kqy*","Ayden Heaven","ARS/MUN","D","425","FA","AVL 0<br/>@MUN 2 F","27.41","6.85","4%","-2%","4","2","168","0","0","0","1","0","0","0","3","1","1","4","1","0","0","4","1","0","8","2","2","2","0","0","0","1","115"
"*05s00*","Daniel Jebbison","BOU","F","426","FA","LEI 0<br/>@BOU 2 F","27","1.69","0%","0%","16","0","92","1","0","0","3","0","2","0","3","0","5","4","1","0","0","1","0","0","1","4","1","3","0","0","0","2","27"
"*05gcc*","Kiernan Dewsbury-Hall","CHE","M","427","FA","CHE 1<br/>@NOT 0 F","26.99","2.08","86%","0%","13","2","249","0","1","0","3","0","0","0","5","0","3","6","0","0","0","2","0","0","7","2","0","0","0","0","0","3","89"
"*06crn*","Toby Collyer","MUN","M","428","FA","AVL 0<br/>@MUN 2 F","26.82","4.47","0%","0%","6","0","170","0","0","0","2","0","0","0","9","0","1","4","0","0","0","2","1","1","3","1","1","3","0","0","0","2","51"
"*06lox*","Mikey Moore","TOT","M","429","FA","BHA 4<br/>@TOT 1 F","26.39","2.64","1%","0%","10","3","352","0","1","0","3","1","1","0","1","0","6","7","0","0","1","1","0","0","5","2","0","1","0","0","0","5","58"
"*05746*","Emil Krafth","NEW","D","430","FA","EVE 1<br/>@NEW 0 F","26.33","2.19","0%","0%","12","2","327","0","0","0","1","0","0","0","2","0","2","2","2","0","1","2","0","0","16","0","4","8","0","0","0","2","95"
"*06mgm*","Ross Stewart","SOU","F","431","FA","ARS 2<br/>@SOU 1 F","25.75","2.15","0%","0%","12","4","375","1","0","0","0","0","2","0","4","0","9","7","1","0","0","1","0","0","6","3","0","13","0","0","0","9","1"
"*04fyc*","Charlie Taylor","SOU","D","434","FA","ARS 2<br/>@SOU 1 F","24.5","3.06","0%","0%","8","3","350","0","0","0","1","0","0","0","5","0","1","3","1","0","1","5","2","0","30","2","5","6","0","0","0","12","0"
"*05t6x*","William Osula","NEW","F","435","FA","EVE 1<br/>@NEW 0 F","23.5","1.68","45%","+3%","14","0","115","1","0","0","2","0","1","0","0","0","6","1","0","0","0","4","0","0","1","3","0","6","0","0","0","3","57"
"*037mo*","Willian","FUL","F","436","FA","MCI 2<br/>@FUL 0 F","22.75","2.27","0%","0%","10","2","244","0","0","0","7","0","0","1","2","0","1","0","0","0","3","1","0","0","1","1","0","1","0","0","0","3","86"
"*06mgp*","Luis Guilherme","WHU","F","437","FA","WHU 3<br/>@IPS 1 F","22.25","1.85","0%","0%","12","1","128","0","0","0","3","0","1","0","0","0","3","4","0","0","2","3","0","0","1","7","0","2","0","0","0","5","6"
"*06r9v*","Andres Garcia","AVL","F","438","FA","AVL 0<br/>@MUN 2 F","21.75","3.11","0%","0%","7","5","314","0","0","0","3","0","0","0","5","0","6","0","0","0","5","2","0","0","8","5","0","0","0","0","0","5","4"
"*05gvx*","Armando Broja","CHE/EVE","F","439","FA","EVE 1<br/>@NEW 0 F","21","2.1","2%","0%","10","4","321","0","0","0","4","0","0","0","1","0","13","4","1","0","0","1","0","0","4","8","0","18","0","0","0","2","92"
"*02t1k*","Nathaniel Clyne","CRY","D","442","FA","CRY 1<br/>@LIV 1 F","19.8","1.52","1%","0%","13","5","471","0","0","0","3","0","0","0","8","0","2","2","1","0","3","3","0","0","13","0","2","1","0","0","0","11","12"
"*04s8k*","Jorginho","ARS","M","444","FA","ARS 2<br/>@SOU 1 F","18.99","1.27","0%","0%","15","9","692","0","0","0","3","0","0","0","4","0","9","17","5","0","0","7","0","0","2","1","0","2","0","0","0","7","247"
"*02lv9*","James Milner","BHA","M","445","FA","BHA 4<br/>@TOT 1 F","18.9","4.72","1%","0%","4","3","170","0","0","0","4","0","1","0","2","0","0","1","1","0","1","2","0","0","2","1","2","0","0","0","0","1","81"
"*02oq6*","Luke Shaw","MUN","D","446","FA","AVL 0<br/>@MUN 2 F","18.7","2.67","54%","+3%","7","4","343","0","0","1","5","0","0","0","3","0","0","1","1","0","1","2","0","0","7","0","1","3","0","0","1","5","33"
"*04qr0*","Willy Boly","NOT","D","447","FA","CHE 1<br/>@NOT 0 F","18.53","3.09","0%","0%","6","1","143","0","0","0","0","0","1","0","1","0","0","0","1","0","0","3","0","0","12","0","2","6","0","0","0","1","38"
"*06nyw*","Jorge Cuenca","FUL","D","448","FA","MCI 2<br/>@FUL 0 F","18.5","2.31","1%","0%","8","4","349","0","0","0","0","0","0","0","2","0","0","2","0","0","0","2","0","0","26","2","4","6","0","0","0","8","0"
"*05ohc*","Sergio Reguilon","TOT","D","449","FA","BHA 4<br/>@TOT 1 F","18.5","4.62","0%","0%","4","1","192","0","0","0","1","0","0","0","3","0","1","6","2","0","2","4","1","0","6","2","0","5","0","0","0","3","0"
"*06mn0*","Igor Thiago","BRF","F","452","FA","BRF 1<br/>@WOL 1 F","18","2.25","99%","0%","8","1","160","0","0","0","2","0","0","0","3","0","2","3","0","0","0","2","1","0","3","3","0","7","0","0","0","4","21"
"*04lax*","Hamza Choudhury","LEI","M","451","FA","LEI 0<br/>@BOU 2 F","18","4.5","0%","0%","4","1","126","0","0","0","2","0","0","0","1","0","0","0","0","0","1","5","0","0","2","3","2","0","0","0","0","5","0"
"*06jh3*","Joshua King","FUL","M","453","FA","MCI 2<br/>@FUL 0 F","17.94","2.24","4%","0%","8","1","121","0","0","0","3","0","0","0","5","0","6","2","0","0","1","1","0","0","1","4","0","1","0","0","0","0","62"
"*05r4h*","Lamare Bogarde","AVL","D","454","FA","AVL 0<br/>@MUN 2 F","17","2.12","1%","0%","8","5","470","0","0","0","2","0","1","0","6","0","8","11","2","0","0","1","1","0","12","2","3","6","0","0","0","11","0"
"*06igk*","Ben Brereton","SOU","F","455","FA","ARS 2<br/>@SOU 1 F","17","1.7","0%","0%","10","4","442","0","0","0","3","0","1","0","2","0","4","8","1","0","1","0","0","0","4","1","1","9","0","0","0","10","0"
"*06p4l*","Julian Araujo","BOU","D","456","FA","LEI 0<br/>@BOU 2 F","16.83","1.4","0%","0%","12","7","486","0","0","0","1","0","0","0","5","0","2","2","2","0","2","6","1","0","16","0","0","3","0","0","0","10","50"
"*06exa*","Matheus Franca","CRY","F","457","FA","CRY 1<br/>@LIV 1 F","16.75","4.19","0%","0%","4","0","49","1","0","0","0","0","3","0","0","0","0","0","0","0","0","1","0","0","1","0","1","1","0","0","0","0","0"
"*068a3*","Danilo","NOT","M","458","FA","CHE 1<br/>@NOT 0 F","16.43","2.05","0%","0%","8","5","268","0","0","0","0","0","0","0","4","0","0","0","0","0","0","4","0","0","2","3","1","1","0","0","0","4","129"
"*03dx7*","Ben Mee","BRF","D","459","FA","BRF 1<br/>@WOL 1 F","15.13","2.16","0%","0%","7","2","177","0","0","0","0","0","0","0","2","0","0","0","2","0","0","4","1","0","7","0","3","5","0","0","0","4","77"
"*04yo6*","Miguel Almiron","NEW","M","460","FA","EVE 1<br/>@NEW 0 F","14.6","1.62","0%","0%","9","1","144","0","0","0","3","0","2","0","2","0","2","3","0","0","0","0","0","0","0","1","0","0","0","0","0","3","54"
"*04e1k*","Solly March","BHA","M","461","FA","BHA 4<br/>@TOT 1 F","14.51","1.81","1%","0%","8","1","155","0","0","0","3","0","0","0","3","0","1","2","2","0","4","2","0","0","1","1","0","1","0","0","0","3","1"
"*067xc*","Carlos Borges","MCI/WOL","F","462","FA","BRF 1<br/>@WOL 1 F","14.5","1.45","0%","0%","10","1","224","0","0","1","1","0","0","0","5","0","4","1","2","0","1","1","0","0","2","7","0","1","0","0","0","9","2"
"*06mry*","Renato Veiga","CHE","M","463","FA","CHE 1<br/>@NOT 0 F","14.25","2.04","0%","0%","7","1","172","0","0","0","0","0","1","0","6","0","0","1","2","0","0","1","0","0","2","3","1","3","0","0","0","2","90"
"*06cm4*","Chiedozie Ogbene","LUT/IPS","F","464","FA","WHU 3<br/>@IPS 1 F","14","2.8","0%","0%","5","3","235","0","0","0","2","0","0","0","3","0","2","7","0","0","1","1","0","0","3","1","0","1","0","0","0","3","30"
"*03dyl*","Jeffrey Schlupp","CRY","M","465","FA","CRY 1<br/>@LIV 1 F","13.77","1.15","0%","0%","12","0","87","0","0","0","3","0","2","0","0","0","0","0","0","0","1","0","0","0","1","1","0","3","0","0","0","3","2"
"*02lot*","Massimo Luongo","IPS","M","466","FA","WHU 3<br/>@IPS 1 F","13.06","1.19","0%","0%","11","2","188","0","0","0","0","0","0","0","6","0","3","2","0","0","0","2","0","0","2","0","2","2","0","0","0","6","5"
"*06phn*","Jay Robinson","SOU","D","467","FA","ARS 2<br/>@SOU 1 F","13","3.25","0%","0%","4","1","132","0","0","0","3","0","1","0","1","0","6","1","0","0","0","0","0","0","1","6","0","0","0","0","0","2","0"
"*06kyx*","Andy Irving","WHU","M","468","FA","WHU 3<br/>@IPS 1 F","12.82","1.28","0%","0%","10","1","155","0","0","0","1","0","2","0","4","0","3","1","2","0","1","1","1","0","5","1","1","1","0","0","0","4","6"
"*02lpl*","Seamus Coleman","EVE","D","469","FA","EVE 1<br/>@NEW 0 F","12.7","2.54","0%","0%","5","3","212","0","0","0","0","0","1","0","2","0","1","1","1","0","0","1","0","0","7","4","3","2","0","0","0","4","33"
"*06mrz*","Pedro Lima","WOL","D","470","FA","BRF 1<br/>@WOL 1 F","12.6","4.2","1%","0%","3","1","68","0","0","0","2","0","1","0","0","0","0","1","0","0","3","2","0","0","4","1","0","0","0","0","0","2","9"
"*04tsf*","Paris Maghoma","BRF","M","471","FA","BRF 1<br/>@WOL 1 F","12.52","1.56","0%","0%","8","0","105","0","0","0","1","0","0","0","1","0","0","4","0","0","0","1","0","0","1","3","2","1","0","0","0","1","24"
"*03rvw*","Harry Toffolo","NOT","D","473","FA","CHE 1<br/>@NOT 0 F","12.28","3.07","0%","0%","4","1","133","0","0","0","0","0","0","0","3","0","0","0","1","0","0","2","0","1","10","0","2","1","0","0","0","2","8"
"*068a1*","Mykhailo Mudryk","CHE","M","474","FA","CHE 1<br/>@NOT 0 F","12.25","1.75","1%","0%","7","1","140","0","0","0","2","0","1","0","2","0","7","2","0","0","1","0","0","0","1","3","1","2","0","0","0","2","0"
"*06l2r*","Harry Amass","MUN","D","475","FA","AVL 0<br/>@MUN 2 F","11.83","2.37","0%","0%","5","4","344","0","0","0","1","0","0","0","2","0","5","4","0","0","0","2","1","0","9","3","1","7","0","0","0","9","20"
"*06rmv*","Jeremy Monga","LEI","M","476","FA","LEI 0<br/>@BOU 2 F","11.49","1.64","0%","0%","7","0","98","0","0","0","1","0","1","0","1","0","2","5","0","0","0","0","0","0","1","2","2","0","0","0","0","3","44"
"*064op*","Tyler Fredricson","MUN","D","478","FA","AVL 0<br/>@MUN 2 F","10.75","5.38","0%","0%","2","2","165","0","0","0","0","0","0","0","3","0","0","2","0","0","0","1","0","0","11","1","0","7","0","0","0","5","0"
"*05nip*","Dane Scarlett","TOT","F","479","FA","BHA 4<br/>@TOT 1 F","10.5","3.5","0%","0%","3","0","28","0","1","0","1","0","1","0","0","0","1","1","0","0","0","0","0","0","1","0","0","1","0","0","0","1","10"
"*051kl*","Emiliano Buendia","AVL","M","480","FA","AVL 0<br/>@MUN 2 F","10.34","0.86","30%","+1%","12","0","79","0","0","0","1","0","0","0","6","0","3","6","1","0","0","0","0","0","1","0","1","0","0","0","0","2","8"
"*051kg*","Max Aarons","BOU","D","481","FA","LEI 0<br/>@BOU 2 F","9.81","3.27","0%","0%","3","1","82","0","0","0","0","0","0","0","2","0","0","2","0","0","0","1","0","0","0","0","1","0","0","0","0","0","61"
"*03r8r*","Ryan Fraser","NEW/SOU","M","482","FA","ARS 2<br/>@SOU 1 F","9.75","1.22","0%","0%","8","4","299","0","0","0","2","0","1","0","2","0","2","4","0","1","0","1","0","0","8","2","1","2","0","0","0","10","0"
"*0620j*","Armel Bella Kotchap","SOU","D","483","FA","ARS 2<br/>@SOU 1 F","9.5","2.38","0%","0%","4","2","327","0","0","0","0","0","0","0","5","0","0","2","0","0","0","5","1","0","21","0","2","6","0","0","0","13","0"
"*037mt*","Harrison Reed","FUL","M","484","FA","MCI 2<br/>@FUL 0 F","9.08","0.76","0%","0%","12","0","82","0","0","0","1","0","2","0","3","0","2","2","2","0","1","1","0","0","2","0","0","1","0","0","0","3","7"
"*06r8v*","Woyo Coulibaly","LEI","D","485","FA","LEI 0<br/>@BOU 2 F","8.5","2.12","0%","0%","4","1","105","0","0","0","0","0","1","0","4","0","0","1","1","0","0","5","2","0","1","0","1","0","0","0","0","6","0"
"*05tqz*","Rico Henry","BRF","D","486","FA","BRF 1<br/>@WOL 1 F","8.25","1.65","2%","0%","5","0","90","0","0","0","0","0","0","0","2","0","2","2","0","0","0","1","0","0","2","0","1","2","0","0","0","3","45"
"*06phw*","Federico Chiesa","LIV","F","487","FA","CRY 1<br/>@LIV 1 F","8","1.33","4%","0%","6","1","98","0","0","0","2","0","2","1","0","0","4","2","0","0","0","0","0","0","1","0","0","0","0","0","0","3","19"
"*05r37*","Jakub Moder","BHA","M","488","FA","BHA 4<br/>@TOT 1 F","7.76","1.94","0%","0%","4","0","7","0","0","0","3","0","0","0","0","0","0","0","0","0","1","0","0","0","3","0","0","0","0","0","0","0","1"
"*05w9q*","Odsonne Edouard","CRY/LEI","F","489","FA","LEI 0<br/>@BOU 2 F","7.75","1.29","0%","0%","6","1","138","0","0","0","2","0","1","0","1","0","3","0","0","0","0","0","0","0","2","1","0","2","0","0","0","3","15"
"*06kyv*","Kosta Nedeljkovic","AVL","D","490","FA","AVL 0<br/>@MUN 2 F","7.5","1.5","86%","0%","5","0","116","0","0","0","0","0","0","0","5","0","0","1","0","0","1","0","0","0","3","1","0","0","0","0","0","4","0"
"*03r8x*","Callum Wilson","NEW","F","491","FA","EVE 1<br/>@NEW 0 F","7.25","0.4","16%","+4%","18","2","340","0","0","0","3","0","1","0","2","0","12","1","1","0","1","1","0","0","1","1","0","2","0","0","0","7","57"
"*0524k*","Rodri","MCI","M","492","FA","MCI 2<br/>@FUL 0 F","7","2.33","76%","-2%","3","1","71","0","0","0","1","0","0","0","1","0","0","2","0","0","0","1","1","0","1","0","0","1","0","0","0","1","0"
"*05w90*","Maxwel Cornet","WHU/SOU","M","493","FA","ARS 2<br/>@SOU 1 F","6.75","3.38","17%","0%","2","1","70","0","0","0","0","0","0","0","5","0","0","1","1","0","0","0","0","0","2","0","0","3","0","0","0","4","0"
"*06ils*","Yunus Konak","BRF","M","494","FA","BRF 1<br/>@WOL 1 F","6.59","0.66","0%","0%","10","0","30","0","0","0","0","0","0","0","4","0","3","1","0","0","0","0","0","0","0","0","0","5","0","0","0","2","8"
"*052cc*","Billy Gilmour","BHA","M","495","FA","BHA 4<br/>@TOT 1 F","6.58","3.29","0%","0%","2","1","95","0","0","0","0","0","0","0","3","0","0","3","0","0","0","0","0","0","1","1","0","0","0","0","0","1","7"
"*066iz*","Lewis Orford","WHU","M","497","FA","WHU 3<br/>@IPS 1 F","6.25","3.12","0%","0%","2","0","45","0","0","0","2","0","0","0","0","0","0","0","0","0","1","1","0","0","0","0","0","0","0","0","0","1","0"
"*05ubt*","Harry Clarke","IPS","D","496","FA","WHU 3<br/>@IPS 1 F","6.25","0.89","0%","0%","7","4","375","0","0","0","1","0","1","0","3","0","2","1","1","1","0","4","0","0","12","1","4","10","0","0","1","9","0"
"*06mnn*","Chadi Riad","CRY","D","498","FA","CRY 1<br/>@LIV 1 F","5","5","2%","0%","1","1","90","0","0","0","0","0","0","0","2","0","0","0","0","0","0","2","0","0","0","0","0","2","0","0","0","2","0"
"*05uhw*","Samuel Edozie","SOU","M","499","FA","ARS 2<br/>@SOU 1 F","4.75","2.38","0%","0%","2","0","63","0","0","0","1","0","0","0","1","0","0","1","1","0","1","0","0","0","0","2","0","0","0","0","0","0","0"
"*05ye7*","Oscar Bobb","MCI","M","500","FA","MCI 2<br/>@FUL 0 F","4.54","1.51","26%","+4%","3","0","12","0","0","0","1","0","0","0","0","0","0","1","0","0","0","0","0","0","0","2","0","0","0","0","0","1","4"
"*06mnd*","Eric da Silva Moreira","NOT","F","501","FA","CHE 1<br/>@NOT 0 F","4.5","2.25","0%","0%","2","0","27","0","0","0","0","0","0","0","2","0","0","0","0","0","0","1","1","0","0","0","0","0","0","0","0","0","1"
"*062ft*","Tyrell Malacia","MUN","D","502","FA","AVL 0<br/>@MUN 2 F","4.28","1.43","0%","0%","3","2","98","0","0","0","1","0","0","0","1","0","2","2","1","0","0","1","0","0","1","1","0","0","0","0","0","1","8"
"*06441*","Martial Godo","FUL","F","503","FA","MCI 2<br/>@FUL 0 F","4.25","2.12","0%","0%","2","0","19","0","0","0","1","0","0","0","0","0","0","0","0","0","0","1","0","0","0","1","0","0","0","0","0","0","13"
"*02lkt*","Ali Al-Hamadi","IPS","F","505","FA","WHU 3<br/>@IPS 1 F","4","0.36","0%","0%","11","0","116","0","0","0","2","0","0","0","0","0","4","3","3","0","0","0","0","0","2","4","0","5","0","0","0","5","1"
"*05opn*","Carlos Vinicius","FUL","F","506","FA","MCI 2<br/>@FUL 0 F","4","1.33","0%","0%","3","0","10","0","0","0","0","0","1","0","0","0","0","2","0","0","0","0","0","0","0","1","0","0","0","0","0","1","2"
"*06ra5*","Albert Gronbaek","SOU","M","507","FA","ARS 2<br/>@SOU 1 F","4","1","0%","0%","4","2","139","0","0","0","1","0","0","0","1","0","4","1","0","0","0","0","0","0","1","0","1","2","0","0","0","3","0"
"*06qwh*","Ben Winterburn","BOU","M","508","FA","LEI 0<br/>@BOU 2 F","3.51","0.88","0%","0%","4","0","20","0","0","0","0","0","0","0","0","0","0","1","0","0","0","2","0","0","0","0","0","1","0","0","0","0","1"
"*06mnm*","Marc Guiu","CHE","F","509","FA","CHE 1<br/>@NOT 0 F","3.25","1.08","3%","0%","3","0","68","0","0","0","1","0","0","0","1","0","0","0","0","0","0","0","0","0","0","0","0","0","0","0","0","2","0"
"*06roj*","Chido Obi-Martin","MUN","F","511","FA","AVL 0<br/>@MUN 2 F","3.25","0.46","1%","0%","7","1","155","0","0","0","0","0","1","0","1","0","1","1","1","0","0","0","0","0","1","1","0","2","0","0","0","5","12"
"*06r7j*","Joachim Kayi-Sanda","SOU","D","510","FA","ARS 2<br/>@SOU 1 F","3.25","1.62","0%","0%","2","0","10","0","0","0","0","0","0","0","0","0","0","0","0","0","0","2","1","0","0","0","0","0","0","0","0","1","0"
"*06rm9*","Nasser Djiga","WOL","D","512","FA","BRF 1<br/>@WOL 1 F","3.13","0.63","0%","0%","5","1","64","0","0","0","0","0","0","0","0","0","2","1","0","0","0","2","0","0","4","0","0","1","0","0","0","2","17"
"*05gcq*","Daniel Podence","WOL","M","513","FA","BRF 1<br/>@WOL 1 F","3","1.5","0%","0%","2","0","44","0","0","0","0","0","0","0","0","0","0","2","0","0","0","0","0","0","0","2","0","0","0","0","0","2","0"
"*05ygj*","Chiquinho","WOL","F","514","FA","BRF 1<br/>@WOL 1 F","3","3","0%","0%","1","0","5","0","0","0","1","0","0","0","0","0","0","0","0","0","1","0","0","0","0","0","0","0","0","0","0","0","0"
"*0372y*","Matt Targett","NEW","D","515","FA","EVE 1<br/>@NEW 0 F","2.98","1.49","0%","0%","2","0","18","0","0","0","0","0","0","0","0","0","0","0","0","0","1","1","0","0","0","0","0","0","0","0","0","0","11"
"*06nvc*","Asher Agbinone","CRY","M","516","FA","CRY 1<br/>@LIV 1 F","2.75","1.38","0%","0%","2","0","2","0","0","0","1","0","0","0","1","0","1","0","0","0","0","0","0","0","0","0","0","0","0","0","0","0","0"
"*06qgn*","Shumaira Mheuka","CHE","F","517","FA","CHE 1<br/>@NOT 0 F","2.5","2.5","0%","0%","1","0","1","0","0","0","0","0","1","0","0","0","0","0","0","0","0","0","0","0","0","0","0","1","0","0","0","0","1"
"*06phr*","Gustavo Nunes","BRF","F","518","FA","BRF 1<br/>@WOL 1 F","2.5","0.83","0%","0%","3","0","10","0","0","0","0","0","0","0","2","0","0","0","0","0","0","0","0","0","2","0","0","0","0","0","0","2","0"
"*066sc*","Nathan Butler-Oyedeji","ARS","M","519","FA","ARS 2<br/>@SOU 1 F","2.06","2.06","0%","0%","1","0","5","0","0","0","0","0","1","0","0","0","0","0","0","0","0","0","0","0","0","0","0","0","0","0","0","0","5"
"*06few*","Youssef Chermiti","EVE","F","521","FA","EVE 1<br/>@NEW 0 F","2","0.5","0%","0%","4","0","39","0","0","0","0","0","1","0","0","0","1","1","1","0","0","0","0","0","0","1","0","2","0","0","0","0","0"
"*06onu*","Roman Dixon","EVE","D","520","FA","EVE 1<br/>@NEW 0 F","2","2","0%","0%","1","1","90","0","0","0","0","0","0","0","5","0","0","0","0","0","0","1","0","0","2","0","0","0","0","0","0","4","0"
"*06r7f*","Julio Soler","BOU","D","522","FA","LEI 0<br/>@BOU 2 F","1.88","0.63","0%","0%","3","0","8","0","0","0","0","0","0","0","1","0","0","1","0","0","0","0","0","0","0","0","0","0","0","0","0","1","2"
"*06kwp*","Josh Acheampong","CHE","D","523","FA","CHE 1<br/>@NOT 0 F","1.72","0.43","4%","0%","4","2","167","0","0","0","0","0","0","0","1","0","0","1","1","0","0","1","0","0","1","1","0","1","0","0","0","3","7"
"*06nvb*","Caleb Kporha","CRY","D","525","FA","CRY 1<br/>@LIV 1 F","1.5","0.75","0%","0%","2","0","10","0","0","0","0","0","0","0","1","0","2","0","0","0","1","0","0","0","1","0","0","0","0","0","0","1","0"
"*06rlf*","Eiran Cashin","BHA","M","524","FA","BHA 4<br/>@TOT 1 F","1.5","0.75","0%","0%","2","0","18","0","0","0","0","0","0","0","0","0","0","0","0","0","0","0","0","0","2","0","0","2","0","0","0","2","0"
"*06r9x*","Vitor Reis","MCI","D","526","FA","MCI 2<br/>@FUL 0 F","1.32","1.32","0%","0%","1","0","1","0","0","0","0","0","0","0","0","0","0","0","0","0","0","0","0","0","1","1","0","0","0","0","0","0","1"
"*06s7s*","Harry Howell","BHA","M","529","FA","BHA 4<br/>@TOT 1 F","1.25","1.25","1%","0%","1","0","5","0","0","0","0","0","0","0","1","0","0","0","0","0","0","0","0","0","0","0","0","0","0","0","0","0","0"
"*066iy*","Kaelan Casey","WHU","D","527","FA","WHU 3<br/>@IPS 1 F","1.25","1.25","0%","0%","1","0","1","0","0","0","0","0","0","0","0","0","0","0","0","0","0","0","0","0","1","0","0","1","0","0","0","0","0"
"*0643w*","Ryan Trevitt","BRF","M","532","FA","BRF 1<br/>@WOL 1 F","1.25","1.25","0%","0%","1","0","2","0","0","0","0","0","0","0","1","0","0","0","0","0","0","0","0","0","0","0","0","0","0","0","0","0","0"
"*06mg1*","Marcus Harness","IPS","M","528","FA","WHU 3<br/>@IPS 1 F","1.25","0.62","0%","0%","2","0","41","0","0","0","0","0","0","0","0","0","0","0","0","0","0","0","0","0","1","0","1","0","0","0","0","2","0"
"*06r9g*","Zain Silcott-Duberry","BOU","F","530","FA","LEI 0<br/>@BOU 2 F","1.25","1.25","0%","0%","1","0","1","0","0","0","0","0","0","0","1","0","0","0","0","0","0","0","0","0","0","0","0","0","0","0","0","0","1"
"*05w9r*","Takehiro Tomiyasu","ARS","D","531","FA","ARS 2<br/>@SOU 1 F","1.25","1.25","0%","0%","1","0","5","0","0","0","0","0","0","1","0","0","0","0","0","0","0","0","0","0","1","0","0","0","0","0","0","0","0"
"*06byb*","Samuel Amo-Ameyaw","SOU","F","533","FA","ARS 2<br/>@SOU 1 F","1","0.5","0%","0%","2","0","24","0","0","0","1","0","0","0","0","0","2","2","1","0","1","0","0","0","0","0","0","0","0","0","0","0","0"
"*06mp2*","Ronnie Edwards","SOU","D","534","FA","ARS 2<br/>@SOU 1 F","1","1","0%","0%","1","0","11","0","0","0","0","0","0","0","0","0","0","0","0","0","0","0","0","0","0","0","1","0","0","0","0","1","0"
"*066sz*","Alfie Dorrington","TOT","D","535","FA","BHA 4<br/>@TOT 1 F","0.8","0.8","0%","0%","1","0","12","0","0","0","0","0","0","0","0","0","0","0","0","0","0","0","0","0","0","0","0","0","0","0","0","0","12"
"*06onv*","Harrison Armstrong","EVE","M","536","FA","EVE 1<br/>@NEW 0 F","0.76","0.25","1%","0%","3","0","47","0","0","0","1","0","0","0","0","0","3","2","1","0","0","0","0","0","1","1","0","0","0","0","0","1","1"
"*06s7u*","Jake Evans","LEI","F","538","FA","LEI 0<br/>@BOU 2 F","0.75","0.19","0%","0%","4","0","18","0","0","0","0","0","0","0","1","0","1","0","0","0","0","0","0","0","0","0","0","0","0","0","0","1","14"
"*06s7t*","Olabade Aluko","LEI","D","537","FA","LEI 0<br/>@BOU 2 F","0.75","0.75","-","-","1","0","1","0","0","0","0","0","0","0","1","0","1","0","0","0","0","0","0","0","0","0","0","0","0","0","0","0","0"
"*06dpw*","Ji-Soo Kim","BRF","D","539","FA","BRF 1<br/>@WOL 1 F","0.73","0.24","0%","0%","3","0","26","0","0","0","0","0","0","0","0","0","1","0","0","0","0","0","0","0","2","0","0","0","0","0","0","0","11"
"*06rpm*","Mateus Mane","WOL","F","540","FA","BRF 1<br/>@WOL 1 F","0.5","0.5","34%","+1%","1","0","1","0","0","0","0","0","0","0","0","0","0","0","0","0","0","0","0","0","0","0","0","1","0","0","0","0","0"
"*04civ*","Scott McTominay","MUN","M","541","FA","AVL 0<br/>@MUN 2 F","0.31","0.15","0%","0%","2","0","15","0","0","0","0","0","0","0","0","0","1","0","0","0","0","0","0","0","1","0","0","1","0","0","0","1","5"
"*06igr*","Michael Golding","LEI","M","543","FA","LEI 0<br/>@BOU 2 F","0.01","0.01","0%","0%","1","0","1","0","0","0","0","0","0","0","0","0","0","0","0","0","0","0","0","0","0","0","0","0","0","0","0","0","1"
"*064a1*","Boubacar Traore","WOL","M","544","FA","BRF 1<br/>@WOL 1 F","0.01","0.01","0%","0%","1","0","1","0","0","0","0","0","0","0","0","0","0","0","0","0","0","0","0","0","0","0","0","0","0","0","0","0","1"
"*061vk*","Jaidon Anthony","BOU","F","559","FA","LEI 0<br/>@BOU 2 F","0","0","82%","+1%","0","0","0","0","0","0","0","0","0","0","0","0","0","0","0","0","0","0","0","0","0","0","0","0","0","0","0","0","0"
"*051k8*","Conor Gallagher","CHE","M","632","FA","CHE 1<br/>@NOT 0 F","0","0","50%","+1%","0","0","0","0","0","0","0","0","0","0","0","0","0","0","0","0","0","0","0","0","0","0","0","0","0","0","0","0","0"
"*06r2g*","Rio Ngumoha","LIV","F","734","FA","CRY 1<br/>@LIV 1 F","0","0","48%","+11%","0","0","0","0","0","0","0","0","0","0","0","0","0","0","0","0","0","0","0","0","0","0","0","0","0","0","0","0","0"
"*05t6y*","Hannibal Mejbri","MUN","M","709","FA","AVL 0<br/>@MUN 2 F","0","0","2%","0%","0","0","0","0","0","0","0","0","0","0","0","0","0","0","0","0","0","0","0","0","0","0","0","0","0","0","0","0","0"
"*06329*","Manor Solomon","TOT","F","796","FA","BHA 4<br/>@TOT 1 F","0","0","1%","0%","0","0","0","0","0","0","0","0","0","0","0","0","0","0","0","0","0","0","0","0","0","0","0","0","0","0","0","0","0"
"*066sh*","Bashir Humphreys","CHE","D","657","FA","CHE 1<br/>@NOT 0 F","0","0","1%","0%","0","0","0","0","0","0","0","0","0","0","0","0","0","0","0","0","0","0","0","0","0","0","0","0","0","0","0","0","0"
"*066nn*","Ben Doak","LIV","F","614","FA","CRY 1<br/>@LIV 1 F","0","0","1%","0%","0","0","0","0","0","0","0","0","0","0","0","0","0","0","0","0","0","0","0","0","0","0","0","0","0","0","0","0","0"
"*06hze*","Treymaurice Nyoni","LIV","M","738","FA","CRY 1<br/>@LIV 1 F","0","0","1%","0%","0","0","0","0","0","0","0","0","0","0","0","0","0","0","0","0","0","0","0","0","0","0","0","0","0","0","0","0","0"
"*067x6*","Max Alleyne","MCI","D","553","FA","MCI 2<br/>@FUL 0 F","0","0","1%","0%","0","0","0","0","0","0","0","0","0","0","0","0","0","0","0","0","0","0","0","0","0","0","0","0","0","0","0","0","0"
"*062p0*","Stefan Bajcetic","LIV","M","564","FA","CRY 1<br/>@LIV 1 F","0","0","1%","0%","0","0","0","0","0","0","0","0","0","0","0","0","0","0","0","0","0","0","0","0","0","0","0","0","0","0","0","0","0"
"*068yr*","Hamed Traore","BOU","M","804","FA","LEI 0<br/>@BOU 2 F","0","0","1%","0%","0","0","0","0","0","0","0","0","0","0","0","0","0","0","0","0","0","0","0","0","0","0","0","0","0","0","0","0","0"
"*062og*","Aaron Hickey","BRF","D","651","FA","BRF 1<br/>@WOL 1 F","0","0","0%","0%","0","0","0","0","0","0","0","0","0","0","0","0","0","0","0","0","0","0","0","0","0","0","0","0","0","0","0","0","0"
"*06442*","Zach Abbott","NOT","D","545","FA","CHE 1<br/>@NOT 0 F","0","0","0%","0%","0","0","0","0","0","0","0","0","0","0","0","0","0","0","0","0","0","0","0","0","0","0","0","0","0","0","0","0","0"
"*061xw*","Joe Worrall","NOT","D","822","FA","CHE 1<br/>@NOT 0 F","0","0","0%","0%","0","0","0","0","0","0","0","0","0","0","0","0","0","0","0","0","0","0","0","0","0","0","0","0","0","0","0","0","0"
"*06qq9*","Luca Williams-Barnett","TOT","F","818","FA","BHA 4<br/>@TOT 1 F","0","0","0%","0%","0","0","0","0","0","0","0","0","0","0","0","0","0","0","0","0","0","0","0","0","0","0","0","0","0","0","0","0","0"
"*066t2*","Will Lankshear","TOT","F","685","FA","BHA 4<br/>@TOT 1 F","0","0","0%","0%","3","0","9","0","0","0","0","0","0","0","0","0","0","0","0","0","0","0","0","0","0","0","0","0","0","0","0","0","7"
"*06qvu*","Tom Edozie","WOL","F","621","FA","BRF 1<br/>@WOL 1 F","0","0","0%","0%","0","0","0","0","0","0","0","0","0","0","0","0","0","0","0","0","0","0","0","0","0","0","0","0","0","0","0","0","0"
"*06dpv*","Omari Kellyman","CHE","M","671","FA","CHE 1<br/>@NOT 0 F","0","0","0%","0%","0","0","0","0","0","0","0","0","0","0","0","0","0","0","0","0","0","0","0","0","0","0","0","0","0","0","0","0","0"
"*0620k*","Nayef Aguerd","WHU","D","547","FA","WHU 3<br/>@IPS 1 F","0","0","0%","0%","0","0","0","0","0","0","0","0","0","0","0","0","0","0","0","0","0","0","0","0","0","0","0","0","0","0","0","0","0"
"*05ogh*","Harrison Ashby","NEW","D","562","FA","EVE 1<br/>@NEW 0 F","0","0","0%","0%","0","0","0","0","0","0","0","0","0","0","0","0","0","0","0","0","0","0","0","0","0","0","0","0","0","0","0","0","0"
"*061z3*","Fabio Vieira","ARS","M","810","FA","ARS 2<br/>@SOU 1 F","0","0","0%","0%","0","0","0","0","0","0","0","0","0","0","0","0","0","0","0","0","0","0","0","0","0","0","0","0","0","0","0","0","0"
"*06mul*","Jack Fletcher","MUN","F","626","FA","AVL 0<br/>@MUN 2 F","0","0","0%","0%","0","0","0","0","0","0","0","0","0","0","0","0","0","0","0","0","0","0","0","0","0","0","0","0","0","0","0","0","0"
"*06do1*","Zach Marsh","CRY","F","698","FA","CRY 1<br/>@LIV 1 F","0","0","0%","0%","0","0","0","0","0","0","0","0","0","0","0","0","0","0","0","0","0","0","0","0","0","0","0","0","0","0","0","0","0"
"*06prv*","Jamaldeen Jimoh","AVL","M","662","FA","AVL 0<br/>@MUN 2 F","0","0","0%","0%","0","0","0","0","0","0","0","0","0","0","0","0","0","0","0","0","0","0","0","0","0","0","0","0","0","0","0","0","0"
"*05rjn*","Jesurun Rak-Sakyi","CRY","M","767","FA","CRY 1<br/>@LIV 1 F","0","0","0%","0%","0","0","0","0","0","0","0","0","0","0","0","0","0","0","0","0","0","0","0","0","0","0","0","0","0","0","0","0","0"
"*05x9k*","Jeremy Sarmiento","BHA","F","786","FA","BHA 4<br/>@TOT 1 F","0","0","0%","0%","1","0","7","0","0","0","0","0","0","0","0","0","0","0","0","0","0","0","0","0","0","0","0","0","0","0","0","0","7"
"*06r5d*","Min-Hyeok Yang","TOT","F","825","FA","BHA 4<br/>@TOT 1 F","0","0","0%","0%","0","0","0","0","0","0","0","0","0","0","0","0","0","0","0","0","0","0","0","0","0","0","0","0","0","0","0","0","0"
"*068ys*","Naouirou Ahamada","CRY","M","548","FA","CRY 1<br/>@LIV 1 F","0","0","0%","0%","0","0","0","0","0","0","0","0","0","0","0","0","0","0","0","0","0","0","0","0","0","0","0","0","0","0","0","0","0"
"*06r5m*","Aaron Anselmino","CHE","D","558","FA","CHE 1<br/>@NOT 0 F","0","0","0%","0%","0","0","0","0","0","0","0","0","0","0","0","0","0","0","0","0","0","0","0","0","0","0","0","0","0","0","0","0","0"
"*06r7l*","Bradley Burrowes","AVL","M","585","FA","AVL 0<br/>@MUN 2 F","0","0","0%","0%","0","0","0","0","0","0","0","0","0","0","0","0","0","0","0","0","0","0","0","0","0","0","0","0","0","0","0","0","0"
"*06qvv*","Malachi Hardy","TOT","D","640","FA","BHA 4<br/>@TOT 1 F","0","0","0%","0%","0","0","0","0","0","0","0","0","0","0","0","0","0","0","0","0","0","0","0","0","0","0","0","0","0","0","0","0","0"
"*06mnb*","Samuel Iling-Junior","AVL","F","660","FA","AVL 0<br/>@MUN 2 F","0","0","0%","0%","0","0","0","0","0","0","0","0","0","0","0","0","0","0","0","0","0","0","0","0","0","0","0","0","0","0","0","0","0"
"*06pez*","Mohamadou Kante","WHU","M","668","FA","WHU 3<br/>@IPS 1 F","0","0","0%","0%","0","0","0","0","0","0","0","0","0","0","0","0","0","0","0","0","0","0","0","0","0","0","0","0","0","0","0","0","0"
"*06ewy*","Alex Murphy","NEW","D","726","FA","EVE 1<br/>@NEW 0 F","0","0","0%","0%","0","0","0","0","0","0","0","0","0","0","0","0","0","0","0","0","0","0","0","0","0","0","0","0","0","0","0","0","0"
"*06rrr*","Hindolo Mustapha","CRY","M","728","FA","CRY 1<br/>@LIV 1 F","0","0","0%","0%","0","0","0","0","0","0","0","0","0","0","0","0","0","0","0","0","0","0","0","0","0","0","0","0","0","0","0","0","0"
"*05oji*","Rhys Williams","LIV","D","817","FA","CRY 1<br/>@LIV 1 F","0","0","0%","0%","0","0","0","0","0","0","0","0","0","0","0","0","0","0","0","0","0","0","0","0","0","0","0","0","0","0","0","0","0"
"*05wwd*","Joshua Wilson-Esbrand","MCI","D","821","FA","MCI 2<br/>@FUL 0 F","0","0","0%","0%","0","0","0","0","0","0","0","0","0","0","0","0","0","0","0","0","0","0","0","0","0","0","0","0","0","0","0","0","0"
"*06msb*","Malick Yalcouye","BHA","M","824","FA","BHA 4<br/>@TOT 1 F","0","0","0%","0%","0","0","0","0","0","0","0","0","0","0","0","0","0","0","0","0","0","0","0","0","0","0","0","0","0","0","0","0","0"
"*06q2g*","Dante Cassanova","TOT","D","592","FA","BHA 4<br/>@TOT 1 F","0","0","0%","0%","0","0","0","0","0","0","0","0","0","0","0","0","0","0","0","0","0","0","0","0","0","0","0","0","0","0","0","0","0"
"*06ib6*","Tawanda Chirewa","WOL","M","595","FA","BRF 1<br/>@WOL 1 F","0","0","0%","0%","0","0","0","0","0","0","0","0","0","0","0","0","0","0","0","0","0","0","0","0","0","0","0","0","0","0","0","0","0"
"*062cl*","Issa Kabore","MCI","D","664","FA","MCI 2<br/>@FUL 0 F","0","0","0%","0%","0","0","0","0","0","0","0","0","0","0","0","0","0","0","0","0","0","0","0","0","0","0","0","0","0","0","0","0","0"
"*06roh*","Sekou Kone","MUN","M","679","FA","AVL 0<br/>@MUN 2 F","0","0","0%","0%","0","0","0","0","0","0","0","0","0","0","0","0","0","0","0","0","0","0","0","0","0","0","0","0","0","0","0","0","0"
"*06tf6*","Bendito Mantato","MUN","M","695","FA","AVL 0<br/>@MUN 2 F","0","0","0%","0%","0","0","0","0","0","0","0","0","0","0","0","0","0","0","0","0","0","0","0","0","0","0","0","0","0","0","0","0","0"
"*06mgk*","Jayden Meghoma","SOU/BRF","D","708","FA","BRF 1<br/>@WOL 1 F","0","0","0%","0%","1","0","3","0","0","0","0","0","0","0","0","0","0","0","0","0","0","0","0","0","0","0","0","0","0","0","0","0","0"
"*06qq8*","Callum Olusesi","TOT","M","748","FA","BHA 4<br/>@TOT 1 F","0","0","0%","0%","0","0","0","0","0","0","0","0","0","0","0","0","0","0","0","0","0","0","0","0","0","0","0","0","0","0","0","0","0"
"*061z5*","Calvin Ramsay","LIV","D","769","FA","CRY 1<br/>@LIV 1 F","0","0","0%","0%","0","0","0","0","0","0","0","0","0","0","0","0","0","0","0","0","0","0","0","0","0","0","0","0","0","0","0","0","0"
"*06r3w*","Remy Rees-Dottin","BOU","F","771","FA","LEI 0<br/>@BOU 2 F","0","0","0%","0%","1","0","1","0","0","0","0","0","0","0","0","0","0","0","0","0","0","0","0","0","0","0","0","0","0","0","0","0","0"
"*06rrq*","Reggie Walsh","CHE","M","812","FA","CHE 1<br/>@NOT 0 F","0","0","0%","0%","0","0","0","0","0","0","0","0","0","0","0","0","0","0","0","0","0","0","0","0","0","0","0","0","0","0","0","0","0"
"*06l4c*","Ethan Wheatley","MUN","F","814","FA","AVL 0<br/>@MUN 2 F","0","0","0%","0%","0","0","0","0","0","0","0","0","0","0","0","0","0","0","0","0","0","0","0","0","0","0","0","0","0","0","0","0","0"
"*067y2*","Daniel Adu-Addei","BOU","M","546","FA","LEI 0<br/>@BOU 2 F","0","0","0%","0%","0","0","0","0","0","0","0","0","0","0","0","0","0","0","0","0","0","0","0","0","0","0","0","0","0","0","0","0","0"
"*04u6i*","Leander Dendoncker","AVL","M","610","FA","AVL 0<br/>@MUN 2 F","0","0","0%","0%","0","0","0","0","0","0","0","0","0","0","0","0","0","0","0","0","0","0","0","0","0","0","0","0","0","0","0","0","0"
"*06shp*","Landon Emenalo","CHE","D","622","FA","CHE 1<br/>@NOT 0 F","0","0","0%","0%","0","0","0","0","0","0","0","0","0","0","0","0","0","0","0","0","0","0","0","0","0","0","0","0","0","0","0","0","0"
"*06fwo*","Enso Gonzalez","WOL","F","635","FA","BRF 1<br/>@WOL 1 F","0","0","0%","0%","0","0","0","0","0","0","0","0","0","0","0","0","0","0","0","0","0","0","0","0","0","0","0","0","0","0","0","0","0"
"*05uhl*","Kaide Gordon","LIV","F","636","FA","CRY 1<br/>@LIV 1 F","0","0","0%","0%","0","0","0","0","0","0","0","0","0","0","0","0","0","0","0","0","0","0","0","0","0","0","0","0","0","0","0","0","0"
"*06492*","Sasa Kalajdzic","WOL","F","666","FA","BRF 1<br/>@WOL 1 F","0","0","0%","0%","0","0","0","0","0","0","0","0","0","0","0","0","0","0","0","0","0","0","0","0","0","0","0","0","0","0","0","0","0"
"*06mgn*","Rio Kyerematen","TOT","M","683","FA","BHA 4<br/>@TOT 1 F","0","0","0%","0%","0","0","0","0","0","0","0","0","0","0","0","0","0","0","0","0","0","0","0","0","0","0","0","0","0","0","0","0","0"
"*03pig*","Jamaal Lascelles","NEW","D","687","FA","EVE 1<br/>@NEW 0 F","0","0","0%","0%","0","0","0","0","0","0","0","0","0","0","0","0","0","0","0","0","0","0","0","0","0","0","0","0","0","0","0","0","0"
"*06qwj*","Ezra Mayers","WHU","D","701","FA","WHU 3<br/>@IPS 1 F","0","0","0%","0%","0","0","0","0","0","0","0","0","0","0","0","0","0","0","0","0","0","0","0","0","0","0","0","0","0","0","0","0","0"
"*06rnn*","Sean Neave","NEW","F","731","FA","EVE 1<br/>@NEW 0 F","0","0","0%","0%","0","0","0","0","0","0","0","0","0","0","0","0","0","0","0","0","0","0","0","0","0","0","0","0","0","0","0","0","0"
"*06nk3*","Josh Nichols","ARS","D","735","FA","ARS 2<br/>@SOU 1 F","0","0","0%","0%","0","0","0","0","0","0","0","0","0","0","0","0","0","0","0","0","0","0","0","0","0","0","0","0","0","0","0","0","0"
"*05r93*","Tyler Onyango","EVE","M","750","FA","EVE 1<br/>@NEW 0 F","0","0","0%","0%","0","0","0","0","0","0","0","0","0","0","0","0","0","0","0","0","0","0","0","0","0","0","0","0","0","0","0","0","0"
"*062op*","Omar Richards","NOT","D","772","FA","CHE 1<br/>@NOT 0 F","0","0","0%","0%","0","0","0","0","0","0","0","0","0","0","0","0","0","0","0","0","0","0","0","0","0","0","0","0","0","0","0","0","0"
"*062oi*","Kaden Rodney","CRY","M","775","FA","CRY 1<br/>@LIV 1 F","0","0","0%","0%","0","0","0","0","0","0","0","0","0","0","0","0","0","0","0","0","0","0","0","0","0","0","0","0","0","0","0","0","0"
"*066se*","Charles Sagoe Junior","ARS","F","782","FA","ARS 2<br/>@SOU 1 F","0","0","0%","0%","0","0","0","0","0","0","0","0","0","0","0","0","0","0","0","0","0","0","0","0","0","0","0","0","0","0","0","0","0"
"*06rwp*","Charlie Tasker","BHA","D","801","FA","BHA 4<br/>@TOT 1 F","0","0","0%","0%","0","0","0","0","0","0","0","0","0","0","0","0","0","0","0","0","0","0","0","0","0","0","0","0","0","0","0","0","0"
"*06kwh*","Benjamin Arthur","BRF","D","561","FA","BRF 1<br/>@WOL 1 F","0","0","0%","0%","0","0","0","0","0","0","0","0","0","0","0","0","0","0","0","0","0","0","0","0","0","0","0","0","0","0","0","0","0"
"*06cm7*","Josh Bowler","NOT","M","580","FA","CHE 1<br/>@NOT 0 F","0","0","0%","0%","0","0","0","0","0","0","0","0","0","0","0","0","0","0","0","0","0","0","0","0","0","0","0","0","0","0","0","0","0"
"*05re5*","Carney Chukwuemeka","CHE","M","597","FA","CHE 1<br/>@NOT 0 F","0","0","0%","0%","0","0","0","0","0","0","0","0","0","0","0","0","0","0","0","0","0","0","0","0","0","0","0","0","0","0","0","0","0"
"*048xg*","Josh Dasilva","BRF","M","607","FA","BRF 1<br/>@WOL 1 F","0","0","0%","0%","0","0","0","0","0","0","0","0","0","0","0","0","0","0","0","0","0","0","0","0","0","0","0","0","0","0","0","0","0"
"*05tz8*","Emmanuel Dennis","NOT","F","611","FA","CHE 1<br/>@NOT 0 F","0","0","0%","0%","0","0","0","0","0","0","0","0","0","0","0","0","0","0","0","0","0","0","0","0","0","0","0","0","0","0","0","0","0"
"*05nio*","Alfie Devine","TOT","M","613","FA","BHA 4<br/>@TOT 1 F","0","0","0%","0%","0","0","0","0","0","0","0","0","0","0","0","0","0","0","0","0","0","0","0","0","0","0","0","0","0","0","0","0","0"
"*05uog*","Lewis Dobbin","AVL","F","615","FA","AVL 0<br/>@MUN 2 F","0","0","0%","0%","0","0","0","0","0","0","0","0","0","0","0","0","0","0","0","0","0","0","0","0","0","0","0","0","0","0","0","0","0"
"*062ck*","Malcolm Ebiowei","CRY","F","619","FA","CRY 1<br/>@LIV 1 F","0","0","0%","0%","0","0","0","0","0","0","0","0","0","0","0","0","0","0","0","0","0","0","0","0","0","0","0","0","0","0","0","0","0"
"*06pms*","Ismeal Kabia","ARS","F","663","FA","ARS 2<br/>@SOU 1 F","0","0","0%","0%","0","0","0","0","0","0","0","0","0","0","0","0","0","0","0","0","0","0","0","0","0","0","0","0","0","0","0","0","0"
"*06do3*","James McConnell","LIV","M","703","FA","CRY 1<br/>@LIV 1 F","0","0","0%","0%","0","0","0","0","0","0","0","0","0","0","0","0","0","0","0","0","0","0","0","0","0","0","0","0","0","0","0","0","0"
"*06roi*","Jack Moorhouse","MUN","M","718","FA","AVL 0<br/>@MUN 2 F","0","0","0%","0%","0","0","0","0","0","0","0","0","0","0","0","0","0","0","0","0","0","0","0","0","0","0","0","0","0","0","0","0","0"
"*05vyh*","Andy Moran","BHA","M","719","FA","BHA 4<br/>@TOT 1 F","0","0","0%","0%","0","0","0","0","0","0","0","0","0","0","0","0","0","0","0","0","0","0","0","0","0","0","0","0","0","0","0","0","0"
"*05nuf*","Myles Peart-Harris","BRF","M","754","FA","BRF 1<br/>@WOL 1 F","0","0","0%","0%","0","0","0","0","0","0","0","0","0","0","0","0","0","0","0","0","0","0","0","0","0","0","0","0","0","0","0","0","0"
"*06prt*","Triston Rowe","AVL","D","778","FA","AVL 0<br/>@MUN 2 F","0","0","0%","0%","0","0","0","0","0","0","0","0","0","0","0","0","0","0","0","0","0","0","0","0","0","0","0","0","0","0","0","0","0"
"*0643v*","Dominic Sadi","BOU","M","781","FA","LEI 0<br/>@BOU 2 F","0","0","0%","0%","0","0","0","0","0","0","0","0","0","0","0","0","0","0","0","0","0","0","0","0","0","0","0","0","0","0","0","0","0"
"*062cj*","Abdallah Sima","BHA","F","791","FA","BHA 4<br/>@TOT 1 F","0","0","0%","0%","0","0","0","0","0","0","0","0","0","0","0","0","0","0","0","0","0","0","0","0","0","0","0","0","0","0","0","0","0"
"*06r5r*","Matai Akinmboni","BOU","D","551","FA","LEI 0<br/>@BOU 2 F","0","0","0%","0%","0","0","0","0","0","0","0","0","0","0","0","0","0","0","0","0","0","0","0","0","0","0","0","0","0","0","0","0","0"
"*06pru*","Aidan Borland","AVL","M","578","FA","AVL 0<br/>@MUN 2 F","0","0","0%","0%","0","0","0","0","0","0","0","0","0","0","0","0","0","0","0","0","0","0","0","0","0","0","0","0","0","0","0","0","0"
"*06pry*","Kaden Braithwaite","MCI","D","582","FA","MCI 2<br/>@FUL 0 F","0","0","0%","0%","0","0","0","0","0","0","0","0","0","0","0","0","0","0","0","0","0","0","0","0","0","0","0","0","0","0","0","0","0"
"*067z4*","David Datro Fofana","CHE","F","628","FA","CHE 1<br/>@NOT 0 F","0","0","0%","0%","0","0","0","0","0","0","0","0","0","0","0","0","0","0","0","0","0","0","0","0","0","0","0","0","0","0","0","0","0"
"*035mq*","Isaac Hayden","NEW","M","644","FA","EVE 1<br/>@NEW 0 F","0","0","0%","0%","0","0","0","0","0","0","0","0","0","0","0","0","0","0","0","0","0","0","0","0","0","0","0","0","0","0","0","0","0"
"*044nm*","Rob Holding","CRY","D","653","FA","CRY 1<br/>@LIV 1 F","0","0","0%","0%","0","0","0","0","0","0","0","0","0","0","0","0","0","0","0","0","0","0","0","0","0","0","0","0","0","0","0","0","0"
"*06rkx*","Joe Knight","BHA","M","676","FA","BHA 4<br/>@TOT 1 F","0","0","0%","0%","0","0","0","0","0","0","0","0","0","0","0","0","0","0","0","0","0","0","0","0","0","0","0","0","0","0","0","0","0"
"*06qx6*","Godwill Kukonki","MUN","D","681","FA","AVL 0<br/>@MUN 2 F","0","0","0%","0%","0","0","0","0","0","0","0","0","0","0","0","0","0","0","0","0","0","0","0","0","0","0","0","0","0","0","0","0","0"
"*04ylt*","Chris Mepham","BOU","D","710","FA","LEI 0<br/>@BOU 2 F","0","0","0%","0%","0","0","0","0","0","0","0","0","0","0","0","0","0","0","0","0","0","0","0","0","0","0","0","0","0","0","0","0","0"
"*06rkq*","Kieran Morrison","LIV","M","721","FA","CRY 1<br/>@LIV 1 F","0","0","0%","0%","0","0","0","0","0","0","0","0","0","0","0","0","0","0","0","0","0","0","0","0","0","0","0","0","0","0","0","0","0"
"*05uhk*","Tyler Morton","LIV","M","722","FA","CRY 1<br/>@LIV 1 F","0","0","0%","0%","0","0","0","0","0","0","0","0","0","0","0","0","0","0","0","0","0","0","0","0","0","0","0","0","0","0","0","0","0"
"*06on6*","Anthony Munda","NEW","M","724","FA","EVE 1<br/>@NEW 0 F","0","0","0%","0%","0","0","0","0","0","0","0","0","0","0","0","0","0","0","0","0","0","0","0","0","0","0","0","0","0","0","0","0","0"
"*06kud*","Amara Nallo","LIV","M","729","FA","CRY 1<br/>@LIV 1 F","0","0","0%","0%","0","0","0","0","0","0","0","0","0","0","0","0","0","0","0","0","0","0","0","0","0","0","0","0","0","0","0","0","0"
"*06awp*","Travis Patterson","AVL","M","753","FA","AVL 0<br/>@MUN 2 F","0","0","0%","0%","0","0","0","0","0","0","0","0","0","0","0","0","0","0","0","0","0","0","0","0","0","0","0","0","0","0","0","0","0"
"*06fwj*","Alfie Pond","WOL","D","763","FA","BRF 1<br/>@WOL 1 F","0","0","0%","0%","1","0","1","0","0","0","0","0","0","0","0","0","0","0","0","0","0","0","0","0","0","0","0","0","0","0","0","0","0"
"*06on5*","Leo Shahar","NEW","D","789","FA","EVE 1<br/>@NEW 0 F","0","0","0%","0%","0","0","0","0","0","0","0","0","0","0","0","0","0","0","0","0","0","0","0","0","0","0","0","0","0","0","0","0","0"
"*06po8*","Martin Sherif","EVE","F","790","FA","EVE 1<br/>@NEW 0 F","0","0","0%","0%","0","0","0","0","0","0","0","0","0","0","0","0","0","0","0","0","0","0","0","0","0","0","0","0","0","0","0","0","0"
"*06kk4*","Franco Umeh-Chibueze","CRY","F","808","FA","CRY 1<br/>@LIV 1 F","0","0","0%","0%","0","0","0","0","0","0","0","0","0","0","0","0","0","0","0","0","0","0","0","0","0","0","0","0","0","0","0","0","0"
"*05wqy*","Joe White","NEW","M","815","FA","EVE 1<br/>@NEW 0 F","0","0","0%","0%","0","0","0","0","0","0","0","0","0","0","0","0","0","0","0","0","0","0","0","0","0","0","0","0","0","0","0","0","0"
"*066tb*","Kadan Young","AVL","F","827","FA","AVL 0<br/>@MUN 2 F","0","0","0%","0%","0","0","0","0","0","0","0","0","0","0","0","0","0","0","0","0","0","0","0","0","0","0","0","0","0","0","0","0","0"
"*06ewp*","Samuel Amissah","FUL","D","555","FA","MCI 2<br/>@FUL 0 F","0","0","0%","0%","0","0","0","0","0","0","0","0","0","0","0","0","0","0","0","0","0","0","0","0","0","0","0","0","0","0","0","0","0"
"*06prw*","Ben Broggio","AVL","M","584","FA","AVL 0<br/>@MUN 2 F","0","0","0%","0%","0","0","0","0","0","0","0","0","0","0","0","0","0","0","0","0","0","0","0","0","0","0","0","0","0","0","0","0","0"
"*0689t*","Michael Dacosta Gonzalez","BOU","F","605","FA","LEI 0<br/>@BOU 2 F","0","0","0%","0%","0","0","0","0","0","0","0","0","0","0","0","0","0","0","0","0","0","0","0","0","0","0","0","0","0","0","0","0","0"
"*06rnm*","Isaac Heath","EVE","F","646","FA","EVE 1<br/>@NEW 0 F","0","0","0%","0%","0","0","0","0","0","0","0","0","0","0","0","0","0","0","0","0","0","0","0","0","0","0","0","0","0","0","0","0","0"
"*06rkr*","Trent Kone-Doherty","LIV","F","678","FA","CRY 1<br/>@LIV 1 F","0","0","0%","0%","0","0","0","0","0","0","0","0","0","0","0","0","0","0","0","0","0","0","0","0","0","0","0","0","0","0","0","0","0"
"*06nve*","Luke Rawlings","WOL","M","770","FA","BRF 1<br/>@WOL 1 F","0","0","0%","0%","0","0","0","0","0","0","0","0","0","0","0","0","0","0","0","0","0","0","0","0","0","0","0","0","0","0","0","0","0"
"*06nyy*","Junior Robinson","WHU","D","774","FA","WHU 3<br/>@IPS 1 F","0","0","0%","0%","0","0","0","0","0","0","0","0","0","0","0","0","0","0","0","0","0","0","0","0","0","0","0","0","0","0","0","0","0"
"*06s7r*","Freddie Simmonds","BHA","D","792","FA","BHA 4<br/>@TOT 1 F","0","0","0%","0%","0","0","0","0","0","0","0","0","0","0","0","0","0","0","0","0","0","0","0","0","0","0","0","0","0","0","0","0","0"
"*06q2h*","Damola Ajayi","TOT","F","549","FA","BHA 4<br/>@TOT 1 F","0","0","0%","0%","0","0","0","0","0","0","0","0","0","0","0","0","0","0","0","0","0","0","0","0","0","0","0","0","0","0","0","0","0"
"*06qlh*","Farid Alfa-Ruprecht","MCI","F","552","FA","MCI 2<br/>@FUL 0 F","0","0","0%","0%","0","0","0","0","0","0","0","0","0","0","0","0","0","0","0","0","0","0","0","0","0","0","0","0","0","0","0","0","0"
"*05ye6*","Will Alves","LEI","M","554","FA","LEI 0<br/>@BOU 2 F","0","0","0%","0%","1","0","1","0","0","0","0","0","0","0","0","0","0","0","0","0","0","0","0","0","0","0","0","0","0","0","0","0","0"
"*06qzj*","Ato Ampah","CHE","M","556","FA","CHE 1<br/>@NOT 0 F","0","0","0%","0%","0","0","0","0","0","0","0","0","0","0","0","0","0","0","0","0","0","0","0","0","0","0","0","0","0","0","0","0","0"
"*059j0*","Faustino Anjorin","CHE","M","557","FA","CHE 1<br/>@NOT 0 F","0","0","0%","0%","0","0","0","0","0","0","0","0","0","0","0","0","0","0","0","0","0","0","0","0","0","0","0","0","0","0","0","0","0"
"*06rrg*","Genesis Antwi","CHE","D","560","FA","CHE 1<br/>@NOT 0 F","0","0","0%","0%","0","0","0","0","0","0","0","0","0","0","0","0","0","0","0","0","0","0","0","0","0","0","0","0","0","0","0","0","0"
"*06j20*","Valentin Barco","BHA","D","566","FA","BHA 4<br/>@TOT 1 F","0","0","0%","0%","0","0","0","0","0","0","0","0","0","0","0","0","0","0","0","0","0","0","0","0","0","0","0","0","0","0","0","0","0"
"*06mna*","Enzo Barrenechea","AVL","M","568","FA","AVL 0<br/>@MUN 2 F","0","0","0%","0%","0","0","0","0","0","0","0","0","0","0","0","0","0","0","0","0","0","0","0","0","0","0","0","0","0","0","0","0","0"
"*06qqm*","Callum Bates","EVE","M","569","FA","EVE 1<br/>@NEW 0 F","0","0","0%","0%","0","0","0","0","0","0","0","0","0","0","0","0","0","0","0","0","0","0","0","0","0","0","0","0","0","0","0","0","0"
"*06dmk*","Angelo","CHE","F","577","FA","CHE 1<br/>@NOT 0 F","0","0","0%","0%","0","0","0","0","0","0","0","0","0","0","0","0","0","0","0","0","0","0","0","0","0","0","0","0","0","0","0","0","0"
"*05a6j*","Chem Campbell","WOL","M","588","FA","BRF 1<br/>@WOL 1 F","0","0","0%","0%","0","0","0","0","0","0","0","0","0","0","0","0","0","0","0","0","0","0","0","0","0","0","0","0","0","0","0","0","0"
"*0641g*","Cesare Casadei","CHE","M","591","FA","CHE 1<br/>@NOT 0 F","0","0","0%","0%","0","0","0","0","0","0","0","0","0","0","0","0","0","0","0","0","0","0","0","0","0","0","0","0","0","0","0","0","0"
"*0570n*","Joao Cancelo","MCI","D","593","FA","MCI 2<br/>@FUL 0 F","0","0","0%","0%","0","0","0","0","0","0","0","0","0","0","0","0","0","0","0","0","0","0","0","0","0","0","0","0","0","0","0","0","0"
"*05uhq*","Shea Charles","SOU","M","594","FA","ARS 2<br/>@SOU 1 F","0","0","0%","0%","0","0","0","0","0","0","0","0","0","0","0","0","0","0","0","0","0","0","0","0","0","0","0","0","0","0","0","0","0"
"*06kwf*","Leon Chiwome","WOL","F","596","FA","BRF 1<br/>@WOL 1 F","0","0","0%","0%","0","0","0","0","0","0","0","0","0","0","0","0","0","0","0","0","0","0","0","0","0","0","0","0","0","0","0","0","0"
"*062om*","Brandon Cover","LEI","M","599","FA","LEI 0<br/>@BOU 2 F","0","0","0%","0%","0","0","0","0","0","0","0","0","0","0","0","0","0","0","0","0","0","0","0","0","0","0","0","0","0","0","0","0","0"
"*064oo*","Amario Cozier-Duberry","BHA","M","601","FA","BHA 4<br/>@TOT 1 F","0","0","0%","0%","0","0","0","0","0","0","0","0","0","0","0","0","0","0","0","0","0","0","0","0","0","0","0","0","0","0","0","0","0"
"*052k1*","Luke Cundle","WOL","M","603","FA","BRF 1<br/>@WOL 1 F","0","0","0%","0%","0","0","0","0","0","0","0","0","0","0","0","0","0","0","0","0","0","0","0","0","0","0","0","0","0","0","0","0","0"
"*06clv*","Mahmoud Dahoud","BHA","M","606","FA","BHA 4<br/>@TOT 1 F","0","0","0%","0%","0","0","0","0","0","0","0","0","0","0","0","0","0","0","0","0","0","0","0","0","0","0","0","0","0","0","0","0","0"
"*06ewn*","Luc De Fougerolles","FUL","D","609","FA","MCI 2<br/>@FUL 0 F","0","0","0%","0%","0","0","0","0","0","0","0","0","0","0","0","0","0","0","0","0","0","0","0","0","0","0","0","0","0","0","0","0","0"
"*06l4j*","Kiano Dyer","CHE","M","617","FA","CHE 1<br/>@NOT 0 F","0","0","0%","0%","0","0","0","0","0","0","0","0","0","0","0","0","0","0","0","0","0","0","0","0","0","0","0","0","0","0","0","0","0"
"*06mfx*","George Edmundson","IPS","D","620","FA","WHU 3<br/>@IPS 1 F","0","0","0%","0%","1","0","1","0","0","0","0","0","0","0","0","0","0","0","0","0","0","0","0","0","0","0","0","0","0","0","0","0","0"
"*06qli*","Jayce Fitzgerald","MUN","M","625","FA","AVL 0<br/>@MUN 2 F","0","0","0%","0%","0","0","0","0","0","0","0","0","0","0","0","0","0","0","0","0","0","0","0","0","0","0","0","0","0","0","0","0","0"
"*066j7*","Nathan Fraser","WOL","F","630","FA","BRF 1<br/>@WOL 1 F","0","0","0%","0%","0","0","0","0","0","0","0","0","0","0","0","0","0","0","0","0","0","0","0","0","0","0","0","0","0","0","0","0","0"
"*066rn*","Daniel Gore","MUN","M","637","FA","AVL 0<br/>@MUN 2 F","0","0","0%","0%","0","0","0","0","0","0","0","0","0","0","0","0","0","0","0","0","0","0","0","0","0","0","0","0","0","0","0","0","0"
"*06nk5*","Jimi Gower","ARS","M","638","FA","ARS 2<br/>@SOU 1 F","0","0","0%","0%","0","0","0","0","0","0","0","0","0","0","0","0","0","0","0","0","0","0","0","0","0","0","0","0","0","0","0","0","0"
"*04qr4*","Kortney Hause","AVL","D","643","FA","AVL 0<br/>@MUN 2 F","0","0","0%","0%","0","0","0","0","0","0","0","0","0","0","0","0","0","0","0","0","0","0","0","0","0","0","0","0","0","0","0","0","0"
"*03v6s*","Mason Holgate","EVE","D","654","FA","EVE 1<br/>@NEW 0 F","0","0","0%","0%","1","0","4","0","0","0","0","0","0","0","0","0","0","0","0","0","0","0","0","0","0","0","0","0","0","0","0","1","0"
"*06pmr*","Maldini Kacurri","ARS","D","665","FA","ARS 2<br/>@SOU 1 F","0","0","0%","0%","0","0","0","0","0","0","0","0","0","0","0","0","0","0","0","0","0","0","0","0","0","0","0","0","0","0","0","0","0"
"*06s7v*","Jaydan Kamason","MUN","D","667","FA","AVL 0<br/>@MUN 2 F","0","0","0%","0%","0","0","0","0","0","0","0","0","0","0","0","0","0","0","0","0","0","0","0","0","0","0","0","0","0","0","0","0","0"
"*06pwo*","Thierry Katsukunya","AVL","D","669","FA","AVL 0<br/>@MUN 2 F","0","0","0%","0%","0","0","0","0","0","0","0","0","0","0","0","0","0","0","0","0","0","0","0","0","0","0","0","0","0","0","0","0","0"
"*06nyz*","Patrick Kelly","WHU","M","670","FA","WHU 3<br/>@IPS 1 F","0","0","0%","0%","0","0","0","0","0","0","0","0","0","0","0","0","0","0","0","0","0","0","0","0","0","0","0","0","0","0","0","0","0"
"*06nz0*","Gideon Kodua","WHU","F","677","FA","WHU 3<br/>@IPS 1 F","0","0","0%","0%","0","0","0","0","0","0","0","0","0","0","0","0","0","0","0","0","0","0","0","0","0","0","0","0","0","0","0","0","0"
"*067yw*","Garang Kuol","NEW","F","682","FA","EVE 1<br/>@NEW 0 F","0","0","0%","0%","0","0","0","0","0","0","0","0","0","0","0","0","0","0","0","0","0","0","0","0","0","0","0","0","0","0","0","0","0"
"*064a2*","Juan Larios","SOU","D","686","FA","ARS 2<br/>@SOU 1 F","0","0","0%","0%","0","0","0","0","0","0","0","0","0","0","0","0","0","0","0","0","0","0","0","0","0","0","0","0","0","0","0","0","0"
"*051kd*","Jamal Lewis","NEW","D","690","FA","EVE 1<br/>@NEW 0 F","0","0","0%","0%","0","0","0","0","0","0","0","0","0","0","0","0","0","0","0","0","0","0","0","0","0","0","0","0","0","0","0","0","0"
"*0574a*","Giovani Lo Celso","TOT","M","692","FA","BHA 4<br/>@TOT 1 F","0","0","0%","0%","0","0","0","0","0","0","0","0","0","0","0","0","0","0","0","0","0","0","0","0","0","0","0","0","0","0","0","0","0"
"*02m7x*","Romelu Lukaku","CHE","F","693","FA","CHE 1<br/>@NOT 0 F","0","0","0%","0%","0","0","0","0","0","0","0","0","0","0","0","0","0","0","0","0","0","0","0","0","0","0","0","0","0","0","0","0","0"
"*05yf0*","Isaac Mabaya","LIV","M","694","FA","CRY 1<br/>@LIV 1 F","0","0","0%","0%","0","0","0","0","0","0","0","0","0","0","0","0","0","0","0","0","0","0","0","0","0","0","0","0","0","0","0","0","0"
"*0632a*","Sekou Mara","SOU","F","696","FA","ARS 2<br/>@SOU 1 F","0","0","0%","0%","0","0","0","0","0","0","0","0","0","0","0","0","0","0","0","0","0","0","0","0","0","0","0","0","0","0","0","0","0"
"*056mf*","Neal Maupay","EVE","F","700","FA","EVE 1<br/>@NEW 0 F","0","0","0%","0%","0","0","0","0","0","0","0","0","0","0","0","0","0","0","0","0","0","0","0","0","0","0","0","0","0","0","0","0","0"
"*03pih*","Kevin Mbabu","FUL","D","702","FA","MCI 2<br/>@FUL 0 F","0","0","0%","0%","0","0","0","0","0","0","0","0","0","0","0","0","0","0","0","0","0","0","0","0","0","0","0","0","0","0","0","0","0"
"*06qvo*","Ruairi McConville","BHA","D","704","FA","BHA 4<br/>@TOT 1 F","0","0","0%","0%","0","0","0","0","0","0","0","0","0","0","0","0","0","0","0","0","0","0","0","0","0","0","0","0","0","0","0","0","0"
"*06idw*","Jenson Metcalfe","EVE","M","712","FA","EVE 1<br/>@NEW 0 F","0","0","0%","0%","0","0","0","0","0","0","0","0","0","0","0","0","0","0","0","0","0","0","0","0","0","0","0","0","0","0","0","0","0"
"*06phx*","Bastien Meupiyou","WOL","D","713","FA","BRF 1<br/>@WOL 1 F","0","0","0%","0%","0","0","0","0","0","0","0","0","0","0","0","0","0","0","0","0","0","0","0","0","0","0","0","0","0","0","0","0","0"
"*06kuc*","Harrison Murray-Campbell","CHE","D","727","FA","CHE 1<br/>@NOT 0 F","0","0","0%","0%","0","0","0","0","0","0","0","0","0","0","0","0","0","0","0","0","0","0","0","0","0","0","0","0","0","0","0","0","0"
"*06nby*","Joel Ndala","MCI/NOT","F","730","FA","CHE 1<br/>@NOT 0 F","0","0","0%","0%","0","0","0","0","0","0","0","0","0","0","0","0","0","0","0","0","0","0","0","0","0","0","0","0","0","0","0","0","0"
"*04mlb*","Lewis O'Brien","NOT","M","739","FA","CHE 1<br/>@NOT 0 F","0","0","0%","0%","0","0","0","0","0","0","0","0","0","0","0","0","0","0","0","0","0","0","0","0","0","0","0","0","0","0","0","0","0"
"*06hzf*","Mark O'Mahony","BHA","F","741","FA","BHA 4<br/>@TOT 1 F","0","0","0%","0%","0","0","0","0","0","0","0","0","0","0","0","0","0","0","0","0","0","0","0","0","0","0","0","0","0","0","0","0","0"
"*05vyg*","Odeluga Offiah","BHA","D","742","FA","BHA 4<br/>@TOT 1 F","0","0","0%","0%","0","0","0","0","0","0","0","0","0","0","0","0","0","0","0","0","0","0","0","0","0","0","0","0","0","0","0","0","0"
"*06kue*","Habeeb Ogunneye","MUN","D","743","FA","AVL 0<br/>@MUN 2 F","0","0","0%","0%","0","0","0","0","0","0","0","0","0","0","0","0","0","0","0","0","0","0","0","0","0","0","0","0","0","0","0","0","0"
"*06kum*","Wesley Okoduwa","WOL","D","744","FA","BRF 1<br/>@WOL 1 F","0","0","0%","0%","0","0","0","0","0","0","0","0","0","0","0","0","0","0","0","0","0","0","0","0","0","0","0","0","0","0","0","0","0"
"*06avl*","Michael Olakigbe","BRF","M","745","FA","BRF 1<br/>@WOL 1 F","0","0","0%","0%","0","0","0","0","0","0","0","0","0","0","0","0","0","0","0","0","0","0","0","0","0","0","0","0","0","0","0","0","0"
"*06qzh*","Richard Olise","CHE","D","746","FA","CHE 1<br/>@NOT 0 F","0","0","0%","0%","0","0","0","0","0","0","0","0","0","0","0","0","0","0","0","0","0","0","0","0","0","0","0","0","0","0","0","0","0"
"*061xr*","Marquinhos","ARS","F","747","FA","ARS 2<br/>@SOU 1 F","0","0","0%","0%","0","0","0","0","0","0","0","0","0","0","0","0","0","0","0","0","0","0","0","0","0","0","0","0","0","0","0","0","0"
"*05trt*","Andrew Omobamidele","NOT","D","749","FA","CHE 1<br/>@NOT 0 F","0","0","0%","0%","0","0","0","0","0","0","0","0","0","0","0","0","0","0","0","0","0","0","0","0","0","0","0","0","0","0","0","0","0"
"*05ou8*","Facundo Pellistri","MUN","M","755","FA","AVL 0<br/>@MUN 2 F","0","0","0%","0%","0","0","0","0","0","0","0","0","0","0","0","0","0","0","0","0","0","0","0","0","0","0","0","0","0","0","0","0","0"
"*068sf*","Maximo Perrone","MCI","M","756","FA","MCI 2<br/>@FUL 0 F","0","0","0%","0%","0","0","0","0","0","0","0","0","0","0","0","0","0","0","0","0","0","0","0","0","0","0","0","0","0","0","0","0","0"
"*06451*","Cameron Peupion","BHA","M","759","FA","BHA 4<br/>@TOT 1 F","0","0","0%","0%","0","0","0","0","0","0","0","0","0","0","0","0","0","0","0","0","0","0","0","0","0","0","0","0","0","0","0","0","0"
"*06exk*","Ashley Phillips","TOT","D","760","FA","BHA 4<br/>@TOT 1 F","0","0","0%","0%","0","0","0","0","0","0","0","0","0","0","0","0","0","0","0","0","0","0","0","0","0","0","0","0","0","0","0","0","0"
"*04rxe*","Nathaniel Phillips","LIV","D","761","FA","CRY 1<br/>@LIV 1 F","0","0","0%","0%","0","0","0","0","0","0","0","0","0","0","0","0","0","0","0","0","0","0","0","0","0","0","0","0","0","0","0","0","0"
"*05ylz*","Luke Plange","CRY","F","762","FA","CRY 1<br/>@LIV 1 F","0","0","0%","0%","0","0","0","0","0","0","0","0","0","0","0","0","0","0","0","0","0","0","0","0","0","0","0","0","0","0","0","0","0"
"*06qgm*","Samuel Rak-Sakyi","CHE","M","768","FA","CHE 1<br/>@NOT 0 F","0","0","0%","0%","0","0","0","0","0","0","0","0","0","0","0","0","0","0","0","0","0","0","0","0","0","0","0","0","0","0","0","0","0"
"*066nh*","Ishe Samuels-Smith","CHE","D","784","FA","CHE 1<br/>@NOT 0 F","0","0","0%","0%","0","0","0","0","0","0","0","0","0","0","0","0","0","0","0","0","0","0","0","0","0","0","0","0","0","0","0","0","0"
"*06nv6*","Trevan Sanusi","NEW","F","785","FA","EVE 1<br/>@NEW 0 F","0","0","0%","0%","0","0","0","0","0","0","0","0","0","0","0","0","0","0","0","0","0","0","0","0","0","0","0","0","0","0","0","0","0"
"*06muk*","James Scanlon","MUN","M","787","FA","AVL 0<br/>@MUN 2 F","0","0","0%","0%","0","0","0","0","0","0","0","0","0","0","0","0","0","0","0","0","0","0","0","0","0","0","0","0","0","0","0","0","0"
"*04k4n*","Harry Souttar","LEI","D","797","FA","LEI 0<br/>@BOU 2 F","0","0","0%","0%","0","0","0","0","0","0","0","0","0","0","0","0","0","0","0","0","0","0","0","0","0","0","0","0","0","0","0","0","0"
"*061vo*","Jay Stansfield","FUL","F","798","FA","MCI 2<br/>@FUL 0 F","0","0","0%","0%","1","0","1","0","0","0","0","0","0","0","0","0","0","0","0","0","0","0","0","0","0","0","0","0","0","0","0","0","0"
"*05r3z*","Sil Swinkels","AVL","D","799","FA","AVL 0<br/>@MUN 2 F","0","0","0%","0%","0","0","0","0","0","0","0","0","0","0","0","0","0","0","0","0","0","0","0","0","0","0","0","0","0","0","0","0","0"
"*03v6w*","Ivan Toney","BRF","F","803","FA","BRF 1<br/>@WOL 1 F","0","0","0%","0%","0","0","0","0","0","0","0","0","0","0","0","0","0","0","0","0","0","0","0","0","0","0","0","0","0","0","0","0","0"
"*05nue*","Harvey Vale","CHE","M","809","FA","CHE 1<br/>@NOT 0 F","0","0","0%","0%","0","0","0","0","0","0","0","0","0","0","0","0","0","0","0","0","0","0","0","0","0","0","0","0","0","0","0","0","0"
"*06igx*","Jacob Wright","MCI","M","823","FA","MCI 2<br/>@FUL 0 F","0","0","0%","0%","0","0","0","0","0","0","0","0","0","0","0","0","0","0","0","0","0","0","0","0","0","0","0","0","0","0","0","0","0"
"*06mwv*","Tony Yogane","BRF","M","826","FA","BRF 1<br/>@WOL 1 F","0","0","0%","0%","0","0","0","0","0","0","0","0","0","0","0","0","0","0","0","0","0","0","0","0","0","0","0","0","0","0","0","0","0"
"*03arh*","Kurt Zouma","WHU","D","829","FA","WHU 3<br/>@IPS 1 F","0","0","0%","0%","0","0","0","0","0","0","0","0","0","0","0","0","0","0","0","0","0","0","0","0","0","0","0","0","0","0","0","0","0"
"*06fum*","Deivid Washington","CHE","F","832","FA","CHE 1<br/>@NOT 0 F","0","0","0%","0%","0","0","0","0","0","0","0","0","0","0","0","0","0","0","0","0","0","0","0","0","0","0","0","0","0","0","0","0","0"
"*06php*","Romeo Akachukwu","SOU","M","550","FA","ARS 2<br/>@SOU 1 F","0","0","-","-","0","0","0","0","0","0","0","0","0","0","0","0","0","0","0","0","0","0","0","0","0","0","0","0","0","0","0","0","0"
"*06mg5*","Leon Ayinde","IPS","M","563","FA","WHU 3<br/>@IPS 1 F","0","0","-","-","0","0","0","0","0","0","0","0","0","0","0","0","0","0","0","0","0","0","0","0","0","0","0","0","0","0","0","0","0"
"*06po7*","Owen Barker","EVE","M","567","FA","EVE 1<br/>@NEW 0 F","0","0","-","-","0","0","0","0","0","0","0","0","0","0","0","0","0","0","0","0","0","0","0","0","0","0","0","0","0","0","0","0","0"
"*06sj8*","Somto Boniface","IPS","D","576","FA","WHU 3<br/>@IPS 1 F","0","0","-","-","0","0","0","0","0","0","0","0","0","0","0","0","0","0","0","0","0","0","0","0","0","0","0","0","0","0","0","0","0"
"*06mgl*","Cameron Bragg","SOU","M","581","FA","ARS 2<br/>@SOU 1 F","0","0","-","-","0","0","0","0","0","0","0","0","0","0","0","0","0","0","0","0","0","0","0","0","0","0","0","0","0","0","0","0","0"
"*06po6*","Luke Butterfield","EVE","M","586","FA","EVE 1<br/>@NEW 0 F","0","0","-","-","0","0","0","0","0","0","0","0","0","0","0","0","0","0","0","0","0","0","0","0","0","0","0","0","0","0","0","0","0"
"*06qzv*","Henry Cartwright","LEI","M","590","FA","LEI 0<br/>@BOU 2 F","0","0","-","-","0","0","0","0","0","0","0","0","0","0","0","0","0","0","0","0","0","0","0","0","0","0","0","0","0","0","0","0","0"
"*06thf*","Brayden Clarke","ARS","D","598","FA","ARS 2<br/>@SOU 1 F","0","0","-","-","0","0","0","0","0","0","0","0","0","0","0","0","0","0","0","0","0","0","0","0","0","0","0","0","0","0","0","0","0"
"*03ala*","Janoi Donacien","IPS","D","616","FA","WHU 3<br/>@IPS 1 F","0","0","-","-","0","0","0","0","0","0","0","0","0","0","0","0","0","0","0","0","0","0","0","0","0","0","0","0","0","0","0","0","0"
"*06rof*","Coby Ebere","EVE","F","618","FA","EVE 1<br/>@NEW 0 F","0","0","-","-","0","0","0","0","0","0","0","0","0","0","0","0","0","0","0","0","0","0","0","0","0","0","0","0","0","0","0","0","0"
"*06onw*","Johnny Emerson","NEW","F","623","FA","EVE 1<br/>@NEW 0 F","0","0","-","-","0","0","0","0","0","0","0","0","0","0","0","0","0","0","0","0","0","0","0","0","0","0","0","0","0","0","0","0","0"
"*05ubw*","Jack Francis","ARS","M","629","FA","ARS 2<br/>@SOU 1 F","0","0","-","-","0","0","0","0","0","0","0","0","0","0","0","0","0","0","0","0","0","0","0","0","0","0","0","0","0","0","0","0","0"
"*06igq*","Benjamin Fredrick","BRF","D","631","FA","BRF 1<br/>@WOL 1 F","0","0","-","-","0","0","0","0","0","0","0","0","0","0","0","0","0","0","0","0","0","0","0","0","0","0","0","0","0","0","0","0","0"
"*06r3o*","Archie Harris","BOU","D","641","FA","LEI 0<br/>@BOU 2 F","0","0","-","-","0","0","0","0","0","0","0","0","0","0","0","0","0","0","0","0","0","0","0","0","0","0","0","0","0","0","0","0","0"
"*06nyv*","Chanse Headman","BRF","D","645","FA","BRF 1<br/>@WOL 1 F","0","0","-","-","0","0","0","0","0","0","0","0","0","0","0","0","0","0","0","0","0","0","0","0","0","0","0","0","0","0","0","0","0"
"*05am1*","Thomas Hill","LIV","M","652","FA","CRY 1<br/>@LIV 1 F","0","0","-","-","0","0","0","0","0","0","0","0","0","0","0","0","0","0","0","0","0","0","0","0","0","0","0","0","0","0","0","0","0"
"*05ue2*","Joe Hugill","MUN","F","656","FA","AVL 0<br/>@MUN 2 F","0","0","-","-","0","0","0","0","0","0","0","0","0","0","0","0","0","0","0","0","0","0","0","0","0","0","0","0","0","0","0","0","0"
"*06mg4*","Cameron Humphreys","IPS","M","658","FA","WHU 3<br/>@IPS 1 F","0","0","-","-","0","0","0","0","0","0","0","0","0","0","0","0","0","0","0","0","0","0","0","0","0","0","0","0","0","0","0","0","0"
"*06cm9*","Hwang Ui-Jo","NOT","F","659","FA","CHE 1<br/>@NOT 0 F","0","0","-","-","0","0","0","0","0","0","0","0","0","0","0","0","0","0","0","0","0","0","0","0","0","0","0","0","0","0","0","0","0"
"*057a1*","Gavin Kilkenny","BOU","M","672","FA","LEI 0<br/>@BOU 2 F","0","0","-","-","0","0","0","0","0","0","0","0","0","0","0","0","0","0","0","0","0","0","0","0","0","0","0","0","0","0","0","0","0"
"*06qwg*","Maeson King","TOT","D","673","FA","BHA 4<br/>@TOT 1 F","0","0","-","-","0","0","0","0","0","0","0","0","0","0","0","0","0","0","0","0","0","0","0","0","0","0","0","0","0","0","0","0","0"
"*068z2*","Max Kinsey-Wellings","BOU","D","675","FA","LEI 0<br/>@BOU 2 F","0","0","-","-","0","0","0","0","0","0","0","0","0","0","0","0","0","0","0","0","0","0","0","0","0","0","0","0","0","0","0","0","0"
"*046c7*","Freddie Ladapo","IPS","F","684","FA","WHU 3<br/>@IPS 1 F","0","0","-","-","0","0","0","0","0","0","0","0","0","0","0","0","0","0","0","0","0","0","0","0","0","0","0","0","0","0","0","0","0"
"*066no*","Nico Lawrence","SOU","D","688","FA","ARS 2<br/>@SOU 1 F","0","0","-","-","0","0","0","0","0","0","0","0","0","0","0","0","0","0","0","0","0","0","0","0","0","0","0","0","0","0","0","0","0"
"*05xts*","Wanya Marcal-Madivadua","LEI","M","697","FA","LEI 0<br/>@BOU 2 F","0","0","-","-","0","0","0","0","0","0","0","0","0","0","0","0","0","0","0","0","0","0","0","0","0","0","0","0","0","0","0","0","0"
"*066sb*","Zane Monlouis","ARS","D","714","FA","ARS 2<br/>@SOU 1 F","0","0","-","-","0","0","0","0","0","0","0","0","0","0","0","0","0","0","0","0","0","0","0","0","0","0","0","0","0","0","0","0","0"
"*06po5*","Bradley Moonan","EVE","D","715","FA","EVE 1<br/>@NEW 0 F","0","0","-","-","0","0","0","0","0","0","0","0","0","0","0","0","0","0","0","0","0","0","0","0","0","0","0","0","0","0","0","0","0"
"*06pho*","Jayden Moore","SOU","D","716","FA","ARS 2<br/>@SOU 1 F","0","0","-","-","0","0","0","0","0","0","0","0","0","0","0","0","0","0","0","0","0","0","0","0","0","0","0","0","0","0","0","0","0"
"*06prx*","Kobei Moore","AVL","F","717","FA","AVL 0<br/>@MUN 2 F","0","0","-","-","0","0","0","0","0","0","0","0","0","0","0","0","0","0","0","0","0","0","0","0","0","0","0","0","0","0","0","0","0"
"*06mwz*","Iwan Morgan","BRF","F","720","FA","BRF 1<br/>@WOL 1 F","0","0","-","-","0","0","0","0","0","0","0","0","0","0","0","0","0","0","0","0","0","0","0","0","0","0","0","0","0","0","0","0","0"
"*05qz9*","Ben Nelson","LEI","D","732","FA","LEI 0<br/>@BOU 2 F","0","0","-","-","0","0","0","0","0","0","0","0","0","0","0","0","0","0","0","0","0","0","0","0","0","0","0","0","0","0","0","0","0"
"*05alx*","James Norris","LIV","D","736","FA","CRY 1<br/>@LIV 1 F","0","0","-","-","0","0","0","0","0","0","0","0","0","0","0","0","0","0","0","0","0","0","0","0","0","0","0","0","0","0","0","0","0"
"*06rlg*","Aniek Nouwen","CRY","D","737","FA","CRY 1<br/>@LIV 1 F","0","0","-","-","0","0","0","0","0","0","0","0","0","0","0","0","0","0","0","0","0","0","0","0","0","0","0","0","0","0","0","0","0"
"*06phq*","Joseph O'Brien-Whitmarsh","SOU","M","740","FA","ARS 2<br/>@SOU 1 F","0","0","-","-","0","0","0","0","0","0","0","0","0","0","0","0","0","0","0","0","0","0","0","0","0","0","0","0","0","0","0","0","0"
"*0680n*","Detlef Esapa Osong","NOT","F","751","FA","CHE 1<br/>@NOT 0 F","0","0","-","-","0","0","0","0","0","0","0","0","0","0","0","0","0","0","0","0","0","0","0","0","0","0","0","0","0","0","0","0","0"
"*05xtp*","Salah-Eddine Oulad M'hand","ARS","M","752","FA","ARS 2<br/>@SOU 1 F","0","0","-","-","0","0","0","0","0","0","0","0","0","0","0","0","0","0","0","0","0","0","0","0","0","0","0","0","0","0","0","0","0"
"*06phm*","Ben Perry","NOT","M","757","FA","CHE 1<br/>@NOT 0 F","0","0","-","-","0","0","0","0","0","0","0","0","0","0","0","0","0","0","0","0","0","0","0","0","0","0","0","0","0","0","0","0","0"
"*06phc*","Chris Popov","LEI","M","764","FA","LEI 0<br/>@BOU 2 F","0","0","-","-","0","0","0","0","0","0","0","0","0","0","0","0","0","0","0","0","0","0","0","0","0","0","0","0","0","0","0","0","0"
"*06pz2*","Josh Robinson","ARS","D","773","FA","ARS 2<br/>@SOU 1 F","0","0","-","-","0","0","0","0","0","0","0","0","0","0","0","0","0","0","0","0","0","0","0","0","0","0","0","0","0","0","0","0","0"
"*06nk4*","Michal Rosiak","ARS","D","777","FA","ARS 2<br/>@SOU 1 F","0","0","-","-","0","0","0","0","0","0","0","0","0","0","0","0","0","0","0","0","0","0","0","0","0","0","0","0","0","0","0","0","0"
"*06bq0*","Imari Samuels","BHA","D","783","FA","BHA 4<br/>@TOT 1 F","0","0","-","-","0","0","0","0","0","0","0","0","0","0","0","0","0","0","0","0","0","0","0","0","0","0","0","0","0","0","0","0","0"
"*06qwf*","Jacob Slater","BHA","D","793","FA","BHA 4<br/>@TOT 1 F","0","0","-","-","0","0","0","0","0","0","0","0","0","0","0","0","0","0","0","0","0","0","0","0","0","0","0","0","0","0","0","0","0"
"*06rte*","Rento Takaoka","SOU","F","800","FA","ARS 2<br/>@SOU 1 F","0","0","-","-","0","0","0","0","0","0","0","0","0","0","0","0","0","0","0","0","0","0","0","0","0","0","0","0","0","0","0","0","0"
"*06rq9*","Tom Taylor","IPS","M","802","FA","WHU 3<br/>@IPS 1 F","0","0","-","-","0","0","0","0","0","0","0","0","0","0","0","0","0","0","0","0","0","0","0","0","0","0","0","0","0","0","0","0","0"
"*05x9j*","Ed Turns","BHA","D","806","FA","BHA 4<br/>@TOT 1 F","0","0","-","-","0","0","0","0","0","0","0","0","0","0","0","0","0","0","0","0","0","0","0","0","0","0","0","0","0","0","0","0","0"
"*05r4z*","Jensen Weir","BHA","M","813","FA","BHA 4<br/>@TOT 1 F","0","0","-","-","0","0","0","0","0","0","0","0","0","0","0","0","0","0","0","0","0","0","0","0","0","0","0","0","0","0","0","0","0"
"*06qzi*","Kaiden Wilson","CHE","D","819","FA","CHE 1<br/>@NOT 0 F","0","0","-","-","0","0","0","0","0","0","0","0","0","0","0","0","0","0","0","0","0","0","0","0","0","0","0","0","0","0","0","0","0"
"*062ol*","Thomas Wilson-Brown","LEI","D","820","FA","LEI 0<br/>@BOU 2 F","0","0","-","-","0","0","0","0","0","0","0","0","0","0","0","0","0","0","0","0","0","0","0","0","0","0","0","0","0","0","0","0","0"
"*06qlg*","Ranel Young","LIV","F","828","FA","CRY 1<br/>@LIV 1 F","0","0","-","-","0","0","0","0","0","0","0","0","0","0","0","0","0","0","0","0","0","0","0","0","0","0","0","0","0","0","0","0","0"
"*0329y*","Joel Ward","CRY","D","834","FA","CRY 1<br/>@LIV 1 F","-0.25","-0.12","0%","0%","2","1","71","0","0","0","1","0","0","0","0","0","0","0","1","0","0","0","0","0","3","0","0","1","0","0","0","2","0"
"*06rmi*","Mathis Amougou","CHE","M","835","FA","CHE 1<br/>@NOT 0 F","-0.43","-0.43","0%","0%","1","0","6","0","0","0","0","0","0","0","0","0","1","0","0","0","0","0","0","0","0","0","0","0","0","0","0","0","6"
"*06kyw*","Claudio Echeverri","MCI","M","836","FA","MCI 2<br/>@FUL 0 F","-0.46","-0.46","0%","0%","1","0","4","0","0","0","0","0","0","0","0","0","1","0","0","0","0","0","0","0","0","0","0","0","0","0","0","0","4"
"*06klv*","Jayden Danns","LIV","F","837","FA","CRY 1<br/>@LIV 1 F","-0.5","-0.5","0%","0%","1","0","9","0","0","0","0","0","0","0","0","0","1","0","0","0","0","0","0","0","0","0","0","0","0","0","0","1","0"
"*05ue7*","Frank Onyeka","BRF","M","839","FA","BRF 1<br/>@WOL 1 F","-0.5","-0.25","0%","0%","2","0","21","0","0","0","0","0","0","0","0","0","1","0","0","0","0","0","0","0","0","0","0","0","0","0","0","0","0"
"*0645x*","Divin Mubama","WHU/MCI","F","838","FA","MCI 2<br/>@FUL 0 F","-0.5","-0.5","0%","0%","1","0","26","0","0","0","0","0","0","0","0","0","1","0","0","0","0","0","0","0","0","0","0","0","0","0","0","0","26"
"*06nbt*","Jahmai Simpson-Pusey","MCI","D","840","FA","MCI 2<br/>@FUL 0 F","-1","-0.5","0%","0%","2","1","94","0","0","0","0","0","0","0","0","0","0","1","1","0","0","0","0","0","2","0","1","1","0","0","0","2","0"
"*051ki*","Ben Godfrey","EVE/IPS","D","841","FA","WHU 3<br/>@IPS 1 F","-9.25","-3.08","0%","0%","3","2","157","0","0","0","0","0","0","0","0","0","1","0","1","0","0","2","0","0","3","0","1","3","0","0","0","10","0"
