"Player","Team","Position","Type","Team","Pr","Date (EDT)","Gameweek"
"Kai Havertz","ARS","F","Drop","1-The Riesterer Bunny","1","Sun May 25, 2025, 10:57AM","38"
"Dwight McNeil","EVE","M","Drop","1-The Madd Hatters","1","Sun May 25, 2025, 10:40AM","38"
"Jose Sa","WOL","G","Claim","1- Schärholder Value","1","Sun May 25, 2025, 10:24AM","38"
"Alphonse Areola","WHU","G","Drop","1- Schärholder Value","1","Sun May 25, 2025, 10:24AM","38"
"Facundo Buonanotte","LEI","M","Drop","1- Schärholder Value","1","Sun May 25, 2025, 10:24AM","38"
"David Brooks","BOU","M","Claim","1-Tim's Team","1","Sun May 25, 2025, 10:21AM","38"
"Jake O'Brien","EVE","D","Drop","1-Tim's Team","1","Sun May 25, 2025, 10:20AM","38"
"Mason Mount","MUN","M","Drop","1-john lim","1","Sun May 25, 2025, 10:20AM","38"
"Mason Mount","MUN","M","Claim","1-john lim","1","Sun May 25, 2025, 10:18AM","38"
"Savio","MCI","F","Drop","1-john lim","1","Sun May 25, 2025, 10:18AM","38"
"Yukinari Sugawara","SOU","D","Claim","1-john lim","1","Sun May 25, 2025, 10:16AM","38"
"Rasmus Hojlund","MUN","F","Claim","1-john lim","1","Sun May 25, 2025, 10:15AM","38"
"Joachim Andersen","CRY/FUL","D","Claim","1-john lim","1","Sun May 25, 2025, 10:14AM","38"
"Djed Spence","TOT","D","Drop","1-john lim","1","Sun May 25, 2025, 10:14AM","38"
"Sam Morsy","IPS","M","Claim","1-Check Complete FC","1","Sun May 25, 2025, 10:13AM","38"
"Lucas Digne","AVL","D","Drop","1-Check Complete FC","1","Sun May 25, 2025, 10:13AM","38"
"Jack Harrison","EVE","M","Claim","1-Diamond Dogs","1","Sun May 25, 2025, 10:06AM","38"
"Emile Smith Rowe","FUL","M","Drop","1-Diamond Dogs","1","Sun May 25, 2025, 10:06AM","38"
"Nico O'Reilly","MCI","M","Claim","1-Check Complete FC","1","Sun May 25, 2025, 10:05AM","38"
"Ola Aina","NOT","D","Claim","1-Diamond Dogs","1","Sun May 25, 2025, 10:05AM","38"
"Luke Shaw","MUN","D","Drop","1-Diamond Dogs","1","Sun May 25, 2025, 10:05AM","38"
"Konstantinos Mavropanos","WHU","D","Claim","1-The Riesterer Bunny","1","Sun May 25, 2025, 10:00AM","38"
"Vladimir Coufal","WHU","D","Drop","1-The Riesterer Bunny","1","Sun May 25, 2025, 10:00AM","38"
"Jack Hinshelwood","BHA","M","Claim","1-The Riesterer Bunny","1","Sun May 25, 2025, 10:00AM","38"
"Danny Welbeck","BHA","F","Drop","1-The Riesterer Bunny","1","Sun May 25, 2025, 10:00AM","38"
"Sergio Reguilon","TOT","D","Drop","1-Morgan Rodgers Neighborhood","1","Sun May 25, 2025, 9:58AM","38"
"Raheem Sterling","CHE/ARS","F","Claim","1-The Riesterer Bunny","1","Sun May 25, 2025, 9:56AM","38"
"Callum Wilson","NEW","F","Drop","1-The Riesterer Bunny","1","Sun May 25, 2025, 9:56AM","38"
"Jan-Paul van Hecke","BHA","D","Claim","1-Tim's Team","1","Sun May 25, 2025, 9:56AM","38"
"Carlos Baleba","BHA","M","Claim","1-Mateta’s Muppets","1","Sun May 25, 2025, 9:56AM","38"
"Alejandro Garnacho","MUN","M","Drop","1-Mateta’s Muppets","1","Sun May 25, 2025, 9:54AM","38"
"Marcos Senesi","BOU","D","Claim","1-Tim's Team","1","Sun May 25, 2025, 9:52AM","38"
"Malo Gusto","CHE","D","Drop","1-Tim's Team","1","Sun May 25, 2025, 9:52AM","38"
"Oleksandr Zinchenko","ARS","D","Claim","1-Morgan Rodgers Neighborhood","1","Sun May 25, 2025, 9:50AM","38"
"Crysencio Summerville","WHU","F","Claim","1-Cruel Summerville","1","Sun May 25, 2025, 9:49AM","38"
"Sven Botman","NEW","D","Claim","1-The Madd Hatters","1","Sun May 25, 2025, 9:49AM","38"
"Son Heung-Min","TOT","F","Lineup Change","1-The Madd Hatters","1","Sun May 25, 2025, 9:49AM","38"
"Carlos Alcaraz","SOU/EVE","M","Claim","1-Morgan Rodgers Neighborhood","1","Sun May 25, 2025, 9:48AM","38"
"Simon Adingra","BHA","M","Claim","1-Morgan Rodgers Neighborhood","1","Sun May 25, 2025, 9:48AM","38"
"Tyrique George","CHE","F","Drop","1-Morgan Rodgers Neighborhood","1","Sun May 25, 2025, 9:47AM","38"
"Jean-Ricner Bellegarde","WOL","M","Drop","1-Morgan Rodgers Neighborhood","1","Sun May 25, 2025, 9:47AM","38"
"Diogo Dalot","MUN","D","Drop","1-Morgan Rodgers Neighborhood","1","Sun May 25, 2025, 9:47AM","38"
"Kieran Tierney","ARS","D","Claim","1-The Madd Hatters","1","Sun May 25, 2025, 9:46AM","38"
"Aaron Cresswell","WHU","D","Drop","1-Cruel Summerville","1","Sun May 25, 2025, 9:46AM","38"
"Amadou Onana","AVL","M","Claim","1-Mateta’s Muppets","1","Sat May 24, 2025, 11:33PM","38"
"Alejandro Garnacho","MUN","M","Claim","1-Mateta’s Muppets","1","Sat May 24, 2025, 11:31PM","38"
"Ryan Sessegnon","FUL","D","Drop","1-Mateta’s Muppets","1","Sat May 24, 2025, 11:31PM","38"
"Konstantinos Tsimikas","LIV","D","Drop","1-Mateta’s Muppets","1","Sat May 24, 2025, 11:30PM","38"
"Riccardo Calafiori","ARS","D","Claim","1- Schärholder Value","1","Sat May 24, 2025, 2:18PM","38"
"Alejandro Garnacho","MUN","M","Drop","1- Schärholder Value","1","Sat May 24, 2025, 2:18PM","38"
"Alejandro Garnacho","MUN","M","Claim","1- Schärholder Value","1","Fri May 23, 2025, 3:55PM","38"
"Lewis Cook","BOU","M","Drop","1- Schärholder Value","1","Fri May 23, 2025, 3:55PM","38"
"Jan Bednarek","SOU","D","Drop","1-The Madd Hatters","1","Fri May 23, 2025, 9:50AM","38"
"Jarrad Branthwaite","EVE","D","Drop","1-The Madd Hatters","1","Fri May 23, 2025, 9:50AM","38"
"Diogo Dalot","MUN","D","Claim","1-Morgan Rodgers Neighborhood","1","Wed May 21, 2025, 2:58PM","38"
"Ola Aina","NOT","D","Drop","1-Morgan Rodgers Neighborhood","1","Wed May 21, 2025, 2:58PM","38"
"Jakub Kiwior","ARS","D","Claim","1-Tim's Team","1","Wed May 21, 2025, 12:43PM","38"
"Yasin Ayari","BHA","M","Claim","1-Morgan Rodgers Neighborhood","1","Wed May 21, 2025, 12:19PM","38"
"Jadon Sancho","MUN/CHE","F","Claim","1-Morgan Rodgers Neighborhood","1","Wed May 21, 2025, 12:18PM","38"
"Rasmus Hojlund","MUN","F","Drop","1-Morgan Rodgers Neighborhood","1","Wed May 21, 2025, 12:18PM","38"
"Federico Chiesa","LIV","F","Drop","1-Dirty little Slot","1","Wed May 21, 2025, 12:12PM","38"
"Vladimir Coufal","WHU","D","Claim","1-The Riesterer Bunny","1","Wed May 21, 2025, 12:20AM","38"
"Levi Colwill","CHE","D","Claim","1-The Riesterer Bunny","1","Wed May 21, 2025, 12:17AM","38"
"Toti","WOL","D","Drop","1-The Riesterer Bunny","1","Wed May 21, 2025, 12:17AM","38"
"Danny Welbeck","BHA","F","Claim","1-The Riesterer Bunny","1","Wed May 21, 2025, 12:12AM","38"
"Sven Botman","NEW","D","Drop","1-The Riesterer Bunny","1","Wed May 21, 2025, 12:12AM","38"
"Brajan Gruda","BHA","M","Claim","1-The Riesterer Bunny","1","Tue May 20, 2025, 9:00PM","38"
"Abdoulaye Doucoure","EVE","M","Drop","1-Tim's Team","1","Tue May 20, 2025, 5:03PM","38"
"Pablo Sarabia","WOL","M","Drop","1-Tim's Team","1","Tue May 20, 2025, 5:02PM","38"
"Mateo Kovacic","MCI","M","Drop","1-The Riesterer Bunny","1","Tue May 20, 2025, 4:37PM","38"
"Illia Zabarnyi","BOU","D","Claim","1-Morgan Rodgers Neighborhood","1","Tue May 20, 2025, 2:33PM","37"
"Nico O'Reilly","MCI","M","Drop","1-Morgan Rodgers Neighborhood","1","Tue May 20, 2025, 2:33PM","37"
"Pablo Sarabia","WOL","M","Claim","1-Tim's Team","1","Tue May 20, 2025, 2:19PM","37"
"Ben Chilwell","CHE/CRY","D","Claim","1-Cruel Summerville","1","Tue May 20, 2025, 1:56PM","37"
"Jack Grealish","MCI","M","Drop","1-Cruel Summerville","1","Tue May 20, 2025, 1:56PM","37"
"Federico Chiesa","LIV","F","Claim","1-Dirty little Slot","1","Mon May 19, 2025, 2:58PM","37"
"Jarell Quansah","LIV","D","Drop","1-Dirty little Slot","1","Mon May 19, 2025, 2:58PM","37"
"Jack Grealish","MCI","M","Claim","1-Cruel Summerville","1","Mon May 19, 2025, 2:49PM","37"
"Matt O'Riley","FUL/BHA","M","Drop","1-Cruel Summerville","1","Mon May 19, 2025, 2:48PM","37"
"Federico Chiesa","LIV","F","Drop","1-Tim's Team","1","Mon May 19, 2025, 2:28PM","37"
"Dango Ouattara","BOU","M","Drop","1-Tim's Team","1","Mon May 19, 2025, 2:27PM","37"
"Jarell Quansah","LIV","D","Claim","1-Dirty little Slot","1","Mon May 19, 2025, 2:09PM","37"
"Federico Chiesa","LIV","F","Claim","1-Tim's Team","1","Mon May 19, 2025, 2:01PM","37"
"Callum Wilson","NEW","F","Claim","1-The Riesterer Bunny","1","Sun May 18, 2025, 11:09AM","37"
"Sven Botman","NEW","D","Claim","1-The Riesterer Bunny","1","Sun May 18, 2025, 11:08AM","37"
"Lewis Cook","BOU","M","Claim","1- Schärholder Value","1","Sun May 18, 2025, 10:56AM","37"
"Sepp van den Berg","LIV/BRF","D","Drop","1-Tim's Team","1","Sun May 18, 2025, 9:15AM","37"
"Adama Traore","FUL","F","Claim","1-The Madd Hatters","1","Sun May 18, 2025, 8:58AM","37"
"Leif Davis","IPS","D","Claim","1-Morgan Rodgers Neighborhood","1","Sun May 18, 2025, 8:54AM","37"
"Danny Welbeck","BHA","F","Drop","1-Morgan Rodgers Neighborhood","1","Sun May 18, 2025, 8:54AM","37"
"Ryan Yates","NOT","M","Drop","1-Check Complete FC","1","Sun May 18, 2025, 8:31AM","37"
"Carlos Alcaraz","SOU/EVE","M","Drop","1-The Riesterer Bunny","1","Wed May 14, 2025, 11:05PM","37"
"Michael Keane","EVE","D","Drop","1-The Riesterer Bunny","1","Wed May 14, 2025, 11:05PM","37"
"Carlos Baleba","BHA","M","Drop","1- Schärholder Value","1","Sun May 18, 2025, 2:49AM","37"
"Konstantinos Tsimikas","LIV","D","Claim","1-Mateta’s Muppets","1","Sat May 17, 2025, 9:13PM","37"
"Jadon Sancho","MUN/CHE","F","Drop","1-Morgan Rodgers Neighborhood","1","Fri May 16, 2025, 2:11PM","37"
"Pape Sarr","TOT","M","Claim","1-john lim","1","Fri May 16, 2025, 2:06PM","37"
"Tosin Adarabioyo","CHE","D","Claim","1- Schärholder Value","1","Fri May 16, 2025, 2:05PM","37"
"Trevoh Chalobah","CHE/CRY","D","Drop","1- Schärholder Value","1","Fri May 16, 2025, 2:05PM","37"
"Casemiro","MUN","M","Claim","1-john lim","1","Fri May 16, 2025, 2:05PM","37"
"Alejandro Garnacho","MUN","M","Drop","1-john lim","1","Fri May 16, 2025, 2:03PM","37"
"Jurrien Timber","ARS","D","Drop","1-john lim","1","Fri May 16, 2025, 2:03PM","37"
"Levi Colwill","CHE","D","Drop","1-The Riesterer Bunny","1","Fri May 16, 2025, 2:02PM","37"
"Ezri Konsa","AVL","D","Claim","1- Schärholder Value","1","Fri May 16, 2025, 1:50PM","37"
"Callum Hudson-Odoi","NOT","F","Drop","1- Schärholder Value","1","Fri May 16, 2025, 1:49PM","37"
"Harry Maguire","MUN","D","Claim","1-The Riesterer Bunny","1","Fri May 16, 2025, 1:43PM","37"
"Kenny Tete","FUL","D","Drop","1-The Riesterer Bunny","1","Fri May 16, 2025, 1:43PM","37"
"Rasmus Hojlund","MUN","F","Claim","1-Morgan Rodgers Neighborhood","1","Fri May 16, 2025, 1:40PM","37"
"Mason Mount","MUN","M","Drop","1-Morgan Rodgers Neighborhood","1","Fri May 16, 2025, 1:40PM","37"
"Sergio Reguilon","TOT","D","Claim","1-Morgan Rodgers Neighborhood","1","Fri May 16, 2025, 1:23PM","37"
"Jordan Ayew","CRY/LEI","F","Drop","1-Morgan Rodgers Neighborhood","1","Fri May 16, 2025, 1:23PM","37"
"Jake O'Brien","EVE","D","Claim","1-Tim's Team","1","Fri May 16, 2025, 9:41AM","37"
"Leif Davis","IPS","D","Drop","1-Tim's Team","1","Fri May 16, 2025, 9:41AM","37"
"Tyrique George","CHE","F","Claim","1-Morgan Rodgers Neighborhood","1","Thu May 15, 2025, 3:41PM","37"
"Rasmus Hojlund","MUN","F","Drop","1-Morgan Rodgers Neighborhood","1","Thu May 15, 2025, 3:41PM","37"
"Rasmus Hojlund","MUN","F","Claim","1-Morgan Rodgers Neighborhood","1","Thu May 15, 2025, 3:40PM","37"
"Jordan Ayew","CRY/LEI","F","Claim","1-Morgan Rodgers Neighborhood","1","Thu May 15, 2025, 3:40PM","37"
"Yasin Ayari","BHA","M","Drop","1-Morgan Rodgers Neighborhood","1","Thu May 15, 2025, 3:39PM","37"
"Callum Hudson-Odoi","NOT","F","Claim","1- Schärholder Value","1","Thu May 15, 2025, 2:54PM","37"
"Morato","NOT","D","Drop","1- Schärholder Value","1","Thu May 15, 2025, 2:54PM","37"
"Kasey McAteer","LEI","M","Claim","1-The Madd Hatters","1","Tue May 13, 2025, 9:15PM","37"
"Goncalo Guedes","WOL","F","Drop","1-The Madd Hatters","1","Tue May 13, 2025, 9:15PM","37"
"Leif Davis","IPS","D","Claim","1-Tim's Team","1","Tue May 13, 2025, 9:13PM","37"
"Malo Gusto","CHE","D","Claim","1-Tim's Team","1","Tue May 13, 2025, 9:13PM","37"
"Lewis Cook","BOU","M","Drop","1-Tim's Team","1","Tue May 13, 2025, 9:13PM","37"
"Jan Bednarek","SOU","D","Claim","1-The Madd Hatters","1","Tue May 13, 2025, 9:13PM","37"
"Ruben Dias","MCI","D","Drop","1-The Madd Hatters","1","Tue May 13, 2025, 9:13PM","37"
"Aaron Ramsdale","ARS/SOU","G","Claim","1-The Madd Hatters","1","Tue May 13, 2025, 9:12PM","37"
"Bernd Leno","FUL","G","Drop","1-The Madd Hatters","1","Tue May 13, 2025, 9:12PM","37"
"Abdoulaye Doucoure","EVE","M","Claim","1-Tim's Team","1","Tue May 13, 2025, 9:12PM","37"
"Ian Maatsen","AVL","D","Claim","1-Tim's Team","1","Tue May 13, 2025, 9:12PM","37"
"Ethan Nwaneri","ARS","M","Claim","1-Tim's Team","1","Tue May 13, 2025, 9:11PM","37"
"Joachim Andersen","CRY/FUL","D","Drop","1-Tim's Team","1","Tue May 13, 2025, 9:11PM","37"
"Kevin Danso","SOU/TOT","D","Drop","1-Tim's Team","1","Tue May 13, 2025, 9:10PM","37"
"Michael Keane","EVE","D","Claim","1-The Riesterer Bunny","2","Tue May 13, 2025, 9:00PM","37"
"Jacob Greaves","IPS","D","Claim","1-The Riesterer Bunny","1","Tue May 13, 2025, 9:00PM","37"
"Manuel Ugarte","MUN","M","Drop","1-The Riesterer Bunny","1","Mon May 12, 2025, 10:08AM","37"
"Nicolas Jackson","CHE","F","Drop","1-The Riesterer Bunny","1","Sun May 11, 2025, 11:03AM","37"
"Mason Mount","MUN","M","Claim","1-Morgan Rodgers Neighborhood","1","Sun May 11, 2025, 8:17AM","36"
"Aaron Cresswell","WHU","D","Claim","1-Cruel Summerville","1","Sun May 11, 2025, 8:11AM","36"
"Wilson Odobert","TOT","F","Claim","1-Diamond Dogs","1","Sun May 11, 2025, 8:11AM","36"
"Mason Mount","MUN","M","Drop","1-Diamond Dogs","1","Sun May 11, 2025, 8:11AM","36"
"Wilson Odobert","TOT","F","Drop","1-Cruel Summerville","1","Sun May 11, 2025, 8:10AM","36"
"Luke Shaw","MUN","D","Claim","1-Diamond Dogs","1","Sun May 11, 2025, 8:09AM","36"
"Tyler Fredricson","MUN","D","Drop","1-Diamond Dogs","1","Sun May 11, 2025, 8:09AM","36"
"James Ward-Prowse","WHU/NOT","M","Claim","1-Cruel Summerville","1","Sun May 11, 2025, 8:01AM","36"
"Kasey McAteer","LEI","M","Drop","1-Cruel Summerville","1","Sun May 11, 2025, 8:01AM","36"
"Kasey McAteer","LEI","M","Claim","1-Cruel Summerville","1","Sun May 11, 2025, 6:07AM","36"
"Wilson Odobert","TOT","F","Claim","1-Cruel Summerville","1","Sun May 11, 2025, 6:04AM","36"
"Kevin Danso","SOU/TOT","D","Claim","1-Tim's Team","1","Sat May 10, 2025, 2:53PM","36"
"Jacob Ramsey","AVL","M","Drop","1-Tim's Team","1","Sat May 10, 2025, 12:25PM","36"
"Jacob Ramsey","AVL","M","Claim","1-Tim's Team","1","Sat May 10, 2025, 11:28AM","36"
"Ross Barkley","AVL","M","Drop","1-Tim's Team","1","Sat May 10, 2025, 11:25AM","36"
"Ian Maatsen","AVL","D","Drop","1-Tim's Team","1","Sat May 10, 2025, 11:25AM","36"
"Ross Barkley","AVL","M","Claim","1-Tim's Team","1","Sat May 10, 2025, 10:05AM","36"
"Jan-Paul van Hecke","BHA","D","Drop","1-Check Complete FC","1","Sat May 10, 2025, 9:50AM","36"
"Dara O'Shea","BUR/IPS","D","Claim","1-The Riesterer Bunny","1","Sat May 10, 2025, 9:46AM","36"
"Luke Thomas","LEI","D","Drop","1-The Riesterer Bunny","1","Sat May 10, 2025, 9:46AM","36"
"Goncalo Guedes","WOL","F","Claim","1-The Madd Hatters","1","Sat May 10, 2025, 9:44AM","36"
"Ross Barkley","AVL","M","Drop","1-The Madd Hatters","1","Sat May 10, 2025, 9:44AM","36"
"Bernd Leno","FUL","G","Claim","1-The Madd Hatters","1","Sat May 10, 2025, 9:43AM","36"
"Aaron Ramsdale","ARS/SOU","G","Drop","1-The Madd Hatters","1","Sat May 10, 2025, 9:43AM","36"
"Omari Hutchinson","IPS","M","Claim","1-Dirty little Slot","1","Sat May 10, 2025, 9:42AM","36"
"Jan Bednarek","SOU","D","Drop","1-Dirty little Slot","1","Sat May 10, 2025, 9:42AM","36"
"Ethan Pinnock","BRF","D","Drop","1-Cruel Summerville","1","Sat May 10, 2025, 9:02AM","36"
"Simon Adingra","BHA","M","Drop","1-Morgan Rodgers Neighborhood","1","Sat May 10, 2025, 9:00AM","36"
"Matt O'Riley","FUL/BHA","M","Claim","1-Cruel Summerville","1","Sat May 10, 2025, 8:57AM","36"
"Crysencio Summerville","WHU","F","Drop","1-Cruel Summerville","1","Sat May 10, 2025, 8:56AM","36"
"Ryan Manning","SOU","D","Drop","1-Dirty little Slot","1","Sat May 10, 2025, 8:55AM","36"
"Igor Thiago","BRF","F","Drop","1-Cruel Summerville","1","Sat May 10, 2025, 8:54AM","36"
"Yasin Ayari","BHA","M","Claim","1-Morgan Rodgers Neighborhood","1","Sat May 10, 2025, 8:54AM","36"
"Jake O'Brien","EVE","D","Drop","1-Morgan Rodgers Neighborhood","1","Sat May 10, 2025, 8:52AM","36"
"Harry Maguire","MUN","D","Drop","1-Tim's Team","1","Sat May 10, 2025, 8:49AM","36"
"Ruben Dias","MCI","D","Claim","1-The Madd Hatters","1","Sat May 10, 2025, 8:45AM","36"
"Nathan Patterson","EVE","D","Drop","1-The Madd Hatters","1","Sat May 10, 2025, 8:45AM","36"
"Ashley Young","EVE","D","Claim","1-The Madd Hatters","1","Sat May 10, 2025, 8:45AM","36"
"Ruben Dias","MCI","D","Drop","1-The Madd Hatters","1","Sat May 10, 2025, 8:45AM","36"
"Ruben Dias","MCI","D","Claim","1-The Madd Hatters","1","Sat May 10, 2025, 8:37AM","36"
"Konstantinos Tsimikas","LIV","D","Drop","1-The Madd Hatters","1","Sat May 10, 2025, 8:37AM","36"
"Facundo Buonanotte","LEI","M","Claim","1- Schärholder Value","1","Sat May 10, 2025, 12:51AM","36"
"Callum Hudson-Odoi","NOT","F","Drop","1- Schärholder Value","1","Sat May 10, 2025, 12:50AM","36"
"Valentino Livramento","NEW","D","Claim","1-Cruel Summerville","1","Fri May 9, 2025, 10:00PM","36"
"James Mcatee","MCI","M","Claim","1-Diamond Dogs","1","Fri May 9, 2025, 5:07PM","36"
"Marcus Rashford","MUN/AVL","F","Drop","1-Diamond Dogs","1","Fri May 9, 2025, 5:07PM","36"
"Dominic Calvert-Lewin","EVE","F","Claim","1-Diamond Dogs","1","Fri May 9, 2025, 4:18PM","36"
"Rasmus Hojlund","MUN","F","Drop","1-Diamond Dogs","1","Fri May 9, 2025, 4:18PM","36"
"Mason Mount","MUN","M","Claim","1-Diamond Dogs","1","Fri May 9, 2025, 4:16PM","36"
"Nicolas Dominguez","NOT","M","Drop","1-Diamond Dogs","1","Fri May 9, 2025, 4:16PM","36"
"Harvey Elliott","LIV","M","Claim","1-Diamond Dogs","1","Fri May 9, 2025, 3:53PM","36"
"Diogo Dalot","MUN","D","Drop","1-Diamond Dogs","1","Fri May 9, 2025, 3:53PM","36"
"James Maddison","TOT","M","Drop","1-The Madd Hatters","1","Thu May 8, 2025, 2:16PM","36"
"Ross Barkley","AVL","M","Claim","1-The Madd Hatters","1","Thu May 8, 2025, 2:16PM","36"
"Matt O'Riley","FUL/BHA","M","Drop","1-The Madd Hatters","1","Thu May 8, 2025, 2:16PM","36"
"Nathan Patterson","EVE","D","Claim","1-The Madd Hatters","1","Tue May 6, 2025, 9:03PM","36"
"Morato","NOT","D","Claim","1- Schärholder Value","1","Tue May 6, 2025, 9:02PM","36"
"Sepp van den Berg","LIV/BRF","D","Claim","1-Tim's Team","1","Tue May 6, 2025, 9:00PM","36"
"Levi Colwill","CHE","D","Claim","1-The Riesterer Bunny","1","Tue May 6, 2025, 9:00PM","36"
"Harry Maguire","MUN","D","Claim","1-Tim's Team","1","Tue May 6, 2025, 9:00PM","36"
"Joachim Andersen","CRY/FUL","D","Claim","1-Tim's Team","1","Tue May 6, 2025, 9:00PM","36"
"James Garner","EVE","M","Claim","1-The Madd Hatters","2","Tue May 6, 2025, 9:00PM","36"
"Michael Kayode","BRF","D","Claim","1-Morgan Rodgers Neighborhood","1","Tue May 6, 2025, 9:00PM","36"
"Conor Bradley","LIV","D","Claim","1-Dirty little Slot","1","Tue May 6, 2025, 9:00PM","36"
"Jarell Quansah","LIV","D","Drop","1-Dirty little Slot","1","Tue May 6, 2025, 9:00PM","36"
"Dara O'Shea","BUR/IPS","D","Drop","1-The Riesterer Bunny","1","Tue May 6, 2025, 7:57PM","36"
"Adam Wharton","CRY","M","Drop","1- Schärholder Value","1","Tue May 6, 2025, 9:48AM","36"
"Kasey McAteer","LEI","M","Drop","1-Tim's Team","1","Mon May 5, 2025, 7:39PM","36"
"Harvey Elliott","LIV","M","Drop","1-Tim's Team","1","Mon May 5, 2025, 7:39PM","36"
"Luke Shaw","MUN","D","Drop","1-Tim's Team","1","Mon May 5, 2025, 7:38PM","36"
"Matthijs de Ligt","MUN","D","Drop","1-Cruel Summerville","1","Mon May 5, 2025, 5:13PM","36"
"Konstantinos Tsimikas","LIV","D","Claim","1-The Madd Hatters","1","Sun May 4, 2025, 10:32AM","35"
"Harry Toffolo","NOT","D","Drop","1-The Madd Hatters","1","Sun May 4, 2025, 10:32AM","35"
"Jarell Quansah","LIV","D","Claim","1-Dirty little Slot","1","Sun May 4, 2025, 10:18AM","35"
"Wataru Endo","LIV","M","Drop","1-Dirty little Slot","1","Sun May 4, 2025, 10:18AM","35"
"Wataru Endo","LIV","M","Claim","1-Dirty little Slot","1","Sun May 4, 2025, 10:18AM","35"
"Curtis Jones","LIV","M","Claim","1-Dirty little Slot","1","Sun May 4, 2025, 10:17AM","35"
"Adam Wharton","CRY","M","Claim","1- Schärholder Value","1","Sun May 4, 2025, 8:25AM","35"
"Jack Hinshelwood","BHA","M","Drop","1- Schärholder Value","1","Sun May 4, 2025, 8:25AM","35"
"Bart Verbruggen","BHA","G","Claim","1-Dirty little Slot","1","Sun May 4, 2025, 8:20AM","35"
"Andre Onana","MUN","G","Drop","1-Dirty little Slot","1","Sun May 4, 2025, 8:20AM","35"
"Igor Thiago","BRF","F","Claim","1-Cruel Summerville","1","Sun May 4, 2025, 8:06AM","35"
"Wilson Odobert","TOT","F","Drop","1-Cruel Summerville","1","Sun May 4, 2025, 8:06AM","35"
"Harry Maguire","MUN","D","Drop","1-Morgan Rodgers Neighborhood","1","Sun May 4, 2025, 8:02AM","35"
"Wilson Odobert","TOT","F","Claim","1-Cruel Summerville","1","Sun May 4, 2025, 7:50AM","35"
"Yasin Ayari","BHA","M","Drop","1-Cruel Summerville","1","Sun May 4, 2025, 7:50AM","35"
"Matthijs de Ligt","MUN","D","Claim","1-Cruel Summerville","1","Sat May 3, 2025, 9:20PM","35"
"Manuel Ugarte","MUN","M","Claim","1-The Riesterer Bunny","1","Sat May 3, 2025, 5:21PM","35"
"Jack Hinshelwood","BHA","M","Claim","1- Schärholder Value","1","Sat May 3, 2025, 12:01PM","35"
"Ethan Nwaneri","ARS","M","Drop","1- Schärholder Value","1","Sat May 3, 2025, 12:00PM","35"
"Illia Zabarnyi","BOU","D","Drop","1-The Madd Hatters","1","Sat May 3, 2025, 11:26AM","35"
"Carlos Alcaraz","SOU/EVE","M","Claim","1-The Riesterer Bunny","1","Sat May 3, 2025, 9:24AM","35"
"Beto","EVE","F","Claim","1-Morgan Rodgers Neighborhood","1","Sat May 3, 2025, 9:18AM","35"
"Kyle Walker-Peters","SOU","D","Drop","1-Morgan Rodgers Neighborhood","1","Sat May 3, 2025, 9:15AM","35"
"Jack Harrison","EVE","M","Drop","1-The Riesterer Bunny","1","Sat May 3, 2025, 9:12AM","35"
"Tyler Dibling","SOU","M","Drop","1-The Riesterer Bunny","1","Sat May 3, 2025, 9:11AM","35"
"Emiliano Martinez","AVL","G","Claim","1-Morgan Rodgers Neighborhood","1","Sat May 3, 2025, 6:46AM","35"
"Guglielmo Vicario","TOT","G","Drop","1-Morgan Rodgers Neighborhood","1","Sat May 3, 2025, 6:46AM","35"
"David Raya","ARS","G","Claim","1-Check Complete FC","1","Fri May 2, 2025, 11:35PM","35"
"Mads Hermansen","LEI","G","Drop","1-Check Complete FC","1","Fri May 2, 2025, 11:35PM","35"
"Trevoh Chalobah","CHE/CRY","D","Claim","1- Schärholder Value","1","Fri May 2, 2025, 8:19PM","35"
"Calvin Bassey","FUL","D","Drop","1- Schärholder Value","1","Fri May 2, 2025, 8:19PM","35"
"Yasin Ayari","BHA","M","Claim","1-Cruel Summerville","1","Fri May 2, 2025, 4:58PM","35"
"Sasa Lukic","FUL","M","Drop","1-Cruel Summerville","1","Fri May 2, 2025, 4:58PM","35"
"Tyler Dibling","SOU","M","Claim","1-The Riesterer Bunny","1","Fri May 2, 2025, 2:31PM","35"
"Kai Havertz","ARS","F","Claim","1-The Riesterer Bunny","1","Fri May 2, 2025, 2:02PM","35"
"James Mcatee","MCI","M","Drop","1-The Riesterer Bunny","1","Fri May 2, 2025, 2:02PM","35"
"Jack Grealish","MCI","M","Drop","1-Cruel Summerville","1","Fri May 2, 2025, 2:00PM","35"
"James Ward-Prowse","WHU/NOT","M","Drop","1-Morgan Rodgers Neighborhood","1","Fri May 2, 2025, 1:52PM","35"
"Carlos Baleba","BHA","M","Claim","1- Schärholder Value","1","Fri May 2, 2025, 11:59AM","35"
"Facundo Buonanotte","LEI","M","Drop","1- Schärholder Value","1","Fri May 2, 2025, 11:59AM","35"
"Jack Grealish","MCI","M","Claim","1-Cruel Summerville","1","Fri May 2, 2025, 11:59AM","35"
"Nico O'Reilly","MCI","M","Claim","1-Morgan Rodgers Neighborhood","1","Fri May 2, 2025, 11:18AM","35"
"Valentino Livramento","NEW","D","Drop","1-Morgan Rodgers Neighborhood","1","Fri May 2, 2025, 11:18AM","35"
"Kasey McAteer","LEI","M","Claim","1-Tim's Team","1","Fri May 2, 2025, 10:32AM","35"
"Joachim Andersen","CRY/FUL","D","Drop","1-Tim's Team","1","Fri May 2, 2025, 10:32AM","35"
"Harvey Elliott","LIV","M","Claim","1-Tim's Team","1","Fri May 2, 2025, 10:31AM","35"
"Casemiro","MUN","M","Drop","1-Tim's Team","1","Fri May 2, 2025, 10:31AM","35"
"Luke Shaw","MUN","D","Claim","1-Tim's Team","1","Fri May 2, 2025, 10:30AM","35"
"Sepp van den Berg","LIV/BRF","D","Drop","1-Tim's Team","1","Fri May 2, 2025, 10:30AM","35"
"Ian Maatsen","AVL","D","Claim","1-Tim's Team","1","Fri May 2, 2025, 10:30AM","35"
"Luke Shaw","MUN","D","Drop","1-Tim's Team","1","Fri May 2, 2025, 10:30AM","35"
"Robert Sanchez","CHE","G","Drop","1-Cruel Summerville","1","Fri May 2, 2025, 6:51AM","35"
"James Mcatee","MCI","M","Claim","1-The Riesterer Bunny","1","Thu May 1, 2025, 9:01PM","35"
"Levi Colwill","CHE","D","Drop","1-The Riesterer Bunny","1","Thu May 1, 2025, 9:01PM","35"
"Luke Thomas","LEI","D","Claim","1-The Riesterer Bunny","1","Thu May 1, 2025, 9:01PM","35"
"Dara O'Shea","BUR/IPS","D","Claim","1-The Riesterer Bunny","1","Thu May 1, 2025, 9:01PM","35"
"Luke Shaw","MUN","D","Claim","1-Tim's Team","1","Thu May 1, 2025, 9:00PM","35"
"Lesley Ugochukwu","CHE/SOU","M","Drop","1-Dirty little Slot","1","Thu May 1, 2025, 6:02PM","35"
"Willian","FUL","F","Drop","1-Tim's Team","1","Tue Apr 29, 2025, 5:43PM","35"
"Harry Toffolo","NOT","D","Claim","1-The Madd Hatters","1","Sun Apr 27, 2025, 11:06PM","34"
"Matt Doherty","WOL","D","Drop","1-The Madd Hatters","1","Sun Apr 27, 2025, 11:02PM","35"
"Mateo Kovacic","MCI","M","Claim","1-The Riesterer Bunny","1","Sun Apr 27, 2025, 5:49PM","34"
"James Mcatee","MCI","M","Drop","1-The Riesterer Bunny","1","Sun Apr 27, 2025, 5:49PM","34"
"Solly March","BHA","M","Drop","1-The Riesterer Bunny","1","Sun Apr 27, 2025, 10:23AM","35"
"Emerson","WHU","D","Drop","1-Mateta’s Muppets","1","Sun Apr 27, 2025, 10:13AM","35"
"Matthijs de Ligt","MUN","D","Drop","1-Dirty little Slot","1","Sun Apr 27, 2025, 8:34AM","34"
"Marshall Munetsi","WOL","M","Drop","1-The Riesterer Bunny","1","Sun Apr 27, 2025, 12:08AM","35"
"Joao Gomes","WOL","M","Claim","1 - Law of Averages","1","Sat Apr 26, 2025, 9:58AM","34"
"Vitaly Janelt","BRF","M","Drop","1 - Law of Averages","1","Sat Apr 26, 2025, 9:58AM","34"
"Sepp van den Berg","LIV/BRF","D","Claim","1-Tim's Team","1","Sat Apr 26, 2025, 9:56AM","34"
"James Mcatee","MCI","M","Claim","1-The Riesterer Bunny","1","Sat Apr 26, 2025, 9:53AM","34"
"Emmanuel Agbadou","WOL","D","Drop","1-The Riesterer Bunny","1","Sat Apr 26, 2025, 9:53AM","34"
"Solly March","BHA","M","Claim","1-The Riesterer Bunny","1","Sat Apr 26, 2025, 9:52AM","34"
"Carlos Baleba","BHA","M","Drop","1-The Riesterer Bunny","1","Sat Apr 26, 2025, 9:52AM","34"
"Kyle Walker-Peters","SOU","D","Claim","1-Morgan Rodgers Neighborhood","1","Sat Apr 26, 2025, 9:44AM","34"
"Ryan Yates","NOT","M","Claim","1-Check Complete FC","1","Sat Apr 26, 2025, 9:40AM","34"
"Mads Hermansen","LEI","G","Claim","1-Check Complete FC","1","Sat Apr 26, 2025, 9:38AM","34"
"David Raya","ARS","G","Drop","1-Check Complete FC","1","Sat Apr 26, 2025, 9:38AM","34"
"Solly March","BHA","M","Drop","1-Tim's Team","1","Sat Apr 26, 2025, 9:36AM","34"
"Mats Wieffer","BHA","M","Claim","1-The Madd Hatters","1","Sat Apr 26, 2025, 9:31AM","34"
"Wilson Odobert","TOT","F","Drop","1-The Madd Hatters","1","Sat Apr 26, 2025, 9:31AM","34"
"James Garner","EVE","M","Drop","1-Tim's Team","1","Sat Apr 26, 2025, 9:30AM","35"
"Alex Moreno","AVL/NOT","D","Drop","1-Morgan Rodgers Neighborhood","1","Sat Apr 26, 2025, 9:29AM","34"
"Simon Adingra","BHA","M","Claim","1-Morgan Rodgers Neighborhood","1","Sat Apr 26, 2025, 9:28AM","34"
"Emerson","WHU","D","Claim","1-Mateta’s Muppets","1","Sat Apr 26, 2025, 9:21AM","34"
"Mats Wieffer","BHA","M","Drop","1-Mateta’s Muppets","1","Sat Apr 26, 2025, 9:21AM","34"
"Mats Wieffer","BHA","M","Claim","1-Mateta’s Muppets","1","Sat Apr 26, 2025, 9:17AM","34"
"Bernd Leno","FUL","G","Drop","1-Mateta’s Muppets","1","Sat Apr 26, 2025, 9:17AM","34"
"Joe Willock","NEW","M","Claim","1-Check Complete FC","1","Sat Apr 26, 2025, 9:16AM","34"
"Aaron Ramsdale","ARS/SOU","G","Claim","1-The Madd Hatters","1","Sat Apr 26, 2025, 9:06AM","34"
"Mads Hermansen","LEI","G","Drop","1-The Madd Hatters","1","Sat Apr 26, 2025, 9:06AM","34"
"Matt Doherty","WOL","D","Claim","1-The Madd Hatters","1","Sat Apr 26, 2025, 9:03AM","34"
"Santiago Bueno","WOL","D","Drop","1-The Madd Hatters","1","Sat Apr 26, 2025, 9:03AM","34"
"Ryan Manning","SOU","D","Claim","1-Dirty little Slot","1","Sat Apr 26, 2025, 8:57AM","34"
"Timothy Castagne","FUL","D","Drop","1-Dirty little Slot","1","Sat Apr 26, 2025, 8:57AM","34"
"Lesley Ugochukwu","CHE/SOU","M","Claim","1-Dirty little Slot","1","Sat Apr 26, 2025, 8:56AM","34"
"Darwin Nunez","LIV","F","Drop","1-Dirty little Slot","1","Sat Apr 26, 2025, 8:56AM","34"
"Solly March","BHA","M","Claim","1-Tim's Team","1","Sat Apr 26, 2025, 8:48AM","34"
"Joe Willock","NEW","M","Drop","1-Tim's Team","1","Sat Apr 26, 2025, 8:48AM","34"
"Joe Willock","NEW","M","Claim","1-Tim's Team","1","Sat Apr 26, 2025, 8:46AM","34"
"Jack Stephens","SOU","D","Drop","1-The Madd Hatters","1","Sat Apr 26, 2025, 8:46AM","34"
"Pablo Sarabia","WOL","M","Drop","1-Tim's Team","1","Sat Apr 26, 2025, 8:46AM","34"
"Willian","FUL","F","Claim","1-Tim's Team","1","Sat Apr 26, 2025, 8:46AM","34"
"Sepp van den Berg","LIV/BRF","D","Drop","1-Tim's Team","1","Sat Apr 26, 2025, 8:46AM","34"
"James Garner","EVE","M","Claim","1-Tim's Team","1","Fri Apr 25, 2025, 6:55PM","34"
"Tyler Fredricson","MUN","D","Claim","1-Diamond Dogs","1","Fri Apr 25, 2025, 1:44PM","34"
"Oscar Bobb","MCI","M","Drop","1-Diamond Dogs","1","Fri Apr 25, 2025, 1:44PM","34"
"Santiago Bueno","WOL","D","Claim","1-The Madd Hatters","1","Fri Apr 25, 2025, 12:12PM","34"
"Tyler Fredricson","MUN","D","Drop","1-The Madd Hatters","1","Fri Apr 25, 2025, 12:12PM","34"
"Jarrad Branthwaite","EVE","D","Claim","1-The Madd Hatters","1","Fri Apr 25, 2025, 9:31AM","34"
"James Tarkowski","EVE","D","Drop","1-The Madd Hatters","1","Fri Apr 25, 2025, 9:30AM","34"
"Stephy Mavididi","LEI","F","Drop","1-Morgan Rodgers Neighborhood","1","Fri Apr 25, 2025, 6:30AM","34"
"Wilson Odobert","TOT","F","Claim","1-The Madd Hatters","1","Thu Apr 24, 2025, 10:02PM","34"
"Jack Stephens","SOU","D","Claim","1-The Madd Hatters","1","Thu Apr 24, 2025, 10:01PM","34"
"Tyler Fredricson","MUN","D","Claim","1-The Madd Hatters","1","Thu Apr 24, 2025, 9:58PM","34"
"Bernardo Silva","MCI","M","Claim","1-The Riesterer Bunny","1","Thu Apr 24, 2025, 9:26PM","34"
"Sepp van den Berg","LIV/BRF","D","Claim","1-Tim's Team","1","Thu Apr 24, 2025, 9:11PM","34"
"Michael Kayode","BRF","D","Drop","1-Tim's Team","1","Thu Apr 24, 2025, 9:07PM","34"
"Julio Enciso","BHA/IPS","M","Claim","1-Tim's Team","1","Thu Apr 24, 2025, 9:06PM","34"
"Joachim Andersen","CRY/FUL","D","Claim","1-Tim's Team","1","Thu Apr 24, 2025, 9:04PM","34"
"Adam Wharton","CRY","M","Drop","1-Tim's Team","1","Thu Apr 24, 2025, 9:03PM","34"
"Alphonse Areola","WHU","G","Claim","1- Schärholder Value","1","Thu Apr 24, 2025, 9:01PM","34"
"Jose Sa","WOL","G","Drop","1- Schärholder Value","1","Thu Apr 24, 2025, 9:01PM","34"
"Kenny Tete","FUL","D","Claim","1-The Riesterer Bunny","1","Thu Apr 24, 2025, 9:00PM","34"
"Mads Hermansen","LEI","G","Claim","1-The Madd Hatters","5","Thu Apr 24, 2025, 9:00PM","34"
"Valentino Livramento","NEW","D","Claim","1-Morgan Rodgers Neighborhood","4","Thu Apr 24, 2025, 9:00PM","34"
"Trevoh Chalobah","CHE/CRY","D","Drop","1-Morgan Rodgers Neighborhood","4","Thu Apr 24, 2025, 9:00PM","34"
"Casemiro","MUN","M","Claim","1-Tim's Team","5","Thu Apr 24, 2025, 9:00PM","34"
"Mathys Tel","TOT","F","Claim","1-Cruel Summerville","2","Thu Apr 24, 2025, 9:00PM","34"
"Illia Zabarnyi","BOU","D","Claim","1-The Madd Hatters","2","Thu Apr 24, 2025, 9:00PM","34"
"Alisson","LIV","G","Claim","1-The Riesterer Bunny","2","Thu Apr 24, 2025, 9:00PM","34"
"Nicolas Dominguez","NOT","M","Claim","1-Diamond Dogs","1","Thu Apr 24, 2025, 9:00PM","34"
"Danny Welbeck","BHA","F","Claim","1-Morgan Rodgers Neighborhood","2","Thu Apr 24, 2025, 9:00PM","34"
"Pablo Sarabia","WOL","M","Claim","1-Tim's Team","2","Thu Apr 24, 2025, 9:00PM","34"
"Ryan Sessegnon","FUL","D","Claim","1-Mateta’s Muppets","1","Thu Apr 24, 2025, 9:00PM","34"
"Beto","EVE","F","Drop","1-Mateta’s Muppets","1","Thu Apr 24, 2025, 9:00PM","34"
"Robert Sanchez","CHE","G","Claim","1-Cruel Summerville","1","Thu Apr 24, 2025, 9:00PM","34"
"Dara O'Shea","BUR/IPS","D","Drop","1-The Riesterer Bunny","1","Thu Apr 24, 2025, 8:36PM","34"
"Jack Grealish","MCI","M","Drop","1-Cruel Summerville","1","Wed Apr 23, 2025, 8:31PM","34"
"Ruben Dias","MCI","D","Drop","1-Cruel Summerville","1","Wed Apr 23, 2025, 8:31PM","34"
"Richarlison","TOT","F","Drop","1-The Madd Hatters","1","Wed Apr 23, 2025, 7:54PM","34"
"Emiliano Martinez","AVL","G","Drop","1-The Madd Hatters","1","Mon Apr 21, 2025, 1:57PM","34"
"Jakub Kiwior","ARS","D","Drop","1-The Madd Hatters","1","Mon Apr 21, 2025, 1:56PM","34"
"Amadou Onana","AVL","M","Drop","1-The Madd Hatters","1","Mon Apr 21, 2025, 1:56PM","34"
"Jota Silva","NOT","F","Drop","1-The Madd Hatters","1","Mon Apr 21, 2025, 1:56PM","33"
"Richarlison","TOT","F","Claim","1-The Madd Hatters","1","Mon Apr 21, 2025, 1:56PM","33"
"Ezri Konsa","AVL","D","Drop","1-Dirty little Slot","1","Mon Apr 21, 2025, 1:52PM","34"
"Conor Bradley","LIV","D","Drop","1-Tim's Team","1","Sun Apr 20, 2025, 2:31PM","34"
"Bernardo Silva","MCI","M","Drop","1-Tim's Team","1","Sun Apr 20, 2025, 2:31PM","34"
"Nico O'Reilly","MCI","M","Drop","1-Tim's Team","1","Sun Apr 20, 2025, 2:31PM","34"
"Mateo Kovacic","MCI","M","Drop","1-The Riesterer Bunny","1","Sun Apr 20, 2025, 11:00AM","34"
"Stefan Ortega","MCI","G","Drop","1-The Riesterer Bunny","1","Sun Apr 20, 2025, 11:00AM","34"
"Sasa Lukic","FUL","M","Claim","1-Cruel Summerville","1","Sun Apr 20, 2025, 8:17AM","33"
"Matt Doherty","WOL","D","Drop","1-Cruel Summerville","1","Sun Apr 20, 2025, 8:17AM","33"
"Rodrigo Muniz","FUL","F","Drop","1-The Madd Hatters","1","Sun Apr 20, 2025, 8:15AM","33"
"Jota Silva","NOT","F","Claim","1-The Madd Hatters","1","Sun Apr 20, 2025, 7:58AM","33"
"Trevoh Chalobah","CHE/CRY","D","Claim","1-Morgan Rodgers Neighborhood","1","Sun Apr 20, 2025, 7:53AM","33"
"Joachim Andersen","CRY/FUL","D","Drop","1-Morgan Rodgers Neighborhood","1","Sun Apr 20, 2025, 7:53AM","33"
"Joachim Andersen","CRY/FUL","D","Claim","1-Morgan Rodgers Neighborhood","1","Sun Apr 20, 2025, 7:52AM","33"
"Pablo Sarabia","WOL","M","Drop","1-Morgan Rodgers Neighborhood","1","Sun Apr 20, 2025, 7:46AM","33"
"Donyell Malen","ARS/AVL","F","Drop","1-The Madd Hatters","1","Sat Apr 19, 2025, 11:49AM","33"
"Ezri Konsa","AVL","D","Claim","1-Dirty little Slot","1","Sat Apr 19, 2025, 11:32AM","33"
"Axel Disasi","CHE/AVL","D","Drop","1-Dirty little Slot","1","Sat Apr 19, 2025, 11:32AM","33"
"Paul Onuachu","SOU","F","Drop","1-Morgan Rodgers Neighborhood","1","Sat Apr 19, 2025, 11:32AM","34"
"Axel Disasi","CHE/AVL","D","Claim","1-Dirty little Slot","1","Sat Apr 19, 2025, 10:20AM","33"
"Ezri Konsa","AVL","D","Drop","1-Dirty little Slot","1","Sat Apr 19, 2025, 10:20AM","33"
"Marshall Munetsi","WOL","M","Claim","1-The Riesterer Bunny","1","Sat Apr 19, 2025, 9:23AM","33"
"James Mcatee","MCI","M","Drop","1-The Riesterer Bunny","1","Sat Apr 19, 2025, 9:18AM","33"
"Emmanuel Agbadou","WOL","D","Claim","1-The Riesterer Bunny","1","Sat Apr 19, 2025, 9:17AM","33"
"Jefferson Lerma","CRY","M","Drop","1-The Riesterer Bunny","1","Sat Apr 19, 2025, 9:14AM","33"
"Michael Kayode","BRF","D","Claim","1-Tim's Team","1","Sat Apr 19, 2025, 9:02AM","33"
"Valentino Livramento","NEW","D","Drop","1-Tim's Team","1","Sat Apr 19, 2025, 9:02AM","33"
"Simon Adingra","BHA","M","Drop","1-Tim's Team","1","Sat Apr 19, 2025, 9:00AM","33"
"Paul Onuachu","SOU","F","Claim","1-Morgan Rodgers Neighborhood","1","Sat Apr 19, 2025, 8:56AM","33"
"Marshall Munetsi","WOL","M","Drop","1-Morgan Rodgers Neighborhood","1","Sat Apr 19, 2025, 8:56AM","33"
"Ruben Dias","MCI","D","Claim","1-Cruel Summerville","1","Sat Apr 19, 2025, 8:51AM","33"
"Andre Onana","MUN","G","Claim","1-Dirty little Slot","1","Sat Apr 19, 2025, 8:49AM","33"
"Ederson","MCI","G","Drop","1-Dirty little Slot","1","Sat Apr 19, 2025, 8:49AM","33"
"Bilal El Khannouss","LEI","M","Claim","1- Schärholder Value","1","Sat Apr 19, 2025, 3:48AM","33"
"Illia Zabarnyi","BOU","D","Drop","1- Schärholder Value","1","Sat Apr 19, 2025, 3:48AM","33"
"Calvin Bassey","FUL","D","Claim","1- Schärholder Value","1","Sat Apr 19, 2025, 3:46AM","33"
"Yasin Ayari","BHA","M","Drop","1- Schärholder Value","1","Sat Apr 19, 2025, 3:46AM","33"
"Marshall Munetsi","WOL","M","Claim","1-Morgan Rodgers Neighborhood","1","Fri Apr 18, 2025, 12:22PM","33"
"Adama Traore","FUL","F","Drop","1-Morgan Rodgers Neighborhood","1","Fri Apr 18, 2025, 12:22PM","33"
"Ola Aina","NOT","D","Claim","1-Morgan Rodgers Neighborhood","1","Fri Apr 18, 2025, 10:13AM","33"
"Tyrone Mings","AVL","D","Drop","1-Morgan Rodgers Neighborhood","1","Fri Apr 18, 2025, 10:13AM","33"
"Tyrone Mings","AVL","D","Claim","1-Morgan Rodgers Neighborhood","1","Fri Apr 18, 2025, 8:28AM","33"
"Danny Welbeck","BHA","F","Drop","1-Morgan Rodgers Neighborhood","1","Fri Apr 18, 2025, 8:28AM","33"
"Stephy Mavididi","LEI","F","Claim","1-Morgan Rodgers Neighborhood","1","Fri Apr 18, 2025, 8:19AM","33"
"Pablo Sarabia","WOL","M","Claim","1-Morgan Rodgers Neighborhood","1","Fri Apr 18, 2025, 8:15AM","33"
"Konstantinos Tsimikas","LIV","D","Drop","1-Morgan Rodgers Neighborhood","1","Fri Apr 18, 2025, 8:15AM","33"
"Nico O'Reilly","MCI","M","Claim","1-Tim's Team","1","Fri Apr 18, 2025, 6:14AM","33"
"Ryan Sessegnon","FUL","D","Drop","1-Tim's Team","1","Fri Apr 18, 2025, 6:14AM","33"
"Bernardo Silva","MCI","M","Claim","1-Tim's Team","1","Fri Apr 18, 2025, 6:14AM","33"
"Marcos Senesi","BOU","D","Drop","1-Tim's Team","1","Fri Apr 18, 2025, 6:14AM","33"
"Ezri Konsa","AVL","D","Claim","1-Dirty little Slot","1","Thu Apr 17, 2025, 11:20PM","33"
"Ederson","MCI","G","Claim","1-Dirty little Slot","1","Thu Apr 17, 2025, 9:15PM","33"
"Altay Bayindir","MUN","G","Drop","1-Dirty little Slot","1","Thu Apr 17, 2025, 9:15PM","33"
"Jakub Kiwior","ARS","D","Claim","1-The Madd Hatters","1","Thu Apr 17, 2025, 9:02PM","33"
"Ian Maatsen","AVL","D","Drop","1-The Madd Hatters","1","Thu Apr 17, 2025, 9:02PM","33"
"Stefan Ortega","MCI","G","Claim","1-The Riesterer Bunny","1","Thu Apr 17, 2025, 9:00PM","33"
"Donyell Malen","ARS/AVL","F","Claim","1-The Madd Hatters","3","Thu Apr 17, 2025, 9:00PM","33"
"Mathys Tel","TOT","F","Drop","1-The Madd Hatters","3","Thu Apr 17, 2025, 9:00PM","33"
"James Mcatee","MCI","M","Claim","1-The Riesterer Bunny","2","Thu Apr 17, 2025, 9:00PM","33"
"Amadou Onana","AVL","M","Claim","1-The Madd Hatters","2","Thu Apr 17, 2025, 9:00PM","33"
"Daichi Kamada","CRY","M","Drop","1-The Madd Hatters","2","Thu Apr 17, 2025, 9:00PM","33"
"Mateo Kovacic","MCI","M","Claim","1-The Riesterer Bunny","1","Thu Apr 17, 2025, 9:00PM","33"
"Emiliano Martinez","AVL","G","Claim","1-The Madd Hatters","1","Thu Apr 17, 2025, 9:00PM","33"
"Alisson","LIV","G","Drop","1-The Madd Hatters","1","Thu Apr 17, 2025, 9:00PM","33"
"Trevoh Chalobah","CHE/CRY","D","Drop","1-The Riesterer Bunny","1","Thu Apr 17, 2025, 8:23PM","33"
"Jacob Ramsey","AVL","M","Drop","1-The Riesterer Bunny","1","Thu Apr 17, 2025, 8:21PM","33"
"Robert Sanchez","CHE","G","Drop","1-The Riesterer Bunny","1","Thu Apr 17, 2025, 8:18PM","33"
"Timothy Castagne","FUL","D","Claim","1-Dirty little Slot","1","Mon Apr 14, 2025, 1:52PM","32"
"Marcos Senesi","BOU","D","Claim","1-Tim's Team","1","Mon Apr 14, 2025, 1:50PM","32"
"Tosin Adarabioyo","CHE","D","Drop","1-The Riesterer Bunny","1","Sun Apr 13, 2025, 11:16AM","33"
"Andre Onana","MUN","G","Drop","1-Dirty little Slot","1","Sun Apr 13, 2025, 11:03AM","32"
"Illia Zabarnyi","BOU","D","Claim","1- Schärholder Value","1","Sun Apr 13, 2025, 10:41AM","32"
"Callum Wilson","NEW","F","Drop","1- Schärholder Value","1","Sun Apr 13, 2025, 10:41AM","32"
"Malo Gusto","CHE","D","Drop","1-Tim's Team","1","Sun Apr 13, 2025, 7:57AM","32"
"Altay Bayindir","MUN","G","Claim","1-Dirty little Slot","1","Sun Apr 13, 2025, 7:54AM","32"
"Alphonse Areola","WHU","G","Drop","1-Dirty little Slot","1","Sun Apr 13, 2025, 7:54AM","32"
"Alphonse Areola","WHU","G","Claim","1-Dirty little Slot","1","Sun Apr 13, 2025, 7:50AM","32"
"Andre Onana","MUN","G","Lineup Change","1-Dirty little Slot","1","Sun Apr 13, 2025, 7:50AM","32"
"Konstantinos Tsimikas","LIV","D","Claim","1-Morgan Rodgers Neighborhood","1","Sun Apr 13, 2025, 7:49AM","32"
"Pablo Sarabia","WOL","M","Drop","1-Morgan Rodgers Neighborhood","1","Sun Apr 13, 2025, 7:49AM","32"
"Robert Sanchez","CHE","G","Claim","1-The Riesterer Bunny","1","Sat Apr 12, 2025, 11:46AM","32"
"Caoimhin Kelleher","LIV","G","Drop","1-The Riesterer Bunny","1","Sat Apr 12, 2025, 11:46AM","32"
"Bilal El Khannouss","LEI","M","Drop","1-Cruel Summerville","1","Sat Apr 12, 2025, 9:56AM","32"
"Jacob Ramsey","AVL","M","Claim","1-The Riesterer Bunny","1","Sat Apr 12, 2025, 9:49AM","32"
"Joao Gomes","WOL","M","Drop","1-The Riesterer Bunny","1","Sat Apr 12, 2025, 9:49AM","32"
"Jack Harrison","EVE","M","Claim","1-The Riesterer Bunny","1","Sat Apr 12, 2025, 9:47AM","32"
"Ryan Yates","NOT","M","Drop","1-The Riesterer Bunny","1","Sat Apr 12, 2025, 9:46AM","32"
"Donyell Malen","ARS/AVL","F","Drop","1-john lim","1","Sat Apr 12, 2025, 9:35AM","32"
"Marshall Munetsi","WOL","M","Drop","1-Morgan Rodgers Neighborhood","1","Sat Apr 12, 2025, 9:04AM","32"
"Simon Adingra","BHA","M","Claim","1-Tim's Team","1","Sat Apr 12, 2025, 8:48AM","32"
"Emmanuel Agbadou","WOL","D","Drop","1-Tim's Team","1","Sat Apr 12, 2025, 8:48AM","32"
"Mathys Tel","TOT","F","Claim","1-The Madd Hatters","1","Sat Apr 12, 2025, 7:17AM","32"
"Bernardo Silva","MCI","M","Drop","1-The Madd Hatters","1","Sat Apr 12, 2025, 7:09AM","32"
"Andreas Pereira","FUL","M","Claim","1-Check Complete FC","1","Sat Apr 12, 2025, 4:38AM","32"
"Mateo Kovacic","MCI","M","Drop","1-Check Complete FC","1","Sat Apr 12, 2025, 4:37AM","32"
"Danny Welbeck","BHA","F","Claim","1-Morgan Rodgers Neighborhood","1","Sat Apr 12, 2025, 12:33AM","32"
"Mathys Tel","TOT","F","Drop","1-Morgan Rodgers Neighborhood","1","Sat Apr 12, 2025, 12:33AM","32"
"Mathys Tel","TOT","F","Claim","1-Morgan Rodgers Neighborhood","1","Sat Apr 12, 2025, 12:31AM","32"
"Ryan Sessegnon","FUL","D","Claim","1-Tim's Team","1","Fri Apr 11, 2025, 11:10PM","32"
"Emmanuel Agbadou","WOL","D","Claim","1-Tim's Team","1","Fri Apr 11, 2025, 4:51PM","32"
"Julio Enciso","BHA/IPS","M","Drop","1-Tim's Team","1","Fri Apr 11, 2025, 4:51PM","32"
"Alisson","LIV","G","Claim","1-The Madd Hatters","1","Fri Apr 11, 2025, 7:52AM","32"
"Alphonse Areola","WHU","G","Drop","1-The Madd Hatters","1","Fri Apr 11, 2025, 7:52AM","32"
"Yasin Ayari","BHA","M","Claim","1- Schärholder Value","1","Wed Apr 9, 2025, 2:56PM","32"
"Ryan Christie","BOU","M","Drop","1- Schärholder Value","1","Wed Apr 9, 2025, 2:56PM","32"
"Pablo Sarabia","WOL","M","Claim","1-Morgan Rodgers Neighborhood","1","Tue Apr 8, 2025, 9:25PM","32"
"Christopher Nkunku","CHE","F","Drop","1-Morgan Rodgers Neighborhood","1","Tue Apr 8, 2025, 9:25PM","32"
"Malo Gusto","CHE","D","Claim","1-Tim's Team","1","Tue Apr 8, 2025, 9:03PM","32"
"Daichi Kamada","CRY","M","Claim","1-The Madd Hatters","1","Tue Apr 8, 2025, 9:01PM","32"
"Ryan Sessegnon","FUL","D","Drop","1-The Madd Hatters","1","Tue Apr 8, 2025, 9:01PM","32"
"Levi Colwill","CHE","D","Claim","1-The Riesterer Bunny","1","Tue Apr 8, 2025, 9:01PM","32"
"Ian Maatsen","AVL","D","Claim","1-The Madd Hatters","1","Tue Apr 8, 2025, 9:01PM","32"
"Jefferson Lerma","CRY","M","Claim","1-The Riesterer Bunny","1","Tue Apr 8, 2025, 9:00PM","32"
"Rasmus Hojlund","MUN","F","Claim","1-Diamond Dogs","1","Tue Apr 8, 2025, 9:00PM","32"
"Mathys Tel","TOT","F","Drop","1-Diamond Dogs","1","Tue Apr 8, 2025, 9:00PM","32"
"Kiernan Dewsbury-Hall","CHE","M","Drop","1-The Madd Hatters","1","Mon Apr 7, 2025, 8:03PM","32"
"Jarrad Branthwaite","EVE","D","Drop","1-Tim's Team","1","Mon Apr 7, 2025, 7:26AM","32"
"Ben Davies","TOT","D","Drop","1-Morgan Rodgers Neighborhood","1","Mon Apr 7, 2025, 7:19AM","32"
"Alex Scott","BOU","M","Drop","1-The Riesterer Bunny","1","Sun Apr 6, 2025, 11:00AM","32"
"Cameron Archer","AVL/SOU","F","Drop","1-The Riesterer Bunny","1","Sun Apr 6, 2025, 10:59AM","32"
"Ryan Sessegnon","FUL","D","Claim","1-The Madd Hatters","1","Sun Apr 6, 2025, 8:52AM","31"
"Joachim Andersen","CRY/FUL","D","Drop","1-The Madd Hatters","1","Sun Apr 6, 2025, 8:52AM","31"
"Kiernan Dewsbury-Hall","CHE","M","Claim","1-The Madd Hatters","1","Sun Apr 6, 2025, 8:41AM","31"
"Konstantinos Tsimikas","LIV","D","Drop","1-The Madd Hatters","1","Sun Apr 6, 2025, 8:40AM","31"
"Tosin Adarabioyo","CHE","D","Claim","1-The Riesterer Bunny","1","Sun Apr 6, 2025, 8:39AM","31"
"Caoimhin Kelleher","LIV","G","Claim","1-The Riesterer Bunny","1","Sun Apr 6, 2025, 8:38AM","31"
"Alisson","LIV","G","Drop","1-The Riesterer Bunny","1","Sun Apr 6, 2025, 8:38AM","31"
"Levi Colwill","CHE","D","Drop","1-The Riesterer Bunny","1","Sun Apr 6, 2025, 8:38AM","31"
"Trevoh Chalobah","CHE/CRY","D","Claim","1-The Riesterer Bunny","1","Sun Apr 6, 2025, 8:36AM","31"
"Cameron Archer","AVL/SOU","F","Claim","1-The Riesterer Bunny","1","Sun Apr 6, 2025, 8:35AM","31"
"Tyler Dibling","SOU","M","Drop","1-The Riesterer Bunny","1","Sun Apr 6, 2025, 8:35AM","31"
"Andreas Pereira","FUL","M","Drop","1-The Riesterer Bunny","1","Sun Apr 6, 2025, 8:35AM","31"
"Ben Davies","TOT","D","Claim","1-Morgan Rodgers Neighborhood","1","Sun Apr 6, 2025, 7:53AM","31"
"Micky van de Ven","TOT","D","Drop","1-Morgan Rodgers Neighborhood","1","Sun Apr 6, 2025, 7:52AM","31"
"Christopher Nkunku","CHE","F","Claim","1-Morgan Rodgers Neighborhood","1","Sun Apr 6, 2025, 7:48AM","31"
"Nico O'Reilly","MCI","M","Drop","1-Morgan Rodgers Neighborhood","1","Sun Apr 6, 2025, 7:48AM","31"
"Rodrigo Muniz","FUL","F","Claim","1-The Madd Hatters","1","Sat Apr 5, 2025, 1:21PM","31"
"Mateo Kovacic","MCI","M","Claim","1-Check Complete FC","1","Sat Apr 5, 2025, 12:06PM","31"
"Nico O'Reilly","MCI","M","Claim","1-Morgan Rodgers Neighborhood","1","Sat Apr 5, 2025, 11:22AM","31"
"Callum Wilson","NEW","F","Claim","1- Schärholder Value","1","Sat Apr 5, 2025, 11:10AM","31"
"Rodrigo Muniz","FUL","F","Drop","1- Schärholder Value","1","Sat Apr 5, 2025, 11:10AM","31"
"Rodrigo Muniz","FUL","F","Claim","1- Schärholder Value","1","Sat Apr 5, 2025, 9:21AM","31"
"Andre","WOL","M","Drop","1- Schärholder Value","1","Sat Apr 5, 2025, 9:20AM","31"
"Harry Wilson","FUL","M","Claim","1-The Madd Hatters","1","Sat Apr 5, 2025, 9:08AM","31"
"Jaden Philogene-Bidace","AVL/IPS","F","Drop","1-The Madd Hatters","1","Sat Apr 5, 2025, 8:58AM","31"
"Matheus Franca","CRY","F","Drop","1-The Madd Hatters","1","Sat Apr 5, 2025, 8:58AM","31"
"Matt O'Riley","FUL/BHA","M","Claim","1-The Madd Hatters","1","Sat Apr 5, 2025, 8:58AM","31"
"Curtis Jones","LIV","M","Drop","1-The Madd Hatters","1","Sat Apr 5, 2025, 8:58AM","31"
"Micky van de Ven","TOT","D","Claim","1-Morgan Rodgers Neighborhood","1","Sat Apr 5, 2025, 8:15AM","31"
"Ryan Manning","SOU","D","Drop","1-Morgan Rodgers Neighborhood","1","Sat Apr 5, 2025, 8:15AM","31"
"Jarrad Branthwaite","EVE","D","Claim","1-Tim's Team","1","Sat Apr 5, 2025, 7:07AM","31"
"Konstantinos Mavropanos","WHU","D","Drop","1-Tim's Team","1","Sat Apr 5, 2025, 6:42AM","31"
"Carlos Alcaraz","SOU/EVE","M","Drop","1-Tim's Team","1","Sat Apr 5, 2025, 6:40AM","31"
"Facundo Buonanotte","LEI","M","Claim","1- Schärholder Value","1","Sat Apr 5, 2025, 3:29AM","31"
"Andre","WOL","M","Claim","1- Schärholder Value","1","Sat Apr 5, 2025, 3:28AM","31"
"Diego Gómez","BHA","M","Drop","1- Schärholder Value","1","Sat Apr 5, 2025, 3:28AM","31"
"Joachim Andersen","CRY/FUL","D","Claim","1-The Madd Hatters","1","Fri Apr 4, 2025, 9:12PM","31"
"Paul Onuachu","SOU","F","Drop","1-The Madd Hatters","1","Fri Apr 4, 2025, 9:12PM","31"
"Matheus Franca","CRY","F","Claim","1-The Madd Hatters","1","Fri Apr 4, 2025, 9:07PM","31"
"Timothy Castagne","FUL","D","Drop","1-The Madd Hatters","1","Fri Apr 4, 2025, 9:07PM","31"
"Bernardo Silva","MCI","M","Claim","1-The Madd Hatters","1","Fri Apr 4, 2025, 9:06PM","31"
"Casemiro","MUN","M","Drop","1-The Madd Hatters","1","Fri Apr 4, 2025, 9:06PM","31"
"Konstantinos Tsimikas","LIV","D","Claim","1-The Madd Hatters","1","Fri Apr 4, 2025, 9:05PM","31"
"Dara O'Shea","BUR/IPS","D","Claim","1-The Riesterer Bunny","1","Fri Apr 4, 2025, 9:00PM","31"
"Alex Scott","BOU","M","Claim","1-The Riesterer Bunny","1","Fri Apr 4, 2025, 9:00PM","31"
"Ryan Yates","NOT","M","Claim","1-The Riesterer Bunny","1","Fri Apr 4, 2025, 9:00PM","31"
"Alex Moreno","AVL/NOT","D","Claim","1-Morgan Rodgers Neighborhood","2","Fri Apr 4, 2025, 9:00PM","31"
"Valentino Livramento","NEW","D","Claim","1-Tim's Team","1","Fri Apr 4, 2025, 9:00PM","31"
"Jack Harrison","EVE","M","Drop","1-The Riesterer Bunny","1","Fri Apr 4, 2025, 8:26PM","31"
"Caoimhin Kelleher","LIV","G","Drop","1-The Riesterer Bunny","1","Fri Apr 4, 2025, 8:25PM","31"
"Luis Guilherme","WHU","F","Drop","1-Morgan Rodgers Neighborhood","1","Fri Apr 4, 2025, 3:18PM","31"
"Jarrad Branthwaite","EVE","D","Drop","1- Schärholder Value","1","Fri Apr 4, 2025, 2:19PM","31"
"Illia Zabarnyi","BOU","D","Drop","1-Tim's Team","1","Fri Apr 4, 2025, 10:28AM","31"
"Gabriel Magalhaes","ARS","D","Drop","1-The Riesterer Bunny","1","Fri Apr 4, 2025, 8:16AM","31"
"Joe Ayodele-Aribo","SOU","M","Drop","1-Dirty little Slot","1","Thu Apr 3, 2025, 6:21PM","31"
"Ben Davies","TOT","D","Drop","1-Dirty little Slot","1","Thu Apr 3, 2025, 6:21PM","31"
"Evan Ferguson","BHA/WHU","F","Drop","1-Morgan Rodgers Neighborhood","1","Thu Apr 3, 2025, 5:28PM","31"
"Ola Aina","NOT","D","Drop","1-Diamond Dogs","1","Thu Apr 3, 2025, 5:15PM","31"
"Federico Chiesa","LIV","F","Drop","1-The Madd Hatters","1","Wed Apr 2, 2025, 2:00PM","30"
"Sandro Tonali","NEW","M","Claim","1-Mateta’s Muppets","1","Wed Apr 2, 2025, 1:55PM","30"
"Mateo Kovacic","MCI","M","Drop","1-Mateta’s Muppets","1","Wed Apr 2, 2025, 1:55PM","30"
"Ryan Manning","SOU","D","Claim","1-Morgan Rodgers Neighborhood","1","Wed Apr 2, 2025, 1:50PM","30"
"Taiwo Awoniyi","NOT","F","Drop","1-Morgan Rodgers Neighborhood","1","Wed Apr 2, 2025, 1:50PM","31"
"Jarell Quansah","LIV","D","Drop","1-Morgan Rodgers Neighborhood","1","Wed Apr 2, 2025, 1:48PM","30"
"Taiwo Awoniyi","NOT","F","Claim","1-Morgan Rodgers Neighborhood","1","Wed Apr 2, 2025, 1:48PM","31"
"Jarell Quansah","LIV","D","Drop","1-Morgan Rodgers Neighborhood","1","Wed Apr 2, 2025, 1:48PM","31"
"Jarrad Branthwaite","EVE","D","Claim","1- Schärholder Value","1","Wed Apr 2, 2025, 1:47PM","30"
"Trevoh Chalobah","CHE/CRY","D","Drop","1- Schärholder Value","1","Wed Apr 2, 2025, 1:47PM","30"
"Omari Hutchinson","IPS","M","Drop","1-Check Complete FC","1","Wed Apr 2, 2025, 1:45PM","30"
"Abdukodir Khusanov","MCI","D","Drop","1-Check Complete FC","1","Wed Apr 2, 2025, 1:44PM","30"
"Curtis Jones","LIV","M","Claim","1-The Madd Hatters","1","Wed Apr 2, 2025, 1:35PM","30"
"Bernardo Silva","MCI","M","Drop","1-The Madd Hatters","1","Wed Apr 2, 2025, 1:35PM","30"
"Jack Grealish","MCI","M","Claim","1-Cruel Summerville","1","Wed Apr 2, 2025, 1:31PM","30"
"Casemiro","MUN","M","Claim","1-The Madd Hatters","1","Tue Apr 1, 2025, 1:58PM","30"
"Rodrigo Muniz","FUL","F","Drop","1-The Madd Hatters","1","Tue Apr 1, 2025, 1:35PM","30"
"Luis Guilherme","WHU","F","Claim","1-Morgan Rodgers Neighborhood","1","Tue Apr 1, 2025, 1:34PM","30"
"Christopher Nkunku","CHE","F","Drop","1-Morgan Rodgers Neighborhood","1","Tue Apr 1, 2025, 1:34PM","30"
"Evan Ferguson","BHA/WHU","F","Claim","1-Morgan Rodgers Neighborhood","1","Tue Apr 1, 2025, 1:31PM","30"
"Ryan Manning","SOU","D","Drop","1-Morgan Rodgers Neighborhood","1","Tue Apr 1, 2025, 1:31PM","30"
"Diego Gómez","BHA","M","Claim","1- Schärholder Value","1","Tue Apr 1, 2025, 12:31PM","30"
"Georginio Rutter","LEE/BHA","F","Drop","1- Schärholder Value","1","Tue Apr 1, 2025, 12:31PM","30"
"Conor Bradley","LIV","D","Claim","1-Tim's Team","1","Tue Apr 1, 2025, 9:13AM","30"
"Federico Chiesa","LIV","F","Claim","1-The Madd Hatters","1","Mon Mar 31, 2025, 1:56PM","30"
"Sasa Lukic","FUL","M","Drop","1-The Madd Hatters","1","Mon Mar 31, 2025, 1:56PM","30"
"Victor Lindelof","MUN","D","Drop","1-Tim's Team","1","Sun Mar 30, 2025, 8:48PM","30"
"Robert Sanchez","CHE","G","Drop","1-Cruel Summerville","1","Sun Mar 30, 2025, 6:04PM","30"
"Trevoh Chalobah","CHE/CRY","D","Claim","1- Schärholder Value","1","Sat Mar 29, 2025, 11:02AM","30"
"Amad Diallo","MUN","M","Claim","1- Schärholder Value","1","Sat Mar 29, 2025, 11:00AM","30"
"Jarrad Branthwaite","EVE","D","Drop","1- Schärholder Value","1","Sat Mar 29, 2025, 11:00AM","30"
"Danny Welbeck","BHA","F","Drop","1-john lim","1","Fri Mar 28, 2025, 12:15AM","30"
"Jack Clarke","TOT/IPS","F","Drop","1-john lim","1","Fri Mar 28, 2025, 12:14AM","30"
"Caoimhin Kelleher","LIV","G","Claim","1-The Riesterer Bunny","1","Thu Mar 27, 2025, 10:08AM","30"
"Jarell Quansah","LIV","D","Claim","1-Morgan Rodgers Neighborhood","1","Wed Mar 26, 2025, 6:48PM","30"
"Wesley Fofana","CHE","D","Drop","1-Morgan Rodgers Neighborhood","1","Wed Mar 26, 2025, 6:48PM","30"
"Ryan Manning","SOU","D","Claim","1-Morgan Rodgers Neighborhood","1","Wed Mar 26, 2025, 6:42PM","30"
"Emmanuel Agbadou","WOL","D","Drop","1-Morgan Rodgers Neighborhood","1","Wed Mar 26, 2025, 6:42PM","30"
"Bernardo Silva","MCI","M","Claim","1-The Madd Hatters","1","Tue Mar 25, 2025, 9:10PM","30"
"Jarell Quansah","LIV","D","Drop","1-The Madd Hatters","1","Tue Mar 25, 2025, 9:10PM","30"
"Sasa Lukic","FUL","M","Claim","1-The Madd Hatters","1","Tue Mar 25, 2025, 9:07PM","30"
"Diego Gómez","BHA","M","Drop","1-The Madd Hatters","1","Tue Mar 25, 2025, 9:07PM","30"
"Paul Onuachu","SOU","F","Claim","1-The Madd Hatters","1","Tue Mar 25, 2025, 9:01PM","30"
"Rodrigo Muniz","FUL","F","Claim","1-The Madd Hatters","1","Tue Mar 25, 2025, 9:01PM","30"
"Diego Gómez","BHA","M","Claim","1-The Madd Hatters","1","Tue Mar 25, 2025, 9:01PM","30"
"Jarell Quansah","LIV","D","Claim","1-The Madd Hatters","1","Tue Mar 25, 2025, 9:01PM","30"
"Mateo Kovacic","MCI","M","Claim","1-Mateta’s Muppets","2","Tue Mar 25, 2025, 9:00PM","30"
"Andreas Pereira","FUL","M","Claim","1-The Riesterer Bunny","1","Tue Mar 25, 2025, 9:00PM","30"
"Ben Davies","TOT","D","Claim","1-Dirty little Slot","1","Tue Mar 25, 2025, 9:00PM","30"
"Nick Pope","NEW","G","Claim","1-Mateta’s Muppets","1","Tue Mar 25, 2025, 9:00PM","30"
"Raheem Sterling","CHE/ARS","F","Drop","1-Diamond Dogs","1","Mon Mar 17, 2025, 1:55PM","30"
"Manuel Ugarte","MUN","M","Drop","1-Dirty little Slot","1","Sun Mar 16, 2025, 5:16PM","30"
"Willian","FUL","F","Drop","1-The Madd Hatters","1","Sun Mar 16, 2025, 5:13PM","30"
"Mads Hermansen","LEI","G","Drop","1-The Riesterer Bunny","1","Sun Mar 16, 2025, 5:03PM","30"
"Kalvin Phillips","IPS","M","Drop","1-Mateta’s Muppets","1","Sun Mar 16, 2025, 5:00PM","30"
"Nicolas Dominguez","NOT","M","Drop","1-Mateta’s Muppets","1","Sun Mar 16, 2025, 5:00PM","30"
"Willian","FUL","F","Claim","1-The Madd Hatters","1","Sun Mar 16, 2025, 9:04AM","29"
"Casemiro","MUN","M","Drop","1-The Madd Hatters","1","Sun Mar 16, 2025, 9:04AM","29"
"Kamaldeen Sulemana","SOU","M","Drop","1-The Madd Hatters","1","Sat Mar 15, 2025, 1:46PM","30"
"Leif Davis","IPS","D","Drop","1-The Madd Hatters","1","Sat Mar 15, 2025, 1:46PM","30"
"Robert Sanchez","CHE","G","Claim","1-Cruel Summerville","1","Sat Mar 15, 2025, 1:27PM","29"
"Reece James","CHE","D","Claim","1 - Law of Averages","1","Sat Mar 15, 2025, 12:49PM","29"
"Tosin Adarabioyo","CHE","D","Drop","1 - Law of Averages","1","Sat Mar 15, 2025, 12:49PM","29"
"Vitaly Janelt","BRF","M","Claim","1 - Law of Averages","1","Sat Mar 15, 2025, 12:48PM","29"
"Curtis Jones","LIV","M","Drop","1 - Law of Averages","1","Sat Mar 15, 2025, 12:48PM","29"
"Abdoulaye Doucoure","EVE","M","Drop","1-The Riesterer Bunny","1","Sat Mar 15, 2025, 12:48PM","30"
"Kamaldeen Sulemana","SOU","M","Claim","1-The Madd Hatters","1","Sat Mar 15, 2025, 10:56AM","29"
"James Garner","EVE","M","Drop","1-The Madd Hatters","1","Sat Mar 15, 2025, 10:56AM","29"
"James Garner","EVE","M","Claim","1-The Madd Hatters","1","Sat Mar 15, 2025, 10:54AM","29"
"Pape Sarr","TOT","M","Drop","1-The Madd Hatters","1","Sat Mar 15, 2025, 10:54AM","29"
"Omari Hutchinson","IPS","M","Claim","1-Check Complete FC","1","Sat Mar 15, 2025, 10:08AM","29"
"Solly March","BHA","M","Drop","1-Check Complete FC","1","Sat Mar 15, 2025, 10:08AM","29"
"Emmanuel Agbadou","WOL","D","Claim","1-Morgan Rodgers Neighborhood","1","Sat Mar 15, 2025, 9:59AM","29"
"Andreas Pereira","FUL","M","Drop","1-Morgan Rodgers Neighborhood","1","Sat Mar 15, 2025, 9:59AM","29"
"Konstantinos Mavropanos","WHU","D","Claim","1-Tim's Team","1","Sat Mar 15, 2025, 9:58AM","29"
"Ryan Manning","SOU","D","Drop","1-Tim's Team","1","Sat Mar 15, 2025, 9:58AM","29"
"Tyler Dibling","SOU","M","Claim","1-The Riesterer Bunny","1","Sat Mar 15, 2025, 9:54AM","29"
"Emmanuel Agbadou","WOL","D","Drop","1-The Riesterer Bunny","1","Sat Mar 15, 2025, 9:54AM","29"
"Emmanuel Agbadou","WOL","D","Claim","1-The Riesterer Bunny","1","Sat Mar 15, 2025, 9:51AM","29"
"Bernardo Silva","MCI","M","Drop","1-The Riesterer Bunny","1","Sat Mar 15, 2025, 9:50AM","29"
"Ilkay Gundogan","MCI","M","Claim","1-Dirty little Slot","1","Sat Mar 15, 2025, 9:49AM","29"
"Timothy Castagne","FUL","D","Claim","1-The Madd Hatters","1","Sat Mar 15, 2025, 8:46AM","29"
"Luke Thomas","LEI","D","Drop","1-The Madd Hatters","1","Sat Mar 15, 2025, 8:46AM","29"
"Luke Thomas","LEI","D","Claim","1-The Madd Hatters","1","Sat Mar 15, 2025, 7:59AM","29"
"Emmanuel Agbadou","WOL","D","Drop","1-The Madd Hatters","1","Sat Mar 15, 2025, 7:59AM","29"
"Manuel Ugarte","MUN","M","Claim","1-Dirty little Slot","1","Sat Mar 15, 2025, 7:56AM","29"
"Kevin Danso","SOU/TOT","D","Drop","1-Dirty little Slot","1","Sat Mar 15, 2025, 7:53AM","29"
"Rodrigo Muniz","FUL","F","Drop","1-Dirty little Slot","1","Sat Mar 15, 2025, 7:52AM","29"
"Emmanuel Agbadou","WOL","D","Claim","1-The Madd Hatters","1","Sat Mar 15, 2025, 7:51AM","29"
"Oliver Scarles","WHU","D","Drop","1-The Madd Hatters","1","Sat Mar 15, 2025, 7:51AM","29"
"Ryan Manning","SOU","D","Claim","1-Tim's Team","1","Tue Mar 11, 2025, 10:02PM","29"
"James Garner","EVE","M","Drop","1-Tim's Team","1","Tue Mar 11, 2025, 10:01PM","29"
"James Garner","EVE","M","Claim","1-Tim's Team","1","Tue Mar 11, 2025, 10:00PM","29"
"Victor Lindelof","MUN","D","Claim","1-Tim's Team","1","Tue Mar 11, 2025, 9:59PM","29"
"James Hill","BOU","D","Drop","1-Tim's Team","1","Tue Mar 11, 2025, 9:59PM","29"
"James Hill","BOU","D","Claim","1-Tim's Team","1","Tue Mar 11, 2025, 9:54PM","29"
"Illia Zabarnyi","BOU","D","Claim","1-Tim's Team","1","Tue Mar 11, 2025, 9:51PM","29"
"Adam Webster","BHA","D","Drop","1-Tim's Team","1","Tue Mar 11, 2025, 9:49PM","29"
"Nicolas Dominguez","NOT","M","Claim","1-Mateta’s Muppets","1","Tue Mar 11, 2025, 9:38PM","29"
"Casemiro","MUN","M","Claim","1-The Madd Hatters","1","Tue Mar 11, 2025, 9:19PM","29"
"Mads Hermansen","LEI","G","Claim","1-The Riesterer Bunny","1","Tue Mar 11, 2025, 9:02PM","29"
"Riccardo Calafiori","ARS","D","Drop","1-The Riesterer Bunny","1","Tue Mar 11, 2025, 9:02PM","29"
"Leif Davis","IPS","D","Claim","1-The Madd Hatters","2","Tue Mar 11, 2025, 9:00PM","29"
"Tyler Adams","BOU","M","Claim","1-Diamond Dogs","1","Tue Mar 11, 2025, 9:00PM","29"
"Mateo Kovacic","MCI","M","Drop","1-Diamond Dogs","1","Tue Mar 11, 2025, 9:00PM","29"
"Abdukodir Khusanov","MCI","D","Claim","1-Check Complete FC","1","Tue Mar 11, 2025, 9:00PM","29"
"Edson Alvarez","WHU","M","Drop","1- Schärholder Value","1","Tue Mar 11, 2025, 4:03PM","29"
"Eddie Nketiah","ARS/CRY","F","Drop","1-Tim's Team","1","Tue Mar 11, 2025, 1:25PM","29"
"Oliver Scarles","WHU","D","Claim","1-The Madd Hatters","1","Mon Mar 10, 2025, 3:11PM","28"
"Joe Willock","NEW","M","Drop","1-The Madd Hatters","1","Mon Mar 10, 2025, 3:09PM","28"
"Joe Willock","NEW","M","Claim","1-The Madd Hatters","1","Sun Mar 9, 2025, 9:29PM","28"
"Pape Sarr","TOT","M","Claim","1-The Madd Hatters","1","Sun Mar 9, 2025, 9:55AM","28"
"Wilson Odobert","TOT","F","Drop","1-The Madd Hatters","1","Sun Mar 9, 2025, 9:55AM","28"
"James Hill","BOU","D","Drop","1-The Madd Hatters","1","Sun Mar 9, 2025, 9:47AM","28"
"James Hill","BOU","D","Claim","1-The Madd Hatters","1","Sun Mar 9, 2025, 8:52AM","28"
"Wilson Odobert","TOT","F","Claim","1-The Madd Hatters","1","Sun Mar 9, 2025, 8:51AM","28"
"Facundo Buonanotte","LEI","M","Drop","1-The Madd Hatters","1","Sun Mar 9, 2025, 8:50AM","28"
"Alex Scott","BOU","M","Drop","1-The Madd Hatters","1","Sun Mar 9, 2025, 8:50AM","28"
"Wesley Fofana","CHE","D","Claim","1-Morgan Rodgers Neighborhood","1","Sun Mar 9, 2025, 8:48AM","28"
"Reece James","CHE","D","Drop","1-Morgan Rodgers Neighborhood","1","Sun Mar 9, 2025, 8:48AM","28"
"Leon Bailey","AVL","M","Drop","1-Mateta’s Muppets","1","Sat Mar 8, 2025, 7:47PM","29"
"Alex Scott","BOU","M","Claim","1-The Madd Hatters","1","Sat Mar 8, 2025, 1:52PM","28"
"Abdoulaye Doucoure","EVE","M","Claim","1-The Riesterer Bunny","1","Sat Mar 8, 2025, 1:49PM","28"
"Alex Scott","BOU","M","Drop","1-The Riesterer Bunny","1","Sat Mar 8, 2025, 1:49PM","28"
"Konstantinos Tsimikas","LIV","D","Drop","1-The Madd Hatters","1","Sat Mar 8, 2025, 1:00PM","29"
"Kamaldeen Sulemana","SOU","M","Drop","1-The Madd Hatters","1","Sat Mar 8, 2025, 1:00PM","29"
"Leon Bailey","AVL","M","Claim","1-Mateta’s Muppets","1","Sat Mar 8, 2025, 12:11PM","28"
"Jose Sa","WOL","G","Claim","1- Schärholder Value","1","Sat Mar 8, 2025, 11:37AM","28"
"Emiliano Martinez","AVL","G","Drop","1- Schärholder Value","1","Sat Mar 8, 2025, 11:37AM","28"
"Idrissa Gueye","EVE","M","Claim","1-Diamond Dogs","1","Sat Mar 8, 2025, 9:35AM","28"
"Manuel Ugarte","MUN","M","Drop","1-Diamond Dogs","1","Sat Mar 8, 2025, 9:35AM","28"
"Diogo Dalot","MUN","D","Claim","1-Diamond Dogs","1","Sat Mar 8, 2025, 9:34AM","28"
"Omari Hutchinson","IPS","M","Drop","1-Diamond Dogs","1","Sat Mar 8, 2025, 9:34AM","28"
"Jack Clarke","TOT/IPS","F","Claim","1-john lim","1","Sat Mar 8, 2025, 9:22AM","28"
"Tariq Lamptey","BHA","D","Drop","1-john lim","1","Sat Mar 8, 2025, 9:20AM","28"
"Ryan Sessegnon","FUL","D","Drop","1-Mateta’s Muppets","1","Sat Mar 8, 2025, 9:15AM","28"
"Joachim Andersen","CRY/FUL","D","Drop","1-The Madd Hatters","1","Sat Mar 8, 2025, 9:06AM","28"
"Harvey Elliott","LIV","M","Drop","1-Tim's Team","1","Sat Mar 8, 2025, 8:46AM","28"
"Harvey Elliott","LIV","M","Claim","1-Tim's Team","1","Sat Mar 8, 2025, 8:43AM","28"
"Trevoh Chalobah","CHE/CRY","D","Drop","1-Tim's Team","1","Sat Mar 8, 2025, 8:43AM","28"
"Curtis Jones","LIV","M","Claim","1 - Law of Averages","1","Sat Mar 8, 2025, 7:17AM","28"
"Tyler Adams","BOU","M","Drop","1 - Law of Averages","1","Sat Mar 8, 2025, 7:17AM","28"
"Jack Grealish","MCI","M","Drop","1-Cruel Summerville","1","Sat Mar 8, 2025, 6:40AM","28"
"Trevoh Chalobah","CHE/CRY","D","Claim","1-Tim's Team","1","Thu Mar 6, 2025, 4:45PM","28"
"Trevoh Chalobah","CHE/CRY","D","Drop","1-Tim's Team","1","Thu Mar 6, 2025, 2:37PM","28"
"Trevoh Chalobah","CHE/CRY","D","Claim","1-Tim's Team","1","Thu Mar 6, 2025, 2:10PM","28"
"Jarell Quansah","LIV","D","Drop","1-Tim's Team","1","Thu Mar 6, 2025, 2:10PM","28"
"Jarell Quansah","LIV","D","Claim","1-Tim's Team","1","Thu Mar 6, 2025, 5:59AM","28"
"Edson Alvarez","WHU","M","Claim","1- Schärholder Value","1","Thu Mar 6, 2025, 12:02AM","28"
"Emmanuel Agbadou","WOL","D","Drop","1- Schärholder Value","1","Thu Mar 6, 2025, 12:02AM","28"
"James Hill","BOU","D","Drop","1-Tim's Team","1","Wed Mar 5, 2025, 11:36AM","28"
"Kieran Trippier","NEW","D","Claim","1-Cruel Summerville","1","Wed Mar 5, 2025, 7:04AM","28"
"Lewis Hall","NEW","D","Drop","1-Cruel Summerville","1","Wed Mar 5, 2025, 7:04AM","28"
"James Hill","BOU","D","Claim","1-Tim's Team","1","Tue Mar 4, 2025, 10:38PM","28"
"Evan Ferguson","BHA/WHU","F","Drop","1-Tim's Team","1","Tue Mar 4, 2025, 10:12PM","28"
"Adam Webster","BHA","D","Claim","1-Tim's Team","1","Tue Mar 4, 2025, 10:06PM","28"
"Eddie Nketiah","ARS/CRY","F","Claim","1-Tim's Team","1","Tue Mar 4, 2025, 9:42PM","28"
"Joao Gomes","WOL","M","Claim","1-The Riesterer Bunny","1","Tue Mar 4, 2025, 9:05PM","28"
"Alex Scott","BOU","M","Claim","1-The Riesterer Bunny","1","Tue Mar 4, 2025, 9:05PM","28"
"Kamaldeen Sulemana","SOU","M","Claim","1-The Madd Hatters","1","Tue Mar 4, 2025, 9:04PM","28"
"Lucas Bergvall","TOT","M","Claim","1 - Law of Averages","2","Tue Mar 4, 2025, 9:00PM","28"
"Sandro Tonali","NEW","M","Drop","1 - Law of Averages","2","Tue Mar 4, 2025, 9:00PM","28"
"Jake O'Brien","EVE","D","Claim","1-Morgan Rodgers Neighborhood","1","Tue Mar 4, 2025, 9:00PM","28"
"Oliver Scarles","WHU","D","Drop","1-Morgan Rodgers Neighborhood","1","Tue Mar 4, 2025, 9:00PM","28"
"Harvey Barnes","NEW","M","Claim","1-The Riesterer Bunny","1","Tue Mar 4, 2025, 9:00PM","28"
"Tosin Adarabioyo","CHE","D","Claim","1 - Law of Averages","1","Tue Mar 4, 2025, 9:00PM","28"
"Rasmus Hojlund","MUN","F","Drop","1 - Law of Averages","1","Tue Mar 4, 2025, 9:00PM","28"
"Kevin Danso","SOU/TOT","D","Claim","1-Dirty little Slot","1","Tue Mar 4, 2025, 9:00PM","28"
"Kristoffer Ajer","BRF","D","Drop","1-Dirty little Slot","1","Tue Mar 4, 2025, 9:00PM","28"
"Lewis Miley","NEW","M","Drop","1-The Riesterer Bunny","1","Tue Mar 4, 2025, 8:12PM","28"
"Sasa Lukic","FUL","M","Drop","1-The Riesterer Bunny","1","Tue Mar 4, 2025, 8:12PM","28"
"Malo Gusto","CHE","D","Drop","1-Tim's Team","1","Tue Mar 4, 2025, 12:14PM","28"
"Diogo Dalot","MUN","D","Drop","1-Tim's Team","1","Wed Feb 26, 2025, 8:09PM","28"
"Idrissa Gueye","EVE","M","Drop","1-The Madd Hatters","1","Wed Feb 26, 2025, 5:39PM","28"
"Joshua Zirkzee","MUN","F","Claim","1-john lim","1","Wed Feb 26, 2025, 2:26PM","27"
"Ilkay Gundogan","MCI","M","Drop","1-john lim","1","Wed Feb 26, 2025, 2:26PM","27"
"Manuel Ugarte","MUN","M","Claim","1-Diamond Dogs","1","Wed Feb 26, 2025, 2:13PM","27"
"Curtis Jones","LIV","M","Drop","1-Diamond Dogs","1","Wed Feb 26, 2025, 2:13PM","27"
"Konstantinos Tsimikas","LIV","D","Claim","1-The Madd Hatters","1","Wed Feb 26, 2025, 1:59PM","27"
"Leif Davis","IPS","D","Drop","1-The Madd Hatters","1","Wed Feb 26, 2025, 1:59PM","27"
"Kristoffer Ajer","BRF","D","Claim","1-Dirty little Slot","1","Wed Feb 26, 2025, 1:30PM","27"
"Abdoulaye Doucoure","EVE","M","Drop","1-Dirty little Slot","1","Wed Feb 26, 2025, 1:30PM","27"
"Will Hughes","CRY","M","Drop","1-The Riesterer Bunny","1","Wed Feb 26, 2025, 11:27AM","28"
"Jacob Ramsey","AVL","M","Drop","1-Check Complete FC","1","Tue Feb 25, 2025, 2:29PM","27"
"Myles Lewis-Skelly","ARS","M","Drop","1-Check Complete FC","1","Tue Feb 25, 2025, 2:29PM","27"
"Wilfred Ndidi","LEI","M","Claim","1-Mateta’s Muppets","1","Tue Feb 25, 2025, 2:22PM","27"
"Ryan Sessegnon","FUL","D","Claim","1-Mateta’s Muppets","1","Tue Feb 25, 2025, 2:20PM","27"
"Welington Damascena Santos","SOU","D","Drop","1-Mateta’s Muppets","1","Tue Feb 25, 2025, 2:13PM","27"
"Malo Gusto","CHE","D","Claim","1-Tim's Team","1","Tue Feb 25, 2025, 2:08PM","27"
"Kevin Danso","SOU/TOT","D","Drop","1-Tim's Team","1","Tue Feb 25, 2025, 2:08PM","27"
"Andre Onana","MUN","G","Claim","1-Dirty little Slot","1","Tue Feb 25, 2025, 1:58PM","27"
"Martin Dubravka","NEW","G","Drop","1-Dirty little Slot","1","Tue Feb 25, 2025, 1:58PM","27"
"Facundo Buonanotte","LEI","M","Claim","1-The Madd Hatters","1","Tue Feb 25, 2025, 1:38PM","27"
"Lucas Bergvall","TOT","M","Drop","1-The Madd Hatters","1","Tue Feb 25, 2025, 1:38PM","27"
"Andreas Pereira","FUL","M","Claim","1-Morgan Rodgers Neighborhood","1","Tue Feb 25, 2025, 1:32PM","27"
"Facundo Buonanotte","LEI","M","Drop","1-Morgan Rodgers Neighborhood","1","Tue Feb 25, 2025, 1:32PM","27"
"Abdoulaye Doucoure","EVE","M","Claim","1-Dirty little Slot","1","Tue Feb 25, 2025, 1:30PM","27"
"Illia Zabarnyi","BOU","D","Drop","1-Dirty little Slot","1","Tue Feb 25, 2025, 1:30PM","27"
"Joe Ayodele-Aribo","SOU","M","Claim","1-Dirty little Slot","1","Tue Feb 25, 2025, 1:27PM","27"
"Matthijs de Ligt","MUN","D","Claim","1-Dirty little Slot","1","Tue Feb 25, 2025, 1:25PM","27"
"Will Hughes","CRY","M","Claim","1-The Riesterer Bunny","1","Tue Feb 25, 2025, 1:18PM","27"
"Ben Chilwell","CHE/CRY","D","Drop","1-The Riesterer Bunny","1","Tue Feb 25, 2025, 1:18PM","27"
"Jack Grealish","MCI","M","Claim","1-Cruel Summerville","1","Tue Feb 25, 2025, 1:16PM","27"
"Jefferson Lerma","CRY","M","Drop","1-Cruel Summerville","1","Tue Feb 25, 2025, 1:16PM","27"
"Mateo Kovacic","MCI","M","Claim","1-Diamond Dogs","1","Tue Feb 25, 2025, 11:13AM","27"
"Rico Henry","BRF","D","Drop","1-Diamond Dogs","1","Tue Feb 25, 2025, 11:13AM","27"
"Rasmus Hojlund","MUN","F","Claim","1 - Law of Averages","1","Tue Feb 25, 2025, 10:34AM","27"
"Alphonse Areola","WHU","G","Claim","1-The Madd Hatters","1","Mon Feb 24, 2025, 9:01PM","27"
"Aaron Ramsdale","ARS/SOU","G","Drop","1-The Madd Hatters","1","Mon Feb 24, 2025, 9:01PM","27"
"Lewis Miley","NEW","M","Claim","1-The Riesterer Bunny","1","Mon Feb 24, 2025, 9:01PM","27"
"Casemiro","MUN","M","Drop","1-The Riesterer Bunny","1","Mon Feb 24, 2025, 9:01PM","27"
"Adam Wharton","CRY","M","Claim","1-Tim's Team","1","Mon Feb 24, 2025, 9:01PM","27"
"Jarell Quansah","LIV","D","Drop","1-Tim's Team","1","Mon Feb 24, 2025, 9:01PM","27"
"Idrissa Gueye","EVE","M","Claim","1-The Madd Hatters","1","Mon Feb 24, 2025, 9:00PM","27"
"Leif Davis","IPS","D","Claim","1-The Madd Hatters","1","Mon Feb 24, 2025, 9:00PM","27"
"Facundo Buonanotte","LEI","M","Claim","1-Morgan Rodgers Neighborhood","2","Mon Feb 24, 2025, 9:00PM","27"
"Oliver Scarles","WHU","D","Claim","1-Morgan Rodgers Neighborhood","1","Mon Feb 24, 2025, 9:00PM","27"
"Jack Harrison","EVE","M","Claim","1-The Riesterer Bunny","1","Mon Feb 24, 2025, 9:00PM","27"
"Diogo Dalot","MUN","D","Claim","1-Tim's Team","1","Mon Feb 24, 2025, 9:00PM","27"
"Destiny Udogie","TOT","D","Claim","1-john lim","1","Mon Feb 24, 2025, 9:00PM","27"
"Trevoh Chalobah","CHE/CRY","D","Drop","1-Morgan Rodgers Neighborhood","1","Mon Feb 24, 2025, 2:47PM","27"
"Nico González","MCI","M","Drop","1-Tim's Team","1","Mon Feb 24, 2025, 7:04AM","27"
"Kamaldeen Sulemana","SOU","M","Drop","1-Morgan Rodgers Neighborhood","1","Sun Feb 23, 2025, 2:22PM","27"
"Curtis Jones","LIV","M","Claim","1-Diamond Dogs","1","Sun Feb 23, 2025, 11:06AM","26"
"Mateo Kovacic","MCI","M","Drop","1-Diamond Dogs","1","Sun Feb 23, 2025, 11:06AM","26"
"Jarell Quansah","LIV","D","Claim","1-Tim's Team","1","Sat Feb 22, 2025, 3:25PM","26"
"Yasin Ayari","BHA","M","Drop","1-The Madd Hatters","1","Sat Feb 22, 2025, 2:46PM","27"
"Jacob Ramsey","AVL","M","Claim","1-Check Complete FC","1","Sat Feb 22, 2025, 11:43AM","26"
"James Hill","BOU","D","Drop","1-The Riesterer Bunny","1","Sat Feb 22, 2025, 11:21AM","27"
"Joao Gomes","WOL","M","Drop","1-The Madd Hatters","1","Sat Feb 22, 2025, 11:11AM","27"
"Yasin Ayari","BHA","M","Claim","1-The Madd Hatters","1","Sat Feb 22, 2025, 9:51AM","26"
"Joao Gomes","WOL","M","Claim","1-The Madd Hatters","1","Sat Feb 22, 2025, 9:51AM","26"
"Tyler Dibling","SOU","M","Drop","1-The Madd Hatters","1","Sat Feb 22, 2025, 9:50AM","26"
"Lesley Ugochukwu","CHE/SOU","M","Drop","1-The Madd Hatters","1","Sat Feb 22, 2025, 9:50AM","26"
"Toti","WOL","D","Claim","1-The Riesterer Bunny","1","Sat Feb 22, 2025, 9:13AM","26"
"Joao Gomes","WOL","M","Drop","1-The Riesterer Bunny","1","Sat Feb 22, 2025, 9:13AM","26"
"Tariq Lamptey","BHA","D","Claim","1-john lim","1","Sat Feb 22, 2025, 9:08AM","26"
"Jan-Paul van Hecke","BHA","D","Claim","1-Check Complete FC","1","Sat Feb 22, 2025, 9:07AM","26"
"Joao Gomes","WOL","M","Claim","1-The Riesterer Bunny","1","Sat Feb 22, 2025, 9:07AM","26"
"Adam Wharton","CRY","M","Drop","1-The Riesterer Bunny","1","Sat Feb 22, 2025, 9:07AM","26"
"Jaden Philogene-Bidace","AVL/IPS","F","Claim","1-The Madd Hatters","1","Sat Feb 22, 2025, 9:06AM","26"
"James Hill","BOU","D","Claim","1-The Riesterer Bunny","1","Sat Feb 22, 2025, 9:05AM","26"
"Jefferson Lerma","CRY","M","Claim","1-Cruel Summerville","1","Sat Feb 22, 2025, 9:05AM","26"
"Toti","WOL","D","Drop","1-Cruel Summerville","1","Sat Feb 22, 2025, 9:05AM","26"
"Toti","WOL","D","Claim","1-Cruel Summerville","1","Sat Feb 22, 2025, 9:02AM","26"
"Joel Veltman","BHA","D","Drop","1-The Riesterer Bunny","1","Sat Feb 22, 2025, 9:01AM","26"
"Lesley Ugochukwu","CHE/SOU","M","Claim","1-The Madd Hatters","1","Sat Feb 22, 2025, 9:01AM","26"
"Joao Gomes","WOL","M","Drop","1-The Madd Hatters","1","Sat Feb 22, 2025, 9:01AM","26"
"Ben Davies","TOT","D","Drop","1-Cruel Summerville","1","Sat Feb 22, 2025, 9:00AM","26"
"Tyler Dibling","SOU","M","Claim","1-The Madd Hatters","1","Sat Feb 22, 2025, 8:59AM","26"
"Joao Gomes","WOL","M","Claim","1-The Madd Hatters","1","Sat Feb 22, 2025, 8:59AM","26"
"Paul Onuachu","SOU","F","Drop","1-The Madd Hatters","1","Sat Feb 22, 2025, 8:57AM","26"
"Jean-Ricner Bellegarde","WOL","M","Claim","1-Morgan Rodgers Neighborhood","1","Sat Feb 22, 2025, 8:51AM","26"
"Leif Davis","IPS","D","Drop","1-Morgan Rodgers Neighborhood","1","Sat Feb 22, 2025, 8:51AM","26"
"Marshall Munetsi","WOL","M","Claim","1-Morgan Rodgers Neighborhood","1","Sat Feb 22, 2025, 8:47AM","26"
"Filip Jørgensen","CHE","G","Drop","1-Morgan Rodgers Neighborhood","1","Sat Feb 22, 2025, 8:47AM","26"
"Ben Davies","TOT","D","Claim","1-Cruel Summerville","1","Sat Feb 22, 2025, 12:55AM","26"
"Will Hughes","CRY","M","Drop","1-The Madd Hatters","1","Fri Feb 21, 2025, 9:35AM","26"
"James Garner","EVE","M","Drop","1-The Madd Hatters","1","Fri Feb 21, 2025, 9:35AM","26"
"Will Hughes","CRY","M","Claim","1-The Madd Hatters","1","Thu Feb 20, 2025, 9:25PM","26"
"Guglielmo Vicario","TOT","G","Claim","1-Morgan Rodgers Neighborhood","1","Thu Feb 20, 2025, 9:12PM","26"
"Joel Veltman","BHA","D","Claim","1-The Riesterer Bunny","1","Thu Feb 20, 2025, 9:07PM","26"
"Diogo Dalot","MUN","D","Drop","1-The Riesterer Bunny","1","Thu Feb 20, 2025, 9:07PM","26"
"Ben Chilwell","CHE/CRY","D","Claim","1-The Riesterer Bunny","1","Thu Feb 20, 2025, 9:00PM","26"
"Casemiro","MUN","M","Claim","1-The Riesterer Bunny","1","Thu Feb 20, 2025, 9:00PM","26"
"Joachim Andersen","CRY/FUL","D","Claim","1-The Madd Hatters","3","Thu Feb 20, 2025, 9:00PM","26"
"Kamaldeen Sulemana","SOU","M","Claim","1-Morgan Rodgers Neighborhood","3","Thu Feb 20, 2025, 9:00PM","26"
"Sasa Lukic","FUL","M","Claim","1-The Riesterer Bunny","3","Thu Feb 20, 2025, 9:00PM","26"
"Beto","EVE","F","Claim","1-Mateta’s Muppets","1","Thu Feb 20, 2025, 9:00PM","26"
"Mikel Merino","NEW/ARS","M","Claim","1- Schärholder Value","1","Thu Feb 20, 2025, 9:00PM","26"
"Destiny Udogie","TOT","D","Drop","1- Schärholder Value","1","Thu Feb 20, 2025, 9:00PM","26"
"Sepp van den Berg","LIV/BRF","D","Drop","1-The Madd Hatters","1","Thu Feb 20, 2025, 9:39AM","26"
"Jacob Ramsey","AVL","M","Drop","1-The Riesterer Bunny","1","Thu Feb 20, 2025, 12:54AM","26"
"Rasmus Hojlund","MUN","F","Drop","1-Morgan Rodgers Neighborhood","1","Wed Feb 19, 2025, 5:08PM","26"
"Amad Diallo","MUN","M","Drop","1-Morgan Rodgers Neighborhood","1","Wed Feb 19, 2025, 5:07PM","26"
"Axel Disasi","CHE/AVL","D","Drop","1-The Madd Hatters","1","Wed Feb 19, 2025, 4:32PM","26"
"Jacob Greaves","IPS","D","Drop","1-Mateta’s Muppets","1","Sun Feb 16, 2025, 9:52AM","26"
"Kevin Danso","SOU/TOT","D","Claim","1-Tim's Team","1","Sun Feb 16, 2025, 7:51AM","25"
"Konstantinos Tsimikas","LIV","D","Drop","1-Tim's Team","1","Sun Feb 16, 2025, 7:51AM","25"
"Rasmus Hojlund","MUN","F","Claim","1-Morgan Rodgers Neighborhood","1","Sat Feb 15, 2025, 3:58PM","25"
"David Brooks","BOU","M","Drop","1-The Riesterer Bunny","1","Sat Feb 15, 2025, 11:47AM","26"
"Carlos Alcaraz","SOU/EVE","M","Claim","1-Tim's Team","1","Sat Feb 15, 2025, 11:28AM","25"
"Beto","EVE","F","Drop","1-Tim's Team","1","Sat Feb 15, 2025, 11:28AM","25"
"Adam Wharton","CRY","M","Claim","1-The Riesterer Bunny","1","Sat Feb 15, 2025, 10:35AM","25"
"Boubacar Kamara","AVL","M","Drop","1-The Riesterer Bunny","1","Sat Feb 15, 2025, 10:33AM","26"
"Emmanuel Agbadou","WOL","D","Claim","1- Schärholder Value","1","Sat Feb 15, 2025, 9:35AM","25"
"Kobbie Mainoo","MUN","M","Drop","1- Schärholder Value","1","Sat Feb 15, 2025, 9:35AM","25"
"Adam Wharton","CRY","M","Drop","1-Tim's Team","1","Sat Feb 15, 2025, 9:15AM","25"
"Kalvin Phillips","IPS","M","Claim","1-Mateta’s Muppets","1","Sat Feb 15, 2025, 9:12AM","25"
"Nick Pope","NEW","G","Drop","1-Mateta’s Muppets","1","Sat Feb 15, 2025, 9:12AM","25"
"Jack Grealish","MCI","M","Drop","1-Cruel Summerville","1","Sat Feb 15, 2025, 9:02AM","25"
"Welington Damascena Santos","SOU","D","Claim","1-Mateta’s Muppets","1","Sat Feb 15, 2025, 8:50AM","25"
"Albert Grønbæk","SOU","M","Drop","1-Mateta’s Muppets","1","Sat Feb 15, 2025, 8:50AM","25"
"Mikel Merino","NEW/ARS","M","Drop","1-The Riesterer Bunny","1","Thu Feb 13, 2025, 11:05PM","25"
"Max Kilman","WHU","D","Claim","1-john lim","1","Fri Feb 14, 2025, 9:07PM","25"
"Lisandro Martinez","MUN","D","Drop","1-john lim","1","Fri Feb 14, 2025, 9:06PM","25"
"Romain Esse","CRY","M","Drop","1 - Law of Averages","1","Fri Feb 14, 2025, 2:33PM","25"
"Emmanuel Agbadou","WOL","D","Drop","1-Morgan Rodgers Neighborhood","1","Fri Feb 14, 2025, 2:23PM","25"
"João Félix","CHE","F","Drop","1-Check Complete FC","1","Fri Feb 14, 2025, 2:10PM","25"
"Destiny Udogie","TOT","D","Claim","1- Schärholder Value","1","Fri Feb 14, 2025, 11:54AM","25"
"Carlos Alcaraz","SOU/EVE","M","Drop","1- Schärholder Value","1","Fri Feb 14, 2025, 11:54AM","25"
"Emmanuel Agbadou","WOL","D","Claim","1-Morgan Rodgers Neighborhood","1","Fri Feb 14, 2025, 9:28AM","25"
"Idrissa Gueye","EVE","M","Drop","1-Morgan Rodgers Neighborhood","1","Fri Feb 14, 2025, 9:23AM","25"
"Konstantinos Tsimikas","LIV","D","Claim","1-Tim's Team","1","Fri Feb 14, 2025, 6:46AM","25"
"Adam Wharton","CRY","M","Claim","1-Tim's Team","1","Fri Feb 14, 2025, 6:33AM","25"
"Carlos Alcaraz","SOU/EVE","M","Claim","1- Schärholder Value","1","Thu Feb 13, 2025, 9:03PM","25"
"Joshua Zirkzee","MUN","F","Drop","1- Schärholder Value","1","Thu Feb 13, 2025, 9:03PM","25"
"Boubacar Kamara","AVL","M","Claim","1-The Riesterer Bunny","1","Thu Feb 13, 2025, 9:01PM","25"
"Romain Esse","CRY","M","Claim","1 - Law of Averages","4","Thu Feb 13, 2025, 9:00PM","25"
"Sepp van den Berg","LIV/BRF","D","Claim","1-The Madd Hatters","13","Thu Feb 13, 2025, 9:00PM","25"
"Ben Chilwell","CHE/CRY","D","Drop","1-The Madd Hatters","13","Thu Feb 13, 2025, 9:00PM","25"
"Niclas Füllkrug","WHU","F","Claim","1 - Law of Averages","2","Thu Feb 13, 2025, 9:00PM","25"
"James Ward-Prowse","WHU/NOT","M","Claim","1-Morgan Rodgers Neighborhood","4","Thu Feb 13, 2025, 9:00PM","25"
"Axel Disasi","CHE/AVL","D","Claim","1-The Madd Hatters","10","Thu Feb 13, 2025, 9:00PM","25"
"Facundo Buonanotte","LEI","M","Drop","1-The Madd Hatters","10","Thu Feb 13, 2025, 9:00PM","25"
"Nico González","MCI","M","Claim","1-Tim's Team","4","Thu Feb 13, 2025, 9:00PM","25"
"Patrick Dorgu","MUN","D","Claim","1 - Law of Averages","1","Thu Feb 13, 2025, 9:00PM","25"
"Trevoh Chalobah","CHE/CRY","D","Claim","1-Morgan Rodgers Neighborhood","3","Thu Feb 13, 2025, 9:00PM","25"
"Pedro Neto","CHE","F","Claim","1-The Riesterer Bunny","3","Thu Feb 13, 2025, 9:00PM","25"
"Marco Asensio","AVL","F","Claim","1-Mateta’s Muppets","1","Thu Feb 13, 2025, 9:00PM","25"
"Mathys Tel","TOT","F","Claim","1-The Madd Hatters","1","Thu Feb 13, 2025, 9:00PM","25"
"Jake O'Brien","EVE","D","Drop","1-The Madd Hatters","1","Thu Feb 13, 2025, 9:00PM","25"
"Raheem Sterling","CHE/ARS","F","Claim","1-Diamond Dogs","1","Thu Feb 13, 2025, 9:00PM","25"
"Jhon Duran","AVL","F","Drop","1-Diamond Dogs","1","Thu Feb 13, 2025, 9:00PM","25"
"Reiss Nelson","ARS/FUL","F","Drop","1-The Riesterer Bunny","1","Thu Feb 13, 2025, 10:33AM","25"
"Richarlison","TOT","F","Drop","1-Morgan Rodgers Neighborhood","1","Wed Feb 12, 2025, 3:46PM","25"
"James Justin","LEI","D","Drop","1-Diamond Dogs","1","Wed Feb 12, 2025, 9:39AM","25"
"Kai Havertz","ARS","F","Drop","1-Tim's Team","1","Wed Feb 12, 2025, 8:59AM","25"
"Jesper Lindstrøm","EVE","M","Drop","1 - Law of Averages","1","Wed Feb 5, 2025, 2:31AM","25"
"Tosin Adarabioyo","CHE","D","Drop","1 - Law of Averages","1","Wed Feb 5, 2025, 2:31AM","25"
"Ashley Young","EVE","D","Drop","1 - Law of Averages","1","Wed Feb 5, 2025, 2:30AM","25"
"Tosin Adarabioyo","CHE","D","Claim","1 - Law of Averages","1","Mon Feb 3, 2025, 2:50PM","24"
"Trevoh Chalobah","CHE/CRY","D","Drop","1 - Law of Averages","1","Mon Feb 3, 2025, 2:50PM","24"
"Filip Jørgensen","CHE","G","Claim","1-Morgan Rodgers Neighborhood","1","Mon Feb 3, 2025, 1:46PM","24"
"Robert Sanchez","CHE","G","Drop","1-Morgan Rodgers Neighborhood","1","Mon Feb 3, 2025, 1:46PM","24"
"Mario Lemina","WOL","M","Drop","1-Mateta’s Muppets","1","Mon Feb 3, 2025, 12:12PM","25"
"Ben Chilwell","CHE/CRY","D","Claim","1-The Madd Hatters","1","Mon Feb 3, 2025, 6:40AM","24"
"Pedro Neto","CHE","F","Drop","1-The Madd Hatters","1","Mon Feb 3, 2025, 6:40AM","24"
"Hakon Valdimarsson","BRF","G","Drop","1-Tim's Team","1","Sun Feb 2, 2025, 8:23PM","25"
"Djed Spence","TOT","D","Claim","1-john lim","1","Sun Feb 2, 2025, 8:28AM","24"
"Mathias Jensen","BRF","M","Drop","1-john lim","1","Sun Feb 2, 2025, 8:27AM","24"
"Hakon Valdimarsson","BRF","G","Claim","1-Tim's Team","1","Sun Feb 2, 2025, 8:06AM","24"
"Adam Wharton","CRY","M","Drop","1-Tim's Team","1","Sun Feb 2, 2025, 8:06AM","24"
"Richarlison","TOT","F","Claim","1-Morgan Rodgers Neighborhood","1","Sun Feb 2, 2025, 7:52AM","24"
"Kiernan Dewsbury-Hall","CHE","M","Drop","1-Morgan Rodgers Neighborhood","1","Sun Feb 2, 2025, 7:52AM","24"
"Goncalo Guedes","WOL","F","Drop","1-The Riesterer Bunny","1","Sat Feb 1, 2025, 6:16PM","25"
"Adam Wharton","CRY","M","Claim","1-Tim's Team","1","Sat Feb 1, 2025, 6:15PM","24"
"Richarlison","TOT","F","Drop","1-Tim's Team","1","Sat Feb 1, 2025, 6:15PM","24"
"Goncalo Guedes","WOL","F","Claim","1-The Riesterer Bunny","1","Sat Feb 1, 2025, 11:21AM","24"
"Leon Bailey","AVL","M","Drop","1-The Riesterer Bunny","1","Sat Feb 1, 2025, 11:21AM","24"
"Joel Veltman","BHA","D","Drop","1-Mateta’s Muppets","1","Sat Feb 1, 2025, 9:33AM","25"
"Aaron Ramsdale","ARS/SOU","G","Claim","1-The Madd Hatters","1","Sat Feb 1, 2025, 9:17AM","24"
"Filip Jørgensen","CHE","G","Drop","1-The Madd Hatters","1","Sat Feb 1, 2025, 9:17AM","24"
"Albert Grønbæk","SOU","M","Claim","1-Mateta’s Muppets","1","Sat Feb 1, 2025, 8:56AM","24"
"Andreas Pereira","FUL","M","Drop","1-Mateta’s Muppets","1","Sat Feb 1, 2025, 8:56AM","24"
"Matt Doherty","WOL","D","Claim","1-Cruel Summerville","1","Sat Feb 1, 2025, 8:49AM","24"
"Konstantinos Tsimikas","LIV","D","Drop","1-Morgan Rodgers Neighborhood","1","Sat Feb 1, 2025, 8:48AM","24"
"Kieran Trippier","NEW","D","Drop","1-Cruel Summerville","1","Sat Feb 1, 2025, 8:46AM","24"
"Jhon Duran","AVL","F","Claim","1-Diamond Dogs","1","Sat Feb 1, 2025, 7:22AM","24"
"Yasin Ayari","BHA","M","Drop","1-Diamond Dogs","1","Sat Feb 1, 2025, 7:22AM","24"
"Filip Jørgensen","CHE","G","Claim","1-The Madd Hatters","1","Sat Feb 1, 2025, 7:02AM","24"
"Aaron Ramsdale","ARS/SOU","G","Drop","1-The Madd Hatters","1","Sat Feb 1, 2025, 7:02AM","24"
"Kobbie Mainoo","MUN","M","Claim","1- Schärholder Value","1","Sat Feb 1, 2025, 2:41AM","24"
"Simon Adingra","BHA","M","Drop","1- Schärholder Value","1","Sat Feb 1, 2025, 2:41AM","24"
"Mikel Merino","NEW/ARS","M","Claim","1-The Riesterer Bunny","1","Sat Feb 1, 2025, 2:02AM","24"
"Jan-Paul van Hecke","BHA","D","Drop","1-The Riesterer Bunny","1","Sat Feb 1, 2025, 2:02AM","24"
"Sandro Tonali","NEW","M","Claim","1 - Law of Averages","1","Sat Feb 1, 2025, 1:52AM","24"
"Stephy Mavididi","LEI","F","Drop","1 - Law of Averages","1","Sat Feb 1, 2025, 1:52AM","24"
"Marcus Rashford","MUN/AVL","F","Claim","1-Tim's Team","1","Fri Jan 31, 2025, 4:28PM","24"
"Kobbie Mainoo","MUN","M","Drop","1-Tim's Team","1","Fri Jan 31, 2025, 4:28PM","24"
"Konstantinos Tsimikas","LIV","D","Claim","1-Morgan Rodgers Neighborhood","1","Fri Jan 31, 2025, 10:36AM","24"
"Ben Davies","TOT","D","Drop","1-Morgan Rodgers Neighborhood","1","Fri Jan 31, 2025, 10:36AM","24"
"Leon Bailey","AVL","M","Claim","1-The Riesterer Bunny","1","Thu Jan 30, 2025, 10:47PM","24"
"Mikel Merino","NEW/ARS","M","Drop","1-The Riesterer Bunny","1","Thu Jan 30, 2025, 10:47PM","24"
"Reiss Nelson","ARS/FUL","F","Claim","1-The Riesterer Bunny","1","Thu Jan 30, 2025, 9:04PM","24"
"Harry Wilson","FUL","M","Drop","1-The Riesterer Bunny","1","Thu Jan 30, 2025, 9:04PM","24"
"Harry Wilson","FUL","M","Claim","1-The Riesterer Bunny","1","Thu Jan 30, 2025, 9:01PM","24"
"Dominic Calvert-Lewin","EVE","F","Drop","1-The Riesterer Bunny","1","Thu Jan 30, 2025, 9:01PM","24"
"Kobbie Mainoo","MUN","M","Claim","1-Tim's Team","1","Thu Jan 30, 2025, 9:00PM","24"
"Mads Hermansen","LEI","G","Drop","1-Tim's Team","1","Thu Jan 30, 2025, 9:00PM","24"
"James Garner","EVE","M","Claim","1-The Madd Hatters","1","Thu Jan 30, 2025, 6:42PM","24"
"Leon Bailey","AVL","M","Drop","1-The Madd Hatters","1","Thu Jan 30, 2025, 6:42PM","24"
"Aaron Ramsdale","ARS/SOU","G","Claim","1-The Madd Hatters","1","Thu Jan 30, 2025, 6:41PM","24"
"Alex McCarthy","SOU","G","Drop","1-The Madd Hatters","1","Thu Jan 30, 2025, 6:41PM","24"
"Simon Adingra","BHA","M","Claim","1- Schärholder Value","1","Thu Jan 30, 2025, 1:22PM","24"
"Michael Kayode","BRF","D","Drop","1- Schärholder Value","1","Thu Jan 30, 2025, 1:22PM","24"
"Mikel Merino","NEW/ARS","M","Claim","1-The Riesterer Bunny","1","Thu Jan 30, 2025, 11:04AM","24"
"Adam Wharton","CRY","M","Drop","1-The Riesterer Bunny","1","Thu Jan 30, 2025, 11:04AM","24"
"Mads Hermansen","LEI","G","Claim","1-Tim's Team","1","Thu Jan 30, 2025, 9:54AM","24"
"Djed Spence","TOT","D","Drop","1-Tim's Team","1","Thu Jan 30, 2025, 9:54AM","24"
"Evan Ferguson","BHA/WHU","F","Claim","1-Tim's Team","1","Thu Jan 30, 2025, 9:53AM","24"
"Sepp van den Berg","LIV/BRF","D","Drop","1-Tim's Team","1","Thu Jan 30, 2025, 9:53AM","24"
"Paul Onuachu","SOU","F","Claim","1-The Madd Hatters","1","Wed Jan 29, 2025, 4:29PM","24"
"Konstantinos Tsimikas","LIV","D","Drop","1-The Madd Hatters","1","Wed Jan 29, 2025, 4:29PM","24"
"Djed Spence","TOT","D","Claim","1-Tim's Team","1","Wed Jan 29, 2025, 4:25PM","24"
"Jhon Duran","AVL","F","Drop","1-Tim's Team","1","Wed Jan 29, 2025, 4:24PM","24"
"Michael Kayode","BRF","D","Claim","1- Schärholder Value","1","Tue Jan 28, 2025, 10:59PM","24"
"Max Kilman","WHU","D","Drop","1- Schärholder Value","1","Tue Jan 28, 2025, 10:59PM","24"
"Alex McCarthy","SOU","G","Claim","1-The Madd Hatters","1","Tue Jan 28, 2025, 9:59PM","24"
"Christian Walton","IPS","G","Drop","1-The Madd Hatters","1","Tue Jan 28, 2025, 9:59PM","24"
"Joel Veltman","BHA","D","Claim","1-Mateta’s Muppets","1","Tue Jan 28, 2025, 9:43PM","24"
"Will Hughes","CRY","M","Drop","1-Mateta’s Muppets","1","Tue Jan 28, 2025, 9:43PM","24"
"Adama Traore","FUL","F","Claim","1-Morgan Rodgers Neighborhood","1","Tue Jan 28, 2025, 9:34PM","24"
"Carlos Soler","WHU","M","Drop","1-Morgan Rodgers Neighborhood","1","Tue Jan 28, 2025, 9:34PM","24"
"Beto","EVE","F","Claim","1-Tim's Team","1","Tue Jan 28, 2025, 9:03PM","24"
"Konstantinos Tsimikas","LIV","D","Claim","1-The Madd Hatters","1","Tue Jan 28, 2025, 9:02PM","24"
"Reiss Nelson","ARS/FUL","F","Drop","1-The Madd Hatters","1","Tue Jan 28, 2025, 9:02PM","24"
"Christian Walton","IPS","G","Claim","1-The Madd Hatters","1","Tue Jan 28, 2025, 9:02PM","24"
"Leon Bailey","AVL","M","Claim","1-The Madd Hatters","1","Tue Jan 28, 2025, 9:01PM","24"
"Harry Wilson","FUL","M","Drop","1-The Madd Hatters","1","Tue Jan 28, 2025, 9:01PM","24"
"Jake O'Brien","EVE","D","Claim","1-The Madd Hatters","1","Tue Jan 28, 2025, 9:00PM","24"
"Richarlison","TOT","F","Claim","1-Tim's Team","1","Tue Jan 28, 2025, 9:00PM","24"
"Kepa","CHE/BOU","G","Claim","1 - Law of Averages","4","Tue Jan 28, 2025, 9:00PM","24"
"Bart Verbruggen","BHA","G","Drop","1 - Law of Averages","4","Tue Jan 28, 2025, 9:00PM","24"
"Harry Maguire","MUN","D","Claim","1-Morgan Rodgers Neighborhood","3","Tue Jan 28, 2025, 9:00PM","24"
"Tyler Adams","BOU","M","Claim","1 - Law of Averages","1","Tue Jan 28, 2025, 9:00PM","24"
"Idrissa Gueye","EVE","M","Claim","1-Morgan Rodgers Neighborhood","2","Tue Jan 28, 2025, 9:00PM","24"
"Jarrad Branthwaite","EVE","D","Claim","1- Schärholder Value","1","Tue Jan 28, 2025, 9:00PM","24"
"Sasa Lukic","FUL","M","Drop","1- Schärholder Value","1","Tue Jan 28, 2025, 9:00PM","24"
"Valentino Livramento","NEW","D","Drop","1-Tim's Team","1","Tue Jan 28, 2025, 8:56PM","24"
"Antonin Kinsky","TOT","G","Drop","1-Tim's Team","1","Tue Jan 28, 2025, 8:55PM","24"
"Richarlison","TOT","F","Drop","1-Morgan Rodgers Neighborhood","1","Tue Jan 28, 2025, 4:18PM","24"
"Timothy Castagne","FUL","D","Drop","1-Tim's Team","1","Mon Jan 27, 2025, 9:42AM","24"
"Jota Silva","NOT","F","Drop","1-The Madd Hatters","1","Sun Jan 26, 2025, 4:16PM","24"
"Rasmus Hojlund","MUN","F","Drop","1 - Law of Averages","1","Sun Jan 26, 2025, 3:17PM","24"
"Sasa Lukic","FUL","M","Claim","1- Schärholder Value","1","Sun Jan 26, 2025, 11:02AM","23"
"Boubacar Kamara","AVL","M","Drop","1- Schärholder Value","1","Sun Jan 26, 2025, 11:02AM","23"
"Carlos Soler","WHU","M","Claim","1-Morgan Rodgers Neighborhood","1","Sun Jan 26, 2025, 10:17AM","23"
"Harry Maguire","MUN","D","Drop","1-Morgan Rodgers Neighborhood","1","Sun Jan 26, 2025, 10:17AM","23"
"Sepp van den Berg","LIV/BRF","D","Claim","1-Tim's Team","1","Sun Jan 26, 2025, 8:55AM","23"
"Djed Spence","TOT","D","Drop","1-Tim's Team","1","Sun Jan 26, 2025, 8:55AM","23"
"Chris Richards","CRY","D","Claim","1 - Law of Averages","1","Sun Jan 26, 2025, 3:01AM","23"
"Abdukodir Khusanov","MCI","D","Drop","1-Dirty little Slot","1","Sat Jan 25, 2025, 2:06PM","24"
"Dara O'Shea","BUR/IPS","D","Drop","1-john lim","1","Sat Jan 25, 2025, 11:44AM","24"
"Ilkay Gundogan","MCI","M","Claim","1-john lim","1","Sat Jan 25, 2025, 11:44AM","23"
"Andre Onana","MUN","G","Drop","1-Morgan Rodgers Neighborhood","1","Sat Jan 25, 2025, 11:38AM","23"
"Abdukodir Khusanov","MCI","D","Claim","1-Dirty little Slot","1","Sat Jan 25, 2025, 11:22AM","23"
"Valentino Livramento","NEW","D","Claim","1-Tim's Team","1","Sat Jan 25, 2025, 9:49AM","23"
"Tariq Lamptey","BHA","D","Drop","1-Tim's Team","1","Sat Jan 25, 2025, 9:49AM","23"
"Tariq Lamptey","BHA","D","Claim","1-Tim's Team","1","Sat Jan 25, 2025, 9:21AM","23"
"Mikel Merino","NEW/ARS","M","Drop","1-Tim's Team","1","Sat Jan 25, 2025, 9:21AM","23"
"Boubacar Kamara","AVL","M","Claim","1- Schärholder Value","1","Sat Jan 25, 2025, 9:06AM","23"
"Sandro Tonali","NEW","M","Drop","1- Schärholder Value","1","Sat Jan 25, 2025, 9:04AM","23"
"Sven Botman","NEW","D","Drop","1-john lim","1","Sat Jan 25, 2025, 9:04AM","23"
"Myles Lewis-Skelly","ARS","M","Claim","1-Check Complete FC","1","Sat Jan 25, 2025, 8:50AM","23"
"Harry Maguire","MUN","D","Claim","1-Morgan Rodgers Neighborhood","1","Sat Jan 25, 2025, 8:47AM","23"
"Jarrad Branthwaite","EVE","D","Drop","1-Morgan Rodgers Neighborhood","1","Sat Jan 25, 2025, 8:47AM","23"
"Ben Davies","TOT","D","Claim","1-Morgan Rodgers Neighborhood","1","Sat Jan 25, 2025, 8:32AM","23"
"Leon Bailey","AVL","M","Drop","1-Morgan Rodgers Neighborhood","1","Sat Jan 25, 2025, 8:32AM","23"
"Omar Marmoush","MCI","F","Claim","1-Tim's Team","1","Thu Jan 23, 2025, 9:01PM","23"
"Tyler Adams","BOU","M","Drop","1-Tim's Team","1","Thu Jan 23, 2025, 9:01PM","23"
"Rasmus Hojlund","MUN","F","Claim","1 - Law of Averages","1","Thu Jan 23, 2025, 9:00PM","23"
"Curtis Jones","LIV","M","Drop","1 - Law of Averages","1","Thu Jan 23, 2025, 9:00PM","23"
"Jota Silva","NOT","F","Claim","1-The Madd Hatters","1","Thu Jan 23, 2025, 1:10PM","23"
"Konstantinos Tsimikas","LIV","D","Drop","1-The Madd Hatters","1","Thu Jan 23, 2025, 1:10PM","23"
"Konstantinos Tsimikas","LIV","D","Claim","1-The Madd Hatters","1","Thu Jan 23, 2025, 8:51AM","23"
"Joao Gomes","WOL","M","Drop","1-The Madd Hatters","1","Thu Jan 23, 2025, 8:51AM","23"
"Abdoulaye Doucoure","EVE","M","Drop","1 - Law of Averages","1","Thu Jan 23, 2025, 8:38AM","23"
"Ethan Nwaneri","ARS","M","Claim","1- Schärholder Value","1","Wed Jan 22, 2025, 4:26PM","23"
"Omari Hutchinson","IPS","M","Claim","1-Diamond Dogs","1","Wed Jan 22, 2025, 11:43AM","23"
"Valentino Livramento","NEW","D","Drop","1-Diamond Dogs","1","Wed Jan 22, 2025, 11:43AM","23"
"Keane Lewis-Potter","BRF","F","Claim","1-Diamond Dogs","1","Wed Jan 22, 2025, 10:47AM","23"
"Casemiro","MUN","M","Drop","1-Diamond Dogs","1","Wed Jan 22, 2025, 10:47AM","23"
"Julio Enciso","BHA/IPS","M","Claim","1-Tim's Team","1","Wed Jan 22, 2025, 10:28AM","23"
"Reiss Nelson","ARS/FUL","F","Claim","1-The Madd Hatters","1","Wed Jan 22, 2025, 10:26AM","23"
"James Garner","EVE","M","Drop","1-The Madd Hatters","1","Wed Jan 22, 2025, 10:26AM","23"
"Jacob Greaves","IPS","D","Claim","1-Mateta’s Muppets","1","Wed Jan 22, 2025, 9:19AM","23"
"Boubacar Kamara","AVL","M","Drop","1- Schärholder Value","1","Wed Jan 22, 2025, 12:45AM","23"
"Sandro Tonali","NEW","M","Claim","1- Schärholder Value","1","Wed Jan 22, 2025, 12:44AM","23"
"Emerson","WHU","D","Drop","1- Schärholder Value","1","Wed Jan 22, 2025, 12:44AM","23"
"Joao Gomes","WOL","M","Claim","1-The Madd Hatters","1","Tue Jan 21, 2025, 9:08PM","23"
"Levi Colwill","CHE","D","Claim","1-The Riesterer Bunny","1","Tue Jan 21, 2025, 9:03PM","23"
"Rasmus Hojlund","MUN","F","Drop","1-The Riesterer Bunny","1","Tue Jan 21, 2025, 9:03PM","23"
"Jan-Paul van Hecke","BHA","D","Claim","1-The Riesterer Bunny","1","Tue Jan 21, 2025, 9:00PM","23"
"Dominic Calvert-Lewin","EVE","F","Claim","1-The Riesterer Bunny","2","Tue Jan 21, 2025, 9:00PM","23"
"Richarlison","TOT","F","Claim","1-Morgan Rodgers Neighborhood","1","Tue Jan 21, 2025, 9:00PM","23"
"Jesper Lindstrøm","EVE","M","Claim","1 - Law of Averages","1","Tue Jan 21, 2025, 9:00PM","23"
"David Brooks","BOU","M","Claim","1-The Riesterer Bunny","1","Tue Jan 21, 2025, 9:00PM","23"
"Konstantinos Tsimikas","LIV","D","Drop","1-Tim's Team","1","Tue Jan 21, 2025, 8:41PM","23"
"Tosin Adarabioyo","CHE","D","Drop","1-The Riesterer Bunny","1","Tue Jan 21, 2025, 7:20PM","23"
"Pablo Sarabia","WOL","M","Drop","1-The Madd Hatters","1","Mon Jan 20, 2025, 7:13PM","23"
"Malo Gusto","CHE","D","Drop","1-Mateta’s Muppets","1","Mon Jan 20, 2025, 3:31PM","23"
"Tosin Adarabioyo","CHE","D","Claim","1-The Riesterer Bunny","1","Mon Jan 20, 2025, 2:27PM","22"
"Levi Colwill","CHE","D","Drop","1-The Riesterer Bunny","1","Mon Jan 20, 2025, 2:27PM","22"
"Pablo Sarabia","WOL","M","Claim","1-The Madd Hatters","1","Mon Jan 20, 2025, 1:49PM","22"
"Ilkay Gundogan","MCI","M","Drop","1-The Riesterer Bunny","1","Sun Jan 19, 2025, 4:35PM","23"
"Ilkay Gundogan","MCI","M","Claim","1-The Riesterer Bunny","1","Fri Jan 17, 2025, 11:05PM","22"
"Matt O'Riley","FUL/BHA","M","Drop","1-The Riesterer Bunny","1","Fri Jan 17, 2025, 11:05PM","22"
"Mario Lemina","WOL","M","Claim","1-Mateta’s Muppets","1","Sun Jan 19, 2025, 11:03AM","22"
"Jacob Greaves","IPS","D","Drop","1-Mateta’s Muppets","1","Sun Jan 19, 2025, 11:03AM","22"
"Matt O'Riley","FUL/BHA","M","Drop","1-The Riesterer Bunny","1","Sun Jan 19, 2025, 11:02AM","23"
"Richarlison","TOT","F","Drop","1-The Madd Hatters","1","Sun Jan 19, 2025, 8:39AM","22"
"Abdoulaye Doucoure","EVE","M","Claim","1 - Law of Averages","1","Sun Jan 19, 2025, 7:51AM","22"
"Malo Gusto","CHE","D","Claim","1-Mateta’s Muppets","1","Sat Jan 18, 2025, 7:21PM","22"
"Matt Doherty","WOL","D","Drop","1-Mateta’s Muppets","1","Sat Jan 18, 2025, 7:21PM","22"
"Richarlison","TOT","F","Claim","1-The Madd Hatters","1","Sat Jan 18, 2025, 5:33PM","22"
"Rodrigo Gomes","WOL","F","Drop","1-The Madd Hatters","1","Sat Jan 18, 2025, 5:33PM","22"
"Konstantinos Mavropanos","WHU","D","Drop","1-The Riesterer Bunny","1","Sat Jan 18, 2025, 11:59AM","23"
"Nelson Semedo","WOL","D","Claim","1-Cruel Summerville","1","Sat Jan 18, 2025, 10:02AM","22"
"Tyrone Mings","AVL","D","Drop","1-Cruel Summerville","1","Sat Jan 18, 2025, 10:02AM","22"
"Konstantinos Tsimikas","LIV","D","Claim","1-Tim's Team","1","Sat Jan 18, 2025, 8:27AM","22"
"Taiwo Awoniyi","NOT","F","Drop","1-Tim's Team","1","Sat Jan 18, 2025, 8:27AM","22"
"Antonin Kinsky","TOT","G","Claim","1-Tim's Team","1","Sat Jan 18, 2025, 7:25AM","22"
"Kepa","CHE/BOU","G","Drop","1-Tim's Team","1","Sat Jan 18, 2025, 7:25AM","22"
"Kepa","CHE/BOU","G","Claim","1-Tim's Team","1","Sat Jan 18, 2025, 7:17AM","22"
"Antonin Kinsky","TOT","G","Drop","1-Tim's Team","1","Sat Jan 18, 2025, 7:17AM","22"
"Thomas Partey","ARS","M","Claim","1-Mateta’s Muppets","1","Sat Jan 18, 2025, 5:37AM","22"
"Niclas Füllkrug","WHU","F","Drop","1-Mateta’s Muppets","1","Sat Jan 18, 2025, 5:37AM","22"
"Boubacar Kamara","AVL","M","Claim","1- Schärholder Value","1","Sat Jan 18, 2025, 3:14AM","22"
"Simon Adingra","BHA","M","Drop","1- Schärholder Value","1","Sat Jan 18, 2025, 3:14AM","22"
"David Brooks","BOU","M","Drop","1-Morgan Rodgers Neighborhood","1","Sat Jan 18, 2025, 1:21AM","22"
"Mateus Goncalo Espanha Fernandes","SOU","M","Claim","1-Cruel Summerville","1","Fri Jan 17, 2025, 10:57PM","22"
"Jefferson Lerma","CRY","M","Drop","1-Cruel Summerville","1","Fri Jan 17, 2025, 10:57PM","22"
"Emerson","WHU","D","Claim","1- Schärholder Value","1","Fri Jan 17, 2025, 11:42AM","22"
"James Garner","EVE","M","Claim","1-The Madd Hatters","1","Thu Jan 16, 2025, 9:19PM","22"
"Dominic Calvert-Lewin","EVE","F","Drop","1-The Madd Hatters","1","Thu Jan 16, 2025, 9:17PM","22"
"Joshua Zirkzee","MUN","F","Claim","1- Schärholder Value","1","Thu Jan 16, 2025, 9:10PM","22"
"Joe Ayodele-Aribo","SOU","M","Drop","1- Schärholder Value","1","Thu Jan 16, 2025, 9:10PM","22"
"Leny Yoro","MUN","D","Drop","1- Schärholder Value","1","Thu Jan 16, 2025, 9:10PM","22"
"Taiwo Awoniyi","NOT","F","Claim","1-Tim's Team","1","Thu Jan 16, 2025, 9:04PM","22"
"Raheem Sterling","CHE/ARS","F","Drop","1-Tim's Team","1","Thu Jan 16, 2025, 9:04PM","22"
"Antonin Kinsky","TOT","G","Claim","1-Tim's Team","1","Thu Jan 16, 2025, 9:03PM","22"
"Lukasz Fabianski","WHU","G","Drop","1-Tim's Team","1","Thu Jan 16, 2025, 9:03PM","22"
"Levi Colwill","CHE","D","Claim","1-The Riesterer Bunny","1","Thu Jan 16, 2025, 9:00PM","22"
"Matt O'Riley","FUL/BHA","M","Claim","1-The Riesterer Bunny","1","Thu Jan 16, 2025, 9:00PM","22"
"Rico Henry","BRF","D","Claim","1-Morgan Rodgers Neighborhood","3","Thu Jan 16, 2025, 9:00PM","22"
"Donyell Malen","ARS/AVL","F","Claim","1-john lim","1","Thu Jan 16, 2025, 9:00PM","22"
"Joel Veltman","BHA","D","Drop","1-Morgan Rodgers Neighborhood","1","Thu Jan 16, 2025, 8:13PM","22"
"Mario Lemina","WOL","M","Drop","1-The Riesterer Bunny","1","Thu Jan 16, 2025, 8:05PM","22"
"Matthijs de Ligt","MUN","D","Drop","1-The Riesterer Bunny","1","Thu Jan 16, 2025, 7:55PM","22"
"Joel Veltman","BHA","D","Claim","1-Morgan Rodgers Neighborhood","1","Thu Jan 16, 2025, 1:48PM","21"
"Harry Maguire","MUN","D","Drop","1-Morgan Rodgers Neighborhood","1","Thu Jan 16, 2025, 1:48PM","21"
"Leny Yoro","MUN","D","Claim","1- Schärholder Value","1","Thu Jan 16, 2025, 1:23PM","21"
"Brajan Gruda","BHA","M","Drop","1- Schärholder Value","1","Thu Jan 16, 2025, 1:23PM","21"
"Tyrone Mings","AVL","D","Claim","1-Cruel Summerville","1","Wed Jan 15, 2025, 1:30PM","21"
"Nelson Semedo","WOL","D","Drop","1-Cruel Summerville","1","Wed Jan 15, 2025, 1:30PM","21"
"Bilal El Khannouss","LEI","M","Claim","1-Cruel Summerville","1","Wed Jan 15, 2025, 1:27PM","21"
"Pedro Lima","WOL","D","Drop","1-Cruel Summerville","1","Wed Jan 15, 2025, 1:27PM","21"
"Matthijs de Ligt","MUN","D","Claim","1-The Riesterer Bunny","1","Wed Jan 15, 2025, 1:25PM","21"
"Jacob Ramsey","AVL","M","Claim","1-The Riesterer Bunny","1","Wed Jan 15, 2025, 1:21PM","21"
"Thomas Partey","ARS","M","Drop","1-The Riesterer Bunny","1","Wed Jan 15, 2025, 1:21PM","21"
"Bart Verbruggen","BHA","G","Claim","1 - Law of Averages","1","Tue Jan 14, 2025, 3:11PM","21"
"Fraser Forster","TOT","G","Drop","1 - Law of Averages","1","Tue Jan 14, 2025, 3:11PM","21"
"James Hill","BOU","D","Drop","1-The Riesterer Bunny","1","Tue Jan 14, 2025, 2:03PM","21"
"Konstantinos Mavropanos","WHU","D","Claim","1-The Riesterer Bunny","1","Tue Jan 14, 2025, 1:37PM","21"
"Matthijs de Ligt","MUN","D","Drop","1-The Riesterer Bunny","1","Tue Jan 14, 2025, 1:37PM","21"
"Benoit Badiashile","CHE","D","Drop","1-Dirty little Slot","1","Tue Jan 14, 2025, 1:29PM","21"
"Matheus Nunes","MCI","M","Claim","1-Cruel Summerville","1","Mon Jan 13, 2025, 11:05PM","21"
"Malo Gusto","CHE","D","Drop","1-Cruel Summerville","1","Mon Jan 13, 2025, 11:05PM","21"
"Joe Ayodele-Aribo","SOU","M","Claim","1- Schärholder Value","1","Tue Jan 14, 2025, 1:24PM","21"
"Gabriel Jesus","ARS","F","Drop","1- Schärholder Value","1","Tue Jan 14, 2025, 1:24PM","21"
"Malo Gusto","CHE","D","Claim","1-Cruel Summerville","1","Tue Jan 14, 2025, 1:17PM","21"
"Matheus Nunes","MCI","M","Drop","1-Cruel Summerville","1","Tue Jan 14, 2025, 1:16PM","21"
"Matthijs de Ligt","MUN","D","Claim","1-The Riesterer Bunny","1","Tue Jan 14, 2025, 9:54AM","21"
"Raheem Sterling","CHE/ARS","F","Claim","1-Tim's Team","1","Tue Jan 14, 2025, 9:50AM","21"
"Taiwo Awoniyi","NOT","F","Drop","1-Tim's Team","1","Tue Jan 14, 2025, 9:50AM","21"
"Yasin Ayari","BHA","M","Claim","1-Diamond Dogs","1","Tue Jan 14, 2025, 8:39AM","21"
"Harvey Barnes","NEW","M","Drop","1-Diamond Dogs","1","Tue Jan 14, 2025, 8:39AM","21"
"James Justin","LEI","D","Claim","1-Diamond Dogs","1","Tue Jan 14, 2025, 6:50AM","21"
"Omari Hutchinson","IPS","M","Drop","1-Diamond Dogs","1","Tue Jan 14, 2025, 6:50AM","21"
"Oscar Bobb","MCI","M","Claim","1-Diamond Dogs","1","Tue Jan 14, 2025, 6:50AM","21"
"Ryan Yates","NOT","M","Drop","1-Diamond Dogs","1","Tue Jan 14, 2025, 6:50AM","21"
"Jacob Greaves","IPS","D","Claim","1-Mateta’s Muppets","1","Tue Jan 14, 2025, 6:19AM","21"
"Kiernan Dewsbury-Hall","CHE","M","Claim","1-Morgan Rodgers Neighborhood","1","Mon Jan 13, 2025, 10:10PM","21"
"Dominic Calvert-Lewin","EVE","F","Claim","1-The Madd Hatters","1","Mon Jan 13, 2025, 9:07PM","21"
"Kiernan Dewsbury-Hall","CHE","M","Drop","1-The Madd Hatters","1","Mon Jan 13, 2025, 9:07PM","21"
"Taiwo Awoniyi","NOT","F","Claim","1-Tim's Team","1","Mon Jan 13, 2025, 9:04PM","21"
"Lukasz Fabianski","WHU","G","Claim","1-Tim's Team","1","Mon Jan 13, 2025, 9:04PM","21"
"Alphonse Areola","WHU","G","Drop","1-Tim's Team","1","Mon Jan 13, 2025, 9:04PM","21"
"Brajan Gruda","BHA","M","Claim","1- Schärholder Value","1","Mon Jan 13, 2025, 9:03PM","21"
"Kiernan Dewsbury-Hall","CHE","M","Claim","1-The Madd Hatters","1","Mon Jan 13, 2025, 9:01PM","21"
"Rodrigo Gomes","WOL","F","Claim","1-The Madd Hatters","1","Mon Jan 13, 2025, 9:00PM","21"
"Paul Onuachu","SOU","F","Drop","1-The Madd Hatters","1","Mon Jan 13, 2025, 9:00PM","21"
"Lucas Bergvall","TOT","M","Claim","1-The Madd Hatters","1","Mon Jan 13, 2025, 9:00PM","21"
"Harry Maguire","MUN","D","Claim","1-Morgan Rodgers Neighborhood","4","Mon Jan 13, 2025, 9:00PM","21"
"Andre Onana","MUN","G","Claim","1-Morgan Rodgers Neighborhood","3","Mon Jan 13, 2025, 9:00PM","21"
"Jose Sa","WOL","G","Drop","1-Morgan Rodgers Neighborhood","3","Mon Jan 13, 2025, 9:00PM","21"
"David Brooks","BOU","M","Claim","1-Morgan Rodgers Neighborhood","2","Mon Jan 13, 2025, 9:00PM","21"
"Georginio Rutter","LEE/BHA","F","Claim","1- Schärholder Value","1","Mon Jan 13, 2025, 9:00PM","21"
"Reece James","CHE","D","Claim","1-Morgan Rodgers Neighborhood","1","Mon Jan 13, 2025, 9:00PM","21"
"Levi Colwill","CHE","D","Drop","1-Morgan Rodgers Neighborhood","1","Mon Jan 13, 2025, 9:00PM","21"
"Goncalo Guedes","WOL","F","Drop","1-Morgan Rodgers Neighborhood","1","Mon Jan 13, 2025, 7:39PM","21"
"Ross Barkley","AVL","M","Drop","1-Morgan Rodgers Neighborhood","1","Mon Jan 13, 2025, 7:34PM","21"
"Marcus Rashford","MUN/AVL","F","Drop","1 - Law of Averages","1","Tue Jan 7, 2025, 7:41PM","21"
"Rodrigo Gomes","WOL","F","Drop","1-Tim's Team","1","Mon Jan 6, 2025, 7:37PM","21"
"Tom Cairney","FUL","M","Drop","1-Mateta’s Muppets","1","Mon Jan 6, 2025, 6:00PM","21"
"Hwang Hee-Chan","WOL","F","Drop","1-The Madd Hatters","1","Mon Jan 6, 2025, 5:20PM","21"
"Calvin Bassey","FUL","D","Drop","1- Schärholder Value","1","Mon Jan 6, 2025, 4:59PM","21"
"Sepp van den Berg","LIV/BRF","D","Drop","1- Schärholder Value","1","Mon Jan 6, 2025, 4:58PM","21"
"Pedro Lima","WOL","D","Claim","1-Cruel Summerville","1","Mon Jan 6, 2025, 2:16PM","20"
"Hwang Hee-Chan","WOL","F","Claim","1-The Madd Hatters","1","Mon Jan 6, 2025, 2:03PM","20"
"Rodrigo Gomes","WOL","F","Claim","1-Tim's Team","1","Mon Jan 6, 2025, 1:57PM","20"
"Hwang Hee-Chan","WOL","F","Drop","1-Tim's Team","1","Mon Jan 6, 2025, 1:57PM","20"
"Rodrigo Gomes","WOL","F","Drop","1-The Madd Hatters","1","Mon Jan 6, 2025, 1:57PM","20"
"Rodrigo Gomes","WOL","F","Claim","1-The Madd Hatters","1","Mon Jan 6, 2025, 1:51PM","20"
"Morato","NOT","D","Drop","1-The Madd Hatters","1","Mon Jan 6, 2025, 1:50PM","20"
"Hwang Hee-Chan","WOL","F","Claim","1-Tim's Team","1","Sun Jan 5, 2025, 9:33AM","20"
"Jarell Quansah","LIV","D","Drop","1-Tim's Team","1","Sun Jan 5, 2025, 9:32AM","20"
"Morato","NOT","D","Claim","1-The Madd Hatters","1","Sun Jan 5, 2025, 8:58AM","20"
"Joachim Andersen","CRY/FUL","D","Drop","1-The Madd Hatters","1","Sun Jan 5, 2025, 8:58AM","20"
"Tom Cairney","FUL","M","Claim","1-Mateta’s Muppets","1","Sun Jan 5, 2025, 8:54AM","20"
"Adama Traore","FUL","F","Drop","1-Mateta’s Muppets","1","Sun Jan 5, 2025, 8:54AM","20"
"Jarell Quansah","LIV","D","Claim","1-Tim's Team","1","Sun Jan 5, 2025, 8:53AM","20"
"Jacob Greaves","IPS","D","Drop","1-Tim's Team","1","Sun Jan 5, 2025, 8:53AM","20"
"Jacob Greaves","IPS","D","Claim","1-Tim's Team","1","Sun Jan 5, 2025, 8:16AM","20"
"Jarell Quansah","LIV","D","Drop","1-Tim's Team","1","Sun Jan 5, 2025, 8:16AM","20"
"Calvin Bassey","FUL","D","Claim","1- Schärholder Value","1","Sun Jan 5, 2025, 2:34AM","20"
"Morato","NOT","D","Drop","1- Schärholder Value","1","Sun Jan 5, 2025, 2:34AM","20"
"Jose Sa","WOL","G","Claim","1-Morgan Rodgers Neighborhood","1","Sat Jan 4, 2025, 8:33PM","20"
"Andre Onana","MUN","G","Drop","1-Morgan Rodgers Neighborhood","1","Sat Jan 4, 2025, 8:33PM","20"
"Kyle Walker-Peters","SOU","D","Drop","1-The Riesterer Bunny","1","Sat Jan 4, 2025, 4:39PM","21"
"Tyler Dibling","SOU","M","Drop","1-The Madd Hatters","1","Sat Jan 4, 2025, 12:07PM","21"
"Malo Gusto","CHE","D","Drop","1-john lim","1","Sat Jan 4, 2025, 11:47AM","21"
"Jarell Quansah","LIV","D","Claim","1-Tim's Team","1","Sat Jan 4, 2025, 11:37AM","20"
"Matt O'Riley","FUL/BHA","M","Drop","1-Tim's Team","1","Sat Jan 4, 2025, 11:32AM","20"
"Morato","NOT","D","Claim","1- Schärholder Value","1","Sat Jan 4, 2025, 11:19AM","20"
"Georginio Rutter","LEE/BHA","F","Drop","1- Schärholder Value","1","Sat Jan 4, 2025, 11:19AM","20"
"Matty Cash","AVL","D","Claim","1 - Law of Averages","1","Sat Jan 4, 2025, 9:49AM","20"
"Timo Werner","TOT","F","Drop","1-john lim","1","Sat Jan 4, 2025, 9:45AM","21"
"Mathias Jensen","BRF","M","Claim","1-john lim","1","Sat Jan 4, 2025, 9:42AM","20"
"Yukinari Sugawara","SOU","D","Drop","1-john lim","1","Sat Jan 4, 2025, 9:42AM","20"
"Malo Gusto","CHE","D","Claim","1-john lim","1","Sat Jan 4, 2025, 9:22AM","20"
"Philip Billing","BOU","M","Drop","1-john lim","1","Sat Jan 4, 2025, 9:21AM","20"
"Keane Lewis-Potter","BRF","F","Drop","1-Check Complete FC","1","Sat Jan 4, 2025, 9:16AM","20"
"James Hill","BOU","D","Claim","1-The Riesterer Bunny","1","Sat Jan 4, 2025, 9:13AM","20"
"Konstantinos Mavropanos","WHU","D","Drop","1-The Riesterer Bunny","1","Sat Jan 4, 2025, 9:13AM","20"
"Emiliano Martinez","AVL","G","Claim","1- Schärholder Value","1","Sat Jan 4, 2025, 8:50AM","20"
"Kepa","CHE/BOU","G","Drop","1- Schärholder Value","1","Sat Jan 4, 2025, 8:50AM","20"
"Vitaly Janelt","BRF","M","Drop","1-Cruel Summerville","1","Sat Jan 4, 2025, 8:48AM","20"
"Ross Barkley","AVL","M","Claim","1-Morgan Rodgers Neighborhood","1","Sat Jan 4, 2025, 8:46AM","20"
"Harry Maguire","MUN","D","Drop","1-Morgan Rodgers Neighborhood","1","Sat Jan 4, 2025, 8:46AM","20"
"Alphonse Areola","WHU","G","Claim","1-Tim's Team","1","Sat Jan 4, 2025, 7:57AM","20"
"Christian Walton","IPS","G","Drop","1-Tim's Team","1","Sat Jan 4, 2025, 7:57AM","20"
"Sven Botman","NEW","D","Claim","1-john lim","1","Sat Jan 4, 2025, 7:03AM","20"
"Destiny Udogie","TOT","D","Drop","1-Check Complete FC","1","Sat Jan 4, 2025, 7:02AM","20"
"Timo Werner","TOT","F","Claim","1-john lim","1","Sat Jan 4, 2025, 7:02AM","20"
"Matt Doherty","WOL","D","Claim","1-Mateta’s Muppets","1","Sat Jan 4, 2025, 6:27AM","20"
"Joao Gomes","WOL","M","Drop","1-Mateta’s Muppets","1","Sat Jan 4, 2025, 6:27AM","20"
"Adam Wharton","CRY","M","Claim","1-The Riesterer Bunny","1","Thu Jan 2, 2025, 9:08PM","20"
"Konstantinos Mavropanos","WHU","D","Claim","1-The Riesterer Bunny","1","Thu Jan 2, 2025, 9:03PM","20"
"Thomas Partey","ARS","M","Claim","1-The Riesterer Bunny","1","Thu Jan 2, 2025, 9:03PM","20"
"Joachim Andersen","CRY/FUL","D","Claim","1-The Madd Hatters","1","Thu Jan 2, 2025, 9:01PM","20"
"Christian Walton","IPS","G","Claim","1-Tim's Team","1","Thu Jan 2, 2025, 9:01PM","20"
"Filip Jørgensen","CHE","G","Drop","1-Tim's Team","1","Thu Jan 2, 2025, 9:01PM","20"
"Tyler Dibling","SOU","M","Claim","1-The Madd Hatters","1","Thu Jan 2, 2025, 9:01PM","20"
"Djed Spence","TOT","D","Claim","1-Tim's Team","1","Thu Jan 2, 2025, 9:00PM","20"
"Reece James","CHE","D","Drop","1-Tim's Team","1","Thu Jan 2, 2025, 9:00PM","20"
"Tyler Adams","BOU","M","Claim","1-Tim's Team","1","Thu Jan 2, 2025, 9:00PM","20"
"Ethan Nwaneri","ARS","M","Drop","1-Tim's Team","1","Thu Jan 2, 2025, 9:00PM","20"
"Harry Wilson","FUL","M","Claim","1-The Madd Hatters","1","Thu Jan 2, 2025, 9:00PM","20"
"Jan Bednarek","SOU","D","Claim","1-Dirty little Slot","1","Thu Jan 2, 2025, 9:00PM","20"
"Marcus Rashford","MUN/AVL","F","Claim","1 - Law of Averages","1","Thu Jan 2, 2025, 9:00PM","20"
"Matheus Nunes","MCI","M","Claim","1-Cruel Summerville","1","Thu Jan 2, 2025, 9:00PM","20"
"Andre","WOL","M","Drop","1-Cruel Summerville","1","Thu Jan 2, 2025, 9:00PM","20"
"Ferdi Kadioglu","BHA","M","Drop","1-The Riesterer Bunny","1","Thu Jan 2, 2025, 7:47PM","20"
"Mateus Goncalo Espanha Fernandes","SOU","M","Drop","1-john lim","1","Thu Jan 2, 2025, 1:30PM","20"
"Kenny Tete","FUL","D","Drop","1-john lim","1","Thu Jan 2, 2025, 1:30PM","20"
"James Justin","LEI","D","Drop","1-Dirty little Slot","1","Thu Jan 2, 2025, 8:53AM","20"
"Brajan Gruda","BHA","M","Drop","1-Dirty little Slot","1","Thu Jan 2, 2025, 8:53AM","20"
"Sepp van den Berg","LIV/BRF","D","Claim","1- Schärholder Value","1","Wed Jan 1, 2025, 12:08PM","19"
"Thomas Partey","ARS","M","Drop","1- Schärholder Value","1","Wed Jan 1, 2025, 12:08PM","19"
"Mikel Merino","NEW/ARS","M","Claim","1-Tim's Team","1","Wed Jan 1, 2025, 11:21AM","19"
"Sepp van den Berg","LIV/BRF","D","Drop","1-Tim's Team","1","Wed Jan 1, 2025, 11:21AM","19"
"Thomas Partey","ARS","M","Claim","1- Schärholder Value","1","Wed Jan 1, 2025, 11:16AM","19"
"Myles Lewis-Skelly","ARS","M","Drop","1- Schärholder Value","1","Wed Jan 1, 2025, 11:16AM","19"
"Sandro Tonali","NEW","M","Drop","1-The Riesterer Bunny","1","Mon Dec 30, 2024, 7:33PM","20"
"Malo Gusto","CHE","D","Drop","1-The Riesterer Bunny","1","Mon Dec 30, 2024, 7:33PM","20"
"Keane Lewis-Potter","BRF","F","Claim","1-Check Complete FC","1","Mon Dec 30, 2024, 4:12PM","19"
"Sepp van den Berg","LIV/BRF","D","Claim","1-Tim's Team","1","Mon Dec 30, 2024, 1:57PM","19"
"Filip Jørgensen","CHE","G","Claim","1-Tim's Team","1","Mon Dec 30, 2024, 1:53PM","19"
"Emiliano Martinez","AVL","G","Drop","1-Tim's Team","1","Mon Dec 30, 2024, 1:53PM","19"
"Martin Dubravka","NEW","G","Claim","1-Dirty little Slot","1","Mon Dec 30, 2024, 1:49PM","19"
"Arijanet Muric","IPS","G","Drop","1-Dirty little Slot","1","Mon Dec 30, 2024, 1:49PM","19"
"Emiliano Martinez","AVL","G","Claim","1-Tim's Team","1","Mon Dec 30, 2024, 1:48PM","19"
"Hakon Valdimarsson","BRF","G","Drop","1-Tim's Team","1","Mon Dec 30, 2024, 1:48PM","19"
"Reece James","CHE","D","Claim","1-Tim's Team","1","Mon Dec 30, 2024, 1:44PM","19"
"Tosin Adarabioyo","CHE","D","Drop","1-Tim's Team","1","Mon Dec 30, 2024, 1:44PM","19"
"Leon Bailey","AVL","M","Claim","1-Morgan Rodgers Neighborhood","1","Mon Dec 30, 2024, 1:41PM","19"
"Marc Guiu","CHE","F","Drop","1-Morgan Rodgers Neighborhood","1","Mon Dec 30, 2024, 1:41PM","19"
"Marc Guiu","CHE","F","Claim","1-Morgan Rodgers Neighborhood","1","Mon Dec 30, 2024, 11:34AM","19"
"Joseph Gomez","LIV","D","Drop","1 - Law of Averages","1","Mon Dec 30, 2024, 8:16AM","20"
"Sandro Tonali","NEW","M","Claim","1-The Riesterer Bunny","1","Mon Dec 30, 2024, 4:54AM","19"
"Jakub Stolarczyk","LEI","G","Drop","1-The Madd Hatters","1","Sun Dec 29, 2024, 11:08AM","20"
"Jack Harrison","EVE","M","Drop","1-The Madd Hatters","1","Sun Dec 29, 2024, 11:08AM","20"
"Joseph Gomez","LIV","D","Claim","1 - Law of Averages","1","Sun Dec 29, 2024, 11:05AM","19"
"Emerson","WHU","D","Drop","1 - Law of Averages","1","Sun Dec 29, 2024, 11:05AM","19"
"David Brooks","BOU","M","Drop","1-Tim's Team","1","Sun Dec 29, 2024, 9:54AM","19"
"David Brooks","BOU","M","Claim","1-Tim's Team","1","Sun Dec 29, 2024, 9:42AM","19"
"David Brooks","BOU","M","Drop","1-The Riesterer Bunny","1","Sun Dec 29, 2024, 9:39AM","19"
"Chris Richards","CRY","D","Drop","1-Morgan Rodgers Neighborhood","1","Sun Dec 29, 2024, 9:15AM","19"
"Jefferson Lerma","CRY","M","Claim","1-Cruel Summerville","1","Sun Dec 29, 2024, 9:14AM","19"
"Igor Thiago","BRF","F","Drop","1-Cruel Summerville","1","Sun Dec 29, 2024, 9:14AM","19"
"Andre","WOL","M","Claim","1-Cruel Summerville","1","Sun Dec 29, 2024, 9:09AM","19"
"Rico Lewis","MCI","D","Drop","1-Cruel Summerville","1","Sun Dec 29, 2024, 9:09AM","19"
"Rodrigo Bentancur","TOT","M","Claim","1-Cruel Summerville","1","Sun Dec 29, 2024, 9:06AM","19"
"Matheus Nunes","MCI","M","Drop","1-Cruel Summerville","1","Sun Dec 29, 2024, 9:06AM","19"
"Tyler Adams","BOU","M","Drop","1-The Madd Hatters","1","Sun Dec 29, 2024, 9:01AM","19"
"Philip Billing","BOU","M","Claim","1-john lim","1","Sun Dec 29, 2024, 9:01AM","19"
"Calvin Bassey","FUL","D","Drop","1-john lim","1","Sun Dec 29, 2024, 9:01AM","19"
"Calvin Bassey","FUL","D","Claim","1-john lim","1","Sun Dec 29, 2024, 8:59AM","19"
"Jakub Stolarczyk","LEI","G","Claim","1-The Madd Hatters","1","Sun Dec 29, 2024, 8:58AM","19"
"David Brooks","BOU","M","Claim","1-The Riesterer Bunny","1","Sun Dec 29, 2024, 8:57AM","19"
"Dominic Calvert-Lewin","EVE","F","Drop","1-The Madd Hatters","1","Sun Dec 29, 2024, 8:56AM","19"
"Enes Unal","BOU","F","Drop","1-The Riesterer Bunny","1","Sun Dec 29, 2024, 8:56AM","19"
"Chris Richards","CRY","D","Claim","1-Morgan Rodgers Neighborhood","1","Sun Dec 29, 2024, 8:54AM","19"
"Niclas Füllkrug","WHU","F","Claim","1-Mateta’s Muppets","1","Sun Dec 29, 2024, 8:53AM","19"
"Amadou Onana","AVL","M","Drop","1-Mateta’s Muppets","1","Sun Dec 29, 2024, 8:53AM","19"
"Konstantinos Tsimikas","LIV","D","Drop","1 - Law of Averages","1","Sun Dec 29, 2024, 8:40AM","19"
"Leny Yoro","MUN","D","Drop","1 - Law of Averages","1","Sun Dec 29, 2024, 8:40AM","19"
"Curtis Jones","LIV","M","Claim","1 - Law of Averages","1","Sun Dec 29, 2024, 8:40AM","19"
"Marcus Rashford","MUN/AVL","F","Drop","1 - Law of Averages","1","Sun Dec 29, 2024, 8:40AM","19"
"Kyle Walker-Peters","SOU","D","Claim","1-The Riesterer Bunny","1","Sun Dec 29, 2024, 8:38AM","19"
"Thomas Partey","ARS","M","Drop","1-The Riesterer Bunny","1","Sun Dec 29, 2024, 8:38AM","19"
"Hakon Valdimarsson","BRF","G","Claim","1-Tim's Team","1","Sun Dec 29, 2024, 8:22AM","19"
"Jakub Stolarczyk","LEI","G","Drop","1-Tim's Team","1","Sun Dec 29, 2024, 8:22AM","19"
"Ilkay Gundogan","MCI","M","Drop","1-Tim's Team","1","Sun Dec 29, 2024, 8:21AM","19"
"Matt Doherty","WOL","D","Drop","1-john lim","1","Sat Dec 28, 2024, 10:56PM","19"
"Dara O'Shea","BUR/IPS","D","Claim","1-john lim","1","Sat Dec 28, 2024, 10:56PM","19"
"Thomas Partey","ARS","M","Claim","1-The Riesterer Bunny","1","Sat Dec 28, 2024, 10:37PM","19"
"Ilkay Gundogan","MCI","M","Claim","1-Tim's Team","1","Sat Dec 28, 2024, 9:04PM","19"
"Jakub Stolarczyk","LEI","G","Claim","1-Tim's Team","1","Sat Dec 28, 2024, 9:04PM","19"
"Aaron Ramsdale","ARS/SOU","G","Drop","1-Tim's Team","1","Sat Dec 28, 2024, 9:04PM","19"
"Simon Adingra","BHA","M","Claim","1- Schärholder Value","1","Sat Dec 28, 2024, 9:01PM","19"
"Djed Spence","TOT","D","Drop","1- Schärholder Value","1","Sat Dec 28, 2024, 9:01PM","19"
"Jack Harrison","EVE","M","Claim","1-The Madd Hatters","1","Sat Dec 28, 2024, 9:01PM","19"
"Julio Enciso","BHA/IPS","M","Drop","1-The Madd Hatters","1","Sat Dec 28, 2024, 9:01PM","19"
"Neco Williams","NOT","D","Claim","1-The Madd Hatters","1","Sat Dec 28, 2024, 9:00PM","19"
"Brajan Gruda","BHA","M","Claim","1-Dirty little Slot","1","Sat Dec 28, 2024, 9:00PM","19"
"Jean-Ricner Bellegarde","WOL","M","Drop","1-Dirty little Slot","1","Sat Dec 28, 2024, 9:00PM","19"
"Myles Lewis-Skelly","ARS","M","Claim","1- Schärholder Value","1","Sat Dec 28, 2024, 9:00PM","19"
"Joachim Andersen","CRY/FUL","D","Drop","1-Tim's Team","1","Sat Dec 28, 2024, 7:32PM","19"
"Manuel Ugarte","MUN","M","Drop","1-Morgan Rodgers Neighborhood","1","Fri Dec 27, 2024, 6:32PM","19"
"Yasin Ayari","BHA","M","Drop","1-The Riesterer Bunny","1","Fri Dec 27, 2024, 5:41PM","19"
"Omari Hutchinson","IPS","M","Claim","1-Diamond Dogs","1","Fri Dec 27, 2024, 2:34PM","18"
"Thomas Partey","ARS","M","Drop","1-Diamond Dogs","1","Fri Dec 27, 2024, 2:34PM","18"
"Matthijs de Ligt","MUN","D","Drop","1-The Madd Hatters","1","Fri Dec 27, 2024, 1:20PM","19"
"Julio Enciso","BHA/IPS","M","Claim","1-The Madd Hatters","1","Fri Dec 27, 2024, 1:20PM","18"
"Ethan Nwaneri","ARS","M","Claim","1-Tim's Team","1","Fri Dec 27, 2024, 7:59AM","18"
"Curtis Jones","LIV","M","Drop","1-Tim's Team","1","Thu Dec 26, 2024, 2:49PM","18"
"Stephy Mavididi","LEI","F","Claim","1 - Law of Averages","1","Thu Dec 26, 2024, 2:46PM","18"
"Curtis Jones","LIV","M","Claim","1-Tim's Team","1","Thu Dec 26, 2024, 1:44PM","18"
"Harvey Elliott","LIV","M","Drop","1-Tim's Team","1","Thu Dec 26, 2024, 1:44PM","18"
"Leny Yoro","MUN","D","Claim","1 - Law of Averages","1","Thu Dec 26, 2024, 12:19PM","18"
"Matt Doherty","WOL","D","Claim","1-john lim","1","Thu Dec 26, 2024, 12:13PM","18"
"Rodrigo Gomes","WOL","F","Drop","1-The Madd Hatters","1","Thu Dec 26, 2024, 11:23AM","18"
"Pape Sarr","TOT","M","Drop","1-Check Complete FC","1","Thu Dec 26, 2024, 9:33AM","18"
"Paul Onuachu","SOU","F","Claim","1-The Madd Hatters","1","Thu Dec 26, 2024, 9:11AM","18"
"Mikel Merino","NEW/ARS","M","Drop","1-The Madd Hatters","1","Thu Dec 26, 2024, 9:11AM","18"
"Joachim Andersen","CRY/FUL","D","Claim","1-Tim's Team","1","Thu Dec 26, 2024, 8:56AM","18"
"Ethan Nwaneri","ARS","M","Drop","1-Tim's Team","1","Thu Dec 26, 2024, 8:56AM","18"
"Yasin Ayari","BHA","M","Claim","1-The Riesterer Bunny","1","Thu Dec 26, 2024, 8:48AM","18"
"Rodrigo Bentancur","TOT","M","Drop","1-The Riesterer Bunny","1","Thu Dec 26, 2024, 8:48AM","18"
"Rodrigo Bentancur","TOT","M","Claim","1-The Riesterer Bunny","1","Thu Dec 26, 2024, 8:47AM","18"
"Yasin Ayari","BHA","M","Drop","1-The Riesterer Bunny","1","Thu Dec 26, 2024, 8:47AM","18"
"Rico Lewis","MCI","D","Claim","1-Cruel Summerville","1","Thu Dec 26, 2024, 6:20AM","18"
"Ilkay Gundogan","MCI","M","Drop","1-Cruel Summerville","1","Thu Dec 26, 2024, 6:16AM","18"
"Mateus Goncalo Espanha Fernandes","SOU","M","Claim","1-john lim","1","Wed Dec 25, 2024, 5:13PM","18"
"Jacob Ramsey","AVL","M","Drop","1-john lim","1","Wed Dec 25, 2024, 5:13PM","18"
"Mads Hermansen","LEI","G","Drop","1-john lim","1","Wed Dec 25, 2024, 5:12PM","18"
"Ola Aina","NOT","D","Claim","1-Diamond Dogs","1","Wed Dec 25, 2024, 10:19AM","18"
"Ian Maatsen","AVL","D","Drop","1-Diamond Dogs","1","Wed Dec 25, 2024, 10:19AM","18"
"Anthony Elanga","NOT","F","Claim","1-Tim's Team","1","Tue Dec 24, 2024, 10:14PM","18"
"Joseph Gomez","LIV","D","Drop","1-Tim's Team","1","Tue Dec 24, 2024, 10:14PM","18"
"Joseph Gomez","LIV","D","Claim","1-Tim's Team","1","Tue Dec 24, 2024, 9:55PM","18"
"Neco Williams","NOT","D","Drop","1-Tim's Team","1","Tue Dec 24, 2024, 9:55PM","18"
"Ethan Nwaneri","ARS","M","Claim","1-Tim's Team","1","Tue Dec 24, 2024, 9:49PM","18"
"Hwang Hee-Chan","WOL","F","Drop","1-Tim's Team","1","Tue Dec 24, 2024, 9:49PM","18"
"Aaron Ramsdale","ARS/SOU","G","Claim","1-Tim's Team","1","Tue Dec 24, 2024, 9:30PM","18"
"Martin Dubravka","NEW","G","Drop","1-Tim's Team","1","Tue Dec 24, 2024, 9:30PM","18"
"Harvey Elliott","LIV","M","Claim","1-Tim's Team","1","Tue Dec 24, 2024, 9:29PM","18"
"Neco Williams","NOT","D","Claim","1-Tim's Team","1","Tue Dec 24, 2024, 9:29PM","18"
"Matthijs de Ligt","MUN","D","Claim","1-The Madd Hatters","1","Tue Dec 24, 2024, 9:11PM","18"
"Adam Wharton","CRY","M","Drop","1-The Madd Hatters","1","Tue Dec 24, 2024, 9:11PM","18"
"Enes Unal","BOU","F","Claim","1-The Riesterer Bunny","1","Tue Dec 24, 2024, 9:05PM","18"
"Yasin Ayari","BHA","M","Claim","1-The Riesterer Bunny","1","Tue Dec 24, 2024, 9:05PM","18"
"Rodrigo Gomes","WOL","F","Claim","1-The Madd Hatters","1","Tue Dec 24, 2024, 9:04PM","18"
"Tariq Lamptey","BHA","D","Drop","1-The Madd Hatters","1","Tue Dec 24, 2024, 9:04PM","18"
"Dominic Calvert-Lewin","EVE","F","Claim","1-The Madd Hatters","1","Tue Dec 24, 2024, 9:03PM","18"
"Niclas Füllkrug","WHU","F","Drop","1-The Madd Hatters","1","Tue Dec 24, 2024, 9:03PM","18"
"Tariq Lamptey","BHA","D","Claim","1-The Madd Hatters","1","Tue Dec 24, 2024, 9:02PM","18"
"Konstantinos Mavropanos","WHU","D","Drop","1-The Madd Hatters","1","Tue Dec 24, 2024, 9:02PM","18"
"Levi Colwill","CHE","D","Claim","1-Morgan Rodgers Neighborhood","1","Tue Dec 24, 2024, 9:02PM","18"
"Harry Maguire","MUN","D","Claim","1-Morgan Rodgers Neighborhood","1","Tue Dec 24, 2024, 9:01PM","18"
"Illia Zabarnyi","BOU","D","Claim","1-Dirty little Slot","1","Tue Dec 24, 2024, 9:00PM","18"
"Harry Wilson","FUL","M","Drop","1-Dirty little Slot","1","Tue Dec 24, 2024, 9:00PM","18"
"Dara O'Shea","BUR/IPS","D","Drop","1-Morgan Rodgers Neighborhood","1","Mon Dec 23, 2024, 8:37AM","18"
"Victor Kristiansen","LEI","D","Drop","1-Morgan Rodgers Neighborhood","1","Mon Dec 23, 2024, 8:37AM","18"
"Harry Maguire","MUN","D","Drop","1-Tim's Team","1","Sun Dec 22, 2024, 9:22PM","18"
"Tom Cairney","FUL","M","Drop","1-The Riesterer Bunny","1","Sun Dec 22, 2024, 3:32PM","18"
"Joshua Zirkzee","MUN","F","Drop","1 - Law of Averages","1","Sun Dec 22, 2024, 10:47AM","18"
"Bilal El Khannouss","LEI","M","Drop","1 - Law of Averages","1","Sun Dec 22, 2024, 10:46AM","18"
"Pape Sarr","TOT","M","Claim","1-Check Complete FC","1","Sun Dec 22, 2024, 10:20AM","17"
"Curtis Jones","LIV","M","Drop","1-Check Complete FC","1","Sun Dec 22, 2024, 10:20AM","17"
"Joshua Zirkzee","MUN","F","Claim","1 - Law of Averages","1","Sun Dec 22, 2024, 8:00AM","17"
"Dominic Calvert-Lewin","EVE","F","Drop","1-Morgan Rodgers Neighborhood","1","Sun Dec 22, 2024, 7:52AM","17"
"Tom Cairney","FUL","M","Claim","1-The Riesterer Bunny","1","Sun Dec 22, 2024, 7:51AM","17"
"Enes Unal","BOU","F","Drop","1-The Riesterer Bunny","1","Sun Dec 22, 2024, 7:51AM","17"
"Cameron Burgess","IPS","D","Drop","1-The Riesterer Bunny","1","Sat Dec 21, 2024, 3:45PM","18"
"Brajan Gruda","BHA","M","Drop","1-Tim's Team","1","Sat Dec 21, 2024, 12:01PM","18"
"Jordan Pickford","EVE","G","Claim","1-john lim","1","Sat Dec 21, 2024, 9:39AM","17"
"Neco Williams","NOT","D","Drop","1-john lim","1","Sat Dec 21, 2024, 9:37AM","17"
"Lewis Dunk","BHA","D","Drop","1-john lim","1","Sat Dec 21, 2024, 9:37AM","17"
"Simon Adingra","BHA","M","Drop","1- Schärholder Value","1","Sat Dec 21, 2024, 9:26AM","17"
"Djed Spence","TOT","D","Claim","1- Schärholder Value","1","Sat Dec 21, 2024, 9:05AM","17"
"Yasin Ayari","BHA","M","Drop","1- Schärholder Value","1","Sat Dec 21, 2024, 8:59AM","17"
"Vitaly Janelt","BRF","M","Claim","1-Cruel Summerville","1","Sat Dec 21, 2024, 8:52AM","17"
"Brajan Gruda","BHA","M","Claim","1-Tim's Team","1","Sat Dec 21, 2024, 8:51AM","17"
"Djed Spence","TOT","D","Drop","1-Tim's Team","1","Sat Dec 21, 2024, 8:51AM","17"
"Enes Unal","BOU","F","Claim","1-The Riesterer Bunny","1","Sat Dec 21, 2024, 8:49AM","17"
"Luke Shaw","MUN","D","Drop","1-Cruel Summerville","1","Sat Dec 21, 2024, 8:49AM","17"
"Tariq Lamptey","BHA","D","Drop","1-The Riesterer Bunny","1","Sat Dec 21, 2024, 8:47AM","17"
"Niclas Füllkrug","WHU","F","Claim","1-The Madd Hatters","1","Sat Dec 21, 2024, 8:46AM","17"
"Julio Enciso","BHA/IPS","M","Drop","1-The Madd Hatters","1","Sat Dec 21, 2024, 8:46AM","17"
"Curtis Jones","LIV","M","Claim","1-Check Complete FC","1","Fri Dec 20, 2024, 7:32PM","17"
"Timo Werner","TOT","F","Drop","1-Check Complete FC","1","Fri Dec 20, 2024, 7:32PM","17"
"Solly March","BHA","M","Claim","1-Check Complete FC","1","Fri Dec 20, 2024, 7:30PM","17"
"Wilfred Ndidi","LEI","M","Drop","1-Check Complete FC","1","Fri Dec 20, 2024, 7:30PM","17"
"Tyrick Mitchell","CRY","D","Claim","1-Check Complete FC","1","Fri Dec 20, 2024, 7:28PM","17"
"Ruben Dias","MCI","D","Drop","1-Check Complete FC","1","Fri Dec 20, 2024, 7:21PM","17"
"Timothy Castagne","FUL","D","Claim","1-Tim's Team","1","Fri Dec 20, 2024, 9:39AM","17"
"Harvey Elliott","LIV","M","Drop","1-Tim's Team","1","Fri Dec 20, 2024, 9:39AM","17"
"Ilkay Gundogan","MCI","M","Claim","1-Cruel Summerville","1","Fri Dec 20, 2024, 7:28AM","17"
"Mateus Goncalo Espanha Fernandes","SOU","M","Drop","1-Cruel Summerville","1","Fri Dec 20, 2024, 7:28AM","17"
"Adam Wharton","CRY","M","Claim","1-The Madd Hatters","1","Thu Dec 19, 2024, 9:05PM","17"
"Solly March","BHA","M","Drop","1-The Madd Hatters","1","Thu Dec 19, 2024, 9:05PM","17"
"Matt O'Riley","FUL/BHA","M","Claim","1-Tim's Team","1","Thu Dec 19, 2024, 9:04PM","17"
"Pablo Sarabia","WOL","M","Drop","1-Tim's Team","1","Thu Dec 19, 2024, 9:04PM","17"
"Tosin Adarabioyo","CHE","D","Claim","1-Tim's Team","1","Thu Dec 19, 2024, 4:44PM","17"
"Djed Spence","TOT","D","Claim","1-Tim's Team","1","Thu Dec 19, 2024, 4:37PM","17"
"Tosin Adarabioyo","CHE","D","Drop","1-Tim's Team","1","Thu Dec 19, 2024, 4:37PM","17"
"Harry Wilson","FUL","M","Claim","1-Dirty little Slot","1","Thu Dec 19, 2024, 8:13AM","17"
"Benoit Badiashile","CHE","D","Lineup Change","1-Dirty little Slot","1","Thu Dec 19, 2024, 8:13AM","17"
"Gabriel Jesus","ARS","F","Claim","1- Schärholder Value","1","Wed Dec 18, 2024, 4:00PM","17"
"Ilkay Gundogan","MCI","M","Drop","1- Schärholder Value","1","Wed Dec 18, 2024, 4:00PM","17"
"Harvey Elliott","LIV","M","Claim","1-Tim's Team","1","Wed Dec 18, 2024, 3:54PM","17"
"Sven Botman","NEW","D","Drop","1-Tim's Team","1","Wed Dec 18, 2024, 2:42PM","17"
"Victor Kristiansen","LEI","D","Claim","1-Morgan Rodgers Neighborhood","1","Wed Dec 18, 2024, 11:06AM","17"
"Hwang Hee-Chan","WOL","F","Claim","1-Tim's Team","1","Wed Dec 18, 2024, 9:46AM","17"
"Julio Enciso","BHA/IPS","M","Claim","1-The Madd Hatters","1","Wed Dec 18, 2024, 9:45AM","17"
"Hwang Hee-Chan","WOL","F","Drop","1-The Madd Hatters","1","Wed Dec 18, 2024, 9:45AM","17"
"Levi Colwill","CHE","D","Drop","1-Tim's Team","1","Wed Dec 18, 2024, 9:21AM","17"
"Harry Maguire","MUN","D","Claim","1-Tim's Team","1","Wed Dec 18, 2024, 9:21AM","17"
"Djed Spence","TOT","D","Drop","1-Tim's Team","1","Wed Dec 18, 2024, 9:21AM","17"
"Joao Gomes","WOL","M","Claim","1-Mateta’s Muppets","1","Wed Dec 18, 2024, 7:16AM","17"
"Illia Zabarnyi","BOU","D","Drop","1-Mateta’s Muppets","1","Wed Dec 18, 2024, 7:16AM","17"
"Bernd Leno","FUL","G","Claim","1-Mateta’s Muppets","1","Wed Dec 18, 2024, 7:15AM","17"
"Emiliano Martinez","AVL","G","Drop","1-Mateta’s Muppets","1","Wed Dec 18, 2024, 7:15AM","17"
"Ryan Christie","BOU","M","Claim","1- Schärholder Value","1","Tue Dec 17, 2024, 10:32PM","17"
"Radu Dragusin","TOT","D","Drop","1- Schärholder Value","1","Tue Dec 17, 2024, 10:32PM","17"
"Djed Spence","TOT","D","Claim","1-Tim's Team","1","Tue Dec 17, 2024, 10:31PM","17"
"Ryan Christie","BOU","M","Drop","1-Tim's Team","1","Tue Dec 17, 2024, 10:31PM","17"
"Levi Colwill","CHE","D","Claim","1-Tim's Team","1","Tue Dec 17, 2024, 9:26PM","17"
"Timothy Castagne","FUL","D","Drop","1-Tim's Team","1","Tue Dec 17, 2024, 9:26PM","17"
"Pablo Sarabia","WOL","M","Claim","1-Tim's Team","1","Tue Dec 17, 2024, 9:13PM","17"
"Matt O'Riley","FUL/BHA","M","Drop","1-Tim's Team","1","Tue Dec 17, 2024, 9:13PM","17"
"Timothy Castagne","FUL","D","Claim","1-Tim's Team","1","Tue Dec 17, 2024, 9:07PM","17"
"Ilkay Gundogan","MCI","M","Claim","1- Schärholder Value","1","Tue Dec 17, 2024, 9:05PM","17"
"Hwang Hee-Chan","WOL","F","Claim","1-The Madd Hatters","1","Tue Dec 17, 2024, 9:05PM","17"
"Federico Chiesa","LIV","F","Drop","1-The Madd Hatters","1","Tue Dec 17, 2024, 9:05PM","17"
"Adam Wharton","CRY","M","Drop","1- Schärholder Value","1","Tue Dec 17, 2024, 9:05PM","17"
"Solly March","BHA","M","Claim","1-The Madd Hatters","1","Tue Dec 17, 2024, 9:04PM","17"
"Stephy Mavididi","LEI","F","Drop","1-The Madd Hatters","1","Tue Dec 17, 2024, 9:04PM","17"
"Joseph Gomez","LIV","D","Drop","1-Tim's Team","1","Tue Dec 17, 2024, 9:04PM","17"
"Tosin Adarabioyo","CHE","D","Claim","1-Tim's Team","1","Tue Dec 17, 2024, 9:03PM","17"
"Ryan Christie","BOU","M","Claim","1-Tim's Team","1","Tue Dec 17, 2024, 9:01PM","17"
"Malo Gusto","CHE","D","Claim","1-The Riesterer Bunny","1","Tue Dec 17, 2024, 9:01PM","17"
"Goncalo Guedes","WOL","F","Claim","1-Morgan Rodgers Neighborhood","1","Tue Dec 17, 2024, 9:00PM","17"
"Myles Lewis-Skelly","ARS","M","Drop","1-Morgan Rodgers Neighborhood","1","Tue Dec 17, 2024, 9:00PM","17"
"Konstantinos Tsimikas","LIV","D","Claim","1 - Law of Averages","1","Tue Dec 17, 2024, 9:00PM","17"
"Illia Zabarnyi","BOU","D","Claim","1-Mateta’s Muppets","1","Mon Dec 16, 2024, 2:00PM","16"
"Niclas Füllkrug","WHU","F","Drop","1-Mateta’s Muppets","1","Mon Dec 16, 2024, 2:00PM","16"
"Tyler Dibling","SOU","M","Drop","1-Tim's Team","1","Sun Dec 15, 2024, 6:34PM","17"
"Matt Doherty","WOL","D","Drop","1-Tim's Team","1","Sun Dec 15, 2024, 6:33PM","17"
"Ryan Manning","SOU","D","Drop","1-The Riesterer Bunny","1","Sun Dec 15, 2024, 3:54PM","17"
"Kyle Walker","MCI","D","Drop","1 - Law of Averages","1","Sun Dec 15, 2024, 3:51PM","17"
"Dango Ouattara","BOU","M","Claim","1-Tim's Team","1","Fri Dec 13, 2024, 11:05PM","16"
"Lucas Bergvall","TOT","M","Drop","1-Tim's Team","1","Fri Dec 13, 2024, 11:05PM","16"
"Radu Dragusin","TOT","D","Claim","1- Schärholder Value","1","Sun Dec 15, 2024, 1:34PM","16"
"Djed Spence","TOT","D","Drop","1- Schärholder Value","1","Sun Dec 15, 2024, 1:34PM","16"
"Lucas Bergvall","TOT","M","Claim","1-Tim's Team","1","Sun Dec 15, 2024, 1:28PM","16"
"Dango Ouattara","BOU","M","Drop","1-Tim's Team","1","Sun Dec 15, 2024, 1:28PM","16"
"Djed Spence","TOT","D","Claim","1- Schärholder Value","1","Sun Dec 15, 2024, 12:55PM","16"
"Ryan Christie","BOU","M","Drop","1- Schärholder Value","1","Sun Dec 15, 2024, 12:55PM","16"
"Kyle Walker","MCI","D","Claim","1 - Law of Averages","1","Sun Dec 15, 2024, 11:25AM","16"
"Ola Aina","NOT","D","Drop","1-Morgan Rodgers Neighborhood","1","Sun Dec 15, 2024, 10:46AM","17"
"Ryan Manning","SOU","D","Claim","1-The Riesterer Bunny","1","Sun Dec 15, 2024, 10:22AM","16"
"Ilkay Gundogan","MCI","M","Drop","1-The Riesterer Bunny","1","Sun Dec 15, 2024, 10:21AM","16"
"Niclas Füllkrug","WHU","F","Claim","1-Mateta’s Muppets","1","Sun Dec 15, 2024, 10:20AM","16"
"Joshua Zirkzee","MUN","F","Drop","1-Mateta’s Muppets","1","Sun Dec 15, 2024, 10:20AM","16"
"Lewis Dunk","BHA","D","Claim","1-john lim","1","Sun Dec 15, 2024, 8:12AM","16"
"Ola Aina","NOT","D","Claim","1-Morgan Rodgers Neighborhood","1","Sat Dec 14, 2024, 11:29AM","16"
"Jota Silva","NOT","F","Drop","1-Morgan Rodgers Neighborhood","1","Sat Dec 14, 2024, 11:28AM","16"
"Rico Lewis","MCI","D","Drop","1-john lim","1","Sat Dec 14, 2024, 10:16AM","16"
"Kobbie Mainoo","MUN","M","Drop","1 - Law of Averages","1","Sat Dec 14, 2024, 9:45AM","16"
"Ilkay Gundogan","MCI","M","Claim","1-The Riesterer Bunny","1","Sat Dec 14, 2024, 8:56AM","16"
"Jean-Ricner Bellegarde","WOL","M","Claim","1-Dirty little Slot","1","Fri Dec 13, 2024, 11:05PM","16"
"Jorginho","ARS","M","Drop","1-Dirty little Slot","1","Fri Dec 13, 2024, 11:05PM","16"
"Myles Lewis-Skelly","ARS","M","Claim","1-Morgan Rodgers Neighborhood","1","Sat Dec 14, 2024, 8:47AM","16"
"Carlos Soler","WHU","M","Drop","1-Morgan Rodgers Neighborhood","1","Sat Dec 14, 2024, 8:47AM","16"
"Caoimhin Kelleher","LIV","G","Drop","1-The Riesterer Bunny","1","Sat Dec 14, 2024, 8:46AM","16"
"Stephy Mavididi","LEI","F","Claim","1-The Madd Hatters","1","Sat Dec 14, 2024, 7:59AM","16"
"Bobby De Cordova-Reid","LEI","F","Drop","1-The Madd Hatters","1","Sat Dec 14, 2024, 7:59AM","16"
"Will Hughes","CRY","M","Claim","1-Mateta’s Muppets","1","Sat Dec 14, 2024, 6:28AM","16"
"Emiliano Martinez","AVL","G","Claim","1-Mateta’s Muppets","1","Sat Dec 14, 2024, 6:26AM","16"
"Joao Gomes","WOL","M","Drop","1-Mateta’s Muppets","1","Sat Dec 14, 2024, 6:24AM","16"
"Reiss Nelson","ARS/FUL","F","Drop","1-Mateta’s Muppets","1","Sat Dec 14, 2024, 6:24AM","16"
"Konstantinos Mavropanos","WHU","D","Claim","1-The Madd Hatters","1","Fri Dec 13, 2024, 7:49AM","16"
"Illia Zabarnyi","BOU","D","Drop","1-The Madd Hatters","1","Fri Dec 13, 2024, 7:49AM","16"
"Yasin Ayari","BHA","M","Claim","1- Schärholder Value","1","Thu Dec 12, 2024, 9:00PM","16"
"Leon Bailey","AVL","M","Drop","1- Schärholder Value","1","Thu Dec 12, 2024, 9:00PM","16"
"Sven Botman","NEW","D","Claim","1-Tim's Team","1","Thu Dec 12, 2024, 7:25PM","16"
"Martin Dubravka","NEW","G","Claim","1-Tim's Team","1","Thu Dec 12, 2024, 3:50PM","16"
"Bart Verbruggen","BHA","G","Drop","1-Tim's Team","1","Thu Dec 12, 2024, 3:50PM","16"
"David Brooks","BOU","M","Drop","1-Tim's Team","1","Thu Dec 12, 2024, 1:40PM","16"
"Matt Doherty","WOL","D","Claim","1-Tim's Team","1","Thu Dec 12, 2024, 1:10PM","16"
"Jacob Murphy","NEW","M","Claim","1-Tim's Team","1","Thu Dec 12, 2024, 1:07PM","16"
"Ilkay Gundogan","MCI","M","Drop","1-Tim's Team","1","Thu Dec 12, 2024, 1:07PM","16"
"Ian Maatsen","AVL","D","Claim","1-Diamond Dogs","1","Thu Dec 12, 2024, 12:18PM","16"
"Callum Wilson","NEW","F","Drop","1-Diamond Dogs","1","Thu Dec 12, 2024, 12:18PM","16"
"Federico Chiesa","LIV","F","Claim","1-The Madd Hatters","1","Thu Dec 12, 2024, 10:34AM","16"
"Konstantinos Tsimikas","LIV","D","Drop","1-The Madd Hatters","1","Thu Dec 12, 2024, 10:34AM","16"
"David Brooks","BOU","M","Claim","1-Tim's Team","1","Wed Dec 11, 2024, 1:37PM","16"
"Stephy Mavididi","LEI","F","Drop","1-Tim's Team","1","Wed Dec 11, 2024, 1:37PM","16"
"Stephy Mavididi","LEI","F","Claim","1-Tim's Team","1","Wed Dec 11, 2024, 10:49AM","16"
"Christopher Nkunku","CHE","F","Claim","1-Tim's Team","1","Wed Dec 11, 2024, 10:45AM","16"
"Yasin Ayari","BHA","M","Drop","1-Tim's Team","1","Tue Dec 10, 2024, 9:13PM","16"
"Casemiro","MUN","M","Claim","1-Diamond Dogs","1","Tue Dec 10, 2024, 9:08PM","16"
"Omari Hutchinson","IPS","M","Drop","1-Diamond Dogs","1","Tue Dec 10, 2024, 9:08PM","16"
"Bart Verbruggen","BHA","G","Claim","1-Tim's Team","1","Tue Dec 10, 2024, 9:08PM","16"
"Emiliano Martinez","AVL","G","Drop","1-Tim's Team","1","Tue Dec 10, 2024, 9:04PM","16"
"Caoimhin Kelleher","LIV","G","Claim","1-The Riesterer Bunny","1","Tue Dec 10, 2024, 9:03PM","16"
"Christopher Nkunku","CHE","F","Drop","1-The Riesterer Bunny","1","Tue Dec 10, 2024, 9:03PM","16"
"Illia Zabarnyi","BOU","D","Claim","1-The Madd Hatters","1","Tue Dec 10, 2024, 9:02PM","16"
"Leny Yoro","MUN","D","Drop","1-The Madd Hatters","1","Tue Dec 10, 2024, 9:02PM","16"
"Ilkay Gundogan","MCI","M","Claim","1-Tim's Team","1","Tue Dec 10, 2024, 9:01PM","16"
"Konstantinos Tsimikas","LIV","D","Claim","1-The Madd Hatters","1","Tue Dec 10, 2024, 9:01PM","16"
"Christopher Nkunku","CHE","F","Claim","1-The Riesterer Bunny","1","Tue Dec 10, 2024, 9:01PM","16"
"Konstantinos Mavropanos","WHU","D","Drop","1-Tim's Team","1","Tue Dec 10, 2024, 9:01PM","16"
"Bobby De Cordova-Reid","LEI","F","Claim","1-The Madd Hatters","1","Tue Dec 10, 2024, 9:01PM","16"
"Mikel Merino","NEW/ARS","M","Claim","1-The Madd Hatters","1","Tue Dec 10, 2024, 9:01PM","16"
"Joseph Gomez","LIV","D","Claim","1-Tim's Team","1","Tue Dec 10, 2024, 9:01PM","16"
"Ferdi Kadioglu","BHA","M","Claim","1-The Riesterer Bunny","1","Tue Dec 10, 2024, 9:01PM","16"
"Dango Ouattara","BOU","M","Claim","1-Tim's Team","1","Tue Dec 10, 2024, 9:01PM","16"
"Cameron Burgess","IPS","D","Claim","1-The Riesterer Bunny","1","Tue Dec 10, 2024, 9:01PM","16"
"Ibrahima Konate","LIV","D","Claim","1-Check Complete FC","1","Tue Dec 10, 2024, 9:00PM","16"
"Dominic Calvert-Lewin","EVE","F","Claim","1-Morgan Rodgers Neighborhood","1","Tue Dec 10, 2024, 9:00PM","16"
"Victor Kristiansen","LEI","D","Drop","1-Morgan Rodgers Neighborhood","1","Tue Dec 10, 2024, 9:00PM","16"
"Adam Wharton","CRY","M","Claim","1- Schärholder Value","1","Tue Dec 10, 2024, 9:00PM","16"
"Ilkay Gundogan","MCI","M","Drop","1-The Riesterer Bunny","1","Tue Dec 10, 2024, 7:36PM","16"
"Ryan Manning","SOU","D","Drop","1-The Riesterer Bunny","1","Tue Dec 10, 2024, 7:31PM","16"
"Bart Verbruggen","BHA","G","Drop","1-The Riesterer Bunny","1","Tue Dec 10, 2024, 7:02PM","16"
"Solly March","BHA","M","Drop","1-Dirty little Slot","1","Tue Dec 10, 2024, 1:36PM","16"
"Edson Alvarez","WHU","M","Drop","1-The Madd Hatters","1","Mon Dec 9, 2024, 5:28PM","16"
"Edson Alvarez","WHU","M","Claim","1-The Madd Hatters","1","Mon Dec 9, 2024, 1:55PM","15"
"Dominic Calvert-Lewin","EVE","F","Drop","1-The Madd Hatters","1","Mon Dec 9, 2024, 1:55PM","15"
"Nelson Semedo","WOL","D","Claim","1-Cruel Summerville","1","Mon Dec 9, 2024, 1:54PM","15"
"Andre","WOL","M","Drop","1-Cruel Summerville","1","Mon Dec 9, 2024, 1:54PM","15"
"Konstantinos Mavropanos","WHU","D","Claim","1-Tim's Team","1","Mon Dec 9, 2024, 1:48PM","15"
"Niclas Füllkrug","WHU","F","Drop","1-Tim's Team","1","Mon Dec 9, 2024, 1:48PM","15"
"Evan Ferguson","BHA/WHU","F","Drop","1-Tim's Team","1","Mon Dec 9, 2024, 7:48AM","16"
"Fabio Carvalho","BRF","M","Drop","1-Tim's Team","1","Mon Dec 9, 2024, 7:47AM","16"
"Ian Maatsen","AVL","D","Drop","1-Tim's Team","1","Mon Dec 9, 2024, 7:47AM","16"
"Jakub Kiwior","ARS","D","Drop","1-Tim's Team","1","Mon Dec 9, 2024, 7:47AM","16"
"Kasey McAteer","LEI","M","Drop","1-The Madd Hatters","1","Sun Dec 8, 2024, 1:46PM","16"
"Marc Cucurella","CHE","D","Claim","1 - Law of Averages","1","Sun Dec 8, 2024, 10:44AM","15"
"Malo Gusto","CHE","D","Drop","1 - Law of Averages","1","Sun Dec 8, 2024, 10:44AM","15"
"Benoit Badiashile","CHE","D","Claim","1-Dirty little Slot","1","Sun Dec 8, 2024, 10:18AM","15"
"Tosin Adarabioyo","CHE","D","Drop","1-Dirty little Slot","1","Sun Dec 8, 2024, 10:18AM","15"
"Jakub Kiwior","ARS","D","Claim","1-Tim's Team","1","Sun Dec 8, 2024, 8:34AM","15"
"Cameron Burgess","IPS","D","Drop","1-Tim's Team","1","Sun Dec 8, 2024, 8:34AM","15"
"Jorginho","ARS","M","Claim","1-Dirty little Slot","1","Sun Dec 8, 2024, 8:03AM","15"
"Wesley Fofana","CHE","D","Drop","1-Dirty little Slot","1","Sun Dec 8, 2024, 8:03AM","15"
"Alisson","LIV","G","Claim","1-The Riesterer Bunny","1","Sun Dec 8, 2024, 7:52AM","15"
"Ferdi Kadioglu","BHA","M","Drop","1-The Riesterer Bunny","1","Sun Dec 8, 2024, 7:52AM","15"
"Evan Ferguson","BHA/WHU","F","Claim","1-Tim's Team","1","Sun Dec 8, 2024, 7:51AM","15"
"Stephy Mavididi","LEI","F","Drop","1-Tim's Team","1","Sun Dec 8, 2024, 7:51AM","15"
"Kasey McAteer","LEI","M","Claim","1-The Madd Hatters","1","Sun Dec 8, 2024, 7:48AM","15"
"Mikel Merino","NEW/ARS","M","Drop","1-The Madd Hatters","1","Sun Dec 8, 2024, 7:48AM","15"
"Tariq Lamptey","BHA","D","Claim","1-The Riesterer Bunny","1","Sun Dec 8, 2024, 7:47AM","15"
"Jakub Kiwior","ARS","D","Drop","1-The Riesterer Bunny","1","Sun Dec 8, 2024, 7:47AM","15"
"Cameron Burgess","IPS","D","Claim","1-Tim's Team","1","Sun Dec 8, 2024, 7:47AM","15"
"Jacob Greaves","IPS","D","Drop","1-Tim's Team","1","Sun Dec 8, 2024, 7:47AM","15"
"Jakub Kiwior","ARS","D","Claim","1-The Riesterer Bunny","1","Sun Dec 8, 2024, 7:46AM","15"
"Alisson","LIV","G","Drop","1-The Riesterer Bunny","1","Sun Dec 8, 2024, 7:46AM","15"
"Neco Williams","NOT","D","Claim","1-john lim","1","Sat Dec 7, 2024, 12:22PM","15"
"Ryan Christie","BOU","M","Claim","1- Schärholder Value","1","Sat Dec 7, 2024, 11:53AM","15"
"Keane Lewis-Potter","BRF","F","Drop","1-Dirty little Slot","1","Sat Dec 7, 2024, 11:52AM","16"
"Casemiro","MUN","M","Drop","1- Schärholder Value","1","Sat Dec 7, 2024, 11:52AM","15"
"Emerson","WHU","D","Claim","1 - Law of Averages","1","Sat Dec 7, 2024, 11:18AM","15"
"Kobbie Mainoo","MUN","M","Claim","1 - Law of Averages","1","Sat Dec 7, 2024, 11:16AM","15"
"Konstantinos Tsimikas","LIV","D","Drop","1 - Law of Averages","1","Sat Dec 7, 2024, 9:40AM","15"
"Niclas Füllkrug","WHU","F","Claim","1-Tim's Team","1","Sat Dec 7, 2024, 9:34AM","15"
"Ryan Christie","BOU","M","Drop","1-Tim's Team","1","Sat Dec 7, 2024, 9:34AM","15"
"Ruben Dias","MCI","D","Claim","1-Check Complete FC","1","Sat Dec 7, 2024, 9:32AM","15"
"Vitaly Janelt","BRF","M","Drop","1-Check Complete FC","1","Sat Dec 7, 2024, 9:32AM","15"
"Ryan Christie","BOU","M","Claim","1-Tim's Team","1","Sat Dec 7, 2024, 9:30AM","15"
"Marcos Senesi","BOU","D","Drop","1-john lim","1","Sat Dec 7, 2024, 9:27AM","15"
"Stephy Mavididi","LEI","F","Claim","1-Tim's Team","1","Sat Dec 7, 2024, 9:24AM","15"
"Jacob Murphy","NEW","M","Drop","1-Tim's Team","1","Sat Dec 7, 2024, 9:24AM","15"
"Curtis Jones","LIV","M","Drop","1 - Law of Averages","1","Sat Dec 7, 2024, 9:22AM","15"
"Mason Mount","MUN","M","Drop","1 - Law of Averages","1","Sat Dec 7, 2024, 9:22AM","15"
"Ryan Christie","BOU","M","Drop","1-Tim's Team","1","Sat Dec 7, 2024, 9:19AM","15"
"Rico Lewis","MCI","D","Claim","1-john lim","1","Sat Dec 7, 2024, 9:16AM","15"
"Levi Colwill","CHE","D","Drop","1-john lim","1","Sat Dec 7, 2024, 9:15AM","15"
"Ryan Christie","BOU","M","Claim","1-Tim's Team","1","Sat Dec 7, 2024, 9:06AM","15"
"Kasey McAteer","LEI","M","Drop","1-Tim's Team","1","Sat Dec 7, 2024, 9:06AM","15"
"Victor Kristiansen","LEI","D","Claim","1-Morgan Rodgers Neighborhood","1","Sat Dec 7, 2024, 9:02AM","15"
"Matty Cash","AVL","D","Drop","1-Morgan Rodgers Neighborhood","1","Sat Dec 7, 2024, 9:02AM","15"
"Keane Lewis-Potter","BRF","F","Claim","1-Dirty little Slot","1","Sat Dec 7, 2024, 8:59AM","15"
"Matty Cash","AVL","D","Claim","1-Morgan Rodgers Neighborhood","1","Sat Dec 7, 2024, 8:50AM","15"
"Fabio Carvalho","BRF","M","Claim","1-Tim's Team","1","Sat Dec 7, 2024, 8:48AM","15"
"Jacob Murphy","NEW","M","Claim","1-Tim's Team","1","Sat Dec 7, 2024, 8:47AM","15"
"Ross Barkley","AVL","M","Drop","1-Tim's Team","1","Sat Dec 7, 2024, 8:47AM","15"
"Matty Cash","AVL","D","Drop","1-Tim's Team","1","Sat Dec 7, 2024, 8:47AM","15"
"Tyrone Mings","AVL","D","Drop","1-Morgan Rodgers Neighborhood","1","Sat Dec 7, 2024, 8:47AM","15"
"Kasey McAteer","LEI","M","Claim","1-Tim's Team","1","Sat Dec 7, 2024, 8:07AM","15"
"Jack Clarke","TOT/IPS","F","Drop","1-Tim's Team","1","Sat Dec 7, 2024, 8:07AM","15"
"Ross Barkley","AVL","M","Claim","1-Tim's Team","1","Sat Dec 7, 2024, 8:02AM","15"
"Ryan Christie","BOU","M","Drop","1-Tim's Team","1","Sat Dec 7, 2024, 8:02AM","15"
"Matty Cash","AVL","D","Claim","1-Tim's Team","1","Sat Dec 7, 2024, 7:59AM","15"
"Christopher Nkunku","CHE","F","Drop","1-Tim's Team","1","Sat Dec 7, 2024, 7:59AM","15"
"Ryan Christie","BOU","M","Claim","1-Tim's Team","1","Sat Dec 7, 2024, 4:02AM","15"
"Keane Lewis-Potter","BRF","F","Drop","1-Tim's Team","1","Sat Dec 7, 2024, 4:02AM","15"
"Tyler Dibling","SOU","M","Claim","1-Tim's Team","1","Sat Dec 7, 2024, 4:00AM","15"
"Jack Clarke","TOT/IPS","F","Claim","1-Tim's Team","1","Sat Dec 7, 2024, 4:00AM","15"
"Keane Lewis-Potter","BRF","F","Claim","1-Tim's Team","1","Sat Dec 7, 2024, 3:59AM","15"
"Ian Maatsen","AVL","D","Claim","1-Tim's Team","1","Sat Dec 7, 2024, 3:57AM","15"
"Adam Wharton","CRY","M","Drop","1-Tim's Team","1","Sat Dec 7, 2024, 3:56AM","15"
"Niclas Füllkrug","WHU","F","Drop","1-Tim's Team","1","Sat Dec 7, 2024, 3:56AM","15"
"Ibrahima Konate","LIV","D","Drop","1-Tim's Team","1","Sat Dec 7, 2024, 3:56AM","15"
"Jacob Greaves","IPS","D","Claim","1-Tim's Team","1","Sat Dec 7, 2024, 3:55AM","15"
"Emiliano Martinez","AVL","G","Claim","1-Tim's Team","1","Sat Dec 7, 2024, 3:54AM","15"
"Tyrone Mings","AVL","D","Claim","1-Morgan Rodgers Neighborhood","1","Sat Dec 7, 2024, 3:53AM","15"
"Nelson Semedo","WOL","D","Drop","1-Morgan Rodgers Neighborhood","1","Sat Dec 7, 2024, 3:53AM","15"
"Joseph Gomez","LIV","D","Drop","1-Tim's Team","1","Sat Dec 7, 2024, 3:52AM","15"
"Jordan Pickford","EVE","G","Drop","1-Tim's Team","1","Sat Dec 7, 2024, 3:52AM","15"
"Bart Verbruggen","BHA","G","Claim","1-The Riesterer Bunny","1","Sat Dec 7, 2024, 3:37AM","15"
"Caoimhin Kelleher","LIV","G","Drop","1-The Riesterer Bunny","1","Sat Dec 7, 2024, 3:37AM","15"
"Idrissa Gueye","EVE","M","Drop","1-Dirty little Slot","1","Sat Dec 7, 2024, 12:08AM","15"
"Nelson Semedo","WOL","D","Claim","1-Morgan Rodgers Neighborhood","1","Fri Dec 6, 2024, 12:04PM","15"
"Matthijs de Ligt","MUN","D","Drop","1-Morgan Rodgers Neighborhood","1","Fri Dec 6, 2024, 12:04PM","15"
"Kepa","CHE/BOU","G","Claim","1- Schärholder Value","1","Fri Dec 6, 2024, 11:58AM","15"
"Bernd Leno","FUL","G","Drop","1- Schärholder Value","1","Fri Dec 6, 2024, 11:58AM","15"
"Dara O'Shea","BUR/IPS","D","Claim","1-Morgan Rodgers Neighborhood","1","Fri Dec 6, 2024, 11:37AM","15"
"Tyrell Malacia","MUN","D","Drop","1-Morgan Rodgers Neighborhood","1","Fri Dec 6, 2024, 11:37AM","15"
"Keane Lewis-Potter","BRF","F","Drop","1-Tim's Team","1","Fri Dec 6, 2024, 11:14AM","15"
"Niclas Füllkrug","WHU","F","Claim","1-Tim's Team","1","Fri Dec 6, 2024, 9:59AM","15"
"Ian Maatsen","AVL","D","Drop","1-Tim's Team","1","Fri Dec 6, 2024, 9:59AM","15"
"Adam Wharton","CRY","M","Claim","1-Tim's Team","1","Fri Dec 6, 2024, 9:31AM","15"
"Niclas Füllkrug","WHU","F","Drop","1-Tim's Team","1","Fri Dec 6, 2024, 9:31AM","15"
"Keane Lewis-Potter","BRF","F","Claim","1-Tim's Team","1","Thu Dec 5, 2024, 9:12PM","15"
"Casemiro","MUN","M","Claim","1- Schärholder Value","1","Thu Dec 5, 2024, 9:09PM","15"
"Ola Aina","NOT","D","Drop","1-Tim's Team","1","Thu Dec 5, 2024, 9:07PM","15"
"Niclas Füllkrug","WHU","F","Claim","1-Tim's Team","1","Thu Dec 5, 2024, 9:05PM","15"
"Joel Veltman","BHA","D","Drop","1-Tim's Team","1","Thu Dec 5, 2024, 9:01PM","15"
"Ola Aina","NOT","D","Claim","1-Tim's Team","1","Thu Dec 5, 2024, 9:01PM","15"
"Jordan Pickford","EVE","G","Claim","1-Tim's Team","1","Thu Dec 5, 2024, 9:01PM","15"
"Ian Maatsen","AVL","D","Claim","1-Tim's Team","1","Thu Dec 5, 2024, 9:01PM","15"
"Yasin Ayari","BHA","M","Claim","1-Tim's Team","1","Thu Dec 5, 2024, 9:01PM","15"
"Alisson","LIV","G","Claim","1-The Riesterer Bunny","1","Thu Dec 5, 2024, 9:00PM","15"
"Dean Huijsen","BOU","D","Claim","1-Tim's Team","1","Thu Dec 5, 2024, 9:00PM","15"
"Leny Yoro","MUN","D","Claim","1-The Madd Hatters","1","Thu Dec 5, 2024, 9:00PM","15"
"Ryan Manning","SOU","D","Claim","1-The Riesterer Bunny","1","Thu Dec 5, 2024, 9:00PM","15"
"Bilal El Khannouss","LEI","M","Claim","1 - Law of Averages","1","Thu Dec 5, 2024, 9:00PM","15"
"Mateus Goncalo Espanha Fernandes","SOU","M","Claim","1-Cruel Summerville","1","Thu Dec 5, 2024, 9:00PM","15"
"Pape Sarr","TOT","M","Drop","1-Cruel Summerville","1","Thu Dec 5, 2024, 9:00PM","15"
"Radu Dragusin","TOT","D","Drop","1-The Madd Hatters","1","Thu Dec 5, 2024, 6:34PM","15"
"Konstantinos Mavropanos","WHU","D","Drop","1-The Riesterer Bunny","1","Thu Dec 5, 2024, 5:19PM","15"
"Dara O'Shea","BUR/IPS","D","Drop","1-The Riesterer Bunny","1","Thu Dec 5, 2024, 5:19PM","15"
"Cameron Burgess","IPS","D","Drop","1- Schärholder Value","1","Thu Dec 5, 2024, 5:16PM","15"
"Bart Verbruggen","BHA","G","Drop","1-Tim's Team","1","Thu Dec 5, 2024, 4:17PM","15"
"Ryan Christie","BOU","M","Drop","1-Check Complete FC","1","Thu Dec 5, 2024, 3:05PM","14"
"Radu Dragusin","TOT","D","Claim","1-The Madd Hatters","1","Thu Dec 5, 2024, 2:17PM","14"
"Yasin Ayari","BHA","M","Drop","1- Schärholder Value","1","Thu Dec 5, 2024, 2:03PM","14"
"Joel Veltman","BHA","D","Claim","1-Tim's Team","1","Thu Dec 5, 2024, 1:20PM","14"
"Oleksandr Zinchenko","ARS","D","Drop","1-Tim's Team","1","Thu Dec 5, 2024, 1:18PM","15"
"Harry Wilson","FUL","M","Drop","1-Tim's Team","1","Thu Dec 5, 2024, 1:18PM","14"
"Marc Cucurella","CHE","D","Drop","1-Tim's Team","1","Thu Dec 5, 2024, 12:51PM","15"
"Goncalo Guedes","WOL","F","Drop","1-Tim's Team","1","Thu Dec 5, 2024, 12:51PM","15"
"Harry Wilson","FUL","M","Claim","1-Tim's Team","1","Wed Dec 4, 2024, 2:22PM","14"
"John McGinn","AVL","M","Claim","1-john lim","1","Wed Dec 4, 2024, 2:19PM","14"
"Christian Eriksen","MUN","M","Drop","1-john lim","1","Wed Dec 4, 2024, 2:18PM","14"
"Ruben Dias","MCI","D","Drop","1-Tim's Team","1","Wed Dec 4, 2024, 2:14PM","14"
"Ruben Dias","MCI","D","Claim","1-Tim's Team","1","Wed Dec 4, 2024, 2:13PM","14"
"Jarell Quansah","LIV","D","Drop","1-Tim's Team","1","Wed Dec 4, 2024, 2:13PM","14"
"Idrissa Gueye","EVE","M","Claim","1-Dirty little Slot","1","Wed Dec 4, 2024, 2:06PM","14"
"Jesper Lindstrøm","EVE","M","Drop","1-Dirty little Slot","1","Wed Dec 4, 2024, 2:06PM","14"
"Casemiro","MUN","M","Drop","1-The Madd Hatters","1","Wed Dec 4, 2024, 2:05PM","14"
"Jarell Quansah","LIV","D","Claim","1-Tim's Team","1","Wed Dec 4, 2024, 2:05PM","14"
"Jarell Quansah","LIV","D","Drop","1-Tim's Team","1","Wed Dec 4, 2024, 2:04PM","14"
"Tyrell Malacia","MUN","D","Claim","1-Morgan Rodgers Neighborhood","1","Wed Dec 4, 2024, 2:01PM","14"
"Beto","EVE","F","Drop","1-Morgan Rodgers Neighborhood","1","Wed Dec 4, 2024, 2:01PM","14"
"Oleksandr Zinchenko","ARS","D","Claim","1-Tim's Team","1","Wed Dec 4, 2024, 1:55PM","14"
"Jakub Kiwior","ARS","D","Drop","1-Tim's Team","1","Wed Dec 4, 2024, 1:55PM","14"
"Jakub Kiwior","ARS","D","Claim","1-Tim's Team","1","Wed Dec 4, 2024, 1:47PM","14"
"Jacob Murphy","NEW","M","Drop","1-Tim's Team","1","Wed Dec 4, 2024, 1:34PM","14"
"Andre","WOL","M","Claim","1-Cruel Summerville","1","Wed Dec 4, 2024, 1:33PM","14"
"Benoit Badiashile","CHE","D","Drop","1-Cruel Summerville","1","Wed Dec 4, 2024, 1:33PM","14"
"Simon Adingra","BHA","M","Claim","1- Schärholder Value","1","Wed Dec 4, 2024, 1:33PM","14"
"Tosin Adarabioyo","CHE","D","Claim","1-Dirty little Slot","1","Wed Dec 4, 2024, 1:29PM","14"
"Rodrigo Muniz","FUL","F","Claim","1-Dirty little Slot","1","Wed Dec 4, 2024, 1:29PM","14"
"Malo Gusto","CHE","D","Claim","1 - Law of Averages","1","Wed Dec 4, 2024, 1:26PM","14"
"Simon Adingra","BHA","M","Drop","1- Schärholder Value","1","Wed Dec 4, 2024, 1:26PM","14"
"Caoimhin Kelleher","LIV","G","Claim","1-Diamond Dogs","1","Wed Dec 4, 2024, 1:25PM","14"
"Alisson","LIV","G","Drop","1-Diamond Dogs","1","Wed Dec 4, 2024, 1:25PM","14"
"Jacob Murphy","NEW","M","Claim","1-Tim's Team","1","Wed Dec 4, 2024, 1:25PM","14"
"Rodrigo Muniz","FUL","F","Drop","1-Tim's Team","1","Wed Dec 4, 2024, 1:23PM","14"
"Curtis Jones","LIV","M","Claim","1 - Law of Averages","1","Wed Dec 4, 2024, 1:20PM","14"
"Jack Clarke","TOT/IPS","F","Drop","1-Tim's Team","1","Tue Dec 3, 2024, 5:41PM","15"
"Danny Ings","WHU","F","Drop","1-Morgan Rodgers Neighborhood","1","Tue Dec 3, 2024, 5:28PM","15"
"Simon Adingra","BHA","M","Claim","1- Schärholder Value","1","Tue Dec 3, 2024, 4:39PM","14"
"Ross Barkley","AVL","M","Drop","1- Schärholder Value","1","Tue Dec 3, 2024, 4:39PM","14"
"Levi Colwill","CHE","D","Claim","1-john lim","1","Tue Dec 3, 2024, 4:15PM","14"
"Konstantinos Mavropanos","WHU","D","Claim","1-The Riesterer Bunny","1","Tue Dec 3, 2024, 2:21PM","14"
"Levi Colwill","CHE","D","Drop","1-The Riesterer Bunny","1","Tue Dec 3, 2024, 2:21PM","14"
"Danny Ings","WHU","F","Claim","1-Morgan Rodgers Neighborhood","1","Tue Dec 3, 2024, 2:20PM","14"
"Keane Lewis-Potter","BRF","F","Drop","1-Morgan Rodgers Neighborhood","1","Tue Dec 3, 2024, 2:20PM","14"
"Carlos Soler","WHU","M","Claim","1-Morgan Rodgers Neighborhood","1","Tue Dec 3, 2024, 2:14PM","14"
"Mykhailo Mudryk","CHE","M","Drop","1-Morgan Rodgers Neighborhood","1","Tue Dec 3, 2024, 2:14PM","14"
"Mykhailo Mudryk","CHE","M","Claim","1-Morgan Rodgers Neighborhood","1","Tue Dec 3, 2024, 2:10PM","14"
"Nelson Semedo","WOL","D","Drop","1-Morgan Rodgers Neighborhood","1","Tue Dec 3, 2024, 2:10PM","14"
"Jack Clarke","TOT/IPS","F","Claim","1-Tim's Team","1","Tue Dec 3, 2024, 1:38PM","14"
"Simon Adingra","BHA","M","Drop","1-Tim's Team","1","Tue Dec 3, 2024, 1:38PM","14"
"Cameron Burgess","IPS","D","Claim","1- Schärholder Value","1","Tue Dec 3, 2024, 12:49PM","14"
"Tariq Lamptey","BHA","D","Drop","1- Schärholder Value","1","Tue Dec 3, 2024, 12:49PM","14"
"Callum Wilson","NEW","F","Claim","1-Diamond Dogs","1","Mon Dec 2, 2024, 10:00PM","14"
"Adam Wharton","CRY","M","Drop","1-The Madd Hatters","1","Mon Dec 2, 2024, 9:39PM","14"
"Harvey Barnes","NEW","M","Claim","1-Diamond Dogs","1","Mon Dec 2, 2024, 9:04PM","14"
"Kobbie Mainoo","MUN","M","Drop","1-Diamond Dogs","1","Mon Dec 2, 2024, 9:04PM","14"
"Omari Hutchinson","IPS","M","Claim","1-Diamond Dogs","1","Mon Dec 2, 2024, 9:03PM","14"
"Harvey Barnes","NEW","M","Drop","1-Diamond Dogs","1","Mon Dec 2, 2024, 9:03PM","14"
"Ross Barkley","AVL","M","Claim","1- Schärholder Value","1","Mon Dec 2, 2024, 9:02PM","14"
"Goncalo Guedes","WOL","F","Claim","1-Tim's Team","1","Mon Dec 2, 2024, 9:01PM","14"
"Thomas Partey","ARS","M","Claim","1-Diamond Dogs","1","Mon Dec 2, 2024, 9:01PM","14"
"Ola Aina","NOT","D","Drop","1-Diamond Dogs","1","Mon Dec 2, 2024, 9:01PM","14"
"Jarell Quansah","LIV","D","Claim","1-Tim's Team","1","Mon Dec 2, 2024, 9:01PM","14"
"Simon Adingra","BHA","M","Claim","1-Tim's Team","1","Mon Dec 2, 2024, 9:01PM","14"
"Rodrigo Muniz","FUL","F","Claim","1-Tim's Team","1","Mon Dec 2, 2024, 9:00PM","14"
"Harvey Barnes","NEW","M","Claim","1-Diamond Dogs","1","Mon Dec 2, 2024, 9:00PM","14"
"Sam Morsy","IPS","M","Drop","1-Diamond Dogs","1","Mon Dec 2, 2024, 9:00PM","14"
"Levi Colwill","CHE","D","Claim","1-The Riesterer Bunny","1","Mon Dec 2, 2024, 9:00PM","14"
"Dara O'Shea","BUR/IPS","D","Claim","1-The Riesterer Bunny","1","Mon Dec 2, 2024, 9:00PM","14"
"Kevin Schade","BRF","M","Claim","1-Mateta’s Muppets","2","Mon Dec 2, 2024, 9:00PM","14"
"Niclas Füllkrug","WHU","F","Drop","1-Mateta’s Muppets","2","Mon Dec 2, 2024, 9:00PM","14"
"Eddie Nketiah","ARS/CRY","F","Drop","1-Mateta’s Muppets","1","Mon Dec 2, 2024, 8:51PM","14"
"Manuel Akanji","MCI","D","Drop","1-Dirty little Slot","1","Mon Dec 2, 2024, 10:58AM","14"
"Victor Kristiansen","LEI","D","Drop","1-Mateta’s Muppets","1","Mon Dec 2, 2024, 11:05PM","14"
"Rico Lewis","MCI","D","Drop","1-Tim's Team","1","Sun Dec 1, 2024, 1:03PM","14"
"Omari Hutchinson","IPS","M","Drop","1 - Law of Averages","1","Sun Dec 1, 2024, 12:18PM","14"
"John McGinn","AVL","M","Drop","1 - Law of Averages","1","Sun Dec 1, 2024, 12:18PM","14"
"Manuel Akanji","MCI","D","Claim","1-Dirty little Slot","1","Sun Dec 1, 2024, 10:06AM","13"
"Rico Lewis","MCI","D","Claim","1-Tim's Team","1","Sun Dec 1, 2024, 10:04AM","13"
"John McGinn","AVL","M","Claim","1 - Law of Averages","1","Sun Dec 1, 2024, 7:56AM","13"
"Fraser Forster","TOT","G","Claim","1 - Law of Averages","1","Sun Dec 1, 2024, 7:55AM","13"
"Emiliano Martinez","AVL","G","Drop","1 - Law of Averages","1","Sun Dec 1, 2024, 7:55AM","13"
"Timo Werner","TOT","F","Claim","1-Check Complete FC","1","Thu Nov 28, 2024, 11:05PM","13"
"Joshua Zirkzee","MUN","F","Claim","1-Mateta’s Muppets","1","Sun Dec 1, 2024, 7:34AM","13"
"Joachim Andersen","CRY/FUL","D","Drop","1-Mateta’s Muppets","1","Sun Dec 1, 2024, 7:34AM","13"
"Idrissa Gueye","EVE","M","Drop","1-Tim's Team","1","Sun Dec 1, 2024, 7:30AM","13"
"Idrissa Gueye","EVE","M","Claim","1-Tim's Team","1","Sun Dec 1, 2024, 7:29AM","13"
"Ross Barkley","AVL","M","Drop","1-Tim's Team","1","Sun Dec 1, 2024, 7:25AM","13"
"Beto","EVE","F","Claim","1-Morgan Rodgers Neighborhood","1","Sun Dec 1, 2024, 7:18AM","13"
"Tyrell Malacia","MUN","D","Drop","1-Morgan Rodgers Neighborhood","1","Sun Dec 1, 2024, 7:18AM","13"
"Dara O'Shea","BUR/IPS","D","Drop","1-Tim's Team","1","Sat Nov 30, 2024, 8:51PM","14"
"Christopher Nkunku","CHE","F","Claim","1-Tim's Team","1","Sat Nov 30, 2024, 8:48PM","13"
"Idrissa Gueye","EVE","M","Drop","1-Tim's Team","1","Sat Nov 30, 2024, 8:48PM","13"
"Idrissa Gueye","EVE","M","Claim","1-Tim's Team","1","Sat Nov 30, 2024, 4:31PM","13"
"Rodrigo Muniz","FUL","F","Drop","1-Tim's Team","1","Sat Nov 30, 2024, 4:31PM","13"
"Rodrigo Muniz","FUL","F","Claim","1-Tim's Team","1","Sat Nov 30, 2024, 4:30PM","13"
"Marc Cucurella","CHE","D","Claim","1-Tim's Team","1","Sat Nov 30, 2024, 4:30PM","13"
"Neco Williams","NOT","D","Drop","1-The Riesterer Bunny","1","Sat Nov 30, 2024, 12:06PM","14"
"David Brooks","BOU","M","Drop","1-The Riesterer Bunny","1","Sat Nov 30, 2024, 12:02PM","14"
"Thomas Partey","ARS","M","Drop","1-Check Complete FC","1","Sat Nov 30, 2024, 11:56AM","13"
"Gabriel Jesus","ARS","F","Drop","1-Dirty little Slot","1","Sat Nov 30, 2024, 11:34AM","13"
"Ola Aina","NOT","D","Claim","1-Diamond Dogs","1","Sat Nov 30, 2024, 9:50AM","13"
"Alex Moreno","AVL/NOT","D","Drop","1-Diamond Dogs","1","Sat Nov 30, 2024, 9:50AM","13"
"Dango Ouattara","BOU","M","Drop","1-Tim's Team","1","Thu Nov 28, 2024, 11:05PM","13"
"David Brooks","BOU","M","Claim","1-The Riesterer Bunny","1","Sat Nov 30, 2024, 8:59AM","13"
"Harvey Barnes","NEW","M","Drop","1-The Riesterer Bunny","1","Sat Nov 30, 2024, 8:59AM","13"
"Neco Williams","NOT","D","Claim","1-The Riesterer Bunny","1","Sat Nov 30, 2024, 8:47AM","13"
"Ola Aina","NOT","D","Drop","1-The Riesterer Bunny","1","Sat Nov 30, 2024, 8:47AM","13"
"Jota Silva","NOT","F","Claim","1-Morgan Rodgers Neighborhood","1","Fri Nov 29, 2024, 8:34PM","13"
"Stephy Mavididi","LEI","F","Drop","1-Morgan Rodgers Neighborhood","1","Fri Nov 29, 2024, 8:34PM","13"
"Omari Hutchinson","IPS","M","Claim","1 - Law of Averages","1","Fri Nov 29, 2024, 5:17PM","13"
"Mateus Goncalo Espanha Fernandes","SOU","M","Drop","1-Tim's Team","1","Fri Nov 29, 2024, 2:11PM","13"
"Tariq Lamptey","BHA","D","Claim","1- Schärholder Value","1","Fri Nov 29, 2024, 1:47PM","13"
"Sepp van den Berg","LIV/BRF","D","Drop","1- Schärholder Value","1","Fri Nov 29, 2024, 1:47PM","13"
"Ferdi Kadioglu","BHA","M","Claim","1-The Riesterer Bunny","1","Thu Nov 28, 2024, 9:00PM","13"
"Alexis Mac Allister","LIV","M","Claim","1-Check Complete FC","1","Thu Nov 28, 2024, 9:00PM","13"
"James Ward-Prowse","WHU/NOT","M","Drop","1-Check Complete FC","1","Thu Nov 28, 2024, 9:00PM","13"
"Emerson","WHU","D","Drop","1-The Riesterer Bunny","1","Thu Nov 28, 2024, 8:43PM","13"
"Stephy Mavididi","LEI","F","Claim","1-Morgan Rodgers Neighborhood","1","Thu Nov 28, 2024, 2:12PM","13"
"Tyrell Malacia","MUN","D","Claim","1-Morgan Rodgers Neighborhood","1","Thu Nov 28, 2024, 2:12PM","13"
"Stephy Mavididi","LEI","F","Drop","1-Morgan Rodgers Neighborhood","1","Thu Nov 28, 2024, 2:12PM","13"
"Casemiro","MUN","M","Claim","1-The Madd Hatters","1","Thu Nov 28, 2024, 1:25PM","13"
"Omari Hutchinson","IPS","M","Drop","1-The Madd Hatters","1","Thu Nov 28, 2024, 1:25PM","13"
"Joseph Gomez","LIV","D","Claim","1-Tim's Team","1","Thu Nov 28, 2024, 7:53AM","13"
"Joel Veltman","BHA","D","Drop","1-Tim's Team","1","Thu Nov 28, 2024, 7:53AM","13"
"Joel Veltman","BHA","D","Claim","1-Tim's Team","1","Thu Nov 28, 2024, 7:20AM","13"
"Stephy Mavididi","LEI","F","Claim","1-Morgan Rodgers Neighborhood","1","Thu Nov 28, 2024, 7:20AM","13"
"Jarell Quansah","LIV","D","Drop","1-Morgan Rodgers Neighborhood","1","Thu Nov 28, 2024, 7:20AM","13"
"Joseph Gomez","LIV","D","Drop","1-Tim's Team","1","Thu Nov 28, 2024, 7:20AM","13"
"Adam Wharton","CRY","M","Claim","1-The Madd Hatters","1","Thu Nov 28, 2024, 7:15AM","13"
"Ferdi Kadioglu","BHA","M","Drop","1-The Madd Hatters","1","Thu Nov 28, 2024, 7:15AM","13"
"Joseph Gomez","LIV","D","Claim","1-Tim's Team","1","Wed Nov 27, 2024, 6:48PM","13"
"Adam Wharton","CRY","M","Drop","1-Tim's Team","1","Wed Nov 27, 2024, 6:48PM","13"
"Jarell Quansah","LIV","D","Claim","1-Morgan Rodgers Neighborhood","1","Wed Nov 27, 2024, 6:41PM","13"
"John McGinn","AVL","M","Drop","1-Morgan Rodgers Neighborhood","1","Wed Nov 27, 2024, 6:41PM","13"
"Adam Wharton","CRY","M","Claim","1-Tim's Team","1","Wed Nov 27, 2024, 1:42PM","13"
"Joel Veltman","BHA","D","Drop","1-Tim's Team","1","Wed Nov 27, 2024, 1:42PM","13"
"Emerson","WHU","D","Claim","1-The Riesterer Bunny","1","Wed Nov 27, 2024, 1:16PM","13"
"Adam Wharton","CRY","M","Drop","1-The Riesterer Bunny","1","Wed Nov 27, 2024, 1:16PM","13"
"Mateus Goncalo Espanha Fernandes","SOU","M","Claim","1-Tim's Team","1","Wed Nov 27, 2024, 7:47AM","13"
"Marc Cucurella","CHE","D","Drop","1-Tim's Team","1","Wed Nov 27, 2024, 7:47AM","13"
"Joel Veltman","BHA","D","Claim","1-Tim's Team","1","Wed Nov 27, 2024, 7:14AM","13"
"Idrissa Gueye","EVE","M","Drop","1-Tim's Team","1","Wed Nov 27, 2024, 7:14AM","13"
"Adam Wharton","CRY","M","Claim","1-The Riesterer Bunny","1","Tue Nov 26, 2024, 10:54PM","13"
"Idrissa Gueye","EVE","M","Claim","1-Tim's Team","1","Tue Nov 26, 2024, 9:02PM","13"
"Dango Ouattara","BOU","M","Claim","1-Tim's Team","1","Tue Nov 26, 2024, 9:00PM","13"
"Dara O'Shea","BUR/IPS","D","Claim","1-Tim's Team","1","Tue Nov 26, 2024, 9:00PM","13"
"Ola Aina","NOT","D","Claim","1-The Riesterer Bunny","1","Tue Nov 26, 2024, 9:00PM","13"
"Mason Mount","MUN","M","Claim","1 - Law of Averages","1","Tue Nov 26, 2024, 9:00PM","13"
"Leny Yoro","MUN","D","Drop","1 - Law of Averages","1","Tue Nov 26, 2024, 9:00PM","13"
"Joao Gomes","WOL","M","Claim","1-Mateta’s Muppets","1","Tue Nov 26, 2024, 9:00PM","13"
"Alexis Mac Allister","LIV","M","Drop","1-Mateta’s Muppets","1","Tue Nov 26, 2024, 9:00PM","13"
"Arijanet Muric","IPS","G","Claim","1-Dirty little Slot","1","Tue Nov 26, 2024, 9:00PM","13"
"Guglielmo Vicario","TOT","G","Drop","1-Dirty little Slot","1","Tue Nov 26, 2024, 9:00PM","13"
"Casemiro","MUN","M","Drop","1-Tim's Team","1","Mon Nov 25, 2024, 5:01PM","13"
"Levi Colwill","CHE","D","Drop","1 - Law of Averages","1","Mon Nov 25, 2024, 4:57PM","13"
"Christopher Nkunku","CHE","F","Drop","1 - Law of Averages","1","Mon Nov 25, 2024, 4:57PM","13"
"Michail Antonio","WHU","F","Drop","1 - Law of Averages","1","Mon Nov 25, 2024, 4:57PM","13"
"Michail Antonio","WHU","F","Claim","1 - Law of Averages","1","Mon Nov 25, 2024, 2:53PM","12"
"Sandro Tonali","NEW","M","Drop","1 - Law of Averages","1","Mon Nov 25, 2024, 2:53PM","12"
"Conor Bradley","LIV","D","Drop","1-The Riesterer Bunny","1","Mon Nov 25, 2024, 9:09AM","13"
"Curtis Jones","LIV","M","Drop","1-Tim's Team","1","Sun Nov 24, 2024, 12:18PM","13"
"Omari Hutchinson","IPS","M","Claim","1-The Madd Hatters","1","Sun Nov 24, 2024, 11:25AM","12"
"Ian Maatsen","AVL","D","Drop","1-Tim's Team","1","Sat Nov 23, 2024, 1:35PM","13"
"Vitalii Mykolenko","EVE","D","Claim","1-Mateta’s Muppets","1","Sat Nov 23, 2024, 9:55AM","12"
"Max Kilman","WHU","D","Claim","1- Schärholder Value","1","Sat Nov 23, 2024, 9:49AM","12"
"Simon Adingra","BHA","M","Drop","1- Schärholder Value","1","Sat Nov 23, 2024, 9:49AM","12"
"Mads Roerslev","BRF","D","Drop","1-Morgan Rodgers Neighborhood","1","Sat Nov 23, 2024, 9:05AM","12"
"John McGinn","AVL","M","Claim","1-Morgan Rodgers Neighborhood","1","Sat Nov 23, 2024, 9:03AM","12"
"Harry Wilson","FUL","M","Drop","1-Morgan Rodgers Neighborhood","1","Sat Nov 23, 2024, 9:03AM","12"
"Gabriel Jesus","ARS","F","Claim","1-Dirty little Slot","1","Sat Nov 23, 2024, 8:56AM","12"
"Ian Maatsen","AVL","D","Claim","1-Tim's Team","1","Sat Nov 23, 2024, 8:47AM","12"
"Mason Mount","MUN","M","Drop","1-Tim's Team","1","Sat Nov 23, 2024, 8:47AM","12"
"Joseph Gomez","LIV","D","Drop","1-The Riesterer Bunny","1","Sat Nov 23, 2024, 8:46AM","12"
"Sam Morsy","IPS","M","Claim","1-Diamond Dogs","1","Sat Nov 23, 2024, 8:25AM","12"
"Mathias Jensen","BRF","M","Drop","1-Diamond Dogs","1","Sat Nov 23, 2024, 8:25AM","12"
"Stephy Mavididi","LEI","F","Drop","1-The Madd Hatters","1","Sat Nov 23, 2024, 7:25AM","12"
"Benoit Badiashile","CHE","D","Claim","1-Cruel Summerville","1","Sat Nov 23, 2024, 6:31AM","12"
"Malo Gusto","CHE","D","Drop","1-Cruel Summerville","1","Sat Nov 23, 2024, 6:31AM","12"
"Mason Mount","MUN","M","Claim","1-Tim's Team","1","Sat Nov 23, 2024, 6:20AM","12"
"Bilal El Khannouss","LEI","M","Drop","1-Tim's Team","1","Sat Nov 23, 2024, 6:18AM","12"
"Bilal El Khannouss","LEI","M","Claim","1-Tim's Team","1","Sat Nov 23, 2024, 6:16AM","12"
"Pablo Sarabia","WOL","M","Drop","1-Tim's Team","1","Sat Nov 23, 2024, 6:16AM","12"
"Aaron Wan-Bissaka","WHU","D","Claim","1-Cruel Summerville","1","Sat Nov 23, 2024, 1:14AM","12"
"Levi Colwill","CHE","D","Claim","1 - Law of Averages","1","Fri Nov 22, 2024, 11:50PM","12"
"Reece James","CHE","D","Drop","1 - Law of Averages","1","Fri Nov 22, 2024, 11:50PM","12"
"Joseph Gomez","LIV","D","Claim","1-The Riesterer Bunny","1","Fri Nov 22, 2024, 12:41PM","12"
"Ola Aina","NOT","D","Drop","1-The Riesterer Bunny","1","Fri Nov 22, 2024, 12:40PM","12"
"Ross Barkley","AVL","M","Claim","1-Tim's Team","1","Fri Nov 22, 2024, 11:55AM","12"
"Vitalii Mykolenko","EVE","D","Drop","1-Tim's Team","1","Fri Nov 22, 2024, 11:55AM","12"
"Bart Verbruggen","BHA","G","Claim","1-Tim's Team","1","Fri Nov 22, 2024, 11:36AM","12"
"Arijanet Muric","IPS","G","Drop","1-Tim's Team","1","Fri Nov 22, 2024, 11:36AM","12"
"Vitalii Mykolenko","EVE","D","Claim","1-Tim's Team","1","Fri Nov 22, 2024, 11:29AM","12"
"Tyrick Mitchell","CRY","D","Drop","1-Tim's Team","1","Fri Nov 22, 2024, 11:29AM","12"
"Marc Cucurella","CHE","D","Claim","1-Tim's Team","1","Fri Nov 22, 2024, 10:58AM","12"
"Dara O'Shea","BUR/IPS","D","Drop","1-Tim's Team","1","Fri Nov 22, 2024, 10:58AM","12"
"Reece James","CHE","D","Claim","1 - Law of Averages","1","Thu Nov 21, 2024, 9:58PM","12"
"Levi Colwill","CHE","D","Drop","1 - Law of Averages","1","Thu Nov 21, 2024, 9:58PM","12"
"Dara O'Shea","BUR/IPS","D","Claim","1-Tim's Team","1","Thu Nov 21, 2024, 9:44PM","12"
"Mykhailo Mudryk","CHE","M","Drop","1-Tim's Team","1","Thu Nov 21, 2024, 9:44PM","12"
"Curtis Jones","LIV","M","Claim","1-Tim's Team","1","Thu Nov 21, 2024, 9:08PM","12"
"Dara O'Shea","BUR/IPS","D","Drop","1-Tim's Team","1","Thu Nov 21, 2024, 9:08PM","12"
"Pablo Sarabia","WOL","M","Claim","1-Tim's Team","1","Thu Nov 21, 2024, 9:06PM","12"
"Tyrick Mitchell","CRY","D","Claim","1-Tim's Team","1","Thu Nov 21, 2024, 9:06PM","12"
"Dara O'Shea","BUR/IPS","D","Claim","1-Tim's Team","1","Thu Nov 21, 2024, 5:00PM","12"
"Dango Ouattara","BOU","M","Drop","1-The Madd Hatters","1","Thu Nov 21, 2024, 4:54PM","12"
"Reece James","CHE","D","Drop","1-Tim's Team","1","Thu Nov 21, 2024, 2:08PM","12"
"Marc Cucurella","CHE","D","Drop","1-Tim's Team","1","Thu Nov 21, 2024, 2:08PM","12"
"Enzo Fernandez","CHE","M","Claim","1-Morgan Rodgers Neighborhood","1","Thu Nov 21, 2024, 1:54PM","12"
"Tyrick Mitchell","CRY","D","Drop","1-Morgan Rodgers Neighborhood","1","Thu Nov 21, 2024, 1:54PM","12"
"Marc Cucurella","CHE","D","Claim","1-Tim's Team","1","Thu Nov 21, 2024, 10:39AM","12"
"Kiernan Dewsbury-Hall","CHE","M","Drop","1-Tim's Team","1","Thu Nov 21, 2024, 10:39AM","12"
"Abdul Fatawu","LEI","F","Drop","1-Cruel Summerville","1","Thu Nov 21, 2024, 7:15AM","12"
"Kiernan Dewsbury-Hall","CHE","M","Claim","1-Tim's Team","1","Wed Nov 20, 2024, 1:50PM","12"
"Curtis Jones","LIV","M","Drop","1-Dirty little Slot","1","Wed Nov 20, 2024, 1:11PM","12"
"Aaron Wan-Bissaka","WHU","D","Drop","1-Dirty little Slot","1","Wed Nov 20, 2024, 1:06PM","12"
"Stephy Mavididi","LEI","F","Claim","1-The Madd Hatters","1","Wed Nov 20, 2024, 12:41PM","12"
"Dara O'Shea","BUR/IPS","D","Drop","1-The Madd Hatters","1","Wed Nov 20, 2024, 12:41PM","12"
"Sepp van den Berg","LIV/BRF","D","Claim","1- Schärholder Value","1","Wed Nov 20, 2024, 11:54AM","12"
"Max Kilman","WHU","D","Drop","1- Schärholder Value","1","Wed Nov 20, 2024, 11:54AM","12"
"Mykhailo Mudryk","CHE","M","Claim","1-Tim's Team","1","Tue Nov 19, 2024, 9:22PM","12"
"Stephy Mavididi","LEI","F","Drop","1-Tim's Team","1","Tue Nov 19, 2024, 9:22PM","12"
"Stephy Mavididi","LEI","F","Claim","1-Tim's Team","1","Tue Nov 19, 2024, 9:18PM","12"
"Simon Adingra","BHA","M","Claim","1- Schärholder Value","1","Tue Nov 19, 2024, 9:09PM","12"
"Harry Winks","LEI","M","Drop","1- Schärholder Value","1","Tue Nov 19, 2024, 9:09PM","12"
"Dara O'Shea","BUR/IPS","D","Claim","1-The Madd Hatters","1","Tue Nov 19, 2024, 9:06PM","12"
"Vitalii Mykolenko","EVE","D","Drop","1-The Madd Hatters","1","Tue Nov 19, 2024, 9:06PM","12"
"Dango Ouattara","BOU","M","Claim","1-The Madd Hatters","1","Tue Nov 19, 2024, 9:04PM","12"
"Joao Gomes","WOL","M","Drop","1-The Madd Hatters","1","Tue Nov 19, 2024, 9:04PM","12"
"Tyler Adams","BOU","M","Claim","1-The Madd Hatters","1","Tue Nov 19, 2024, 9:01PM","12"
"Conor Bradley","LIV","D","Claim","1-The Riesterer Bunny","1","Tue Nov 19, 2024, 9:00PM","12"
"Pablo Sarabia","WOL","M","Drop","1-The Riesterer Bunny","1","Tue Nov 19, 2024, 9:00PM","12"
"Levi Colwill","CHE","D","Claim","1 - Law of Averages","6","Tue Nov 19, 2024, 9:00PM","12"
"Leny Yoro","MUN","D","Claim","1 - Law of Averages","5","Tue Nov 19, 2024, 9:00PM","12"
"Sandro Tonali","NEW","M","Claim","1 - Law of Averages","4","Tue Nov 19, 2024, 9:00PM","12"
"Manuel Ugarte","MUN","M","Claim","1-Morgan Rodgers Neighborhood","3","Tue Nov 19, 2024, 9:00PM","12"
"Emiliano Martinez","AVL","G","Claim","1 - Law of Averages","3","Tue Nov 19, 2024, 9:00PM","12"
"Kepa","CHE/BOU","G","Drop","1 - Law of Averages","3","Tue Nov 19, 2024, 9:00PM","12"
"Harry Wilson","FUL","M","Claim","1-Morgan Rodgers Neighborhood","2","Tue Nov 19, 2024, 9:00PM","12"
"Dominik Szoboszlai","LIV","M","Claim","1 - Law of Averages","2","Tue Nov 19, 2024, 9:00PM","12"
"Mads Roerslev","BRF","D","Claim","1-Morgan Rodgers Neighborhood","1","Tue Nov 19, 2024, 9:00PM","12"
"Igor Thiago","BRF","F","Claim","1-Cruel Summerville","1","Tue Nov 19, 2024, 9:00PM","12"
"Rodrigo Bentancur","TOT","M","Drop","1-Cruel Summerville","1","Tue Nov 19, 2024, 9:00PM","12"
"Cameron Archer","AVL/SOU","F","Drop","1-Morgan Rodgers Neighborhood","1","Tue Nov 19, 2024, 9:00PM","12"
"Sammie Szmodics","IPS","M","Drop","1-Morgan Rodgers Neighborhood","1","Tue Nov 19, 2024, 3:14PM","12"
"Sam Morsy","IPS","M","Drop","1-Dirty little Slot","1","Sun Nov 17, 2024, 9:58PM","12"
"John McGinn","AVL","M","Drop","1 - Law of Averages","1","Sun Nov 10, 2024, 1:24PM","12"
"Joshua Zirkzee","MUN","F","Drop","1 - Law of Averages","1","Sun Nov 10, 2024, 1:24PM","12"
"Radu Dragusin","TOT","D","Drop","1 - Law of Averages","1","Sun Nov 10, 2024, 1:24PM","12"
"Romeo Lavia","CHE","M","Drop","1-Morgan Rodgers Neighborhood","1","Sun Nov 10, 2024, 10:15AM","11"
"Rodrigo Bentancur","TOT","M","Claim","1-Cruel Summerville","1","Sun Nov 10, 2024, 8:28AM","11"
"Yves Bissouma","TOT","M","Drop","1-Cruel Summerville","1","Sun Nov 10, 2024, 8:28AM","11"
"Sam Morsy","IPS","M","Claim","1-Dirty little Slot","1","Sun Nov 10, 2024, 7:57AM","11"
"Abdoulaye Doucoure","EVE","M","Drop","1-Tim's Team","1","Sat Nov 9, 2024, 3:32PM","12"
"Harry Winks","LEI","M","Claim","1- Schärholder Value","1","Sat Nov 9, 2024, 1:47PM","11"
"Dominik Szoboszlai","LIV","M","Drop","1- Schärholder Value","1","Sat Nov 9, 2024, 1:46PM","11"
"Curtis Jones","LIV","M","Claim","1-Dirty little Slot","1","Sat Nov 9, 2024, 1:09PM","11"
"Daichi Kamada","CRY","M","Drop","1-Mateta’s Muppets","1","Sat Nov 9, 2024, 11:37AM","12"
"Sepp van den Berg","LIV/BRF","D","Drop","1-The Madd Hatters","1","Sat Nov 9, 2024, 9:58AM","11"
"Romeo Lavia","CHE","M","Claim","1-Morgan Rodgers Neighborhood","1","Sat Nov 9, 2024, 9:40AM","11"
"Wout Faes","LEI","D","Drop","1-john lim","1","Sat Nov 9, 2024, 9:36AM","11"
"Tyrell Malacia","MUN","D","Drop","1-Morgan Rodgers Neighborhood","1","Sat Nov 9, 2024, 9:33AM","11"
"Joao Gomes","WOL","M","Claim","1-The Madd Hatters","1","Sat Nov 9, 2024, 9:10AM","11"
"Abdoulaye Doucoure","EVE","M","Claim","1-Tim's Team","1","Sat Nov 9, 2024, 9:06AM","11"
"Igor Thiago","BRF","F","Drop","1-Tim's Team","1","Sat Nov 9, 2024, 9:06AM","11"
"Kepa","CHE/BOU","G","Claim","1 - Law of Averages","1","Sat Nov 9, 2024, 9:04AM","11"
"Jordan Pickford","EVE","G","Drop","1 - Law of Averages","1","Sat Nov 9, 2024, 9:04AM","11"
"Pape Sarr","TOT","M","Claim","1-Cruel Summerville","1","Sat Nov 9, 2024, 8:48AM","11"
"Beto","EVE","F","Drop","1-The Madd Hatters","1","Sat Nov 9, 2024, 8:48AM","11"
"Fabio Carvalho","BRF","M","Drop","1-Cruel Summerville","1","Sat Nov 9, 2024, 8:47AM","11"
"Yves Bissouma","TOT","M","Claim","1-Cruel Summerville","1","Sat Nov 9, 2024, 8:43AM","11"
"Sander Berge","BUR/FUL","M","Drop","1-Cruel Summerville","1","Sat Nov 9, 2024, 8:43AM","11"
"Mateus Goncalo Espanha Fernandes","SOU","M","Drop","1-Dirty little Slot","1","Sat Nov 9, 2024, 1:08AM","11"
"Anthony Elanga","NOT","F","Drop","1-Dirty little Slot","1","Sat Nov 9, 2024, 1:08AM","11"
"Igor Thiago","BRF","F","Claim","1-Tim's Team","1","Fri Nov 8, 2024, 9:36AM","11"
"Goncalo Guedes","WOL","F","Drop","1-Tim's Team","1","Fri Nov 8, 2024, 9:36AM","11"
"Beto","EVE","F","Claim","1-The Madd Hatters","1","Thu Nov 7, 2024, 6:04PM","11"
"Dominik Szoboszlai","LIV","M","Claim","1- Schärholder Value","1","Thu Nov 7, 2024, 4:07PM","11"
"Santiago Bueno","WOL","D","Drop","1- Schärholder Value","1","Thu Nov 7, 2024, 4:07PM","11"
"Max Kilman","WHU","D","Claim","1- Schärholder Value","1","Tue Nov 5, 2024, 9:03PM","11"
"Omari Hutchinson","IPS","M","Drop","1- Schärholder Value","1","Tue Nov 5, 2024, 9:03PM","11"
"Wesley Fofana","CHE","D","Claim","1-Tim's Team","1","Tue Nov 5, 2024, 9:03PM","11"
"Goncalo Guedes","WOL","F","Claim","1-Tim's Team","1","Tue Nov 5, 2024, 9:01PM","11"
"Konstantinos Tsimikas","LIV","D","Claim","1 - Law of Averages","1","Tue Nov 5, 2024, 9:00PM","11"
"Milos Kerkez","BOU","D","Claim","1-Mateta’s Muppets","1","Tue Nov 5, 2024, 9:00PM","11"
"Rodrigo Muniz","FUL","F","Drop","1-Mateta’s Muppets","1","Tue Nov 5, 2024, 9:00PM","11"
"Sander Berge","BUR/FUL","M","Claim","1-Cruel Summerville","1","Mon Nov 4, 2024, 2:29PM","10"
"Reiss Nelson","ARS/FUL","F","Claim","1-Tim's Team","1","Mon Nov 4, 2024, 2:00PM","10"
"Michael Keane","EVE","D","Drop","1 - Law of Averages","1","Sun Nov 3, 2024, 11:25AM","11"
"Will Hughes","CRY","M","Drop","1-The Madd Hatters","1","Sun Nov 3, 2024, 9:31AM","11"
"Radu Dragusin","TOT","D","Claim","1 - Law of Averages","1","Sun Nov 3, 2024, 8:27AM","10"
"John McGinn","AVL","M","Claim","1 - Law of Averages","1","Sun Nov 3, 2024, 8:26AM","10"
"Stephy Mavididi","LEI","F","Drop","1-Tim's Team","1","Sat Nov 2, 2024, 10:40PM","11"
"Dominik Szoboszlai","LIV","M","Drop","1-Tim's Team","1","Sat Nov 2, 2024, 10:39PM","11"
"Pablo Sarabia","WOL","M","Claim","1-The Riesterer Bunny","1","Sat Nov 2, 2024, 10:58AM","10"
"Tommy Doyle","WOL","M","Drop","1-The Riesterer Bunny","1","Sat Nov 2, 2024, 10:58AM","10"
"Konstantinos Tsimikas","LIV","D","Drop","1-Tim's Team","1","Sat Nov 2, 2024, 10:57AM","10"
"Mateus Goncalo Espanha Fernandes","SOU","M","Claim","1-Dirty little Slot","1","Sat Nov 2, 2024, 10:52AM","10"
"Milos Kerkez","BOU","D","Drop","1-Dirty little Slot","1","Sat Nov 2, 2024, 10:52AM","10"
"Tommy Doyle","WOL","M","Claim","1-The Riesterer Bunny","1","Sat Nov 2, 2024, 10:49AM","10"
"Rico Lewis","MCI","D","Drop","1-The Riesterer Bunny","1","Sat Nov 2, 2024, 10:46AM","10"
"Milos Kerkez","BOU","D","Claim","1-Dirty little Slot","1","Sat Nov 2, 2024, 10:36AM","10"
"Curtis Jones","LIV","M","Drop","1-Dirty little Slot","1","Sat Nov 2, 2024, 10:36AM","10"
"Justin Kluivert","BOU","M","Claim","1 - Law of Averages","1","Sat Nov 2, 2024, 10:36AM","10"
"Anthony Elanga","NOT","F","Claim","1-Dirty little Slot","1","Sat Nov 2, 2024, 10:31AM","10"
"Bilal El Khannouss","LEI","M","Drop","1-Cruel Summerville","1","Sat Nov 2, 2024, 9:58AM","10"
"Cameron Archer","AVL/SOU","F","Claim","1-Morgan Rodgers Neighborhood","1","Sat Nov 2, 2024, 9:48AM","10"
"Simon Adingra","BHA","M","Drop","1- Schärholder Value","1","Sat Nov 2, 2024, 9:46AM","10"
"George Hirst","IPS","F","Drop","1-Morgan Rodgers Neighborhood","1","Sat Nov 2, 2024, 9:45AM","10"
"Sammie Szmodics","IPS","M","Claim","1-Morgan Rodgers Neighborhood","1","Sat Nov 2, 2024, 9:22AM","10"
"Mads Roerslev","BRF","D","Drop","1-Morgan Rodgers Neighborhood","1","Sat Nov 2, 2024, 9:22AM","10"
"Sandro Tonali","NEW","M","Drop","1 - Law of Averages","1","Sat Nov 2, 2024, 8:16AM","10"
"Vitaly Janelt","BRF","M","Claim","1-Check Complete FC","1","Sat Nov 2, 2024, 12:48AM","10"
"Chiedozie Ogbene","LUT/IPS","F","Drop","1-Check Complete FC","1","Sat Nov 2, 2024, 12:38AM","10"
"Bilal El Khannouss","LEI","M","Claim","1-Cruel Summerville","1","Fri Nov 1, 2024, 8:04PM","10"
"Taylor Harwood-Bellis","SOU","D","Drop","1-Cruel Summerville","1","Fri Nov 1, 2024, 8:04PM","10"
"Taylor Harwood-Bellis","SOU","D","Claim","1-Cruel Summerville","1","Fri Nov 1, 2024, 8:02PM","10"
"Dango Ouattara","BOU","M","Drop","1-Cruel Summerville","1","Fri Nov 1, 2024, 8:02PM","10"
"George Hirst","IPS","F","Claim","1-Morgan Rodgers Neighborhood","1","Fri Nov 1, 2024, 6:22PM","10"
"Tyrell Malacia","MUN","D","Claim","1-Morgan Rodgers Neighborhood","1","Fri Nov 1, 2024, 6:22PM","10"
"George Hirst","IPS","F","Drop","1-Morgan Rodgers Neighborhood","1","Fri Nov 1, 2024, 6:22PM","10"
"Santiago Bueno","WOL","D","Claim","1- Schärholder Value","1","Fri Nov 1, 2024, 2:26PM","10"
"Max Kilman","WHU","D","Drop","1- Schärholder Value","1","Fri Nov 1, 2024, 2:26PM","10"
"Evanilson","BOU","F","Claim","1- Schärholder Value","1","Fri Nov 1, 2024, 1:59PM","10"
"Omari Hutchinson","IPS","M","Claim","1- Schärholder Value","1","Fri Nov 1, 2024, 1:58PM","10"
"Evanilson","BOU","F","Drop","1- Schärholder Value","1","Fri Nov 1, 2024, 1:58PM","10"
"Daichi Kamada","CRY","M","Claim","1-Mateta’s Muppets","1","Fri Nov 1, 2024, 11:37AM","10"
"Adam Wharton","CRY","M","Drop","1-Mateta’s Muppets","1","Fri Nov 1, 2024, 11:37AM","10"
"Stephy Mavididi","LEI","F","Claim","1-Tim's Team","1","Fri Nov 1, 2024, 11:25AM","10"
"Daichi Kamada","CRY","M","Drop","1-Tim's Team","1","Fri Nov 1, 2024, 11:25AM","10"
"Sepp van den Berg","LIV/BRF","D","Claim","1-The Madd Hatters","1","Fri Nov 1, 2024, 9:42AM","10"
"Leny Yoro","MUN","D","Drop","1-The Madd Hatters","1","Fri Nov 1, 2024, 9:42AM","10"
"Evanilson","BOU","F","Claim","1- Schärholder Value","1","Wed Oct 30, 2024, 5:38PM","10"
"Levi Colwill","CHE","D","Drop","1- Schärholder Value","1","Wed Oct 30, 2024, 5:38PM","10"
"Daichi Kamada","CRY","M","Claim","1-Tim's Team","1","Wed Oct 30, 2024, 4:43PM","10"
"Sepp van den Berg","LIV/BRF","D","Drop","1-Tim's Team","1","Wed Oct 30, 2024, 4:43PM","10"
"Konstantinos Tsimikas","LIV","D","Claim","1-Tim's Team","1","Wed Oct 30, 2024, 2:52PM","10"
"Igor Thiago","BRF","F","Drop","1-Tim's Team","1","Wed Oct 30, 2024, 2:52PM","10"
"Leny Yoro","MUN","D","Claim","1-The Madd Hatters","1","Tue Oct 29, 2024, 9:01PM","10"
"Harvey Elliott","LIV","M","Drop","1-The Madd Hatters","1","Tue Oct 29, 2024, 9:01PM","10"
"Jesper Lindstrøm","EVE","M","Claim","1-Tim's Team","1","Tue Oct 29, 2024, 9:00PM","10"
"Will Hughes","CRY","M","Claim","1-The Madd Hatters","1","Tue Oct 29, 2024, 9:00PM","10"
"Ryan Manning","SOU","D","Drop","1-The Madd Hatters","1","Tue Oct 29, 2024, 9:00PM","10"
"Matt O'Riley","FUL/BHA","M","Claim","1-Tim's Team","1","Tue Oct 29, 2024, 9:00PM","10"
"Ola Aina","NOT","D","Claim","1-The Riesterer Bunny","1","Tue Oct 29, 2024, 9:00PM","10"
"George Hirst","IPS","F","Claim","1-Morgan Rodgers Neighborhood","4","Tue Oct 29, 2024, 9:00PM","10"
"Mads Roerslev","BRF","D","Claim","1-Morgan Rodgers Neighborhood","3","Tue Oct 29, 2024, 9:00PM","10"
"Nelson Semedo","WOL","D","Claim","1-Morgan Rodgers Neighborhood","1","Tue Oct 29, 2024, 9:00PM","10"
"Michael Keane","EVE","D","Claim","1 - Law of Averages","3","Tue Oct 29, 2024, 9:00PM","10"
"Vitalii Mykolenko","EVE","D","Claim","1-The Madd Hatters","1","Tue Oct 29, 2024, 9:00PM","10"
"Marc Guehi","CRY","D","Claim","1-Mateta’s Muppets","1","Tue Oct 29, 2024, 9:00PM","10"
"Stephy Mavididi","LEI","F","Drop","1-Mateta’s Muppets","1","Tue Oct 29, 2024, 9:00PM","10"
"Matt O'Riley","FUL/BHA","M","Drop","1-The Riesterer Bunny","1","Tue Oct 29, 2024, 8:07PM","10"
"Ola Aina","NOT","D","Drop","1-Morgan Rodgers Neighborhood","1","Tue Oct 29, 2024, 6:36PM","10"
"Yves Bissouma","TOT","M","Drop","1-Morgan Rodgers Neighborhood","1","Tue Oct 29, 2024, 6:35PM","10"
"Gabriel Jesus","ARS","F","Drop","1-Dirty little Slot","1","Tue Oct 29, 2024, 2:00PM","10"
"John McGinn","AVL","M","Drop","1-Tim's Team","1","Tue Oct 29, 2024, 9:38AM","10"
"Mikey Moore","TOT","M","Drop","1-The Madd Hatters","1","Sun Oct 27, 2024, 12:19PM","10"
"Carlos Soler","WHU","M","Drop","1 - Law of Averages","1","Sun Oct 27, 2024, 12:17PM","10"
"Anthony Elanga","NOT","F","Drop","1 - Law of Averages","1","Sun Oct 27, 2024, 12:17PM","10"
"Miguel Almiron","NEW","M","Drop","1 - Law of Averages","1","Sun Oct 27, 2024, 12:17PM","10"
"Adam Wharton","CRY","M","Claim","1-Mateta’s Muppets","1","Sun Oct 27, 2024, 9:11AM","9"
"Enzo Fernandez","CHE","M","Drop","1-Mateta’s Muppets","1","Sun Oct 27, 2024, 9:11AM","9"
"Malo Gusto","CHE","D","Claim","1-Cruel Summerville","1","Sun Oct 27, 2024, 9:03AM","9"
"Micky van de Ven","TOT","D","Drop","1-Cruel Summerville","1","Sun Oct 27, 2024, 9:03AM","9"
"Dean Henderson","CRY","G","Claim","1-Cruel Summerville","1","Sun Oct 27, 2024, 9:02AM","9"
"Alphonse Areola","WHU","G","Drop","1-Cruel Summerville","1","Sun Oct 27, 2024, 9:02AM","9"
"Miguel Almiron","NEW","M","Claim","1 - Law of Averages","1","Sun Oct 27, 2024, 9:00AM","9"
"Carlos Soler","WHU","M","Claim","1 - Law of Averages","1","Sun Oct 27, 2024, 8:52AM","9"
"Mikey Moore","TOT","M","Claim","1-The Madd Hatters","1","Sun Oct 27, 2024, 8:47AM","9"
"Marc Guehi","CRY","D","Drop","1-The Madd Hatters","1","Sun Oct 27, 2024, 8:47AM","9"
"Timo Werner","TOT","F","Drop","1-Morgan Rodgers Neighborhood","1","Sun Oct 27, 2024, 8:46AM","9"
"Omari Hutchinson","IPS","M","Drop","1- Schärholder Value","1","Sat Oct 26, 2024, 9:42AM","9"
"Enes Unal","BOU","F","Drop","1-Tim's Team","1","Sat Oct 26, 2024, 9:35AM","9"
"Chiedozie Ogbene","LUT/IPS","F","Claim","1-Check Complete FC","1","Sat Oct 26, 2024, 9:09AM","9"
"João Félix","CHE","F","Claim","1-Check Complete FC","1","Sat Oct 26, 2024, 9:07AM","9"
"Arijanet Muric","IPS","G","Claim","1-Tim's Team","1","Sat Oct 26, 2024, 9:01AM","9"
"Kepa","CHE/BOU","G","Drop","1-Tim's Team","1","Sat Oct 26, 2024, 9:01AM","9"
"Matheus Nunes","MCI","M","Claim","1-Cruel Summerville","1","Sat Oct 26, 2024, 8:59AM","9"
"Joel Veltman","BHA","D","Drop","1-Cruel Summerville","1","Sat Oct 26, 2024, 8:59AM","9"
"Evanilson","BOU","F","Drop","1-Morgan Rodgers Neighborhood","1","Sat Oct 26, 2024, 8:50AM","9"
"Yves Bissouma","TOT","M","Claim","1-Morgan Rodgers Neighborhood","1","Sat Oct 26, 2024, 8:47AM","9"
"Enes Unal","BOU","F","Claim","1-Tim's Team","1","Sat Oct 26, 2024, 8:47AM","9"
"Manuel Akanji","MCI","D","Drop","1-Tim's Team","1","Sat Oct 26, 2024, 8:47AM","9"
"Jack Clarke","TOT/IPS","F","Drop","1-Morgan Rodgers Neighborhood","1","Sat Oct 26, 2024, 8:47AM","9"
"Manuel Akanji","MCI","D","Claim","1-Tim's Team","1","Sat Oct 26, 2024, 8:45AM","9"
"John Stones","MCI","D","Drop","1-Tim's Team","1","Sat Oct 26, 2024, 8:45AM","9"
"Keane Lewis-Potter","BRF","F","Claim","1-Morgan Rodgers Neighborhood","1","Fri Oct 25, 2024, 4:25PM","9"
"Anthony Elanga","NOT","F","Claim","1 - Law of Averages","1","Fri Oct 25, 2024, 2:35PM","9"
"Wout Faes","LEI","D","Claim","1-john lim","1","Fri Oct 25, 2024, 2:12PM","9"
"Jota Silva","NOT","F","Drop","1-Morgan Rodgers Neighborhood","1","Fri Oct 25, 2024, 2:11PM","9"
"Dango Ouattara","BOU","M","Claim","1-Cruel Summerville","1","Fri Oct 25, 2024, 1:48PM","9"
"Bilal El Khannouss","LEI","M","Drop","1-Cruel Summerville","1","Fri Oct 25, 2024, 1:48PM","9"
"John Stones","MCI","D","Claim","1-Tim's Team","1","Fri Oct 25, 2024, 1:44PM","9"
"Vitalii Mykolenko","EVE","D","Drop","1-Tim's Team","1","Fri Oct 25, 2024, 1:44PM","9"
"Marcos Senesi","BOU","D","Claim","1-john lim","1","Fri Oct 25, 2024, 12:11PM","9"
"Christian Eriksen","MUN","M","Claim","1-john lim","1","Fri Oct 25, 2024, 12:10PM","9"
"Orel Mangala","NOT/EVE","M","Drop","1-john lim","1","Fri Oct 25, 2024, 12:09PM","9"
"Kalvin Phillips","IPS","M","Drop","1-john lim","1","Fri Oct 25, 2024, 12:09PM","9"
"Romeo Lavia","CHE","M","Drop","1 - Law of Averages","1","Fri Oct 25, 2024, 11:06AM","9"
"Kevin Schade","BRF","M","Drop","1 - Law of Averages","1","Fri Oct 25, 2024, 11:06AM","9"
"Jordan Pickford","EVE","G","Claim","1 - Law of Averages","1","Fri Oct 25, 2024, 11:05AM","9"
"Ederson","MCI","G","Drop","1 - Law of Averages","1","Fri Oct 25, 2024, 11:05AM","9"
"Timo Werner","TOT","F","Claim","1-Morgan Rodgers Neighborhood","1","Fri Oct 25, 2024, 6:53AM","9"
"Keane Lewis-Potter","BRF","F","Drop","1-Morgan Rodgers Neighborhood","1","Fri Oct 25, 2024, 6:53AM","9"
"Pervis Estupinan","BHA","D","Claim","1-Tim's Team","1","Thu Oct 24, 2024, 9:12PM","9"
"Dara O'Shea","BUR/IPS","D","Drop","1-Tim's Team","1","Thu Oct 24, 2024, 9:12PM","9"
"Jota Silva","NOT","F","Claim","1-Morgan Rodgers Neighborhood","1","Thu Oct 24, 2024, 5:52PM","9"
"Ryan Manning","SOU","D","Claim","1-The Madd Hatters","1","Wed Oct 23, 2024, 4:32PM","9"
"Pervis Estupinan","BHA","D","Drop","1-The Madd Hatters","1","Wed Oct 23, 2024, 4:32PM","9"
"Valentino Livramento","NEW","D","Claim","1-Diamond Dogs","1","Wed Oct 23, 2024, 12:50PM","9"
"Adam Wharton","CRY","M","Drop","1-Diamond Dogs","1","Wed Oct 23, 2024, 12:50PM","9"
"Max Kilman","WHU","D","Claim","1- Schärholder Value","1","Wed Oct 23, 2024, 10:51AM","9"
"Flynn Downes","SOU","M","Drop","1- Schärholder Value","1","Wed Oct 23, 2024, 10:51AM","9"
"Mathias Jensen","BRF","M","Claim","1-Diamond Dogs","1","Wed Oct 23, 2024, 9:12AM","9"
"Konstantinos Mavropanos","WHU","D","Drop","1-Diamond Dogs","1","Wed Oct 23, 2024, 9:12AM","9"
"Joel Veltman","BHA","D","Claim","1-Cruel Summerville","1","Wed Oct 23, 2024, 7:29AM","9"
"Jacob Murphy","NEW","M","Drop","1-Cruel Summerville","1","Wed Oct 23, 2024, 7:29AM","9"
"Harvey Elliott","LIV","M","Claim","1-The Madd Hatters","1","Tue Oct 22, 2024, 9:31PM","9"
"Matz Sels","NOT","G","Claim","1-The Riesterer Bunny","1","Tue Oct 22, 2024, 9:29PM","9"
"Arijanet Muric","IPS","G","Drop","1-The Riesterer Bunny","1","Tue Oct 22, 2024, 9:29PM","9"
"Igor Thiago","BRF","F","Claim","1-Tim's Team","1","Tue Oct 22, 2024, 9:27PM","9"
"Mathias Jensen","BRF","M","Drop","1-Tim's Team","1","Tue Oct 22, 2024, 9:27PM","9"
"Jhon Duran","AVL","F","Claim","1- Schärholder Value","1","Tue Oct 22, 2024, 9:27PM","9"
"Daichi Kamada","CRY","M","Drop","1- Schärholder Value","1","Tue Oct 22, 2024, 9:27PM","9"
"Raheem Sterling","CHE/ARS","F","Drop","1-The Madd Hatters","1","Tue Oct 22, 2024, 9:26PM","9"
"Mathias Jensen","BRF","M","Claim","1-Tim's Team","1","Tue Oct 22, 2024, 9:15PM","9"
"Ryan Yates","NOT","M","Claim","1-Diamond Dogs","1","Tue Oct 22, 2024, 9:01PM","9"
"João Félix","CHE","F","Drop","1-Diamond Dogs","1","Tue Oct 22, 2024, 9:01PM","9"
"Sepp van den Berg","LIV/BRF","D","Claim","1-Tim's Team","1","Tue Oct 22, 2024, 9:01PM","9"
"Dara O'Shea","BUR/IPS","D","Claim","1-Tim's Team","1","Tue Oct 22, 2024, 9:01PM","9"
"John McGinn","AVL","M","Claim","1-Tim's Team","1","Tue Oct 22, 2024, 9:00PM","9"
"Keane Lewis-Potter","BRF","F","Claim","1-Morgan Rodgers Neighborhood","3","Tue Oct 22, 2024, 9:00PM","9"
"Ola Aina","NOT","D","Claim","1-Morgan Rodgers Neighborhood","2","Tue Oct 22, 2024, 9:00PM","9"
"Aaron Wan-Bissaka","WHU","D","Claim","1-Dirty little Slot","1","Tue Oct 22, 2024, 9:00PM","9"
"Marc Cucurella","CHE","D","Drop","1-Dirty little Slot","1","Tue Oct 22, 2024, 9:00PM","9"
"Ian Maatsen","AVL","D","Drop","1 - Law of Averages","1","Tue Oct 22, 2024, 5:47PM","9"
"Matty Cash","AVL","D","Drop","1-Morgan Rodgers Neighborhood","1","Tue Oct 22, 2024, 12:12PM","9"
"Mateus Goncalo Espanha Fernandes","SOU","M","Drop","1-Morgan Rodgers Neighborhood","1","Tue Oct 22, 2024, 12:12PM","9"
"Abdoulaye Doucoure","EVE","M","Drop","1-Morgan Rodgers Neighborhood","1","Tue Oct 22, 2024, 12:11PM","9"
"Eddie Nketiah","ARS/CRY","F","Claim","1-Mateta’s Muppets","1","Mon Oct 21, 2024, 2:54PM","8"
"Ola Aina","NOT","D","Drop","1-Mateta’s Muppets","1","Mon Oct 21, 2024, 2:54PM","8"
"Malo Gusto","CHE","D","Drop","1 - Law of Averages","1","Sun Oct 20, 2024, 10:30AM","8"
"Romeo Lavia","CHE","M","Claim","1 - Law of Averages","1","Sun Oct 20, 2024, 10:29AM","8"
"Malo Gusto","CHE","D","Claim","1 - Law of Averages","1","Sun Oct 20, 2024, 10:28AM","8"
"Valentino Livramento","NEW","D","Drop","1-Tim's Team","1","Sat Oct 19, 2024, 9:39PM","9"
"Wout Faes","LEI","D","Drop","1-Tim's Team","1","Sat Oct 19, 2024, 9:39PM","9"
"Tyler Dibling","SOU","M","Drop","1-Tim's Team","1","Sat Oct 19, 2024, 12:49PM","9"
"Valentino Livramento","NEW","D","Claim","1-Tim's Team","1","Sat Oct 19, 2024, 9:54AM","8"
"Caleb Okoli","LEI","D","Drop","1-Tim's Team","1","Sat Oct 19, 2024, 9:54AM","8"
"Jhon Duran","AVL","F","Drop","1-Tim's Team","1","Sat Oct 19, 2024, 9:41AM","8"
"Caleb Okoli","LEI","D","Claim","1-Tim's Team","1","Sat Oct 19, 2024, 9:39AM","8"
"Valentino Livramento","NEW","D","Drop","1-Tim's Team","1","Sat Oct 19, 2024, 9:39AM","8"
"Evan Ferguson","BHA/WHU","F","Drop","1-john lim","1","Sat Oct 19, 2024, 9:12AM","8"
"Evan Ferguson","BHA/WHU","F","Claim","1-john lim","1","Sat Oct 19, 2024, 9:11AM","8"
"Kalvin Phillips","IPS","M","Claim","1-john lim","1","Sat Oct 19, 2024, 9:08AM","8"
"Keane Lewis-Potter","BRF","F","Drop","1-john lim","1","Sat Oct 19, 2024, 9:08AM","8"
"Jacob Ramsey","AVL","M","Claim","1-john lim","1","Sat Oct 19, 2024, 9:07AM","8"
"Jordan Ayew","CRY/LEI","F","Drop","1-john lim","1","Sat Oct 19, 2024, 9:07AM","8"
"Joel Veltman","BHA","D","Drop","1-Check Complete FC","1","Sat Oct 19, 2024, 9:05AM","8"
"Valentino Livramento","NEW","D","Claim","1-Tim's Team","1","Sat Oct 19, 2024, 9:05AM","8"
"Evan Ferguson","BHA/WHU","F","Drop","1-Tim's Team","1","Sat Oct 19, 2024, 9:04AM","8"
"Yasin Ayari","BHA","M","Claim","1-Dirty little Slot","1","Sat Oct 19, 2024, 8:53AM","8"
"Ross Barkley","AVL","M","Drop","1-Dirty little Slot","1","Sat Oct 19, 2024, 8:51AM","8"
"Jacob Murphy","NEW","M","Claim","1-Cruel Summerville","1","Sat Oct 19, 2024, 8:50AM","8"
"Justin Kluivert","BOU","M","Drop","1-Cruel Summerville","1","Sat Oct 19, 2024, 8:50AM","8"
"Evan Ferguson","BHA/WHU","F","Claim","1-Tim's Team","1","Sat Oct 19, 2024, 8:49AM","8"
"Jacob Greaves","IPS","D","Drop","1-Tim's Team","1","Sat Oct 19, 2024, 8:49AM","8"
"Bilal El Khannouss","LEI","M","Claim","1-Cruel Summerville","1","Sat Oct 19, 2024, 8:47AM","8"
"Dango Ouattara","BOU","M","Drop","1-Cruel Summerville","1","Sat Oct 19, 2024, 8:47AM","8"
"Simon Adingra","BHA","M","Claim","1- Schärholder Value","1","Fri Oct 18, 2024, 10:12PM","8"
"Anthony Elanga","NOT","F","Drop","1- Schärholder Value","1","Fri Oct 18, 2024, 10:12PM","8"
"Casemiro","MUN","M","Claim","1-Tim's Team","1","Fri Oct 18, 2024, 5:02PM","8"
"Cameron Archer","AVL/SOU","F","Drop","1-Tim's Team","1","Fri Oct 18, 2024, 5:02PM","8"
"Cameron Archer","AVL/SOU","F","Claim","1-Tim's Team","1","Fri Oct 18, 2024, 2:28PM","8"
"Dara O'Shea","BUR/IPS","D","Drop","1-Tim's Team","1","Fri Oct 18, 2024, 1:24PM","8"
"Mateus Goncalo Espanha Fernandes","SOU","M","Claim","1-Morgan Rodgers Neighborhood","1","Fri Oct 18, 2024, 8:51AM","8"
"Timo Werner","TOT","F","Drop","1-Morgan Rodgers Neighborhood","1","Fri Oct 18, 2024, 8:51AM","8"
"Kepa","CHE/BOU","G","Claim","1-Tim's Team","1","Thu Oct 17, 2024, 9:07PM","8"
"Jordan Pickford","EVE","G","Drop","1-Tim's Team","1","Thu Oct 17, 2024, 9:07PM","8"
"Daichi Kamada","CRY","M","Claim","1- Schärholder Value","1","Thu Oct 17, 2024, 1:56PM","8"
"Marcos Senesi","BOU","D","Drop","1- Schärholder Value","1","Thu Oct 17, 2024, 1:56PM","8"
"Vitalii Mykolenko","EVE","D","Claim","1-Tim's Team","1","Thu Oct 17, 2024, 9:33AM","8"
"Casemiro","MUN","M","Drop","1-Tim's Team","1","Thu Oct 17, 2024, 9:33AM","8"
"Casemiro","MUN","M","Claim","1-Tim's Team","1","Wed Oct 16, 2024, 5:56PM","8"
"Igor Thiago","BRF","F","Drop","1-Tim's Team","1","Wed Oct 16, 2024, 5:56PM","8"
"Igor Thiago","BRF","F","Claim","1-Tim's Team","1","Wed Oct 16, 2024, 12:43PM","8"
"Jonny Evans","MUN","D","Drop","1-Tim's Team","1","Wed Oct 16, 2024, 12:43PM","8"
"Konstantinos Mavropanos","WHU","D","Claim","1-Diamond Dogs","1","Wed Oct 16, 2024, 9:40AM","8"
"Neco Williams","NOT","D","Drop","1-Diamond Dogs","1","Wed Oct 16, 2024, 9:40AM","8"
"Matty Cash","AVL","D","Claim","1-Morgan Rodgers Neighborhood","1","Tue Oct 15, 2024, 10:31PM","8"
"Jonny Evans","MUN","D","Claim","1-Tim's Team","1","Tue Oct 15, 2024, 9:53PM","8"
"Michail Antonio","WHU","F","Drop","1-Tim's Team","1","Tue Oct 15, 2024, 9:53PM","8"
"Jacob Greaves","IPS","D","Claim","1-Tim's Team","1","Tue Oct 15, 2024, 9:52PM","8"
"Taylor Harwood-Bellis","SOU","D","Drop","1-Tim's Team","1","Tue Oct 15, 2024, 9:52PM","8"
"Reece James","CHE","D","Claim","1-Tim's Team","1","Tue Oct 15, 2024, 9:51PM","8"
"Caleb Okoli","LEI","D","Drop","1-Tim's Team","1","Tue Oct 15, 2024, 9:51PM","8"
"Michail Antonio","WHU","F","Claim","1-Tim's Team","1","Tue Oct 15, 2024, 9:43PM","8"
"Taylor Harwood-Bellis","SOU","D","Claim","1-Tim's Team","1","Tue Oct 15, 2024, 9:41PM","8"
"Oscar Bobb","MCI","M","Drop","1-Tim's Team","1","Tue Oct 15, 2024, 9:39PM","8"
"Caleb Okoli","LEI","D","Claim","1-Tim's Team","1","Tue Oct 15, 2024, 9:38PM","8"
"Christian Norgaard","BRF","M","Claim","1-Tim's Team","1","Tue Oct 15, 2024, 9:38PM","8"
"Wout Faes","LEI","D","Claim","1-Tim's Team","1","Tue Oct 15, 2024, 9:35PM","8"
"Arijanet Muric","IPS","G","Claim","1-The Riesterer Bunny","1","Tue Oct 15, 2024, 9:14PM","8"
"Kepa","CHE/BOU","G","Drop","1-The Riesterer Bunny","1","Tue Oct 15, 2024, 9:14PM","8"
"Flynn Downes","SOU","M","Claim","1- Schärholder Value","1","Tue Oct 15, 2024, 9:06PM","8"
"Jaden Philogene-Bidace","AVL/IPS","F","Drop","1- Schärholder Value","1","Tue Oct 15, 2024, 9:06PM","8"
"Bernd Leno","FUL","G","Claim","1- Schärholder Value","1","Tue Oct 15, 2024, 9:06PM","8"
"Sam Johnstone","CRY/WOL","G","Drop","1- Schärholder Value","1","Tue Oct 15, 2024, 9:06PM","8"
"Trevoh Chalobah","CHE/CRY","D","Claim","1 - Law of Averages","2","Tue Oct 15, 2024, 9:00PM","8"
"Sepp van den Berg","LIV/BRF","D","Drop","1 - Law of Averages","2","Tue Oct 15, 2024, 9:00PM","8"
"Abdoulaye Doucoure","EVE","M","Claim","1-Morgan Rodgers Neighborhood","1","Tue Oct 15, 2024, 9:00PM","8"
"Mikel Merino","NEW/ARS","M","Claim","1-The Madd Hatters","1","Tue Oct 15, 2024, 9:00PM","8"
"Harvey Elliott","LIV","M","Drop","1-The Madd Hatters","1","Tue Oct 15, 2024, 9:00PM","8"
"Rodrigo Muniz","FUL","F","Claim","1-Mateta’s Muppets","1","Tue Oct 15, 2024, 9:00PM","8"
"Eddie Nketiah","ARS/CRY","F","Drop","1-Mateta’s Muppets","1","Tue Oct 15, 2024, 9:00PM","8"
"Jacob Greaves","IPS","D","Drop","1-Morgan Rodgers Neighborhood","1","Tue Oct 15, 2024, 6:54PM","8"
"Aaron Wan-Bissaka","WHU","D","Drop","1-Tim's Team","1","Tue Oct 15, 2024, 3:51AM","8"
"Konstantinos Tsimikas","LIV","D","Drop","1-Tim's Team","1","Tue Oct 15, 2024, 3:51AM","8"
"Jacob Murphy","NEW","M","Drop","1-Tim's Team","1","Sun Oct 6, 2024, 6:06PM","8"
"Christian Eriksen","MUN","M","Drop","1-Tim's Team","1","Sun Oct 6, 2024, 6:06PM","8"
"Christian Eriksen","MUN","M","Claim","1-Tim's Team","1","Sun Oct 6, 2024, 8:58AM","7"
"Harry Maguire","MUN","D","Drop","1-Tim's Team","1","Sun Oct 6, 2024, 8:58AM","7"
"Enzo Fernandez","CHE","M","Claim","1-Mateta’s Muppets","1","Sun Oct 6, 2024, 8:56AM","7"
"Manuel Ugarte","MUN","M","Drop","1-Mateta’s Muppets","1","Sun Oct 6, 2024, 8:56AM","7"
"Harry Maguire","MUN","D","Claim","1-Tim's Team","1","Sun Oct 6, 2024, 7:58AM","7"
"Christian Eriksen","MUN","M","Drop","1-Tim's Team","1","Sun Oct 6, 2024, 7:58AM","7"
"Christian Eriksen","MUN","M","Claim","1-Tim's Team","1","Sun Oct 6, 2024, 7:51AM","7"
"Harry Maguire","MUN","D","Drop","1-Tim's Team","1","Sun Oct 6, 2024, 7:51AM","7"
"Harry Maguire","MUN","D","Claim","1-Tim's Team","1","Sun Oct 6, 2024, 7:45AM","7"
"Ian Maatsen","AVL","D","Claim","1 - Law of Averages","1","Sat Oct 5, 2024, 11:56AM","7"
"Max Kilman","WHU","D","Drop","1 - Law of Averages","1","Sat Oct 5, 2024, 11:40AM","8"
"Carlos Borges","MCI/WOL","F","Drop","1-Tim's Team","1","Sat Oct 5, 2024, 9:46AM","7"
"Kevin Schade","BRF","M","Claim","1 - Law of Averages","1","Sat Oct 5, 2024, 9:16AM","7"
"Jordan Ayew","CRY/LEI","F","Claim","1-john lim","1","Sat Oct 5, 2024, 9:09AM","7"
"Kalvin Phillips","IPS","M","Drop","1-john lim","1","Sat Oct 5, 2024, 9:09AM","7"
"Keane Lewis-Potter","BRF","F","Claim","1-john lim","1","Sat Oct 5, 2024, 9:08AM","7"
"Kalvin Phillips","IPS","M","Claim","1-john lim","1","Sat Oct 5, 2024, 9:07AM","7"
"Mats Wieffer","BHA","M","Drop","1-john lim","1","Sat Oct 5, 2024, 9:01AM","7"
"Luis Sinisterra","BOU","F","Drop","1-john lim","1","Sat Oct 5, 2024, 9:01AM","7"
"Reece James","CHE","D","Drop","1 - Law of Averages","1","Sat Oct 5, 2024, 8:58AM","7"
"Carlos Borges","MCI/WOL","F","Claim","1-Tim's Team","1","Sat Oct 5, 2024, 8:56AM","7"
"Rodrigo Muniz","FUL","F","Drop","1-Tim's Team","1","Sat Oct 5, 2024, 8:55AM","7"
"Raheem Sterling","CHE/ARS","F","Claim","1-The Madd Hatters","1","Sat Oct 5, 2024, 8:48AM","7"
"Carlos Borges","MCI/WOL","F","Drop","1-The Madd Hatters","1","Sat Oct 5, 2024, 8:48AM","7"
"Carlos Borges","MCI/WOL","F","Claim","1-The Madd Hatters","1","Sat Oct 5, 2024, 8:46AM","7"
"Mikel Merino","NEW/ARS","M","Drop","1-The Madd Hatters","1","Sat Oct 5, 2024, 8:46AM","7"
"Curtis Jones","LIV","M","Claim","1-Dirty little Slot","1","Sat Oct 5, 2024, 7:02AM","7"
"Yves Bissouma","TOT","M","Drop","1-Dirty little Slot","1","Sat Oct 5, 2024, 7:02AM","7"
"Marc Guehi","CRY","D","Claim","1-The Madd Hatters","1","Sat Oct 5, 2024, 6:58AM","7"
"Jarell Quansah","LIV","D","Drop","1-The Madd Hatters","1","Sat Oct 5, 2024, 6:58AM","7"
"Eddie Nketiah","ARS/CRY","F","Claim","1-Mateta’s Muppets","1","Sat Oct 5, 2024, 6:47AM","7"
"Casemiro","MUN","M","Drop","1-Mateta’s Muppets","1","Sat Oct 5, 2024, 6:47AM","7"
"Konstantinos Mavropanos","WHU","D","Drop","1-Morgan Rodgers Neighborhood","1","Sat Oct 5, 2024, 6:40AM","7"
"Federico Chiesa","LIV","F","Drop","1 - Law of Averages","1","Sat Oct 5, 2024, 6:36AM","7"
"Daichi Kamada","CRY","M","Drop","1 - Law of Averages","1","Sat Oct 5, 2024, 6:36AM","7"
"Konstantinos Tsimikas","LIV","D","Claim","1-Tim's Team","1","Sat Oct 5, 2024, 6:25AM","7"
"Jakub Kiwior","ARS","D","Drop","1-Tim's Team","1","Sat Oct 5, 2024, 6:25AM","7"
"Jacob Murphy","NEW","M","Claim","1-Tim's Team","1","Fri Oct 4, 2024, 2:21PM","7"
"Ian Maatsen","AVL","D","Drop","1-Tim's Team","1","Fri Oct 4, 2024, 2:21PM","7"
"Anthony Elanga","NOT","F","Claim","1- Schärholder Value","1","Fri Oct 4, 2024, 12:56PM","7"
"Simon Adingra","BHA","M","Drop","1- Schärholder Value","1","Fri Oct 4, 2024, 12:56PM","7"
"Oscar Bobb","MCI","M","Claim","1-Tim's Team","1","Fri Oct 4, 2024, 12:56PM","7"
"Igor Thiago","BRF","F","Drop","1-Tim's Team","1","Fri Oct 4, 2024, 12:56PM","7"
"Igor Thiago","BRF","F","Claim","1-Tim's Team","1","Fri Oct 4, 2024, 12:36PM","7"
"Ian Maatsen","AVL","D","Claim","1-Tim's Team","1","Fri Oct 4, 2024, 12:19PM","7"
"Christian Norgaard","BRF","M","Drop","1-Tim's Team","1","Fri Oct 4, 2024, 12:18PM","7"
"Jakub Kiwior","ARS","D","Claim","1-Tim's Team","1","Fri Oct 4, 2024, 11:36AM","7"
"Marc Guehi","CRY","D","Drop","1-Tim's Team","1","Fri Oct 4, 2024, 11:36AM","7"
"Ashley Young","EVE","D","Claim","1 - Law of Averages","1","Fri Oct 4, 2024, 10:39AM","7"
"Djed Spence","TOT","D","Drop","1 - Law of Averages","1","Fri Oct 4, 2024, 10:39AM","7"
"Christian Norgaard","BRF","M","Claim","1-Tim's Team","1","Fri Oct 4, 2024, 10:11AM","7"
"Igor Thiago","BRF","F","Drop","1-Tim's Team","1","Fri Oct 4, 2024, 10:11AM","7"
"Igor Thiago","BRF","F","Claim","1-Tim's Team","1","Fri Oct 4, 2024, 10:10AM","7"
"Vitalii Mykolenko","EVE","D","Drop","1-Tim's Team","1","Fri Oct 4, 2024, 10:10AM","7"
"Marc Guehi","CRY","D","Claim","1-Tim's Team","1","Fri Oct 4, 2024, 10:09AM","7"
"Vitalii Mykolenko","EVE","D","Lineup Change","1-Tim's Team","1","Fri Oct 4, 2024, 10:09AM","7"
"Jefferson Lerma","CRY","M","Drop","1-Tim's Team","1","Fri Oct 4, 2024, 10:07AM","7"
"Harvey Elliott","LIV","M","Claim","1-The Madd Hatters","1","Wed Oct 2, 2024, 11:22PM","7"
"Eddie Nketiah","ARS/CRY","F","Drop","1-The Madd Hatters","1","Wed Oct 2, 2024, 10:45PM","7"
"Jakub Kiwior","ARS","D","Drop","1-Tim's Team","1","Wed Oct 2, 2024, 9:31PM","7"
"Jakub Kiwior","ARS","D","Claim","1-Tim's Team","1","Wed Oct 2, 2024, 9:17PM","7"
"Marc Guehi","CRY","D","Drop","1-Tim's Team","1","Wed Oct 2, 2024, 9:17PM","7"
"Marc Guehi","CRY","D","Claim","1-Tim's Team","1","Wed Oct 2, 2024, 9:17PM","7"
"Jakub Kiwior","ARS","D","Drop","1-Tim's Team","1","Wed Oct 2, 2024, 9:17PM","7"
"Jakub Kiwior","ARS","D","Claim","1-Tim's Team","1","Wed Oct 2, 2024, 9:12PM","7"
"Marc Guehi","CRY","D","Drop","1-Tim's Team","1","Wed Oct 2, 2024, 9:12PM","7"
"Marc Guehi","CRY","D","Claim","1-Tim's Team","1","Wed Oct 2, 2024, 8:42PM","7"
"Jarell Quansah","LIV","D","Claim","1-The Madd Hatters","1","Wed Oct 2, 2024, 4:41PM","7"
"Marc Guehi","CRY","D","Drop","1-The Madd Hatters","1","Wed Oct 2, 2024, 4:41PM","7"
"Timo Werner","TOT","F","Claim","1-Morgan Rodgers Neighborhood","1","Wed Oct 2, 2024, 4:39PM","7"
"Jacob Ramsey","AVL","M","Drop","1-Morgan Rodgers Neighborhood","1","Wed Oct 2, 2024, 4:39PM","7"
"Ross Barkley","AVL","M","Claim","1-Dirty little Slot","1","Wed Oct 2, 2024, 4:38PM","7"
"Timo Werner","TOT","F","Drop","1-Dirty little Slot","1","Wed Oct 2, 2024, 4:38PM","7"
"Timo Werner","TOT","F","Claim","1-Dirty little Slot","1","Wed Oct 2, 2024, 3:18PM","7"
"Jan-Paul van Hecke","BHA","D","Drop","1-Dirty little Slot","1","Wed Oct 2, 2024, 3:18PM","7"
"Jaden Philogene-Bidace","AVL/IPS","F","Claim","1- Schärholder Value","1","Wed Oct 2, 2024, 1:50PM","7"
"Anthony Elanga","NOT","F","Drop","1- Schärholder Value","1","Wed Oct 2, 2024, 1:50PM","7"
"Jordan Pickford","EVE","G","Claim","1-Tim's Team","1","Wed Oct 2, 2024, 1:06PM","7"
"Arijanet Muric","IPS","G","Drop","1-Tim's Team","1","Wed Oct 2, 2024, 1:06PM","7"
"Jefferson Lerma","CRY","M","Claim","1-Tim's Team","1","Wed Oct 2, 2024, 12:36AM","7"
"Arijanet Muric","IPS","G","Claim","1-Tim's Team","1","Wed Oct 2, 2024, 12:06AM","7"
"Sepp van den Berg","LIV/BRF","D","Claim","1 - Law of Averages","1","Tue Oct 1, 2024, 10:23PM","7"
"Keane Lewis-Potter","BRF","F","Drop","1 - Law of Averages","1","Tue Oct 1, 2024, 10:23PM","7"
"Marc Guehi","CRY","D","Claim","1-The Madd Hatters","1","Tue Oct 1, 2024, 10:20PM","7"
"Alphonse Areola","WHU","G","Claim","1-Cruel Summerville","1","Tue Oct 1, 2024, 9:10PM","7"
"Matz Sels","NOT","G","Drop","1-Cruel Summerville","1","Tue Oct 1, 2024, 9:10PM","7"
"Dango Ouattara","BOU","M","Claim","1-Cruel Summerville","1","Tue Oct 1, 2024, 9:10PM","7"
"Amadou Onana","AVL","M","Claim","1-Mateta’s Muppets","1","Tue Oct 1, 2024, 9:01PM","7"
"Sam Johnstone","CRY/WOL","G","Claim","1- Schärholder Value","3","Tue Oct 1, 2024, 9:00PM","7"
"Bernd Leno","FUL","G","Drop","1- Schärholder Value","3","Tue Oct 1, 2024, 9:00PM","7"
"Djed Spence","TOT","D","Claim","1 - Law of Averages","1","Tue Oct 1, 2024, 9:00PM","7"
"Malo Gusto","CHE","D","Drop","1 - Law of Averages","1","Tue Oct 1, 2024, 9:00PM","7"
"Konstantinos Mavropanos","WHU","D","Claim","1-Morgan Rodgers Neighborhood","2","Tue Oct 1, 2024, 9:00PM","7"
"Simon Adingra","BHA","M","Claim","1- Schärholder Value","2","Tue Oct 1, 2024, 9:00PM","7"
"Kevin Schade","BRF","M","Drop","1- Schärholder Value","2","Tue Oct 1, 2024, 9:00PM","7"
"Micky van de Ven","TOT","D","Claim","1-Cruel Summerville","3","Tue Oct 1, 2024, 9:00PM","7"
"Carlos Baleba","BHA","M","Claim","1-The Riesterer Bunny","1","Tue Oct 1, 2024, 9:00PM","7"
"Christian Norgaard","BRF","M","Drop","1-The Riesterer Bunny","1","Tue Oct 1, 2024, 9:00PM","7"
"Facundo Buonanotte","LEI","M","Claim","1-The Madd Hatters","1","Tue Oct 1, 2024, 9:00PM","7"
"James Justin","LEI","D","Claim","1-Dirty little Slot","1","Tue Oct 1, 2024, 9:00PM","7"
"Enzo Fernandez","CHE","M","Drop","1-Dirty little Slot","1","Tue Oct 1, 2024, 9:00PM","7"
"Ruben Dias","MCI","D","Drop","1-Cruel Summerville","1","Tue Oct 1, 2024, 7:33PM","7"
"Timo Werner","TOT","F","Drop","1-Mateta’s Muppets","1","Tue Oct 1, 2024, 7:29PM","7"
"Aaron Ramsdale","ARS/SOU","G","Drop","1-Tim's Team","1","Mon Sep 30, 2024, 6:22PM","7"
"Axel Tuanzebe","IPS","D","Drop","1-The Madd Hatters","1","Mon Sep 30, 2024, 5:57AM","7"
"Chiedozie Ogbene","LUT/IPS","F","Drop","1-The Madd Hatters","1","Mon Sep 30, 2024, 5:55AM","7"
"John McGinn","AVL","M","Drop","1-Tim's Team","1","Sun Sep 29, 2024, 8:22PM","7"
"Timo Werner","TOT","F","Claim","1-Mateta’s Muppets","1","Sun Sep 29, 2024, 10:37AM","6"
"Flynn Downes","SOU","M","Drop","1-Mateta’s Muppets","1","Sun Sep 29, 2024, 10:37AM","6"
"Jack Clarke","TOT/IPS","F","Claim","1-Morgan Rodgers Neighborhood","1","Sun Sep 29, 2024, 7:46AM","6"
"Amadou Onana","AVL","M","Drop","1-Morgan Rodgers Neighborhood","1","Sun Sep 29, 2024, 7:46AM","6"
"Chiedozie Ogbene","LUT/IPS","F","Claim","1-The Madd Hatters","1","Sun Sep 29, 2024, 7:45AM","6"
"Luis Sinisterra","BOU","F","Claim","1-john lim","1","Sat Sep 28, 2024, 12:05PM","6"
"Taiwo Awoniyi","NOT","F","Drop","1-Morgan Rodgers Neighborhood","1","Sat Sep 28, 2024, 11:13AM","7"
"Jesper Lindstrøm","EVE","M","Drop","1-Tim's Team","1","Sat Sep 28, 2024, 11:06AM","7"
"Orel Mangala","NOT/EVE","M","Claim","1-john lim","1","Sat Sep 28, 2024, 9:38AM","6"
"Tim Iroegbunam","EVE","M","Drop","1-john lim","1","Sat Sep 28, 2024, 9:35AM","6"
"Flynn Downes","SOU","M","Claim","1-Mateta’s Muppets","1","Sat Sep 28, 2024, 9:21AM","6"
"Jefferson Lerma","CRY","M","Drop","1-Mateta’s Muppets","1","Sat Sep 28, 2024, 9:21AM","6"
"Jefferson Lerma","CRY","M","Claim","1-Mateta’s Muppets","1","Sat Sep 28, 2024, 9:15AM","6"
"Yasin Ayari","BHA","M","Drop","1-Mateta’s Muppets","1","Sat Sep 28, 2024, 9:15AM","6"
"Carlos Baleba","BHA","M","Drop","1-Check Complete FC","1","Sat Sep 28, 2024, 9:15AM","6"
"John McGinn","AVL","M","Claim","1-Tim's Team","1","Sat Sep 28, 2024, 9:01AM","6"
"Enzo Fernandez","CHE","M","Claim","1-Dirty little Slot","1","Sat Sep 28, 2024, 8:59AM","6"
"Jack Harrison","EVE","M","Drop","1-Dirty little Slot","1","Sat Sep 28, 2024, 8:59AM","6"
"Bilal El Khannouss","LEI","M","Drop","1-Cruel Summerville","1","Sat Sep 28, 2024, 8:59AM","6"
"Konstantinos Mavropanos","WHU","D","Drop","1-Tim's Team","1","Sat Sep 28, 2024, 8:58AM","6"
"James Garner","EVE","M","Drop","1-The Madd Hatters","1","Sat Sep 28, 2024, 8:50AM","6"
"Taiwo Awoniyi","NOT","F","Claim","1-Morgan Rodgers Neighborhood","1","Sat Sep 28, 2024, 8:49AM","6"
"Tosin Adarabioyo","CHE","D","Drop","1-Morgan Rodgers Neighborhood","1","Sat Sep 28, 2024, 8:49AM","6"
"Konstantinos Mavropanos","WHU","D","Claim","1-Tim's Team","1","Sat Sep 28, 2024, 7:27AM","6"
"Manuel Akanji","MCI","D","Drop","1-Tim's Team","1","Sat Sep 28, 2024, 7:27AM","6"
"Lewis Hall","NEW","D","Claim","1-Cruel Summerville","1","Sat Sep 28, 2024, 7:01AM","6"
"Wout Faes","LEI","D","Drop","1-Cruel Summerville","1","Sat Sep 28, 2024, 7:01AM","6"
"Manuel Akanji","MCI","D","Claim","1-Tim's Team","1","Fri Sep 27, 2024, 9:19PM","6"
"Konstantinos Mavropanos","WHU","D","Drop","1-Tim's Team","1","Fri Sep 27, 2024, 9:19PM","6"
"Konstantinos Mavropanos","WHU","D","Claim","1-Tim's Team","1","Fri Sep 27, 2024, 9:08PM","6"
"Sepp van den Berg","LIV/BRF","D","Drop","1-Tim's Team","1","Fri Sep 27, 2024, 9:08PM","6"
"Aaron Wan-Bissaka","WHU","D","Claim","1-Tim's Team","1","Fri Sep 27, 2024, 10:21AM","6"
"Dean Huijsen","BOU","D","Drop","1-Tim's Team","1","Fri Sep 27, 2024, 10:21AM","6"
"Marcos Senesi","BOU","D","Claim","1- Schärholder Value","1","Fri Sep 27, 2024, 9:21AM","6"
"Mathias Jensen","BRF","M","Drop","1- Schärholder Value","1","Fri Sep 27, 2024, 9:21AM","6"
"Jack Harrison","EVE","M","Claim","1-Dirty little Slot","1","Wed Sep 25, 2024, 3:37PM","6"
"Yves Bissouma","TOT","M","Claim","1-Dirty little Slot","1","Wed Sep 25, 2024, 3:32PM","6"
"Simon Adingra","BHA","M","Drop","1-Dirty little Slot","1","Wed Sep 25, 2024, 3:32PM","6"
"Aaron Ramsdale","ARS/SOU","G","Claim","1-Tim's Team","1","Wed Sep 25, 2024, 12:13PM","6"
"Arijanet Muric","IPS","G","Drop","1-Tim's Team","1","Wed Sep 25, 2024, 12:13PM","6"
"Yasin Ayari","BHA","M","Claim","1-Mateta’s Muppets","1","Tue Sep 24, 2024, 9:40PM","6"
"Ederson","MCI","G","Claim","1 - Law of Averages","1","Tue Sep 24, 2024, 9:18PM","6"
"Reece James","CHE","D","Claim","1 - Law of Averages","1","Tue Sep 24, 2024, 9:18PM","6"
"Ederson","MCI","G","Drop","1 - Law of Averages","1","Tue Sep 24, 2024, 9:18PM","6"
"Dean Huijsen","BOU","D","Claim","1-Tim's Team","1","Tue Sep 24, 2024, 9:16PM","6"
"Vitalii Mykolenko","EVE","D","Claim","1-Tim's Team","1","Tue Sep 24, 2024, 9:16PM","6"
"Dean Huijsen","BOU","D","Drop","1-Tim's Team","1","Tue Sep 24, 2024, 9:16PM","6"
"Ederson","MCI","G","Claim","1 - Law of Averages","1","Tue Sep 24, 2024, 9:12PM","6"
"Bart Verbruggen","BHA","G","Drop","1 - Law of Averages","1","Tue Sep 24, 2024, 9:12PM","6"
"Kepa","CHE/BOU","G","Claim","1-The Riesterer Bunny","1","Tue Sep 24, 2024, 9:07PM","6"
"Caoimhin Kelleher","LIV","G","Drop","1-The Riesterer Bunny","1","Tue Sep 24, 2024, 9:07PM","6"
"Christian Norgaard","BRF","M","Claim","1-The Riesterer Bunny","1","Tue Sep 24, 2024, 9:03PM","6"
"Ross Barkley","AVL","M","Drop","1-The Riesterer Bunny","1","Tue Sep 24, 2024, 9:03PM","6"
"Nikola Milenkovic","NOT","D","Claim","1-Diamond Dogs","1","Tue Sep 24, 2024, 9:03PM","6"
"Ross Barkley","AVL","M","Claim","1-The Riesterer Bunny","1","Tue Sep 24, 2024, 9:02PM","6"
"Aaron Wan-Bissaka","WHU","D","Drop","1-The Riesterer Bunny","1","Tue Sep 24, 2024, 9:02PM","6"
"Caoimhin Kelleher","LIV","G","Claim","1-The Riesterer Bunny","1","Tue Sep 24, 2024, 9:01PM","6"
"Tomas Soucek","WHU","M","Claim","1-john lim","1","Tue Sep 24, 2024, 9:00PM","6"
"Dean Huijsen","BOU","D","Claim","1-Tim's Team","1","Tue Sep 24, 2024, 9:00PM","6"
"Malo Gusto","CHE","D","Claim","1 - Law of Averages","4","Tue Sep 24, 2024, 9:00PM","6"
"Tosin Adarabioyo","CHE","D","Claim","1-Morgan Rodgers Neighborhood","4","Tue Sep 24, 2024, 9:00PM","6"
"Keane Lewis-Potter","BRF","F","Claim","1 - Law of Averages","3","Tue Sep 24, 2024, 9:00PM","6"
"Ismaila Sarr","CRY","F","Claim","1-Morgan Rodgers Neighborhood","1","Tue Sep 24, 2024, 9:00PM","6"
"Mikkel Damsgaard","BRF","M","Claim","1 - Law of Averages","2","Tue Sep 24, 2024, 9:00PM","6"
"David Raya","ARS","G","Claim","1-Check Complete FC","1","Tue Sep 24, 2024, 9:00PM","6"
"Sam Johnstone","CRY/WOL","G","Drop","1-Check Complete FC","1","Tue Sep 24, 2024, 9:00PM","6"
"Murillo","NOT","D","Claim","1- Schärholder Value","1","Tue Sep 24, 2024, 9:00PM","6"
"Conor Bradley","LIV","D","Drop","1- Schärholder Value","1","Tue Sep 24, 2024, 9:00PM","6"
"Jordan Ayew","CRY/LEI","F","Drop","1-Morgan Rodgers Neighborhood","1","Tue Sep 24, 2024, 7:09PM","6"
"John McGinn","AVL","M","Drop","1-Diamond Dogs","1","Tue Sep 24, 2024, 2:09PM","6"
"Raheem Sterling","CHE/ARS","F","Drop","1-john lim","1","Mon Sep 23, 2024, 5:56PM","6"
"Rodrigo Bentancur","TOT","M","Drop","1-john lim","1","Mon Sep 23, 2024, 3:51PM","6"
"Rodri","MCI","M","Drop","1-john lim","1","Mon Sep 23, 2024, 1:23PM","6"
"Yerson Mosquera","WOL","D","Drop","1-Tim's Team","1","Sun Sep 22, 2024, 5:24PM","6"
"Lewis Dunk","BHA","D","Drop","1 - Law of Averages","1","Sun Sep 22, 2024, 3:25PM","6"
"Salah-Eddine Oulad M'hand","ARS","M","Drop","1-Mateta’s Muppets","1","Sun Sep 22, 2024, 10:23AM","5"
"Salah-Eddine Oulad M'hand","ARS","M","Claim","1-Mateta’s Muppets","1","Sun Sep 22, 2024, 10:23AM","5"
"Scott Carson","MCI","G","Drop","1-Mateta’s Muppets","1","Sun Sep 22, 2024, 10:23AM","5"
"Scott Carson","MCI","G","Claim","1-Mateta’s Muppets","1","Sun Sep 22, 2024, 10:22AM","5"
"Joshua Wilson-Esbrand","MCI","D","Drop","1-Mateta’s Muppets","1","Sun Sep 22, 2024, 10:22AM","5"
"Joshua Wilson-Esbrand","MCI","D","Claim","1-Mateta’s Muppets","1","Sun Sep 22, 2024, 10:22AM","5"
"Joao Cancelo","MCI","D","Drop","1-Mateta’s Muppets","1","Sun Sep 22, 2024, 10:22AM","5"
"Joao Cancelo","MCI","D","Claim","1-Mateta’s Muppets","1","Sun Sep 22, 2024, 10:21AM","5"
"Yasin Ayari","BHA","M","Drop","1-Mateta’s Muppets","1","Sun Sep 22, 2024, 8:32AM","5"
"Bart Verbruggen","BHA","G","Claim","1 - Law of Averages","1","Sat Sep 21, 2024, 2:23PM","5"
"David Raya","ARS","G","Drop","1 - Law of Averages","1","Sat Sep 21, 2024, 2:23PM","5"
"Christian Eriksen","MUN","M","Drop","1 - Law of Averages","1","Sat Sep 21, 2024, 2:22PM","6"
"Flynn Downes","SOU","M","Drop","1 - Law of Averages","1","Sat Sep 21, 2024, 2:21PM","6"
"Joe Willock","NEW","M","Drop","1-Tim's Team","1","Sat Sep 21, 2024, 12:40PM","6"
"Christian Eriksen","MUN","M","Claim","1 - Law of Averages","1","Sat Sep 21, 2024, 11:49AM","5"
"Ruben Dias","MCI","D","Claim","1-Cruel Summerville","1","Sat Sep 21, 2024, 11:29AM","5"
"Christian Norgaard","BRF","M","Drop","1-Dirty little Slot","1","Sat Sep 21, 2024, 9:56AM","5"
"Micky van de Ven","TOT","D","Drop","1-Morgan Rodgers Neighborhood","1","Sat Sep 21, 2024, 9:54AM","5"
"Alphonse Areola","WHU","G","Drop","1-The Riesterer Bunny","1","Sat Sep 21, 2024, 9:44AM","6"
"Flynn Downes","SOU","M","Claim","1 - Law of Averages","1","Sat Sep 21, 2024, 9:39AM","5"
"Ian Maatsen","AVL","D","Drop","1 - Law of Averages","1","Sat Sep 21, 2024, 9:36AM","5"
"Stephy Mavididi","LEI","F","Claim","1-Mateta’s Muppets","1","Sat Sep 21, 2024, 9:23AM","5"
"Chiedozie Ogbene","LUT/IPS","F","Drop","1-Mateta’s Muppets","1","Sat Sep 21, 2024, 9:23AM","5"
"Rodrigo Bentancur","TOT","M","Claim","1-john lim","1","Sat Sep 21, 2024, 9:17AM","5"
"Vitalii Mykolenko","EVE","D","Drop","1-john lim","1","Sat Sep 21, 2024, 9:16AM","5"
"Valentino Livramento","NEW","D","Drop","1-Cruel Summerville","1","Sat Sep 21, 2024, 9:11AM","5"
"Mikel Merino","NEW/ARS","M","Claim","1-The Madd Hatters","1","Sat Sep 21, 2024, 9:05AM","5"
"Sepp van den Berg","LIV/BRF","D","Claim","1-Tim's Team","1","Sat Sep 21, 2024, 9:03AM","5"
"Nikola Milenkovic","NOT","D","Drop","1-Tim's Team","1","Sat Sep 21, 2024, 9:03AM","5"
"James Garner","EVE","M","Claim","1-The Madd Hatters","1","Sat Sep 21, 2024, 9:02AM","5"
"Jesper Lindstrøm","EVE","M","Claim","1-Tim's Team","1","Sat Sep 21, 2024, 8:59AM","5"
"Jack Harrison","EVE","M","Drop","1-The Madd Hatters","1","Sat Sep 21, 2024, 8:56AM","5"
"Jarell Quansah","LIV","D","Drop","1-Tim's Team","1","Sat Sep 21, 2024, 8:50AM","5"
"Fabio Carvalho","BRF","M","Claim","1-Cruel Summerville","1","Sat Sep 21, 2024, 8:49AM","5"
"Lewis Hall","NEW","D","Drop","1-Cruel Summerville","1","Sat Sep 21, 2024, 8:49AM","5"
"Wout Faes","LEI","D","Claim","1-Cruel Summerville","1","Sat Sep 21, 2024, 8:48AM","5"
"Joe Willock","NEW","M","Claim","1-Tim's Team","1","Sat Sep 21, 2024, 8:48AM","5"
"Jack Clarke","TOT/IPS","F","Drop","1-Tim's Team","1","Sat Sep 21, 2024, 8:48AM","5"
"Yves Bissouma","TOT","M","Drop","1-Cruel Summerville","1","Sat Sep 21, 2024, 8:47AM","5"
"Bilal El Khannouss","LEI","M","Claim","1-Cruel Summerville","1","Sat Sep 21, 2024, 8:46AM","5"
"Facundo Buonanotte","LEI","M","Drop","1-Cruel Summerville","1","Sat Sep 21, 2024, 8:46AM","5"
"Tomas Soucek","WHU","M","Drop","1-The Madd Hatters","1","Sat Sep 21, 2024, 7:19AM","5"
"Christian Norgaard","BRF","M","Claim","1-Dirty little Slot","1","Sat Sep 21, 2024, 6:45AM","5"
"Cheick Doucoure","CRY","M","Drop","1-Dirty little Slot","1","Sat Sep 21, 2024, 6:45AM","5"
"Ederson","MCI","G","Drop","1 - Law of Averages","1","Fri Sep 20, 2024, 11:06PM","5"
"Lewis Dunk","BHA","D","Claim","1 - Law of Averages","1","Fri Sep 20, 2024, 11:05PM","5"
"Jack Clarke","TOT/IPS","F","Claim","1-Tim's Team","1","Fri Sep 20, 2024, 9:46PM","5"
"Joe Willock","NEW","M","Drop","1-Tim's Team","1","Fri Sep 20, 2024, 9:46PM","5"
"Yerson Mosquera","WOL","D","Claim","1-Tim's Team","1","Fri Sep 20, 2024, 6:01PM","5"
"Konstantinos Mavropanos","WHU","D","Drop","1-Tim's Team","1","Fri Sep 20, 2024, 6:01PM","5"
"Konstantinos Mavropanos","WHU","D","Claim","1-Tim's Team","1","Fri Sep 20, 2024, 5:04PM","5"
"Ross Barkley","AVL","M","Drop","1-Tim's Team","1","Fri Sep 20, 2024, 4:53PM","5"
"Robert Sanchez","CHE","G","Claim","1-Diamond Dogs","1","Fri Sep 20, 2024, 10:50AM","5"
"Luis Sinisterra","BOU","F","Drop","1-Diamond Dogs","1","Fri Sep 20, 2024, 10:50AM","5"
"Conor Bradley","LIV","D","Claim","1- Schärholder Value","1","Thu Sep 19, 2024, 4:56PM","5"
"Yerson Mosquera","WOL","D","Drop","1- Schärholder Value","1","Thu Sep 19, 2024, 4:56PM","5"
"Axel Tuanzebe","IPS","D","Claim","1-The Madd Hatters","1","Wed Sep 18, 2024, 10:58PM","5"
"Dango Ouattara","BOU","M","Drop","1-The Madd Hatters","1","Wed Sep 18, 2024, 10:57PM","5"
"Matt O'Riley","FUL/BHA","M","Claim","1-Tim's Team","1","Wed Sep 18, 2024, 2:20PM","5"
"Malo Gusto","CHE","D","Drop","1-Tim's Team","1","Wed Sep 18, 2024, 2:20PM","5"
"Luis Sinisterra","BOU","F","Claim","1-Diamond Dogs","1","Wed Sep 18, 2024, 6:28AM","5"
"Rico Henry","BRF","D","Drop","1-Diamond Dogs","1","Wed Sep 18, 2024, 6:28AM","5"
"Neco Williams","NOT","D","Claim","1-Diamond Dogs","1","Wed Sep 18, 2024, 6:25AM","5"
"Lewis Dunk","BHA","D","Drop","1-Diamond Dogs","1","Wed Sep 18, 2024, 6:25AM","5"
"Malo Gusto","CHE","D","Claim","1-Tim's Team","1","Tue Sep 17, 2024, 9:13PM","5"
"Fabio Carvalho","BRF","M","Drop","1-Tim's Team","1","Tue Sep 17, 2024, 9:13PM","5"
"Fabio Carvalho","BRF","M","Claim","1-Tim's Team","1","Tue Sep 17, 2024, 9:08PM","5"
"Enes Unal","BOU","F","Drop","1-Tim's Team","1","Tue Sep 17, 2024, 9:08PM","5"
"Joe Willock","NEW","M","Claim","1-Tim's Team","1","Tue Sep 17, 2024, 9:07PM","5"
"Matt O'Riley","FUL/BHA","M","Drop","1-Tim's Team","1","Tue Sep 17, 2024, 9:07PM","5"
"Nikola Milenkovic","NOT","D","Claim","1-Tim's Team","1","Tue Sep 17, 2024, 9:06PM","5"
"Axel Tuanzebe","IPS","D","Drop","1-Tim's Team","1","Tue Sep 17, 2024, 9:06PM","5"
"Dango Ouattara","BOU","M","Claim","1-The Madd Hatters","1","Tue Sep 17, 2024, 9:05PM","5"
"Enes Unal","BOU","F","Claim","1-Tim's Team","1","Tue Sep 17, 2024, 9:04PM","5"
"Facundo Buonanotte","LEI","M","Claim","1-Cruel Summerville","1","Tue Sep 17, 2024, 9:04PM","5"
"Omari Hutchinson","IPS","M","Claim","1- Schärholder Value","1","Tue Sep 17, 2024, 9:04PM","5"
"Jack Hinshelwood","BHA","M","Drop","1- Schärholder Value","1","Tue Sep 17, 2024, 9:04PM","5"
"Jordan Ayew","CRY/LEI","F","Claim","1-Morgan Rodgers Neighborhood","1","Tue Sep 17, 2024, 9:03PM","5"
"Facundo Buonanotte","LEI","M","Drop","1-Morgan Rodgers Neighborhood","1","Tue Sep 17, 2024, 9:03PM","5"
"Axel Tuanzebe","IPS","D","Claim","1-Tim's Team","1","Tue Sep 17, 2024, 9:02PM","5"
"Alex Moreno","AVL/NOT","D","Claim","1-Diamond Dogs","1","Tue Sep 17, 2024, 9:02PM","5"
"Reece James","CHE","D","Drop","1-Tim's Team","1","Tue Sep 17, 2024, 9:01PM","5"
"Jarell Quansah","LIV","D","Claim","1-Tim's Team","1","Tue Sep 17, 2024, 9:01PM","5"
"Matt O'Riley","FUL/BHA","M","Claim","1-Tim's Team","1","Tue Sep 17, 2024, 9:01PM","5"
"Ross Barkley","AVL","M","Claim","1-Tim's Team","1","Tue Sep 17, 2024, 9:01PM","5"
"Raul Jimenez","FUL","F","Claim","1-Tim's Team","1","Tue Sep 17, 2024, 9:01PM","5"
"Arijanet Muric","IPS","G","Claim","1-Tim's Team","1","Tue Sep 17, 2024, 9:01PM","5"
"Facundo Buonanotte","LEI","M","Claim","1-Morgan Rodgers Neighborhood","3","Tue Sep 17, 2024, 9:00PM","5"
"Jacob Greaves","IPS","D","Claim","1-Morgan Rodgers Neighborhood","2","Tue Sep 17, 2024, 9:00PM","5"
"Matz Sels","NOT","G","Claim","1-Cruel Summerville","2","Tue Sep 17, 2024, 9:00PM","5"
"Ola Aina","NOT","D","Claim","1-Mateta’s Muppets","2","Tue Sep 17, 2024, 9:00PM","5"
"Marcos Senesi","BOU","D","Drop","1-Mateta’s Muppets","2","Tue Sep 17, 2024, 9:00PM","5"
"Mario Lemina","WOL","M","Claim","1-The Riesterer Bunny","1","Tue Sep 17, 2024, 9:00PM","5"
"Mateus Goncalo Espanha Fernandes","SOU","M","Drop","1-Morgan Rodgers Neighborhood","1","Tue Sep 17, 2024, 8:59PM","5"
"Sammie Szmodics","IPS","M","Drop","1-Cruel Summerville","1","Tue Sep 17, 2024, 3:28PM","5"
"Neco Williams","NOT","D","Drop","1-Tim's Team","1","Mon Sep 16, 2024, 9:52AM","5"
"John Stones","MCI","D","Drop","1-Diamond Dogs","1","Mon Sep 16, 2024, 6:57AM","5"
"Flynn Downes","SOU","M","Drop","1-The Madd Hatters","1","Sun Sep 15, 2024, 5:02PM","5"
"Jacob Murphy","NEW","M","Drop","1-The Riesterer Bunny","1","Sun Sep 15, 2024, 1:24PM","5"
"Neto","BOU/ARS","G","Drop","1-Cruel Summerville","1","Sun Sep 15, 2024, 11:08AM","5"
"Axel Disasi","CHE/AVL","D","Drop","1-Morgan Rodgers Neighborhood","1","Sun Sep 15, 2024, 11:05AM","5"
"Micky van de Ven","TOT","D","Claim","1-Morgan Rodgers Neighborhood","1","Sun Sep 15, 2024, 8:12AM","4"
"Oleksandr Zinchenko","ARS","D","Drop","1-Morgan Rodgers Neighborhood","1","Sun Sep 15, 2024, 8:12AM","4"
"Axel Disasi","CHE/AVL","D","Claim","1-Morgan Rodgers Neighborhood","1","Sat Sep 14, 2024, 2:07PM","4"
"Wesley Fofana","CHE","D","Drop","1-Morgan Rodgers Neighborhood","1","Sat Sep 14, 2024, 2:07PM","4"
"Oleksandr Zinchenko","ARS","D","Claim","1-Morgan Rodgers Neighborhood","1","Sat Sep 14, 2024, 1:48PM","4"
"Luis Sinisterra","BOU","F","Drop","1-Morgan Rodgers Neighborhood","1","Sat Sep 14, 2024, 1:47PM","4"
"Stephy Mavididi","LEI","F","Drop","1-Tim's Team","1","Sat Sep 14, 2024, 1:39PM","5"
"Emiliano Martinez","AVL","G","Drop","1-Tim's Team","1","Sat Sep 14, 2024, 1:39PM","5"
"Kyle Walker","MCI","D","Drop","1-Tim's Team","1","Sat Sep 14, 2024, 11:50AM","5"
"Manuel Akanji","MCI","D","Drop","1-Tim's Team","1","Sat Sep 14, 2024, 11:50AM","5"
"Emerson","WHU","D","Drop","1 - Law of Averages","1","Sat Sep 14, 2024, 11:43AM","5"
"Jhon Duran","AVL","F","Claim","1-The Riesterer Bunny","1","Sat Sep 14, 2024, 11:39AM","4"
"Ross Barkley","AVL","M","Drop","1-The Riesterer Bunny","1","Sat Sep 14, 2024, 11:39AM","4"
"Wesley Fofana","CHE","D","Claim","1-Morgan Rodgers Neighborhood","1","Sat Sep 14, 2024, 11:17AM","4"
"Jhon Duran","AVL","F","Drop","1-Morgan Rodgers Neighborhood","1","Sat Sep 14, 2024, 11:16AM","4"
"Yves Bissouma","TOT","M","Claim","1-Cruel Summerville","1","Sat Sep 14, 2024, 11:01AM","4"
"Sammie Szmodics","IPS","M","Claim","1-Cruel Summerville","1","Sat Sep 14, 2024, 9:48AM","4"
"Ryan Yates","NOT","M","Drop","1-Cruel Summerville","1","Sat Sep 14, 2024, 9:48AM","4"
"John Stones","MCI","D","Claim","1-Diamond Dogs","1","Sat Sep 14, 2024, 9:43AM","4"
"James Justin","LEI","D","Drop","1-Diamond Dogs","1","Sat Sep 14, 2024, 9:43AM","4"
"Ederson","MCI","G","Claim","1 - Law of Averages","1","Sat Sep 14, 2024, 9:29AM","4"
"Manuel Akanji","MCI","D","Claim","1-Tim's Team","1","Sat Sep 14, 2024, 9:24AM","4"
"Omari Hutchinson","IPS","M","Drop","1-Tim's Team","1","Sat Sep 14, 2024, 9:24AM","4"
"Kyle Walker","MCI","D","Claim","1-Tim's Team","1","Sat Sep 14, 2024, 9:22AM","4"
"Yasin Ayari","BHA","M","Claim","1-Mateta’s Muppets","1","Sat Sep 14, 2024, 9:21AM","4"
"Enes Unal","BOU","F","Drop","1-Mateta’s Muppets","1","Sat Sep 14, 2024, 9:21AM","4"
"Konstantinos Mavropanos","WHU","D","Drop","1-Tim's Team","1","Sat Sep 14, 2024, 9:11AM","4"
"Omari Hutchinson","IPS","M","Claim","1-Tim's Team","1","Sat Sep 14, 2024, 9:04AM","4"
"Ryan Yates","NOT","M","Claim","1-Cruel Summerville","1","Sat Sep 14, 2024, 9:04AM","4"
"Yves Bissouma","TOT","M","Drop","1-Cruel Summerville","1","Sat Sep 14, 2024, 9:04AM","4"
"Julio Enciso","BHA/IPS","M","Drop","1-Tim's Team","1","Sat Sep 14, 2024, 9:03AM","4"
"Dara O'Shea","BUR/IPS","D","Claim","1-Tim's Team","1","Sat Sep 14, 2024, 9:03AM","4"
"Sepp van den Berg","LIV/BRF","D","Drop","1-Tim's Team","1","Sat Sep 14, 2024, 9:03AM","4"
"Emerson","WHU","D","Claim","1 - Law of Averages","1","Sat Sep 14, 2024, 9:02AM","4"
"Cheick Doucoure","CRY","M","Claim","1-Dirty little Slot","1","Sat Sep 14, 2024, 9:02AM","4"
"Harry Winks","LEI","M","Drop","1-Dirty little Slot","1","Sat Sep 14, 2024, 9:02AM","4"
"James Justin","LEI","D","Claim","1-Diamond Dogs","1","Sat Sep 14, 2024, 9:01AM","4"
"Manuel Akanji","MCI","D","Drop","1-Diamond Dogs","1","Sat Sep 14, 2024, 9:01AM","4"
"Sepp van den Berg","LIV/BRF","D","Claim","1-Tim's Team","1","Sat Sep 14, 2024, 9:00AM","4"
"Facundo Buonanotte","LEI","M","Drop","1-Tim's Team","1","Sat Sep 14, 2024, 8:59AM","4"
"Liam Delap","IPS","F","Claim","1-Check Complete FC","1","Sat Sep 14, 2024, 8:56AM","4"
"Yves Bissouma","TOT","M","Claim","1-Cruel Summerville","1","Sat Sep 14, 2024, 8:55AM","4"
"Manuel Akanji","MCI","D","Claim","1-Diamond Dogs","1","Sat Sep 14, 2024, 8:54AM","4"
"Conor Bradley","LIV","D","Drop","1-Diamond Dogs","1","Sat Sep 14, 2024, 8:54AM","4"
"Carlos Baleba","BHA","M","Claim","1-Check Complete FC","1","Sat Sep 14, 2024, 8:54AM","4"
"Bilal El Khannouss","LEI","M","Drop","1-Cruel Summerville","1","Sat Sep 14, 2024, 8:54AM","4"
"Jose Sa","WOL","G","Drop","1-Check Complete FC","1","Sat Sep 14, 2024, 8:52AM","4"
"Ruben Dias","MCI","D","Drop","1-Cruel Summerville","1","Sat Sep 14, 2024, 8:52AM","4"
"Maxence Lacroix","CRY","D","Claim","1-Morgan Rodgers Neighborhood","1","Sat Sep 14, 2024, 8:47AM","4"
"Marc Guehi","CRY","D","Drop","1-Morgan Rodgers Neighborhood","1","Sat Sep 14, 2024, 8:47AM","4"
"Marc Guehi","CRY","D","Claim","1-Morgan Rodgers Neighborhood","1","Sat Sep 14, 2024, 8:46AM","4"
"Ismaila Sarr","CRY","F","Drop","1-Morgan Rodgers Neighborhood","1","Sat Sep 14, 2024, 8:46AM","4"
"Flynn Downes","SOU","M","Claim","1-The Madd Hatters","1","Fri Sep 13, 2024, 8:12PM","4"
"Enzo Fernandez","CHE","M","Drop","1-The Madd Hatters","1","Fri Sep 13, 2024, 8:12PM","4"
"Matthijs de Ligt","MUN","D","Claim","1-Tim's Team","1","Fri Sep 13, 2024, 4:39PM","4"
"Jacob Greaves","IPS","D","Drop","1-Tim's Team","1","Fri Sep 13, 2024, 4:39PM","4"
"Lewis Dunk","BHA","D","Claim","1-Diamond Dogs","1","Fri Sep 13, 2024, 11:19AM","4"
"Ola Aina","NOT","D","Drop","1-Diamond Dogs","1","Fri Sep 13, 2024, 11:19AM","4"
"Ola Aina","NOT","D","Claim","1-Diamond Dogs","1","Fri Sep 13, 2024, 11:18AM","4"
"Ezri Konsa","AVL","D","Drop","1-Diamond Dogs","1","Fri Sep 13, 2024, 11:18AM","4"
"Emiliano Martinez","AVL","G","Claim","1-Tim's Team","1","Fri Sep 13, 2024, 8:42AM","4"
"Kepa","CHE/BOU","G","Drop","1-Tim's Team","1","Fri Sep 13, 2024, 8:41AM","4"
"Facundo Buonanotte","LEI","M","Claim","1-Tim's Team","1","Fri Sep 13, 2024, 7:18AM","4"
"Matthijs de Ligt","MUN","D","Drop","1-Tim's Team","1","Fri Sep 13, 2024, 7:18AM","4"
"Konstantinos Mavropanos","WHU","D","Claim","1-Tim's Team","1","Fri Sep 13, 2024, 7:17AM","4"
"Manuel Akanji","MCI","D","Drop","1-Tim's Team","1","Fri Sep 13, 2024, 7:17AM","4"
"Julio Enciso","BHA/IPS","M","Claim","1-Tim's Team","1","Fri Sep 13, 2024, 7:16AM","4"
"Harry Maguire","MUN","D","Drop","1-Tim's Team","1","Thu Sep 12, 2024, 9:06PM","4"
"Manuel Akanji","MCI","D","Claim","1-Tim's Team","1","Thu Sep 12, 2024, 9:06PM","4"
"Facundo Buonanotte","LEI","M","Drop","1-Tim's Team","1","Thu Sep 12, 2024, 9:06PM","4"
"Jacob Greaves","IPS","D","Claim","1-Tim's Team","1","Thu Sep 12, 2024, 9:04PM","4"
"Konstantinos Mavropanos","WHU","D","Drop","1-Tim's Team","1","Thu Sep 12, 2024, 9:04PM","4"
"Armando Broja","CHE/EVE","F","Drop","1 - Law of Averages","1","Thu Sep 12, 2024, 3:20PM","4"
"Stephy Mavididi","LEI","F","Claim","1-Tim's Team","1","Thu Sep 12, 2024, 1:46PM","4"
"Kiernan Dewsbury-Hall","CHE","M","Drop","1-Tim's Team","1","Thu Sep 12, 2024, 1:41PM","4"
"Facundo Buonanotte","LEI","M","Claim","1-Tim's Team","1","Thu Sep 12, 2024, 1:38PM","4"
"Jordan Ayew","CRY/LEI","F","Drop","1-Tim's Team","1","Thu Sep 12, 2024, 1:37PM","4"
"Kiernan Dewsbury-Hall","CHE","M","Claim","1-Tim's Team","1","Thu Sep 12, 2024, 1:26PM","4"
"Flynn Downes","SOU","M","Drop","1-Tim's Team","1","Thu Sep 12, 2024, 1:26PM","4"
"Harry Maguire","MUN","D","Claim","1-Tim's Team","1","Wed Sep 11, 2024, 3:32PM","4"
"Flynn Downes","SOU","M","Claim","1-Tim's Team","1","Wed Sep 11, 2024, 3:32PM","4"
"Lloyd Kelly","NEW","D","Drop","1-Tim's Team","1","Wed Sep 11, 2024, 3:31PM","4"
"Reiss Nelson","ARS/FUL","F","Drop","1-Tim's Team","1","Wed Sep 11, 2024, 3:31PM","4"
"Lloyd Kelly","NEW","D","Claim","1-Tim's Team","1","Wed Sep 11, 2024, 9:44AM","4"
"Lewis Dunk","BHA","D","Drop","1-Tim's Team","1","Wed Sep 11, 2024, 9:44AM","4"
"Jack Hinshelwood","BHA","M","Claim","1- Schärholder Value","1","Tue Sep 10, 2024, 9:10PM","4"
"Yerson Mosquera","WOL","D","Claim","1- Schärholder Value","1","Tue Sep 10, 2024, 9:09PM","4"
"Murillo","NOT","D","Drop","1- Schärholder Value","1","Tue Sep 10, 2024, 9:09PM","4"
"Mateus Goncalo Espanha Fernandes","SOU","M","Claim","1-Morgan Rodgers Neighborhood","1","Tue Sep 10, 2024, 9:07PM","4"
"Jack Clarke","TOT/IPS","F","Drop","1-Morgan Rodgers Neighborhood","1","Tue Sep 10, 2024, 9:07PM","4"
"Konstantinos Mavropanos","WHU","D","Claim","1-Tim's Team","1","Tue Sep 10, 2024, 9:03PM","4"
"Ross Barkley","AVL","M","Claim","1-The Riesterer Bunny","1","Tue Sep 10, 2024, 9:02PM","4"
"Tyler Dibling","SOU","M","Claim","1-Tim's Team","1","Tue Sep 10, 2024, 9:01PM","4"
"Matthijs de Ligt","MUN","D","Claim","1-Tim's Team","1","Tue Sep 10, 2024, 9:01PM","4"
"Jadon Sancho","MUN/CHE","F","Claim","1-Tim's Team","1","Tue Sep 10, 2024, 9:01PM","4"
"Lewis Dunk","BHA","D","Claim","1-Tim's Team","1","Tue Sep 10, 2024, 9:01PM","4"
"Luis Sinisterra","BOU","F","Claim","1-Morgan Rodgers Neighborhood","2","Tue Sep 10, 2024, 9:00PM","4"
"Bilal El Khannouss","LEI","M","Claim","1-Cruel Summerville","2","Tue Sep 10, 2024, 9:00PM","4"
"Manuel Ugarte","MUN","M","Claim","1-Mateta’s Muppets","1","Tue Sep 10, 2024, 9:00PM","4"
"Jacob Greaves","IPS","D","Drop","1-Mateta’s Muppets","1","Tue Sep 10, 2024, 9:00PM","4"
"Jack Harrison","EVE","M","Claim","1-The Madd Hatters","1","Tue Sep 10, 2024, 9:00PM","4"
"Jhon Duran","AVL","F","Claim","1-Morgan Rodgers Neighborhood","1","Tue Sep 10, 2024, 9:00PM","4"
"Federico Chiesa","LIV","F","Claim","1 - Law of Averages","1","Tue Sep 10, 2024, 9:00PM","4"
"Valentino Livramento","NEW","D","Claim","1-Cruel Summerville","1","Tue Sep 10, 2024, 9:00PM","4"
"Manuel Akanji","MCI","D","Drop","1-Cruel Summerville","1","Tue Sep 10, 2024, 8:53PM","4"
"Ola Aina","NOT","D","Drop","1-The Riesterer Bunny","1","Tue Sep 10, 2024, 8:33PM","4"
"Nikola Milenkovic","NOT","D","Drop","1-Tim's Team","1","Tue Sep 3, 2024, 1:34PM","4"
"Omari Hutchinson","IPS","M","Drop","1-Tim's Team","1","Mon Sep 2, 2024, 7:13PM","4"
"Emil Krafth","NEW","D","Drop","1-Cruel Summerville","1","Mon Sep 2, 2024, 11:40AM","4"
"Yves Bissouma","TOT","M","Drop","1 - Law of Averages","1","Sun Sep 1, 2024, 3:51PM","4"
"Wilson Odobert","TOT","F","Drop","1-Tim's Team","1","Sun Sep 1, 2024, 3:39PM","4"
"Malo Gusto","CHE","D","Drop","1-Tim's Team","1","Sun Sep 1, 2024, 10:02AM","4"
"Yves Bissouma","TOT","M","Claim","1 - Law of Averages","1","Fri Aug 30, 2024, 11:05PM","3"
"Ismaila Sarr","CRY","F","Claim","1-Morgan Rodgers Neighborhood","1","Sun Sep 1, 2024, 8:05AM","3"
"Jadon Sancho","MUN/CHE","F","Drop","1-Morgan Rodgers Neighborhood","1","Sun Sep 1, 2024, 8:05AM","3"
"Tyrick Mitchell","CRY","D","Claim","1-Morgan Rodgers Neighborhood","1","Sun Sep 1, 2024, 7:27AM","3"
"Matthijs de Ligt","MUN","D","Drop","1-Morgan Rodgers Neighborhood","1","Sun Sep 1, 2024, 7:27AM","3"
"Matthijs de Ligt","MUN","D","Claim","1-Morgan Rodgers Neighborhood","1","Sun Sep 1, 2024, 7:17AM","3"
"Ismaila Sarr","CRY","F","Drop","1-Morgan Rodgers Neighborhood","1","Sun Sep 1, 2024, 7:17AM","3"
"Emil Krafth","NEW","D","Claim","1-Cruel Summerville","1","Sun Sep 1, 2024, 7:17AM","3"
"Yves Bissouma","TOT","M","Drop","1-Cruel Summerville","1","Sun Sep 1, 2024, 7:17AM","3"
"Yves Bissouma","TOT","M","Claim","1-Cruel Summerville","1","Sun Sep 1, 2024, 7:16AM","3"
"Kristoffer Ajer","BRF","D","Drop","1-The Madd Hatters","1","Sat Aug 31, 2024, 7:38PM","4"
"Milos Kerkez","BOU","D","Drop","1 - Law of Averages","1","Sat Aug 31, 2024, 2:01PM","4"
"Jadon Sancho","MUN/CHE","F","Claim","1-Morgan Rodgers Neighborhood","1","Sat Aug 31, 2024, 12:13PM","3"
"Harry Maguire","MUN","D","Drop","1-Morgan Rodgers Neighborhood","1","Sat Aug 31, 2024, 12:13PM","3"
"Sammie Szmodics","IPS","M","Drop","1-Tim's Team","1","Sat Aug 31, 2024, 12:13PM","4"
"Lamare Bogarde","AVL","D","Drop","1-Morgan Rodgers Neighborhood","1","Sat Aug 31, 2024, 11:42AM","4"
"Pau Torres","AVL","D","Drop","1-Morgan Rodgers Neighborhood","1","Sat Aug 31, 2024, 11:41AM","4"
"Murillo","NOT","D","Claim","1- Schärholder Value","1","Sat Aug 31, 2024, 9:30AM","3"
"Illia Zabarnyi","BOU","D","Drop","1- Schärholder Value","1","Sat Aug 31, 2024, 9:30AM","3"
"Maxwel Cornet","WHU/SOU","M","Drop","1 - Law of Averages","1","Sat Aug 31, 2024, 9:26AM","3"
"Milos Kerkez","BOU","D","Claim","1 - Law of Averages","1","Sat Aug 31, 2024, 9:26AM","3"
"Facundo Buonanotte","LEI","M","Drop","1 - Law of Averages","1","Sat Aug 31, 2024, 9:25AM","3"
"Odsonne Edouard","CRY/LEI","F","Drop","1-Check Complete FC","1","Sat Aug 31, 2024, 9:18AM","3"
"Sam Johnstone","CRY/WOL","G","Claim","1-Check Complete FC","1","Sat Aug 31, 2024, 9:13AM","3"
"Abdoulaye Doucoure","EVE","M","Drop","1-Check Complete FC","1","Sat Aug 31, 2024, 9:13AM","3"
"Lamare Bogarde","AVL","D","Claim","1-Morgan Rodgers Neighborhood","1","Sat Aug 31, 2024, 9:12AM","3"
"Kosta Nedeljkovic","AVL","D","Drop","1-Morgan Rodgers Neighborhood","1","Sat Aug 31, 2024, 9:12AM","3"
"Jacob Ramsey","AVL","M","Claim","1-Morgan Rodgers Neighborhood","1","Sat Aug 31, 2024, 9:06AM","3"
"Ross Barkley","AVL","M","Drop","1-Morgan Rodgers Neighborhood","1","Sat Aug 31, 2024, 9:06AM","3"
"Justin Kluivert","BOU","M","Claim","1-Cruel Summerville","1","Sat Aug 31, 2024, 8:54AM","3"
"Kristoffer Ajer","BRF","D","Claim","1-The Madd Hatters","1","Sat Aug 31, 2024, 8:54AM","3"
"Nelson Semedo","WOL","D","Drop","1-The Madd Hatters","1","Sat Aug 31, 2024, 8:54AM","3"
"James Garner","EVE","M","Drop","1-Cruel Summerville","1","Sat Aug 31, 2024, 8:53AM","3"
"Nelson Semedo","WOL","D","Claim","1-The Madd Hatters","1","Sat Aug 31, 2024, 8:53AM","3"
"Alex Moreno","AVL/NOT","D","Drop","1-The Madd Hatters","1","Sat Aug 31, 2024, 8:53AM","3"
"James Garner","EVE","M","Claim","1-Cruel Summerville","1","Sat Aug 31, 2024, 8:51AM","3"
"Alex Moreno","AVL/NOT","D","Claim","1-The Madd Hatters","1","Sat Aug 31, 2024, 8:50AM","3"
"Ben Johnson","IPS","D","Drop","1-The Madd Hatters","1","Sat Aug 31, 2024, 8:50AM","3"
"Elliot Anderson","NOT","M","Claim","1-Morgan Rodgers Neighborhood","1","Sat Aug 31, 2024, 8:49AM","3"
"Jacob Ramsey","AVL","M","Drop","1-Morgan Rodgers Neighborhood","1","Sat Aug 31, 2024, 8:48AM","3"
"Dango Ouattara","BOU","M","Drop","1-Cruel Summerville","1","Sat Aug 31, 2024, 8:47AM","3"
"Pau Torres","AVL","D","Claim","1-Morgan Rodgers Neighborhood","1","Sat Aug 31, 2024, 8:46AM","3"
"Alex Moreno","AVL/NOT","D","Drop","1-Morgan Rodgers Neighborhood","1","Sat Aug 31, 2024, 8:46AM","3"
"Jordan Ayew","CRY/LEI","F","Claim","1-Tim's Team","1","Sat Aug 31, 2024, 8:46AM","3"
"Pablo Sarabia","WOL","M","Drop","1-Tim's Team","1","Sat Aug 31, 2024, 8:45AM","3"
"Matt Doherty","WOL","D","Drop","1-Cruel Summerville","1","Sat Aug 31, 2024, 8:45AM","3"
"Illia Zabarnyi","BOU","D","Claim","1- Schärholder Value","1","Sat Aug 31, 2024, 1:49AM","3"
"Kristoffer Ajer","BRF","D","Drop","1- Schärholder Value","1","Sat Aug 31, 2024, 1:49AM","3"
"Kristoffer Ajer","BRF","D","Claim","1- Schärholder Value","1","Sat Aug 31, 2024, 1:46AM","3"
"Valentino Livramento","NEW","D","Drop","1- Schärholder Value","1","Sat Aug 31, 2024, 1:46AM","3"
"Maxwel Cornet","WHU/SOU","M","Claim","1 - Law of Averages","1","Sat Aug 31, 2024, 1:32AM","3"
"Sander Berge","BUR/FUL","M","Drop","1 - Law of Averages","1","Sat Aug 31, 2024, 1:32AM","3"
"Armando Broja","CHE/EVE","F","Claim","1 - Law of Averages","1","Sat Aug 31, 2024, 1:23AM","3"
"Dean Huijsen","BOU","D","Drop","1 - Law of Averages","1","Sat Aug 31, 2024, 1:23AM","3"
"Dango Ouattara","BOU","M","Claim","1-Cruel Summerville","1","Sat Aug 31, 2024, 12:26AM","3"
"Ruben Dias","MCI","D","Claim","1-Cruel Summerville","1","Sat Aug 31, 2024, 12:25AM","3"
"Ben Chilwell","CHE/CRY","D","Drop","1-Cruel Summerville","1","Sat Aug 31, 2024, 12:25AM","3"
"Liam Delap","IPS","F","Drop","1-Dirty little Slot","1","Fri Aug 30, 2024, 7:55PM","3"
"Lewis Cook","BOU","M","Claim","1-Morgan Rodgers Neighborhood","1","Fri Aug 30, 2024, 6:34PM","3"
"Ivan Toney","BRF","F","Drop","1-Morgan Rodgers Neighborhood","1","Fri Aug 30, 2024, 6:33PM","3"
"Enzo Fernandez","CHE","M","Claim","1-The Madd Hatters","1","Fri Aug 30, 2024, 4:33PM","3"
"Elliot Anderson","NOT","M","Drop","1-The Madd Hatters","1","Fri Aug 30, 2024, 4:33PM","3"
"Reiss Nelson","ARS/FUL","F","Claim","1-Tim's Team","1","Fri Aug 30, 2024, 4:22PM","3"
"Dara O'Shea","BUR/IPS","D","Drop","1-Tim's Team","1","Fri Aug 30, 2024, 4:22PM","3"
"Pablo Sarabia","WOL","M","Claim","1-Tim's Team","1","Fri Aug 30, 2024, 4:05PM","3"
"Enzo Fernandez","CHE","M","Drop","1-Tim's Team","1","Fri Aug 30, 2024, 4:05PM","3"
"Ismaila Sarr","CRY","F","Claim","1-Morgan Rodgers Neighborhood","1","Fri Aug 30, 2024, 3:17PM","3"
"Pau Torres","AVL","D","Drop","1-Morgan Rodgers Neighborhood","1","Fri Aug 30, 2024, 3:17PM","3"
"Enzo Fernandez","CHE","M","Claim","1-Tim's Team","1","Fri Aug 30, 2024, 3:11PM","3"
"Jhon Duran","AVL","F","Drop","1-Tim's Team","1","Fri Aug 30, 2024, 3:10PM","3"
"Dara O'Shea","BUR/IPS","D","Claim","1-Tim's Team","1","Fri Aug 30, 2024, 8:57AM","3"
"Mikel Merino","NEW/ARS","M","Drop","1-Tim's Team","1","Fri Aug 30, 2024, 8:56AM","3"
"Jhon Duran","AVL","F","Claim","1-Tim's Team","1","Fri Aug 30, 2024, 6:25AM","3"
"Dara O'Shea","BUR/IPS","D","Drop","1-Tim's Team","1","Fri Aug 30, 2024, 6:25AM","3"
"Mikel Merino","NEW/ARS","M","Claim","1-Tim's Team","1","Thu Aug 29, 2024, 9:00PM","3"
"Jhon Duran","AVL","F","Drop","1-Tim's Team","1","Thu Aug 29, 2024, 9:00PM","3"
"Chiedozie Ogbene","LUT/IPS","F","Claim","1-Mateta’s Muppets","1","Thu Aug 29, 2024, 9:00PM","3"
"Christian Norgaard","BRF","M","Drop","1-Mateta’s Muppets","1","Thu Aug 29, 2024, 9:00PM","3"
"Ferdi Kadioglu","BHA","M","Claim","1-The Madd Hatters","1","Thu Aug 29, 2024, 9:00PM","3"
"Kevin Schade","BRF","M","Claim","1- Schärholder Value","1","Thu Aug 29, 2024, 6:23PM","3"
"Kiernan Dewsbury-Hall","CHE","M","Drop","1- Schärholder Value","1","Thu Aug 29, 2024, 6:23PM","3"
"Matt O'Riley","FUL/BHA","M","Drop","1-Cruel Summerville","1","Thu Aug 29, 2024, 7:26AM","3"
"James Milner","BHA","M","Drop","1-The Madd Hatters","1","Wed Aug 28, 2024, 9:05PM","3"
"James Milner","BHA","M","Claim","1-The Madd Hatters","1","Wed Aug 28, 2024, 9:05PM","3"
"Matthijs de Ligt","MUN","D","Drop","1-The Madd Hatters","1","Wed Aug 28, 2024, 9:05PM","3"
"Jhon Duran","AVL","F","Claim","1-Tim's Team","1","Wed Aug 28, 2024, 10:15AM","3"
"Sander Berge","BUR/FUL","M","Claim","1 - Law of Averages","1","Wed Aug 28, 2024, 1:08AM","3"
"Dean Huijsen","BOU","D","Claim","1 - Law of Averages","1","Wed Aug 28, 2024, 1:06AM","3"
"Lewis Cook","BOU","M","Drop","1-Tim's Team","1","Tue Aug 27, 2024, 9:53PM","3"
"Matthijs de Ligt","MUN","D","Claim","1-The Madd Hatters","1","Tue Aug 27, 2024, 9:22PM","3"
"Yerson Mosquera","WOL","D","Drop","1-The Madd Hatters","1","Tue Aug 27, 2024, 9:22PM","3"
"Matt O'Riley","FUL/BHA","M","Claim","1-Cruel Summerville","1","Tue Aug 27, 2024, 9:07PM","3"
"Ruben Dias","MCI","D","Drop","1-Cruel Summerville","1","Tue Aug 27, 2024, 9:07PM","3"
"Dara O'Shea","BUR/IPS","D","Claim","1-Tim's Team","1","Tue Aug 27, 2024, 9:06PM","3"
"Mats Wieffer","BHA","M","Claim","1-john lim","1","Tue Aug 27, 2024, 9:01PM","3"
"Ruben Dias","MCI","D","Claim","1-Cruel Summerville","1","Tue Aug 27, 2024, 9:01PM","3"
"Kepa","CHE/BOU","G","Claim","1-Tim's Team","1","Tue Aug 27, 2024, 9:01PM","3"
"Ben Johnson","IPS","D","Claim","1-The Madd Hatters","1","Tue Aug 27, 2024, 9:00PM","3"
"Elliot Anderson","NOT","M","Claim","1-The Madd Hatters","1","Tue Aug 27, 2024, 9:00PM","3"
"Sammie Szmodics","IPS","M","Claim","1-Tim's Team","1","Tue Aug 27, 2024, 9:00PM","3"
"Alex Moreno","AVL/NOT","D","Claim","1-Morgan Rodgers Neighborhood","7","Tue Aug 27, 2024, 9:00PM","3"
"Jacob Ramsey","AVL","M","Claim","1-Morgan Rodgers Neighborhood","6","Tue Aug 27, 2024, 9:00PM","3"
"Pau Torres","AVL","D","Claim","1-Morgan Rodgers Neighborhood","5","Tue Aug 27, 2024, 9:00PM","3"
"Jack Clarke","TOT/IPS","F","Claim","1-Morgan Rodgers Neighborhood","3","Tue Aug 27, 2024, 9:00PM","3"
"Joel Veltman","BHA","D","Claim","1-Check Complete FC","3","Tue Aug 27, 2024, 9:00PM","3"
"Kosta Nedeljkovic","AVL","D","Claim","1-Morgan Rodgers Neighborhood","2","Tue Aug 27, 2024, 9:00PM","3"
"Simon Adingra","BHA","M","Claim","1-Dirty little Slot","2","Tue Aug 27, 2024, 9:00PM","3"
"Facundo Buonanotte","LEI","M","Claim","1 - Law of Averages","1","Tue Aug 27, 2024, 9:00PM","3"
"Thomas Partey","ARS","M","Claim","1-Check Complete FC","2","Tue Aug 27, 2024, 9:00PM","3"
"Ilkay Gundogan","MCI","M","Claim","1-The Riesterer Bunny","1","Tue Aug 27, 2024, 9:00PM","3"
"Enzo Fernandez","CHE","M","Drop","1-The Riesterer Bunny","1","Tue Aug 27, 2024, 11:57AM","3"
"Joe Ayodele-Aribo","SOU","M","Drop","1-Cruel Summerville","1","Tue Aug 27, 2024, 8:14AM","3"
"Elliot Anderson","NOT","M","Drop","1-Tim's Team","1","Mon Aug 26, 2024, 9:52PM","3"
"Jarell Quansah","LIV","D","Drop","1-The Madd Hatters","1","Mon Aug 26, 2024, 9:45PM","3"
"Kevin Schade","BRF","M","Drop","1-The Madd Hatters","1","Mon Aug 26, 2024, 9:45PM","3"
"Arijanet Muric","IPS","G","Drop","1-Tim's Team","1","Mon Aug 26, 2024, 8:58PM","3"
"Fabio Carvalho","BRF","M","Drop","1-Morgan Rodgers Neighborhood","1","Sun Aug 25, 2024, 10:35PM","3"
"Harvey Elliott","LIV","M","Drop","1-Tim's Team","1","Sun Aug 25, 2024, 2:05PM","3"
"Luis Sinisterra","BOU","F","Drop","1-john lim","1","Sun Aug 25, 2024, 1:48PM","3"
"Romeo Lavia","CHE","M","Drop","1 - Law of Averages","1","Sun Aug 25, 2024, 12:03PM","3"
"Lloyd Kelly","NEW","D","Drop","1-Morgan Rodgers Neighborhood","1","Sun Aug 25, 2024, 11:07AM","3"
"Lloyd Kelly","NEW","D","Claim","1-Morgan Rodgers Neighborhood","1","Sun Aug 25, 2024, 8:49AM","2"
"Wesley Fofana","CHE","D","Drop","1-Morgan Rodgers Neighborhood","1","Sun Aug 25, 2024, 8:49AM","2"
"Lewis Cook","BOU","M","Claim","1-Tim's Team","1","Sun Aug 25, 2024, 8:35AM","2"
"Mykhailo Mudryk","CHE","M","Drop","1-Tim's Team","1","Sun Aug 25, 2024, 8:35AM","2"
"Alex Scott","BOU","M","Drop","1-Dirty little Slot","1","Sun Aug 25, 2024, 8:01AM","2"
"Fabio Carvalho","BRF","M","Claim","1-Morgan Rodgers Neighborhood","1","Sun Aug 25, 2024, 7:57AM","2"
"Lewis Cook","BOU","M","Drop","1-Morgan Rodgers Neighborhood","1","Sun Aug 25, 2024, 7:57AM","2"
"Lewis Cook","BOU","M","Claim","1-Morgan Rodgers Neighborhood","1","Sun Aug 25, 2024, 7:55AM","2"
"Dean Huijsen","BOU","D","Drop","1-Morgan Rodgers Neighborhood","1","Sun Aug 25, 2024, 7:55AM","2"
"Matt Doherty","WOL","D","Claim","1-Cruel Summerville","1","Sun Aug 25, 2024, 7:50AM","2"
"Lloyd Kelly","NEW","D","Drop","1-Cruel Summerville","1","Sun Aug 25, 2024, 7:50AM","2"
"Lloyd Kelly","NEW","D","Claim","1-Cruel Summerville","1","Sun Aug 25, 2024, 7:48AM","2"
"Mykhailo Mudryk","CHE","M","Claim","1-Tim's Team","1","Sun Aug 25, 2024, 7:46AM","2"
"Romeo Lavia","CHE","M","Claim","1 - Law of Averages","1","Sat Aug 24, 2024, 9:37PM","2"
"Jack Harrison","EVE","M","Drop","1 - Law of Averages","1","Sat Aug 24, 2024, 11:38AM","3"
"Tyrick Mitchell","CRY","D","Drop","1-Morgan Rodgers Neighborhood","1","Sat Aug 24, 2024, 11:30AM","3"
"Wesley Fofana","CHE","D","Claim","1-Morgan Rodgers Neighborhood","1","Sat Aug 24, 2024, 11:21AM","2"
"Jacob Ramsey","AVL","M","Drop","1-Morgan Rodgers Neighborhood","1","Sat Aug 24, 2024, 11:20AM","2"
"William Smallbone","SOU","M","Drop","1-Morgan Rodgers Neighborhood","1","Sat Aug 24, 2024, 11:17AM","3"
"Ruben Dias","MCI","D","Drop","1-Morgan Rodgers Neighborhood","1","Sat Aug 24, 2024, 11:10AM","3"
"Harvey Barnes","NEW","M","Claim","1-The Riesterer Bunny","1","Sat Aug 24, 2024, 9:47AM","2"
"Thomas Partey","ARS","M","Drop","1-The Riesterer Bunny","1","Sat Aug 24, 2024, 9:47AM","2"
"Ola Aina","NOT","D","Claim","1-The Riesterer Bunny","1","Sat Aug 24, 2024, 9:45AM","2"
"Sammie Szmodics","IPS","M","Drop","1-The Riesterer Bunny","1","Sat Aug 24, 2024, 9:45AM","2"
"Richarlison","TOT","F","Drop","1-Cruel Summerville","1","Sat Aug 24, 2024, 9:42AM","2"
"Ryan Yates","NOT","M","Drop","1-Check Complete FC","1","Sat Aug 24, 2024, 9:09AM","2"
"Mason Mount","MUN","M","Drop","1 - Law of Averages","1","Sat Aug 24, 2024, 8:59AM","3"
"Ryan Yates","NOT","M","Claim","1-Check Complete FC","1","Sat Aug 24, 2024, 8:58AM","2"
"Harry Wilson","FUL","M","Drop","1-Check Complete FC","1","Sat Aug 24, 2024, 8:58AM","2"
"Odsonne Edouard","CRY/LEI","F","Claim","1-Check Complete FC","1","Sat Aug 24, 2024, 8:56AM","2"
"Ismaila Sarr","CRY","F","Drop","1-Check Complete FC","1","Sat Aug 24, 2024, 8:56AM","2"
"Wilfred Ndidi","LEI","M","Claim","1-Check Complete FC","1","Sat Aug 24, 2024, 8:53AM","2"
"Timothy Castagne","FUL","D","Drop","1-Check Complete FC","1","Sat Aug 24, 2024, 8:50AM","2"
"Manuel Akanji","MCI","D","Claim","1-Cruel Summerville","1","Sat Aug 24, 2024, 8:50AM","2"
"Willy Boly","NOT","D","Drop","1-Cruel Summerville","1","Sat Aug 24, 2024, 8:50AM","2"
"Joe Ayodele-Aribo","SOU","M","Claim","1-Cruel Summerville","1","Sat Aug 24, 2024, 8:48AM","2"
"Sammie Szmodics","IPS","M","Claim","1-The Riesterer Bunny","1","Sat Aug 24, 2024, 8:47AM","2"
"Alex Moreno","AVL/NOT","D","Drop","1-The Riesterer Bunny","1","Sat Aug 24, 2024, 8:47AM","2"
"Ruben Dias","MCI","D","Claim","1-Morgan Rodgers Neighborhood","1","Sat Aug 24, 2024, 8:47AM","2"
"Timo Werner","TOT","F","Drop","1-Morgan Rodgers Neighborhood","1","Sat Aug 24, 2024, 8:47AM","2"
"Lucas Bergvall","TOT","M","Drop","1-Cruel Summerville","1","Sat Aug 24, 2024, 8:47AM","2"
"Thomas Partey","ARS","M","Claim","1-The Riesterer Bunny","1","Sat Aug 24, 2024, 8:47AM","2"
"Kyle Walker","MCI","D","Drop","1-The Riesterer Bunny","1","Sat Aug 24, 2024, 8:47AM","2"
"Stephy Mavididi","LEI","F","Drop","1-Tim's Team","1","Sat Aug 24, 2024, 8:46AM","2"
"Nikola Milenkovic","NOT","D","Claim","1-Tim's Team","1","Sat Aug 24, 2024, 8:45AM","2"
"Chris Richards","CRY","D","Drop","1-Tim's Team","1","Sat Aug 24, 2024, 8:45AM","2"
"Danny Welbeck","BHA","F","Claim","1-john lim","1","Sat Aug 24, 2024, 7:24AM","2"
"Oscar Bobb","MCI","M","Drop","1-john lim","1","Sat Aug 24, 2024, 7:23AM","2"
"Timo Werner","TOT","F","Claim","1-Morgan Rodgers Neighborhood","1","Sat Aug 24, 2024, 7:07AM","2"
"Ruben Dias","MCI","D","Drop","1-Morgan Rodgers Neighborhood","1","Sat Aug 24, 2024, 7:07AM","2"
"Mason Mount","MUN","M","Claim","1 - Law of Averages","1","Sat Aug 24, 2024, 7:00AM","2"
"Simon Adingra","BHA","M","Drop","1 - Law of Averages","1","Sat Aug 24, 2024, 6:59AM","2"
"Ruben Dias","MCI","D","Claim","1-Morgan Rodgers Neighborhood","1","Sat Aug 24, 2024, 6:57AM","2"
"Matthijs de Ligt","MUN","D","Drop","1-Morgan Rodgers Neighborhood","1","Sat Aug 24, 2024, 6:55AM","2"
"Levi Colwill","CHE","D","Claim","1- Schärholder Value","1","Fri Aug 23, 2024, 11:24PM","2"
"James Justin","LEI","D","Drop","1- Schärholder Value","1","Fri Aug 23, 2024, 11:24PM","2"
"Arijanet Muric","IPS","G","Claim","1-Tim's Team","1","Fri Aug 23, 2024, 11:05PM","2"
"Danny Welbeck","BHA","F","Drop","1-Tim's Team","1","Fri Aug 23, 2024, 11:00PM","2"
"Stephy Mavididi","LEI","F","Claim","1-Tim's Team","1","Fri Aug 23, 2024, 7:39PM","2"
"Arijanet Muric","IPS","G","Drop","1-Tim's Team","1","Fri Aug 23, 2024, 7:39PM","2"
"Oliver Skipp","TOT/LEI","M","Drop","1 - Law of Averages","1","Fri Aug 23, 2024, 3:51PM","2"
"Micky van de Ven","TOT","D","Drop","1- Schärholder Value","1","Fri Aug 23, 2024, 11:35AM","2"
"Simon Adingra","BHA","M","Claim","1 - Law of Averages","1","Fri Aug 23, 2024, 11:01AM","2"
"Facundo Buonanotte","LEI","M","Drop","1 - Law of Averages","1","Fri Aug 23, 2024, 11:01AM","2"
"Lucas Bergvall","TOT","M","Claim","1-Cruel Summerville","1","Fri Aug 23, 2024, 10:55AM","2"
"James Garner","EVE","M","Drop","1-Cruel Summerville","1","Fri Aug 23, 2024, 10:55AM","2"
"Wilson Odobert","TOT","F","Claim","1-Tim's Team","1","Fri Aug 23, 2024, 8:46AM","2"
"Sammie Szmodics","IPS","M","Drop","1-Tim's Team","1","Fri Aug 23, 2024, 8:30AM","2"
"Elliot Anderson","NOT","M","Claim","1-Tim's Team","1","Fri Aug 23, 2024, 8:29AM","2"
"James Milner","BHA","M","Drop","1-Tim's Team","1","Fri Aug 23, 2024, 8:29AM","2"
"Chris Richards","CRY","D","Claim","1-Tim's Team","1","Fri Aug 23, 2024, 7:58AM","2"
"Ruben Dias","MCI","D","Drop","1-Tim's Team","1","Fri Aug 23, 2024, 7:58AM","2"
"João Félix","CHE","F","Claim","1-Diamond Dogs","1","Thu Aug 22, 2024, 9:00PM","2"
"Ryan Yates","NOT","M","Drop","1-Diamond Dogs","1","Thu Aug 22, 2024, 9:00PM","2"
"Georginio Rutter","LEE/BHA","F","Claim","1- Schärholder Value","1","Thu Aug 22, 2024, 9:00PM","2"
"Jaden Philogene-Bidace","AVL/IPS","F","Drop","1- Schärholder Value","1","Thu Aug 22, 2024, 9:00PM","2"
"William Smallbone","SOU","M","Claim","1-Morgan Rodgers Neighborhood","1","Thu Aug 22, 2024, 2:11PM","2"
"Thomas Partey","ARS","M","Drop","1-Morgan Rodgers Neighborhood","1","Thu Aug 22, 2024, 2:11PM","2"
"Sammie Szmodics","IPS","M","Claim","1-Tim's Team","1","Thu Aug 22, 2024, 1:06PM","2"
"Joe Ayodele-Aribo","SOU","M","Drop","1-Tim's Team","1","Thu Aug 22, 2024, 1:06PM","2"
"Joe Ayodele-Aribo","SOU","M","Claim","1-Tim's Team","1","Thu Aug 22, 2024, 11:38AM","2"
"Kyle Walker","MCI","D","Claim","1-The Riesterer Bunny","1","Thu Aug 22, 2024, 11:37AM","2"
"Simon Adingra","BHA","M","Drop","1-The Riesterer Bunny","1","Thu Aug 22, 2024, 11:37AM","2"
"Joe Ayodele-Aribo","SOU","M","Drop","1-Tim's Team","1","Thu Aug 22, 2024, 10:56AM","2"
"Joe Ayodele-Aribo","SOU","M","Claim","1-Tim's Team","1","Thu Aug 22, 2024, 10:13AM","2"
"Sammie Szmodics","IPS","M","Drop","1-Tim's Team","1","Thu Aug 22, 2024, 10:13AM","2"
"Jan-Paul van Hecke","BHA","D","Claim","1-Dirty little Slot","1","Wed Aug 21, 2024, 10:02PM","2"
"Philip Billing","BOU","M","Drop","1-Dirty little Slot","1","Wed Aug 21, 2024, 10:02PM","2"
"Sammie Szmodics","IPS","M","Claim","1-Tim's Team","1","Wed Aug 21, 2024, 9:56PM","2"
"Sepp van den Berg","LIV/BRF","D","Drop","1-Tim's Team","1","Wed Aug 21, 2024, 9:56PM","2"
"Ben Chilwell","CHE/CRY","D","Claim","1-Cruel Summerville","1","Wed Aug 21, 2024, 12:32PM","2"
"Joel Veltman","BHA","D","Drop","1-Cruel Summerville","1","Wed Aug 21, 2024, 12:32PM","2"
"Alex Scott","BOU","M","Claim","1-Dirty little Slot","1","Wed Aug 21, 2024, 12:14PM","2"
"Calvin Bassey","FUL","D","Drop","1-Dirty little Slot","1","Wed Aug 21, 2024, 12:14PM","2"
"Raheem Sterling","CHE/ARS","F","Claim","1-john lim","1","Wed Aug 21, 2024, 11:34AM","2"
"Ben Brereton","SOU","F","Drop","1-john lim","1","Wed Aug 21, 2024, 11:34AM","2"
"James Milner","BHA","M","Claim","1-Tim's Team","1","Wed Aug 21, 2024, 11:29AM","2"
"Mats Wieffer","BHA","M","Drop","1-Tim's Team","1","Wed Aug 21, 2024, 11:29AM","2"
"Sepp van den Berg","LIV/BRF","D","Claim","1-Tim's Team","1","Wed Aug 21, 2024, 10:40AM","2"
"Wilfred Ndidi","LEI","M","Drop","1-Tim's Team","1","Wed Aug 21, 2024, 10:40AM","2"
"Eddie Nketiah","ARS/CRY","F","Claim","1-The Madd Hatters","1","Wed Aug 21, 2024, 6:38AM","2"
"Fabio Carvalho","BRF","M","Drop","1-The Madd Hatters","1","Wed Aug 21, 2024, 6:38AM","2"
"Ruben Dias","MCI","D","Claim","1-Tim's Team","1","Tue Aug 20, 2024, 9:54PM","2"
"Sammie Szmodics","IPS","M","Drop","1-Tim's Team","1","Tue Aug 20, 2024, 9:54PM","2"
"Sammie Szmodics","IPS","M","Claim","1-Tim's Team","1","Tue Aug 20, 2024, 9:51PM","2"
"Danny Welbeck","BHA","F","Claim","1-Tim's Team","1","Tue Aug 20, 2024, 9:48PM","2"
"Wilfred Ndidi","LEI","M","Claim","1-Tim's Team","1","Tue Aug 20, 2024, 9:48PM","2"
"Alex Scott","BOU","M","Drop","1-Tim's Team","1","Tue Aug 20, 2024, 9:33PM","2"
"Harry Winks","LEI","M","Claim","1-Dirty little Slot","1","Tue Aug 20, 2024, 9:23PM","2"
"Bobby De Cordova-Reid","LEI","F","Drop","1-Dirty little Slot","1","Tue Aug 20, 2024, 9:23PM","2"
"Arijanet Muric","IPS","G","Claim","1-Tim's Team","1","Tue Aug 20, 2024, 9:13PM","2"
"Jordan Pickford","EVE","G","Drop","1-Tim's Team","1","Tue Aug 20, 2024, 9:13PM","2"
"Alex Scott","BOU","M","Claim","1-Tim's Team","1","Tue Aug 20, 2024, 9:13PM","2"
"Mark Flekken","BRF","G","Claim","1-The Madd Hatters","1","Tue Aug 20, 2024, 9:09PM","2"
"Christian Walton","IPS","G","Drop","1-The Madd Hatters","1","Tue Aug 20, 2024, 9:09PM","2"
"Yerson Mosquera","WOL","D","Claim","1-The Madd Hatters","1","Tue Aug 20, 2024, 9:09PM","2"
"Micky van de Ven","TOT","D","Claim","1- Schärholder Value","1","Tue Aug 20, 2024, 9:04PM","2"
"Ryan Yates","NOT","M","Claim","1-Diamond Dogs","1","Tue Aug 20, 2024, 9:03PM","2"
"Harvey Barnes","NEW","M","Drop","1-Diamond Dogs","1","Tue Aug 20, 2024, 9:03PM","2"
"Joel Veltman","BHA","D","Claim","1-Cruel Summerville","1","Tue Aug 20, 2024, 9:02PM","2"
"Mateo Kovacic","MCI","M","Claim","1-Diamond Dogs","1","Tue Aug 20, 2024, 9:01PM","2"
"Mason Mount","MUN","M","Drop","1-Diamond Dogs","1","Tue Aug 20, 2024, 9:01PM","2"
"Valentino Livramento","NEW","D","Claim","1- Schärholder Value","1","Tue Aug 20, 2024, 9:01PM","2"
"Simon Adingra","BHA","M","Claim","1-The Riesterer Bunny","1","Tue Aug 20, 2024, 9:01PM","2"
"Danny Welbeck","BHA","F","Drop","1-The Riesterer Bunny","1","Tue Aug 20, 2024, 9:01PM","2"
"Danny Welbeck","BHA","F","Claim","1-The Riesterer Bunny","1","Tue Aug 20, 2024, 9:00PM","2"
"Alex Moreno","AVL/NOT","D","Claim","1-The Riesterer Bunny","1","Tue Aug 20, 2024, 9:00PM","2"
"Dean Huijsen","BOU","D","Claim","1-Morgan Rodgers Neighborhood","3","Tue Aug 20, 2024, 9:00PM","2"
"Victor Kristiansen","LEI","D","Claim","1-Mateta’s Muppets","3","Tue Aug 20, 2024, 9:00PM","2"
"Nathan Collins","BRF","D","Claim","1-Dirty little Slot","2","Tue Aug 20, 2024, 9:00PM","2"
"Thomas Partey","ARS","M","Claim","1-Morgan Rodgers Neighborhood","2","Tue Aug 20, 2024, 9:00PM","2"
"Jacob Greaves","IPS","D","Claim","1-Mateta’s Muppets","2","Tue Aug 20, 2024, 9:00PM","2"
"Jurrien Timber","ARS","D","Claim","1-john lim","1","Tue Aug 20, 2024, 9:00PM","2"
"Evanilson","BOU","F","Claim","1-Dirty little Slot","1","Tue Aug 20, 2024, 9:00PM","2"
"Conor Chaplin","IPS","F","Drop","1-Mateta’s Muppets","1","Tue Aug 20, 2024, 4:19PM","2"
"Marc Guehi","CRY","D","Drop","1-Tim's Team","1","Tue Aug 20, 2024, 1:10PM","2"
"Lewis Cook","BOU","M","Drop","1-Tim's Team","1","Tue Aug 20, 2024, 1:10PM","2"
"Murillo","NOT","D","Drop","1-Tim's Team","1","Tue Aug 20, 2024, 1:10PM","2"
"Oleksandr Zinchenko","ARS","D","Drop","1-The Riesterer Bunny","1","Tue Aug 20, 2024, 12:56PM","2"
"Dango Ouattara","BOU","M","Drop","1-The Riesterer Bunny","1","Tue Aug 20, 2024, 12:08PM","2"
"Jack Hinshelwood","BHA","M","Drop","1-Cruel Summerville","1","Mon Aug 19, 2024, 9:35PM","2"
"Rodrigo Gomes","WOL","F","Drop","1-The Madd Hatters","1","Mon Aug 19, 2024, 8:51PM","2"
"Chris Richards","CRY","D","Drop","1-Morgan Rodgers Neighborhood","1","Mon Aug 19, 2024, 5:05PM","2"
"Milos Kerkez","BOU","D","Drop","1- Schärholder Value","1","Mon Aug 19, 2024, 5:01PM","2"
"James Justin","LEI","D","Claim","1- Schärholder Value","1","Mon Aug 19, 2024, 1:58PM","1"
"Ricardo Pereira","LEI","D","Drop","1- Schärholder Value","1","Mon Aug 19, 2024, 1:58PM","1"
"Facundo Buonanotte","LEI","M","Claim","1 - Law of Averages","1","Mon Aug 19, 2024, 1:56PM","1"
"Timo Werner","TOT","F","Drop","1 - Law of Averages","1","Mon Aug 19, 2024, 1:56PM","1"
"Bobby De Cordova-Reid","LEI","F","Claim","1-Dirty little Slot","1","Mon Aug 19, 2024, 1:53PM","1"
"Stephy Mavididi","LEI","F","Drop","1-Dirty little Slot","1","Mon Aug 19, 2024, 1:53PM","1"
"Adam Armstrong","SOU","F","Drop","1-Dirty little Slot","1","Sun Aug 18, 2024, 1:32PM","2"
"Kyle Walker","MCI","D","Drop","1-john lim","1","Sun Aug 18, 2024, 1:15PM","2"
"William Smallbone","SOU","M","Drop","1-Morgan Rodgers Neighborhood","1","Sun Aug 18, 2024, 11:41AM","2"
"Oliver Skipp","TOT/LEI","M","Claim","1 - Law of Averages","1","Sun Aug 18, 2024, 10:23AM","1"
"Mykhailo Mudryk","CHE","M","Drop","1 - Law of Averages","1","Sun Aug 18, 2024, 10:23AM","1"
"Marc Guehi","CRY","D","Claim","1-Tim's Team","1","Sun Aug 18, 2024, 8:49AM","1"
"Chris Richards","CRY","D","Claim","1-Morgan Rodgers Neighborhood","1","Sun Aug 18, 2024, 7:48AM","1"
"Keane Lewis-Potter","BRF","F","Drop","1-Morgan Rodgers Neighborhood","1","Sun Aug 18, 2024, 7:48AM","1"
"Idrissa Gueye","EVE","M","Drop","1-Dirty little Slot","1","Sat Aug 17, 2024, 6:01PM","2"
"Michail Antonio","WHU","F","Drop","1-Mateta’s Muppets","1","Sat Aug 17, 2024, 1:50PM","2"
"Youri Tielemans","AVL","M","Claim","1-The Madd Hatters","1","Sat Aug 17, 2024, 12:05PM","1"
"Ricardo Pereira","LEI","D","Claim","1- Schärholder Value","1","Sat Aug 17, 2024, 11:34AM","1"
"Michail Antonio","WHU","F","Claim","1-Mateta’s Muppets","1","Sat Aug 17, 2024, 11:32AM","1"
"Tyrone Mings","AVL","D","Drop","1-Mateta’s Muppets","1","Sat Aug 17, 2024, 11:32AM","1"
"Keane Lewis-Potter","BRF","F","Claim","1-Morgan Rodgers Neighborhood","1","Sat Aug 17, 2024, 11:21AM","1"
"Youri Tielemans","AVL","M","Drop","1-Morgan Rodgers Neighborhood","1","Sat Aug 17, 2024, 11:21AM","1"
"Youri Tielemans","AVL","M","Claim","1-Morgan Rodgers Neighborhood","1","Sat Aug 17, 2024, 11:17AM","1"
"Emiliano Buendia","AVL","M","Drop","1-Morgan Rodgers Neighborhood","1","Sat Aug 17, 2024, 11:16AM","1"
"Alex Scott","BOU","M","Drop","1-Tim's Team","1","Sat Aug 17, 2024, 9:28AM","1"
"David Raya","ARS","G","Claim","1 - Law of Averages","1","Sat Aug 17, 2024, 9:16AM","1"
"Emiliano Martinez","AVL","G","Drop","1 - Law of Averages","1","Sat Aug 17, 2024, 9:16AM","1"
"Tim Iroegbunam","EVE","M","Claim","1-john lim","1","Sat Aug 17, 2024, 9:14AM","1"
"Thomas Partey","ARS","M","Drop","1-john lim","1","Sat Aug 17, 2024, 9:14AM","1"
"Thomas Partey","ARS","M","Claim","1-john lim","1","Sat Aug 17, 2024, 9:12AM","1"
"Idrissa Gueye","EVE","M","Claim","1-Dirty little Slot","1","Sat Aug 17, 2024, 9:10AM","1"
"Harry Winks","LEI","M","Drop","1-Dirty little Slot","1","Sat Aug 17, 2024, 9:10AM","1"
"Jurrien Timber","ARS","D","Drop","1-john lim","1","Sat Aug 17, 2024, 9:09AM","1"
"Pablo Sarabia","WOL","M","Drop","1-The Madd Hatters","1","Sat Aug 17, 2024, 9:08AM","1"
"Ben Brereton","SOU","F","Claim","1-john lim","1","Sat Aug 17, 2024, 9:02AM","1"
"Callum Wilson","NEW","F","Drop","1-john lim","1","Sat Aug 17, 2024, 9:02AM","1"
"Dango Ouattara","BOU","M","Claim","1-The Riesterer Bunny","1","Sat Aug 17, 2024, 9:01AM","1"
"Elliot Anderson","NOT","M","Drop","1-The Riesterer Bunny","1","Sat Aug 17, 2024, 9:01AM","1"
"Rico Lewis","MCI","D","Claim","1-The Riesterer Bunny","1","Sat Aug 17, 2024, 8:56AM","1"
"Conor Gallagher","CHE","M","Drop","1-The Riesterer Bunny","1","Sat Aug 17, 2024, 8:56AM","1"
"Adam Armstrong","SOU","F","Claim","1-Dirty little Slot","1","Sat Aug 17, 2024, 8:54AM","1"
"Taylor Harwood-Bellis","SOU","D","Drop","1-Dirty little Slot","1","Sat Aug 17, 2024, 8:54AM","1"
"Abdoulaye Doucoure","EVE","M","Claim","1-Check Complete FC","1","Sat Aug 17, 2024, 8:52AM","1"
"Justin Kluivert","BOU","M","Drop","1- Schärholder Value","1","Sat Aug 17, 2024, 8:49AM","1"
"Alex Scott","BOU","M","Claim","1-Tim's Team","1","Sat Aug 17, 2024, 8:48AM","1"
"Jack Hinshelwood","BHA","M","Claim","1-Cruel Summerville","1","Sat Aug 17, 2024, 8:48AM","1"
"Julio Enciso","BHA/IPS","M","Drop","1-Cruel Summerville","1","Sat Aug 17, 2024, 8:48AM","1"
"Milos Kerkez","BOU","D","Claim","1- Schärholder Value","1","Sat Aug 17, 2024, 8:48AM","1"
"Valentin Barco","BHA","D","Drop","1- Schärholder Value","1","Sat Aug 17, 2024, 8:48AM","1"
"Murillo","NOT","D","Claim","1-Tim's Team","1","Sat Aug 17, 2024, 8:47AM","1"
"Nikola Milenkovic","NOT","D","Drop","1-Tim's Team","1","Sat Aug 17, 2024, 8:47AM","1"
"Christian Walton","IPS","G","Claim","1-The Madd Hatters","1","Sat Aug 17, 2024, 6:59AM","1"
"Arijanet Muric","IPS","G","Drop","1-The Madd Hatters","1","Sat Aug 17, 2024, 6:59AM","1"
"Ryan Gravenberch","LIV","M","Claim","1-Dirty little Slot","1","Sat Aug 17, 2024, 6:31AM","1"
"Emiliano Buendia","AVL","M","Claim","1-Morgan Rodgers Neighborhood","1","Sat Aug 17, 2024, 6:16AM","1"
"Konstantinos Tsimikas","LIV","D","Drop","1-Morgan Rodgers Neighborhood","1","Sat Aug 17, 2024, 6:16AM","1"
"Callum Wilson","NEW","F","Claim","1-john lim","1","Fri Aug 16, 2024, 2:45PM","1"
"William Osula","NEW","F","Drop","1-john lim","1","Fri Aug 16, 2024, 2:45PM","1"
"William Osula","NEW","F","Claim","1-john lim","1","Fri Aug 16, 2024, 2:15PM","1"
"Miguel Almiron","NEW","M","Drop","1-john lim","1","Fri Aug 16, 2024, 2:15PM","1"
"Miguel Almiron","NEW","M","Claim","1-john lim","1","Fri Aug 16, 2024, 2:13PM","1"
"Kenny Tete","FUL","D","Claim","1-john lim","1","Fri Aug 16, 2024, 2:04PM","1"
"Calvin Bassey","FUL","D","Claim","1-Dirty little Slot","1","Fri Aug 16, 2024, 1:52PM","1"
"Jadon Sancho","MUN/CHE","F","Drop","1 - Law of Averages","1","Fri Aug 16, 2024, 1:47PM","1"
"Nikola Milenkovic","NOT","D","Claim","1-Tim's Team","1","Fri Aug 16, 2024, 12:18PM","1"
"Murillo","NOT","D","Drop","1-Tim's Team","1","Fri Aug 16, 2024, 12:18PM","1"
"Willian","FUL","F","Drop","1-Check Complete FC","1","Fri Aug 16, 2024, 10:36AM","1"
"Konstantinos Tsimikas","LIV","D","Claim","1-Morgan Rodgers Neighborhood","1","Fri Aug 16, 2024, 9:41AM","1"
"Micky van de Ven","TOT","D","Drop","1-Morgan Rodgers Neighborhood","1","Fri Aug 16, 2024, 9:37AM","1"
"Neco Williams","NOT","D","Claim","1-Tim's Team","1","Thu Aug 15, 2024, 11:02PM","1"
"Ben Brereton","SOU","F","Drop","1-Tim's Team","1","Thu Aug 15, 2024, 11:02PM","1"
"Alex Scott","BOU","M","Drop","1-Tim's Team","1","Thu Aug 15, 2024, 10:39PM","1"
"Ben Brereton","SOU","F","Claim","1-Tim's Team","1","Thu Aug 15, 2024, 9:52PM","1"
"Emiliano Martinez","AVL","G","Claim","1 - Law of Averages","1","Thu Aug 15, 2024, 9:50PM","1"
"Ben Chilwell","CHE/CRY","D","Drop","1 - Law of Averages","1","Thu Aug 15, 2024, 9:50PM","1"
"Matthijs de Ligt","MUN","D","Claim","1-Morgan Rodgers Neighborhood","2","Thu Aug 15, 2024, 9:00PM","1"
"Harry Amass","MUN","D","Drop","1-Morgan Rodgers Neighborhood","2","Thu Aug 15, 2024, 9:00PM","1"
"Noussair Mazraoui","MUN","D","Claim","1 - Law of Averages","1","Thu Aug 15, 2024, 9:00PM","1"
"Valentino Livramento","NEW","D","Drop","1 - Law of Averages","1","Thu Aug 15, 2024, 9:00PM","1"
"Murillo","NOT","D","Claim","1-Tim's Team","1","Thu Aug 15, 2024, 8:19PM","1"
"Lesley Ugochukwu","CHE/SOU","M","Drop","1-Tim's Team","1","Thu Aug 15, 2024, 8:15PM","1"
"Armando Broja","CHE/EVE","F","Drop","1-Tim's Team","1","Thu Aug 15, 2024, 7:45PM","1"
"Armando Broja","CHE/EVE","F","Claim","1-Tim's Team","1","Thu Aug 15, 2024, 7:41PM","1"
"James Mcatee","MCI","M","Drop","1-Tim's Team","1","Thu Aug 15, 2024, 7:41PM","1"
"Lesley Ugochukwu","CHE/SOU","M","Claim","1-Tim's Team","1","Thu Aug 15, 2024, 7:40PM","1"
"Kalvin Phillips","IPS","M","Drop","1-Tim's Team","1","Thu Aug 15, 2024, 7:40PM","1"
"Kalvin Phillips","IPS","M","Claim","1-Tim's Team","1","Thu Aug 15, 2024, 7:34AM","1"
"Eddie Nketiah","ARS/CRY","F","Drop","1-Tim's Team","1","Thu Aug 15, 2024, 7:34AM","1"
"Mason Mount","MUN","M","Claim","1-Diamond Dogs","1","Wed Aug 14, 2024, 3:02PM","1"
"Wout Faes","LEI","D","Drop","1-Dirty little Slot","1","Wed Aug 14, 2024, 2:39PM","1"
"James Mcatee","MCI","M","Claim","1-Tim's Team","1","Wed Aug 14, 2024, 2:34PM","1"
"Ryan Gravenberch","LIV","M","Drop","1-Tim's Team","1","Wed Aug 14, 2024, 2:34PM","1"
"Mats Wieffer","BHA","M","Claim","1-Tim's Team","1","Wed Aug 14, 2024, 12:53PM","1"
"Chris Richards","CRY","D","Drop","1-Tim's Team","1","Wed Aug 14, 2024, 12:53PM","1"
"Ryan Gravenberch","LIV","M","Claim","1-Tim's Team","1","Tue Aug 13, 2024, 9:34PM","1"
"Simon Adingra","BHA","M","Drop","1-Tim's Team","1","Tue Aug 13, 2024, 9:34PM","1"
"Alex Scott","BOU","M","Claim","1-Tim's Team","1","Tue Aug 13, 2024, 9:16PM","1"
"Jack Harrison","EVE","M","Claim","1 - Law of Averages","1","Tue Aug 13, 2024, 9:10PM","1"
"Neto","BOU/ARS","G","Claim","1-Cruel Summerville","1","Tue Aug 13, 2024, 9:05PM","1"
"Rodrigo Gomes","WOL","F","Claim","1-The Madd Hatters","1","Tue Aug 13, 2024, 9:02PM","1"
"Oleksandr Zinchenko","ARS","D","Claim","1-The Riesterer Bunny","1","Tue Aug 13, 2024, 9:02PM","1"
"Rico Lewis","MCI","D","Drop","1-The Riesterer Bunny","1","Tue Aug 13, 2024, 9:02PM","1"
"Eddie Nketiah","ARS/CRY","F","Claim","1-Tim's Team","1","Tue Aug 13, 2024, 9:02PM","1"
"Conor Gallagher","CHE","M","Claim","1-The Riesterer Bunny","1","Tue Aug 13, 2024, 9:01PM","1"
"Harry Amass","MUN","D","Claim","1-Morgan Rodgers Neighborhood","3","Tue Aug 13, 2024, 9:00PM","1"
"Ben Brereton","SOU","F","Drop","1-Morgan Rodgers Neighborhood","3","Tue Aug 13, 2024, 9:00PM","1"
"Amadou Onana","AVL","M","Claim","1-Morgan Rodgers Neighborhood","1","Tue Aug 13, 2024, 9:00PM","1"
"Enes Unal","BOU","F","Claim","1-Mateta’s Muppets","1","Tue Aug 13, 2024, 9:00PM","1"
"Jesper Lindstrøm","EVE","M","Drop","1-Tim's Team","1","Tue Aug 13, 2024, 8:51PM","1"
"Evan Ferguson","BHA/WHU","F","Drop","1-john lim","1","Mon Aug 12, 2024, 9:00AM","1"
