"ID","Player","Team","Position","RkOv","Status","Opponent","FPts","FP/G","Ros","+/-","GP","GS","Min","G","A","A2","KP","AF","SOT","SOP","TkW","TLM","DIS","FS","YC","RC","ACNC","Int","IntB","CLR","CoS","BS","AER","BR","PKM","PKD","OG","GAO","MCS"
"*04y92*","Bukayo Saka","ARS","M,F","1","j.l.","EVE 1<br/>@ARS 2 F","39","39","100%","0%","1","1","66","2","0","0","3","0","3","0","0","0","0","2","0","0","2","0","0","0","2","0","1","6","0","1","0","0","66"
"*04agz*","Declan Rice","ARS","M","16","W’s","EVE 1<br/>@ARS 2 F","36.23","36.23","100%","0%","1","1","66","1","2","0","4","0","1","0","0","0","1","0","0","0","2","1","0","1","0","1","0","2","0","0","0","0","66"
"*051k8*","Conor Gallagher","CHE","M","17","RyRob","BOU 1<br/>@CHE 2 F","33.75","33.75","50%","+1%","1","1","90","2","0","0","3","0","2","0","0","0","2","3","0","0","1","2","0","0","1","0","0","3","0","0","0","1","0"
"*05r9b*","Martin Odegaard","ARS","M","7","CC FC","EVE 1<br/>@ARS 2 F","31","31","96%","0%","1","1","90","0","2","0","7","0","0","0","0","0","0","1","0","0","0","1","0","0","1","0","0","5","0","0","0","0","90"
"*06f7b*","Vinicius de Souza Costa","SHU","M","116","FA","TOT 3<br/>@SHU 0 F","29.75","29.75","0%","0%","1","1","90","1","0","0","0","1","1","0","4","0","1","1","0","0","0","0","0","7","1","1","8","8","0","0","0","1","0"
"*061vq*","Erling Haaland","MCI","F","13","Slab","WHU 1<br/>@MCI 3 F","28.5","28.5","100%","0%","1","1","90","2","0","0","2","0","2","0","0","0","1","1","0","0","0","0","0","0","2","0","1","0","0","0","0","0","90"
"*063e7*","Marcos Senesi","BOU","D","75","W’s","BOU 1<br/>@CHE 2 F","27.5","27.5","91%","0%","1","1","90","1","0","0","3","0","1","0","1","0","0","2","0","0","1","1","0","4","2","0","3","12","0","0","0","3","0"
"*05ohc*","Sergio Reguilon","TOT/MUN/BRF","D","155","thomas","NEW 4<br/>@BRF 2 F","27.25","27.25","0%","0%","1","1","90","0","1","0","2","0","0","0","4","0","0","1","0","0","1","1","0","5","0","0","0","5","0","0","0","0","90"
"*0558w*","William Saliba","ARS","D","54","CC FC","EVE 1<br/>@ARS 2 F","26.75","26.75","99%","0%","1","1","90","1","0","0","1","0","1","0","0","0","0","0","0","0","1","1","0","3","0","1","2","3","0","0","0","0","90"
"*05ylj*","Bruno Guimaraes","NEW","M","5","Noah B","NEW 4<br/>@BRF 2 F","26.75","26.75","100%","0%","1","1","90","2","0","0","0","0","2","0","0","0","3","3","0","0","0","0","0","0","1","1","0","11","0","0","0","2","0"
"*03rzp*","Antonee Robinson","FUL","D","19","CmBk","FUL 4<br/>@LUT 2 F","25.75","25.75","72%","+7%","1","1","90","0","0","0","1","0","1","0","3","0","0","0","0","0","0","5","1","7","1","1","6","5","0","0","0","1","0"
"*061vn*","Rodrigo Muniz","FUL","F","156","CmBk","FUL 4<br/>@LUT 2 F","24.75","24.75","31%","+9%","1","1","74","2","0","0","0","0","2","0","0","0","3","1","0","0","0","0","0","2","0","0","6","3","0","0","0","1","0"
"*05nzu*","Gabriel Magalhaes","ARS","D","46","RDN","EVE 1<br/>@ARS 2 F","24.5","24.5","100%","0%","1","1","90","1","0","0","0","0","2","0","0","0","0","0","0","0","0","0","0","4","0","2","1","2","0","0","0","0","90"
"*06clz*","Malo Gusto","CHE","D","147","FA","BOU 1<br/>@CHE 2 F","24.5","24.5","49%","-3%","1","1","83","0","1","0","2","0","0","0","3","0","1","2","0","0","3","1","0","1","2","0","1","7","0","0","0","1","0"
"*05yld*","Luis Diaz","LIV","F","28","CC FC","WOL 0<br/>@LIV 2 F","24.25","24.25","5%","0%","1","1","81","1","0","0","1","0","4","0","1","0","1","2","0","0","0","0","0","1","2","0","2","2","0","0","0","1","0"
"*05gcr*","Bruno Fernandes","MUN","M","2","RyRob","MUN 2<br/>@BHA 0 F","24","24","100%","0%","1","1","90","0","0","0","8","0","0","0","1","0","1","1","0","0","0","2","1","1","0","2","0","5","0","0","0","1","0"
"*04qfz*","Diogo Dalot","MUN","D","44","Slab","MUN 2<br/>@BHA 0 F","23.75","23.75","83%","-2%","1","1","90","0","1","0","2","0","0","0","2","0","0","0","0","0","2","2","1","5","0","2","1","3","0","0","0","1","0"
"*06c6a*","Alfie Doughty","LUT","M","20","thomas","FUL 4<br/>@LUT 2 F","23.75","23.75","0%","0%","1","1","86","0","0","0","9","0","0","0","0","0","0","1","0","0","3","0","0","0","1","0","0","5","0","0","0","3","0"
"*05u1m*","Nathan Collins","BRF","D","103","W’s","NEW 4<br/>@BRF 2 F","23.25","23.25","82%","+1%","1","1","90","0","0","0","3","0","0","0","1","0","0","1","0","0","0","4","0","7","0","0","2","3","0","0","0","0","90"
"*03gu4*","Harry Maguire","MUN","D","149","FA","MUN 2<br/>@BHA 0 F","23.25","23.25","43%","+3%","1","1","90","0","1","0","1","0","0","0","3","0","0","0","0","0","0","0","0","5","0","1","7","5","0","0","0","1","0"
"*04spp*","Douglas Luiz","AVL","M","33","W’s","AVL 0<br/>@CRY 5 F","22.25","22.25","11%","-1%","1","1","90","1","0","0","1","0","2","0","2","0","2","0","0","0","0","1","0","1","2","0","2","5","0","0","0","2","0"
"*04qr8*","Diogo Jota","LIV","F","133","CC FC","WOL 0<br/>@LIV 2 F","22","22","0%","0%","1","1","90","1","0","0","1","0","3","0","1","0","0","2","0","0","0","1","0","0","0","0","0","6","0","0","0","1","0"
"*05tr8*","Christian Norgaard","BRF","M","83","CmBk","NEW 4<br/>@BRF 2 F","21.93","21.93","7%","0%","1","1","84","1","0","0","1","0","1","0","2","0","0","1","0","0","0","2","0","1","0","0","2","5","0","0","0","0","84"
"*04fk1*","Pascal Gross","BHA","M","6","MID","MUN 2<br/>@BHA 0 F","21.75","21.75","74%","0%","1","1","90","1","0","0","0","0","1","0","2","0","2","0","0","0","0","2","1","3","1","2","0","9","0","0","0","2","0"
"*05l8q*","Cole Palmer","MCI/CHE","M","3","Noah B","BOU 1<br/>@CHE 2 F","21.5","21.5","100%","0%","1","1","90","0","2","0","3","0","1","0","0","0","2","0","0","0","0","0","0","0","1","0","1","4","0","0","0","1","0"
"*04mi4*","Callum Hudson-Odoi","CHE/NOT","F","109","thomas","NOT 2<br/>@BUR 1 F","21","21","51%","-2%","1","1","90","1","0","0","2","0","1","0","0","0","3","3","0","0","0","0","0","0","4","0","0","8","0","0","0","3","0"
"*037mo*","Willian","FUL","F","125","FA","FUL 4<br/>@LUT 2 F","20.75","20.75","0%","0%","1","1","84","0","1","1","2","0","2","0","0","0","0","0","0","0","2","0","0","1","2","0","1","1","0","0","0","1","0"
"*061x2*","Darwin Nunez","LIV","F","60","FA","WOL 0<br/>@LIV 2 F","20","20","2%","0%","1","1","90","1","0","0","3","0","2","0","0","0","2","1","1","0","0","1","0","0","0","0","3","3","0","0","0","1","0"
"*02y6o*","Nathan Ake","MCI","D","151","FA","WHU 1<br/>@MCI 3 F","19.5","19.5","24%","+1%","1","1","90","0","1","0","1","0","0","0","1","0","1","0","0","0","0","0","0","0","0","0","3","3","0","0","0","0","90"
"*04gpx*","Dara O'Shea","BUR","D","87","Laeka B","NOT 2<br/>@BUR 1 F","19.25","19.25","0%","0%","1","1","90","1","0","0","1","0","1","0","0","0","0","0","1","0","0","0","0","6","0","2","6","7","0","0","0","3","0"
"*04rd0*","Bobby De Cordova-Reid","FUL","F","224","FA","FUL 4<br/>@LUT 2 F","19","19","0%","0%","1","1","63","1","1","0","1","0","1","0","0","0","0","0","0","0","0","0","0","1","0","0","0","0","0","0","0","1","0"
"*04e1e*","Ben White","ARS","D","30","CC FC","EVE 1<br/>@ARS 2 F","18.57","18.57","70%","-1%","1","1","76","0","1","0","1","0","0","0","2","0","0","2","0","0","0","0","0","0","0","0","0","4","0","0","0","0","76"
"*04tig*","Fabian Schar","NEW","D","62","CmBk","NEW 4<br/>@BRF 2 F","18.25","18.25","28%","0%","1","1","90","1","0","0","1","0","2","0","0","0","1","1","0","0","0","0","0","4","0","1","2","1","0","0","0","2","0"
"*068ym*","Enzo Fernandez","CHE","M","127","Slab","BOU 1<br/>@CHE 2 F","17.5","17.5","100%","0%","1","1","90","1","0","0","0","0","1","0","1","0","1","1","0","0","0","1","0","1","1","0","2","7","0","0","0","1","0"
"*0520r*","Leandro Trossard","ARS","M","106","j.l.","EVE 1<br/>@ARS 2 F","17.23","17.23","91%","+3%","1","1","66","1","0","0","0","0","2","0","2","0","7","1","0","0","0","0","0","0","3","0","1","2","0","0","0","0","66"
"*06jgs*","Adam Wharton","CRY","M","234","MID","AVL 0<br/>@CRY 5 F","17","17","75%","-1%","1","1","90","0","0","0","2","0","0","0","6","0","1","1","0","0","0","3","0","2","0","0","1","3","0","0","0","3","0"
"*068yi*","Illia Zabarnyi","BOU","D","119","FA","BOU 1<br/>@CHE 2 F","17","17","2%","0%","1","1","90","0","0","0","1","0","0","0","3","0","0","0","0","0","0","2","1","6","0","0","10","2","0","0","0","3","0"
"*03srg*","Trent Alexander-Arnold","LIV","D","36","W’s","WOL 0<br/>@LIV 2 F","17","17","0%","0%","1","1","45","0","1","0","2","0","0","0","1","0","0","0","0","0","1","1","0","0","1","0","1","2","0","0","0","1","0"
"*05tr1*","Ethan Pinnock","BRF","D","81","RyRob","NEW 4<br/>@BRF 2 F","16.75","16.75","3%","0%","1","1","90","0","0","0","0","0","0","0","1","0","0","2","0","0","0","0","0","7","0","1","5","3","0","0","0","0","90"
"*03gu5*","Andrew Robertson","LIV","D","89","j.l.","WOL 0<br/>@LIV 2 F","16.75","16.75","22%","-8%","1","1","88","0","0","0","5","0","0","0","1","0","0","2","0","0","4","0","0","2","0","0","0","0","0","0","0","1","0"
"*06fy7*","Nicolas Dominguez","NOT","M","223","FA","NOT 2<br/>@BUR 1 F","16.75","16.75","2%","0%","1","1","77","0","1","0","2","0","0","0","2","0","0","0","0","0","0","0","0","1","1","0","1","10","0","0","0","3","0"
"*05os4*","Rayan Ait-Nouri","WOL","D","124","thomas","WOL 0<br/>@LIV 2 F","16.5","16.5","79%","-4%","1","1","90","0","0","0","3","0","0","0","2","0","0","2","0","0","1","0","0","2","6","0","0","6","0","0","0","2","0"
"*03v6w*","Ivan Toney","BRF","F","213","CmBk","NEW 4<br/>@BRF 2 F","16.5","16.5","0%","0%","1","1","90","1","0","0","0","0","2","0","0","0","3","2","0","0","1","0","0","0","0","0","4","4","0","0","0","0","90"
"*05ogb*","Anthony Elanga","NOT","F","91","thomas","NOT 2<br/>@BUR 1 F","16.25","16.25","36%","-1%","1","1","90","1","0","0","0","0","2","0","1","0","0","0","0","0","0","0","0","0","1","0","1","2","0","0","0","3","0"
"*062a9*","Sven Botman","NEW","D","282","FA","NEW 4<br/>@BRF 2 F","15.75","15.75","49%","+5%","1","1","90","0","1","0","1","0","0","0","0","1","1","0","1","0","0","0","0","6","0","2","6","4","0","0","0","2","0"
"*03dx3*","Kieran Trippier","NEW","D","37","FA","NEW 4<br/>@BRF 2 F","15.75","15.75","36%","+2%","1","1","90","0","1","0","1","0","0","0","1","0","0","0","0","0","3","1","0","2","0","0","1","7","0","0","0","2","0"
"*04f6o*","Will Hughes","CRY","M","217","FA","AVL 0<br/>@CRY 5 F","15.5","15.5","2%","0%","1","1","78","0","0","0","4","0","0","0","3","0","0","2","0","0","1","0","0","1","0","1","0","2","0","0","0","1","0"
"*04qr9*","Morgan Gibbs-White","NOT","M","15","RDN","NOT 2<br/>@BUR 1 F","15.25","15.25","99%","0%","1","1","90","0","1","0","2","0","0","0","1","0","1","0","1","0","1","0","0","0","1","0","4","10","0","0","0","3","0"
"*061ya*","Brennan Johnson","NOT/TOT","F","69","Slab","TOT 3<br/>@SHU 0 F","15","15","54%","-1%","1","0","27","1","0","0","0","0","2","0","0","0","0","2","0","0","0","0","0","0","0","0","1","2","0","0","0","0","0"
"*068a7*","Pablo Sarabia","WOL","M","104","FA","WOL 0<br/>@LIV 2 F","15","15","0%","0%","1","1","90","0","0","0","3","0","1","0","2","0","1","3","0","0","1","0","0","0","1","0","1","4","0","0","0","2","0"
"*068sd*","Jakub Kiwior","ARS","D","275","FA","EVE 1<br/>@ARS 2 F","14.75","14.75","1%","0%","1","1","90","0","0","0","1","0","0","0","2","0","1","0","0","0","1","1","0","5","0","0","1","1","0","0","0","0","90"
"*03dx7*","Ben Mee","BRF","D","290","FA","NEW 4<br/>@BRF 2 F","14.75","14.75","0%","0%","1","1","90","0","0","0","0","0","0","0","1","0","1","0","0","0","0","2","0","3","0","2","2","3","0","0","0","0","90"
"*056iy*","Pedro Neto","WOL","F","131","MID","WOL 0<br/>@LIV 2 F","14","14","95%","-2%","1","1","90","0","0","0","3","0","2","0","0","0","2","1","0","0","0","0","0","0","3","0","0","6","0","0","0","2","0"
"*03fgo*","Dominic Solanke","BOU","F","25","CC FC","BOU 1<br/>@CHE 2 F","14","14","62%","-4%","1","1","90","0","1","0","2","0","0","0","1","0","0","0","1","0","0","0","0","0","2","0","4","3","0","0","0","3","0"
"*05gcs*","Sander Berge","BUR","M","110","FA","NOT 2<br/>@BUR 1 F","14","14","14%","0%","1","1","90","0","0","0","1","0","0","0","2","0","0","0","0","0","0","2","0","10","1","1","3","4","0","0","0","3","0"
"*04xjr*","Harvey Elliott","LIV","M","130","BBFC","WOL 0<br/>@LIV 2 F","14","14","8%","0%","1","0","45","0","1","0","1","1","0","0","1","0","0","0","0","0","0","0","0","0","0","0","0","3","0","0","0","0","0"
"*04io4*","Richarlison","TOT","F","145","RyRob","TOT 3<br/>@SHU 0 F","13.5","13.5","80%","+1%","1","1","90","0","0","1","2","0","1","0","0","0","0","2","0","0","0","0","0","2","3","0","2","2","0","0","0","1","0"
"*02lpf*","Ross Barkley","CHE/LUT","M","38","RDN","FUL 4<br/>@LUT 2 F","13.5","13.5","11%","-2%","1","1","90","0","0","0","3","0","0","0","0","0","3","2","0","0","0","1","0","3","2","0","7","2","0","0","0","3","0"
"*06exb*","Rasmus Hojlund","MUN","F","143","CmBk","MUN 2<br/>@BHA 0 F","13.5","13.5","4%","0%","1","1","88","1","0","0","0","0","1","0","0","0","0","0","0","0","0","1","0","0","0","0","2","1","0","0","0","1","0"
"*04qos*","Issa Diop","FUL","D","305","FA","FUL 4<br/>@LUT 2 F","13.5","13.5","2%","+1%","1","1","90","0","0","0","0","0","0","0","2","0","1","0","0","0","0","1","0","6","1","3","4","3","0","0","0","1","0"
"*05omu*","Ruben Dias","MCI","D","148","RyRob","WHU 1<br/>@MCI 3 F","13.25","13.25","73%","0%","1","1","90","0","0","0","0","0","0","0","0","0","0","2","0","0","0","1","0","1","0","0","3","7","0","0","0","0","90"
"*0639x*","Marcus Tavernier","BOU","M","84","j.l.","BOU 1<br/>@CHE 2 F","13.25","13.25","98%","0%","1","1","68","0","0","1","3","0","1","0","1","0","1","1","0","0","0","0","0","0","0","0","3","2","0","0","0","3","0"
"*05o4b*","Matty Cash","AVL","D","190","FA","AVL 0<br/>@CRY 5 F","13.25","13.25","80%","-1%","1","1","90","0","0","0","2","0","1","0","0","0","1","1","1","0","2","2","1","3","1","2","0","9","0","0","0","2","0"
"*05o6h*","Kai Havertz","ARS","F","26","j.l.","EVE 1<br/>@ARS 2 F","13","13","76%","-1%","1","1","90","0","0","0","3","0","1","0","0","0","1","2","0","0","0","1","0","1","0","0","6","1","0","0","0","0","90"
"*06ezb*","Micky van de Ven","TOT","D","178","thomas","TOT 3<br/>@SHU 0 F","13","13","71%","-2%","1","1","90","0","0","0","1","0","0","0","1","0","0","0","0","0","0","2","0","3","0","1","3","10","0","0","0","1","0"
"*04tzt*","Jefferson Lerma","CRY","M","123","BBFC","AVL 0<br/>@CRY 5 F","13","13","22%","-4%","1","1","90","1","0","0","0","0","1","0","0","0","1","0","1","0","0","0","0","3","0","0","3","9","0","0","0","3","0"
"*0687b*","Alex Moreno","AVL","D","301","FA","AVL 0<br/>@CRY 5 F","13","13","0%","0%","1","1","86","0","0","0","3","0","0","0","1","0","0","0","0","0","0","2","0","3","3","1","0","2","0","0","0","2","0"
"*0524k*","Rodri","MCI","M","14","j.l.","WHU 1<br/>@MCI 3 F","13","13","76%","-2%","1","1","90","0","0","0","2","0","0","0","1","0","1","0","0","0","0","2","0","1","0","1","3","8","0","0","0","0","90"
"*02yl5*","John Stones","MCI","D","329","FA","WHU 1<br/>@MCI 3 F","12.75","12.75","4%","0%","1","1","90","0","0","0","1","0","0","0","0","0","0","0","0","0","0","2","0","2","0","0","1","3","0","0","0","0","90"
"*06fup*","Jeremy Doku","MCI","F","59","Laeka B","WHU 1<br/>@MCI 3 F","12.75","12.75","99%","0%","1","1","86","0","0","0","2","0","0","0","1","0","2","1","0","0","1","0","0","0","5","0","0","8","0","0","0","0","86"
"*05uns*","Leon Bailey","AVL","M,F","41","RDN","AVL 0<br/>@CRY 5 F","12.75","12.75","2%","0%","1","1","72","0","0","0","2","1","0","0","0","0","1","1","0","0","0","0","0","0","3","0","1","5","0","0","0","1","0"
"*05o8n*","Max Lowe","SHU","D","415","FA","TOT 3<br/>@SHU 0 F","12.75","12.75","0%","0%","1","0","84","0","1","0","1","0","0","0","1","0","0","0","0","0","0","0","0","2","0","1","1","0","0","0","0","1","0"
"*0414p*","Carlton Morris","LUT","F","64","j.l.","FUL 4<br/>@LUT 2 F","12.75","12.75","0%","0%","1","1","86","1","0","0","0","0","2","0","0","0","2","2","1","0","0","0","0","0","1","0","1","1","0","0","0","3","0"
"*05o8o*","Jayden Bogle","SHU","D","191","W’s","TOT 3<br/>@SHU 0 F","12.5","12.5","32%","-8%","1","1","90","0","0","0","0","0","0","0","1","0","0","1","0","0","0","2","0","8","0","1","4","5","0","0","0","1","0"
"*05w7t*","Pape Sarr","TOT","M","139","CC FC","TOT 3<br/>@SHU 0 F","12.5","12.5","16%","0%","1","1","79","1","0","0","0","0","1","0","0","0","0","1","1","0","0","1","0","0","0","0","0","7","0","0","0","1","0"
"*03vlj*","Virgil van Dijk","LIV","D","29","CC FC","WOL 0<br/>@LIV 2 F","12.25","12.25","100%","0%","1","1","90","0","0","0","1","0","1","0","0","0","0","0","0","0","0","0","0","4","0","0","6","5","0","0","0","1","0"
"*05rb8*","Moises Caicedo","BHA/CHE","M","97","CmBk","BOU 1<br/>@CHE 2 F","12.25","12.25","80%","0%","1","1","90","0","0","0","2","0","0","0","3","0","2","2","0","0","0","1","0","0","0","1","0","9","0","0","0","1","0"
"*04civ*","Scott McTominay","MUN","M","142","Laeka B","MUN 2<br/>@BHA 0 F","12.25","12.25","0%","0%","1","0","16","1","0","0","0","0","1","0","0","0","0","0","0","0","0","0","0","0","0","0","2","1","0","0","0","0","0"
"*05tr5*","Mads Roerslev","BRF","D","207","FA","NEW 4<br/>@BRF 2 F","12","12","0%","0%","1","1","90","0","0","0","1","0","0","0","0","0","2","0","0","0","1","1","0","5","1","0","0","2","0","0","0","0","90"
"*02lnx*","Danny Welbeck","BHA","F","211","FA","MUN 2<br/>@BHA 0 F","12","12","89%","+1%","1","1","82","0","0","0","0","1","1","0","0","0","1","2","0","0","0","0","0","2","2","0","1","4","0","1","0","1","0"
"*02lsa*","Dan Burn","NEW","D","67","CmBk","NEW 4<br/>@BRF 2 F","12","12","75%","+1%","1","1","90","0","0","0","0","0","0","0","2","0","0","0","0","0","0","2","1","13","0","0","4","4","0","0","0","2","0"
"*06c5y*","Amari'i Bell","LUT","D","266","FA","FUL 4<br/>@LUT 2 F","12","12","0%","0%","1","1","90","0","0","0","0","0","0","0","7","0","0","0","0","0","0","2","0","4","0","0","2","7","0","0","0","3","0"
"*052h5*","Gabriel Martinelli","ARS","M","70","MID","EVE 1<br/>@ARS 2 F","11.84","11.84","45%","0%","1","1","76","0","0","0","3","0","0","0","0","0","1","3","0","0","0","0","0","0","2","0","0","8","0","0","0","0","76"
"*062ci*","Kaoru Mitoma","BHA","M","174","FA","MUN 2<br/>@BHA 0 F","11.75","11.75","91%","-1%","1","1","90","0","0","0","1","0","1","0","1","0","1","2","0","0","0","1","1","6","2","0","0","2","0","0","0","2","0"
"*051k0*","John McGinn","AVL","M","51","thomas","AVL 0<br/>@CRY 5 F","11.75","11.75","69%","0%","1","1","86","0","0","0","3","0","2","0","2","0","5","2","0","0","0","0","0","0","0","0","0","3","0","0","0","2","0"
"*04o82*","Curtis Jones","LIV","M","335","FA","WOL 0<br/>@LIV 2 F","11.75","11.75","19%","0%","1","1","90","0","0","0","3","0","0","0","2","0","1","1","0","0","0","0","0","1","1","0","1","6","0","0","0","1","0"
"*05uhs*","James Mcatee","MCI/SHU","M","169","CmBk","TOT 3<br/>@SHU 0 F","11.75","11.75","3%","-1%","1","1","80","1","0","0","0","0","1","0","1","0","5","0","0","0","0","0","0","1","1","0","0","3","0","0","0","1","0"
"*058vb*","Cameron Archer","AVL/SHU","F","233","FA","TOT 3<br/>@SHU 0 F","11.75","11.75","0%","0%","1","1","80","1","0","0","0","0","1","0","0","0","2","0","0","0","0","0","0","2","1","0","0","3","0","0","0","1","0"
"*02m6x*","Tim Ream","FUL","D","309","FA","FUL 4<br/>@LUT 2 F","11.75","11.75","0%","0%","1","1","90","0","0","0","0","0","0","0","0","0","0","0","0","0","0","1","0","9","1","4","2","5","0","0","0","1","0"
"*05gcx*","Josh Brownhill","BUR","M","107","W’s","NOT 2<br/>@BUR 1 F","11.5","11.5","2%","0%","1","1","90","0","1","0","1","0","0","0","1","0","1","0","1","0","0","0","0","1","0","3","2","2","0","0","0","3","0"
"*06dn2*","Zeki Amdouni","BUR","F","177","CmBk","NOT 2<br/>@BUR 1 F","11.5","11.5","0%","0%","1","1","85","0","0","0","2","0","2","0","0","0","3","1","0","0","0","0","0","1","4","0","0","2","0","0","0","3","0"
"*05y7i*","Jarell Quansah","LIV","D","237","W’s","WOL 0<br/>@LIV 2 F","11.5","11.5","0%","0%","1","1","90","0","0","0","0","0","0","0","2","0","0","0","1","0","0","0","0","5","0","0","8","7","0","0","0","1","0"
"*062dt*","Joao Palhinha","FUL","M","68","BBFC","FUL 4<br/>@LUT 2 F","11.25","11.25","42%","0%","1","1","90","0","0","0","0","0","0","0","3","0","1","3","0","0","0","1","0","2","0","2","1","9","0","0","0","1","0"
"*061ve*","Ryan Christie","BOU","M","31","Noah B","BOU 1<br/>@CHE 2 F","11.25","11.25","15%","-1%","1","1","90","0","0","0","1","0","0","0","0","0","1","1","0","0","1","3","0","0","0","0","3","12","0","0","0","3","0"
"*05tre*","Vitaly Janelt","BRF","M","77","CC FC","NEW 4<br/>@BRF 2 F","11.18","11.18","10%","+1%","1","1","84","0","1","0","1","0","0","0","0","0","1","1","1","0","0","1","0","2","0","1","1","4","0","0","0","0","84"
"*05oh0*","Jan-Paul van Hecke","BHA","D","146","FA","MUN 2<br/>@BHA 0 F","11","11","85%","0%","1","1","90","0","0","0","0","0","0","0","3","0","0","1","0","0","0","4","0","2","0","2","0","5","0","0","0","2","0"
"*0328q*","Tom Cairney","FUL","M","188","FA","FUL 4<br/>@LUT 2 F","11","11","1%","0%","1","1","62","0","0","0","2","0","0","0","2","0","1","2","0","0","0","0","0","0","1","1","1","6","0","0","0","1","0"
"*055c0*","Ben Osborn","SHU","M","334","FA","TOT 3<br/>@SHU 0 F","10.75","10.75","0%","0%","1","1","90","0","1","0","1","0","0","0","1","0","0","1","0","0","0","0","0","0","0","0","0","4","0","0","0","1","0"
"*02oox*","Kevin De Bruyne","MCI","M","96","Noah B","WHU 1<br/>@MCI 3 F","10.61","10.61","0%","0%","1","0","32","0","1","0","1","0","0","0","1","0","0","0","0","0","0","0","0","0","0","0","0","4","0","0","0","0","32"
"*05ojg*","Nelson Semedo","WOL","D","122","MID","WOL 0<br/>@LIV 2 F","10.5","10.5","1%","0%","1","1","82","0","0","0","2","0","0","0","1","0","1","0","0","0","1","1","1","2","3","0","0","5","0","0","0","2","0"
"*04ug0*","Sean Longstaff","NEW","M","134","BBFC","NEW 4<br/>@BRF 2 F","10.25","10.25","12%","0%","1","1","90","0","0","0","1","0","1","0","1","0","1","0","0","0","0","2","0","2","1","0","1","4","0","0","0","2","0"
"*06exa*","Matheus Franca","CRY","F","422","FA","AVL 0<br/>@CRY 5 F","10.25","10.25","0%","0%","1","1","83","0","0","0","1","0","1","0","3","0","2","0","0","0","0","1","0","1","0","0","0","9","0","0","0","1","0"
"*0666p*","Kobbie Mainoo","MUN","M","181","Slab","MUN 2<br/>@BHA 0 F","10","10","50%","+2%","1","1","88","0","0","0","4","0","0","0","1","0","1","1","1","0","0","1","0","0","0","0","0","6","0","0","0","1","0"
"*05n07*","Pedro Porro","TOT","D","22","thomas","TOT 3<br/>@SHU 0 F","9.75","9.75","99%","0%","1","1","90","0","0","0","0","0","0","0","2","0","1","0","0","0","0","2","0","4","0","0","2","9","0","0","0","1","0"
"*04yey*","Max Kilman","WOL","D","82","CC FC","WOL 0<br/>@LIV 2 F","9.75","9.75","19%","0%","1","1","90","0","0","0","1","0","0","0","0","0","0","0","0","0","0","3","0","3","1","0","4","1","0","0","0","2","0"
"*03v9d*","Son Heung-Min","TOT","F","12","MID","TOT 3<br/>@SHU 0 F","9.75","9.75","10%","0%","1","0","27","0","1","0","2","0","0","0","0","0","1","0","0","0","0","0","0","0","0","0","0","1","0","0","0","0","0"
"*05a6d*","Tariq Lamptey","BHA","D","339","FA","MUN 2<br/>@BHA 0 F","9.75","9.75","0%","0%","1","1","88","0","0","0","0","0","0","0","2","0","0","2","0","0","2","1","1","1","0","0","1","4","0","0","0","1","0"
"*0642l*","Casemiro","MUN","M","126","CmBk","MUN 2<br/>@BHA 0 F","9.5","9.5","82%","0%","1","1","90","0","0","0","1","0","0","0","4","0","2","3","1","0","0","0","0","3","0","1","1","7","0","0","0","1","0"
"*04p0d*","Dwight McNeil","EVE","M","32","RDN","EVE 1<br/>@ARS 2 F","9.5","9.5","40%","-5%","1","1","87","0","0","0","1","0","0","0","1","0","1","0","0","0","2","0","0","1","1","2","0","6","0","0","0","2","0"
"*05mxc*","Timo Werner","CHE/TOT","F","311","FA","TOT 3<br/>@SHU 0 F","9.5","9.5","0%","0%","1","1","61","0","0","0","1","0","0","0","0","0","0","1","0","0","1","2","0","0","3","0","0","2","0","0","0","1","0"
"*061va*","Boubacar Kamara","AVL","M","247","FA","AVL 0<br/>@CRY 5 F","9.25","9.25","7%","0%","1","1","64","0","0","0","0","0","0","0","1","0","0","0","0","0","0","2","0","1","3","1","0","5","0","0","0","1","0"
"*06fso*","Wataru Endo","LIV","M","254","FA","WOL 0<br/>@LIV 2 F","9.25","9.25","1%","0%","1","1","88","0","0","0","2","0","0","0","2","0","1","3","1","0","0","0","0","1","0","1","2","6","0","0","0","1","0"
"*02lkj*","Jack Robinson","SHU","D","214","FA","TOT 3<br/>@SHU 0 F","9.25","9.25","0%","0%","1","1","90","0","0","0","0","0","0","0","3","0","0","1","0","0","0","0","0","4","0","1","2","4","0","0","0","1","0"
"*05up6*","Raphael Varane","MUN","D","289","FA","MUN 2<br/>@BHA 0 F","9.25","9.25","0%","0%","1","1","90","0","0","0","0","0","0","0","2","0","0","1","0","0","0","0","0","7","0","2","2","2","0","0","0","1","0"
"*05ylx*","Dejan Kulusevski","TOT","M","34","j.l.","TOT 3<br/>@SHU 0 F","9","9","30%","0%","1","1","62","0","0","0","1","0","1","0","0","0","0","1","0","0","1","0","0","0","3","0","0","2","0","0","0","1","0"
"*03rxa*","Idrissa Gueye","EVE","M","158","FA","EVE 1<br/>@ARS 2 F","9","9","19%","-4%","1","1","88","0","0","0","1","0","0","0","5","0","0","1","1","0","0","1","0","0","0","0","0","4","0","0","0","2","0"
"*062cn*","Julian Alvarez","MCI","F","27","Noah B","WHU 1<br/>@MCI 3 F","8.75","8.75","0%","0%","1","1","76","0","0","0","3","0","0","0","1","0","1","1","0","0","0","0","0","0","1","0","0","2","0","0","0","0","76"
"*056mf*","Neal Maupay","EVE/BRF","F","229","FA","NEW 4<br/>@BRF 2 F","8.75","8.75","0%","0%","1","1","75","0","0","0","0","0","3","0","0","0","2","1","0","0","0","0","0","0","1","0","2","5","0","0","0","0","75"
"*0427d*","James Tarkowski","EVE","D","10","BBFC","EVE 1<br/>@ARS 2 F","8.5","8.5","99%","0%","1","1","90","0","0","0","0","0","0","0","1","0","0","1","0","0","0","1","0","8","1","2","2","2","0","0","0","2","0"
"*060wh*","Alejandro Garnacho","MUN","M","53","MID","MUN 2<br/>@BHA 0 F","8.5","8.5","28%","-1%","1","1","90","0","0","0","0","0","2","0","0","0","1","1","0","0","0","1","0","0","2","0","0","5","0","0","0","1","0"
"*043qy*","Lewis Cook","BOU","M","56","RDN","BOU 1<br/>@CHE 2 F","8.5","8.5","12%","0%","1","1","90","0","0","0","1","0","0","0","1","0","0","1","0","0","1","1","0","1","0","0","0","9","0","0","0","3","0"
"*06jgi*","Daniel Munoz","CRY","D","180","thomas","AVL 0<br/>@CRY 5 F","8.25","8.25","99%","0%","1","1","90","0","0","0","2","0","0","0","3","0","0","0","1","0","0","1","0","5","0","1","2","4","0","0","0","3","0"
"*06f8y*","Alex Scott","BOU","M","257","FA","BOU 1<br/>@CHE 2 F","8.25","8.25","71%","-1%","1","1","62","0","0","0","2","0","1","0","0","0","0","1","0","0","0","0","0","0","0","0","2","3","0","0","0","3","0"
"*06cm4*","Chiedozie Ogbene","LUT","F","108","Laeka B","FUL 4<br/>@LUT 2 F","8.25","8.25","0%","0%","1","1","90","0","0","0","2","0","0","0","0","0","1","1","0","0","0","0","0","1","1","0","4","5","0","0","0","3","0"
"*05ocl*","Ollie Watkins","AVL","F","9","Laeka B","AVL 0<br/>@CRY 5 F","8","8","99%","0%","1","1","90","0","0","0","1","0","3","0","0","0","3","1","0","0","0","0","0","1","1","0","0","0","0","0","0","2","0"
"*04yo7*","Youri Tielemans","AVL","M","197","RyRob","AVL 0<br/>@CRY 5 F","8","8","85%","-3%","1","0","16","0","0","0","1","0","0","0","2","0","0","0","0","0","0","1","0","0","1","0","1","3","0","0","0","1","0"
"*0414o*","James Maddison","TOT","M","45","MID","TOT 3<br/>@SHU 0 F","8","8","42%","+6%","1","1","90","0","0","0","3","0","1","0","0","0","4","4","1","0","0","1","0","0","0","0","0","3","0","0","0","1","0"
"*05ue3*","Albert Sambi Lokonga","ARS/LUT","M","274","FA","FUL 4<br/>@LUT 2 F","8","8","0%","0%","1","1","90","0","0","0","0","0","0","0","3","0","0","2","0","0","0","1","0","3","0","0","0","5","0","0","0","3","0"
"*0522h*","Alexis Mac Allister","LIV","M","49","CC FC","WOL 0<br/>@LIV 2 F","7.75","7.75","85%","-2%","1","1","88","0","0","0","0","0","0","0","3","0","0","1","0","0","0","1","0","1","0","0","1","6","0","0","0","1","0"
"*05o4c*","Timothy Castagne","LEI/FUL","D","113","W’s","FUL 4<br/>@LUT 2 F","7.75","7.75","18%","+4%","1","1","90","0","0","0","0","0","0","0","3","0","3","0","0","0","0","0","0","3","1","0","1","11","0","0","0","1","0"
"*03v6t*","Ben Chilwell","CHE","D","332","FA","BOU 1<br/>@CHE 2 F","7.75","7.75","0%","0%","1","1","90","0","0","0","0","0","0","0","0","0","0","2","0","0","0","0","0","1","2","2","1","6","0","0","0","1","0"
"*062h9*","Luis Sinisterra","LEE/BOU","F","250","FA","BOU 1<br/>@CHE 2 F","7.75","7.75","0%","0%","1","1","68","0","0","0","2","0","1","0","1","0","1","0","0","0","0","0","0","0","0","0","1","2","0","0","0","3","0"
"*067z4*","David Datro Fofana","CHE/BUR","F","321","FA","NOT 2<br/>@BUR 1 F","7.75","7.75","0%","0%","1","1","90","0","0","0","1","0","1","0","0","0","2","2","0","0","0","0","0","0","3","1","1","1","0","0","0","3","0"
"*061v9*","Diego Carlos","AVL","D","299","FA","AVL 0<br/>@CRY 5 F","7.75","7.75","0%","0%","1","1","90","0","0","0","0","0","0","0","0","0","0","0","0","0","0","3","2","1","0","2","1","5","0","0","0","2","0"
"*06c6c*","Elijah Adebayo","LUT","F","205","W’s","FUL 4<br/>@LUT 2 F","7.5","7.5","0%","0%","1","1","90","0","0","0","0","1","1","0","0","0","3","0","0","0","0","0","0","3","1","0","3","2","0","0","0","3","0"
"*02m4d*","Craig Dawson","WOL","D","163","FA","WOL 0<br/>@LIV 2 F","7.5","7.5","0%","0%","1","1","90","0","0","0","1","0","0","0","0","0","0","0","0","0","0","2","0","1","0","0","3","7","0","0","0","2","0"
"*03ybi*","Marcus Rashford","MUN","F","137","thomas","MUN 2<br/>@BHA 0 F","7.25","7.25","92%","0%","1","1","72","0","0","0","0","0","1","0","0","0","1","2","0","0","0","0","0","0","4","0","0","3","0","0","0","1","0"
"*05gcp*","Tomas Soucek","WHU","M","50","MID","WHU 1<br/>@MCI 3 F","7.25","7.25","43%","-3%","1","1","90","0","0","0","0","0","0","0","1","0","0","2","0","0","0","0","0","2","0","1","4","6","0","0","0","6","0"
"*04mdn*","Anthony Gordon","NEW","M","11","RyRob","NEW 4<br/>@BRF 2 F","7","7","96%","-1%","1","1","88","0","0","0","1","0","0","0","0","0","1","3","0","0","1","0","0","1","1","0","0","7","0","0","0","2","0"
"*04spw*","James Garner","EVE","M","58","RyRob","EVE 1<br/>@ARS 2 F","7","7","84%","0%","1","1","90","0","0","0","1","0","0","0","1","0","0","0","1","0","0","2","0","5","1","0","0","4","0","0","0","2","0"
"*04spq*","Jack Harrison","LEE/EVE","M,F","162","FA","EVE 1<br/>@ARS 2 F","7","7","3%","0%","1","1","90","0","0","0","1","0","0","0","0","0","0","0","0","0","0","2","0","0","1","0","0","6","0","0","0","2","0"
"*06c6i*","Anel Ahmedhodzic","SHU","D","260","FA","TOT 3<br/>@SHU 0 F","7","7","0%","0%","1","1","90","0","0","0","0","0","0","0","0","0","0","0","0","0","0","0","0","11","0","1","3","1","0","0","0","1","0"
"*04spx*","Tahith Chong","LUT","M","208","CC FC","FUL 4<br/>@LUT 2 F","7","7","0%","0%","1","0","36","0","0","0","3","0","0","0","0","0","3","0","0","0","0","0","0","0","2","0","0","2","0","0","0","1","0"
"*06fv8*","Mohammed Kudus","WHU","M","18","CmBk","WHU 1<br/>@MCI 3 F","6.75","6.75","48%","-1%","1","1","90","0","0","0","0","0","1","0","1","0","2","2","1","0","0","0","0","0","3","0","1","8","0","0","0","6","0"
"*05vyc*","Aaron Ramsey","AVL/BUR","M","430","FA","NOT 2<br/>@BUR 1 F","6.75","6.75","0%","0%","1","1","80","0","0","0","0","0","0","0","2","0","1","1","0","0","0","1","0","2","0","1","0","6","0","0","0","3","0"
"*051ki*","Ben Godfrey","EVE","D","273","FA","EVE 1<br/>@ARS 2 F","6.75","6.75","0%","0%","1","1","55","0","0","0","0","0","1","0","0","0","0","1","0","0","0","0","0","3","0","2","1","2","0","0","0","0","0"
"*03v6s*","Mason Holgate","EVE/SHU","D","460","FA","TOT 3<br/>@SHU 0 F","6.75","6.75","0%","0%","1","1","90","0","0","0","0","0","0","0","0","0","0","0","1","0","0","2","0","6","1","2","1","3","0","0","0","1","0"
"*04abb*","Phil Foden","MCI","M","4","Noah B","WHU 1<br/>@MCI 3 F","6.5","6.5","97%","+5%","1","1","90","0","0","0","0","0","1","0","0","0","1","3","0","0","1","0","0","0","1","0","0","2","0","0","0","0","90"
"*0649j*","Manuel Akanji","MCI","D","132","CC FC","WHU 1<br/>@MCI 3 F","6.49","6.49","2%","0%","1","1","56","0","0","0","0","0","0","0","0","0","0","1","0","0","0","1","0","2","0","0","0","2","0","0","0","0","56"
"*02lp9*","Kyle Walker","MCI","D","95","RDN","WHU 1<br/>@MCI 3 F","6.38","6.38","11%","0%","1","0","32","0","0","0","2","0","0","0","0","0","0","0","0","0","0","0","0","0","0","0","0","1","0","0","0","0","32"
"*05r8o*","Jean-Philippe Mateta","CRY","F","57","Noah B","AVL 0<br/>@CRY 5 F","6.25","6.25","93%","-2%","1","1","90","0","0","0","1","0","1","0","0","0","4","1","0","0","1","0","0","0","1","1","2","3","0","0","0","3","0"
"*068n8*","Noni Madueke","CHE","F","192","RDN","BOU 1<br/>@CHE 2 F","6.25","6.25","66%","-3%","1","1","45","0","0","0","1","0","0","0","0","0","2","1","0","0","0","0","0","0","3","0","1","5","0","0","0","1","0"
"*06ew2*","Axel Disasi","CHE","D","185","FA","BOU 1<br/>@CHE 2 F","6.25","6.25","9%","-2%","1","1","90","0","0","0","0","0","1","0","0","0","0","1","1","0","0","1","0","0","0","0","3","6","0","0","0","1","0"
"*03sgc*","Jordan Ayew","CRY","F","72","FA","AVL 0<br/>@CRY 5 F","6.25","6.25","0%","0%","1","1","90","0","0","0","0","0","1","0","0","0","0","3","0","0","0","0","0","2","0","0","4","3","0","0","0","3","0"
"*068lx*","Dango Ouattara","BOU","F","210","BBFC","BOU 1<br/>@CHE 2 F","6","6","95%","0%","1","0","20","0","0","0","1","0","0","0","1","0","0","1","0","0","0","0","0","1","1","0","2","1","0","0","0","0","0"
"*068yd*","Joao Gomes","WOL","M","118","Slab","WOL 0<br/>@LIV 2 F","6","6","43%","-2%","1","1","62","0","0","0","0","0","0","0","2","0","0","0","0","0","0","1","0","0","1","0","0","5","0","0","0","1","0"
"*05l27*","Jarrad Branthwaite","EVE","D","39","j.l.","EVE 1<br/>@ARS 2 F","6","6","23%","-1%","1","1","90","0","0","0","0","0","0","0","2","0","0","1","0","0","0","0","0","5","1","2","0","3","0","0","0","2","0"
"*0635j*","Chris Richards","CRY","D","187","BBFC","AVL 0<br/>@CRY 5 F","5.75","5.75","89%","-1%","1","1","90","0","0","0","0","0","0","0","1","0","0","0","0","0","0","1","1","13","0","1","2","1","0","0","0","3","0"
"*04ml6*","Konstantinos Mavropanos","ARS/WHU","D","259","FA","WHU 1<br/>@MCI 3 F","5.75","5.75","50%","-8%","1","0","45","0","0","0","0","0","0","0","2","0","0","2","0","0","0","1","0","2","0","0","2","2","0","0","0","2","0"
"*06jgv*","Lorenz Assignon","BUR","D","296","Noah B","NOT 2<br/>@BUR 1 F","5.75","5.75","0%","0%","1","1","90","0","0","0","0","0","0","0","2","0","0","1","0","0","0","1","0","3","4","0","0","3","0","0","0","3","0"
"*05os8*","Joachim Andersen","CRY","D","35","CmBk","AVL 0<br/>@CRY 5 F","5.5","5.5","50%","-1%","1","1","90","0","0","0","0","0","0","0","0","0","0","0","0","0","0","4","0","6","0","1","1","4","0","0","0","3","0"
"*05uoc*","Cristian Romero","TOT","D","55","Laeka B","TOT 3<br/>@SHU 0 F","5.5","5.5","50%","-1%","1","1","90","0","0","0","0","0","0","0","0","0","2","0","0","0","0","2","0","7","0","0","1","5","0","0","0","1","0"
"*04io3*","Mario Lemina","WOL","M","74","CmBk","WOL 0<br/>@LIV 2 F","5.5","5.5","0%","0%","1","1","90","0","0","0","0","0","0","0","2","0","1","0","1","0","0","0","0","1","3","0","1","7","0","0","0","2","0"
"*05ylw*","Rodrigo Bentancur","TOT","M","318","RDN","TOT 3<br/>@SHU 0 F","5","5","19%","-1%","1","1","61","0","0","0","0","0","0","0","0","0","1","1","0","0","0","1","0","1","1","1","1","4","0","0","0","1","0"
"*04sft*","Yves Bissouma","TOT","M","198","FA","TOT 3<br/>@SHU 0 F","5","5","2%","0%","1","0","26","0","0","0","0","0","0","0","0","0","0","0","0","0","0","3","0","3","0","0","0","2","0","0","0","0","0"
"*03amm*","Reece Burke","LUT","D","222","FA","FUL 4<br/>@LUT 2 F","5","5","0%","0%","1","1","67","0","0","0","0","0","1","0","0","0","0","1","0","0","0","0","0","4","0","0","3","2","0","0","0","2","0"
"*052cc*","Billy Gilmour","BHA","M","258","FA","MUN 2<br/>@BHA 0 F","5","5","0%","0%","1","1","88","0","0","0","0","0","0","0","0","0","0","2","0","0","0","1","0","1","0","1","0","6","0","0","0","1","0"
"*02opy*","Adam Lallana","BHA","M","392","FA","MUN 2<br/>@BHA 0 F","5","5","0%","0%","1","1","56","0","0","0","1","0","0","0","0","0","0","1","0","0","0","0","0","0","1","1","1","0","0","0","0","0","0"
"*06jgr*","Maxime Esteve","BUR","D","343","FA","NOT 2<br/>@BUR 1 F","4.75","4.75","9%","0%","1","1","79","0","0","0","0","0","0","0","1","0","1","3","0","0","0","1","0","7","0","1","1","6","0","0","0","3","0"
"*06fhy*","Wilson Odobert","BUR","F","160","Slab","NOT 2<br/>@BUR 1 F","4.75","4.75","5%","0%","1","1","90","0","0","0","0","0","0","0","0","0","2","2","0","0","0","0","0","0","4","0","0","3","0","0","0","3","0"
"*06fg0*","Gustavo Hamer","SHU","M","47","RDN","TOT 3<br/>@SHU 0 F","4.75","4.75","0%","0%","1","1","59","0","0","0","2","0","0","0","1","0","0","1","1","0","0","0","0","1","0","0","0","3","0","0","0","1","0"
"*067yu*","Facundo Buonanotte","BHA","M","248","FA","MUN 2<br/>@BHA 0 F","4.5","4.5","2%","0%","1","1","82","0","0","0","0","0","0","0","2","0","0","2","1","0","0","1","0","1","0","0","0","6","0","0","0","1","0"
"*063zi*","Matheus Nunes","WOL/MCI","M","325","FA","WHU 1<br/>@MCI 3 F","4.12","4.12","99%","0%","1","1","56","0","0","0","1","0","0","0","0","0","0","1","0","0","0","0","0","0","1","0","0","0","0","0","0","0","56"
"*067yz*","Matheus Cunha","WOL","F","43","RDN","WOL 0<br/>@LIV 2 F","4","4","100%","0%","1","1","19","0","0","0","0","0","2","0","0","0","0","0","0","0","0","0","0","0","0","0","0","0","0","0","0","0","0"
"*063y7*","Destiny Udogie","TOT","D","114","FA","TOT 3<br/>@SHU 0 F","4","4","19%","0%","1","1","79","0","0","0","0","0","0","0","0","0","1","1","0","0","0","1","1","1","1","0","0","3","0","0","0","1","0"
"*04fk8*","Victor Lindelof","MUN","D","281","FA","MUN 2<br/>@BHA 0 F","4","4","1%","0%","1","0","45","0","0","0","0","0","0","0","1","0","0","0","0","0","0","1","0","2","0","0","0","4","0","0","0","1","0"
"*02oq6*","Luke Shaw","MUN","D","322","FA","MUN 2<br/>@BHA 0 F","3.75","3.75","54%","+3%","1","1","45","0","0","0","1","0","0","0","0","0","0","0","0","0","1","0","0","1","0","0","0","2","0","0","0","0","0"
"*06fxv*","Jean-Ricner Bellegarde","WOL","M","304","FA","WOL 0<br/>@LIV 2 F","3.75","3.75","12%","0%","1","0","69","0","0","0","0","0","0","0","2","0","0","2","0","0","0","0","0","0","0","0","0","1","0","0","0","2","0"
"*04ge8*","Reiss Nelson","ARS","F","443","FA","EVE 1<br/>@ARS 2 F","3.75","3.75","9%","0%","1","0","22","0","0","0","0","0","0","0","1","0","0","4","0","0","0","0","0","0","0","0","0","2","0","0","0","0","22"
"*06jgn*","Giovanni Reyna","NOT","M","418","FA","NOT 2<br/>@BUR 1 F","3.75","3.75","0%","0%","1","0","16","0","0","0","1","0","0","0","0","0","1","0","0","0","0","1","0","0","1","0","0","0","0","0","0","0","0"
"*06c5z*","Gabriel Osho","LUT","D","245","FA","FUL 4<br/>@LUT 2 F","3.5","3.5","0%","0%","1","1","90","0","0","0","0","0","0","0","0","0","2","1","0","0","0","3","2","4","0","0","0","7","0","0","0","3","0"
"*05nt7*","Thiago Silva","CHE","D","136","thomas","BOU 1<br/>@CHE 2 F","3.5","3.5","0%","0%","1","1","60","0","0","0","0","0","0","0","1","0","0","0","0","0","0","0","0","3","0","1","0","2","0","0","0","1","0"
"*06jgk*","Romain Faivre","BOU","M","510","FA","BOU 1<br/>@CHE 2 F","3.25","3.25","0%","0%","1","0","4","0","0","0","0","0","0","0","1","0","0","2","0","0","0","0","0","0","1","0","0","0","0","0","0","0","0"
"*040ah*","Tom Davies","EVE/SHU","M","464","FA","TOT 3<br/>@SHU 0 F","3.25","3.25","0%","0%","1","0","29","0","0","0","0","0","0","0","1","0","1","0","0","0","0","1","0","2","0","0","0","3","0","0","0","0","0"
"*065ao*","Ethan Nwaneri","ARS","M","509","FA","EVE 1<br/>@ARS 2 F","3.13","3.13","14%","0%","1","0","12","0","0","0","1","0","0","0","0","0","0","1","0","0","0","0","0","0","0","0","1","0","0","0","0","0","12"
"*046c5*","Jarrod Bowen","WHU","M","23","FA","WHU 1<br/>@MCI 3 F","3","3","100%","0%","1","1","90","0","0","0","1","0","0","0","1","0","3","1","0","0","0","0","0","0","0","0","0","3","0","0","0","6","0"
"*06ab3*","Lewis Miley","NEW","M","284","FA","NEW 4<br/>@BRF 2 F","3","3","13%","-13%","1","1","80","0","0","0","0","0","0","0","0","0","0","0","0","0","0","0","0","3","0","1","1","3","0","0","0","2","0"
"*061y6*","Ryan Yates","NOT","M","189","FA","NOT 2<br/>@BUR 1 F","3","3","1%","0%","1","1","72","0","0","0","0","0","0","0","2","0","1","0","0","0","0","0","0","2","0","0","1","0","0","0","0","3","0"
"*051k5*","Lloyd Kelly","BOU","D","264","FA","BOU 1<br/>@CHE 2 F","3","3","0%","0%","1","1","45","0","0","0","0","0","0","0","0","0","0","1","0","0","0","0","0","5","0","0","2","5","0","0","0","2","0"
"*05uel*","Kristoffer Ajer","BRF","D","179","FA","NEW 4<br/>@BRF 2 F","2.77","2.77","6%","+1%","1","0","4","0","0","0","0","0","0","0","0","0","0","0","0","0","0","2","0","0","0","0","0","0","0","0","0","0","4"
"*049tq*","Dominic Calvert-Lewin","EVE","F","112","RyRob","EVE 1<br/>@ARS 2 F","2.75","2.75","82%","0%","1","1","76","0","0","0","0","0","0","0","0","0","0","1","0","0","0","0","0","3","0","1","4","1","0","0","0","1","0"
"*068ys*","Naouirou Ahamada","CRY","M","454","FA","AVL 0<br/>@CRY 5 F","2.75","2.75","0%","0%","1","0","10","0","0","0","0","0","0","0","1","0","0","0","0","0","0","0","0","0","1","0","0","2","0","0","0","2","0"
"*06fx1*","Ansu Fati","BHA","F","367","FA","MUN 2<br/>@BHA 0 F","2.75","2.75","0%","0%","1","0","32","0","0","0","1","0","0","0","0","0","0","0","0","0","0","0","0","0","0","0","0","3","0","0","0","2","0"
"*068y0*","Antoine Semenyo","BOU","F","78","BBFC","BOU 1<br/>@CHE 2 F","2.5","2.5","100%","0%","1","0","26","0","0","0","1","0","0","0","0","0","2","0","0","0","0","0","0","0","1","0","0","2","0","0","0","0","0"
"*051k3*","Jacob Ramsey","AVL","M","357","FA","AVL 0<br/>@CRY 5 F","2.5","2.5","12%","+1%","1","1","90","0","0","0","0","0","1","0","0","0","3","1","0","0","0","0","0","1","0","0","1","3","0","0","0","2","0"
"*03jly*","Andreas Pereira","FUL","M","61","FA","FUL 4<br/>@LUT 2 F","2.5","2.5","7%","0%","1","1","84","0","0","0","0","0","0","0","0","0","2","2","0","0","0","0","0","2","0","0","2","4","0","0","0","1","0"
"*04ge9*","Eddie Nketiah","ARS","F","262","FA","EVE 1<br/>@ARS 2 F","2.5","2.5","3%","0%","1","0","22","0","0","0","0","0","1","0","0","0","0","1","0","0","0","0","0","0","0","0","0","0","0","0","0","0","22"
"*02m11*","Matt Doherty","WOL","D","276","FA","WOL 0<br/>@LIV 2 F","2.5","2.5","1%","0%","1","0","6","0","0","0","0","0","0","0","0","0","0","0","0","0","0","1","0","0","0","0","1","1","0","0","0","0","0"
"*02lkp*","Raheem Sterling","CHE","F","92","j.l.","BOU 1<br/>@CHE 2 F","2.5","2.5","1%","0%","1","0","10","0","0","0","1","0","0","0","0","0","1","0","0","0","1","0","0","0","0","0","0","0","0","0","0","0","0"
"*05u99*","Nuno Tavares","ARS/NOT","D","439","FA","NOT 2<br/>@BUR 1 F","2.5","2.5","0%","0%","1","1","90","0","0","0","1","0","0","0","1","0","1","0","0","0","0","0","0","2","1","0","0","9","0","0","0","3","0"
"*02lny*","Ashley Young","EVE","D","167","FA","EVE 1<br/>@ARS 2 F","2.5","2.5","0%","0%","1","1","77","0","0","0","0","0","0","0","0","0","0","0","0","0","0","1","0","2","0","0","0","3","0","0","0","1","0"
"*068a3*","Danilo","NOT","M","182","Laeka B","NOT 2<br/>@BUR 1 F","2.5","2.5","0%","0%","1","0","11","0","0","0","1","0","0","0","0","0","0","0","0","0","0","0","0","0","0","0","0","2","0","0","0","0","0"
"*04fk6*","Bernardo Silva","MCI","M","48","Noah B","WHU 1<br/>@MCI 3 F","2.38","2.38","94%","0%","1","0","12","0","0","0","0","0","0","0","1","0","0","0","0","0","0","0","0","0","1","0","0","0","0","0","0","0","12"
"*063zg*","Pervis Estupinan","BHA","D","204","FA","MUN 2<br/>@BHA 0 F","2.25","2.25","93%","0%","1","1","90","0","0","0","0","0","0","0","0","0","1","2","1","0","0","2","0","2","1","0","0","7","0","0","0","2","0"
"*06fy6*","Fode Ballo-Toure","FUL","D","479","FA","FUL 4<br/>@LUT 2 F","2.25","2.25","0%","0%","1","0","4","0","0","0","0","0","0","0","1","0","0","1","0","0","0","0","0","0","0","0","0","2","0","0","0","0","0"
"*03yrr*","Mohamed Elneny","ARS","M","489","FA","EVE 1<br/>@ARS 2 F","2.24","2.24","0%","0%","1","0","22","0","0","0","0","0","1","0","0","0","0","0","0","0","0","0","0","0","0","0","0","0","0","0","0","0","22"
"*066si*","Alfie Gilchrist","CHE","D","462","FA","BOU 1<br/>@CHE 2 F","2","2","0%","0%","1","0","5","0","0","0","0","0","0","0","0","0","0","0","0","0","0","0","0","0","0","1","1","0","0","0","0","0","0"
"*067yv*","Cody Gakpo","LIV","F","93","MID","WOL 0<br/>@LIV 2 F","1.75","1.75","100%","0%","1","0","7","0","0","0","0","0","0","0","0","0","0","1","0","0","0","0","0","0","1","0","0","1","0","0","0","0","0"
"*02oq8*","James Ward-Prowse","SOU/WHU","M","24","thomas","WHU 1<br/>@MCI 3 F","1.75","1.75","32%","-6%","1","1","90","0","0","0","0","0","0","0","0","0","0","0","0","0","0","0","0","3","0","0","1","2","0","0","0","6","0"
"*05yg5*","Toti","WOL","D","144","FA","WOL 0<br/>@LIV 2 F","1.75","1.75","2%","0%","1","1","45","0","0","0","0","0","0","0","0","0","0","0","0","0","0","0","0","0","0","0","1","3","0","0","0","1","0"
"*05gvx*","Armando Broja","CHE/FUL","F","390","FA","FUL 4<br/>@LUT 2 F","1.75","1.75","2%","0%","1","0","14","0","0","0","0","0","0","0","0","0","2","0","0","0","0","0","0","0","2","0","1","1","0","0","0","0","0"
"*06cm0*","Christopher Nkunku","CHE","F","375","Noah B","BOU 1<br/>@CHE 2 F","1.75","1.75","1%","0%","1","0","45","0","0","0","0","0","0","0","1","0","1","0","0","0","0","0","0","0","0","0","1","2","0","0","0","0","0"
"*05w9q*","Odsonne Edouard","CRY","F","201","FA","AVL 0<br/>@CRY 5 F","1.75","1.75","0%","0%","1","0","5","0","0","0","1","0","0","0","0","0","1","0","0","0","0","0","0","0","0","0","0","1","0","0","0","2","0"
"*062ir*","Clement Lenglet","TOT/AVL","D","377","FA","AVL 0<br/>@CRY 5 F","1.75","1.75","0%","0%","1","1","90","0","0","0","0","0","1","0","0","0","0","0","1","0","0","1","0","1","1","1","0","1","0","0","0","2","0"
"*02lm7*","Jack Grealish","MCI","M","261","Noah B","WHU 1<br/>@MCI 3 F","1.52","1.52","33%","-1%","1","0","2","0","0","0","1","0","0","0","0","0","2","1","0","0","0","0","0","0","0","0","0","0","0","0","0","0","2"
"*06fwz*","Murillo","NOT","D,M","154","Noah B","NOT 2<br/>@BUR 1 F","1.5","1.5","42%","-1%","1","1","90","0","0","0","0","0","0","0","1","0","0","1","0","0","0","1","0","7","0","0","0","3","0","0","0","3","0"
"*06dwm*","Jacob Bruun Larsen","BUR","F","209","Noah B","NOT 2<br/>@BUR 1 F","1.5","1.5","1%","0%","1","0","3","0","0","0","0","0","0","0","0","0","0","0","0","0","0","1","0","0","0","0","0","1","0","0","0","0","0"
"*02lpl*","Seamus Coleman","EVE","D","376","FA","EVE 1<br/>@ARS 2 F","1.5","1.5","0%","0%","1","0","33","0","0","0","0","0","0","0","2","0","2","0","0","0","0","1","0","1","0","0","0","2","0","0","0","2","0"
"*05n03*","Kalvin Phillips","MCI/WHU","M","437","FA","WHU 1<br/>@MCI 3 F","1.5","1.5","0%","0%","1","0","45","0","0","0","0","0","0","0","1","0","0","1","1","0","0","1","0","0","0","0","1","0","0","0","0","2","0"
"*04yo6*","Miguel Almiron","NEW","M","193","FA","NEW 4<br/>@BRF 2 F","1.5","1.5","0%","0%","1","1","59","0","0","0","0","0","0","0","1","0","0","0","0","0","0","0","0","0","0","0","0","1","0","0","0","2","0"
"*02lp7*","Andros Townsend","EVE/LUT","M","269","FA","FUL 4<br/>@LUT 2 F","1.5","1.5","0%","0%","1","0","21","0","0","0","0","0","1","0","0","0","3","0","0","0","1","0","0","0","0","0","0","0","0","0","0","1","0"
"*05ybq*","Vitalii Mykolenko","EVE","D","102","FA","EVE 1<br/>@ARS 2 F","1.25","1.25","61%","0%","1","1","90","0","0","0","0","0","0","0","0","0","0","0","0","0","0","0","0","3","2","0","0","2","0","0","0","2","0"
"*037mt*","Harrison Reed","FUL","M","306","FA","FUL 4<br/>@LUT 2 F","1.25","1.25","0%","0%","1","0","26","0","0","0","0","0","0","0","0","0","0","0","0","0","0","0","0","1","0","1","0","0","0","0","0","0","0"
"*052k8*","Tommy Doyle","MCI/WOL","M","344","FA","WOL 0<br/>@LIV 2 F","1.25","1.25","0%","0%","1","0","26","0","0","0","0","0","0","0","0","0","0","0","0","0","0","0","0","0","0","0","0","5","0","0","0","1","0"
"*066j7*","Nathan Fraser","WOL","F","476","FA","WOL 0<br/>@LIV 2 F","1.25","1.25","0%","0%","1","0","45","0","0","0","1","0","0","0","0","0","0","0","1","0","0","0","0","0","0","0","1","3","0","0","0","1","0"
"*05akv*","Tyrick Mitchell","CRY","D","76","Slab","AVL 0<br/>@CRY 5 F","1","1","97%","0%","1","1","90","0","0","0","0","0","0","0","2","0","0","0","0","0","0","0","0","2","0","0","0","8","0","0","0","3","0"
"*062p5*","Levi Colwill","CHE","D","172","Noah B","BOU 1<br/>@CHE 2 F","1","1","20%","+4%","1","0","28","0","0","0","0","0","0","0","0","0","0","1","0","0","0","0","0","0","0","0","0","2","0","0","0","0","0"
"*03u2b*","Adama Traore","WOL/FUL","F","350","Laeka B","FUL 4<br/>@LUT 2 F","1","1","9%","0%","1","0","4","0","0","0","0","0","0","0","0","0","0","0","0","0","0","0","0","0","0","0","1","2","0","0","0","0","0"
"*03r9c*","Cedric Soares","ARS","D","499","FA","EVE 1<br/>@ARS 2 F","0.8","0.8","0%","0%","1","0","12","0","0","0","0","0","0","0","0","0","0","0","0","0","0","0","0","0","0","0","0","0","0","0","0","0","12"
"*05uog*","Lewis Dobbin","EVE","F","413","FA","EVE 1<br/>@ARS 2 F","0.75","0.75","0%","0%","1","0","1","0","0","0","0","0","0","0","0","0","0","0","0","0","0","0","0","0","0","0","0","3","0","0","0","0","0"
"*06c63*","Jordan Clark","LUT","M","291","FA","FUL 4<br/>@LUT 2 F","0.75","0.75","0%","0%","1","1","52","0","0","0","0","0","0","0","1","0","2","0","0","0","0","0","0","0","0","0","0","2","0","0","0","2","0"
"*066r9*","Ehor Yarmolyuk","BRF","M","364","FA","NEW 4<br/>@BRF 2 F","0.72","0.72","12%","+1%","1","0","20","0","0","0","0","0","0","0","0","0","0","0","0","0","0","0","0","0","0","0","0","2","0","0","0","0","20"
"*05a6e*","Neco Williams","NOT","D","196","FA","NOT 2<br/>@BUR 1 F","0.5","0.5","98%","0%","1","1","90","0","0","0","0","0","0","0","0","0","0","1","0","0","0","0","0","1","2","0","1","3","0","0","0","3","0"
"*06do9*","Milos Kerkez","BOU","D","232","FA","BOU 1<br/>@CHE 2 F","0.5","0.5","76%","0%","1","0","45","0","0","0","0","0","0","0","0","0","0","0","0","0","0","0","0","1","0","0","0","1","0","0","0","1","0"
"*063hu*","Amadou Onana","EVE","M","153","Slab","EVE 1<br/>@ARS 2 F","0.5","0.5","16%","-2%","1","0","11","0","0","0","0","0","0","0","0","0","0","1","0","0","0","0","0","0","0","0","0","0","0","0","0","1","0"
"*05mxa*","Joel Veltman","BHA","D","230","RyRob","MUN 2<br/>@BHA 0 F","0.5","0.5","3%","0%","1","0","6","0","0","0","0","0","0","0","0","0","0","0","0","0","0","0","0","1","0","0","0","1","0","0","0","1","0"
"*06dpr*","Benicio Baker-Boaitey","BHA","F","532","FA","MUN 2<br/>@BHA 0 F","0.5","0.5","0%","0%","1","0","1","0","0","0","0","0","0","0","0","0","1","0","0","0","0","0","0","0","1","0","0","0","0","0","0","1","0"
"*06dq8*","Moussa Diaby","AVL","F","86","BBFC","AVL 0<br/>@CRY 5 F","0.5","0.5","0%","0%","1","0","24","0","0","0","1","0","0","0","0","0","1","1","1","0","0","0","0","0","0","0","0","2","0","0","0","1","0"
"*043qz*","Pierre-Emile Hojbjerg","TOT","M","286","FA","TOT 3<br/>@SHU 0 F","0.5","0.5","0%","0%","1","0","9","0","0","0","0","0","0","0","0","0","0","0","0","0","0","0","0","0","0","0","0","2","0","0","0","0","0"
"*062h8*","Moussa Niakhate","NOT","D","341","FA","NOT 2<br/>@BUR 1 F","0.5","0.5","0%","0%","1","1","90","0","0","0","0","0","0","0","0","0","0","0","0","0","0","0","0","4","0","1","1","6","0","0","0","3","0"
"*02lnn*","Oliver Norwood","SHU","M","255","FA","TOT 3<br/>@SHU 0 F","0.5","0.5","0%","0%","1","0","8","0","0","0","0","0","0","0","0","0","0","0","0","0","0","0","0","0","0","0","0","2","0","0","0","0","0"
"*03pie*","Divock Origi","LIV/NOT","F","394","FA","NOT 2<br/>@BUR 1 F","0.5","0.5","0%","0%","1","0","21","0","0","0","0","0","0","0","0","0","0","0","0","0","0","0","0","0","0","0","1","0","0","0","0","0","0"
"*06c4i*","Vitinho","BUR","D","231","FA","NOT 2<br/>@BUR 1 F","0.5","0.5","0%","0%","1","0","9","0","0","0","0","0","0","0","0","0","1","1","0","0","0","0","0","1","0","0","0","1","0","0","0","0","0"
"*05trd*","Shandon Baptiste","BRF","M","402","FA","NEW 4<br/>@BRF 2 F","0.29","0.29","0%","0%","1","0","4","0","0","0","0","0","0","0","0","0","0","0","0","0","0","0","0","0","0","0","0","1","0","0","0","0","4"
"*05vyj*","Evan Ferguson","BHA","F","278","FA","MUN 2<br/>@BHA 0 F","0.25","0.25","94%","0%","1","0","6","0","0","0","0","0","0","0","0","0","0","0","0","0","0","0","0","0","0","0","0","1","0","0","0","1","0"
"*04abn*","Harvey Barnes","NEW","M","270","RyRob","NEW 4<br/>@BRF 2 F","0.25","0.25","69%","+9%","1","0","29","0","0","0","0","0","0","0","0","0","1","0","0","0","0","0","0","1","0","0","0","2","0","0","0","0","0"
"*05s08*","Valentino Livramento","NEW","D","263","FA","NEW 4<br/>@BRF 2 F","0.25","0.25","42%","-1%","1","0","8","0","0","0","0","0","0","0","0","0","0","0","0","0","0","0","0","1","0","0","0","0","0","0","0","0","0"
"*062p3*","Keane Lewis-Potter","BRF","F","228","FA","NEW 4<br/>@BRF 2 F","0.25","0.25","39%","0%","1","0","13","0","0","0","0","0","0","0","0","0","1","1","0","0","0","0","0","0","0","0","0","1","0","0","0","0","13"
"*04rzl*","Taiwo Awoniyi","NOT","F","265","FA","NOT 2<br/>@BUR 1 F","0.25","0.25","20%","+1%","1","1","67","0","0","0","0","0","0","0","0","0","1","0","0","0","0","0","0","0","0","0","1","1","0","0","0","3","0"
"*02oo1*","Ben Davies","TOT","D","294","FA","TOT 3<br/>@SHU 0 F","0.25","0.25","1%","0%","1","0","9","0","0","0","0","0","0","0","0","0","0","0","0","0","0","0","0","0","0","0","0","1","0","0","0","0","0"
"*03sbh*","Enes Unal","MCI/BOU","F","354","CmBk","BOU 1<br/>@CHE 2 F","0.25","0.25","0%","0%","1","0","20","0","0","0","0","0","0","0","0","0","1","1","0","0","0","0","0","0","0","0","0","1","0","0","0","0","0"
"*06fuh*","Hannes Delcroix","BUR","D","456","FA","NOT 2<br/>@BUR 1 F","0.25","0.25","0%","0%","1","1","90","0","0","0","0","0","0","0","1","0","2","0","0","0","1","0","0","5","0","0","1","3","0","0","0","3","0"
"*02ln2*","Jonny Evans","MUN","D","240","W’s","MUN 2<br/>@BHA 0 F","0.25","0.25","0%","0%","1","0","1","0","0","0","0","0","0","0","0","0","0","0","0","0","0","0","0","1","0","0","0","0","0","0","0","0","0"
"*05tr9*","Mathias Jensen","BRF","M","105","j.l.","NEW 4<br/>@BRF 2 F","0","0","50%","0%","1","1","68","0","0","0","0","0","0","0","0","0","0","1","1","0","0","0","0","1","0","0","0","2","0","0","0","0","68"
"*05uht*","Morgan Rogers","MCI/AVL","F","348","FA","AVL 0<br/>@CRY 5 F","0","0","100%","0%","0","0","0","0","0","0","0","0","0","0","0","0","0","0","0","0","0","0","0","0","0","0","0","0","0","0","0","0","0"
"*05g2o*","Joao Pedro","BHA","F","73","RDN","MUN 2<br/>@BHA 0 F","0","0","100%","0%","0","0","0","0","0","0","0","0","0","0","0","0","0","0","0","0","0","0","0","0","0","0","0","0","0","0","0","0","0"
"*06cmm*","Dominik Szoboszlai","LIV","M","80","FA","WOL 0<br/>@LIV 2 F","0","0","100%","0%","0","0","0","0","0","0","0","0","0","0","0","0","0","0","0","0","0","0","0","0","0","0","0","0","0","0","0","0","0"
"*05trb*","Bryan Mbeumo","BRF","F","88","RyRob","NEW 4<br/>@BRF 2 F","0","0","100%","0%","0","0","0","0","0","0","0","0","0","0","0","0","0","0","0","0","0","0","0","0","0","0","0","0","0","0","0","0","0"
"*05opj*","Elliot Anderson","NEW","M","277","FA","NEW 4<br/>@BRF 2 F","0","0","99%","0%","0","0","0","0","0","0","0","0","0","0","0","0","0","0","0","0","0","0","0","0","0","0","0","0","0","0","0","0","0"
"*050jq*","Marc Guehi","CRY","D","215","FA","AVL 0<br/>@CRY 5 F","0","0","98%","0%","0","0","0","0","0","0","0","0","0","0","0","0","0","0","0","0","0","0","0","0","0","0","0","0","0","0","0","0","0"
"*05nt6*","Eberechi Eze","CRY","M","21","MID","AVL 0<br/>@CRY 5 F","0","0","98%","0%","0","0","0","0","0","0","0","0","0","0","0","0","0","0","0","0","0","0","0","0","0","0","0","0","0","0","0","0","0"
"*05w9i*","Marc Cucurella","CHE","D","199","Laeka B","BOU 1<br/>@CHE 2 F","0","0","97%","0%","0","0","0","0","0","0","0","0","0","0","0","0","0","0","0","0","0","0","0","0","0","0","0","0","0","0","0","0","0"
"*067zv*","Kevin Schade","BRF","M","378","FA","NEW 4<br/>@BRF 2 F","0","0","97%","-2%","0","0","0","0","0","0","0","0","0","0","0","0","0","0","0","0","0","0","0","0","0","0","0","0","0","0","0","0","0"
"*03aqp*","Mohamed Salah","LIV","F","8","BBFC","WOL 0<br/>@LIV 2 F","0","0","97%","0%","0","0","0","0","0","0","0","0","0","0","0","0","0","0","0","0","0","0","0","0","0","0","0","0","0","0","0","0","0"
"*05u7f*","Ibrahima Konate","LIV","D","170","FA","WOL 0<br/>@LIV 2 F","0","0","95%","-1%","0","0","0","0","0","0","0","0","0","0","0","0","0","0","0","0","0","0","0","0","0","0","0","0","0","0","0","0","0"
"*05r34*","Amad Diallo","MUN","F","385","thomas","MUN 2<br/>@BHA 0 F","0","0","95%","0%","0","0","0","0","0","0","0","0","0","0","0","0","0","0","0","0","0","0","0","0","0","0","0","0","0","0","0","0","0"
"*051k7*","Reece James","CHE","D","368","RyRob","BOU 1<br/>@CHE 2 F","0","0","95%","+3%","0","0","0","0","0","0","0","0","0","0","0","0","0","0","0","0","0","0","0","0","0","0","0","0","0","0","0","0","0"
"*06fxe*","Ryan Gravenberch","LIV","M","268","FA","WOL 0<br/>@LIV 2 F","0","0","93%","+1%","0","0","0","0","0","0","0","0","0","0","0","0","0","0","0","0","0","0","0","0","0","0","0","0","0","0","0","0","0"
"*063q8*","Mikkel Damsgaard","BRF","M","307","FA","NEW 4<br/>@BRF 2 F","0","0","92%","+1%","0","0","0","0","0","0","0","0","0","0","0","0","0","0","0","0","0","0","0","0","0","0","0","0","0","0","0","0","0"
"*0646f*","Alexander Isak","NEW","F","42","W’s","NEW 4<br/>@BRF 2 F","0","0","90%","-3%","0","0","0","0","0","0","0","0","0","0","0","0","0","0","0","0","0","0","0","0","0","0","0","0","0","0","0","0","0"
"*06dmj*","Jurrien Timber","ARS","D","530","FA","EVE 1<br/>@ARS 2 F","0","0","90%","-4%","0","0","0","0","0","0","0","0","0","0","0","0","0","0","0","0","0","0","0","0","0","0","0","0","0","0","0","0","0"
"*04qrc*","Raul Jimenez","FUL","F","241","FA","FUL 4<br/>@LUT 2 F","0","0","86%","-5%","0","0","0","0","0","0","0","0","0","0","0","0","0","0","0","0","0","0","0","0","0","0","0","0","0","0","0","0","0"
"*06kyv*","Kosta Nedeljkovic","AVL","D","781","FA","AVL 0<br/>@CRY 5 F","0","0","86%","0%","0","0","0","0","0","0","0","0","0","0","0","0","0","0","0","0","0","0","0","0","0","0","0","0","0","0","0","0","0"
"*038ze*","Alex Iwobi","EVE/FUL","M","79","RDN","FUL 4<br/>@LUT 2 F","0","0","83%","+7%","0","0","0","0","0","0","0","0","0","0","0","0","0","0","0","0","0","0","0","0","0","0","0","0","0","0","0","0","0"
"*061vk*","Jaidon Anthony","BOU","F","492","FA","BOU 1<br/>@CHE 2 F","0","0","82%","+1%","0","0","0","0","0","0","0","0","0","0","0","0","0","0","0","0","0","0","0","0","0","0","0","0","0","0","0","0","0"
"*05y9n*","Lewis Hall","CHE/NEW","D","330","Laeka B","NEW 4<br/>@BRF 2 F","0","0","77%","0%","0","0","0","0","0","0","0","0","0","0","0","0","0","0","0","0","0","0","0","0","0","0","0","0","0","0","0","0","0"
"*06cms*","Sandro Tonali","NEW","M","398","FA","NEW 4<br/>@BRF 2 F","0","0","75%","-1%","0","0","0","0","0","0","0","0","0","0","0","0","0","0","0","0","0","0","0","0","0","0","0","0","0","0","0","0","0"
"*06fvn*","Beto","EVE","F","300","FA","EVE 1<br/>@ARS 2 F","0","0","74%","+9%","1","0","12","0","0","0","0","0","0","0","0","0","0","0","0","0","0","0","0","0","0","0","0","0","0","0","0","1","0"
"*0327r*","Michael Keane","EVE","D","403","FA","EVE 1<br/>@ARS 2 F","0","0","71%","+3%","0","0","0","0","0","0","0","0","0","0","0","0","0","0","0","0","0","0","0","0","0","0","0","0","0","0","0","0","0"
"*061vb*","James Hill","BOU","D","471","FA","BOU 1<br/>@CHE 2 F","0","0","68%","0%","0","0","0","0","0","0","0","0","0","0","0","0","0","0","0","0","0","0","0","0","0","0","0","0","0","0","0","0","0"
"*06ex4*","Josko Gvardiol","MCI","D","65","j.l.","WHU 1<br/>@MCI 3 F","0","0","67%","+21%","0","0","0","0","0","0","0","0","0","0","0","0","0","0","0","0","0","0","0","0","0","0","0","0","0","0","0","0","0"
"*02m5b*","Chris Wood","NOT","F","115","W’s","NOT 2<br/>@BUR 1 F","0","0","63%","-7%","0","0","0","0","0","0","0","0","0","0","0","0","0","0","0","0","0","0","0","0","0","0","0","0","0","0","0","0","0"
"*066sd*","Myles Lewis-Skelly","ARS","M","740","FA","EVE 1<br/>@ARS 2 F","0","0","62%","+11%","0","0","0","0","0","0","0","0","0","0","0","0","0","0","0","0","0","0","0","0","0","0","0","0","0","0","0","0","0"
"*04mup*","Trevoh Chalobah","CHE","D","326","CmBk","BOU 1<br/>@CHE 2 F","0","0","60%","-7%","0","0","0","0","0","0","0","0","0","0","0","0","0","0","0","0","0","0","0","0","0","0","0","0","0","0","0","0","0"
"*04tm0*","Lucas Digne","AVL","D","121","Slab","AVL 0<br/>@CRY 5 F","0","0","60%","-3%","1","0","2","0","0","0","0","0","0","0","0","0","0","0","0","0","0","0","0","0","0","0","0","0","0","0","0","0","0"
"*03am7*","Jacob Murphy","NEW","M","173","BBFC","NEW 4<br/>@BRF 2 F","0","0","56%","0%","0","0","0","0","0","0","0","0","0","0","0","0","0","0","0","0","0","0","0","0","0","0","0","0","0","0","0","0","0"
"*05raa*","Hugo Bueno","WOL","D","365","FA","WOL 0<br/>@LIV 2 F","0","0","54%","-1%","0","0","0","0","0","0","0","0","0","0","0","0","0","0","0","0","0","0","0","0","0","0","0","0","0","0","0","0","0"
"*067ys*","Jack Hinshelwood","BHA","M","324","FA","MUN 2<br/>@BHA 0 F","0","0","53%","+9%","0","0","0","0","0","0","0","0","0","0","0","0","0","0","0","0","0","0","0","0","0","0","0","0","0","0","0","0","0"
"*04adp*","Aaron Wan-Bissaka","MUN","D","203","MID","MUN 2<br/>@BHA 0 F","0","0","46%","0%","0","0","0","0","0","0","0","0","0","0","0","0","0","0","0","0","0","0","0","0","0","0","0","0","0","0","0","0","0"
"*05t6x*","William Osula","SHU","F","426","FA","TOT 3<br/>@SHU 0 F","0","0","45%","+3%","0","0","0","0","0","0","0","0","0","0","0","0","0","0","0","0","0","0","0","0","0","0","0","0","0","0","0","0","0"
"*05uor*","Yoane Wissa","BRF","F","71","Slab","NEW 4<br/>@BRF 2 F","0","0","45%","-1%","0","0","0","0","0","0","0","0","0","0","0","0","0","0","0","0","0","0","0","0","0","0","0","0","0","0","0","0","0"
"*0554i*","Joelinton","NEW","M","216","BBFC","NEW 4<br/>@BRF 2 F","0","0","43%","+1%","0","0","0","0","0","0","0","0","0","0","0","0","0","0","0","0","0","0","0","0","0","0","0","0","0","0","0","0","0"
"*052cb*","Ian Maatsen","CHE","D","463","FA","BOU 1<br/>@CHE 2 F","0","0","40%","-2%","0","0","0","0","0","0","0","0","0","0","0","0","0","0","0","0","0","0","0","0","0","0","0","0","0","0","0","0","0"
"*03frx*","Ola Aina","NOT","D","246","FA","NOT 2<br/>@BUR 1 F","0","0","39%","-8%","0","0","0","0","0","0","0","0","0","0","0","0","0","0","0","0","0","0","0","0","0","0","0","0","0","0","0","0","0"
"*06clt*","Justin Kluivert","BOU","M,F","171","FA","BOU 1<br/>@CHE 2 F","0","0","35%","+1%","0","0","0","0","0","0","0","0","0","0","0","0","0","0","0","0","0","0","0","0","0","0","0","0","0","0","0","0","0"
"*052ca*","Ezri Konsa","AVL","D","140","FA","AVL 0<br/>@CRY 5 F","0","0","34%","-1%","0","0","0","0","0","0","0","0","0","0","0","0","0","0","0","0","0","0","0","0","0","0","0","0","0","0","0","0","0"
"*04sat*","Emile Smith Rowe","ARS","M","404","FA","EVE 1<br/>@ARS 2 F","0","0","33%","+2%","0","0","0","0","0","0","0","0","0","0","0","0","0","0","0","0","0","0","0","0","0","0","0","0","0","0","0","0","0"
"*0647t*","Lucas Paqueta","WHU","M","52","Slab","WHU 1<br/>@MCI 3 F","0","0","32%","0%","0","0","0","0","0","0","0","0","0","0","0","0","0","0","0","0","0","0","0","0","0","0","0","0","0","0","0","0","0"
"*05oeh*","Kenny Tete","FUL","D","336","MID","FUL 4<br/>@LUT 2 F","0","0","32%","0%","0","0","0","0","0","0","0","0","0","0","0","0","0","0","0","0","0","0","0","0","0","0","0","0","0","0","0","0","0"
"*051kl*","Emiliano Buendia","AVL","M","595","FA","AVL 0<br/>@CRY 5 F","0","0","30%","+1%","0","0","0","0","0","0","0","0","0","0","0","0","0","0","0","0","0","0","0","0","0","0","0","0","0","0","0","0","0"
"*068yc*","Yasin Ayari","BHA","M","571","FA","MUN 2<br/>@BHA 0 F","0","0","30%","-3%","0","0","0","0","0","0","0","0","0","0","0","0","0","0","0","0","0","0","0","0","0","0","0","0","0","0","0","0","0"
"*05opl*","Wesley Fofana","CHE","D","651","FA","BOU 1<br/>@CHE 2 F","0","0","26%","+1%","0","0","0","0","0","0","0","0","0","0","0","0","0","0","0","0","0","0","0","0","0","0","0","0","0","0","0","0","0"
"*062ts*","Djed Spence","TOT","D","850","FA","TOT 3<br/>@SHU 0 F","0","0","26%","-2%","0","0","0","0","0","0","0","0","0","0","0","0","0","0","0","0","0","0","0","0","0","0","0","0","0","0","0","0","0"
"*05ye7*","Oscar Bobb","MCI","M","366","FA","WHU 1<br/>@MCI 3 F","0","0","26%","+4%","0","0","0","0","0","0","0","0","0","0","0","0","0","0","0","0","0","0","0","0","0","0","0","0","0","0","0","0","0"
"*04qfm*","Ryan Sessegnon","TOT","D","842","FA","TOT 3<br/>@SHU 0 F","0","0","25%","-1%","0","0","0","0","0","0","0","0","0","0","0","0","0","0","0","0","0","0","0","0","0","0","0","0","0","0","0","0","0"
"*0626q*","Simon Adingra","BHA","F","98","RDN","MUN 2<br/>@BHA 0 F","0","0","23%","0%","0","0","0","0","0","0","0","0","0","0","0","0","0","0","0","0","0","0","0","0","0","0","0","0","0","0","0","0","0"
"*05uhj*","Conor Bradley","LIV","D","251","W’s","WOL 0<br/>@LIV 2 F","0","0","21%","0%","0","0","0","0","0","0","0","0","0","0","0","0","0","0","0","0","0","0","0","0","0","0","0","0","0","0","0","0","0"
"*06fwi*","Carlos Baleba","BHA","M","287","FA","MUN 2<br/>@BHA 0 F","0","0","20%","+1%","1","0","1","0","0","0","0","0","0","0","0","0","0","0","0","0","0","0","0","0","0","0","0","0","0","0","0","1","0"
"*0554g*","Calvin Bassey","FUL","D","220","FA","FUL 4<br/>@LUT 2 F","0","0","17%","+5%","0","0","0","0","0","0","0","0","0","0","0","0","0","0","0","0","0","0","0","0","0","0","0","0","0","0","0","0","0"
"*052cd*","Mason Mount","MUN","M","373","FA","MUN 2<br/>@BHA 0 F","0","0","17%","0%","0","0","0","0","0","0","0","0","0","0","0","0","0","0","0","0","0","0","0","0","0","0","0","0","0","0","0","0","0"
"*05w90*","Maxwel Cornet","WHU","M","448","FA","WHU 1<br/>@MCI 3 F","0","0","17%","0%","0","0","0","0","0","0","0","0","0","0","0","0","0","0","0","0","0","0","0","0","0","0","0","0","0","0","0","0","0"
"*03hff*","Josh Cullen","BUR","M","159","W’s","NOT 2<br/>@BUR 1 F","0","0","16%","0%","0","0","0","0","0","0","0","0","0","0","0","0","0","0","0","0","0","0","0","0","0","0","0","0","0","0","0","0","0"
"*03rec*","Tyrone Mings","AVL","D","512","FA","AVL 0<br/>@CRY 5 F","0","0","12%","-1%","0","0","0","0","0","0","0","0","0","0","0","0","0","0","0","0","0","0","0","0","0","0","0","0","0","0","0","0","0"
"*068yt*","Sasa Lukic","FUL","M","312","FA","FUL 4<br/>@LUT 2 F","0","0","12%","+1%","0","0","0","0","0","0","0","0","0","0","0","0","0","0","0","0","0","0","0","0","0","0","0","0","0","0","0","0","0"
"*062pl*","Lisandro Martinez","MUN","D","405","FA","MUN 2<br/>@BHA 0 F","0","0","12%","+3%","0","0","0","0","0","0","0","0","0","0","0","0","0","0","0","0","0","0","0","0","0","0","0","0","0","0","0","0","0"
"*045c8*","Gabriel Jesus","ARS","F","141","BBFC","EVE 1<br/>@ARS 2 F","0","0","10%","0%","0","0","0","0","0","0","0","0","0","0","0","0","0","0","0","0","0","0","0","0","0","0","0","0","0","0","0","0","0"
"*062h7*","Tyler Adams","LEE/BOU","M","468","FA","BOU 1<br/>@CHE 2 F","0","0","8%","0%","0","0","0","0","0","0","0","0","0","0","0","0","0","0","0","0","0","0","0","0","0","0","0","0","0","0","0","0","0"
"*06fwx*","Santiago Bueno","WOL","D","400","FA","WOL 0<br/>@LIV 2 F","0","0","8%","0%","0","0","0","0","0","0","0","0","0","0","0","0","0","0","0","0","0","0","0","0","0","0","0","0","0","0","0","0","0"
"*04rh9*","David Brooks","BOU","M","383","FA","BOU 1<br/>@CHE 2 F","0","0","8%","0%","0","0","0","0","0","0","0","0","0","0","0","0","0","0","0","0","0","0","0","0","0","0","0","0","0","0","0","0","0"
"*04gw7*","Jadon Sancho","MUN","M","487","FA","MUN 2<br/>@BHA 0 F","0","0","7%","-4%","0","0","0","0","0","0","0","0","0","0","0","0","0","0","0","0","0","0","0","0","0","0","0","0","0","0","0","0","0"
"*06fxu*","Ibrahim Sangare","NOT","M","338","FA","NOT 2<br/>@BUR 1 F","0","0","7%","-1%","0","0","0","0","0","0","0","0","0","0","0","0","0","0","0","0","0","0","0","0","0","0","0","0","0","0","0","0","0"
"*03yeg*","Tosin Adarabioyo","FUL","D","218","FA","FUL 4<br/>@LUT 2 F","0","0","7%","-3%","0","0","0","0","0","0","0","0","0","0","0","0","0","0","0","0","0","0","0","0","0","0","0","0","0","0","0","0","0"
"*06crm*","Pau Torres","AVL","D","202","FA","AVL 0<br/>@CRY 5 F","0","0","7%","-1%","0","0","0","0","0","0","0","0","0","0","0","0","0","0","0","0","0","0","0","0","0","0","0","0","0","0","0","0","0"
"*06c4o*","Lyle Foster","BUR","F","219","FA","NOT 2<br/>@BUR 1 F","0","0","6%","0%","0","0","0","0","0","0","0","0","0","0","0","0","0","0","0","0","0","0","0","0","0","0","0","0","0","0","0","0","0"
"*062x7*","Rico Lewis","MCI","D","340","FA","WHU 1<br/>@MCI 3 F","0","0","6%","0%","0","0","0","0","0","0","0","0","0","0","0","0","0","0","0","0","0","0","0","0","0","0","0","0","0","0","0","0","0"
"*05ojf*","Fabio Carvalho","LIV","M","608","FA","WOL 0<br/>@LIV 2 F","0","0","4%","0%","0","0","0","0","0","0","0","0","0","0","0","0","0","0","0","0","0","0","0","0","0","0","0","0","0","0","0","0","0"
"*06kqy*","Ayden Heaven","ARS","D","695","FA","EVE 1<br/>@ARS 2 F","0","0","4%","-2%","0","0","0","0","0","0","0","0","0","0","0","0","0","0","0","0","0","0","0","0","0","0","0","0","0","0","0","0","0"
"*06jh3*","Joshua King","FUL","M","727","FA","FUL 4<br/>@LUT 2 F","0","0","4%","0%","0","0","0","0","0","0","0","0","0","0","0","0","0","0","0","0","0","0","0","0","0","0","0","0","0","0","0","0","0"
"*06kwp*","Josh Acheampong","CHE","D","506","FA","BOU 1<br/>@CHE 2 F","0","0","4%","0%","0","0","0","0","0","0","0","0","0","0","0","0","0","0","0","0","0","0","0","0","0","0","0","0","0","0","0","0","0"
"*06eo0*","Lesley Ugochukwu","CHE","M,F","441","FA","BOU 1<br/>@CHE 2 F","0","0","3%","0%","0","0","0","0","0","0","0","0","0","0","0","0","0","0","0","0","0","0","0","0","0","0","0","0","0","0","0","0","0"
"*05w91*","Hwang Hee-Chan","WOL","F","128","FA","WOL 0<br/>@LIV 2 F","0","0","3%","0%","0","0","0","0","0","0","0","0","0","0","0","0","0","0","0","0","0","0","0","0","0","0","0","0","0","0","0","0","0"
"*05ts6*","Yerson Mosquera","WOL","D","770","FA","WOL 0<br/>@LIV 2 F","0","0","3%","0%","0","0","0","0","0","0","0","0","0","0","0","0","0","0","0","0","0","0","0","0","0","0","0","0","0","0","0","0","0"
"*03r93*","Joseph Gomez","LIV","D","166","CC FC","WOL 0<br/>@LIV 2 F","0","0","3%","+1%","0","0","0","0","0","0","0","0","0","0","0","0","0","0","0","0","0","0","0","0","0","0","0","0","0","0","0","0","0"
"*05t6z*","Tim Iroegbunam","AVL","M","469","FA","AVL 0<br/>@CRY 5 F","0","0","3%","0%","0","0","0","0","0","0","0","0","0","0","0","0","0","0","0","0","0","0","0","0","0","0","0","0","0","0","0","0","0"
"*068a0*","Andrey Santos","CHE/NOT","M","778","FA","NOT 2<br/>@BUR 1 F","0","0","2%","0%","0","0","0","0","0","0","0","0","0","0","0","0","0","0","0","0","0","0","0","0","0","0","0","0","0","0","0","0","0"
"*05t6y*","Hannibal Mejbri","MUN","M","449","FA","MUN 2<br/>@BHA 0 F","0","0","2%","0%","0","0","0","0","0","0","0","0","0","0","0","0","0","0","0","0","0","0","0","0","0","0","0","0","0","0","0","0","0"
"*04u41*","Mateo Kovacic","MCI","M","272","FA","WHU 1<br/>@MCI 3 F","0","0","2%","0%","0","0","0","0","0","0","0","0","0","0","0","0","0","0","0","0","0","0","0","0","0","0","0","0","0","0","0","0","0"
"*04ge6*","Joe Willock","NEW","M","387","FA","NEW 4<br/>@BRF 2 F","0","0","2%","-1%","0","0","0","0","0","0","0","0","0","0","0","0","0","0","0","0","0","0","0","0","0","0","0","0","0","0","0","0","0"
"*06c4h*","Hjalmar Ekdal","BUR","D","444","FA","NOT 2<br/>@BUR 1 F","0","0","2%","0%","0","0","0","0","0","0","0","0","0","0","0","0","0","0","0","0","0","0","0","0","0","0","0","0","0","0","0","0","0"
"*06kx1*","Justin Devenny","CRY","M","634","FA","AVL 0<br/>@CRY 5 F","0","0","2%","0%","0","0","0","0","0","0","0","0","0","0","0","0","0","0","0","0","0","0","0","0","0","0","0","0","0","0","0","0","0"
"*06l4i*","Tyrique George","CHE","F","667","FA","BOU 1<br/>@CHE 2 F","0","0","2%","0%","0","0","0","0","0","0","0","0","0","0","0","0","0","0","0","0","0","0","0","0","0","0","0","0","0","0","0","0","0"
"*05unu*","Romeo Lavia","SOU/CHE","M","534","FA","BOU 1<br/>@CHE 2 F","0","0","2%","-1%","0","0","0","0","0","0","0","0","0","0","0","0","0","0","0","0","0","0","0","0","0","0","0","0","0","0","0","0","0"
"*05tqz*","Rico Henry","BRF","D","389","FA","NEW 4<br/>@BRF 2 F","0","0","2%","0%","0","0","0","0","0","0","0","0","0","0","0","0","0","0","0","0","0","0","0","0","0","0","0","0","0","0","0","0","0"
"*06329*","Manor Solomon","TOT","F","386","FA","TOT 3<br/>@SHU 0 F","0","0","1%","0%","0","0","0","0","0","0","0","0","0","0","0","0","0","0","0","0","0","0","0","0","0","0","0","0","0","0","0","0","0"
"*066sh*","Bashir Humphreys","CHE","D","711","FA","BOU 1<br/>@CHE 2 F","0","0","1%","0%","0","0","0","0","0","0","0","0","0","0","0","0","0","0","0","0","0","0","0","0","0","0","0","0","0","0","0","0","0"
"*043c1*","Oleksandr Zinchenko","ARS","D","135","FA","EVE 1<br/>@ARS 2 F","0","0","1%","0%","0","0","0","0","0","0","0","0","0","0","0","0","0","0","0","0","0","0","0","0","0","0","0","0","0","0","0","0","0"
"*035n1*","Bertrand Traore","AVL","M","531","FA","AVL 0<br/>@CRY 5 F","0","0","1%","0%","0","0","0","0","0","0","0","0","0","0","0","0","0","0","0","0","0","0","0","0","0","0","0","0","0","0","0","0","0"
"*04e1k*","Solly March","BHA","M","314","FA","MUN 2<br/>@BHA 0 F","0","0","1%","0%","0","0","0","0","0","0","0","0","0","0","0","0","0","0","0","0","0","0","0","0","0","0","0","0","0","0","0","0","0"
"*066nn*","Ben Doak","LIV","F","543","FA","WOL 0<br/>@LIV 2 F","0","0","1%","0%","0","0","0","0","0","0","0","0","0","0","0","0","0","0","0","0","0","0","0","0","0","0","0","0","0","0","0","0","0"
"*06lox*","Mikey Moore","TOT","M","541","FA","TOT 3<br/>@SHU 0 F","0","0","1%","0%","0","0","0","0","0","0","0","0","0","0","0","0","0","0","0","0","0","0","0","0","0","0","0","0","0","0","0","0","0"
"*068a1*","Mykhailo Mudryk","CHE","M","150","Slab","BOU 1<br/>@CHE 2 F","0","0","1%","0%","0","0","0","0","0","0","0","0","0","0","0","0","0","0","0","0","0","0","0","0","0","0","0","0","0","0","0","0","0"
"*06hze*","Treymaurice Nyoni","LIV","M","784","FA","WOL 0<br/>@LIV 2 F","0","0","1%","0%","0","0","0","0","0","0","0","0","0","0","0","0","0","0","0","0","0","0","0","0","0","0","0","0","0","0","0","0","0"
"*02t1k*","Nathaniel Clyne","CRY","D","317","FA","AVL 0<br/>@CRY 5 F","0","0","1%","0%","0","0","0","0","0","0","0","0","0","0","0","0","0","0","0","0","0","0","0","0","0","0","0","0","0","0","0","0","0"
"*06635*","Oliver Scarles","WHU","D","839","FA","WHU 1<br/>@MCI 3 F","0","0","1%","0%","0","0","0","0","0","0","0","0","0","0","0","0","0","0","0","0","0","0","0","0","0","0","0","0","0","0","0","0","0"
"*067x6*","Max Alleyne","MCI","D","558","FA","WHU 1<br/>@MCI 3 F","0","0","1%","0%","0","0","0","0","0","0","0","0","0","0","0","0","0","0","0","0","0","0","0","0","0","0","0","0","0","0","0","0","0"
"*02lv9*","James Milner","BHA","M","333","FA","MUN 2<br/>@BHA 0 F","0","0","1%","0%","0","0","0","0","0","0","0","0","0","0","0","0","0","0","0","0","0","0","0","0","0","0","0","0","0","0","0","0","0"
"*06ime*","Radu Dragusin","TOT","D","414","thomas","TOT 3<br/>@SHU 0 F","0","0","1%","0%","0","0","0","0","0","0","0","0","0","0","0","0","0","0","0","0","0","0","0","0","0","0","0","0","0","0","0","0","0"
"*06804*","Benoit Badiashile","CHE","D","308","FA","BOU 1<br/>@CHE 2 F","0","0","1%","0%","0","0","0","0","0","0","0","0","0","0","0","0","0","0","0","0","0","0","0","0","0","0","0","0","0","0","0","0","0"
"*062p0*","Stefan Bajcetic","LIV","M","515","FA","WOL 0<br/>@LIV 2 F","0","0","1%","0%","0","0","0","0","0","0","0","0","0","0","0","0","0","0","0","0","0","0","0","0","0","0","0","0","0","0","0","0","0"
"*062ot*","Cheick Doucoure","CRY","M","327","FA","AVL 0<br/>@CRY 5 F","0","0","1%","0%","0","0","0","0","0","0","0","0","0","0","0","0","0","0","0","0","0","0","0","0","0","0","0","0","0","0","0","0","0"
"*061xs*","Julio Enciso","BHA","F","374","FA","MUN 2<br/>@BHA 0 F","0","0","1%","0%","0","0","0","0","0","0","0","0","0","0","0","0","0","0","0","0","0","0","0","0","0","0","0","0","0","0","0","0","0"
"*05n3v*","Konstantinos Tsimikas","LIV","D","292","FA","WOL 0<br/>@LIV 2 F","0","0","1%","0%","1","0","1","0","0","0","0","0","0","0","0","0","0","0","0","0","0","0","0","0","0","0","0","0","0","0","0","0","0"
"*05yct*","Nathan Patterson","EVE","D","320","FA","EVE 1<br/>@ARS 2 F","0","0","1%","0%","0","0","0","0","0","0","0","0","0","0","0","0","0","0","0","0","0","0","0","0","0","0","0","0","0","0","0","0","0"
"*068yr*","Hamed Traore","BOU","M","481","FA","BOU 1<br/>@CHE 2 F","0","0","1%","0%","0","0","0","0","0","0","0","0","0","0","0","0","0","0","0","0","0","0","0","0","0","0","0","0","0","0","0","0","0"
"*06kyw*","Claudio Echeverri","MCI","M","645","FA","WHU 1<br/>@MCI 3 F","0","0","0%","0%","0","0","0","0","0","0","0","0","0","0","0","0","0","0","0","0","0","0","0","0","0","0","0","0","0","0","0","0","0"
"*04azm*","Connor Roberts","BUR","D","434","FA","NOT 2<br/>@BUR 1 F","0","0","0%","0%","0","0","0","0","0","0","0","0","0","0","0","0","0","0","0","0","0","0","0","0","0","0","0","0","0","0","0","0","0"
"*062og*","Aaron Hickey","BRF","D","423","FA","NEW 4<br/>@BRF 2 F","0","0","0%","0%","0","0","0","0","0","0","0","0","0","0","0","0","0","0","0","0","0","0","0","0","0","0","0","0","0","0","0","0","0"
"*06442*","Zach Abbott","NOT","D","550","FA","NOT 2<br/>@BUR 1 F","0","0","0%","0%","0","0","0","0","0","0","0","0","0","0","0","0","0","0","0","0","0","0","0","0","0","0","0","0","0","0","0","0","0"
"*06dmn*","George Earthy","WHU","M","478","FA","WHU 1<br/>@MCI 3 F","0","0","0%","0%","0","0","0","0","0","0","0","0","0","0","0","0","0","0","0","0","0","0","0","0","0","0","0","0","0","0","0","0","0"
"*056ir*","Adam Webster","BHA","D","323","MID","MUN 2<br/>@BHA 0 F","0","0","0%","0%","0","0","0","0","0","0","0","0","0","0","0","0","0","0","0","0","0","0","0","0","0","0","0","0","0","0","0","0","0"
"*061xw*","Joe Worrall","NOT","D","425","FA","NOT 2<br/>@BUR 1 F","0","0","0%","0%","0","0","0","0","0","0","0","0","0","0","0","0","0","0","0","0","0","0","0","0","0","0","0","0","0","0","0","0","0"
"*04qr0*","Willy Boly","NOT","D","164","Laeka B","NOT 2<br/>@BUR 1 F","0","0","0%","0%","0","0","0","0","0","0","0","0","0","0","0","0","0","0","0","0","0","0","0","0","0","0","0","0","0","0","0","0","0"
"*05746*","Emil Krafth","NEW","D","337","RDN","NEW 4<br/>@BRF 2 F","0","0","0%","0%","1","0","1","0","0","0","0","0","0","0","0","0","0","0","0","0","0","0","0","0","0","0","0","0","0","0","0","0","0"
"*06eka*","Igor Julio","BHA","D","288","FA","MUN 2<br/>@BHA 0 F","0","0","0%","0%","0","0","0","0","0","0","0","0","0","0","0","0","0","0","0","0","0","0","0","0","0","0","0","0","0","0","0","0","0"
"*06l2r*","Harry Amass","MUN","D","561","FA","MUN 2<br/>@BHA 0 F","0","0","0%","0%","0","0","0","0","0","0","0","0","0","0","0","0","0","0","0","0","0","0","0","0","0","0","0","0","0","0","0","0","0"
"*06dpv*","Omari Kellyman","AVL","M","538","FA","AVL 0<br/>@CRY 5 F","0","0","0%","0%","0","0","0","0","0","0","0","0","0","0","0","0","0","0","0","0","0","0","0","0","0","0","0","0","0","0","0","0","0"
"*05nip*","Dane Scarlett","TOT","F","521","FA","TOT 3<br/>@SHU 0 F","0","0","0%","0%","0","0","0","0","0","0","0","0","0","0","0","0","0","0","0","0","0","0","0","0","0","0","0","0","0","0","0","0","0"
"*061z3*","Fabio Vieira","ARS","M","393","FA","EVE 1<br/>@ARS 2 F","0","0","0%","0%","0","0","0","0","0","0","0","0","0","0","0","0","0","0","0","0","0","0","0","0","0","0","0","0","0","0","0","0","0"
"*06kyx*","Andy Irving","WHU","M","717","FA","WHU 1<br/>@MCI 3 F","0","0","0%","0%","0","0","0","0","0","0","0","0","0","0","0","0","0","0","0","0","0","0","0","0","0","0","0","0","0","0","0","0","0"
"*06dqv*","Luca Koleosho","BUR","F","315","FA","NOT 2<br/>@BUR 1 F","0","0","0%","0%","0","0","0","0","0","0","0","0","0","0","0","0","0","0","0","0","0","0","0","0","0","0","0","0","0","0","0","0","0"
"*03vll*","Michail Antonio","WHU","F","238","CC FC","WHU 1<br/>@MCI 3 F","0","0","0%","0%","0","0","0","0","0","0","0","0","0","0","0","0","0","0","0","0","0","0","0","0","0","0","0","0","0","0","0","0","0"
"*06clx*","Jordan Beyer","BUR","D","303","FA","NOT 2<br/>@BUR 1 F","0","0","0%","0%","0","0","0","0","0","0","0","0","0","0","0","0","0","0","0","0","0","0","0","0","0","0","0","0","0","0","0","0","0"
"*06klv*","Jayden Danns","LIV","F","903","FA","WOL 0<br/>@LIV 2 F","0","0","0%","0%","0","0","0","0","0","0","0","0","0","0","0","0","0","0","0","0","0","0","0","0","0","0","0","0","0","0","0","0","0"
"*05ue7*","Frank Onyeka","BRF","M","236","FA","NEW 4<br/>@BRF 2 F","0","0","0%","0%","0","0","0","0","0","0","0","0","0","0","0","0","0","0","0","0","0","0","0","0","0","0","0","0","0","0","0","0","0"
"*05rjn*","Jesurun Rak-Sakyi","CRY","M","465","FA","AVL 0<br/>@CRY 5 F","0","0","0%","0%","0","0","0","0","0","0","0","0","0","0","0","0","0","0","0","0","0","0","0","0","0","0","0","0","0","0","0","0","0"
"*05x9k*","Jeremy Sarmiento","BHA","F","834","FA","MUN 2<br/>@BHA 0 F","0","0","0%","0%","0","0","0","0","0","0","0","0","0","0","0","0","0","0","0","0","0","0","0","0","0","0","0","0","0","0","0","0","0"
"*0649i*","Antony","MUN","F","221","FA","MUN 2<br/>@BHA 0 F","0","0","0%","0%","0","0","0","0","0","0","0","0","0","0","0","0","0","0","0","0","0","0","0","0","0","0","0","0","0","0","0","0","0"
"*066iz*","Lewis Orford","WHU","M","795","FA","WHU 1<br/>@MCI 3 F","0","0","0%","0%","0","0","0","0","0","0","0","0","0","0","0","0","0","0","0","0","0","0","0","0","0","0","0","0","0","0","0","0","0"
"*06few*","Youssef Chermiti","EVE","F","459","FA","EVE 1<br/>@ARS 2 F","0","0","0%","0%","1","0","1","0","0","0","0","0","0","0","0","0","0","0","0","0","0","0","0","0","0","0","0","0","0","0","0","0","0"
"*06fy5*","Mike Tresor","BUR","F","416","FA","NOT 2<br/>@BUR 1 F","0","0","0%","0%","0","0","0","0","0","0","0","0","0","0","0","0","0","0","0","0","0","0","0","0","0","0","0","0","0","0","0","0","0"
"*05wwd*","Joshua Wilson-Esbrand","MCI","D","885","FA","WHU 1<br/>@MCI 3 F","0","0","0%","0%","0","0","0","0","0","0","0","0","0","0","0","0","0","0","0","0","0","0","0","0","0","0","0","0","0","0","0","0","0"
"*04f67*","Philip Billing","BOU","M","206","FA","BOU 1<br/>@CHE 2 F","0","0","0%","0%","0","0","0","0","0","0","0","0","0","0","0","0","0","0","0","0","0","0","0","0","0","0","0","0","0","0","0","0","0"
"*06ewy*","Alex Murphy","NEW","D","513","FA","NEW 4<br/>@BRF 2 F","0","0","0%","0%","0","0","0","0","0","0","0","0","0","0","0","0","0","0","0","0","0","0","0","0","0","0","0","0","0","0","0","0","0"
"*05oji*","Rhys Williams","LIV","D","884","FA","WOL 0<br/>@LIV 2 F","0","0","0%","0%","0","0","0","0","0","0","0","0","0","0","0","0","0","0","0","0","0","0","0","0","0","0","0","0","0","0","0","0","0"
"*06ib6*","Tawanda Chirewa","WOL","M","482","FA","WOL 0<br/>@LIV 2 F","0","0","0%","0%","0","0","0","0","0","0","0","0","0","0","0","0","0","0","0","0","0","0","0","0","0","0","0","0","0","0","0","0","0"
"*06crn*","Toby Collyer","MUN","M","618","FA","MUN 2<br/>@BHA 0 F","0","0","0%","0%","0","0","0","0","0","0","0","0","0","0","0","0","0","0","0","0","0","0","0","0","0","0","0","0","0","0","0","0","0"
"*05uh9*","Bryan Gil","TOT","F","446","FA","TOT 3<br/>@SHU 0 F","0","0","0%","0%","0","0","0","0","0","0","0","0","0","0","0","0","0","0","0","0","0","0","0","0","0","0","0","0","0","0","0","0","0"
"*062cl*","Issa Kabore","LUT","D","235","Slab","FUL 4<br/>@LUT 2 F","0","0","0%","0%","0","0","0","0","0","0","0","0","0","0","0","0","0","0","0","0","0","0","0","0","0","0","0","0","0","0","0","0","0"
"*061z5*","Calvin Ramsay","LIV","D","818","FA","WOL 0<br/>@LIV 2 F","0","0","0%","0%","0","0","0","0","0","0","0","0","0","0","0","0","0","0","0","0","0","0","0","0","0","0","0","0","0","0","0","0","0"
"*05o8k*","Fabio Silva","WOL","F","453","FA","WOL 0<br/>@LIV 2 F","0","0","0%","0%","0","0","0","0","0","0","0","0","0","0","0","0","0","0","0","0","0","0","0","0","0","0","0","0","0","0","0","0","0"
"*0372y*","Matt Targett","NEW","D","902","FA","NEW 4<br/>@BRF 2 F","0","0","0%","0%","0","0","0","0","0","0","0","0","0","0","0","0","0","0","0","0","0","0","0","0","0","0","0","0","0","0","0","0","0"
"*06l4c*","Ethan Wheatley","MUN","F","514","FA","MUN 2<br/>@BHA 0 F","0","0","0%","0%","0","0","0","0","0","0","0","0","0","0","0","0","0","0","0","0","0","0","0","0","0","0","0","0","0","0","0","0","0"
"*067y2*","Daniel Adu-Addei","BOU","M","553","FA","BOU 1<br/>@CHE 2 F","0","0","0%","0%","0","0","0","0","0","0","0","0","0","0","0","0","0","0","0","0","0","0","0","0","0","0","0","0","0","0","0","0","0"
"*04u6i*","Leander Dendoncker","AVL","M","442","FA","AVL 0<br/>@CRY 5 F","0","0","0%","0%","0","0","0","0","0","0","0","0","0","0","0","0","0","0","0","0","0","0","0","0","0","0","0","0","0","0","0","0","0"
"*066t3*","Jamie Donley","TOT","F","900","FA","TOT 3<br/>@SHU 0 F","0","0","0%","0%","0","0","0","0","0","0","0","0","0","0","0","0","0","0","0","0","0","0","0","0","0","0","0","0","0","0","0","0","0"
"*06fwo*","Enso Gonzalez","WOL","F","536","FA","WOL 0<br/>@LIV 2 F","0","0","0%","0%","0","0","0","0","0","0","0","0","0","0","0","0","0","0","0","0","0","0","0","0","0","0","0","0","0","0","0","0","0"
"*05uhl*","Kaide Gordon","LIV","F","537","FA","WOL 0<br/>@LIV 2 F","0","0","0%","0%","0","0","0","0","0","0","0","0","0","0","0","0","0","0","0","0","0","0","0","0","0","0","0","0","0","0","0","0","0"
"*06492*","Sasa Kalajdzic","WOL","F","424","FA","WOL 0<br/>@LIV 2 F","0","0","0%","0%","0","0","0","0","0","0","0","0","0","0","0","0","0","0","0","0","0","0","0","0","0","0","0","0","0","0","0","0","0"
"*06ils*","Yunus Konak","BRF","M","732","FA","NEW 4<br/>@BRF 2 F","0","0","0%","0%","0","0","0","0","0","0","0","0","0","0","0","0","0","0","0","0","0","0","0","0","0","0","0","0","0","0","0","0","0"
"*03pig*","Jamaal Lascelles","NEW","D","297","FA","NEW 4<br/>@BRF 2 F","0","0","0%","0%","0","0","0","0","0","0","0","0","0","0","0","0","0","0","0","0","0","0","0","0","0","0","0","0","0","0","0","0","0"
"*06hcm*","Callum Marshall","WHU","F","751","FA","WHU 1<br/>@MCI 3 F","0","0","0%","0%","0","0","0","0","0","0","0","0","0","0","0","0","0","0","0","0","0","0","0","0","0","0","0","0","0","0","0","0","0"
"*05r93*","Tyler Onyango","EVE","M","794","FA","EVE 1<br/>@ARS 2 F","0","0","0%","0%","0","0","0","0","0","0","0","0","0","0","0","0","0","0","0","0","0","0","0","0","0","0","0","0","0","0","0","0","0"
"*062op*","Omar Richards","NOT","D","824","FA","NOT 2<br/>@BUR 1 F","0","0","0%","0%","0","0","0","0","0","0","0","0","0","0","0","0","0","0","0","0","0","0","0","0","0","0","0","0","0","0","0","0","0"
"*062oi*","Kaden Rodney","CRY","M","826","FA","AVL 0<br/>@CRY 5 F","0","0","0%","0%","0","0","0","0","0","0","0","0","0","0","0","0","0","0","0","0","0","0","0","0","0","0","0","0","0","0","0","0","0"
"*066se*","Charles Sagoe Junior","ARS","F","830","FA","EVE 1<br/>@ARS 2 F","0","0","0%","0%","0","0","0","0","0","0","0","0","0","0","0","0","0","0","0","0","0","0","0","0","0","0","0","0","0","0","0","0","0"
"*06cly*","Enock Agyei","BUR","F","555","FA","NOT 2<br/>@BUR 1 F","0","0","0%","0%","0","0","0","0","0","0","0","0","0","0","0","0","0","0","0","0","0","0","0","0","0","0","0","0","0","0","0","0","0"
"*06kwh*","Benjamin Arthur","BRF","D","568","FA","NEW 4<br/>@BRF 2 F","0","0","0%","0%","0","0","0","0","0","0","0","0","0","0","0","0","0","0","0","0","0","0","0","0","0","0","0","0","0","0","0","0","0"
"*05re5*","Carney Chukwuemeka","CHE","M","432","FA","BOU 1<br/>@CHE 2 F","0","0","0%","0%","0","0","0","0","0","0","0","0","0","0","0","0","0","0","0","0","0","0","0","0","0","0","0","0","0","0","0","0","0"
"*048xg*","Josh Dasilva","BRF","M","505","FA","NEW 4<br/>@BRF 2 F","0","0","0%","0%","0","0","0","0","0","0","0","0","0","0","0","0","0","0","0","0","0","0","0","0","0","0","0","0","0","0","0","0","0"
"*05tz8*","Emmanuel Dennis","NOT","F","633","FA","NOT 2<br/>@BUR 1 F","0","0","0%","0%","0","0","0","0","0","0","0","0","0","0","0","0","0","0","0","0","0","0","0","0","0","0","0","0","0","0","0","0","0"
"*062ck*","Malcolm Ebiowei","CRY","M,F","644","FA","AVL 0<br/>@CRY 5 F","0","0","0%","0%","0","0","0","0","0","0","0","0","0","0","0","0","0","0","0","0","0","0","0","0","0","0","0","0","0","0","0","0","0"
"*063dz*","Luke Harris","FUL","M","498","FA","FUL 4<br/>@LUT 2 F","0","0","0%","0%","0","0","0","0","0","0","0","0","0","0","0","0","0","0","0","0","0","0","0","0","0","0","0","0","0","0","0","0","0"
"*06kji*","Ollie Harrison","CHE","M","690","FA","BOU 1<br/>@CHE 2 F","0","0","0%","0%","0","0","0","0","0","0","0","0","0","0","0","0","0","0","0","0","0","0","0","0","0","0","0","0","0","0","0","0","0"
"*062ft*","Tyrell Malacia","MUN","D","747","FA","MUN 2<br/>@BHA 0 F","0","0","0%","0%","0","0","0","0","0","0","0","0","0","0","0","0","0","0","0","0","0","0","0","0","0","0","0","0","0","0","0","0","0"
"*06c4p*","Benson Manuel","BUR","F","472","FA","NOT 2<br/>@BUR 1 F","0","0","0%","0%","0","0","0","0","0","0","0","0","0","0","0","0","0","0","0","0","0","0","0","0","0","0","0","0","0","0","0","0","0"
"*06do3*","James McConnell","LIV","M","525","FA","WOL 0<br/>@LIV 2 F","0","0","0%","0%","1","0","1","0","0","0","0","0","0","0","0","0","0","0","0","0","0","0","0","0","0","0","0","0","0","0","0","0","0"
"*05vyh*","Andy Moran","BHA","M","769","FA","MUN 2<br/>@BHA 0 F","0","0","0%","0%","0","0","0","0","0","0","0","0","0","0","0","0","0","0","0","0","0","0","0","0","0","0","0","0","0","0","0","0","0"
"*062ow*","David Ozoh","CRY","M","488","FA","AVL 0<br/>@CRY 5 F","0","0","0%","0%","0","0","0","0","0","0","0","0","0","0","0","0","0","0","0","0","0","0","0","0","0","0","0","0","0","0","0","0","0"
"*05nuf*","Myles Peart-Harris","BRF","M","519","FA","NEW 4<br/>@BRF 2 F","0","0","0%","0%","0","0","0","0","0","0","0","0","0","0","0","0","0","0","0","0","0","0","0","0","0","0","0","0","0","0","0","0","0"
"*0643v*","Dominic Sadi","BOU","M,F","548","FA","BOU 1<br/>@CHE 2 F","0","0","0%","0%","0","0","0","0","0","0","0","0","0","0","0","0","0","0","0","0","0","0","0","0","0","0","0","0","0","0","0","0","0"
"*05nsf*","Malang Sarr","CHE","D","835","FA","BOU 1<br/>@CHE 2 F","0","0","0%","0%","0","0","0","0","0","0","0","0","0","0","0","0","0","0","0","0","0","0","0","0","0","0","0","0","0","0","0","0","0"
"*066iy*","Kaelan Casey","WHU","D","529","FA","WHU 1<br/>@MCI 3 F","0","0","0%","0%","0","0","0","0","0","0","0","0","0","0","0","0","0","0","0","0","0","0","0","0","0","0","0","0","0","0","0","0","0"
"*063e8*","Goncalo Guedes","WOL","F","662","FA","WOL 0<br/>@LIV 2 F","0","0","0%","0%","0","0","0","0","0","0","0","0","0","0","0","0","0","0","0","0","0","0","0","0","0","0","0","0","0","0","0","0","0"
"*06lvm*","Tyrese Hall","TOT","M","682","FA","TOT 3<br/>@SHU 0 F","0","0","0%","0%","0","0","0","0","0","0","0","0","0","0","0","0","0","0","0","0","0","0","0","0","0","0","0","0","0","0","0","0","0"
"*035mq*","Isaac Hayden","NEW","M","693","FA","NEW 4<br/>@BRF 2 F","0","0","0%","0%","0","0","0","0","0","0","0","0","0","0","0","0","0","0","0","0","0","0","0","0","0","0","0","0","0","0","0","0","0"
"*06jfq*","Travis Hernes","NEW","M","699","FA","NEW 4<br/>@BRF 2 F","0","0","0%","0%","0","0","0","0","0","0","0","0","0","0","0","0","0","0","0","0","0","0","0","0","0","0","0","0","0","0","0","0","0"
"*044nm*","Rob Holding","ARS/CRY","D","705","FA","AVL 0<br/>@CRY 5 F","0","0","0%","0%","0","0","0","0","0","0","0","0","0","0","0","0","0","0","0","0","0","0","0","0","0","0","0","0","0","0","0","0","0"
"*04ylt*","Chris Mepham","BOU","D","361","FA","BOU 1<br/>@CHE 2 F","0","0","0%","0%","0","0","0","0","0","0","0","0","0","0","0","0","0","0","0","0","0","0","0","0","0","0","0","0","0","0","0","0","0"
"*06kud*","Amara Nallo","LIV","M","777","FA","WOL 0<br/>@LIV 2 F","0","0","0%","0%","0","0","0","0","0","0","0","0","0","0","0","0","0","0","0","0","0","0","0","0","0","0","0","0","0","0","0","0","0"
"*04mmx*","Michael Obafemi","BUR","F","516","FA","NOT 2<br/>@BUR 1 F","0","0","0%","0%","0","0","0","0","0","0","0","0","0","0","0","0","0","0","0","0","0","0","0","0","0","0","0","0","0","0","0","0","0"
"*06fwj*","Alfie Pond","WOL","D","813","FA","WOL 0<br/>@LIV 2 F","0","0","0%","0%","0","0","0","0","0","0","0","0","0","0","0","0","0","0","0","0","0","0","0","0","0","0","0","0","0","0","0","0","0"
"*0643w*","Ryan Trevitt","BRF","M","864","FA","NEW 4<br/>@BRF 2 F","0","0","0%","0%","0","0","0","0","0","0","0","0","0","0","0","0","0","0","0","0","0","0","0","0","0","0","0","0","0","0","0","0","0"
"*06kk4*","Franco Umeh-Chibueze","CRY","F","868","FA","AVL 0<br/>@CRY 5 F","0","0","0%","0%","0","0","0","0","0","0","0","0","0","0","0","0","0","0","0","0","0","0","0","0","0","0","0","0","0","0","0","0","0"
"*05wqy*","Joe White","NEW","M","897","FA","NEW 4<br/>@BRF 2 F","0","0","0%","0%","0","0","0","0","0","0","0","0","0","0","0","0","0","0","0","0","0","0","0","0","0","0","0","0","0","0","0","0","0"
"*066tb*","Kadan Young","AVL","M,F","889","FA","AVL 0<br/>@CRY 5 F","0","0","0%","0%","0","0","0","0","0","0","0","0","0","0","0","0","0","0","0","0","0","0","0","0","0","0","0","0","0","0","0","0","0"
"*06awp*","Travis Patterson","AVL","M","801","FA","AVL 0<br/>@CRY 5 F","0","0","0%","0%","0","0","0","0","0","0","0","0","0","0","0","0","0","0","0","0","0","0","0","0","0","0","0","0","0","0","0","0","0"
"*05ymb*","Tayo Adaramola","CRY","D","551","FA","AVL 0<br/>@CRY 5 F","0","0","0%","0%","0","0","0","0","0","0","0","0","0","0","0","0","0","0","0","0","0","0","0","0","0","0","0","0","0","0","0","0","0"
"*06ewp*","Samuel Amissah","FUL","D","563","FA","FUL 4<br/>@LUT 2 F","0","0","0%","0%","0","0","0","0","0","0","0","0","0","0","0","0","0","0","0","0","0","0","0","0","0","0","0","0","0","0","0","0","0"
"*06c4r*","Darko Churlinov","BUR","F","617","FA","NOT 2<br/>@BUR 1 F","0","0","0%","0%","0","0","0","0","0","0","0","0","0","0","0","0","0","0","0","0","0","0","0","0","0","0","0","0","0","0","0","0","0"
"*0689t*","Michael Dacosta Gonzalez","BOU","F","628","FA","BOU 1<br/>@CHE 2 F","0","0","0%","0%","0","0","0","0","0","0","0","0","0","0","0","0","0","0","0","0","0","0","0","0","0","0","0","0","0","0","0","0","0"
"*05ux0*","Owen Dodgson","BUR","D","637","FA","NOT 2<br/>@BUR 1 F","0","0","0%","0%","0","0","0","0","0","0","0","0","0","0","0","0","0","0","0","0","0","0","0","0","0","0","0","0","0","0","0","0","0"
"*051kg*","Max Aarons","BOU","D","351","FA","BOU 1<br/>@CHE 2 F","0","0","0%","0%","0","0","0","0","0","0","0","0","0","0","0","0","0","0","0","0","0","0","0","0","0","0","0","0","0","0","0","0","0"
"*06c4j*","Ameen Al Dakhil","BUR","D","397","FA","NOT 2<br/>@BUR 1 F","0","0","0%","0%","0","0","0","0","0","0","0","0","0","0","0","0","0","0","0","0","0","0","0","0","0","0","0","0","0","0","0","0","0"
"*05oh2*","Thiago Alcantara","LIV","M","556","FA","WOL 0<br/>@LIV 2 F","0","0","0%","0%","0","0","0","0","0","0","0","0","0","0","0","0","0","0","0","0","0","0","0","0","0","0","0","0","0","0","0","0","0"
"*06ewt*","Sonny Aljofree","MUN","D","557","FA","MUN 2<br/>@BHA 0 F","0","0","0%","0%","0","0","0","0","0","0","0","0","0","0","0","0","0","0","0","0","0","0","0","0","0","0","0","0","0","0","0","0","0"
"*03mml*","Dele Alli","EVE","M","559","FA","EVE 1<br/>@ARS 2 F","0","0","0%","0%","0","0","0","0","0","0","0","0","0","0","0","0","0","0","0","0","0","0","0","0","0","0","0","0","0","0","0","0","0"
"*05opn*","Carlos Vinicius","FUL","F","417","FA","FUL 4<br/>@LUT 2 F","0","0","0%","0%","0","0","0","0","0","0","0","0","0","0","0","0","0","0","0","0","0","0","0","0","0","0","0","0","0","0","0","0","0"
"*058vf*","Steven Alzate","BHA","M","560","FA","MUN 2<br/>@BHA 0 F","0","0","0%","0%","0","0","0","0","0","0","0","0","0","0","0","0","0","0","0","0","0","0","0","0","0","0","0","0","0","0","0","0","0"
"*06fxf*","Sofyan Amrabat","MUN","M","371","FA","MUN 2<br/>@BHA 0 F","0","0","0%","0%","1","0","1","0","0","0","0","0","0","0","0","0","0","0","0","0","0","0","0","0","0","0","0","0","0","0","0","0","0"
"*06cmv*","Mads Andersen","LUT","D","388","FA","FUL 4<br/>@LUT 2 F","0","0","0%","0%","0","0","0","0","0","0","0","0","0","0","0","0","0","0","0","0","0","0","0","0","0","0","0","0","0","0","0","0","0"
"*06c6m*","Oliver Arblaster","SHU","M","331","FA","TOT 3<br/>@SHU 0 F","0","0","0%","0%","0","0","0","0","0","0","0","0","0","0","0","0","0","0","0","0","0","0","0","0","0","0","0","0","0","0","0","0","0"
"*03r8p*","Harry Arter","NOT","M","567","FA","NOT 2<br/>@BUR 1 F","0","0","0%","0%","0","0","0","0","0","0","0","0","0","0","0","0","0","0","0","0","0","0","0","0","0","0","0","0","0","0","0","0","0"
"*04kj7*","Serge Aurier","NOT","D","319","FA","NOT 2<br/>@BUR 1 F","0","0","0%","0%","0","0","0","0","0","0","0","0","0","0","0","0","0","0","0","0","0","0","0","0","0","0","0","0","0","0","0","0","0"
"*0435u*","Eric Bailly","MUN","D","572","FA","MUN 2<br/>@BHA 0 F","0","0","0%","0%","0","0","0","0","0","0","0","0","0","0","0","0","0","0","0","0","0","0","0","0","0","0","0","0","0","0","0","0","0"
"*051kz*","George Baldock","SHU","D","352","FA","TOT 3<br/>@SHU 0 F","0","0","0%","0%","0","0","0","0","0","0","0","0","0","0","0","0","0","0","0","0","0","0","0","0","0","0","0","0","0","0","0","0","0"
"*06fwk*","Emilio Ballard-Matthews","WOL","F","574","FA","WOL 0<br/>@LIV 2 F","0","0","0%","0%","0","0","0","0","0","0","0","0","0","0","0","0","0","0","0","0","0","0","0","0","0","0","0","0","0","0","0","0","0"
"*059iq*","Folarin Balogun","ARS","F","575","FA","EVE 1<br/>@ARS 2 F","0","0","0%","0%","0","0","0","0","0","0","0","0","0","0","0","0","0","0","0","0","0","0","0","0","0","0","0","0","0","0","0","0","0"
"*06j20*","Valentin Barco","BHA","D","455","Laeka B","MUN 2<br/>@BHA 0 F","0","0","0%","0%","0","0","0","0","0","0","0","0","0","0","0","0","0","0","0","0","0","0","0","0","0","0","0","0","0","0","0","0","0"
"*02rlq*","Chris Basham","SHU","D","431","FA","TOT 3<br/>@SHU 0 F","0","0","0%","0%","0","0","0","0","0","0","0","0","0","0","0","0","0","0","0","0","0","0","0","0","0","0","0","0","0","0","0","0","0"
"*05tr4*","Mads Bech Sorensen","BRF","D","582","FA","NEW 4<br/>@BRF 2 F","0","0","0%","0%","0","0","0","0","0","0","0","0","0","0","0","0","0","0","0","0","0","0","0","0","0","0","0","0","0","0","0","0","0"
"*05uhi*","Owen Beck","LIV","D","526","FA","WOL 0<br/>@LIV 2 F","0","0","0%","0%","0","0","0","0","0","0","0","0","0","0","0","0","0","0","0","0","0","0","0","0","0","0","0","0","0","0","0","0","0"
"*06dml*","Anis Ben Slimane","SHU","M","438","FA","TOT 3<br/>@SHU 0 F","0","0","0%","0%","0","0","0","0","0","0","0","0","0","0","0","0","0","0","0","0","0","0","0","0","0","0","0","0","0","0","0","0","0"
"*05oyq*","Said Benrahma","WHU","M","360","FA","WHU 1<br/>@MCI 3 F","0","0","0%","0%","0","0","0","0","0","0","0","0","0","0","0","0","0","0","0","0","0","0","0","0","0","0","0","0","0","0","0","0","0"
"*06c62*","Luke Berry","LUT","M","407","FA","FUL 4<br/>@LUT 2 F","0","0","0%","0%","1","0","2","0","0","0","0","0","0","0","0","0","0","0","0","0","0","0","0","0","0","0","0","0","0","0","0","0","0"
"*062dp*","Giulian Biancone","NOT","D","587","FA","NOT 2<br/>@BUR 1 F","0","0","0%","0%","0","0","0","0","0","0","0","0","0","0","0","0","0","0","0","0","0","0","0","0","0","0","0","0","0","0","0","0","0"
"*06igk*","Ben Brereton","SHU","F","267","FA","TOT 3<br/>@SHU 0 F","0","0","0%","0%","0","0","0","0","0","0","0","0","0","0","0","0","0","0","0","0","0","0","0","0","0","0","0","0","0","0","0","0","0"
"*06c6n*","Andre Brooks","SHU","M","370","FA","TOT 3<br/>@SHU 0 F","0","0","0%","0%","0","0","0","0","0","0","0","0","0","0","0","0","0","0","0","0","0","0","0","0","0","0","0","0","0","0","0","0","0"
"*06f80*","Jacob Brown","LUT","F","313","FA","FUL 4<br/>@LUT 2 F","0","0","0%","0%","0","0","0","0","0","0","0","0","0","0","0","0","0","0","0","0","0","0","0","0","0","0","0","0","0","0","0","0","0"
"*066sm*","Mason Burstow","CHE","F","597","FA","BOU 1<br/>@CHE 2 F","0","0","0%","0%","0","0","0","0","0","0","0","0","0","0","0","0","0","0","0","0","0","0","0","0","0","0","0","0","0","0","0","0","0"
"*066sc*","Nathan Butler-Oyedeji","ARS","M,F","598","FA","EVE 1<br/>@ARS 2 F","0","0","0%","0%","0","0","0","0","0","0","0","0","0","0","0","0","0","0","0","0","0","0","0","0","0","0","0","0","0","0","0","0","0"
"*05tra*","Emiliano Marcondes Camargo Hansen","BOU","M","600","FA","BOU 1<br/>@CHE 2 F","0","0","0%","0%","0","0","0","0","0","0","0","0","0","0","0","0","0","0","0","0","0","0","0","0","0","0","0","0","0","0","0","0","0"
"*05a6j*","Chem Campbell","WOL","M,F","602","FA","WOL 0<br/>@LIV 2 F","0","0","0%","0%","0","0","0","0","0","0","0","0","0","0","0","0","0","0","0","0","0","0","0","0","0","0","0","0","0","0","0","0","0"
"*06idv*","Elijah Campbell","EVE","D","603","FA","EVE 1<br/>@ARS 2 F","0","0","0%","0%","0","0","0","0","0","0","0","0","0","0","0","0","0","0","0","0","0","0","0","0","0","0","0","0","0","0","0","0","0"
"*066ni*","Thomas Cannon","EVE","F","604","FA","EVE 1<br/>@ARS 2 F","0","0","0%","0%","0","0","0","0","0","0","0","0","0","0","0","0","0","0","0","0","0","0","0","0","0","0","0","0","0","0","0","0","0"
"*0411y*","Sergi Canos","BRF","F","605","FA","NEW 4<br/>@BRF 2 F","0","0","0%","0%","0","0","0","0","0","0","0","0","0","0","0","0","0","0","0","0","0","0","0","0","0","0","0","0","0","0","0","0","0"
"*0641g*","Cesare Casadei","CHE","M","466","FA","BOU 1<br/>@CHE 2 F","0","0","0%","0%","0","0","0","0","0","0","0","0","0","0","0","0","0","0","0","0","0","0","0","0","0","0","0","0","0","0","0","0","0"
"*05gcq*","Daniel Podence","WOL","F","609","FA","WOL 0<br/>@LIV 2 F","0","0","0%","0%","0","0","0","0","0","0","0","0","0","0","0","0","0","0","0","0","0","0","0","0","0","0","0","0","0","0","0","0","0"
"*06hwc*","Leo Castledine","CHE","M","610","FA","BOU 1<br/>@CHE 2 F","0","0","0%","0%","0","0","0","0","0","0","0","0","0","0","0","0","0","0","0","0","0","0","0","0","0","0","0","0","0","0","0","0","0"
"*04tcc*","Jonny","WOL","D","533","FA","WOL 0<br/>@LIV 2 F","0","0","0%","0%","0","0","0","0","0","0","0","0","0","0","0","0","0","0","0","0","0","0","0","0","0","0","0","0","0","0","0","0","0"
"*0570n*","Joao Cancelo","MCI","D","611","FA","WHU 1<br/>@MCI 3 F","0","0","0%","0%","0","0","0","0","0","0","0","0","0","0","0","0","0","0","0","0","0","0","0","0","0","0","0","0","0","0","0","0","0"
"*056ix*","Bruno Jordao","WOL","M","612","FA","WOL 0<br/>@LIV 2 F","0","0","0%","0%","0","0","0","0","0","0","0","0","0","0","0","0","0","0","0","0","0","0","0","0","0","0","0","0","0","0","0","0","0"
"*02t1j*","Calum Chambers","AVL","D","485","FA","AVL 0<br/>@CRY 5 F","0","0","0%","0%","0","0","0","0","0","0","0","0","0","0","0","0","0","0","0","0","0","0","0","0","0","0","0","0","0","0","0","0","0"
"*05xsd*","Daniel Chesters","WHU","M","614","FA","WHU 1<br/>@MCI 3 F","0","0","0%","0%","0","0","0","0","0","0","0","0","0","0","0","0","0","0","0","0","0","0","0","0","0","0","0","0","0","0","0","0","0"
"*06kwf*","Leon Chiwome","WOL","F","504","FA","WOL 0<br/>@LIV 2 F","0","0","0%","0%","0","0","0","0","0","0","0","0","0","0","0","0","0","0","0","0","0","0","0","0","0","0","0","0","0","0","0","0","0"
"*062p2*","Bobby Clark","LIV","M","497","FA","WOL 0<br/>@LIV 2 F","0","0","0%","0%","1","0","1","0","0","0","0","0","0","0","0","0","0","0","0","0","0","0","0","0","0","0","0","0","0","0","0","0","0"
"*02opl*","Jack Cork","BUR","M","517","FA","NOT 2<br/>@BUR 1 F","0","0","0%","0%","0","0","0","0","0","0","0","0","0","0","0","0","0","0","0","0","0","0","0","0","0","0","0","0","0","0","0","0","0"
"*06c6l*","Ismaila Coulibaly","SHU","M","621","FA","TOT 3<br/>@SHU 0 F","0","0","0%","0%","0","0","0","0","0","0","0","0","0","0","0","0","0","0","0","0","0","0","0","0","0","0","0","0","0","0","0","0","0"
"*02yhi*","Philippe Coutinho","AVL","M","493","FA","AVL 0<br/>@CRY 5 F","0","0","0%","0%","0","0","0","0","0","0","0","0","0","0","0","0","0","0","0","0","0","0","0","0","0","0","0","0","0","0","0","0","0"
"*04xjt*","Conor Coventry","WHU","M","622","FA","WHU 1<br/>@MCI 3 F","0","0","0%","0%","0","0","0","0","0","0","0","0","0","0","0","0","0","0","0","0","0","0","0","0","0","0","0","0","0","0","0","0","0"
"*064oo*","Amario Cozier-Duberry","ARS","M","623","FA","EVE 1<br/>@ARS 2 F","0","0","0%","0%","0","0","0","0","0","0","0","0","0","0","0","0","0","0","0","0","0","0","0","0","0","0","0","0","0","0","0","0","0"
"*03ena*","Aaron Cresswell","WHU","D","457","FA","WHU 1<br/>@MCI 3 F","0","0","0%","0%","1","0","13","0","0","0","0","0","0","0","0","0","0","0","0","0","0","0","0","0","0","0","0","0","0","0","0","0","0"
"*052k1*","Luke Cundle","WOL","M","626","FA","WOL 0<br/>@LIV 2 F","0","0","0%","0%","0","0","0","0","0","0","0","0","0","0","0","0","0","0","0","0","0","0","0","0","0","0","0","0","0","0","0","0","0"
"*06ksd*","Sam Curtis","SHU","D","898","FA","TOT 3<br/>@SHU 0 F","0","0","0%","0%","0","0","0","0","0","0","0","0","0","0","0","0","0","0","0","0","0","0","0","0","0","0","0","0","0","0","0","0","0"
"*06clv*","Mahmoud Dahoud","BHA","M","429","FA","MUN 2<br/>@BHA 0 F","0","0","0%","0%","0","0","0","0","0","0","0","0","0","0","0","0","0","0","0","0","0","0","0","0","0","0","0","0","0","0","0","0","0"
"*055sf*","Arnaut Danjuma Groeneveld","EVE","F","381","FA","EVE 1<br/>@ARS 2 F","0","0","0%","0%","0","0","0","0","0","0","0","0","0","0","0","0","0","0","0","0","0","0","0","0","0","0","0","0","0","0","0","0","0"
"*03yuo*","Keinan Davis","AVL","F","630","FA","AVL 0<br/>@CRY 5 F","0","0","0%","0%","0","0","0","0","0","0","0","0","0","0","0","0","0","0","0","0","0","0","0","0","0","0","0","0","0","0","0","0","0"
"*06ewn*","Luc De Fougerolles","FUL","D","632","FA","FUL 4<br/>@LUT 2 F","0","0","0%","0%","0","0","0","0","0","0","0","0","0","0","0","0","0","0","0","0","0","0","0","0","0","0","0","0","0","0","0","0","0"
"*06exh*","Amadou Diallo","NEW","F","635","FA","NEW 4<br/>@BRF 2 F","0","0","0%","0%","0","0","0","0","0","0","0","0","0","0","0","0","0","0","0","0","0","0","0","0","0","0","0","0","0","0","0","0","0"
"*02lpn*","Eric Dier","TOT","D","490","FA","TOT 3<br/>@SHU 0 F","0","0","0%","0%","0","0","0","0","0","0","0","0","0","0","0","0","0","0","0","0","0","0","0","0","0","0","0","0","0","0","0","0","0"
"*066sz*","Alfie Dorrington","TOT","D","638","FA","TOT 3<br/>@SHU 0 F","0","0","0%","0%","0","0","0","0","0","0","0","0","0","0","0","0","0","0","0","0","0","0","0","0","0","0","0","0","0","0","0","0","0"
"*03yu2*","Abdoulaye Doucoure","EVE","M","99","FA","EVE 1<br/>@ARS 2 F","0","0","0%","0%","0","0","0","0","0","0","0","0","0","0","0","0","0","0","0","0","0","0","0","0","0","0","0","0","0","0","0","0","0"
"*062hb*","Flynn Downes","WHU","M","639","FA","WHU 1<br/>@MCI 3 F","0","0","0%","0%","0","0","0","0","0","0","0","0","0","0","0","0","0","0","0","0","0","0","0","0","0","0","0","0","0","0","0","0","0"
"*06jgp*","Rodrigo Duarte Ribeiro","NOT","F","523","FA","NOT 2<br/>@BUR 1 F","0","0","0%","0%","0","0","0","0","0","0","0","0","0","0","0","0","0","0","0","0","0","0","0","0","0","0","0","0","0","0","0","0","0"
"*032f5*","Paul Dummett","NEW","D","528","FA","NEW 4<br/>@BRF 2 F","0","0","0%","0%","0","0","0","0","0","0","0","0","0","0","0","0","0","0","0","0","0","0","0","0","0","0","0","0","0","0","0","0","0"
"*068se*","Jhon Duran","AVL","F","353","Laeka B","AVL 0<br/>@CRY 5 F","0","0","0%","0%","0","0","0","0","0","0","0","0","0","0","0","0","0","0","0","0","0","0","0","0","0","0","0","0","0","0","0","0","0"
"*06l4j*","Kiano Dyer","CHE","M","642","FA","BOU 1<br/>@CHE 2 F","0","0","0%","0%","0","0","0","0","0","0","0","0","0","0","0","0","0","0","0","0","0","0","0","0","0","0","0","0","0","0","0","0","0"
"*02m5l*","John Egan","SHU","D","440","FA","TOT 3<br/>@SHU 0 F","0","0","0%","0%","0","0","0","0","0","0","0","0","0","0","0","0","0","0","0","0","0","0","0","0","0","0","0","0","0","0","0","0","0"
"*05uho*","CJ Egan-Riley","BUR","D","646","FA","NOT 2<br/>@BUR 1 F","0","0","0%","0%","0","0","0","0","0","0","0","0","0","0","0","0","0","0","0","0","0","0","0","0","0","0","0","0","0","0","0","0","0"
"*037wp*","Christian Eriksen","MUN","M","279","FA","MUN 2<br/>@BHA 0 F","0","0","0%","0%","0","0","0","0","0","0","0","0","0","0","0","0","0","0","0","0","0","0","0","0","0","0","0","0","0","0","0","0","0"
"*05yc5*","Josh Feeney","AVL","D,M","648","FA","AVL 0<br/>@CRY 5 F","0","0","0%","0%","0","0","0","0","0","0","0","0","0","0","0","0","0","0","0","0","0","0","0","0","0","0","0","0","0","0","0","0","0"
"*04mf8*","Nathan Ferguson","CRY","D","649","FA","AVL 0<br/>@CRY 5 F","0","0","0%","0%","0","0","0","0","0","0","0","0","0","0","0","0","0","0","0","0","0","0","0","0","0","0","0","0","0","0","0","0","0"
"*051l5*","John Fleck","SHU","M","496","FA","TOT 3<br/>@SHU 0 F","0","0","0%","0%","0","0","0","0","0","0","0","0","0","0","0","0","0","0","0","0","0","0","0","0","0","0","0","0","0","0","0","0","0"
"*051lc*","Pablo Fornals","WHU","M","406","FA","WHU 1<br/>@MCI 3 F","0","0","0%","0%","0","0","0","0","0","0","0","0","0","0","0","0","0","0","0","0","0","0","0","0","0","0","0","0","0","0","0","0","0"
"*06cro*","Omari Forson","MUN","M","480","FA","MUN 2<br/>@BHA 0 F","0","0","0%","0%","0","0","0","0","0","0","0","0","0","0","0","0","0","0","0","0","0","0","0","0","0","0","0","0","0","0","0","0","0"
"*04shz*","Tyrese Francois","FUL","M","655","FA","FUL 4<br/>@LUT 2 F","0","0","0%","0%","0","0","0","0","0","0","0","0","0","0","0","0","0","0","0","0","0","0","0","0","0","0","0","0","0","0","0","0","0"
"*03r8r*","Ryan Fraser","NEW","M","656","FA","NEW 4<br/>@BRF 2 F","0","0","0%","0%","0","0","0","0","0","0","0","0","0","0","0","0","0","0","0","0","0","0","0","0","0","0","0","0","0","0","0","0","0"
"*02lof*","Ryan Fredericks","BOU","D","657","FA","BOU 1<br/>@CHE 2 F","0","0","0%","0%","0","0","0","0","0","0","0","0","0","0","0","0","0","0","0","0","0","0","0","0","0","0","0","0","0","0","0","0","0"
"*02lyo*","Luke Freeman","LUT","M","659","FA","FUL 4<br/>@LUT 2 F","0","0","0%","0%","0","0","0","0","0","0","0","0","0","0","0","0","0","0","0","0","0","0","0","0","0","0","0","0","0","0","0","0","0"
"*04s8k*","Jorginho","ARS","M","345","FA","EVE 1<br/>@ARS 2 F","0","0","0%","0%","0","0","0","0","0","0","0","0","0","0","0","0","0","0","0","0","0","0","0","0","0","0","0","0","0","0","0","0","0"
"*063u9*","Remo Freuler","NOT","M","660","FA","NOT 2<br/>@BUR 1 F","0","0","0%","0%","0","0","0","0","0","0","0","0","0","0","0","0","0","0","0","0","0","0","0","0","0","0","0","0","0","0","0","0","0"
"*067yx*","Gustavo Scarpa","NOT","M","661","FA","NOT 2<br/>@BUR 1 F","0","0","0%","0%","0","0","0","0","0","0","0","0","0","0","0","0","0","0","0","0","0","0","0","0","0","0","0","0","0","0","0","0","0"
"*056iu*","Jean-Philippe Gbamin","EVE","M","665","FA","EVE 1<br/>@ARS 2 F","0","0","0%","0%","0","0","0","0","0","0","0","0","0","0","0","0","0","0","0","0","0","0","0","0","0","0","0","0","0","0","0","0","0"
"*05trk*","Saman Ghoddos","BRF","M,F","362","FA","NEW 4<br/>@BRF 2 F","0","0","0%","0%","0","0","0","0","0","0","0","0","0","0","0","0","0","0","0","0","0","0","0","0","0","0","0","0","0","0","0","0","0"
"*04sjv*","Ryan Giles","LUT","M,F","401","FA","FUL 4<br/>@LUT 2 F","0","0","0%","0%","0","0","0","0","0","0","0","0","0","0","0","0","0","0","0","0","0","0","0","0","0","0","0","0","0","0","0","0","0"
"*06igr*","Michael Golding","CHE","M","669","FA","BOU 1<br/>@CHE 2 F","0","0","0%","0%","0","0","0","0","0","0","0","0","0","0","0","0","0","0","0","0","0","0","0","0","0","0","0","0","0","0","0","0","0"
"*063w0*","Sergio Gomez","MCI","D","474","FA","WHU 1<br/>@MCI 3 F","0","0","0%","0%","0","0","0","0","0","0","0","0","0","0","0","0","0","0","0","0","0","0","0","0","0","0","0","0","0","0","0","0","0"
"*05tr0*","Charlie Goode","BRF","D","670","FA","NEW 4<br/>@BRF 2 F","0","0","0%","0%","0","0","0","0","0","0","0","0","0","0","0","0","0","0","0","0","0","0","0","0","0","0","0","0","0","0","0","0","0"
"*066rn*","Daniel Gore","MUN","M","511","FA","MUN 2<br/>@BHA 0 F","0","0","0%","0%","0","0","0","0","0","0","0","0","0","0","0","0","0","0","0","0","0","0","0","0","0","0","0","0","0","0","0","0","0"
"*03yq8*","Demarai Gray","EVE","M","673","FA","EVE 1<br/>@ARS 2 F","0","0","0%","0%","0","0","0","0","0","0","0","0","0","0","0","0","0","0","0","0","0","0","0","0","0","0","0","0","0","0","0","0","0"
"*04spy*","Mason Greenwood","MUN","F","675","FA","MUN 2<br/>@BHA 0 F","0","0","0%","0%","0","0","0","0","0","0","0","0","0","0","0","0","0","0","0","0","0","0","0","0","0","0","0","0","0","0","0","0","0"
"*044ej*","Johann Gudmundsson","BUR","M","225","FA","NOT 2<br/>@BUR 1 F","0","0","0%","0%","0","0","0","0","0","0","0","0","0","0","0","0","0","0","0","0","0","0","0","0","0","0","0","0","0","0","0","0","0"
"*05o2r*","Antwoine Hackford","SHU","F","681","FA","TOT 3<br/>@SHU 0 F","0","0","0%","0%","0","0","0","0","0","0","0","0","0","0","0","0","0","0","0","0","0","0","0","0","0","0","0","0","0","0","0","0","0"
"*052k6*","Taylor Harwood-Bellis","MCI","D","691","FA","WHU 1<br/>@MCI 3 F","0","0","0%","0%","0","0","0","0","0","0","0","0","0","0","0","0","0","0","0","0","0","0","0","0","0","0","0","0","0","0","0","0","0"
"*06jgl*","Daiki Hashioka","LUT","D","452","FA","FUL 4<br/>@LUT 2 F","0","0","0%","0%","0","0","0","0","0","0","0","0","0","0","0","0","0","0","0","0","0","0","0","0","0","0","0","0","0","0","0","0","0"
"*04qr4*","Kortney Hause","AVL","D","692","FA","AVL 0<br/>@CRY 5 F","0","0","0%","0%","0","0","0","0","0","0","0","0","0","0","0","0","0","0","0","0","0","0","0","0","0","0","0","0","0","0","0","0","0"
"*05rey*","Kaine Hayden","AVL","D","547","FA","AVL 0<br/>@CRY 5 F","0","0","0%","0%","0","0","0","0","0","0","0","0","0","0","0","0","0","0","0","0","0","0","0","0","0","0","0","0","0","0","0","0","0"
"*047l2*","Jeff Hendrick","NEW","M","697","FA","NEW 4<br/>@BRF 2 F","0","0","0%","0%","0","0","0","0","0","0","0","0","0","0","0","0","0","0","0","0","0","0","0","0","0","0","0","0","0","0","0","0","0"
"*062z5*","Joseph Hodge","WOL","M","704","FA","WOL 0<br/>@LIV 2 F","0","0","0%","0%","0","0","0","0","0","0","0","0","0","0","0","0","0","0","0","0","0","0","0","0","0","0","0","0","0","0","0","0","0"
"*06kx0*","Danny Imray","CRY","D","716","FA","AVL 0<br/>@CRY 5 F","0","0","0%","0%","0","0","0","0","0","0","0","0","0","0","0","0","0","0","0","0","0","0","0","0","0","0","0","0","0","0","0","0","0"
"*03dxq*","Danny Ings","WHU","F","391","FA","WHU 1<br/>@MCI 3 F","0","0","0%","0%","0","0","0","0","0","0","0","0","0","0","0","0","0","0","0","0","0","0","0","0","0","0","0","0","0","0","0","0","0"
"*05s00*","Daniel Jebbison","SHU","F","544","FA","TOT 3<br/>@SHU 0 F","0","0","0%","0%","0","0","0","0","0","0","0","0","0","0","0","0","0","0","0","0","0","0","0","0","0","0","0","0","0","0","0","0","0"
"*06c61*","Joseph Johnson","LUT","D","905","FA","FUL 4<br/>@LUT 2 F","0","0","0%","0%","0","0","0","0","0","0","0","0","0","0","0","0","0","0","0","0","0","0","0","0","0","0","0","0","0","0","0","0","0"
"*04fyg*","Zanka","BRF","D","328","Noah B","NEW 4<br/>@BRF 2 F","0","0","0%","0%","0","0","0","0","0","0","0","0","0","0","0","0","0","0","0","0","0","0","0","0","0","0","0","0","0","0","0","0","0"
"*06ewu*","Willy Kambwala","MUN","D","483","FA","MUN 2<br/>@BHA 0 F","0","0","0%","0%","0","0","0","0","0","0","0","0","0","0","0","0","0","0","0","0","0","0","0","0","0","0","0","0","0","0","0","0","0"
"*02lol*","Harry Kane","TOT","F","722","FA","TOT 3<br/>@SHU 0 F","0","0","0%","0%","0","0","0","0","0","0","0","0","0","0","0","0","0","0","0","0","0","0","0","0","0","0","0","0","0","0","0","0","0"
"*063zh*","Thilo Kehrer","WHU","D","540","FA","WHU 1<br/>@MCI 3 F","0","0","0%","0%","0","0","0","0","0","0","0","0","0","0","0","0","0","0","0","0","0","0","0","0","0","0","0","0","0","0","0","0","0"
"*06dpw*","Ji-Soo Kim","BRF","D","726","FA","NEW 4<br/>@BRF 2 F","0","0","0%","0%","0","0","0","0","0","0","0","0","0","0","0","0","0","0","0","0","0","0","0","0","0","0","0","0","0","0","0","0","0"
"*03dyo*","Anthony Knockaert","FUL","M","731","FA","FUL 4<br/>@LUT 2 F","0","0","0%","0%","0","0","0","0","0","0","0","0","0","0","0","0","0","0","0","0","0","0","0","0","0","0","0","0","0","0","0","0","0"
"*04mks*","Terence Kongolo","FUL","D","733","FA","FUL 4<br/>@LUT 2 F","0","0","0%","0%","0","0","0","0","0","0","0","0","0","0","0","0","0","0","0","0","0","0","0","0","0","0","0","0","0","0","0","0","0"
"*06do4*","Louie Koumas","LIV","F","734","FA","WOL 0<br/>@LIV 2 F","0","0","0%","0%","0","0","0","0","0","0","0","0","0","0","0","0","0","0","0","0","0","0","0","0","0","0","0","0","0","0","0","0","0"
"*03eki*","Cheikhou Kouyate","NOT","M","461","FA","NOT 2<br/>@BUR 1 F","0","0","0%","0%","0","0","0","0","0","0","0","0","0","0","0","0","0","0","0","0","0","0","0","0","0","0","0","0","0","0","0","0","0"
"*04mqu*","Aymeric Laporte","MCI","D","502","FA","WHU 1<br/>@MCI 3 F","0","0","0%","0%","0","0","0","0","0","0","0","0","0","0","0","0","0","0","0","0","0","0","0","0","0","0","0","0","0","0","0","0","0"
"*052cg*","Yasser Larouci","SHU","D","411","FA","TOT 3<br/>@SHU 0 F","0","0","0%","0%","0","0","0","0","0","0","0","0","0","0","0","0","0","0","0","0","0","0","0","0","0","0","0","0","0","0","0","0","0"
"*05w9m*","Emerson Royal","TOT","D","295","FA","TOT 3<br/>@SHU 0 F","0","0","0%","0%","0","0","0","0","0","0","0","0","0","0","0","0","0","0","0","0","0","0","0","0","0","0","0","0","0","0","0","0","0"
"*06jgo*","Noha Lemina","WOL","F","739","FA","WOL 0<br/>@LIV 2 F","0","0","0%","0%","0","0","0","0","0","0","0","0","0","0","0","0","0","0","0","0","0","0","0","0","0","0","0","0","0","0","0","0","0"
"*0574a*","Giovani Lo Celso","TOT","M","285","FA","TOT 3<br/>@SHU 0 F","0","0","0%","0%","0","0","0","0","0","0","0","0","0","0","0","0","0","0","0","0","0","0","0","0","0","0","0","0","0","0","0","0","0"
"*06c5x*","Tom Lockyer","LUT","D","280","FA","FUL 4<br/>@LUT 2 F","0","0","0%","0%","0","0","0","0","0","0","0","0","0","0","0","0","0","0","0","0","0","0","0","0","0","0","0","0","0","0","0","0","0"
"*061vi*","Jamal Lowe","BOU","F","743","FA","BOU 1<br/>@CHE 2 F","0","0","0%","0%","0","0","0","0","0","0","0","0","0","0","0","0","0","0","0","0","0","0","0","0","0","0","0","0","0","0","0","0","0"
"*02m7x*","Romelu Lukaku","CHE","F","744","FA","BOU 1<br/>@CHE 2 F","0","0","0%","0%","0","0","0","0","0","0","0","0","0","0","0","0","0","0","0","0","0","0","0","0","0","0","0","0","0","0","0","0","0"
"*0637b*","Orel Mangala","NOT","M","310","FA","NOT 2<br/>@BUR 1 F","0","0","0%","0%","0","0","0","0","0","0","0","0","0","0","0","0","0","0","0","0","0","0","0","0","0","0","0","0","0","0","0","0","0"
"*03hvn*","Javier Manquillo","NEW","D","748","FA","NEW 4<br/>@BRF 2 F","0","0","0%","0%","0","0","0","0","0","0","0","0","0","0","0","0","0","0","0","0","0","0","0","0","0","0","0","0","0","0","0","0","0"
"*03vlm*","Anthony Martial","MUN","F","412","FA","MUN 2<br/>@BHA 0 F","0","0","0%","0%","0","0","0","0","0","0","0","0","0","0","0","0","0","0","0","0","0","0","0","0","0","0","0","0","0","0","0","0","0"
"*06fwy*","Han-Noah Massengo","BUR","M","527","FA","NOT 2<br/>@BUR 1 F","0","0","0%","0%","1","0","8","0","0","0","0","0","0","0","0","0","0","0","0","0","0","0","0","0","0","0","0","0","0","0","0","0","0"
"*0435s*","Joel Matip","LIV","D","346","FA","WOL 0<br/>@LIV 2 F","0","0","0%","0%","0","0","0","0","0","0","0","0","0","0","0","0","0","0","0","0","0","0","0","0","0","0","0","0","0","0","0","0","0"
"*06gxa*","Alex Matos","CHE","F","899","FA","BOU 1<br/>@CHE 2 F","0","0","0%","0%","0","0","0","0","0","0","0","0","0","0","0","0","0","0","0","0","0","0","0","0","0","0","0","0","0","0","0","0","0"
"*06igf*","Adrian Mazilu","BHA","F","753","FA","MUN 2<br/>@BHA 0 F","0","0","0%","0%","0","0","0","0","0","0","0","0","0","0","0","0","0","0","0","0","0","0","0","0","0","0","0","0","0","0","0","0","0"
"*03pih*","Kevin Mbabu","FUL","D","754","FA","FUL 4<br/>@LUT 2 F","0","0","0%","0%","0","0","0","0","0","0","0","0","0","0","0","0","0","0","0","0","0","0","0","0","0","0","0","0","0","0","0","0","0"
"*0477b*","Oliver McBurnie","SHU","F","194","FA","TOT 3<br/>@SHU 0 F","0","0","0%","0%","0","0","0","0","0","0","0","0","0","0","0","0","0","0","0","0","0","0","0","0","0","0","0","0","0","0","0","0","0"
"*061y0*","Scott McKenna","NOT","D","395","FA","NOT 2<br/>@BUR 1 F","0","0","0%","0%","0","0","0","0","0","0","0","0","0","0","0","0","0","0","0","0","0","0","0","0","0","0","0","0","0","0","0","0","0"
"*05afe*","Teden Mengi","MUN/LUT","D","168","BBFC","FUL 4<br/>@LUT 2 F","0","0","0%","0%","0","0","0","0","0","0","0","0","0","0","0","0","0","0","0","0","0","0","0","0","0","0","0","0","0","0","0","0","0"
"*06idw*","Jenson Metcalfe","EVE","M","766","FA","EVE 1<br/>@ARS 2 F","0","0","0%","0%","0","0","0","0","0","0","0","0","0","0","0","0","0","0","0","0","0","0","0","0","0","0","0","0","0","0","0","0","0"
"*061y9*","Alex Mighten","NOT","F","767","FA","NOT 2<br/>@BUR 1 F","0","0","0%","0%","0","0","0","0","0","0","0","0","0","0","0","0","0","0","0","0","0","0","0","0","0","0","0","0","0","0","0","0","0"
"*03scr*","Aleksandar Mitrovic","FUL","F","494","FA","FUL 4<br/>@LUT 2 F","0","0","0%","0%","0","0","0","0","0","0","0","0","0","0","0","0","0","0","0","0","0","0","0","0","0","0","0","0","0","0","0","0","0"
"*05r37*","Jakub Moder","BHA","M","399","FA","MUN 2<br/>@BHA 0 F","0","0","0%","0%","0","0","0","0","0","0","0","0","0","0","0","0","0","0","0","0","0","0","0","0","0","0","0","0","0","0","0","0","0"
"*06fun*","Gonzalo Montiel","NOT","D","342","FA","NOT 2<br/>@BUR 1 F","0","0","0%","0%","0","0","0","0","0","0","0","0","0","0","0","0","0","0","0","0","0","0","0","0","0","0","0","0","0","0","0","0","0"
"*061vj*","Kieffer Moore","BOU","F","458","FA","BOU 1<br/>@CHE 2 F","0","0","0%","0%","0","0","0","0","0","0","0","0","0","0","0","0","0","0","0","0","0","0","0","0","0","0","0","0","0","0","0","0","0"
"*0645x*","Divin Mubama","WHU","F","507","FA","WHU 1<br/>@MCI 3 F","0","0","0%","0%","0","0","0","0","0","0","0","0","0","0","0","0","0","0","0","0","0","0","0","0","0","0","0","0","0","0","0","0","0"
"*06kuc*","Harrison Murray-Campbell","CHE","D","774","FA","BOU 1<br/>@CHE 2 F","0","0","0%","0%","0","0","0","0","0","0","0","0","0","0","0","0","0","0","0","0","0","0","0","0","0","0","0","0","0","0","0","0","0"
"*052i8*","Admiral Muskwe","LUT","F","776","FA","FUL 4<br/>@LUT 2 F","0","0","0%","0%","0","0","0","0","0","0","0","0","0","0","0","0","0","0","0","0","0","0","0","0","0","0","0","0","0","0","0","0","0"
"*055se*","Marvelous Nakamba","LUT","M","347","FA","FUL 4<br/>@LUT 2 F","0","0","0%","0%","0","0","0","0","0","0","0","0","0","0","0","0","0","0","0","0","0","0","0","0","0","0","0","0","0","0","0","0","0"
"*06exi*","Michael Ndiweni","NEW","F","779","FA","NEW 4<br/>@BRF 2 F","0","0","0%","0%","0","0","0","0","0","0","0","0","0","0","0","0","0","0","0","0","0","0","0","0","0","0","0","0","0","0","0","0","0"
"*05247*","Tanguy Ndombele","TOT","M","780","FA","TOT 3<br/>@SHU 0 F","0","0","0%","0%","0","0","0","0","0","0","0","0","0","0","0","0","0","0","0","0","0","0","0","0","0","0","0","0","0","0","0","0","0"
"*06c69*","Zack Nelson","LUT","M","782","FA","FUL 4<br/>@LUT 2 F","0","0","0%","0%","0","0","0","0","0","0","0","0","0","0","0","0","0","0","0","0","0","0","0","0","0","0","0","0","0","0","0","0","0"
"*051l4*","Rhys Norrington-Davies","SHU","D","904","FA","TOT 3<br/>@SHU 0 F","0","0","0%","0%","1","1","4","0","0","0","0","0","0","0","0","0","0","0","0","0","0","0","0","0","0","0","0","0","0","0","0","0","0"
"*04mlb*","Lewis O'Brien","NOT","M","785","FA","NOT 2<br/>@BUR 1 F","0","0","0%","0%","0","0","0","0","0","0","0","0","0","0","0","0","0","0","0","0","0","0","0","0","0","0","0","0","0","0","0","0","0"
"*06hzf*","Mark O'Mahony","BHA","F","901","FA","MUN 2<br/>@BHA 0 F","0","0","0%","0%","0","0","0","0","0","0","0","0","0","0","0","0","0","0","0","0","0","0","0","0","0","0","0","0","0","0","0","0","0"
"*05vyg*","Odeluga Offiah","BHA","D","495","FA","MUN 2<br/>@BHA 0 F","0","0","0%","0%","0","0","0","0","0","0","0","0","0","0","0","0","0","0","0","0","0","0","0","0","0","0","0","0","0","0","0","0","0"
"*03rxb*","Angelo Ogbonna","WHU","D","419","FA","WHU 1<br/>@MCI 3 F","0","0","0%","0%","0","0","0","0","0","0","0","0","0","0","0","0","0","0","0","0","0","0","0","0","0","0","0","0","0","0","0","0","0"
"*06kue*","Habeeb Ogunneye","MUN","D","788","FA","MUN 2<br/>@BHA 0 F","0","0","0%","0%","0","0","0","0","0","0","0","0","0","0","0","0","0","0","0","0","0","0","0","0","0","0","0","0","0","0","0","0","0"
"*06l53*","Temple Ojinnaka","WOL","M","789","FA","WOL 0<br/>@LIV 2 F","0","0","0%","0%","0","0","0","0","0","0","0","0","0","0","0","0","0","0","0","0","0","0","0","0","0","0","0","0","0","0","0","0","0"
"*06kum*","Wesley Okoduwa","WOL","D","790","FA","WOL 0<br/>@LIV 2 F","0","0","0%","0%","0","0","0","0","0","0","0","0","0","0","0","0","0","0","0","0","0","0","0","0","0","0","0","0","0","0","0","0","0"
"*06avl*","Michael Olakigbe","BRF","M,F","486","FA","NEW 4<br/>@BRF 2 F","0","0","0%","0%","0","0","0","0","0","0","0","0","0","0","0","0","0","0","0","0","0","0","0","0","0","0","0","0","0","0","0","0","0"
"*05u94*","Michael Olise","CRY","M","66","BBFC","AVL 0<br/>@CRY 5 F","0","0","0%","0%","0","0","0","0","0","0","0","0","0","0","0","0","0","0","0","0","0","0","0","0","0","0","0","0","0","0","0","0","0"
"*061xr*","Marquinhos","ARS","F","793","FA","EVE 1<br/>@ARS 2 F","0","0","0%","0%","0","0","0","0","0","0","0","0","0","0","0","0","0","0","0","0","0","0","0","0","0","0","0","0","0","0","0","0","0"
"*05trt*","Andrew Omobamidele","NOR/NOT","D","420","FA","NOT 2<br/>@BUR 1 F","0","0","0%","0%","0","0","0","0","0","0","0","0","0","0","0","0","0","0","0","0","0","0","0","0","0","0","0","0","0","0","0","0","0"
"*06hrw*","Ryan One","SHU","M","545","FA","TOT 3<br/>@SHU 0 F","0","0","0%","0%","0","0","0","0","0","0","0","0","0","0","0","0","0","0","0","0","0","0","0","0","0","0","0","0","0","0","0","0","0"
"*06c66*","Fred Onyedinma","LUT","M","447","FA","FUL 4<br/>@LUT 2 F","0","0","0%","0%","0","0","0","0","0","0","0","0","0","0","0","0","0","0","0","0","0","0","0","0","0","0","0","0","0","0","0","0","0"
"*06ex1*","Ben Parkinson","NEW","F","799","FA","NEW 4<br/>@BRF 2 F","0","0","0%","0%","0","0","0","0","0","0","0","0","0","0","0","0","0","0","0","0","0","0","0","0","0","0","0","0","0","0","0","0","0"
"*05os9*","Thomas Partey","ARS","M","358","FA","EVE 1<br/>@ARS 2 F","0","0","0%","0%","0","0","0","0","0","0","0","0","0","0","0","0","0","0","0","0","0","0","0","0","0","0","0","0","0","0","0","0","0"
"*05y9e*","Charlie Patino","ARS","M","800","FA","EVE 1<br/>@ARS 2 F","0","0","0%","0%","0","0","0","0","0","0","0","0","0","0","0","0","0","0","0","0","0","0","0","0","0","0","0","0","0","0","0","0","0"
"*06icy*","Sydie Peck","SHU","M","539","FA","TOT 3<br/>@SHU 0 F","0","0","0%","0%","0","0","0","0","0","0","0","0","0","0","0","0","0","0","0","0","0","0","0","0","0","0","0","0","0","0","0","0","0"
"*05ou8*","Facundo Pellistri","MUN","M","436","FA","MUN 2<br/>@BHA 0 F","0","0","0%","0%","0","0","0","0","0","0","0","0","0","0","0","0","0","0","0","0","0","0","0","0","0","0","0","0","0","0","0","0","0"
"*055sk*","Nicolas Pepe","ARS","F","802","FA","EVE 1<br/>@ARS 2 F","0","0","0%","0%","0","0","0","0","0","0","0","0","0","0","0","0","0","0","0","0","0","0","0","0","0","0","0","0","0","0","0","0","0"
"*061yd*","Ivan Perisic","TOT","M","445","FA","TOT 3<br/>@SHU 0 F","0","0","0%","0%","0","0","0","0","0","0","0","0","0","0","0","0","0","0","0","0","0","0","0","0","0","0","0","0","0","0","0","0","0"
"*068sf*","Maximo Perrone","MCI","M","805","FA","WHU 1<br/>@MCI 3 F","0","0","0%","0%","0","0","0","0","0","0","0","0","0","0","0","0","0","0","0","0","0","0","0","0","0","0","0","0","0","0","0","0","0"
"*06451*","Cameron Peupion","BHA","M","806","FA","MUN 2<br/>@BHA 0 F","0","0","0%","0%","0","0","0","0","0","0","0","0","0","0","0","0","0","0","0","0","0","0","0","0","0","0","0","0","0","0","0","0","0"
"*06exk*","Ashley Phillips","TOT","D","807","FA","TOT 3<br/>@SHU 0 F","0","0","0%","0%","0","0","0","0","0","0","0","0","0","0","0","0","0","0","0","0","0","0","0","0","0","0","0","0","0","0","0","0","0"
"*04rxe*","Nathaniel Phillips","LIV","D","809","FA","WOL 0<br/>@LIV 2 F","0","0","0%","0%","0","0","0","0","0","0","0","0","0","0","0","0","0","0","0","0","0","0","0","0","0","0","0","0","0","0","0","0","0"
"*05rff*","Jaden Philogene-Bidace","AVL","M","546","FA","AVL 0<br/>@CRY 5 F","0","0","0%","0%","0","0","0","0","0","0","0","0","0","0","0","0","0","0","0","0","0","0","0","0","0","0","0","0","0","0","0","0","0"
"*05ylz*","Luke Plange","CRY","F","812","FA","AVL 0<br/>@CRY 5 F","0","0","0%","0%","0","0","0","0","0","0","0","0","0","0","0","0","0","0","0","0","0","0","0","0","0","0","0","0","0","0","0","0","0"
"*02rll*","Nathan Redmond","BUR","M","473","FA","NOT 2<br/>@BUR 1 F","0","0","0%","0%","0","0","0","0","0","0","0","0","0","0","0","0","0","0","0","0","0","0","0","0","0","0","0","0","0","0","0","0","0"
"*04gyz*","Jairo Riedewald","CRY","M","475","FA","AVL 0<br/>@CRY 5 F","0","0","0%","0%","0","0","0","0","0","0","0","0","0","0","0","0","0","0","0","0","0","0","0","0","0","0","0","0","0","0","0","0","0"
"*03r8t*","Matt Ritchie","NEW","D","451","FA","NEW 4<br/>@BRF 2 F","0","0","0%","0%","0","0","0","0","0","0","0","0","0","0","0","0","0","0","0","0","0","0","0","0","0","0","0","0","0","0","0","0","0"
"*04qqv*","Fred","MUN","M","827","FA","MUN 2<br/>@BHA 0 F","0","0","0%","0%","0","0","0","0","0","0","0","0","0","0","0","0","0","0","0","0","0","0","0","0","0","0","0","0","0","0","0","0","0"
"*02oq3*","Jay Rodriguez","BUR","F","349","FA","NOT 2<br/>@BUR 1 F","0","0","0%","0%","0","0","0","0","0","0","0","0","0","0","0","0","0","0","0","0","0","0","0","0","0","0","0","0","0","0","0","0","0"
"*03z3w*","Joe Rothwell","BOU","M","433","FA","BOU 1<br/>@CHE 2 F","0","0","0%","0%","0","0","0","0","0","0","0","0","0","0","0","0","0","0","0","0","0","0","0","0","0","0","0","0","0","0","0","0","0"
"*037mv*","Pelly Ruddock","LUT","M","369","FA","FUL 4<br/>@LUT 2 F","0","0","0%","0%","0","0","0","0","0","0","0","0","0","0","0","0","0","0","0","0","0","0","0","0","0","0","0","0","0","0","0","0","0"
"*066nh*","Ishe Samuels-Smith","EVE/CHE","D","832","FA","BOU 1<br/>@CHE 2 F","0","0","0%","0%","0","0","0","0","0","0","0","0","0","0","0","0","0","0","0","0","0","0","0","0","0","0","0","0","0","0","0","0","0"
"*04jyc*","Davinson Sanchez","TOT","D","503","FA","TOT 3<br/>@SHU 0 F","0","0","0%","0%","0","0","0","0","0","0","0","0","0","0","0","0","0","0","0","0","0","0","0","0","0","0","0","0","0","0","0","0","0"
"*06do2*","Callum Scanlon","LIV","D","838","FA","WOL 0<br/>@LIV 2 F","0","0","0%","0%","0","0","0","0","0","0","0","0","0","0","0","0","0","0","0","0","0","0","0","0","0","0","0","0","0","0","0","0","0"
"*03dyl*","Jeffrey Schlupp","CRY","M","226","FA","AVL 0<br/>@CRY 5 F","0","0","0%","0%","0","0","0","0","0","0","0","0","0","0","0","0","0","0","0","0","0","0","0","0","0","0","0","0","0","0","0","0","0"
"*02lkm*","Jonjo Shelvey","NOT","M","845","FA","NOT 2<br/>@BUR 1 F","0","0","0%","0%","0","0","0","0","0","0","0","0","0","0","0","0","0","0","0","0","0","0","0","0","0","0","0","0","0","0","0","0","0"
"*05rdx*","Shola Shoretire","MUN","F","846","FA","MUN 2<br/>@BHA 0 F","0","0","0%","0%","0","0","0","0","0","0","0","0","0","0","0","0","0","0","0","0","0","0","0","0","0","0","0","0","0","0","0","0","0"
"*04t95*","Oliver Skipp","TOT","M","396","FA","TOT 3<br/>@SHU 0 F","0","0","0%","0%","0","0","0","0","0","0","0","0","0","0","0","0","0","0","0","0","0","0","0","0","0","0","0","0","0","0","0","0","0"
"*061vo*","Jay Stansfield","FUL","F","851","FA","FUL 4<br/>@LUT 2 F","0","0","0%","0%","0","0","0","0","0","0","0","0","0","0","0","0","0","0","0","0","0","0","0","0","0","0","0","0","0","0","0","0","0"
"*06gx9*","Ronnie Stutter","CHE","F","854","FA","BOU 1<br/>@CHE 2 F","0","0","0%","0%","0","0","0","0","0","0","0","0","0","0","0","0","0","0","0","0","0","0","0","0","0","0","0","0","0","0","0","0","0"
"*06idr*","Mahamadou Susoho","MCI","M","855","FA","WHU 1<br/>@MCI 3 F","0","0","0%","0%","0","0","0","0","0","0","0","0","0","0","0","0","0","0","0","0","0","0","0","0","0","0","0","0","0","0","0","0","0"
"*04tsd*","Japhet Tanganga","TOT","D","857","FA","TOT 3<br/>@SHU 0 F","0","0","0%","0%","0","0","0","0","0","0","0","0","0","0","0","0","0","0","0","0","0","0","0","0","0","0","0","0","0","0","0","0","0"
"*06ksi*","Jimi Tauriainen","CHE","M","549","FA","BOU 1<br/>@CHE 2 F","0","0","0%","0%","0","0","0","0","0","0","0","0","0","0","0","0","0","0","0","0","0","0","0","0","0","0","0","0","0","0","0","0","0"
"*04u6l*","Andre Gomes","EVE","M","409","FA","EVE 1<br/>@ARS 2 F","0","0","0%","0%","0","0","0","0","0","0","0","0","0","0","0","0","0","0","0","0","0","0","0","0","0","0","0","0","0","0","0","0","0"
"*04fyc*","Charlie Taylor","BUR","D","227","FA","NOT 2<br/>@BUR 1 F","0","0","0%","0%","0","0","0","0","0","0","0","0","0","0","0","0","0","0","0","0","0","0","0","0","0","0","0","0","0","0","0","0","0"
"*05m46*","Luke Thomas","LEI/SHU","D","435","FA","TOT 3<br/>@SHU 0 F","0","0","0%","0%","0","0","0","0","0","0","0","0","0","0","0","0","0","0","0","0","0","0","0","0","0","0","0","0","0","0","0","0","0"
"*05749*","Kieran Tierney","ARS","D","862","FA","EVE 1<br/>@ARS 2 F","0","0","0%","0%","0","0","0","0","0","0","0","0","0","0","0","0","0","0","0","0","0","0","0","0","0","0","0","0","0","0","0","0","0"
"*03rvw*","Harry Toffolo","NOT","D","244","RDN","NOT 2<br/>@BUR 1 F","0","0","0%","0%","0","0","0","0","0","0","0","0","0","0","0","0","0","0","0","0","0","0","0","0","0","0","0","0","0","0","0","0","0"
"*05ygj*","Chiquinho","WOL","F","863","FA","WOL 0<br/>@LIV 2 F","0","0","0%","0%","0","0","0","0","0","0","0","0","0","0","0","0","0","0","0","0","0","0","0","0","0","0","0","0","0","0","0","0","0"
"*05w9r*","Takehiro Tomiyasu","ARS","D","242","RyRob","EVE 1<br/>@ARS 2 F","0","0","0%","0%","0","0","0","0","0","0","0","0","0","0","0","0","0","0","0","0","0","0","0","0","0","0","0","0","0","0","0","0","0"
"*02rn6*","James Tomkins","CRY","D","522","FA","AVL 0<br/>@CRY 5 F","0","0","0%","0%","0","0","0","0","0","0","0","0","0","0","0","0","0","0","0","0","0","0","0","0","0","0","0","0","0","0","0","0","0"
"*06dn3*","Benie Traore","SHU","F","450","FA","TOT 3<br/>@SHU 0 F","0","0","0%","0%","0","0","0","0","0","0","0","0","0","0","0","0","0","0","0","0","0","0","0","0","0","0","0","0","0","0","0","0","0"
"*064a1*","Boubacar Traore","WOL","M","372","FA","WOL 0<br/>@LIV 2 F","0","0","0%","0%","0","0","0","0","0","0","0","0","0","0","0","0","0","0","0","0","0","0","0","0","0","0","0","0","0","0","0","0","0"
"*062ce*","Auston Trusty","SHU","D","252","FA","TOT 3<br/>@SHU 0 F","0","0","0%","0%","0","0","0","0","0","0","0","0","0","0","0","0","0","0","0","0","0","0","0","0","0","0","0","0","0","0","0","0","0"
"*06c4l*","Scott Twine","BUR","M","867","FA","NOT 2<br/>@BUR 1 F","0","0","0%","0%","0","0","0","0","0","0","0","0","0","0","0","0","0","0","0","0","0","0","0","0","0","0","0","0","0","0","0","0","0"
"*06ezc*","Alejo Veliz","TOT","F","484","FA","TOT 3<br/>@SHU 0 F","0","0","0%","0%","0","0","0","0","0","0","0","0","0","0","0","0","0","0","0","0","0","0","0","0","0","0","0","0","0","0","0","0","0"
"*062i1*","Reuell Walters","ARS","D","873","FA","EVE 1<br/>@ARS 2 F","0","0","0%","0%","0","0","0","0","0","0","0","0","0","0","0","0","0","0","0","0","0","0","0","0","0","0","0","0","0","0","0","0","0"
"*0329y*","Joel Ward","CRY","D","243","FA","AVL 0<br/>@CRY 5 F","0","0","0%","0%","0","0","0","0","0","0","0","0","0","0","0","0","0","0","0","0","0","0","0","0","0","0","0","0","0","0","0","0","0"
"*062p7*","Lewis Warrington","EVE","M","542","FA","EVE 1<br/>@ARS 2 F","0","0","0%","0%","0","0","0","0","0","0","0","0","0","0","0","0","0","0","0","0","0","0","0","0","0","0","0","0","0","0","0","0","0"
"*06c64*","Louie Watson","LUT","M","874","FA","FUL 4<br/>@LUT 2 F","0","0","0%","0%","0","0","0","0","0","0","0","0","0","0","0","0","0","0","0","0","0","0","0","0","0","0","0","0","0","0","0","0","0"
"*054p3*","Harvey White","TOT","M","877","FA","TOT 3<br/>@SHU 0 F","0","0","0%","0%","0","0","0","0","0","0","0","0","0","0","0","0","0","0","0","0","0","0","0","0","0","0","0","0","0","0","0","0","0"
"*059j3*","Brandon Williams","MUN","D","882","FA","MUN 2<br/>@BHA 0 F","0","0","0%","0%","0","0","0","0","0","0","0","0","0","0","0","0","0","0","0","0","0","0","0","0","0","0","0","0","0","0","0","0","0"
"*03bmf*","Cauley Woodrow","LUT","F","379","FA","FUL 4<br/>@LUT 2 F","0","0","0%","0%","1","0","2","0","0","0","0","0","0","0","0","0","0","0","0","0","0","0","0","0","0","0","0","0","0","0","0","0","0"
"*06igx*","Jacob Wright","MCI","M","887","FA","WHU 1<br/>@MCI 3 F","0","0","0%","0%","0","0","0","0","0","0","0","0","0","0","0","0","0","0","0","0","0","0","0","0","0","0","0","0","0","0","0","0","0"
"*06ftl*","Nicolo Zaniolo","AVL","M","356","FA","AVL 0<br/>@CRY 5 F","0","0","0%","0%","1","0","2","0","0","0","0","0","0","0","0","0","0","0","0","0","0","0","0","0","0","0","0","0","0","0","0","0","0"
"*06c4q*","Anass Zaroury","BUR","F","501","FA","NOT 2<br/>@BUR 1 F","0","0","0%","0%","0","0","0","0","0","0","0","0","0","0","0","0","0","0","0","0","0","0","0","0","0","0","0","0","0","0","0","0","0"
"*05mxb*","Hakim Ziyech","CHE","M","891","FA","BOU 1<br/>@CHE 2 F","0","0","0%","0%","0","0","0","0","0","0","0","0","0","0","0","0","0","0","0","0","0","0","0","0","0","0","0","0","0","0","0","0","0"
"*068yj*","Felipe","NOT","D","428","FA","NOT 2<br/>@BUR 1 F","0","0","0%","0%","0","0","0","0","0","0","0","0","0","0","0","0","0","0","0","0","0","0","0","0","0","0","0","0","0","0","0","0","0"
"*06fum*","Deivid Washington","CHE","F","535","FA","BOU 1<br/>@CHE 2 F","0","0","0%","0%","0","0","0","0","0","0","0","0","0","0","0","0","0","0","0","0","0","0","0","0","0","0","0","0","0","0","0","0","0"
"*05o2l*","Donny van de Beek","MUN","M","524","FA","MUN 2<br/>@BHA 0 F","0","0","0%","0%","0","0","0","0","0","0","0","0","0","0","0","0","0","0","0","0","0","0","0","0","0","0","0","0","0","0","0","0","0"
"*06fwh*","Valintino Adedokun","BRF","D","552","FA","NEW 4<br/>@BRF 2 F","0","0","-","-","0","0","0","0","0","0","0","0","0","0","0","0","0","0","0","0","0","0","0","0","0","0","0","0","0","0","0","0","0"
"*06cm8*","Brandon Aguilera","NOT","M","554","FA","NOT 2<br/>@BUR 1 F","0","0","-","-","0","0","0","0","0","0","0","0","0","0","0","0","0","0","0","0","0","0","0","0","0","0","0","0","0","0","0","0","0"
"*06lvp*","Noel Atom","BHA","D","569","FA","MUN 2<br/>@BHA 0 F","0","0","-","-","0","0","0","0","0","0","0","0","0","0","0","0","0","0","0","0","0","0","0","0","0","0","0","0","0","0","0","0","0"
"*06al6*","Mauro Bandeira","ARS","M","576","FA","EVE 1<br/>@ARS 2 F","0","0","-","-","0","0","0","0","0","0","0","0","0","0","0","0","0","0","0","0","0","0","0","0","0","0","0","0","0","0","0","0","0"
"*06iel*","Ty Barnett","WOL","F","577","FA","WOL 0<br/>@LIV 2 F","0","0","-","-","0","0","0","0","0","0","0","0","0","0","0","0","0","0","0","0","0","0","0","0","0","0","0","0","0","0","0","0","0"
"*06icr*","Luca Barrington","BHA","F","578","FA","MUN 2<br/>@BHA 0 F","0","0","-","-","0","0","0","0","0","0","0","0","0","0","0","0","0","0","0","0","0","0","0","0","0","0","0","0","0","0","0","0","0"
"*06c4m*","Samuel Bastien","BUR","M","579","FA","NOT 2<br/>@BUR 1 F","0","0","-","-","0","0","0","0","0","0","0","0","0","0","0","0","0","0","0","0","0","0","0","0","0","0","0","0","0","0","0","0","0"
"*066rl*","Rhys Bennett","MUN","D","584","FA","MUN 2<br/>@BHA 0 F","0","0","-","-","0","0","0","0","0","0","0","0","0","0","0","0","0","0","0","0","0","0","0","0","0","0","0","0","0","0","0","0","0"
"*05yez*","Mika Biereth","ARS","F","588","FA","EVE 1<br/>@ARS 2 F","0","0","-","-","0","0","0","0","0","0","0","0","0","0","0","0","0","0","0","0","0","0","0","0","0","0","0","0","0","0","0","0","0"
"*06kjy*","Billy Blacker","SHU","F","589","FA","TOT 3<br/>@SHU 0 F","0","0","-","-","0","0","0","0","0","0","0","0","0","0","0","0","0","0","0","0","0","0","0","0","0","0","0","0","0","0","0","0","0"
"*062cs*","Bendeguz Bolla","WOL","D","590","FA","WOL 0<br/>@LIV 2 F","0","0","-","-","0","0","0","0","0","0","0","0","0","0","0","0","0","0","0","0","0","0","0","0","0","0","0","0","0","0","0","0","0"
"*06dpx*","Ethan Brierley","BRF","M","593","FA","NEW 4<br/>@BRF 2 F","0","0","-","-","0","0","0","0","0","0","0","0","0","0","0","0","0","0","0","0","0","0","0","0","0","0","0","0","0","0","0","0","0"
"*066sg*","Josh Brooking","CHE","D","594","FA","BOU 1<br/>@CHE 2 F","0","0","-","-","0","0","0","0","0","0","0","0","0","0","0","0","0","0","0","0","0","0","0","0","0","0","0","0","0","0","0","0","0"
"*06hcl*","Jake Burger","LUT","M","596","FA","FUL 4<br/>@LUT 2 F","0","0","-","-","0","0","0","0","0","0","0","0","0","0","0","0","0","0","0","0","0","0","0","0","0","0","0","0","0","0","0","0","0"
"*06c6j*","Jili Buyabu","SHU","D","599","FA","TOT 3<br/>@SHU 0 F","0","0","-","-","0","0","0","0","0","0","0","0","0","0","0","0","0","0","0","0","0","0","0","0","0","0","0","0","0","0","0","0","0"
"*06c65*","Allan Campbell","LUT","M","601","FA","FUL 4<br/>@LUT 2 F","0","0","-","-","0","0","0","0","0","0","0","0","0","0","0","0","0","0","0","0","0","0","0","0","0","0","0","0","0","0","0","0","0"
"*06exg*","Nathan Carlyon","NEW","M","606","FA","NEW 4<br/>@BRF 2 F","0","0","-","-","0","0","0","0","0","0","0","0","0","0","0","0","0","0","0","0","0","0","0","0","0","0","0","0","0","0","0","0","0"
"*062p1*","Luke Chambers","LIV","D","613","FA","WOL 0<br/>@LIV 2 F","0","0","-","-","0","0","0","0","0","0","0","0","0","0","0","0","0","0","0","0","0","0","0","0","0","0","0","0","0","0","0","0","0"
"*06l1g*","Christian Chigozie","LUT","D","615","FA","FUL 4<br/>@LUT 2 F","0","0","-","-","0","0","0","0","0","0","0","0","0","0","0","0","0","0","0","0","0","0","0","0","0","0","0","0","0","0","0","0","0"
"*06ib1*","Samy Chouchane","BHA","M","616","FA","MUN 2<br/>@BHA 0 F","0","0","-","-","0","0","0","0","0","0","0","0","0","0","0","0","0","0","0","0","0","0","0","0","0","0","0","0","0","0","0","0","0"
"*052k4*","Theo Corbeanu","WOL","F","619","FA","WOL 0<br/>@LIV 2 F","0","0","-","-","0","0","0","0","0","0","0","0","0","0","0","0","0","0","0","0","0","0","0","0","0","0","0","0","0","0","0","0","0"
"*060y3*","Dara Costelloe","BUR","F","620","FA","NOT 2<br/>@BUR 1 F","0","0","-","-","0","0","0","0","0","0","0","0","0","0","0","0","0","0","0","0","0","0","0","0","0","0","0","0","0","0","0","0","0"
"*05uwc*","Matthew Craig","TOT","M","624","FA","TOT 3<br/>@SHU 0 F","0","0","-","-","0","0","0","0","0","0","0","0","0","0","0","0","0","0","0","0","0","0","0","0","0","0","0","0","0","0","0","0","0"
"*05zd7*","Lucas De Bolle","NEW","M","631","FA","NEW 4<br/>@BRF 2 F","0","0","-","-","0","0","0","0","0","0","0","0","0","0","0","0","0","0","0","0","0","0","0","0","0","0","0","0","0","0","0","0","0"
"*06bdb*","Matthew Dibley-Dias","FUL","M","636","FA","FUL 4<br/>@LUT 2 F","0","0","-","-","0","0","0","0","0","0","0","0","0","0","0","0","0","0","0","0","0","0","0","0","0","0","0","0","0","0","0","0","0"
"*06f2e*","Mohamed Drager","NOT","D","640","FA","NOT 2<br/>@BUR 1 F","0","0","-","-","0","0","0","0","0","0","0","0","0","0","0","0","0","0","0","0","0","0","0","0","0","0","0","0","0","0","0","0","0"
"*06hvo*","Joshua Duffus","BHA","F","641","FA","MUN 2<br/>@BHA 0 F","0","0","-","-","0","0","0","0","0","0","0","0","0","0","0","0","0","0","0","0","0","0","0","0","0","0","0","0","0","0","0","0","0"
"*06igs*","Evan Easton","SHU","D","643","FA","TOT 3<br/>@SHU 0 F","0","0","-","-","0","0","0","0","0","0","0","0","0","0","0","0","0","0","0","0","0","0","0","0","0","0","0","0","0","0","0","0","0"
"*066rp*","Noam Emeran","MUN","F","647","FA","MUN 2<br/>@BHA 0 F","0","0","-","-","0","0","0","0","0","0","0","0","0","0","0","0","0","0","0","0","0","0","0","0","0","0","0","0","0","0","0","0","0"
"*060yz*","Alvaro Fernandez","MUN","D","650","FA","MUN 2<br/>@BHA 0 F","0","0","-","-","0","0","0","0","0","0","0","0","0","0","0","0","0","0","0","0","0","0","0","0","0","0","0","0","0","0","0","0","0"
"*06cm3*","Aidan Francis-Clarke","LUT","D","654","FA","FUL 4<br/>@LUT 2 F","0","0","-","-","0","0","0","0","0","0","0","0","0","0","0","0","0","0","0","0","0","0","0","0","0","0","0","0","0","0","0","0","0"
"*06igq*","Benjamin Fredrick","BRF","D,M","658","FA","NEW 4<br/>@BRF 2 F","0","0","-","-","0","0","0","0","0","0","0","0","0","0","0","0","0","0","0","0","0","0","0","0","0","0","0","0","0","0","0","0","0"
"*06igy*","Joe Gardner","NOT","F","663","FA","NOT 2<br/>@BUR 1 F","0","0","-","-","0","0","0","0","0","0","0","0","0","0","0","0","0","0","0","0","0","0","0","0","0","0","0","0","0","0","0","0","0"
"*06ksh*","Billy Gee","CHE","D","666","FA","BOU 1<br/>@CHE 2 F","0","0","-","-","0","0","0","0","0","0","0","0","0","0","0","0","0","0","0","0","0","0","0","0","0","0","0","0","0","0","0","0","0"
"*05m9s*","John-Kymani Gordon","CRY","F","671","FA","AVL 0<br/>@CRY 5 F","0","0","-","-","0","0","0","0","0","0","0","0","0","0","0","0","0","0","0","0","0","0","0","0","0","0","0","0","0","0","0","0","0"
"*061vc*","Ben Greenwood","BOU","D","674","FA","BOU 1<br/>@CHE 2 F","0","0","-","-","0","0","0","0","0","0","0","0","0","0","0","0","0","0","0","0","0","0","0","0","0","0","0","0","0","0","0","0","0"
"*066rj*","Sean Grehan","CRY","D","676","FA","AVL 0<br/>@CRY 5 F","0","0","-","-","0","0","0","0","0","0","0","0","0","0","0","0","0","0","0","0","0","0","0","0","0","0","0","0","0","0","0","0","0"
"*062z6*","Harvey Griffiths","WOL","M","677","FA","WOL 0<br/>@LIV 2 F","0","0","-","-","0","0","0","0","0","0","0","0","0","0","0","0","0","0","0","0","0","0","0","0","0","0","0","0","0","0","0","0","0"
"*06exd*","Jordan Hackett-Valton","NEW","D","680","FA","NEW 4<br/>@BRF 2 F","0","0","-","-","0","0","0","0","0","0","0","0","0","0","0","0","0","0","0","0","0","0","0","0","0","0","0","0","0","0","0","0","0"
"*05uhv*","Micah Hamilton","MCI","M","683","FA","WHU 1<br/>@MCI 3 F","0","0","-","-","0","0","0","0","0","0","0","0","0","0","0","0","0","0","0","0","0","0","0","0","0","0","0","0","0","0","0","0","0"
"*06l5m*","Owen Hampson","SHU","M","684","FA","TOT 3<br/>@SHU 0 F","0","0","-","-","0","0","0","0","0","0","0","0","0","0","0","0","0","0","0","0","0","0","0","0","0","0","0","0","0","0","0","0","0"
"*06378*","Isak Hansen-Aaroen","MUN","M","685","FA","MUN 2<br/>@BHA 0 F","0","0","-","-","0","0","0","0","0","0","0","0","0","0","0","0","0","0","0","0","0","0","0","0","0","0","0","0","0","0","0","0","0"
"*06l4b*","Taylan Harris","LUT","F","687","FA","FUL 4<br/>@LUT 2 F","0","0","-","-","0","0","0","0","0","0","0","0","0","0","0","0","0","0","0","0","0","0","0","0","0","0","0","0","0","0","0","0","0"
"*06iek*","Owen Hesketh","WOL","M","700","FA","WOL 0<br/>@LIV 2 F","0","0","-","-","0","0","0","0","0","0","0","0","0","0","0","0","0","0","0","0","0","0","0","0","0","0","0","0","0","0","0","0","0"
"*05am1*","Thomas Hill","LIV","M,F","701","FA","WOL 0<br/>@LIV 2 F","0","0","-","-","0","0","0","0","0","0","0","0","0","0","0","0","0","0","0","0","0","0","0","0","0","0","0","0","0","0","0","0","0"
"*06450*","Jack Hinchy","BHA","M","703","FA","MUN 2<br/>@BHA 0 F","0","0","-","-","0","0","0","0","0","0","0","0","0","0","0","0","0","0","0","0","0","0","0","0","0","0","0","0","0","0","0","0","0"
"*06kx6*","Fletcher Holman","WOL","F","706","FA","WOL 0<br/>@LIV 2 F","0","0","-","-","0","0","0","0","0","0","0","0","0","0","0","0","0","0","0","0","0","0","0","0","0","0","0","0","0","0","0","0","0"
"*06ive*","Thomas Holmes","LUT","D","707","FA","FUL 4<br/>@LUT 2 F","0","0","-","-","0","0","0","0","0","0","0","0","0","0","0","0","0","0","0","0","0","0","0","0","0","0","0","0","0","0","0","0","0"
"*06ib4*","Justin Hubner","WOL","D","709","FA","WOL 0<br/>@LIV 2 F","0","0","-","-","0","0","0","0","0","0","0","0","0","0","0","0","0","0","0","0","0","0","0","0","0","0","0","0","0","0","0","0","0"
"*05ue2*","Joe Hugill","MUN","F","710","FA","MUN 2<br/>@BHA 0 F","0","0","-","-","0","0","0","0","0","0","0","0","0","0","0","0","0","0","0","0","0","0","0","0","0","0","0","0","0","0","0","0","0"
"*05uot*","Mackenzie Hunt","EVE","M","712","FA","EVE 1<br/>@ARS 2 F","0","0","-","-","0","0","0","0","0","0","0","0","0","0","0","0","0","0","0","0","0","0","0","0","0","0","0","0","0","0","0","0","0"
"*06exf*","James Huntley","NEW","M","713","FA","NEW 4<br/>@BRF 2 F","0","0","-","-","0","0","0","0","0","0","0","0","0","0","0","0","0","0","0","0","0","0","0","0","0","0","0","0","0","0","0","0","0"
"*06cm9*","Hwang Ui-Jo","NOT","F","714","FA","NOT 2<br/>@BUR 1 F","0","0","-","-","0","0","0","0","0","0","0","0","0","0","0","0","0","0","0","0","0","0","0","0","0","0","0","0","0","0","0","0","0"
"*06662*","Bradley Ibrahim","ARS","M","715","FA","EVE 1<br/>@ARS 2 F","0","0","-","-","0","0","0","0","0","0","0","0","0","0","0","0","0","0","0","0","0","0","0","0","0","0","0","0","0","0","0","0","0"
"*06iap*","Ben Jackson","BHA","D","718","FA","MUN 2<br/>@BHA 0 F","0","0","-","-","0","0","0","0","0","0","0","0","0","0","0","0","0","0","0","0","0","0","0","0","0","0","0","0","0","0","0","0","0"
"*06l5f*","Louis Jackson","MUN","D","719","FA","MUN 2<br/>@BHA 0 F","0","0","-","-","0","0","0","0","0","0","0","0","0","0","0","0","0","0","0","0","0","0","0","0","0","0","0","0","0","0","0","0","0"
"*066rk*","Marc Jurado Gomez","MUN","D","721","FA","MUN 2<br/>@BHA 0 F","0","0","-","-","0","0","0","0","0","0","0","0","0","0","0","0","0","0","0","0","0","0","0","0","0","0","0","0","0","0","0","0","0"
"*06ib2*","Leigh Kavanagh","BHA","D","723","FA","MUN 2<br/>@BHA 0 F","0","0","-","-","0","0","0","0","0","0","0","0","0","0","0","0","0","0","0","0","0","0","0","0","0","0","0","0","0","0","0","0","0"
"*06igt*","Aaron Keto-Diyawa","WOL","D","724","FA","WOL 0<br/>@LIV 2 F","0","0","-","-","0","0","0","0","0","0","0","0","0","0","0","0","0","0","0","0","0","0","0","0","0","0","0","0","0","0","0","0","0"
"*057a1*","Gavin Kilkenny","BOU","M","725","FA","BOU 1<br/>@CHE 2 F","0","0","-","-","0","0","0","0","0","0","0","0","0","0","0","0","0","0","0","0","0","0","0","0","0","0","0","0","0","0","0","0","0"
"*068z2*","Max Kinsey-Wellings","BOU","D","729","FA","BOU 1<br/>@CHE 2 F","0","0","-","-","0","0","0","0","0","0","0","0","0","0","0","0","0","0","0","0","0","0","0","0","0","0","0","0","0","0","0","0","0"
"*02m5r*","Louis Laing","WHU","M","737","FA","WHU 1<br/>@MCI 3 F","0","0","-","-","0","0","0","0","0","0","0","0","0","0","0","0","0","0","0","0","0","0","0","0","0","0","0","0","0","0","0","0","0"
"*061xy*","Richie Laryea","NOT","D","738","FA","NOT 2<br/>@BUR 1 F","0","0","-","-","0","0","0","0","0","0","0","0","0","0","0","0","0","0","0","0","0","0","0","0","0","0","0","0","0","0","0","0","0"
"*06c6b*","Jayden Luker","LUT","M","745","FA","FUL 4<br/>@LUT 2 F","0","0","-","-","0","0","0","0","0","0","0","0","0","0","0","0","0","0","0","0","0","0","0","0","0","0","0","0","0","0","0","0","0"
"*06c6p*","Louie Marsh","SHU","F","750","FA","TOT 3<br/>@SHU 0 F","0","0","-","-","0","0","0","0","0","0","0","0","0","0","0","0","0","0","0","0","0","0","0","0","0","0","0","0","0","0","0","0","0"
"*06kz9*","Roshaun Mathurin","CRY","F","752","FA","AVL 0<br/>@CRY 5 F","0","0","-","-","0","0","0","0","0","0","0","0","0","0","0","0","0","0","0","0","0","0","0","0","0","0","0","0","0","0","0","0","0"
"*061xx*","Loic Mbe Soh","NOT","D","755","FA","NOT 2<br/>@BUR 1 F","0","0","-","-","0","0","0","0","0","0","0","0","0","0","0","0","0","0","0","0","0","0","0","0","0","0","0","0","0","0","0","0","0"
"*06exe*","Charlie McArthur","NEW","D","756","FA","NEW 4<br/>@BRF 2 F","0","0","-","-","0","0","0","0","0","0","0","0","0","0","0","0","0","0","0","0","0","0","0","0","0","0","0","0","0","0","0","0","0"
"*06cm5*","John McAtee","LUT","F","757","FA","FUL 4<br/>@LUT 2 F","0","0","-","-","0","0","0","0","0","0","0","0","0","0","0","0","0","0","0","0","0","0","0","0","0","0","0","0","0","0","0","0","0"
"*06ewq*","Delano McCoy-Splatt","FUL","M","758","FA","FUL 4<br/>@LUT 2 F","0","0","-","-","0","0","0","0","0","0","0","0","0","0","0","0","0","0","0","0","0","0","0","0","0","0","0","0","0","0","0","0","0"
"*06ivf*","Jamie McDonnell","NOT","M","759","FA","NOT 2<br/>@BUR 1 F","0","0","-","-","0","0","0","0","0","0","0","0","0","0","0","0","0","0","0","0","0","0","0","0","0","0","0","0","0","0","0","0","0"
"*0637a*","Charlie McNeill","MUN","F","762","FA","MUN 2<br/>@BHA 0 F","0","0","-","-","0","0","0","0","0","0","0","0","0","0","0","0","0","0","0","0","0","0","0","0","0","0","0","0","0","0","0","0","0"
"*06eww*","Jose Mateo Mejia Piedrahita","MUN","F","764","FA","MUN 2<br/>@BHA 0 F","0","0","-","-","0","0","0","0","0","0","0","0","0","0","0","0","0","0","0","0","0","0","0","0","0","0","0","0","0","0","0","0","0"
"*06ex0*","Jamie Miley","NEW","M","768","FA","NEW 4<br/>@BRF 2 F","0","0","-","-","0","0","0","0","0","0","0","0","0","0","0","0","0","0","0","0","0","0","0","0","0","0","0","0","0","0","0","0","0"
"*06jfg*","Finley Munroe","AVL","D","773","FA","AVL 0<br/>@CRY 5 F","0","0","-","-","0","0","0","0","0","0","0","0","0","0","0","0","0","0","0","0","0","0","0","0","0","0","0","0","0","0","0","0","0"
"*06377*","Mateusz Musialowski","LIV","F","775","FA","WOL 0<br/>@LIV 2 F","0","0","-","-","0","0","0","0","0","0","0","0","0","0","0","0","0","0","0","0","0","0","0","0","0","0","0","0","0","0","0","0","0"
"*060g4*","Tommi O'Reilly","AVL","M","786","FA","AVL 0<br/>@CRY 5 F","0","0","-","-","0","0","0","0","0","0","0","0","0","0","0","0","0","0","0","0","0","0","0","0","0","0","0","0","0","0","0","0","0"
"*06ewo*","Idris Odutayo","FUL","D","787","FA","FUL 4<br/>@LUT 2 F","0","0","-","-","0","0","0","0","0","0","0","0","0","0","0","0","0","0","0","0","0","0","0","0","0","0","0","0","0","0","0","0","0"
"*062oy*","Ademola Ola-Adebomi","CRY","F","792","FA","AVL 0<br/>@CRY 5 F","0","0","-","-","0","0","0","0","0","0","0","0","0","0","0","0","0","0","0","0","0","0","0","0","0","0","0","0","0","0","0","0","0"
"*0680n*","Detlef Esapa Osong","NOT","F","796","FA","NOT 2<br/>@BUR 1 F","0","0","-","-","0","0","0","0","0","0","0","0","0","0","0","0","0","0","0","0","0","0","0","0","0","0","0","0","0","0","0","0","0"
"*066ro*","Maximillian Oyedele","MUN","M","797","FA","MUN 2<br/>@BHA 0 F","0","0","-","-","0","0","0","0","0","0","0","0","0","0","0","0","0","0","0","0","0","0","0","0","0","0","0","0","0","0","0","0","0"
"*061xz*","Jonathan Panzo","NOT","D","798","FA","NOT 2<br/>@BUR 1 F","0","0","-","-","0","0","0","0","0","0","0","0","0","0","0","0","0","0","0","0","0","0","0","0","0","0","0","0","0","0","0","0","0"
"*06c6e*","Aribim Pepple","LUT","F","803","FA","FUL 4<br/>@LUT 2 F","0","0","-","-","0","0","0","0","0","0","0","0","0","0","0","0","0","0","0","0","0","0","0","0","0","0","0","0","0","0","0","0","0"
"*04boi*","Dion Pereira","LUT","M","804","FA","FUL 4<br/>@LUT 2 F","0","0","-","-","0","0","0","0","0","0","0","0","0","0","0","0","0","0","0","0","0","0","0","0","0","0","0","0","0","0","0","0","0"
"*062dl*","Killian Phillips","CRY","M","808","FA","AVL 0<br/>@CRY 5 F","0","0","-","-","0","0","0","0","0","0","0","0","0","0","0","0","0","0","0","0","0","0","0","0","0","0","0","0","0","0","0","0","0"
"*06c60*","Axel Piesold","LUT","D","810","FA","FUL 4<br/>@LUT 2 F","0","0","-","-","0","0","0","0","0","0","0","0","0","0","0","0","0","0","0","0","0","0","0","0","0","0","0","0","0","0","0","0","0"
"*02onn*","Daniel Potts","LUT","D","814","FA","FUL 4<br/>@LUT 2 F","0","0","-","-","0","0","0","0","0","0","0","0","0","0","0","0","0","0","0","0","0","0","0","0","0","0","0","0","0","0","0","0","0"
"*06ex3*","Josh Powell","NOT","M","815","FA","NOT 2<br/>@BUR 1 F","0","0","-","-","0","0","0","0","0","0","0","0","0","0","0","0","0","0","0","0","0","0","0","0","0","0","0","0","0","0","0","0","0"
"*06ewv*","Logan Pye","MUN","D","817","FA","MUN 2<br/>@BHA 0 F","0","0","-","-","0","0","0","0","0","0","0","0","0","0","0","0","0","0","0","0","0","0","0","0","0","0","0","0","0","0","0","0","0"
"*062dm*","Jadan Raymond","CRY","M","820","FA","AVL 0<br/>@CRY 5 F","0","0","-","-","0","0","0","0","0","0","0","0","0","0","0","0","0","0","0","0","0","0","0","0","0","0","0","0","0","0","0","0","0"
"*06cm2*","Glen Rea","LUT","D","821","FA","FUL 4<br/>@LUT 2 F","0","0","-","-","0","0","0","0","0","0","0","0","0","0","0","0","0","0","0","0","0","0","0","0","0","0","0","0","0","0","0","0","0"
"*068nb*","Sebastian Revan","AVL","D","822","FA","AVL 0<br/>@CRY 5 F","0","0","-","-","0","0","0","0","0","0","0","0","0","0","0","0","0","0","0","0","0","0","0","0","0","0","0","0","0","0","0","0","0"
"*06imk*","Dujuan Richards","CHE","F","823","FA","BOU 1<br/>@CHE 2 F","0","0","-","-","0","0","0","0","0","0","0","0","0","0","0","0","0","0","0","0","0","0","0","0","0","0","0","0","0","0","0","0","0"
"*06c6k*","Sai Sachdev","SHU","D","829","FA","TOT 3<br/>@SHU 0 F","0","0","-","-","0","0","0","0","0","0","0","0","0","0","0","0","0","0","0","0","0","0","0","0","0","0","0","0","0","0","0","0","0"
"*06bq0*","Imari Samuels","BHA","D","831","FA","MUN 2<br/>@BHA 0 F","0","0","-","-","0","0","0","0","0","0","0","0","0","0","0","0","0","0","0","0","0","0","0","0","0","0","0","0","0","0","0","0","0"
"*06kse*","Dovydas Sasnauskas","SHU","D","836","FA","TOT 3<br/>@SHU 0 F","0","0","-","-","0","0","0","0","0","0","0","0","0","0","0","0","0","0","0","0","0","0","0","0","0","0","0","0","0","0","0","0","0"
"*06ewx*","Remi Savage","NEW","D","837","FA","NEW 4<br/>@BRF 2 F","0","0","-","-","0","0","0","0","0","0","0","0","0","0","0","0","0","0","0","0","0","0","0","0","0","0","0","0","0","0","0","0","0"
"*06440*","Kristian Sekularac","FUL","M","840","FA","FUL 4<br/>@LUT 2 F","0","0","-","-","0","0","0","0","0","0","0","0","0","0","0","0","0","0","0","0","0","0","0","0","0","0","0","0","0","0","0","0","0"
"*05t6a*","Femi Seriki","SHU","D","841","FA","TOT 3<br/>@SHU 0 F","0","0","-","-","0","0","0","0","0","0","0","0","0","0","0","0","0","0","0","0","0","0","0","0","0","0","0","0","0","0","0","0","0"
"*05y5c*","Kamarai Simon-Swyer","WHU","F","847","FA","WHU 1<br/>@MCI 3 F","0","0","-","-","0","0","0","0","0","0","0","0","0","0","0","0","0","0","0","0","0","0","0","0","0","0","0","0","0","0","0","0","0"
"*062i0*","Lino Sousa","ARS/AVL","D","849","FA","AVL 0<br/>@CRY 5 F","0","0","-","-","0","0","0","0","0","0","0","0","0","0","0","0","0","0","0","0","0","0","0","0","0","0","0","0","0","0","0","0","0"
"*06low*","Zak Sturge","CHE","D","853","FA","BOU 1<br/>@CHE 2 F","0","0","-","-","0","0","0","0","0","0","0","0","0","0","0","0","0","0","0","0","0","0","0","0","0","0","0","0","0","0","0","0","0"
"*06hck*","James Sweet","ARS","D","856","FA","EVE 1<br/>@ARS 2 F","0","0","-","-","0","0","0","0","0","0","0","0","0","0","0","0","0","0","0","0","0","0","0","0","0","0","0","0","0","0","0","0","0"
"*06hvw*","Devan Tanton","FUL","D","858","FA","FUL 4<br/>@LUT 2 F","0","0","-","-","0","0","0","0","0","0","0","0","0","0","0","0","0","0","0","0","0","0","0","0","0","0","0","0","0","0","0","0","0"
"*06c6d*","Joseph Taylor","LUT","F","859","FA","FUL 4<br/>@LUT 2 F","0","0","-","-","0","0","0","0","0","0","0","0","0","0","0","0","0","0","0","0","0","0","0","0","0","0","0","0","0","0","0","0","0"
"*062cm*","Slobodan Tedic","MCI","F","860","FA","WHU 1<br/>@MCI 3 F","0","0","-","-","0","0","0","0","0","0","0","0","0","0","0","0","0","0","0","0","0","0","0","0","0","0","0","0","0","0","0","0","0"
"*06c67*","Elliot Thorpe","LUT","M","861","FA","FUL 4<br/>@LUT 2 F","0","0","-","-","0","0","0","0","0","0","0","0","0","0","0","0","0","0","0","0","0","0","0","0","0","0","0","0","0","0","0","0","0"
"*06ewz*","Jay Turner-Cooke","NEW","M","865","FA","NEW 4<br/>@BRF 2 F","0","0","-","-","0","0","0","0","0","0","0","0","0","0","0","0","0","0","0","0","0","0","0","0","0","0","0","0","0","0","0","0","0"
"*05x9j*","Ed Turns","BHA","D","866","FA","MUN 2<br/>@BHA 0 F","0","0","-","-","0","0","0","0","0","0","0","0","0","0","0","0","0","0","0","0","0","0","0","0","0","0","0","0","0","0","0","0","0"
"*0643t*","Jack Wadham","BOU","M","872","FA","BOU 1<br/>@CHE 2 F","0","0","-","-","0","0","0","0","0","0","0","0","0","0","0","0","0","0","0","0","0","0","0","0","0","0","0","0","0","0","0","0","0"
"*05r4z*","Jensen Weir","BHA","M","875","FA","MUN 2<br/>@BHA 0 F","0","0","-","-","0","0","0","0","0","0","0","0","0","0","0","0","0","0","0","0","0","0","0","0","0","0","0","0","0","0","0","0","0"
"*05ye4*","Jack Wells-Morrison","CRY","M","876","FA","AVL 0<br/>@CRY 5 F","0","0","-","-","0","0","0","0","0","0","0","0","0","0","0","0","0","0","0","0","0","0","0","0","0","0","0","0","0","0","0","0","0"
"*06ib5*","Matthew Whittingham","WOL","M","879","FA","WOL 0<br/>@LIV 2 F","0","0","-","-","0","0","0","0","0","0","0","0","0","0","0","0","0","0","0","0","0","0","0","0","0","0","0","0","0","0","0","0","0"
"*060gq*","Dylan Williams","CHE","D","883","FA","BOU 1<br/>@CHE 2 F","0","0","-","-","0","0","0","0","0","0","0","0","0","0","0","0","0","0","0","0","0","0","0","0","0","0","0","0","0","0","0","0","0"
"*05opi*","Andi Zeqiri","BHA","F","890","FA","MUN 2<br/>@BHA 0 F","0","0","-","-","0","0","0","0","0","0","0","0","0","0","0","0","0","0","0","0","0","0","0","0","0","0","0","0","0","0","0","0","0"
"*06cmd*","Diego Moreira","CHE","F","893","FA","BOU 1<br/>@CHE 2 F","0","0","-","-","0","0","0","0","0","0","0","0","0","0","0","0","0","0","0","0","0","0","0","0","0","0","0","0","0","0","0","0","0"
"*066t1*","Yago Alonso","TOT","F","895","FA","TOT 3<br/>@SHU 0 F","0","0","-","-","0","0","0","0","0","0","0","0","0","0","0","0","0","0","0","0","0","0","0","0","0","0","0","0","0","0","0","0","0"
"*06kwx*","Dominic dos Santos Martins","LUT","M","896","FA","FUL 4<br/>@LUT 2 F","0","0","-","-","0","0","0","0","0","0","0","0","0","0","0","0","0","0","0","0","0","0","0","0","0","0","0","0","0","0","0","0","0"
"*04c3c*","Rhian Brewster","SHU","F","491","FA","TOT 3<br/>@SHU 0 F","-0.25","-0.25","0%","0%","1","0","8","0","0","0","0","0","0","0","0","0","2","0","0","0","0","0","0","0","0","0","1","1","0","0","0","0","0"
"*03rxs*","Harry Wilson","FUL","M","157","MID","FUL 4<br/>@LUT 2 F","-0.75","-0.75","98%","0%","1","0","25","0","0","0","0","0","0","0","0","0","0","0","1","0","0","0","0","2","0","0","0","3","0","0","0","0","0"
"*06f81*","Edson Alvarez","WHU","M","152","FA","WHU 1<br/>@MCI 3 F","-0.75","-0.75","0%","0%","1","1","45","0","0","0","0","0","0","0","0","0","0","0","1","0","0","0","0","1","1","0","0","0","0","0","0","4","0"
"*04e1c*","Lewis Dunk","BHA","D","120","Slab","MUN 2<br/>@BHA 0 F","-1","-1","32%","+5%","1","1","90","0","0","0","0","0","0","0","0","0","0","0","1","0","0","1","1","4","0","0","0","0","0","0","0","2","0"
"*03r8x*","Callum Wilson","NEW","F","253","FA","NEW 4<br/>@BRF 2 F","-1.5","-1.5","16%","+4%","1","1","90","0","0","0","0","0","0","0","0","0","4","2","1","0","0","0","0","0","1","0","1","0","0","0","0","2","0"
"*06cm1*","Nicolas Jackson","CHE","F","40","Laeka B","BOU 1<br/>@CHE 2 F","-1.75","-1.75","23%","0%","1","1","78","0","0","0","0","0","0","0","0","0","2","1","1","0","0","0","0","0","0","0","1","1","0","0","0","1","0"
"*04mqv*","Emerson","WHU","D","94","RyRob","WHU 1<br/>@MCI 3 F","-2.75","-2.75","0%","0%","1","1","75","0","0","0","0","0","0","0","3","0","0","0","0","0","0","1","1","2","0","0","1","0","0","0","0","6","0"
"*05opk*","Vladimir Coufal","WHU","D","85","Laeka B","WHU 1<br/>@MCI 3 F","-4","-4","0%","0%","1","1","90","0","0","0","0","0","0","0","1","0","0","1","0","0","0","2","0","5","0","0","0","2","0","0","0","6","0"
"*02lp5*","Adam Smith","BOU","D","195","FA","BOU 1<br/>@CHE 2 F","-4.5","-4.5","2%","+1%","1","1","84","0","0","0","0","0","0","0","0","0","0","0","1","0","0","0","0","1","0","0","0","5","0","0","0","3","0"
"*03arh*","Kurt Zouma","WHU","D","184","FA","WHU 1<br/>@MCI 3 F","-5.5","-5.5","0%","0%","1","1","45","0","0","0","0","0","0","0","0","0","0","0","0","0","0","0","0","2","0","0","0","0","0","0","0","4","0"
"*04mcg*","Ben Johnson","WHU","D","410","FA","WHU 1<br/>@MCI 3 F","-5.75","-5.75","0%","0%","1","1","90","0","0","0","0","0","0","0","1","0","2","2","0","0","0","0","0","0","0","1","0","8","0","0","0","6","0"
"*0620k*","Nayef Aguerd","WHU","D","271","FA","WHU 1<br/>@MCI 3 F","-6","-6","0%","0%","1","1","90","0","0","0","0","0","0","0","0","0","0","0","0","0","0","0","0","6","0","1","1","2","0","0","0","6","0"
