"ID","Player","Team","Position","RkOv","Status","Opponent","FPts","FP/G","Ros","+/-","GP","Min","G","A","KP","AFKG","APKG","SOT","TkW","DIS","YC","RC","ACNC","Int","CLR","CoS","BS","AER","PKM","OG","GAO","CS"
"*05gcr*","Bruno Fernandes","MUN","M","1","FA","MUN 2<br/>@WOL 1 F","625.25","16.9","100%","0%","37","3,098","18","12","95","0","0","51","30","37","6","0","19","26","27","23","0","16","1","0","36","13"
"*02lol*","Harry Kane","TOT","F","2","No Slips","TOT 4<br/>@LEI 2 F","590.75","16.88","0%","0%","35","3,082","23","14","49","0","0","53","12","54","1","0","7","11","39","52","11","76","0","0","39","12"
"*03v9d*","Son Heung-Min","TOT","F","3","Laeka B","TOT 4<br/>@LEI 2 F","508","13.73","10%","0%","37","3,116","17","10","75","0","0","36","18","50","0","0","9","14","3","39","3","20","0","0","36","13"
"*03aqp*","Mohamed Salah","LIV","F","4","RyRob","CRY 0<br/>@LIV 2 F","469.5","12.69","97%","0%","37","3,074","22","5","57","0","0","52","9","82","0","0","7","1","10","36","0","18","0","0","41","11"
"*03jv0*","Sadio Mane","LIV","F","5","Yum","CRY 0<br/>@LIV 2 F","466.75","13.34","0%","0%","35","2,804","11","7","61","0","1","36","30","61","3","0","9","15","9","82","0","36","0","0","28","12"
"*052cd*","Mason Mount","CHE","M","6","Laeka B","CHE 1<br/>@AVL 2 F","453","12.58","17%","0%","36","2,884","6","5","87","0","0","27","35","41","2","0","14","31","12","43","2","21","0","0","32","14"
"*02oq8*","James Ward-Prowse","SOU","M","7","Laeka B","SOU 0<br/>@WHU 3 F","449.25","11.82","32%","-6%","38","3,420","8","7","60","0","0","24","49","14","5","0","16","42","52","17","4","47","1","0","68","9"
"*05gcp*","Tomas Soucek","WHU","M","8","I_am_Tim","SOU 0<br/>@WHU 3 F","438.25","11.53","43%","-3%","38","3,418","10","1","18","0","0","23","41","21","7","1","1","62","102","16","18","234","0","1","47","11"
"*02oox*","Kevin De Bruyne","MCI","M","9","Noah B","EVE 0<br/>@MCI 5 F","436.25","17.45","0%","0%","25","1,995","6","12","80","0","0","27","21","33","1","0","18","9","8","48","1","4","1","0","17","12"
"*02lm7*","Jack Grealish","AVL","M","10","CFPL","CHE 1<br/>@AVL 2 F","422.75","16.26","33%","-1%","26","2,180","6","10","81","0","2","19","14","39","6","0","10","12","4","65","3","26","0","0","28","12"
"*05ocl*","Ollie Watkins","AVL","F","11","CFPL","CHE 1<br/>@AVL 2 F","419.5","11.34","99%","0%","37","3,328","14","5","45","0","0","45","17","85","2","1","5","7","23","40","2","136","1","0","46","14"
"*03ek4*","Patrick Bamford","LEE","F","12","I_am_Tim","WBA 1<br/>@LEE 3 F","410.75","10.81","0%","0%","38","3,053","17","7","30","0","2","48","9","21","3","0","1","10","37","19","4","47","0","0","50","10"
"*03srg*","Trent Alexander-Arnold","LIV","D","13","I_am_Tim","CRY 0<br/>@LIV 2 F","406","11.28","0%","0%","36","3,032","2","7","77","0","0","12","33","22","2","0","42","49","43","32","3","8","0","0","40","10"
"*03ybi*","Marcus Rashford","MUN","F","14","Noah B","MUN 2<br/>@WOL 1 F","405.75","10.97","92%","0%","37","2,916","11","9","43","0","1","37","9","50","4","0","8","8","10","82","2","25","0","0","39","12"
"*05n0b*","Matheus Pereira","WBA","M","15","RyRob","WBA 1<br/>@LEE 3 F","405.5","12.29","0%","0%","33","2,576","11","6","60","0","0","28","15","45","2","1","19","29","14","40","0","13","0","0","55","6"
"*04spq*","Jack Harrison","LEE","M","16","Laeka B","WBA 1<br/>@LEE 3 F","397.75","11.05","3%","0%","36","2,847","8","8","59","0","0","19","38","63","2","0","22","15","18","42","2","26","0","0","45","11"
"*05os7*","Raphinha","LEE","F","17","RyRob","WBA 1<br/>@LEE 3 F","396","13.2","0%","0%","30","2,358","6","9","64","0","0","24","17","34","3","0","20","29","26","56","1","9","0","0","34","9"
"*04yo7*","Youri Tielemans","LEI","M","18","Tim O","TOT 4<br/>@LEI 2 F","383.75","10.1","85%","-3%","38","3,356","6","4","49","0","0","20","45","35","6","0","12","46","16","43","8","35","0","0","50","11"
"*03dyk*","Jamie Vardy","LEI","F","19","Laeka B","TOT 4<br/>@LEI 2 F","381","11.21","0%","0%","34","2,839","15","9","28","0","0","38","12","12","1","0","2","4","31","26","5","50","1","0","44","8"
"*049tq*","Dominic Calvert-Lewin","EVE","F","20","Laeka B","EVE 0<br/>@MCI 5 F","380","11.52","82%","0%","33","2,872","16","0","18","0","2","46","8","29","3","0","3","6","33","22","6","154","0","0","39","11"
"*056iy*","Pedro Neto","WOL","F","21","FA","MUN 2<br/>@WOL 1 F","373","12.03","95%","-2%","31","2,555","5","6","61","0","0","21","9","41","4","0","37","31","5","64","2","19","0","0","38","9"
"*03u2b*","Adama Traore","WOL","F","22","Yum","MUN 2<br/>@WOL 1 F","369.75","9.99","9%","0%","37","2,638","2","2","55","0","1","13","16","65","4","0","24","7","11","153","1","73","0","0","41","7"
"*0570n*","Joao Cancelo","MCI","D","23","FA","EVE 0<br/>@MCI 5 F","364.5","13.02","0%","0%","28","2,297","2","3","44","0","0","11","41","21","5","1","11","41","28","47","2","30","0","0","18","14"
"*03gu5*","Andrew Robertson","LIV","D","24","Laeka B","CRY 0<br/>@LIV 2 F","363.5","9.57","22%","-8%","38","3,382","1","7","66","0","0","5","34","11","2","0","40","21","68","28","9","30","0","0","42","12"
"*04adp*","Aaron Wan-Bissaka","MUN","D","25","Noah B","MUN 2<br/>@WOL 1 F","354","10.41","46%","0%","34","3,060","2","4","31","0","0","4","54","21","3","0","13","62","61","34","17","38","0","0","36","13"
"*03rxz*","Roberto Firmino","LIV","F","26","I_am_Tim","CRY 0<br/>@LIV 2 F","352","9.78","0%","0%","36","2,839","9","7","44","0","0","34","15","47","2","0","0","11","12","59","5","22","0","0","39","10"
"*0435t*","Ilkay Gundogan","MCI","M","27","FA","EVE 0<br/>@MCI 5 F","345.5","12.34","1%","0%","28","2,022","13","2","42","0","1","22","15","13","1","0","4","20","9","27","4","12","1","0","16","12"
"*04tm0*","Lucas Digne","EVE","D","28","Yum","EVE 0<br/>@MCI 5 F","342.25","11.41","60%","-3%","30","2,682","0","7","46","0","0","0","38","20","2","1","39","31","72","18","4","92","0","0","42","9"
"*04fk1*","Pascal Gross","BHA","M","30","I_am_Tim","BHA 0<br/>@ARS 2 F","335","9.85","74%","0%","34","2,479","3","8","70","0","0","7","24","17","3","0","34","23","15","9","4","22","1","0","28","10"
"*0372y*","Matt Targett","AVL","D","31","No Slips","CHE 1<br/>@AVL 2 F","330.75","8.7","0%","0%","38","3,404","0","2","38","0","0","2","39","6","7","0","24","55","87","15","14","71","0","0","44","16"
"*02oq6*","Luke Shaw","MUN","D","32","JLINGZ","MUN 2<br/>@WOL 1 F","327.5","10.23","54%","+3%","32","2,653","1","5","72","0","0","6","28","21","8","0","26","20","39","36","9","38","0","1","33","10"
"*0427d*","James Tarkowski","BUR","D","33","I_am_Tim","BUR 0<br/>@SHU 1 F","325","9.03","99%","0%","36","3,240","1","0","12","0","0","6","39","4","6","0","2","44","159","12","42","165","0","0","50","11"
"*04p0d*","Dwight McNeil","BUR","M","34","JADON","BUR 0<br/>@SHU 1 F","323.5","8.99","40%","-5%","36","3,066","2","5","48","0","0","9","24","62","1","0","36","32","18","63","6","19","0","0","50","11"
"*05opk*","Vladimir Coufal","WHU","D","35","Yum","SOU 0<br/>@WHU 3 F","322.5","9.49","0%","0%","34","3,055","0","7","45","0","0","5","36","16","3","0","34","41","90","15","7","53","0","0","43","9"
"*02m5b*","Chris Wood","BUR","F","37","JADON","BUR 0<br/>@SHU 1 F","320","9.7","63%","-7%","33","2,743","12","3","22","0","0","39","7","44","0","0","0","1","21","7","3","154","0","0","43","9"
"*05n02*","Stuart Dallas","LEE","M","36","Tim O","WBA 1<br/>@LEE 3 F","320","8.42","0%","0%","38","3,409","8","2","26","0","0","19","45","34","7","0","10","44","46","22","3","33","0","0","53","12"
"*02lkp*","Raheem Sterling","MCI","F","38","JLINGZ","EVE 0<br/>@MCI 5 F","319.25","10.3","1%","0%","31","2,533","10","7","40","0","1","28","10","83","4","0","1","15","4","66","0","9","1","0","23","14"
"*035n1*","Bertrand Traore","CHE/AVL","M,F","39","JADON","CHE 1<br/>@AVL 2 F","317.25","8.81","1%","0%","36","2,315","7","6","35","0","1","23","10","26","1","0","13","15","12","52","1","32","0","0","31","11"
"*03dyp*","Riyad Mahrez","MCI","F","40","Tim O","EVE 0<br/>@MCI 5 F","316.75","11.73","0%","0%","27","1,946","9","6","45","0","0","22","5","30","0","0","12","8","4","45","0","15","0","0","22","11"
"*0414o*","James Maddison","LEI","M","41","RyRob","TOT 4<br/>@LEI 2 F","315","10.16","43%","+6%","31","2,093","8","5","51","0","2","23","16","33","4","0","9","9","4","29","1","2","0","0","28","10"
"*0522s*","Che Adams","SOU","F","42","FA","SOU 0<br/>@WHU 3 F","309","8.58","0%","0%","36","2,662","9","5","37","1","0","31","16","44","1","0","1","4","17","28","2","54","0","0","51","7"
"*051k0*","John McGinn","AVL","M","43","Noah B","CHE 1<br/>@AVL 2 F","307.75","8.32","69%","0%","37","3,330","3","5","42","0","1","11","37","35","12","0","8","43","23","52","6","22","0","0","46","14"
"*02lp7*","Andros Townsend","CRY","M","44","Yum","CRY 0<br/>@LIV 2 F","307.75","9.05","0%","0%","34","2,247","1","5","40","0","0","11","41","56","0","0","36","41","13","44","2","3","0","0","37","7"
"*03gu4*","Harry Maguire","MUN","D","45","FA","MUN 2<br/>@WOL 1 F","307.5","9.04","43%","+3%","34","3,047","2","1","7","0","0","10","17","6","11","0","1","60","122","8","23","135","0","0","36","13"
"*05mxc*","Timo Werner","CHE","F","46","CFPL","CHE 1<br/>@AVL 2 F","307.25","8.78","0%","0%","35","2,592","6","8","36","0","4","32","9","28","2","0","10","8","6","29","1","10","0","0","29","13"
"*04aj0*","Ademola Lookman","EVE/FUL","F","47","I_am_Tim","NEW 2<br/>@FUL 0 F","306.75","9.02","0%","0%","34","2,742","4","4","61","0","0","23","11","73","5","0","10","20","7","82","1","7","1","0","33","10"
"*04u6r*","Andre-Frank Zambo Anguissa","FUL","M","48","No Slips","NEW 2<br/>@FUL 0 F","305.75","8.49","0%","0%","36","2,574","0","3","27","0","0","9","37","50","6","0","4","56","14","96","6","63","0","0","40","6"
"*02w6v*","Christian Benteke","CRY","F","49","FA","CRY 0<br/>@LIV 2 F","303.75","10.12","0%","0%","30","1,807","10","1","15","0","0","34","7","27","1","1","1","4","39","16","6","205","0","0","34","5"
"*04qr6*","Ruben Neves","WOL","M","50","Noah B","MUN 2<br/>@WOL 1 F","303.5","8.43","0%","0%","36","2,672","5","1","33","0","0","16","46","16","8","0","4","65","40","10","11","26","0","0","42","8"
"*0520r*","Leandro Trossard","BHA","M","51","RyRob","BHA 0<br/>@ARS 2 F","302.25","8.64","91%","+3%","35","2,604","5","5","50","0","0","23","14","60","2","0","13","26","3","39","2","4","0","0","30","12"
"*04abb*","Phil Foden","MCI","M","52","JADON","EVE 0<br/>@MCI 5 F","301.5","10.77","97%","+5%","28","1,604","9","5","36","0","0","20","11","15","0","0","4","11","10","38","0","16","0","0","16","6"
"*04y92*","Bukayo Saka","ARS","M","53","No Slips","BHA 0<br/>@ARS 2 F","300","9.38","100%","0%","32","2,554","5","3","38","1","1","20","16","42","1","0","21","25","19","46","2","13","0","1","31","8"
"*03ena*","Aaron Cresswell","WHU","D","55","No Slips","SOU 0<br/>@WHU 3 F","297.5","8.26","0%","0%","36","3,170","0","8","58","0","0","4","13","9","3","0","30","32","73","4","14","35","0","0","41","11"
"*03vll*","Michail Antonio","WHU","M","56","JLINGZ","SOU 0<br/>@WHU 3 F","294.25","11.32","0%","0%","26","1,976","10","5","27","0","0","25","4","49","3","0","2","7","7","43","3","73","0","0","25","6"
"*03v6t*","Ben Chilwell","CHE","D","57","Yum","CHE 1<br/>@AVL 2 F","293.5","10.87","0%","0%","27","2,287","3","5","30","0","0","10","22","19","3","0","17","24","47","16","3","38","0","0","23","12"
"*02m2u*","Gylfi Sigurdsson","EVE","M","58","Tim O","EVE 0<br/>@MCI 5 F","290.75","8.08","0%","0%","36","2,242","6","5","44","0","0","17","20","28","2","0","10","34","17","14","2","5","1","0","29","10"
"*05nt6*","Eberechi Eze","CRY","M","59","RyRob","CRY 0<br/>@LIV 2 F","290.5","8.54","98%","0%","34","2,556","4","6","43","0","0","13","14","37","3","0","8","24","7","64","3","12","0","0","51","6"
"*04io4*","Richarlison","EVE","F","60","CFPL","EVE 0<br/>@MCI 5 F","288.5","8.49","80%","+1%","34","2,860","7","3","25","0","0","32","32","56","4","1","2","14","35","61","3","40","0","0","38","11"
"*04rd1*","Stuart Armstrong","SOU","M","61","CFPL","SOU 0<br/>@WHU 3 F","288.25","8.73","0%","0%","33","2,766","4","5","35","0","0","11","41","68","3","0","7","24","19","68","1","8","0","0","56","8"
"*04abn*","Harvey Barnes","LEI","M","62","FA","TOT 4<br/>@LEI 2 F","285.75","11.43","69%","+9%","25","1,947","9","4","26","1","0","26","9","31","0","0","3","8","9","40","3","24","0","0","25","7"
"*046c5*","Jarrod Bowen","WHU","M","63","RyRob","SOU 0<br/>@WHU 3 F","285.25","7.51","100%","0%","38","2,561","8","5","29","0","0","16","15","50","0","0","14","22","5","36","1","23","0","0","33","9"
"*03dxq*","Danny Ings","SOU","F","64","No Slips","SOU 0<br/>@WHU 3 F","282.5","9.74","0%","0%","29","2,173","12","4","22","0","0","27","13","18","1","0","3","3","20","30","2","23","0","0","40","6"
"*051k7*","Reece James","CHE","D","65","Noah B","CHE 1<br/>@AVL 2 F","282","8.81","95%","+3%","32","2,361","1","2","42","0","0","11","35","23","3","0","25","17","43","34","7","40","0","0","29","9"
"*051lc*","Pablo Fornals","WHU","M","66","Yum","SOU 0<br/>@WHU 3 F","278.5","8.44","0%","0%","33","2,574","5","4","31","0","0","16","26","21","3","0","6","36","7","29","1","23","0","0","33","9"
"*0524k*","Rodri","MCI","M","67","FA","EVE 0<br/>@MCI 5 F","276.75","8.14","76%","-2%","34","2,745","2","2","33","0","0","8","40","22","6","0","2","36","54","28","9","80","0","0","27","13"
"*02w6w*","Ashley Westwood","BUR","M","68","I_am_Tim","BUR 0<br/>@SHU 1 F","276","7.26","0%","0%","38","3,410","3","3","53","0","0","7","15","11","7","0","23","44","30","13","9","14","0","0","55","11"
"*0327r*","Michael Keane","EVE","D","69","Tim O","EVE 0<br/>@MCI 5 F","273.25","7.81","71%","+3%","35","2,988","3","1","7","0","0","6","15","5","4","0","0","51","156","4","33","111","0","0","43","11"
"*04fw3*","Alexandre Lacazette","ARS","F","70","JADON","BHA 0<br/>@ARS 2 F","270","8.71","0%","0%","31","1,914","13","2","22","0","0","29","10","31","3","0","0","12","13","22","1","28","0","0","21","8"
"*05mzw*","Luke Ayling","LEE","D","71","RyRob","WBA 1<br/>@LEE 3 F","269","7.08","0%","0%","38","3,400","0","0","27","0","0","6","61","21","7","0","14","36","77","41","36","66","0","0","54","12"
"*04sft*","Yves Bissouma","BHA","M","72","JADON","BHA 0<br/>@ARS 2 F","268","7.44","2%","0%","36","3,108","1","0","16","0","0","3","68","29","8","1","1","64","64","53","6","38","0","0","42","11"
"*04agz*","Declan Rice","WHU","M","73","RyRob","SOU 0<br/>@WHU 3 F","266.75","8.34","100%","0%","32","2,878","2","1","23","0","0","8","36","19","2","0","8","59","35","29","11","44","1","0","37","11"
"*04aiz*","Wilfred Ndidi","LEI","M","76","No Slips","TOT 4<br/>@LEI 2 F","264.25","10.16","0%","0%","26","2,176","1","4","16","0","0","1","63","14","6","0","0","61","52","16","11","57","0","0","31","7"
"*0522t*","Anwar El Ghazi","AVL","M","77","Yum","CHE 1<br/>@AVL 2 F","263.75","9.42","0%","0%","28","1,597","10","0","26","0","0","30","13","35","2","0","14","6","10","26","0","28","0","0","22","5"
"*045c8*","Gabriel Jesus","MCI","F","79","Noah B","EVE 0<br/>@MCI 5 F","260.75","8.99","10%","0%","29","2,048","9","4","31","0","0","16","6","38","2","0","3","15","5","48","0","19","0","0","17","11"
"*05ojg*","Nelson Semedo","WOL","D","78","No Slips","MUN 2<br/>@WOL 1 F","260.75","7.67","1%","0%","34","2,985","1","1","21","0","0","11","48","27","5","0","15","41","70","62","10","41","0","1","45","9"
"*0327v*","Wilfried Zaha","CRY","M","80","JLINGZ","CRY 0<br/>@LIV 2 F","260","8.67","0%","0%","30","2,612","11","2","30","0","0","20","18","77","6","0","6","9","1","55","0","9","0","0","52","6"
"*03rec*","Tyrone Mings","AVL","D","81","JADON","CHE 1<br/>@AVL 2 F","257.75","7.16","12%","-1%","36","3,195","2","2","7","0","0","7","16","4","4","1","1","41","170","6","40","91","0","1","42","14"
"*05o8m*","James Rodriguez","EVE","M","82","Tim O","EVE 0<br/>@MCI 5 F","257.25","11.18","0%","0%","23","1,766","6","4","40","0","1","18","17","38","4","0","6","15","1","34","0","6","0","0","27","5"
"*03r8x*","Callum Wilson","NEW","F","83","FA","NEW 2<br/>@FUL 0 F","255.5","9.83","16%","+4%","26","2,081","12","5","17","1","0","20","5","39","2","0","0","7","14","26","3","44","0","0","37","5"
"*02vlk*","Cesar Azpilicueta","CHE","D","84","JLINGZ","CHE 1<br/>@AVL 2 F","255","9.81","0%","0%","26","2,187","1","2","27","0","0","5","28","6","5","1","7","28","59","6","5","55","0","0","20","13"
"*03g40*","Kelechi Iheanacho","LEI","F","85","Noah B","TOT 4<br/>@LEI 2 F","251.75","10.07","0%","0%","25","1,450","12","2","28","0","0","25","5","34","1","0","5","2","1","32","0","8","1","0","23","5"
"*043qz*","Pierre-Emile Hojbjerg","TOT","M","86","Tim O","TOT 4<br/>@LEI 2 F","251","6.61","0%","0%","38","3,420","2","4","16","0","0","7","51","20","9","0","1","48","64","23","9","44","0","0","45","12"
"*04t3s*","Joao Moutinho","WOL","M","87","Noah B","MUN 2<br/>@WOL 1 F","251","7.61","0%","0%","33","2,528","1","1","46","0","0","4","40","11","3","1","14","47","24","13","3","18","0","0","40","6"
"*02lo3*","Gareth Bale","TOT","M,F","88","JADON","TOT 4<br/>@LEI 2 F","250.5","12.53","0%","0%","20","907","11","2","21","0","0","19","10","7","1","0","5","8","14","27","2","23","0","0","12","5"
"*04s8k*","Jorginho","CHE","M","89","JLINGZ","CHE 1<br/>@AVL 2 F","250.25","8.94","0%","0%","28","2,008","7","1","24","0","0","9","30","14","2","0","3","40","20","17","5","17","2","0","17","14"
"*02lnq*","Paul Pogba","MUN","M","90","No Slips","MUN 2<br/>@WOL 1 F","250.25","9.62","0%","0%","26","1,893","3","3","26","0","2","11","26","50","3","0","2","26","37","44","2","55","0","0","26","5"
"*03dx7*","Ben Mee","BUR","D","91","FA","BUR 0<br/>@SHU 1 F","248.75","8.29","0%","0%","30","2,693","2","0","6","0","0","7","15","2","3","0","0","43","148","4","45","110","0","0","41","10"
"*04qrd*","Ivan Cavaleiro","FUL","F","93","JLINGZ","NEW 2<br/>@FUL 0 F","245.25","6.81","0%","0%","36","2,459","3","0","43","0","0","17","14","50","2","0","15","19","14","53","1","48","1","0","43","7"
"*05o4b*","Matty Cash","AVL","D","95","I_am_Tim","CHE 1<br/>@AVL 2 F","241.75","8.63","80%","-1%","28","2,375","0","2","21","0","0","2","40","13","6","1","22","60","82","12","11","35","0","0","35","11"
"*051la*","David McGoldrick","SHU","F","96","Tim O","BUR 0<br/>@SHU 1 F","241.75","6.91","0%","0%","35","2,391","8","1","17","0","0","24","21","44","7","0","5","2","23","47","3","88","0","0","37","9"
"*056iw*","Allan Saint-Maximin","NEW","M","97","CFPL","NEW 2<br/>@FUL 0 F","240","9.6","0%","0%","25","1,554","3","4","30","0","0","13","9","52","0","0","6","4","1","96","0","7","0","0","26","7"
"*04yo6*","Miguel Almiron","NEW","M","98","JADON","NEW 2<br/>@FUL 0 F","237","6.97","0%","0%","34","2,426","4","1","31","0","0","15","29","34","3","0","8","25","18","39","4","8","0","0","48","5"
"*03arh*","Kurt Zouma","CHE","D","99","JADON","CHE 1<br/>@AVL 2 F","236.5","9.85","0%","0%","24","2,025","5","0","4","0","0","12","10","4","3","0","0","28","91","2","9","87","0","0","25","9"
"*05gcx*","Josh Brownhill","BUR","M","100","FA","BUR 0<br/>@SHU 1 F","236","7.15","3%","0%","33","2,810","0","1","18","0","0","7","27","15","2","0","4","69","37","15","11","65","0","0","42","10"
"*05n03*","Kalvin Phillips","LEE","M","101","Yum","WBA 1<br/>@LEE 3 F","235.5","8.12","0%","0%","29","2,427","1","2","35","0","0","5","38","16","10","0","9","45","49","20","14","30","0","0","34","9"
"*05mxa*","Joel Veltman","BHA","D","102","RyRob","BHA 0<br/>@ARS 2 F","235.25","8.4","3%","0%","28","2,281","1","1","22","0","0","4","33","7","3","0","20","33","60","18","5","42","0","0","27","9"
"*04mqy*","Pierre-Emerick Aubameyang","ARS","F","103","No Slips","BHA 0<br/>@ARS 2 F","233.75","8.06","0%","0%","29","2,328","10","3","22","0","0","22","8","19","2","0","10","7","15","12","0","35","0","1","26","10"
"*05opl*","Wesley Fofana","LEI","D","104","JADON","TOT 4<br/>@LEI 2 F","233.5","8.34","26%","+1%","28","2,258","0","0","6","0","1","2","37","12","7","0","0","61","92","15","16","91","0","0","30","7"
"*04qra*","Romain Saiss","WOL","D","105","CFPL","MUN 2<br/>@WOL 1 F","233","8.63","0%","0%","27","2,408","3","0","5","0","0","11","24","2","2","0","4","52","111","9","13","71","0","0","40","8"
"*04e1c*","Lewis Dunk","BHA","D","108","Yum","BHA 0<br/>@ARS 2 F","229.25","6.95","32%","+5%","33","2,931","5","0","10","0","0","15","15","1","5","2","0","32","104","6","20","78","0","1","38","11"
"*02on3*","Matthew Lowton","BUR","D","109","Yum","BUR 0<br/>@SHU 1 F","229","6.74","0%","0%","34","3,060","1","1","26","0","0","4","32","10","5","0","12","56","79","27","13","34","0","0","47","10"
"*02ln2*","Jonny Evans","LEI","D","110","Tim O","TOT 4<br/>@LEI 2 F","228.25","8.15","0%","0%","28","2,474","2","2","10","0","0","3","12","4","7","0","0","46","96","8","3","93","0","1","31","10"
"*05os8*","Joachim Andersen","FUL","D","111","FA","NEW 2<br/>@FUL 0 F","228","7.35","50%","-1%","31","2,729","1","1","8","0","0","3","19","3","7","1","1","44","150","9","13","99","0","0","35","10"
"*056mf*","Neal Maupay","BHA","F","112","FA","BHA 0<br/>@ARS 2 F","227.75","6.9","0%","0%","33","2,507","8","2","32","0","0","26","8","48","1","1","5","13","6","24","0","21","1","0","34","10"
"*05omu*","Ruben Dias","MCI","D","115","No Slips","EVE 0<br/>@MCI 5 F","226.25","7.07","73%","0%","32","2,844","1","0","3","0","0","6","13","4","4","0","1","35","90","6","23","62","0","1","21","17"
"*02lls*","Marc Albrighton","LEI","M","114","CFPL","TOT 4<br/>@LEI 2 F","226.25","7.3","0%","0%","31","1,726","1","5","38","0","0","10","19","29","2","0","15","17","20","37","3","10","0","0","22","4"
"*05n04*","Mateusz Klich","LEE","M","116","FA","WBA 1<br/>@LEE 3 F","226","6.46","0%","0%","35","2,381","4","5","44","0","0","11","20","22","6","0","7","11","15","13","4","15","0","0","44","8"
"*04s60*","Jannik Vestergaard","SOU","D","117","FA","SOU 0<br/>@WHU 3 F","223","7.43","0%","0%","30","2,574","3","0","7","0","1","8","31","6","3","1","1","42","119","7","16","98","0","0","46","6"
"*03mga*","Darnell Furlong","WBA","D","118","RyRob","WBA 1<br/>@LEE 3 F","222.5","6.36","0%","0%","35","2,929","1","3","16","0","0","5","27","10","5","0","17","49","78","10","16","119","0","1","63","6"
"*03rzp*","Antonee Robinson","FUL","D","119","FA","NEW 2<br/>@FUL 0 F","221.75","7.92","72%","+7%","28","2,155","0","0","29","0","0","4","28","22","4","1","27","37","54","51","4","36","0","0","27","5"
"*02lkm*","Jonjo Shelvey","NEW","M","120","FA","NEW 2<br/>@FUL 0 F","221.5","7.38","0%","0%","30","2,617","1","3","37","0","0","9","14","5","7","0","10","36","40","20","14","28","0","0","46","6"
"*05mzx*","Liam Cooper","LEE","D","121","CFPL","WBA 1<br/>@LEE 3 F","220.75","8.83","0%","0%","25","2,186","1","0","0","0","0","9","45","1","4","1","0","61","67","3","32","96","0","0","40","6"
"*055sk*","Nicolas Pepe","ARS","F","122","JLINGZ","BHA 0<br/>@ARS 2 F","219.25","7.56","0%","0%","29","1,602","10","1","11","0","0","21","15","23","1","1","2","12","12","27","1","36","0","0","21","4"
"*04fk9*","Jan Bednarek","SOU","D","123","Noah B","SOU 0<br/>@WHU 3 F","215.75","5.99","0%","0%","36","3,099","1","1","5","0","0","6","19","5","5","1","0","83","132","5","27","98","0","1","59","9"
"*04civ*","Scott McTominay","MUN","M","124","No Slips","MUN 2<br/>@WOL 1 F","215.5","6.73","0%","0%","32","2,122","4","1","17","0","0","8","24","17","3","0","2","29","43","26","10","49","0","0","25","9"
"*04kj7*","Serge Aurier","TOT","D","125","JLINGZ","TOT 4<br/>@LEI 2 F","215","11.32","0%","0%","19","1,605","2","3","18","0","0","6","33","13","0","0","10","19","41","17","5","37","0","0","22","6"
"*0521z*","James Justin","LEI","D","126","FA","TOT 4<br/>@LEI 2 F","213.25","9.27","32%","-5%","23","2,070","2","1","20","0","1","3","37","14","4","0","7","30","44","18","10","26","0","0","25","9"
"*03srm*","N'Golo Kante","CHE","M","127","Tim O","CHE 1<br/>@AVL 2 F","212.75","7.09","0%","0%","30","2,137","0","2","22","0","0","3","42","15","7","0","1","59","26","26","4","17","0","0","24","10"
"*05n01*","Ezgjan Alioski","LEE","M","128","FA","WBA 1<br/>@LEE 3 F","212.5","5.9","0%","0%","36","2,453","2","3","28","0","0","8","31","15","7","0","14","23","40","11","2","40","0","0","35","10"
"*04rxe*","Nathaniel Phillips","LIV","D","129","Laeka B","CRY 0<br/>@LIV 2 F","211.75","12.46","0%","0%","17","1,453","1","1","7","0","0","2","14","3","2","0","0","20","81","2","14","96","0","0","11","7"
"*052ca*","Ezri Konsa","AVL","D","130","FA","CHE 1<br/>@AVL 2 F","211.25","5.87","33%","-1%","36","3,195","2","0","2","0","0","7","13","7","3","0","0","29","158","6","47","96","0","0","46","12"
"*0554i*","Joelinton","NEW","F","131","FA","NEW 2<br/>@FUL 0 F","211","6.81","43%","+1%","31","1,975","4","2","17","0","0","21","21","42","3","0","1","9","21","37","2","83","0","0","36","3"
"*04yim*","Christian Pulisic","CHE","M","132","CFPL","CHE 1<br/>@AVL 2 F","210.25","7.79","0%","0%","27","1,728","4","2","25","0","0","16","11","29","2","0","4","12","8","49","2","19","0","0","21","7"
"*04fk6*","Bernardo Silva","MCI","M","134","RyRob","EVE 0<br/>@MCI 5 F","209.5","8.06","94%","0%","26","2,066","2","6","27","0","0","13","14","23","5","0","2","17","6","41","1","13","0","0","18","12"
"*02lni*","Jesse Lingard","MUN/WHU","M","135","Laeka B","SOU 0<br/>@WHU 3 F","206.75","12.92","0%","0%","16","1,419","9","4","18","0","1","22","6","22","3","0","5","4","0","18","1","0","1","0","19","4"
"*02yl5*","John Stones","MCI","D","137","CFPL","EVE 0<br/>@MCI 5 F","206.25","9.38","4%","0%","22","1,933","4","0","2","0","0","5","10","2","0","1","0","18","54","10","15","38","0","0","12","14"
"*04e1k*","Solly March","BHA","M","136","FA","BHA 0<br/>@ARS 2 F","206.25","9.82","1%","0%","21","1,673","2","1","27","0","0","4","23","24","0","0","11","22","21","44","5","15","0","0","25","7"
"*03yeg*","Tosin Adarabioyo","MCI/FUL","D","138","RyRob","NEW 2<br/>@FUL 0 F","205","6.21","7%","-3%","33","2,953","0","0","5","0","0","5","19","5","1","0","0","42","193","11","20","83","0","1","41","9"
"*03yu2*","Abdoulaye Doucoure","EVE","M","140","I_am_Tim","EVE 0<br/>@MCI 5 F","203.75","7.03","0%","0%","29","2,446","2","3","21","0","0","5","32","26","6","0","1","39","25","21","7","38","0","0","36","9"
"*02lsa*","Dan Burn","BHA","D","141","FA","BHA 0<br/>@ARS 2 F","203.25","7.53","75%","+1%","27","2,056","1","0","10","0","0","6","26","9","5","0","7","31","71","12","7","96","0","1","28","6"
"*05o4c*","Timothy Castagne","LEI","D","143","Laeka B","TOT 4<br/>@LEI 2 F","201.5","7.46","18%","+5%","27","2,345","2","3","22","0","0","3","32","11","1","0","9","29","50","11","5","41","0","0","37","7"
"*05247*","Tanguy Ndombele","TOT","M","144","FA","TOT 4<br/>@LEI 2 F","201","6.09","0%","0%","33","2,093","3","2","14","0","0","7","20","33","3","0","2","19","11","74","4","10","0","0","24","12"
"*056ir*","Adam Webster","BHA","D","146","FA","BHA 0<br/>@ARS 2 F","200.75","6.92","0%","0%","29","2,594","1","0","5","0","0","7","16","6","4","0","0","47","84","17","16","77","0","0","35","9"
"*05oh2*","Thiago Alcantara","LIV","M","145","No Slips","CRY 0<br/>@LIV 2 F","200.75","8.36","0%","0%","24","1,849","1","0","30","0","0","5","36","18","4","0","1","30","11","33","0","31","0","0","18","8"
"*037mt*","Harrison Reed","FUL","M","147","FA","NEW 2<br/>@FUL 0 F","199.25","6.43","0%","0%","31","2,245","0","2","21","0","0","4","38","10","5","0","4","50","26","15","11","20","0","0","35","9"
"*05nnx*","Rodrigo","LEE","F","148","CFPL","WBA 1<br/>@LEE 3 F","199","7.65","0%","0%","26","1,277","7","2","31","0","0","18","7","21","3","0","3","5","15","16","0","23","0","0","21","3"
"*03zsq*","Kyle Walker-Peters","SOU","D","150","No Slips","SOU 0<br/>@WHU 3 F","198.75","6.62","8%","-5%","30","2,645","0","2","16","0","1","7","53","49","4","0","5","38","52","46","10","16","0","0","41","9"
"*02t1b*","Kyle Bartley","WBA","D","149","FA","WBA 1<br/>@LEE 3 F","198.75","6.62","0%","0%","30","2,582","3","1","7","0","0","5","16","2","4","0","0","38","158","4","35","107","0","0","53","5"
"*03eki*","Cheikhou Kouyate","CRY","M","152","FA","CRY 0<br/>@LIV 2 F","197","5.47","0%","0%","36","3,122","1","0","8","0","0","2","37","8","4","0","1","32","123","10","26","83","0","0","56","8"
"*04qqv*","Fred","MUN","M","153","FA","MUN 2<br/>@WOL 1 F","196","6.53","0%","0%","30","2,389","1","0","25","0","0","7","39","30","5","0","0","45","21","24","9","9","0","0","25","12"
"*03297*","Conor Townsend","WBA","D","154","FA","WBA 1<br/>@LEE 3 F","195","7.8","0%","0%","25","2,235","0","2","23","0","0","4","28","7","0","0","16","36","51","11","15","43","0","0","36","6"
"*04spy*","Mason Greenwood","MUN","F","155","Noah B","MUN 2<br/>@WOL 1 F","194.25","6.27","0%","0%","31","1,809","7","2","14","0","0","24","10","29","2","0","6","5","1","36","0","6","0","0","23","7"
"*05749*","Kieran Tierney","ARS","D","157","JADON","BHA 0<br/>@ARS 2 F","193.25","7.16","0%","0%","27","2,298","1","3","31","0","1","3","15","14","4","0","23","16","56","16","10","18","0","0","27","8"
"*051l5*","John Fleck","SHU","M","158","FA","BUR 0<br/>@SHU 1 F","192.75","6.22","0%","0%","31","2,576","0","2","33","0","0","5","33","24","4","0","8","28","10","30","4","12","0","0","47","5"
"*04ge6*","Joe Willock","ARS/NEW","M","159","Noah B","NEW 2<br/>@FUL 0 F","192.5","9.17","2%","-1%","21","1,208","8","0","10","0","0","13","16","19","1","0","3","20","10","26","4","19","1","0","18","4"
"*044nm*","Rob Holding","ARS","D","160","JADON","BHA 0<br/>@ARS 2 F","191.5","6.38","0%","0%","30","2,557","0","1","4","0","0","2","20","6","2","0","1","24","119","8","27","72","0","1","26","11"
"*03frx*","Ola Aina","FUL","D","161","FA","NEW 2<br/>@FUL 0 F","191","6.16","39%","-8%","31","2,663","2","1","15","0","0","4","20","10","3","0","9","45","81","21","6","31","0","0","36","8"
"*051ki*","Ben Godfrey","NOR/EVE","D,M","162","JLINGZ","EVE 0<br/>@MCI 5 F","190.25","6.14","0%","0%","31","2,682","0","2","4","0","0","2","33","6","4","0","3","33","110","9","37","57","0","1","35","11"
"*02lpf*","Ross Barkley","CHE/AVL","M","163","FA","CHE 1<br/>@AVL 2 F","189.5","7.29","11%","-2%","26","1,559","3","1","40","0","1","12","2","33","0","0","3","5","6","30","1","23","0","0","24","8"
"*05oyq*","Said Benrahma","WHU","F","164","JADON","SOU 0<br/>@WHU 3 F","187.75","6.26","0%","0%","30","1,369","1","6","27","0","0","12","15","33","0","0","9","8","4","42","0","3","0","0","19","3"
"*04u6i*","Leander Dendoncker","WOL","M","165","FA","MUN 2<br/>@WOL 1 F","185.75","5.63","0%","0%","33","2,495","1","0","17","0","0","8","29","11","4","0","3","27","48","7","15","85","0","1","33","11"
"*02rll*","Nathan Redmond","SOU","M","166","JLINGZ","SOU 0<br/>@WHU 3 F","185","6.38","0%","0%","29","1,721","2","3","29","0","0","13","17","37","1","0","4","11","8","39","2","10","0","0","39","1"
"*03am7*","Jacob Murphy","NEW","M","167","FA","NEW 2<br/>@FUL 0 F","184.75","7.11","56%","0%","26","1,613","2","3","19","0","0","9","24","25","3","0","15","14","24","39","3","6","0","0","33","3"
"*04qr8*","Diogo Jota","WOL/LIV","F","168","FA","CRY 0<br/>@LIV 2 F","183.75","9.67","0%","0%","19","1,106","9","0","12","0","0","26","6","20","2","0","1","5","3","21","0","14","0","0","15","4"
"*04e1e*","Ben White","BHA","D","170","FA","BHA 0<br/>@ARS 2 F","183","5.08","70%","-1%","36","3,192","0","0","8","0","0","1","26","10","3","1","1","62","50","24","22","49","0","0","44","12"
"*04g1w*","Antonio Rudiger","CHE","D","169","CFPL","CHE 1<br/>@AVL 2 F","183","9.63","0%","0%","19","1,710","1","0","3","0","0","7","23","1","0","0","1","18","51","3","10","42","0","1","10","11"
"*02lnx*","Danny Welbeck","WAT/BHA","F","171","RyRob","BHA 0<br/>@ARS 2 F","180.75","7.53","89%","+1%","24","1,536","6","1","22","0","2","15","6","13","0","0","0","7","12","18","0","22","1","0","18","6"
"*051k8*","Conor Gallagher","CHE/WBA","M","172","FA","WBA 1<br/>@LEE 3 F","180.25","6.01","50%","+1%","30","2,528","2","2","20","0","0","7","41","36","11","0","7","27","27","30","8","23","0","0","48","5"
"*05n08*","Ferran Torres","MCI","F","173","CFPL","EVE 0<br/>@MCI 5 F","179.5","7.48","0%","0%","24","1,295","7","2","19","1","1","15","5","21","1","0","1","3","7","20","0","14","0","0","13","7"
"*05o6h*","Kai Havertz","CHE","M","174","FA","CHE 1<br/>@AVL 2 F","179.25","6.64","76%","-1%","27","1,515","4","3","18","0","2","16","9","25","2","0","1","4","20","19","0","29","0","0","15","8"
"*05os6*","Edinson Cavani","MUN","F","175","Noah B","MUN 2<br/>@WOL 1 F","178.5","6.87","0%","0%","26","1,357","10","3","14","0","0","15","8","10","4","0","1","6","11","6","0","10","0","0","18","4"
"*0326y*","Hector Bellerin","ARS","D","176","I_am_Tim","BHA 0<br/>@ARS 2 F","178.25","7.13","0%","0%","25","2,091","1","2","20","0","1","5","19","5","8","0","12","33","31","12","8","31","0","0","24","7"
"*05mxb*","Hakim Ziyech","CHE","M","177","FA","CHE 1<br/>@AVL 2 F","178","7.74","0%","0%","23","1,164","2","3","34","0","0","13","10","16","3","0","8","10","1","19","1","5","0","0","7","10"
"*05ohc*","Sergio Reguilon","TOT","D","178","I_am_Tim","TOT 4<br/>@LEI 2 F","177.5","6.57","0%","0%","27","2,244","0","3","17","0","1","4","24","15","5","0","15","32","41","23","7","29","0","1","31","8"
"*04spp*","Douglas Luiz","AVL","M","179","FA","CHE 1<br/>@AVL 2 F","177.25","5.37","11%","-1%","33","2,782","0","2","19","0","0","8","18","18","8","1","4","43","41","23","17","43","0","0","41","12"
"*03vlm*","Anthony Martial","MUN","F","180","FA","MUN 2<br/>@WOL 1 F","175.5","7.98","0%","0%","22","1,476","4","3","17","0","4","21","1","37","0","1","1","1","8","35","3","17","0","0","19","4"
"*0558o*","Dani Ceballos","ARS","M","182","FA","BHA 0<br/>@ARS 2 F","173.75","6.95","0%","0%","25","1,609","0","3","27","0","0","2","22","15","4","0","5","35","14","26","6","8","0","0","17","6"
"*04fk8*","Victor Lindelof","MUN","D","183","FA","MUN 2<br/>@WOL 1 F","172.75","5.96","1%","0%","29","2,586","1","1","6","0","0","1","10","3","0","0","0","30","95","2","14","64","0","0","30","10"
"*03rxi*","Georginio Wijnaldum","LIV","M","184","FA","CRY 0<br/>@LIV 2 F","172.25","4.53","0%","0%","38","2,936","2","0","21","0","0","9","7","27","1","0","1","26","17","34","3","39","0","0","39","10"
"*03dyl*","Jeffrey Schlupp","CRY","M","187","FA","CRY 0<br/>@LIV 2 F","171.75","6.36","0%","0%","27","1,415","2","3","18","0","0","10","16","41","3","0","6","22","11","31","8","30","0","0","26","5"
"*05nt7*","Thiago Silva","CHE","D","188","FA","CHE 1<br/>@AVL 2 F","170","7.39","0%","0%","23","1,936","2","0","5","0","0","4","12","2","3","1","0","33","82","2","13","47","0","0","20","10"
"*04fyc*","Charlie Taylor","BUR","D","189","FA","BUR 0<br/>@SHU 1 F","169.75","5.85","0%","0%","29","2,426","0","1","12","0","0","2","28","9","1","0","20","29","73","25","19","39","0","0","42","8"
"*04mqz*","Lucas Moura","TOT","M","190","FA","TOT 4<br/>@LEI 2 F","169","5.63","0%","0%","30","1,391","3","4","16","0","0","6","16","37","1","0","2","18","10","33","0","23","0","0","18","4"
"*05gcq*","Daniel Podence","WOL","M","191","No Slips","MUN 2<br/>@WOL 1 F","168","7","0%","0%","24","1,667","3","2","21","0","0","14","6","24","3","0","6","13","2","38","1","7","0","0","24","8"
"*03rxb*","Angelo Ogbonna","WHU","D","192","FA","SOU 0<br/>@WHU 3 F","167","5.96","0%","0%","28","2,493","3","0","4","0","0","4","13","5","5","0","1","30","116","3","11","63","0","0","34","9"
"*04ami*","Luka Milivojevic","CRY","M","193","FA","CRY 0<br/>@LIV 2 F","165.25","5.33","0%","0%","31","2,358","1","1","21","0","0","7","34","19","8","1","8","35","46","8","6","33","1","0","47","7"
"*02lnn*","Oliver Norwood","SHU","M","194","FA","BUR 0<br/>@SHU 1 F","164.25","5.13","0%","0%","32","2,216","0","0","32","0","0","1","22","7","6","0","17","36","49","2","12","16","0","0","43","5"
"*05mzz*","Pascal Struijk","LEE","D","195","FA","WBA 1<br/>@LEE 3 F","164","6.07","45%","-14%","27","2,071","1","0","4","0","0","4","30","9","3","0","1","47","84","4","21","46","0","0","32","7"
"*03scr*","Aleksandar Mitrovic","FUL","F","196","FA","NEW 2<br/>@FUL 0 F","163.75","6.06","0%","0%","27","1,381","3","3","23","0","0","20","4","17","3","0","3","3","7","7","3","71","1","0","24","1"
"*02lpl*","Seamus Coleman","EVE","D","197","I_am_Tim","EVE 0<br/>@MCI 5 F","162.75","6.51","0%","0%","25","1,604","0","3","19","0","0","4","26","23","0","0","10","13","32","20","6","9","0","0","19","8"
"*04u6k*","Yerry Mina","EVE","D","198","FA","EVE 0<br/>@MCI 5 F","162.75","6.78","0%","0%","24","1,936","2","0","1","0","0","4","14","1","2","0","0","24","108","1","23","66","0","0","22","6"
"*04mi4*","Callum Hudson-Odoi","CHE","F","199","FA","CHE 1<br/>@AVL 2 F","161.25","7.01","51%","-2%","23","1,044","2","3","32","0","0","6","15","15","0","0","15","6","5","15","1","1","0","0","5","6"
"*02rmd*","Matt Phillips","WBA","M","200","FA","WBA 1<br/>@LEE 3 F","161.25","4.89","0%","0%","33","1,814","2","1","26","0","0","10","8","25","1","0","16","10","25","24","4","16","0","0","42","3"
"*04rd0*","Bobby De Cordova-Reid","FUL","F","201","FA","NEW 2<br/>@FUL 0 F","161","4.88","0%","0%","33","2,375","5","2","14","0","1","9","15","24","7","0","5","21","34","27","5","16","0","0","32","9"
"*02lpn*","Eric Dier","TOT","D","202","Tim O","TOT 4<br/>@LEI 2 F","161","5.75","0%","0%","28","2,520","0","0","6","0","0","2","14","1","3","0","1","23","122","3","31","86","0","0","34","8"
"*0554u*","Trezeguet","AVL","M","203","FA","CHE 1<br/>@AVL 2 F","158.25","7.54","0%","0%","21","1,154","2","1","13","0","0","12","18","13","0","0","4","19","13","17","1","28","0","0","14","6"
"*02lzn*","Theo Walcott","EVE/SOU","M","204","FA","SOU 0<br/>@WHU 3 F","158","7.18","0%","0%","22","1,633","3","3","17","1","0","11","11","27","0","0","5","14","3","17","0","11","0","0","28","5"
"*04u41*","Mateo Kovacic","CHE","M","205","FA","CHE 1<br/>@AVL 2 F","157.75","5.84","2%","0%","27","1,811","0","1","21","0","0","4","28","23","4","0","1","15","9","53","1","12","0","0","26","9"
"*03eke*","Ayoze Perez","LEI","M","206","FA","TOT 4<br/>@LEI 2 F","157.5","6.3","0%","0%","25","1,320","2","1","23","0","0","13","15","24","2","0","6","10","7","29","0","13","0","0","21","5"
"*03sgc*","Jordan Ayew","CRY","F","207","FA","CRY 0<br/>@LIV 2 F","157","4.76","0%","0%","33","2,086","1","3","13","0","0","11","26","60","4","0","4","16","10","52","2","31","0","0","42","6"
"*03juz*","Toby Alderweireld","TOT","D","208","FA","TOT 4<br/>@LEI 2 F","156.75","6.27","0%","0%","25","2,241","1","0","8","0","0","3","22","2","2","0","1","10","115","4","28","46","0","1","25","10"
"*03v6s*","Mason Holgate","EVE","D","209","Tim O","EVE 0<br/>@MCI 5 F","156.5","5.59","0%","0%","28","2,285","1","0","8","0","0","3","36","6","9","0","5","35","82","8","13","39","0","0","32","9"
"*05oeh*","Kenny Tete","FUL","D","210","FA","NEW 2<br/>@FUL 0 F","153.5","6.98","32%","0%","22","1,474","0","1","18","0","0","1","30","8","3","0","23","27","44","10","5","29","0","0","27","5"
"*037mo*","Willian","ARS","F","211","FA","BHA 0<br/>@ARS 2 F","152.75","6.11","0%","0%","25","1,397","1","5","32","0","0","3","7","15","0","0","15","8","6","13","0","9","0","0","17","3"
"*04rhd*","Fabinho","LIV","M","212","Tim O","CRY 0<br/>@LIV 2 F","152","5.07","0%","0%","30","2,563","0","0","4","0","1","1","31","7","6","0","0","44","65","7","10","54","0","0","29","11"
"*04sat*","Emile Smith Rowe","ARS","M","214","JADON","BHA 0<br/>@ARS 2 F","151.25","7.56","33%","+2%","20","1,438","2","4","27","0","0","6","7","7","0","0","2","10","9","10","1","4","0","0","10","9"
"*04qr0*","Willy Boly","WOL","D","213","FA","MUN 2<br/>@WOL 1 F","151.25","7.2","0%","0%","21","1,879","1","1","3","0","0","4","20","3","2","0","0","32","83","4","12","57","0","0","29","6"
"*0435m*","Granit Xhaka","ARS","M","215","FA","BHA 0<br/>@ARS 2 F","148.75","4.8","80%","+1%","31","2,520","1","2","17","0","0","7","26","12","7","1","3","24","36","8","7","39","0","0","26","10"
"*043c1*","Oleksandr Zinchenko","MCI","D","216","I_am_Tim","EVE 0<br/>@MCI 5 F","148.75","7.44","1%","0%","20","1,469","0","0","15","0","0","4","15","6","0","0","4","23","25","6","4","29","0","0","14","8"
"*02m4d*","Craig Dawson","WAT/WHU","D","218","I_am_Tim","SOU 0<br/>@WHU 3 F","148.25","6.74","0%","0%","22","1,925","3","0","2","0","0","5","8","0","3","1","0","32","87","0","22","57","0","2","23","7"
"*02m87*","Oriol Romeu","SOU","M","219","FA","SOU 0<br/>@WHU 3 F","148.25","7.06","0%","0%","21","1,764","1","1","14","0","0","4","35","18","6","0","2","30","15","14","7","31","0","0","25","6"
"*04io3*","Mario Lemina","FUL","M","220","FA","NEW 2<br/>@FUL 0 F","146.75","5.24","0%","0%","28","1,692","1","0","12","0","1","3","35","22","5","0","0","30","19","26","5","23","0","0","27","3"
"*0477b*","Oliver McBurnie","SHU","F","221","FA","BUR 0<br/>@SHU 1 F","146.25","6.36","0%","0%","23","1,313","1","0","15","0","1","13","7","17","2","0","0","6","29","4","3","139","0","0","27","0"
"*03278*","Fernandinho","MCI","D","222","FA","EVE 0<br/>@MCI 5 F","145.75","6.94","0%","0%","21","1,181","0","2","14","0","0","3","17","4","6","0","1","23","17","10","2","30","0","0","10","7"
"*0410j*","Tammy Abraham","CHE","F","223","FA","CHE 1<br/>@AVL 2 F","144.5","6.57","14%","-5%","22","1,027","6","1","9","0","1","13","5","7","0","0","0","5","17","6","0","39","0","0","12","5"
"*038zf*","Callum Robinson","WBA","F","224","FA","WBA 1<br/>@LEE 3 F","144","5.14","0%","0%","28","1,553","5","0","16","0","2","11","5","24","0","0","6","7","8","15","0","18","0","0","42","3"
"*038ze*","Alex Iwobi","EVE","M","225","FA","EVE 0<br/>@MCI 5 F","143.5","4.78","83%","+7%","30","1,525","1","2","16","0","0","3","10","26","0","0","10","16","13","45","1","3","0","0","21","5"
"*02lp9*","Kyle Walker","MCI","D","226","FA","EVE 0<br/>@MCI 5 F","143","5.96","11%","0%","24","1,944","1","1","8","0","0","3","19","17","1","0","2","14","22","24","7","27","0","0","20","9"
"*02rlq*","Chris Basham","SHU","D","227","FA","BUR 0<br/>@SHU 1 F","141.75","4.57","0%","0%","31","2,582","0","1","11","0","0","1","42","19","5","0","6","49","103","21","15","55","0","0","51","2"
"*04u6q*","Caglar Soyuncu","LEI","D","228","Noah B","TOT 4<br/>@LEI 2 F","141.5","6.15","0%","0%","23","1,813","1","0","7","0","0","3","17","4","2","0","4","28","80","4","9","63","0","0","30","5"
"*05nzu*","Gabriel Magalhaes","ARS","D","230","Tim O","BHA 0<br/>@ARS 2 F","141.25","6.14","100%","0%","23","1,996","2","0","2","0","0","4","15","6","2","1","1","26","73","5","19","57","0","0","24","6"
"*05o6w*","Allan","EVE","M","229","FA","EVE 0<br/>@MCI 5 F","141.25","5.89","0%","0%","24","2,051","0","0","17","0","0","2","45","18","6","0","1","19","23","31","12","5","0","0","30","7"
"*04lav*","Ethan Ampadu","SHU","D","231","FA","BUR 0<br/>@SHU 1 F","140.25","5.61","58%","-5%","25","2,088","0","0","11","0","0","2","36","5","3","0","4","49","83","13","19","52","0","1","41","2"
"*02lk5*","Jordan Henderson","LIV","M","232","FA","CRY 0<br/>@LIV 2 F","139","6.62","5%","0%","21","1,706","1","1","14","0","0","4","15","5","0","0","4","34","26","9","1","11","0","0","23","4"
"*03m5c*","Ruben Loftus-Cheek","CHE/FUL","M","233","FA","NEW 2<br/>@FUL 0 F","138.75","4.48","0%","0%","31","1,961","1","0","17","0","0","10","14","42","3","0","4","7","14","38","2","45","0","0","22","11"
"*02opy*","Adam Lallana","BHA","M","235","FA","BHA 0<br/>@ARS 2 F","136.25","4.54","0%","0%","30","1,577","1","1","25","0","0","5","13","15","0","0","2","15","12","18","3","10","0","0","18","5"
"*02lla*","James McArthur","CRY","M","236","FA","CRY 0<br/>@LIV 2 F","135","7.5","0%","0%","18","1,471","0","2","15","0","0","0","32","10","3","0","2","23","28","14","3","21","0","0","26","4"
"*02m11*","Matt Doherty","TOT","D","237","FA","TOT 4<br/>@LEI 2 F","134.25","7.9","1%","0%","17","1,234","0","2","11","0","0","1","15","9","2","1","8","23","36","5","5","49","0","0","15","4"
"*035mq*","Isaac Hayden","NEW","M","238","FA","NEW 2<br/>@FUL 0 F","132","5.5","0%","0%","24","1,942","0","0","7","0","0","2","29","14","8","0","2","43","45","7","9","57","0","0","33","4"
"*05os9*","Thomas Partey","ARS","M","240","FA","BHA 0<br/>@ARS 2 F","129.5","5.4","0%","0%","24","1,523","0","2","12","0","0","4","21","10","5","0","0","23","15","28","5","23","0","0","18","6"
"*05rai*","Okay Yokuslu","WBA","M","241","Laeka B","WBA 1<br/>@LEE 3 F","129.25","8.08","-","-","16","1,315","0","1","6","0","0","0","25","9","4","0","0","35","32","19","3","42","0","0","20","4"
"*05o8k*","Fabio Silva","WOL","F","242","FA","MUN 2<br/>@WOL 1 F","128.5","4.02","0%","0%","32","1,342","4","3","11","0","0","17","4","21","2","0","1","4","5","7","1","34","0","0","29","0"
"*0329y*","Joel Ward","CRY","D","243","FA","CRY 0<br/>@LIV 2 F","127.25","4.89","0%","0%","26","2,254","0","1","7","0","0","1","25","8","5","0","3","41","79","12","8","48","0","0","43","7"
"*03632*","Matej Vydra","BUR","F","244","FA","BUR 0<br/>@SHU 1 F","125.25","4.47","0%","0%","28","1,350","3","2","14","0","0","10","5","22","0","0","1","6","5","16","1","37","0","0","24","3"
"*02m66*","Marcos Alonso","CHE","D","245","FA","CHE 1<br/>@AVL 2 F","122.5","9.42","0%","0%","13","956","2","0","15","0","0","10","3","9","2","0","1","12","28","9","1","23","0","0","13","5"
"*03r8t*","Matt Ritchie","NEW","M","246","FA","NEW 2<br/>@FUL 0 F","122","6.78","0%","0%","18","1,349","0","2","25","0","1","1","3","5","2","0","19","12","41","8","2","12","0","1","22","3"
"*05ojh*","Diego Llorente","LEE","D","247","FA","WBA 1<br/>@LEE 3 F","120.5","8.03","0%","0%","15","1,202","1","0","4","0","0","3","21","7","1","0","0","20","38","6","13","33","0","0","12","4"
"*02m5l*","John Egan","SHU","D","248","FA","BUR 0<br/>@SHU 1 F","119.25","3.85","0%","0%","31","2,628","0","1","3","0","0","3","21","1","7","1","1","41","130","0","31","80","0","0","47","4"
"*055c0*","Ben Osborn","SHU","M","249","FA","BUR 0<br/>@SHU 1 F","118.5","4.94","0%","0%","24","1,599","1","0","17","0","0","4","18","25","1","0","12","12","13","19","3","13","0","0","29","4"
"*03p9z*","Tyler Roberts","LEE","F","250","FA","WBA 1<br/>@LEE 3 F","117","4.33","0%","0%","27","1,322","1","2","16","0","0","12","13","15","3","0","2","9","11","17","2","20","0","0","19","4"
"*03dxr*","Ashley Barnes","BUR","F","251","FA","BUR 0<br/>@SHU 1 F","116.75","5.31","0%","0%","22","1,331","3","0","20","0","0","13","6","21","4","0","1","5","11","1","2","61","0","0","19","6"
"*04gyz*","Jairo Riedewald","CRY","M","252","FA","CRY 0<br/>@LIV 2 F","115","3.48","0%","0%","33","1,806","2","0","12","0","0","2","15","9","4","0","0","29","23","13","7","12","0","0","39","4"
"*03m3q*","Ainsley Maitland-Niles","ARS/WBA","M","253","FA","WBA 1<br/>@LEE 3 F","114","4.38","0%","0%","26","1,713","0","0","6","0","2","4","17","31","2","0","4","31","27","22","3","8","0","0","23","6"
"*02ljr*","Conor Coady","WOL","D","254","FA","MUN 2<br/>@WOL 1 F","111.5","3.01","0%","0%","37","3,303","1","0","3","0","0","2","23","3","5","0","0","27","130","6","32","41","0","0","51","10"
"*04u6l*","Andre Gomes","EVE","M","255","FA","EVE 0<br/>@MCI 5 F","110.5","3.95","0%","0%","28","1,557","0","1","15","0","0","3","23","31","3","0","3","10","10","31","1","20","0","0","22","5"
"*030v5*","Andreas Christensen","CHE","D","256","FA","CHE 1<br/>@AVL 2 F","109.75","6.46","0%","0%","17","1,368","0","0","6","0","0","0","6","1","2","1","0","20","49","7","14","38","0","0","15","8"
"*04o82*","Curtis Jones","LIV","M","257","FA","CRY 0<br/>@LIV 2 F","109.5","4.56","19%","0%","24","1,166","1","2","12","0","0","9","6","32","2","0","1","19","9","22","0","14","0","0","14","5"
"*04gpx*","Dara O'Shea","WBA","D","258","FA","WBA 1<br/>@LEE 3 F","109","3.89","0%","0%","28","2,096","0","0","5","0","0","0","25","4","3","0","1","45","97","5","17","72","0","0","51","3"
"*02oo1*","Ben Davies","TOT","D","259","FA","TOT 4<br/>@LEI 2 F","108.25","5.41","1%","0%","20","1,339","0","1","8","0","1","0","17","2","1","0","5","18","45","3","5","26","0","0","16","4"
"*02llz*","Ciaran Clark","NEW","D","260","FA","NEW 2<br/>@FUL 0 F","108","4.91","0%","0%","22","1,889","1","0","2","0","0","2","14","1","3","0","0","29","99","4","20","69","0","1","35","3"
"*040ah*","Tom Davies","EVE","M","261","FA","EVE 0<br/>@MCI 5 F","107.75","4.31","0%","0%","25","1,416","0","1","6","0","0","0","18","10","3","0","3","34","20","18","9","11","0","0","23","5"
"*044ej*","Johann Gudmundsson","BUR","M","262","FA","BUR 0<br/>@SHU 1 F","107.25","4.88","0%","0%","22","1,352","2","0","9","0","0","8","11","12","2","0","5","17","17","10","2","19","0","0","24","3"
"*02m79*","Ryan Bertrand","SOU","D","263","FA","SOU 0<br/>@WHU 3 F","107","3.69","0%","0%","29","2,599","0","1","14","0","0","3","32","8","5","0","11","30","37","3","1","38","0","0","51","8"
"*03r8r*","Ryan Fraser","NEW","M","264","FA","NEW 2<br/>@FUL 0 F","107","5.94","0%","0%","18","916","0","2","26","0","1","6","1","5","0","1","15","6","5","3","0","5","0","0","17","4"
"*04qrf*","Helder Costa","LEE","F","265","FA","WBA 1<br/>@LEE 3 F","105.5","4.8","0%","0%","22","1,146","3","3","8","1","0","6","11","20","0","0","3","3","5","19","0","4","0","1","23","3"
"*05ra4*","Mbaye Diagne","WBA","F","266","FA","WBA 1<br/>@LEE 3 F","105","6.56","-","-","16","1,187","3","2","9","0","0","10","3","19","2","0","2","1","16","10","1","53","0","0","17","4"
"*04mqu*","Aymeric Laporte","MCI","D","267","FA","EVE 0<br/>@MCI 5 F","102.5","6.41","0%","0%","16","1,341","0","0","4","0","0","1","6","1","1","0","0","11","28","2","7","42","0","0","10","7"
"*05os4*","Rayan Ait-Nouri","WOL","D","268","FA","MUN 2<br/>@WOL 1 F","102","4.86","79%","-3%","21","1,398","1","1","14","0","0","6","16","19","1","0","11","15","18","26","1","5","0","0","23","3"
"*02m6a*","Gary Cahill","CRY","D","269","FA","CRY 0<br/>@LIV 2 F","100","5","0%","0%","20","1,800","1","1","8","0","0","3","9","1","3","0","0","13","86","1","22","69","0","0","39","4"
"*045yy*","Arthur Masuaku","WHU","D","270","FA","SOU 0<br/>@WHU 3 F","99.75","8.31","0%","0%","12","1,007","0","2","11","0","0","2","12","15","2","0","12","8","17","29","0","9","0","0","15","4"
"*03jab*","Federico Fernandez","NEW","D","271","FA","NEW 2<br/>@FUL 0 F","98.5","4.1","0%","0%","24","2,079","0","0","7","0","0","2","22","2","4","0","3","17","144","0","31","49","0","1","38","5"
"*02lv9*","James Milner","LIV","M","272","FA","CRY 0<br/>@LIV 2 F","97.5","3.75","1%","0%","26","1,052","0","1","13","0","0","3","19","12","3","0","7","14","14","6","3","24","0","0","10","4"
"*04yey*","Max Kilman","WOL","D","273","FA","MUN 2<br/>@WOL 1 F","96.25","5.35","19%","0%","18","1,306","0","1","5","0","0","2","14","2","4","0","0","19","40","7","8","20","0","0","11","5"
"*05nuh*","Robin Koch","LEE","D","274","FA","WBA 1<br/>@LEE 3 F","95.5","5.62","0%","0%","17","1,129","0","0","4","0","0","1","16","0","1","0","0","27","31","4","12","38","0","0","21","4"
"*0328o*","Robbie Brady","BUR","M","275","FA","BUR 0<br/>@SHU 1 F","95.25","5.01","0%","0%","19","1,046","1","1","7","0","0","5","15","9","3","0","6","9","25","11","0","19","0","0","6","7"
"*0522r*","Moussa Djenepo","SOU","M","276","FA","SOU 0<br/>@WHU 3 F","94.25","3.49","0%","0%","27","1,227","1","0","6","1","0","2","27","17","5","0","1","10","12","27","2","12","0","0","27","3"
"*02m5m*","Ahmed El Mohamady","AVL","D","277","FA","CHE 1<br/>@AVL 2 F","94.25","6.73","0%","0%","14","831","0","0","13","0","0","1","13","3","2","0","10","17","22","2","3","18","0","0","9","3"
"*0522h*","Alexis Mac Allister","BHA","M","279","FA","BHA 0<br/>@ARS 2 F","92.75","4.42","85%","-2%","21","1,106","1","1","15","0","0","3","12","16","1","0","0","9","2","16","4","8","0","0","14","5"
"*0574a*","Giovani Lo Celso","TOT","M","278","FA","TOT 4<br/>@LEI 2 F","92.75","5.15","0%","0%","18","943","1","1","15","0","0","6","22","14","5","0","0","7","5","8","1","14","0","0","10","5"
"*05gcn*","Steven Bergwijn","TOT","F","280","JLINGZ","TOT 4<br/>@LEI 2 F","92.5","4.4","0%","0%","21","1,202","1","3","13","0","1","6","7","15","3","0","0","5","7","22","1","2","0","0","15","5"
"*0477h*","Grady Diangana","WBA","M","281","FA","WBA 1<br/>@LEE 3 F","92.5","4.62","0%","0%","20","1,232","1","0","5","0","0","4","19","38","0","0","1","16","7","25","2","23","0","0","33","1"
"*052h5*","Gabriel Martinelli","ARS","M","282","FA","BHA 0<br/>@ARS 2 F","92","6.57","45%","0%","14","578","2","1","9","0","0","8","1","7","0","0","5","8","3","13","0","7","0","0","3","4"
"*0327p*","John Lundstram","SHU","M","283","FA","BUR 0<br/>@SHU 1 F","91.75","3.28","0%","0%","28","2,029","0","2","20","0","0","5","16","19","8","1","4","14","23","15","8","14","1","0","40","3"
"*05r9b*","Martin Odegaard","ARS","M","284","FA","BHA 0<br/>@ARS 2 F","90.5","6.46","96%","0%","14","856","1","2","20","0","0","3","3","11","0","0","4","2","5","13","0","3","0","0","12","3"
"*0435s*","Joel Matip","LIV","D","285","FA","CRY 0<br/>@LIV 2 F","90","9","0%","0%","10","690","1","2","3","0","0","2","9","1","2","0","0","7","22","0","0","23","0","0","5","4"
"*04jyc*","Davinson Sanchez","TOT","D","286","FA","TOT 4<br/>@LEI 2 F","89.25","4.96","0%","0%","18","1,485","0","0","1","0","0","0","20","3","1","0","0","14","84","1","13","49","0","1","22","4"
"*05akv*","Tyrick Mitchell","CRY","D","289","FA","CRY 0<br/>@LIV 2 F","89","4.68","97%","0%","19","1,710","1","1","3","0","0","2","35","12","1","0","5","21","46","11","10","11","0","0","32","4"
"*051kz*","George Baldock","SHU","D","287","FA","BUR 0<br/>@SHU 1 F","89","2.78","0%","0%","32","2,787","0","2","18","0","0","2","34","20","7","0","10","25","62","17","7","26","0","0","51","4"
"*04ug0*","Sean Longstaff","NEW","M","290","FA","NEW 2<br/>@FUL 0 F","88.25","4.01","12%","0%","22","1,401","0","1","12","0","0","5","14","6","2","0","0","19","13","4","5","11","0","0","26","2"
"*03aoj*","Nemanja Matic","MUN","M","291","FA","MUN 2<br/>@WOL 1 F","88.25","4.41","0%","0%","20","1,098","0","0","8","0","0","3","11","8","2","0","1","22","9","17","5","19","0","0","18","4"
"*02ope*","Olivier Giroud","CHE","F","292","FA","CHE 1<br/>@AVL 2 F","87.75","5.16","0%","0%","17","740","4","0","6","0","0","11","2","6","1","0","1","5","10","2","1","24","0","0","5","4"
"*02llp*","Patrick van Aanholt","CRY","D","293","FA","CRY 0<br/>@LIV 2 F","87.5","3.98","0%","0%","22","1,773","0","1","12","0","0","5","22","6","2","0","8","30","32","10","6","11","0","0","36","4"
"*05a6d*","Tariq Lamptey","BHA","D","294","FA","BHA 0<br/>@ARS 2 F","86.5","7.86","0%","0%","11","889","1","1","10","0","2","2","9","6","2","1","10","19","9","13","1","5","0","0","15","2"
"*04gyl*","Benjamin Mendy","MCI","D","295","FA","EVE 0<br/>@MCI 5 F","86.5","6.65","0%","0%","13","951","2","1","5","0","0","2","9","5","2","0","4","5","9","11","5","8","0","0","10","5"
"*02oq3*","Jay Rodriguez","BUR","F","296","FA","BUR 0<br/>@SHU 1 F","86.5","2.79","0%","0%","31","1,240","1","2","6","0","0","9","16","22","3","0","0","2","6","12","4","42","0","0","25","4"
"*032f5*","Paul Dummett","NEW","D","297","FA","NEW 2<br/>@FUL 0 F","86.25","5.75","0%","0%","15","1,254","1","0","4","0","0","1","7","0","2","0","4","16","71","3","7","39","0","0","20","3"
"*02lun*","Sergio Aguero","MCI","F","298","RyRob","EVE 0<br/>@MCI 5 F","84.25","7.02","0%","0%","12","553","4","1","7","0","0","12","1","11","0","0","1","2","0","8","0","2","1","0","4","4"
"*03yr0*","Daniel James","MUN","M","300","FA","MUN 2<br/>@WOL 1 F","83.75","5.58","18%","0%","15","905","3","1","10","0","0","6","9","9","3","0","2","0","5","11","1","5","0","0","7","4"
"*04k81*","Oliver Burke","SHU","M","301","FA","BUR 0<br/>@SHU 1 F","83.5","3.34","0%","0%","25","1,255","1","1","15","0","0","6","8","28","2","0","1","2","4","16","0","30","0","0","21","1"
"*04qrc*","Raul Jimenez","WOL","F","302","FA","MUN 2<br/>@WOL 1 F","83","8.3","86%","-5%","10","824","4","0","5","0","0","10","2","18","0","0","1","8","10","10","0","15","0","1","10","4"
"*02t1j*","Calum Chambers","ARS","D","303","FA","BHA 0<br/>@ARS 2 F","81.75","8.18","0%","0%","10","749","0","2","11","0","0","0","3","4","0","0","6","10","36","4","2","20","0","0","10","2"
"*05o8o*","Jayden Bogle","SHU","D","304","FA","BUR 0<br/>@SHU 1 F","81.25","5.08","32%","-8%","16","1,101","2","0","4","0","0","7","23","17","2","0","1","14","18","11","4","18","0","0","20","2"
"*02ygz*","Moussa Sissoko","TOT","M","305","FA","TOT 4<br/>@LEI 2 F","81.25","3.25","0%","0%","25","1,571","0","0","4","0","0","1","16","14","3","0","1","23","22","18","4","16","0","0","22","5"
"*03ksl*","Semi Ajayi","WBA","D","306","FA","WBA 1<br/>@LEE 3 F","81","2.45","0%","0%","33","2,777","2","0","7","0","0","4","14","5","3","1","1","42","118","10","32","75","0","0","71","1"
"*0328q*","Tom Cairney","FUL","M","307","FA","NEW 2<br/>@FUL 0 F","80.5","8.05","1%","0%","10","759","1","1","17","0","0","5","3","11","2","0","10","0","1","16","0","4","0","0","15","1"
"*02lmo*","Enda Stevens","SHU","D","308","FA","BUR 0<br/>@SHU 1 F","80.25","2.67","0%","0%","30","2,700","0","1","17","0","0","4","26","29","6","0","11","22","75","20","12","35","0","0","54","4"
"*05os5*","Alex Telles","MUN","D","309","JLINGZ","MUN 2<br/>@WOL 1 F","79.25","8.81","0%","0%","9","690","0","2","12","0","0","1","7","5","0","0","4","16","18","3","2","17","0","0","11","1"
"*04qr4*","Kortney Hause","AVL","D","310","FA","CHE 1<br/>@AVL 2 F","77.25","11.04","0%","0%","7","630","1","0","0","0","0","1","2","0","2","0","0","8","53","0","2","39","0","0","6","3"
"*047l2*","Jeff Hendrick","NEW","M","311","FA","NEW 2<br/>@FUL 0 F","76","3.45","0%","0%","22","1,417","2","1","6","0","0","2","3","15","1","1","2","19","13","9","9","13","0","0","24","3"
"*05gcs*","Sander Berge","SHU","M","312","FA","BUR 0<br/>@SHU 1 F","75.75","5.05","14%","0%","15","1,118","1","1","13","0","0","2","7","13","4","0","2","4","18","20","2","17","0","0","23","0"
"*04sau*","Fabian Balbuena","WHU","D","313","FA","SOU 0<br/>@WHU 3 F","75.25","5.38","0%","0%","14","1,196","1","0","0","0","0","2","12","0","1","1","0","25","62","1","6","21","0","0","19","4"
"*02lzx*","Scott Dann","CRY","D","314","FA","CRY 0<br/>@LIV 2 F","75.25","5.02","0%","0%","15","1,350","1","0","1","0","0","1","4","0","1","0","0","18","57","4","14","51","0","0","24","2"
"*05g2n*","Takumi Minamino","LIV/SOU","F","315","FA","SOU 0<br/>@WHU 3 F","75","3.95","0%","0%","19","997","3","0","5","0","0","8","6","11","1","0","0","6","12","11","1","9","0","0","18","2"
"*043bx*","Michy Batshuayi","CRY","F","316","FA","CRY 0<br/>@LIV 2 F","74.75","4.15","0%","0%","18","714","2","1","9","0","1","6","3","22","0","0","1","4","5","11","1","10","0","0","15","2"
"*048xm*","Josh Maja","SUN/FUL","F","317","FA","NEW 2<br/>@FUL 0 F","74.5","4.97","-","-","15","797","3","0","7","0","0","8","4","13","0","0","0","4","1","8","1","12","0","0","9","5"
"*02m7w*","David Luiz","ARS","D","318","FA","BHA 0<br/>@ARS 2 F","72.75","3.64","0%","0%","20","1,393","1","0","2","0","0","2","9","2","1","1","0","16","49","3","9","35","0","0","18","3"
"*04qfy*","Ricardo Pereira","LEI","D","319","Tim O","TOT 4<br/>@LEI 2 F","72.25","4.82","0%","0%","15","950","0","1","10","0","0","4","22","16","3","0","4","15","19","14","1","11","0","0","19","2"
"*04qos*","Issa Diop","WHU","D","321","FA","SOU 0<br/>@WHU 3 F","71","3.94","2%","+1%","18","1,379","2","0","1","0","0","2","14","2","3","0","0","22","58","3","22","24","0","1","22","2"
"*05r8w*","Willian Jose","WOL","F","320","FA","MUN 2<br/>@WOL 1 F","71","4.18","-","-","17","1,098","1","0","12","0","1","7","1","13","0","0","1","1","12","8","1","26","0","0","13","5"
"*03yrr*","Mohamed Elneny","ARS","M","322","FA","BHA 0<br/>@ARS 2 F","68.5","2.98","0%","0%","23","1,533","1","0","4","0","0","3","6","4","3","0","0","24","20","4","4","8","0","0","20","5"
"*02opl*","Jack Cork","BUR","M","323","FA","BUR 0<br/>@SHU 1 F","68.25","4.27","0%","0%","16","1,349","0","0","8","0","0","0","10","13","2","0","1","16","19","5","4","33","0","0","24","4"
"*02lof*","Ryan Fredericks","WHU","D","324","FA","SOU 0<br/>@WHU 3 F","67.75","4.84","0%","0%","14","560","1","1","12","0","0","2","5","3","2","0","6","11","19","3","2","8","0","0","9","1"
"*037sc*","Erik Lamela","TOT","M","325","FA","TOT 4<br/>@LEI 2 F","67.75","2.95","0%","0%","23","687","1","0","9","0","0","9","9","13","4","1","0","6","1","25","1","6","0","0","17","1"
"*03pig*","Jamaal Lascelles","NEW","D","326","FA","NEW 2<br/>@FUL 0 F","67.5","3.55","0%","0%","19","1,626","2","0","3","0","0","3","7","1","4","0","0","12","84","4","17","47","0","0","32","2"
"*05gco*","Pablo Mari","ARS","D","327","FA","BHA 0<br/>@ARS 2 F","67.5","6.75","0%","0%","10","900","0","0","2","0","0","0","9","0","2","0","0","9","29","3","7","27","0","0","8","4"
"*03mml*","Dele Alli","TOT","M","328","CFPL","TOT 4<br/>@LEI 2 F","67.25","4.48","0%","0%","15","609","0","1","9","0","0","4","11","16","0","0","2","7","3","11","0","8","0","0","9","3"
"*032ab*","Erik Pieters","BUR","D","329","FA","BUR 0<br/>@SHU 1 F","66.25","3.31","0%","0%","20","1,258","0","1","5","0","1","3","21","10","1","0","0","12","27","6","9","13","0","1","19","3"
"*051l3*","Kean Bryan","SHU","D","330","FA","BUR 0<br/>@SHU 1 F","65.5","5.04","0%","0%","13","1,003","1","0","4","0","0","1","10","1","1","0","2","13","35","3","10","31","0","1","17","2"
"*05746*","Emil Krafth","NEW","D","332","FA","NEW 2<br/>@FUL 0 F","64.5","4.03","0%","0%","16","1,286","1","0","6","0","0","3","8","4","4","0","3","15","46","3","9","26","0","0","27","5"
"*058vf*","Steven Alzate","BHA","M","331","FA","BHA 0<br/>@ARS 2 F","64.5","4.3","0%","0%","15","891","1","0","11","0","0","2","8","9","2","0","1","8","9","8","1","7","0","0","17","5"
"*04k4j*","Aaron Connolly","BHA","F","333","FA","BHA 0<br/>@ARS 2 F","62.25","3.66","0%","0%","17","783","2","1","6","0","0","9","3","8","0","0","0","0","1","5","0","7","0","0","17","1"
"*05795*","Dennis Praet","LEI","M","334","FA","TOT 4<br/>@LEI 2 F","62.25","4.15","0%","0%","15","721","1","1","7","0","0","2","7","9","0","0","4","7","3","6","2","2","0","0","11","4"
"*03tj9*","Xherdan Shaqiri","LIV","M","335","FA","CRY 0<br/>@LIV 2 F","62","4.43","0%","0%","14","545","0","2","19","0","0","0","4","7","2","0","5","2","0","6","0","2","0","0","7","2"
"*02lkj*","Jack Robinson","SHU","D","336","FA","BUR 0<br/>@SHU 1 F","61","5.55","0%","0%","11","875","0","1","1","0","1","0","6","2","3","0","0","9","41","3","4","32","0","0","11","2"
"*02m54*","Romaine Sawyers","WBA","M","337","FA","WBA 1<br/>@LEE 3 F","61","3.21","0%","0%","19","1,489","0","0","6","0","0","0","18","10","2","0","1","18","10","8","4","13","0","1","42","1"
"*05m46*","Luke Thomas","LEI","D","338","FA","TOT 4<br/>@LEI 2 F","61","4.36","0%","0%","14","964","1","0","7","0","0","3","14","12","2","0","3","17","19","6","2","20","0","0","18","1"
"*04ge9*","Eddie Nketiah","ARS","F","339","FA","BHA 0<br/>@ARS 2 F","60.25","3.54","3%","0%","17","411","2","1","8","0","0","5","1","5","0","0","1","0","5","7","0","7","0","0","6","1"
"*05oji*","Rhys Williams","LIV","D","340","JLINGZ","CRY 0<br/>@LIV 2 F","59.75","6.64","0%","0%","9","658","0","0","2","0","0","0","4","0","0","0","0","6","26","0","3","30","0","0","6","3"
"*03yqz*","Joe Rodon","SWA/TOT","D","342","FA","TOT 4<br/>@LEI 2 F","58.25","4.85","26%","-7%","12","732","0","0","0","0","0","0","9","0","0","0","0","21","35","0","8","22","0","0","12","2"
"*05os3*","Ibrahima Diallo","SOU","M","341","FA","SOU 0<br/>@WHU 3 F","58.25","2.65","0%","0%","22","1,004","0","0","9","0","0","1","16","15","3","0","1","10","12","10","1","10","0","0","22","3"
"*03sd5*","Manuel Lanzini","WHU","M","343","FA","SOU 0<br/>@WHU 3 F","58","3.41","0%","0%","17","553","1","1","11","0","0","3","2","9","1","0","1","7","5","6","0","2","0","0","5","2"
"*05l0f*","Nathan Tella","SOU","M","344","Noah B","SOU 0<br/>@WHU 3 F","57.5","3.19","0%","0%","18","729","1","1","6","0","1","8","5","23","2","0","2","3","2","11","0","1","0","0","11","2"
"*04c3c*","Rhian Brewster","LIV/SHU","F","345","FA","BUR 0<br/>@SHU 1 F","56.5","2.09","0%","0%","27","1,109","0","0","11","0","0","8","5","18","1","0","3","5","4","8","2","14","0","0","16","2"
"*04t92*","Alireza Jahanbakhsh","BHA","F","346","FA","BHA 0<br/>@ARS 2 F","55.75","2.65","0%","0%","21","515","0","1","10","0","0","3","7","7","3","0","4","8","1","11","0","5","0","0","9","1"
"*05rak*","Ozan Kabak","LIV","D","347","FA","CRY 0<br/>@LIV 2 F","55.25","6.14","0%","0%","9","801","0","0","1","0","0","0","10","3","3","0","0","12","27","3","2","26","0","0","9","3"
"*043by*","Nampalys Mendy","LEI","M","348","FA","TOT 4<br/>@LEI 2 F","54.25","2.36","0%","0%","23","1,451","0","1","5","0","0","2","17","11","5","0","0","14","7","6","1","8","0","0","25","4"
"*02oq7*","Jack Stephens","SOU","D","349","FA","SOU 0<br/>@WHU 3 F","54","3","0%","0%","18","1,537","0","0","6","0","0","3","19","5","2","0","0","28","57","2","14","20","0","0","39","4"
"*05oeg*","Vitinha","WOL","M","350","FA","MUN 2<br/>@WOL 1 F","53.25","2.8","0%","0%","19","503","0","1","12","0","0","4","3","3","0","0","1","3","1","8","0","0","0","0","8","0"
"*05o2l*","Donny van de Beek","MUN","M","351","FA","MUN 2<br/>@WOL 1 F","52.75","2.78","0%","0%","19","507","1","1","3","0","1","1","10","8","1","0","0","6","6","8","1","2","0","0","12","0"
"*04u6m*","Bernard","EVE","M","352","FA","EVE 0<br/>@MCI 5 F","51.5","4.29","0%","0%","12","443","1","0","10","0","0","2","3","11","2","0","3","8","5","10","0","0","0","0","7","2"
"*02m7z*","Juan Mata","MUN","M","353","FA","MUN 2<br/>@WOL 1 F","51","5.67","0%","0%","9","508","1","2","8","0","0","4","0","6","0","0","1","3","3","2","0","1","0","0","6","1"
"*04qr9*","Morgan Gibbs-White","WOL","M","357","FA","MUN 2<br/>@WOL 1 F","49.25","4.48","99%","0%","11","400","1","0","8","0","0","4","7","5","1","0","0","3","1","8","0","2","0","0","6","0"
"*03r9c*","Cedric Soares","ARS","D","354","FA","BHA 0<br/>@ARS 2 F","49.25","4.92","0%","0%","10","743","0","1","6","0","0","2","8","9","1","0","8","8","14","5","1","7","0","0","11","2"
"*03yuo*","Keinan Davis","AVL","F","355","FA","CHE 1<br/>@AVL 2 F","49.25","3.28","0%","0%","15","257","1","1","6","0","0","2","1","4","0","0","1","0","2","9","0","18","0","0","1","1"
"*0329o*","Dwight Gayle","NEW","F","356","FA","NEW 2<br/>@FUL 0 F","49.25","2.74","0%","0%","18","492","1","1","6","0","0","7","0","1","0","0","1","1","2","1","1","11","0","0","9","0"
"*02t1p*","Billy Sharp","SHU","F","358","FA","BUR 0<br/>@SHU 1 F","49.25","3.08","0%","0%","16","722","3","0","4","0","0","6","1","16","1","0","1","0","2","5","0","12","0","0","15","0"
"*055se*","Marvelous Nakamba","AVL","M","360","FA","CHE 1<br/>@AVL 2 F","49","3.77","0%","0%","13","747","0","0","2","0","0","1","14","2","3","0","0","17","8","4","5","6","0","0","6","4"
"*02lor*","Jake Livermore","WBA","M","361","FA","WBA 1<br/>@LEE 3 F","48.5","2.69","0%","0%","18","1,243","0","0","5","0","0","0","18","7","2","1","1","16","24","2","6","12","0","1","33","1"
"*03rle*","Christian Fuchs","LEI","D","362","FA","TOT 4<br/>@LEI 2 F","47.75","5.31","0%","0%","9","702","0","0","1","0","0","0","7","1","4","0","1","16","30","0","4","20","0","0","9","3"
"*04ymz*","Karlan Grant","HUD/WBA","F","363","FA","WBA 1<br/>@LEE 3 F","47.5","2.26","0%","0%","21","1,123","1","0","3","0","0","9","3","17","1","0","0","5","15","9","0","14","0","0","26","3"
"*05n5p*","Mohammed Salisu","SOU","D","364","FA","SOU 0<br/>@WHU 3 F","47.5","3.96","0%","0%","12","837","0","0","2","0","0","1","21","7","1","0","0","17","29","9","5","21","0","0","19","0"
"*02w3x*","Pablo Hernandez","LEE","M","365","FA","WBA 1<br/>@LEE 3 F","47.25","2.95","0%","0%","16","409","0","2","6","1","0","3","3","1","1","0","0","0","0","10","0","0","0","0","6","1"
"*051kd*","Jamal Lewis","NEW","D","366","FA","NEW 2<br/>@FUL 0 F","47","1.96","0%","0%","24","1,832","0","1","14","0","0","1","20","13","4","0","13","11","36","12","7","10","0","0","37","3"
"*02llb*","James McCarthy","CRY","M","367","FA","CRY 0<br/>@LIV 2 F","46.5","2.91","0%","0%","16","815","0","0","5","0","0","0","12","1","1","0","2","8","11","2","7","9","0","0","15","2"
"*04u6o*","Joe Bryan","FUL","D","368","FA","NEW 2<br/>@FUL 0 F","46.25","2.89","0%","0%","16","659","1","0","5","0","1","2","8","3","2","0","6","14","11","14","2","6","0","0","17","0"
"*04tig*","Fabian Schar","NEW","D","369","FA","NEW 2<br/>@FUL 0 F","46","2.56","28%","0%","18","1,242","1","0","0","0","0","5","4","5","4","1","0","27","51","7","12","16","0","0","21","2"
"*03hvn*","Javier Manquillo","NEW","D","370","FA","NEW 2<br/>@FUL 0 F","45","3.46","0%","0%","13","821","0","0","5","0","0","0","14","7","1","0","6","9","14","1","1","14","0","0","15","3"
"*05oid*","Cengiz Under","LEI","M","371","FA","TOT 4<br/>@LEI 2 F","43.25","4.81","0%","0%","9","271","0","2","6","0","0","1","1","9","0","0","3","2","0","15","0","0","0","0","5","0"
"*02ljq*","Andy Carroll","NEW","F","372","FA","NEW 2<br/>@FUL 0 F","41.75","2.32","0%","0%","18","377","1","0","2","0","0","2","1","3","1","0","0","0","14","2","0","52","0","0","8","1"
"*02ooq*","Hal Robson-Kanu","WBA","F","373","FA","WBA 1<br/>@LEE 3 F","41.25","2.17","0%","0%","19","532","2","0","5","0","0","6","1","16","2","0","0","2","7","6","0","11","0","0","12","0"
"*02y6o*","Nathan Ake","MCI","D","374","FA","EVE 0<br/>@MCI 5 F","40.75","4.08","24%","+1%","10","796","1","0","1","0","0","1","5","1","4","0","0","9","22","0","1","24","0","0","13","3"
"*04rhe*","Naby Keita","LIV","M","375","FA","CRY 0<br/>@LIV 2 F","40.75","4.08","0%","0%","10","521","0","0","6","0","0","2","5","8","1","0","1","9","5","8","0","4","0","0","8","2"
"*05747*","Jimmy Dunne","BUR","D","376","FA","BUR 0<br/>@SHU 1 F","40.25","13.42","0%","0%","3","270","1","0","2","0","0","1","3","1","1","0","0","6","16","1","2","23","0","0","6","0"
"*0435u*","Eric Bailly","MUN","D","378","FA","MUN 2<br/>@WOL 1 F","37.25","3.1","0%","0%","12","914","0","0","0","0","0","0","5","0","3","0","0","13","36","4","11","24","0","0","17","3"
"*05r37*","Jakub Moder","BHA","M","379","FA","BHA 0<br/>@ARS 2 F","37","3.08","0%","0%","12","640","0","0","3","0","0","3","7","10","0","0","1","3","7","9","1","7","0","0","10","2"
"*051k3*","Jacob Ramsey","AVL","M","380","FA","CHE 1<br/>@AVL 2 F","36.5","1.66","12%","+1%","22","600","0","0","6","0","0","1","5","12","0","0","2","4","5","7","6","7","0","0","10","2"
"*05ojf*","Fabio Carvalho","FUL","M","381","JLINGZ","NEW 2<br/>@FUL 0 F","35.75","8.94","4%","0%","4","253","1","0","2","0","0","5","6","9","0","0","0","1","0","8","0","1","0","0","6","0"
"*04mcg*","Ben Johnson","WHU","D","382","FA","SOU 0<br/>@WHU 3 F","34.75","2.48","0%","0%","14","507","1","0","4","0","0","1","5","6","1","0","3","11","6","4","1","6","0","0","10","1"
"*05o8j*","Marcal","WOL","D","384","FA","MUN 2<br/>@WOL 1 F","34.5","2.65","0%","0%","13","617","0","0","4","0","0","0","5","2","2","0","1","12","19","7","2","11","0","0","9","1"
"*02onj*","Mark Noble","WHU","M","385","FA","SOU 0<br/>@WHU 3 F","32.25","1.54","0%","0%","21","695","0","0","5","0","0","0","4","6","1","0","2","13","3","2","3","3","0","0","15","0"
"*02t1k*","Nathaniel Clyne","LIV/CRY","D","386","FA","CRY 0<br/>@LIV 2 F","31.75","2.44","1%","0%","13","1,146","0","1","4","0","0","1","10","2","2","0","5","18","21","4","2","4","0","0","22","2"
"*03bwz*","Harry Winks","TOT","M","387","FA","TOT 4<br/>@LEI 2 F","31.75","2.12","0%","0%","15","854","0","0","4","0","0","1","9","3","5","0","1","11","11","4","4","7","0","0","16","1"
"*03ysm*","Daniel Amartey","LEI","D","388","FA","TOT 4<br/>@LEI 2 F","31.25","2.6","0%","0%","12","715","1","0","0","0","0","1","7","3","2","0","0","12","24","1","4","19","0","0","12","0"
"*02t1i*","Robert Snodgrass","WHU/WBA","M","389","FA","WBA 1<br/>@LEE 3 F","31.25","2.84","0%","0%","11","526","0","0","3","0","0","1","12","4","2","0","3","1","12","4","2","9","0","0","14","0"
"*02lz9*","Alex Oxlade-Chamberlain","LIV","M","391","FA","CRY 0<br/>@LIV 2 F","30","2.31","0%","0%","13","235","1","1","2","0","0","4","0","5","0","0","0","2","0","1","0","4","0","0","6","0"
"*05a6e*","Neco Williams","LIV","D","392","FA","CRY 0<br/>@LIV 2 F","29.5","4.92","98%","0%","6","247","0","0","3","0","0","0","5","3","1","0","1","6","4","5","1","3","0","0","1","1"
"*04ym3*","Ian Poveda-Ocampo","LEE","F","393","FA","WBA 1<br/>@LEE 3 F","28.25","2.02","0%","0%","14","339","0","0","5","0","0","3","4","16","0","0","2","1","2","12","1","0","0","0","5","0"
"*05n05*","Jamie Shackleton","LEE","M","394","FA","WBA 1<br/>@LEE 3 F","28","2.15","0%","0%","13","453","0","0","2","0","0","0","6","1","0","0","1","9","2","3","1","0","0","0","11","1"
"*04tsd*","Japhet Tanganga","TOT","D","395","FA","TOT 4<br/>@LEI 2 F","26.75","4.46","0%","0%","6","486","0","0","1","0","0","1","4","5","2","0","1","3","13","9","5","12","0","0","8","2"
"*04tcc*","Jonny","WOL","D","396","FA","MUN 2<br/>@WOL 1 F","26.5","3.79","0%","0%","7","494","0","0","2","0","0","0","5","7","0","0","0","9","7","3","3","5","0","0","4","1"
"*05opn*","Carlos Vinicius","TOT","F","397","FA","TOT 4<br/>@LEI 2 F","25.25","2.81","0%","0%","9","301","1","0","2","0","0","4","1","7","2","0","0","2","5","3","0","14","0","0","2","1"
"*04s1e*","Andriy Yarmolenko","WHU","F","399","FA","SOU 0<br/>@WHU 3 F","23.75","1.58","0%","0%","15","357","0","1","5","0","0","2","4","10","3","0","3","1","1","6","0","5","0","0","7","1"
"*05afk*","Owen Otasowie","WOL","M","398","FA","MUN 2<br/>@WOL 1 F","23.75","3.96","-","-","6","186","0","1","2","0","0","0","5","3","1","0","0","3","4","3","1","8","0","0","6","0"
"*05r8o*","Jean-Philippe Mateta","CRY","F","401","FA","CRY 0<br/>@LIV 2 F","23.25","3.32","93%","-2%","7","210","1","0","1","0","0","2","1","5","0","0","0","0","2","3","0","13","0","0","4","0"
"*04yjx*","Ki-Jana Hoever","LIV/WOL","D","400","FA","MUN 2<br/>@WOL 1 F","23.25","1.94","1%","0%","12","569","0","0","3","0","0","0","6","6","1","0","2","9","22","13","0","6","0","0","11","0"
"*052ju*","Matty Longstaff","NEW","M","403","FA","NEW 2<br/>@FUL 0 F","22.75","4.55","0%","0%","5","376","0","0","2","0","0","0","2","1","0","0","2","7","2","2","0","5","0","0","8","1"
"*05s00*","Daniel Jebbison","SHU","F","404","FA","BUR 0<br/>@SHU 1 F","20.75","5.19","0%","0%","4","282","1","0","1","0","0","2","2","5","0","0","0","1","0","2","1","5","0","0","2","2"
"*05ogb*","Anthony Elanga","MUN","F","405","FA","MUN 2<br/>@WOL 1 F","20.25","10.12","36%","-1%","2","155","1","0","1","0","0","1","2","2","0","0","1","1","1","3","1","1","0","0","2","0"
"*02rn6*","James Tomkins","CRY","D","406","FA","CRY 0<br/>@LIV 2 F","20","2.5","0%","0%","8","550","0","0","1","0","0","1","2","0","1","0","0","4","43","0","3","12","0","0","12","2"
"*04lax*","Hamza Choudhury","LEI","M","407","FA","TOT 4<br/>@LEI 2 F","19.75","1.98","0%","0%","10","309","0","0","0","0","0","1","7","0","1","0","0","4","7","0","1","6","0","0","2","2"
"*05r34*","Amad Diallo","MUN","F","408","FA","MUN 2<br/>@WOL 1 F","18.75","6.25","95%","0%","3","164","0","1","2","0","0","1","3","5","0","0","0","0","1","5","1","1","0","0","3","0"
"*03vlj*","Virgil van Dijk","LIV","D","410","FA","CRY 0<br/>@LIV 2 F","18","3.6","100%","0%","5","371","1","0","0","0","0","2","2","0","1","0","0","5","8","0","1","12","0","0","11","1"
"*02lm3*","Fabian Delph","EVE","M","411","FA","EVE 0<br/>@MCI 5 F","17.25","2.16","0%","0%","8","258","0","0","2","0","0","0","2","0","1","0","0","4","7","7","0","0","0","0","6","0"
"*03dxa*","Kevin Long","BUR","D","412","FA","BUR 0<br/>@SHU 1 F","16.75","2.09","0%","0%","8","635","0","0","1","0","0","0","6","0","2","0","0","6","24","0","7","18","0","0","13","1"
"*04mqv*","Emerson","CHE","D","414","FA","CHE 1<br/>@AVL 2 F","16.5","8.25","0%","0%","2","89","0","0","0","0","0","0","3","0","0","0","1","1","6","0","0","3","0","0","0","1"
"*05o8n*","Max Lowe","SHU","D","413","FA","BUR 0<br/>@SHU 1 F","16.5","2.06","0%","0%","8","550","0","0","2","0","0","1","11","4","1","0","1","5","6","7","4","5","0","0","10","0"
"*052cc*","Billy Gilmour","CHE","M","415","FA","CHE 1<br/>@AVL 2 F","16","3.2","0%","0%","5","258","0","0","3","0","0","0","2","0","0","0","0","3","1","1","2","2","0","0","2","1"
"*04e1h*","Dale Stephens","BHA/BUR","M","417","FA","BUR 0<br/>@SHU 1 F","15.75","2.25","0%","0%","7","256","0","0","0","0","0","0","6","5","1","0","0","8","1","1","0","5","0","0","4","0"
"*04spm*","Percy Tau","BHA","F","418","FA","BHA 0<br/>@ARS 2 F","15.75","5.25","-","-","3","99","0","1","3","0","0","0","1","1","0","0","0","0","0","3","0","0","0","0","2","0"
"*04aml*","Kamil Grosicki","WBA","M","419","FA","WBA 1<br/>@LEE 3 F","15.5","5.17","0%","0%","3","147","0","1","3","0","0","0","1","1","0","0","0","2","1","0","0","0","0","0","5","0"
"*05mzy*","Gaetano Berardi","LEE","D","420","FA","WBA 1<br/>@LEE 3 F","14.5","7.25","0%","0%","2","112","0","0","0","0","0","0","2","0","0","0","0","1","2","0","1","4","0","0","0","1"
"*03azt*","Josh Onomah","FUL","M","421","FA","NEW 2<br/>@FUL 0 F","13.75","1.25","0%","0%","11","366","0","0","1","0","0","1","8","9","1","0","0","2","1","2","2","4","0","0","12","0"
"*03r93*","Joseph Gomez","LIV","D","422","FA","CRY 0<br/>@LIV 2 F","12.5","1.79","3%","+1%","7","590","0","0","1","0","0","0","2","3","0","0","0","4","28","4","2","21","0","0","14","0"
"*04idk*","Davy Propper","BHA","M","423","FA","BHA 0<br/>@ARS 2 F","12.5","1.79","0%","0%","7","207","0","0","0","0","0","2","5","5","0","0","0","1","0","2","0","3","0","0","2","0"
"*03pie*","Divock Origi","LIV","F","425","FA","CRY 0<br/>@LIV 2 F","11.75","1.31","0%","0%","9","176","0","0","2","0","0","2","2","5","0","0","1","1","2","0","1","3","0","0","0","1"
"*0436h*","Lys Mousset","SHU","F","426","FA","BUR 0<br/>@SHU 1 F","11.5","1.05","0%","0%","11","284","0","0","3","0","0","2","0","9","0","0","0","0","1","4","0","4","0","0","10","0"
"*05opi*","Andi Zeqiri","BHA","F","427","FA","BHA 0<br/>@ARS 2 F","11","1.22","-","-","9","158","0","0","1","0","0","2","2","1","0","0","1","0","2","1","0","2","0","0","2","0"
"*05r98*","Morgan Sanson","AVL","M","428","FA","CHE 1<br/>@AVL 2 F","10.25","1.14","0%","0%","9","282","0","0","1","0","0","0","4","3","3","0","1","4","1","4","0","5","0","0","4","1"
"*02lyr*","Kieran Gibbs","WBA","D","429","FA","WBA 1<br/>@LEE 3 F","9.5","0.95","0%","0%","10","810","0","0","4","0","0","0","11","1","1","1","3","16","27","2","6","9","0","0","22","0"
"*02m7r*","Branislav Ivanovic","CHE/WBA","D","430","FA","WBA 1<br/>@LEE 3 F","8.75","0.67","0%","0%","13","765","0","0","1","0","0","1","5","0","2","0","0","8","25","0","5","13","0","0","19","2"
"*0554t*","William Smallbone","SOU","M","431","FA","SOU 0<br/>@WHU 3 F","8.5","2.83","0%","0%","3","172","0","0","0","0","0","1","3","2","0","0","0","2","1","0","0","2","0","0","5","0"
"*03wph*","Kyle Edwards","WBA","M,F","432","FA","WBA 1<br/>@LEE 3 F","8.25","1.65","0%","0%","5","113","0","0","1","0","0","1","2","1","0","0","0","1","0","1","0","0","0","0","3","0"
"*02lnf*","Joshua King","BOU/EVE","F","433","FA","EVE 0<br/>@MCI 5 F","8","0.73","0%","0%","11","128","0","0","0","0","0","1","1","6","0","0","0","1","1","4","0","5","0","0","2","0"
"*04mks*","Terence Kongolo","HUD/FUL","D","435","FA","NEW 2<br/>@FUL 0 F","7.5","7.5","0%","0%","1","90","0","0","0","0","0","0","2","0","0","0","1","2","2","0","0","3","0","0","1","0"
"*04ymr*","Josh Benson","BUR","M","434","FA","BUR 0<br/>@SHU 1 F","7.5","1.25","-","-","6","260","0","0","0","0","0","0","1","4","0","0","0","3","2","2","0","2","0","0","7","1"
"*02m5c*","Phil Bardsley","BUR","D","436","FA","BUR 0<br/>@SHU 1 F","6.5","1.62","0%","0%","4","272","0","0","0","0","0","0","5","1","2","0","2","6","12","3","1","7","0","0","8","0"
"*02m6x*","Tim Ream","FUL","D","437","FA","NEW 2<br/>@FUL 0 F","6.25","0.89","0%","0%","7","630","0","0","0","0","0","0","5","1","0","0","0","6","23","1","5","11","0","0","13","0"
"*0554s*","Daniel N'Lundulu","SOU","F","442","FA","SOU 0<br/>@WHU 3 F","5.5","0.42","0%","0%","13","97","0","0","1","0","0","0","0","2","0","0","0","0","2","2","0","5","0","0","1","0"
"*052k4*","Theo Corbeanu","WOL","F","441","FA","MUN 2<br/>@WOL 1 F","5.5","5.5","-","-","1","7","0","0","1","0","0","0","1","0","0","0","1","1","0","0","0","0","0","0","0","0"
"*051l0*","Jack O'Connell","SHU","D","443","FA","BUR 0<br/>@SHU 1 F","5.25","2.62","0%","0%","2","180","0","0","0","0","0","0","1","0","0","0","0","2","7","0","3","5","0","0","3","0"
"*0554h*","Sidnei Tavares","LEI","M","446","FA","TOT 4<br/>@LEI 2 F","3.5","1.75","-","-","2","83","0","0","0","0","0","1","1","3","0","0","0","0","0","1","1","1","0","0","1","0"
"*04ge8*","Reiss Nelson","ARS","F","447","FA","BHA 0<br/>@ARS 2 F","3.25","1.62","9%","0%","2","70","0","0","0","0","0","0","0","2","0","0","2","1","1","1","0","0","0","0","0","0"
"*05re5*","Carney Chukwuemeka","AVL","M","448","FA","CHE 1<br/>@AVL 2 F","3","1.5","0%","0%","2","17","0","0","0","0","0","0","2","0","0","0","0","0","0","0","0","1","0","0","0","0"
"*059j3*","Brandon Williams","MUN","D","449","FA","MUN 2<br/>@WOL 1 F","2.75","0.69","0%","0%","4","187","0","0","1","0","0","1","0","1","0","0","1","1","4","2","0","0","0","0","3","0"
"*05oel*","Niels Nkounkou","EVE","D","450","FA","EVE 0<br/>@MCI 5 F","2.25","1.12","0%","0%","2","80","0","0","0","0","0","0","3","1","1","0","1","0","4","2","0","0","0","0","1","0"
"*04itp*","Jose Izquierdo","BHA","F","452","FA","BHA 0<br/>@ARS 2 F","2","2","0%","0%","1","7","0","0","0","0","0","1","0","0","0","0","0","0","0","0","0","0","0","0","0","0"
"*03m5e*","Jonjoe Kenny","EVE","D","453","FA","EVE 0<br/>@MCI 5 F","2","0.5","0%","0%","4","79","0","0","0","0","0","0","1","0","0","0","1","1","2","0","0","0","0","0","1","0"
"*051wl*","Wesley","AVL","F","454","FA","CHE 1<br/>@AVL 2 F","2","0.67","0%","0%","3","13","0","0","0","0","0","1","0","0","0","0","0","0","0","0","0","0","0","0","1","0"
"*05r94*","Iliman Ndiaye","SHU","M","456","FA","BUR 0<br/>@SHU 1 F","1.25","1.25","99%","0%","1","10","0","0","0","0","0","0","1","0","0","0","0","0","0","0","0","0","0","0","1","0"
"*04mdj*","Nathan Broadhead","EVE","M","455","FA","EVE 0<br/>@MCI 5 F","1.25","1.25","0%","0%","1","1","0","0","0","0","0","0","1","0","0","0","0","0","0","0","0","0","0","0","0","0"
"*05t6y*","Hannibal Mejbri","MUN","M","457","FA","MUN 2<br/>@WOL 1 F","1","1","2%","0%","1","7","0","0","0","0","0","0","0","0","0","0","0","0","0","1","0","0","0","0","0","0"
"*04mmx*","Michael Obafemi","SOU","F","458","FA","SOU 0<br/>@WHU 3 F","1","0.25","0%","0%","4","54","0","0","1","0","0","0","0","2","0","0","0","0","0","0","0","0","0","0","2","0"
"*05nil*","Leif Davis","LEE","D","459","FA","WBA 1<br/>@LEE 3 F","0.75","0.38","0%","0%","2","31","0","0","0","0","0","0","0","1","0","0","0","1","0","0","0","0","0","0","0","0"
"*05rdx*","Shola Shoretire","MUN","F","460","FA","MUN 2<br/>@WOL 1 F","0.5","0.25","0%","0%","2","8","0","0","0","0","0","0","0","0","0","0","0","0","0","0","0","1","0","0","0","0"
"*03dy4*","Wes Morgan","LEI","D","461","FA","TOT 4<br/>@LEI 2 F","0.25","0.08","0%","0%","3","16","0","0","0","0","0","0","0","0","0","0","0","0","1","0","0","0","0","0","0","0"
"*05l8q*","Cole Palmer","MCI","M","584","FA","EVE 0<br/>@MCI 5 F","0","0","100%","0%","0","0","0","0","0","0","0","0","0","0","0","0","0","0","0","0","0","0","0","0","0","0"
"*05opj*","Elliot Anderson","NEW","M","464","FA","NEW 2<br/>@FUL 0 F","0","0","99%","0%","1","2","0","0","0","0","0","0","0","0","0","0","0","0","0","0","0","0","0","0","0","0"
"*05rb8*","Moises Caicedo","BHA","M","484","FA","BHA 0<br/>@ARS 2 F","0","0","80%","0%","0","0","0","0","0","0","0","0","0","0","0","0","0","0","0","0","0","0","0","0","0","0"
"*05rl4*","Crysencio Summerville","LEE","M","608","FA","WBA 1<br/>@LEE 3 F","0","0","79%","-2%","0","0","0","0","0","0","0","0","0","0","0","0","0","0","0","0","0","0","0","0","0","0"
"*05raa*","Hugo Bueno","WOL","D","483","FA","MUN 2<br/>@WOL 1 F","0","0","54%","-1%","0","0","0","0","0","0","0","0","0","0","0","0","0","0","0","0","0","0","0","0","0","0"
"*05t6x*","William Osula","SHU","F","583","FA","BUR 0<br/>@SHU 1 F","0","0","45%","+3%","0","0","0","0","0","0","0","0","0","0","0","0","0","0","0","0","0","0","0","0","0","0"
"*05s08*","Valentino Livramento","CHE","D","560","FA","CHE 1<br/>@AVL 2 F","0","0","42%","-1%","0","0","0","0","0","0","0","0","0","0","0","0","0","0","0","0","0","0","0","0","0","0"
"*05oig*","Liam Delap","MCI","F","500","FA","EVE 0<br/>@MCI 5 F","0","0","32%","0%","1","39","0","0","0","0","0","0","0","1","0","0","0","0","0","0","0","1","0","0","4","0"
"*05t6z*","Tim Iroegbunam","WBA","M","540","FA","WBA 1<br/>@LEE 3 F","0","0","3%","0%","0","0","0","0","0","0","0","0","0","0","0","0","0","0","0","0","0","0","0","0","0","0"
"*05r4h*","Lamare Bogarde","AVL","M","478","FA","CHE 1<br/>@AVL 2 F","0","0","1%","0%","0","0","0","0","0","0","0","0","0","0","0","0","0","0","0","0","0","0","0","0","0","0"
"*05n3v*","Konstantinos Tsimikas","LIV","D","615","FA","CRY 0<br/>@LIV 2 F","0","0","1%","0%","2","5","0","0","0","0","0","0","0","0","0","0","0","0","0","0","0","0","0","0","0","0"
"*05g4d*","Dennis Cirkin","TOT","D","491","FA","TOT 4<br/>@LEI 2 F","0","0","1%","0%","0","0","0","0","0","0","0","0","0","0","0","0","0","0","0","0","0","0","0","0","0","0"
"*05nip*","Dane Scarlett","TOT","F","598","FA","TOT 4<br/>@LEI 2 F","0","0","0%","0%","1","1","0","0","0","0","0","0","0","0","0","0","0","0","0","0","0","0","0","0","0","0"
"*05ogh*","Harrison Ashby","WHU","D","467","FA","SOU 0<br/>@WHU 3 F","0","0","0%","0%","0","0","0","0","0","0","0","0","0","0","0","0","0","0","0","0","0","0","0","0","0","0"
"*05rjn*","Jesurun Rak-Sakyi","CRY","M","589","FA","CRY 0<br/>@LIV 2 F","0","0","0%","0%","0","0","0","0","0","0","0","0","0","0","0","0","0","0","0","0","0","0","0","0","0","0"
"*05r4r*","Sam Greenwood","LEE","F","525","FA","WBA 1<br/>@LEE 3 F","0","0","0%","0%","0","0","0","0","0","0","0","0","0","0","0","0","0","0","0","0","0","0","0","0","0","0"
"*05n3u*","Joe Gelhardt","LEE","F","520","FA","WBA 1<br/>@LEE 3 F","0","0","0%","0%","0","0","0","0","0","0","0","0","0","0","0","0","0","0","0","0","0","0","0","0","0","0"
"*05r2t*","Niall Huggins","LEE","F","538","FA","WBA 1<br/>@LEE 3 F","0","0","0%","0%","1","36","0","0","0","0","0","0","0","0","0","0","0","0","1","0","0","0","0","0","0","0"
"*05r93*","Tyler Onyango","EVE","M","582","FA","EVE 0<br/>@MCI 5 F","0","0","0%","0%","0","0","0","0","0","0","0","0","0","0","0","0","0","0","0","0","0","0","0","0","0","0"
"*05nio*","Alfie Devine","TOT","M","502","FA","TOT 4<br/>@LEI 2 F","0","0","0%","0%","0","0","0","0","0","0","0","0","0","0","0","0","0","0","0","0","0","0","0","0","0","0"
"*05rka*","Reece Welch","EVE","D","621","FA","EVE 0<br/>@MCI 5 F","0","0","0%","0%","0","0","0","0","0","0","0","0","0","0","0","0","0","0","0","0","0","0","0","0","0","0"
"*04qez*","Florin Andone","BHA","F","465","FA","BHA 0<br/>@ARS 2 F","0","0","0%","0%","0","0","0","0","0","0","0","0","0","0","0","0","0","0","0","0","0","0","0","0","0","0"
"*059j0*","Faustino Anjorin","CHE","M","466","FA","CHE 1<br/>@AVL 2 F","0","0","0%","0%","0","0","0","0","0","0","0","0","0","0","0","0","0","0","0","0","0","0","0","0","0","0"
"*03dda*","Christian Atsu","NEW","M","469","FA","NEW 2<br/>@FUL 0 F","0","0","0%","0%","0","0","0","0","0","0","0","0","0","0","0","0","0","0","0","0","0","0","0","0","0","0"
"*059iq*","Folarin Balogun","ARS","F","471","FA","BHA 0<br/>@ARS 2 F","0","0","0%","0%","0","0","0","0","0","0","0","0","0","0","0","0","0","0","0","0","0","0","0","0","0","0"
"*05lus*","Lewis Bate","CHE","M","474","FA","CHE 1<br/>@AVL 2 F","0","0","0%","0%","0","0","0","0","0","0","0","0","0","0","0","0","0","0","0","0","0","0","0","0","0","0"
"*04t94*","Adrian Bernabe","MCI","M","475","FA","EVE 0<br/>@MCI 5 F","0","0","0%","0%","0","0","0","0","0","0","0","0","0","0","0","0","0","0","0","0","0","0","0","0","0","0"
"*03gou*","Muhamed Besic","EVE","M","476","FA","EVE 0<br/>@MCI 5 F","0","0","0%","0%","0","0","0","0","0","0","0","0","0","0","0","0","0","0","0","0","0","0","0","0","0","0"
"*05gbo*","Leonardo Campana","WOL","F","486","FA","MUN 2<br/>@WOL 1 F","0","0","0%","0%","0","0","0","0","0","0","0","0","0","0","0","0","0","0","0","0","0","0","0","0","0","0"
"*04xjt*","Conor Coventry","WHU","M","494","FA","SOU 0<br/>@WHU 3 F","0","0","0%","0%","0","0","0","0","0","0","0","0","0","0","0","0","0","0","0","0","0","0","0","0","0","0"
"*05ogl*","Charlie Cresswell","LEE","D","495","FA","WBA 1<br/>@LEE 3 F","0","0","0%","0%","0","0","0","0","0","0","0","0","0","0","0","0","0","0","0","0","0","0","0","0","0","0"
"*052k1*","Luke Cundle","WOL","M","496","FA","MUN 2<br/>@WOL 1 F","0","0","0%","0%","0","0","0","0","0","0","0","0","0","0","0","0","0","0","0","0","0","0","0","0","0","0"
"*054ow*","Vontae Daley-Campbell","LEI","D","497","FA","TOT 4<br/>@LEI 2 F","0","0","0%","0%","0","0","0","0","0","0","0","0","0","0","0","0","0","0","0","0","0","0","0","0","0","0"
"*052k8*","Tommy Doyle","MCI","M","504","FA","EVE 0<br/>@MCI 5 F","0","0","0%","0%","0","0","0","0","0","0","0","0","0","0","0","0","0","0","0","0","0","0","0","0","0","0"
"*05roa*","Cody Drameh","LEE","D","505","FA","WBA 1<br/>@LEE 3 F","0","0","0%","0%","0","0","0","0","0","0","0","0","0","0","0","0","0","0","0","0","0","0","0","0","0","0"
"*052i4*","Bjorn Engels","AVL","D","508","FA","CHE 1<br/>@AVL 2 F","0","0","0%","0%","0","0","0","0","0","0","0","0","0","0","0","0","0","0","0","0","0","0","0","0","0","0"
"*04mf8*","Nathan Ferguson","CRY","D","509","FA","CRY 0<br/>@LIV 2 F","0","0","0%","0%","0","0","0","0","0","0","0","0","0","0","0","0","0","0","0","0","0","0","0","0","0","0"
"*02lpu*","Adam Forshaw","LEE","M","516","FA","WBA 1<br/>@LEE 3 F","0","0","0%","0%","0","0","0","0","0","0","0","0","0","0","0","0","0","0","0","0","0","0","0","0","0","0"
"*04shz*","Tyrese Francois","FUL","M","517","FA","NEW 2<br/>@FUL 0 F","0","0","0%","0%","1","13","0","0","0","0","0","0","0","0","0","0","0","0","0","0","0","0","0","0","1","0"
"*05afg*","Ethan Galbraith","MUN","M","518","FA","MUN 2<br/>@WOL 1 F","0","0","0%","0%","0","0","0","0","0","0","0","0","0","0","0","0","0","0","0","0","0","0","0","0","0","0"
"*05o2r*","Antwoine Hackford","SHU","F","527","FA","BUR 0<br/>@SHU 1 F","0","0","0%","0%","1","10","0","0","0","0","0","0","0","0","0","0","0","0","0","0","0","0","0","0","0","0"
"*05rey*","Kaine Hayden","AVL","M","531","FA","CHE 1<br/>@AVL 2 F","0","0","0%","0%","0","0","0","0","0","0","0","0","0","0","0","0","0","0","0","0","0","0","0","0","0","0"
"*04c39*","Nathan Holland","WHU","M","537","FA","SOU 0<br/>@WHU 3 F","0","0","0%","0%","0","0","0","0","0","0","0","0","0","0","0","0","0","0","0","0","0","0","0","0","0","0"
"*02lnd*","Phil Jones","MUN","D","548","FA","MUN 2<br/>@WOL 1 F","0","0","0%","0%","0","0","0","0","0","0","0","0","0","0","0","0","0","0","0","0","0","0","0","0","0","0"
"*02lk9*","Martin Kelly","CRY","D","550","FA","CRY 0<br/>@LIV 2 F","0","0","0%","0%","1","1","0","0","0","0","0","0","0","0","0","0","0","0","0","0","0","0","0","0","0","0"
"*05a6f*","Billy Koumetio","LIV","D","553","FA","CRY 0<br/>@LIV 2 F","0","0","0%","0%","0","0","0","0","0","0","0","0","0","0","0","0","0","0","0","0","0","0","0","0","0","0"
"*02lyy*","Henri Lansbury","AVL","M","555","FA","CHE 1<br/>@AVL 2 F","0","0","0%","0%","0","0","0","0","0","0","0","0","0","0","0","0","0","0","0","0","0","0","0","0","0","0"
"*05r4i*","Hayden Lindley","AVL","M","559","FA","CHE 1<br/>@AVL 2 F","0","0","0%","0%","0","0","0","0","0","0","0","0","0","0","0","0","0","0","0","0","0","0","0","0","0","0"
"*05r33*","Luke Mbete","MCI","D","571","FA","EVE 0<br/>@MCI 5 F","0","0","0%","0%","0","0","0","0","0","0","0","0","0","0","0","0","0","0","0","0","0","0","0","0","0","0"
"*04qfn*","Kevin McDonald","FUL","M","572","FA","NEW 2<br/>@FUL 0 F","0","0","0%","0%","0","0","0","0","0","0","0","0","0","0","0","0","0","0","0","0","0","0","0","0","0","0"
"*05r4w*","Ademipo Odubeko","WHU","F","578","FA","SOU 0<br/>@WHU 3 F","0","0","0%","0%","0","0","0","0","0","0","0","0","0","0","0","0","0","0","0","0","0","0","0","0","0","0"
"*05rff*","Jaden Philogene-Bidace","AVL","M","586","FA","CHE 1<br/>@AVL 2 F","0","0","0%","0%","1","1","0","0","0","0","0","0","0","0","0","0","0","0","0","0","0","0","0","0","0","0"
"*05rkb*","Isaac Price","EVE","M","587","FA","EVE 0<br/>@MCI 5 F","0","0","0%","0%","0","0","0","0","0","0","0","0","0","0","0","0","0","0","0","0","0","0","0","0","0","0"
"*05r44*","Arjan Raikhy","AVL","M","588","FA","CHE 1<br/>@AVL 2 F","0","0","0%","0%","0","0","0","0","0","0","0","0","0","0","0","0","0","0","0","0","0","0","0","0","0","0"
"*02lq9*","Jack Rodwell","SHU","M","593","FA","BUR 0<br/>@SHU 1 F","0","0","0%","0%","0","0","0","0","0","0","0","0","0","0","0","0","0","0","0","0","0","0","0","0","0","0"
"*03yr6*","Henri Saivet","NEW","M","597","FA","NEW 2<br/>@FUL 0 F","0","0","0%","0%","0","0","0","0","0","0","0","0","0","0","0","0","0","0","0","0","0","0","0","0","0","0"
"*05r3z*","Sil Swinkels","AVL","D","609","FA","CHE 1<br/>@AVL 2 F","0","0","0%","0%","0","0","0","0","0","0","0","0","0","0","0","0","0","0","0","0","0","0","0","0","0","0"
"*05l30*","Max Thompson","BUR","F","612","FA","BUR 0<br/>@SHU 1 F","0","0","0%","0%","0","0","0","0","0","0","0","0","0","0","0","0","0","0","0","0","0","0","0","0","0","0"
"*02m65*","Connor Wickham","CRY","F","623","FA","CRY 0<br/>@LIV 2 F","0","0","0%","0%","0","0","0","0","0","0","0","0","0","0","0","0","0","0","0","0","0","0","0","0","0","0"
"*043pi*","Ben Woodburn","LIV","M,F","624","FA","CRY 0<br/>@LIV 2 F","0","0","0%","0%","0","0","0","0","0","0","0","0","0","0","0","0","0","0","0","0","0","0","0","0","0","0"
"*04vya*","Sam Woods","CRY","D","625","FA","CRY 0<br/>@LIV 2 F","0","0","0%","0%","0","0","0","0","0","0","0","0","0","0","0","0","0","0","0","0","0","0","0","0","0","0"
"*05r4u*","Frederik Alves","WHU","D","463","FA","SOU 0<br/>@WHU 3 F","0","0","-","-","0","0","0","0","0","0","0","0","0","0","0","0","0","0","0","0","0","0","0","0","0","0"
"*05ret*","Ryan Astley","EVE","D","468","FA","EVE 0<br/>@MCI 5 F","0","0","-","-","0","0","0","0","0","0","0","0","0","0","0","0","0","0","0","0","0","0","0","0","0","0"
"*05nnv*","Miguel Azeez","ARS","M","470","FA","BHA 0<br/>@ARS 2 F","0","0","-","-","0","0","0","0","0","0","0","0","0","0","0","0","0","0","0","0","0","0","0","0","0","0"
"*05r4v*","Jamal Baptiste","WHU","D","472","FA","SOU 0<br/>@WHU 3 F","0","0","-","-","0","0","0","0","0","0","0","0","0","0","0","0","0","0","0","0","0","0","0","0","0","0"
"*05r4n*","Louie Barry","AVL","F","473","FA","CHE 1<br/>@AVL 2 F","0","0","-","-","0","0","0","0","0","0","0","0","0","0","0","0","0","0","0","0","0","0","0","0","0","0"
"*04tsg*","Jamie Bowden","TOT","M","479","FA","TOT 4<br/>@LEI 2 F","0","0","-","-","0","0","0","0","0","0","0","0","0","0","0","0","0","0","0","0","0","0","0","0","0","0"
"*05t69*","Harry Boyes","SHU","D","480","FA","BUR 0<br/>@SHU 1 F","0","0","-","-","0","0","0","0","0","0","0","0","0","0","0","0","0","0","0","0","0","0","0","0","0","0"
"*05r4l*","Mungo Bridge","AVL","F","481","FA","CHE 1<br/>@AVL 2 F","0","0","-","-","0","0","0","0","0","0","0","0","0","0","0","0","0","0","0","0","0","0","0","0","0","0"
"*05o2q*","Zak Brunt","SHU","M","482","FA","BUR 0<br/>@SHU 1 F","0","0","-","-","0","0","0","0","0","0","0","0","0","0","0","0","0","0","0","0","0","0","0","0","0","0"
"*05gdm*","Jake Cain","LIV","M","485","FA","CRY 0<br/>@LIV 2 F","0","0","-","-","0","0","0","0","0","0","0","0","0","0","0","0","0","0","0","0","0","0","0","0","0","0"
"*05o8l*","Oliver Casey","LEE","D","488","FA","WBA 1<br/>@LEE 3 F","0","0","-","-","0","0","0","0","0","0","0","0","0","0","0","0","0","0","0","0","0","0","0","0","0","0"
"*05r39*","Kgaogelo Chauke","SOU","M","489","FA","SOU 0<br/>@WHU 3 F","0","0","-","-","0","0","0","0","0","0","0","0","0","0","0","0","0","0","0","0","0","0","0","0","0","0"
"*05r43*","Benjamin Chrisene","AVL","M","490","FA","CHE 1<br/>@AVL 2 F","0","0","-","-","0","0","0","0","0","0","0","0","0","0","0","0","0","0","0","0","0","0","0","0","0","0"
"*059j2*","Leighton Clarkson","LIV","M","492","FA","CRY 0<br/>@LIV 2 F","0","0","-","-","0","0","0","0","0","0","0","0","0","0","0","0","0","0","0","0","0","0","0","0","0","0"
"*05nnu*","Ben Cottrell","ARS","M","493","FA","BHA 0<br/>@ARS 2 F","0","0","-","-","0","0","0","0","0","0","0","0","0","0","0","0","0","0","0","0","0","0","0","0","0","0"
"*05raj*","Ben Davies","LIV","D","498","FA","CRY 0<br/>@LIV 2 F","0","0","-","-","0","0","0","0","0","0","0","0","0","0","0","0","0","0","0","0","0","0","0","0","0","0"
"*05oh1*","Lars Dendoncker","BHA","M","501","FA","BHA 0<br/>@ARS 2 F","0","0","-","-","0","0","0","0","0","0","0","0","0","0","0","0","0","0","0","0","0","0","0","0","0","0"
"*05r2u*","Cheikh Diaby","WBA","F","503","FA","WBA 1<br/>@LEE 3 F","0","0","-","-","0","0","0","0","0","0","0","0","0","0","0","0","0","0","0","0","0","0","0","0","0","0"
"*04zyc*","Anthony Driscoll-Glennon","BUR","D","506","FA","BUR 0<br/>@SHU 1 F","0","0","-","-","0","0","0","0","0","0","0","0","0","0","0","0","0","0","0","0","0","0","0","0","0","0"
"*05r40*","Frankie Ealing","AVL","D","507","FA","CHE 1<br/>@AVL 2 F","0","0","-","-","0","0","0","0","0","0","0","0","0","0","0","0","0","0","0","0","0","0","0","0","0","0"
"*05lo6*","Will Ferry","SOU","M","510","FA","SOU 0<br/>@WHU 3 F","0","0","-","-","0","0","0","0","0","0","0","0","0","0","0","0","0","0","0","0","0","0","0","0","0","0"
"*05r8j*","Ryan Finnigan","SOU","M","511","FA","SOU 0<br/>@WHU 3 F","0","0","-","-","0","0","0","0","0","0","0","0","0","0","0","0","0","0","0","0","0","0","0","0","0","0"
"*05rkk*","William Fish","MUN","D","512","FA","MUN 2<br/>@WOL 1 F","0","0","-","-","1","1","0","0","0","0","0","0","0","0","0","0","0","0","0","0","0","0","0","0","0","0"
"*052i7*","Ethan Fitzhugh","LEI","M","513","FA","TOT 4<br/>@LEI 2 F","0","0","-","-","0","0","0","0","0","0","0","0","0","0","0","0","0","0","0","0","0","0","0","0","0","0"
"*05qza*","Shane Flynn","LEI","M","514","FA","TOT 4<br/>@LEI 2 F","0","0","-","-","0","0","0","0","0","0","0","0","0","0","0","0","0","0","0","0","0","0","0","0","0","0"
"*05ss7*","Taylor Gardner-Hickman","WBA","F","519","FA","WBA 1<br/>@LEE 3 F","0","0","-","-","0","0","0","0","0","0","0","0","0","0","0","0","0","0","0","0","0","0","0","0","0","0"
"*04tc9*","Claudio Gomes","MCI","M","522","FA","EVE 0<br/>@MCI 5 F","0","0","-","-","0","0","0","0","0","0","0","0","0","0","0","0","0","0","0","0","0","0","0","0","0","0"
"*05o2n*","Kyron Gordon","SHU","D","523","FA","BUR 0<br/>@SHU 1 F","0","0","-","-","0","0","0","0","0","0","0","0","0","0","0","0","0","0","0","0","0","0","0","0","0","0"
"*059iv*","Peter Gwargis","BHA","M","526","FA","BHA 0<br/>@ARS 2 F","0","0","-","-","0","0","0","0","0","0","0","0","0","0","0","0","0","0","0","0","0","0","0","0","0","0"
"*05reo*","Reece Hannam","CRY","D","528","FA","CRY 0<br/>@LIV 2 F","0","0","-","-","0","0","0","0","0","0","0","0","0","0","0","0","0","0","0","0","0","0","0","0","0","0"
"*05r4s*","George Harmon","WBA","D","529","FA","WBA 1<br/>@LEE 3 F","0","0","-","-","0","0","0","0","0","0","0","0","0","0","0","0","0","0","0","0","0","0","0","0","0","0"
"*05r4q*","Sylvester Jasper","FUL","F","542","FA","NEW 2<br/>@FUL 0 F","0","0","-","-","0","0","0","0","0","0","0","0","0","0","0","0","0","0","0","0","0","0","0","0","0","0"
"*05r4k*","Taylor Jay-Hart","AVL","M","543","FA","CHE 1<br/>@AVL 2 F","0","0","-","-","0","0","0","0","0","0","0","0","0","0","0","0","0","0","0","0","0","0","0","0","0","0"
"*05ozb*","Jack Jenkins","LEE","M","544","FA","WBA 1<br/>@LEE 3 F","0","0","-","-","0","0","0","0","0","0","0","0","0","0","0","0","0","0","0","0","0","0","0","0","0","0"
"*059iw*","Teddy Jenks","BHA","M","545","FA","BHA 0<br/>@ARS 2 F","0","0","-","-","0","0","0","0","0","0","0","0","0","0","0","0","0","0","0","0","0","0","0","0","0","0"
"*05reu*","Kyle John","EVE","D","546","FA","EVE 0<br/>@MCI 5 F","0","0","-","-","0","0","0","0","0","0","0","0","0","0","0","0","0","0","0","0","0","0","0","0","0","0"
"*05rei*","Nile John","TOT","M","547","FA","TOT 4<br/>@LEI 2 F","0","0","-","-","0","0","0","0","0","0","0","0","0","0","0","0","0","0","0","0","0","0","0","0","0","0"
"*05r8c*","Michal Karbownik","BHA","D","549","FA","BHA 0<br/>@ARS 2 F","0","0","-","-","0","0","0","0","0","0","0","0","0","0","0","0","0","0","0","0","0","0","0","0","0","0"
"*05r4o*","Reda Khadra","BHA","M","551","FA","BHA 0<br/>@ARS 2 F","0","0","-","-","1","3","0","0","0","0","0","0","0","0","0","0","0","0","0","0","0","0","0","0","0","0"
"*05t6f*","Toby King","WBA","M","552","FA","WBA 1<br/>@LEE 3 F","0","0","-","-","0","0","0","0","0","0","0","0","0","0","0","0","0","0","0","0","0","0","0","0","0","0"
"*05rdy*","Marcel Lavinier","TOT","D","556","FA","TOT 4<br/>@LEI 2 F","0","0","-","-","0","0","0","0","0","0","0","0","0","0","0","0","0","0","0","0","0","0","0","0","0","0"
"*05oj4*","Emmanuel Longelo","WHU","F","562","FA","SOU 0<br/>@WHU 3 F","0","0","-","-","0","0","0","0","0","0","0","0","0","0","0","0","0","0","0","0","0","0","0","0","0","0"
"*05r4d*","Nigel Lonwijk","WOL","D","563","FA","MUN 2<br/>@WOL 1 F","0","0","-","-","0","0","0","0","0","0","0","0","0","0","0","0","0","0","0","0","0","0","0","0","0","0"
"*05rjj*","Joel Lopez Salguero","ARS","D","564","FA","BHA 0<br/>@ARS 2 F","0","0","-","-","0","0","0","0","0","0","0","0","0","0","0","0","0","0","0","0","0","0","0","0","0","0"
"*05rc8*","Frankie Maguire","SHU","M","565","FA","BUR 0<br/>@SHU 1 F","0","0","-","-","0","0","0","0","0","0","0","0","0","0","0","0","0","0","0","0","0","0","0","0","0","0"
"*05r2b*","Anthony Mancini","BUR","M","566","FA","BUR 0<br/>@SHU 1 F","0","0","-","-","0","0","0","0","0","0","0","0","0","0","0","0","0","0","0","0","0","0","0","0","0","0"
"*05rej*","Dilan Markanday","TOT","F","567","FA","TOT 4<br/>@LEI 2 F","0","0","-","-","0","0","0","0","0","0","0","0","0","0","0","0","0","0","0","0","0","0","0","0","0","0"
"*052jy*","Christian Marques","WOL","D","568","FA","MUN 2<br/>@WOL 1 F","0","0","-","-","0","0","0","0","0","0","0","0","0","0","0","0","0","0","0","0","0","0","0","0","0","0"
"*05swf*","Tawanda Maswanhise","LEI","M","570","FA","TOT 4<br/>@LEI 2 F","0","0","-","-","0","0","0","0","0","0","0","0","0","0","0","0","0","0","0","0","0","0","0","0","0","0"
"*05r4p*","Richard Nartey","BUR","D","575","FA","BUR 0<br/>@SHU 1 F","0","0","-","-","0","0","0","0","0","0","0","0","0","0","0","0","0","0","0","0","0","0","0","0","0","0"
"*05qz9*","Ben Nelson","LEI","D","576","FA","TOT 4<br/>@LEI 2 F","0","0","-","-","0","0","0","0","0","0","0","0","0","0","0","0","0","0","0","0","0","0","0","0","0","0"
"*04ybj*","Felix Nmecha","MCI","M","577","FA","EVE 0<br/>@MCI 5 F","0","0","-","-","0","0","0","0","0","0","0","0","0","0","0","0","0","0","0","0","0","0","0","0","0","0"
"*052k2*","Taylor Perry","WOL","M","585","FA","MUN 2<br/>@WOL 1 F","0","0","-","-","0","0","0","0","0","0","0","0","0","0","0","0","0","0","0","0","0","0","0","0","0","0"
"*05a6i*","Lewis Richards","WOL","D","590","FA","MUN 2<br/>@WOL 1 F","0","0","-","-","0","0","0","0","0","0","0","0","0","0","0","0","0","0","0","0","0","0","0","0","0","0"
"*05r4t*","Rico Richards","WBA","M","591","FA","WBA 1<br/>@LEE 3 F","0","0","-","-","0","0","0","0","0","0","0","0","0","0","0","0","0","0","0","0","0","0","0","0","0","0"
"*058vg*","Lewis Richardson","BUR","M","592","FA","BUR 0<br/>@SHU 1 F","0","0","-","-","2","2","0","0","0","0","0","0","0","0","0","0","0","0","0","0","0","0","0","0","0","0"
"*05r41*","Callum Rowe","AVL","M","595","FA","CHE 1<br/>@AVL 2 F","0","0","-","-","0","0","0","0","0","0","0","0","0","0","0","0","0","0","0","0","0","0","0","0","0","0"
"*05r4j*","Edward Rowe","AVL","M","596","FA","CHE 1<br/>@AVL 2 F","0","0","-","-","0","0","0","0","0","0","0","0","0","0","0","0","0","0","0","0","0","0","0","0","0","0"
"*05t6a*","Femi Seriki","SHU","M","599","FA","BUR 0<br/>@SHU 1 F","0","0","-","-","1","1","0","0","0","0","0","0","0","0","0","0","0","0","0","0","0","0","0","0","0","0"
"*05r92*","Thierry Small","EVE","D","600","FA","EVE 0<br/>@MCI 5 F","0","0","-","-","0","0","0","0","0","0","0","0","0","0","0","0","0","0","0","0","0","0","0","0","0","0"
"*05r42*","Harrison Sohna","AVL","M","601","FA","CHE 1<br/>@AVL 2 F","0","0","-","-","0","0","0","0","0","0","0","0","0","0","0","0","0","0","0","0","0","0","0","0","0","0"
"*05rip*","Thanawat Suengchitthawon","LEI","M","607","FA","TOT 4<br/>@LEI 2 F","0","0","-","-","0","0","0","0","0","0","0","0","0","0","0","0","0","0","0","0","0","0","0","0","0","0"
"*05r4m*","Michael Tait","AVL","F","610","FA","CHE 1<br/>@AVL 2 F","0","0","-","-","0","0","0","0","0","0","0","0","0","0","0","0","0","0","0","0","0","0","0","0","0","0"
"*05ss6*","Caleb Taylor","WBA","D","611","FA","WBA 1<br/>@LEE 3 F","0","0","-","-","0","0","0","0","0","0","0","0","0","0","0","0","0","0","0","0","0","0","0","0","0","0"
"*05r3y*","Jake Walker","AVL","D","617","FA","CHE 1<br/>@AVL 2 F","0","0","-","-","0","0","0","0","0","0","0","0","0","0","0","0","0","0","0","0","0","0","0","0","0","0"
"*05r4z*","Jensen Weir","BHA","M","620","FA","BHA 0<br/>@ARS 2 F","0","0","-","-","0","0","0","0","0","0","0","0","0","0","0","0","0","0","0","0","0","0","0","0","0","0"
"*059iu*","Romaric Yapi","BHA","D","626","FA","BHA 0<br/>@ARS 2 F","0","0","-","-","0","0","0","0","0","0","0","0","0","0","0","0","0","0","0","0","0","0","0","0","0","0"
"*05r45*","Brad Young","AVL","M","627","FA","CHE 1<br/>@AVL 2 F","0","0","-","-","0","0","0","0","0","0","0","0","0","0","0","0","0","0","0","0","0","0","0","0","0","0"
"*056iu*","Jean-Philippe Gbamin","EVE","M","630","FA","EVE 0<br/>@MCI 5 F","-0.25","-0.25","0%","0%","1","10","0","0","0","0","0","0","0","1","0","0","0","0","1","0","0","0","0","0","1","0"
"*04qfj*","Denis Odoi","FUL","D","632","FA","NEW 2<br/>@FUL 0 F","-0.5","-0.17","0%","0%","3","270","0","0","1","0","0","1","3","2","1","0","1","5","5","1","1","6","0","0","10","0"
"*04y93*","Thakgalo Leshabela","LEI","M","631","FA","TOT 4<br/>@LEI 2 F","-0.5","-0.5","-","-","1","8","0","0","0","0","0","0","0","1","0","0","0","0","0","0","0","0","0","0","0","0"
"*02lpz*","Phil Jagielka","SHU","D","634","FA","BUR 0<br/>@SHU 1 F","-0.75","-0.07","0%","0%","10","522","0","0","0","0","0","0","4","0","1","1","0","10","26","0","5","13","0","1","12","0"
"*0554r*","Caleb Watts","SOU","M","635","FA","SOU 0<br/>@WHU 3 F","-0.75","-0.25","0%","0%","3","33","0","0","0","0","0","0","1","1","1","0","1","0","0","0","0","1","0","0","0","0"
"*04qf0*","Lee Peltier","WBA","D","637","FA","WBA 1<br/>@LEE 3 F","-1.75","-0.44","0%","0%","4","227","0","0","1","0","0","0","4","0","1","0","2","1","11","1","1","3","0","0","8","0"
"*03819*","Mamadou Sakho","CRY","D","638","FA","CRY 0<br/>@LIV 2 F","-2","-0.5","0%","0%","4","275","0","0","0","0","0","0","2","1","0","0","0","3","11","0","2","5","0","0","8","0"
"*04spn*","Eric Garcia","MCI","D","639","FA","EVE 0<br/>@MCI 5 F","-2.5","-0.42","0%","0%","6","378","0","0","1","0","0","0","7","0","0","0","0","4","10","0","1","3","0","0","12","0"
"*05m6a*","Joel Mumbongo","BUR","F","640","FA","BUR 0<br/>@SHU 1 F","-3.5","-0.88","-","-","4","34","0","0","0","0","0","0","0","1","1","0","0","0","0","0","0","0","0","0","1","0"
"*03xrs*","Axel Tuanzebe","MUN","D","641","FA","MUN 2<br/>@WOL 1 F","-4","-0.44","1%","0%","9","401","0","0","0","0","0","0","7","1","2","0","0","3","15","0","5","6","0","1","8","0"
"*05r6m*","Allan Tchaptchet","SOU","D","642","FA","SOU 0<br/>@WHU 3 F","-5","-5","0%","0%","1","11","0","0","0","0","0","0","0","0","0","0","0","0","0","0","0","1","0","0","3","0"
"*02m2y*","Neil Taylor","AVL","D","644","FA","CHE 1<br/>@AVL 2 F","-5.75","-5.75","0%","0%","1","14","0","0","0","0","0","0","1","0","1","0","0","0","0","0","0","0","0","0","2","0"
"*0554o*","Alexandre Jankewitz","SOU","M","643","FA","SOU 0<br/>@WHU 3 F","-5.75","-2.88","-","-","2","2","0","0","0","0","0","0","1","0","0","1","0","0","0","0","0","0","0","0","0","0"
"*03vlo*","Michael Hector","FUL","D","647","FA","NEW 2<br/>@FUL 0 F","-10.5","-2.62","0%","0%","4","264","0","0","1","0","0","0","2","0","2","0","0","0","6","3","2","6","0","0","10","0"
"*04yes*","Kayne Ramsay","SOU","D","648","FA","SOU 0<br/>@WHU 3 F","-17.75","-17.75","0%","0%","1","90","0","0","0","0","0","0","2","0","1","0","0","0","3","0","0","0","0","0","9","0"
