"Player","Team","Position","Type","Team","Date (EDT)","Gameweek"
"Tosin Adarabioyo","MCI/FUL","D","Claim","Oliver McBurnie's 7.36 FP/G","Sun May 23, 2021, 10:32AM","38"
"Joachim Andersen","FUL","D","Drop","Oliver McBurnie's 7.36 FP/G","Sun May 23, 2021, 10:32AM","38"
"Darnell Furlong","WBA","D","Claim","Oliver McBurnie's 7.36 FP/G","Sun May 23, 2021, 10:30AM","38"
"Ben Mee","BUR","D","Drop","Oliver McBurnie's 7.36 FP/G","Sun May 23, 2021, 10:30AM","38"
"David McGoldrick","SHU","F","Claim","Tim's Team","Sun May 23, 2021, 10:27AM","38"
"Joelinton","NEW","F","Drop","Tim's Team","Sun May 23, 2021, 10:27AM","38"
"Lewis Dunk","BHA","D","Claim","Werner's Weiners","Sun May 23, 2021, 10:19AM","38"
"Bruno Fernandes","MUN","M","Drop","Werner's Weiners","Sun May 23, 2021, 10:19AM","38"
"Fabio Carvalho","FUL","M","Claim","Jesse's Last Touch","Sun May 23, 2021, 10:15AM","38"
"Nathan Redmond","SOU","M","Claim","Jesse's Last Touch","Sun May 23, 2021, 10:14AM","38"
"Fabio Silva","WOL","F","Drop","Werner's Weiners","Sun May 23, 2021, 10:13AM","38"
"Hakim Ziyech","CHE","M","Drop","Werner's Weiners","Sun May 23, 2021, 10:13AM","38"
"Kai Havertz","CHE","M","Drop","Werner's Weiners","Sun May 23, 2021, 10:13AM","38"
"Rhys Williams","LIV","D","Claim","Jesse's Last Touch","Sun May 23, 2021, 10:13AM","38"
"Willian","ARS","F","Drop","Jesse's Last Touch","Sun May 23, 2021, 10:11AM","38"
"Christian Benteke","CRY","F","Drop","Jesse's Last Touch","Sun May 23, 2021, 10:10AM","38"
"Ilkay Gundogan","MCI","M","Drop","Jesse's Last Touch","Sun May 23, 2021, 10:10AM","38"
"Steven Bergwijn","TOT","F","Claim","Jesse's Last Touch","Sun May 23, 2021, 10:09AM","38"
"Alex Telles","MUN","D","Claim","Jesse's Last Touch","Sun May 23, 2021, 10:08AM","38"
"Gabriel Martinelli","ARS","M","Drop","Jesse's Last Touch","Sun May 23, 2021, 10:07AM","38"
"Joao Cancelo","MCI","D","Drop","Jesse's Last Touch","Sun May 23, 2021, 10:07AM","38"
"Jorginho","CHE","M","Claim","Jesse's Last Touch","Sun May 23, 2021, 10:06AM","38"
"Rodri","MCI","M","Drop","Jesse's Last Touch","Sun May 23, 2021, 10:06AM","38"
"Ederson","MCI","G","Claim","Never wanted him anyway","Sun May 23, 2021, 10:03AM","38"
"Illan Meslier","LEE","G","Drop","Never wanted him anyway","Sun May 23, 2021, 10:03AM","38"
"Victor Lindelof","MUN","D","Drop","Leo Gerard U1s Team","Sun May 23, 2021, 10:01AM","38"
"Vicente Guaita","CRY","G","Claim","Werner's Weiners","Sun May 23, 2021, 3:09AM","38"
"Joachim Andersen","FUL","D","Claim","Oliver McBurnie's 7.36 FP/G","Sat May 22, 2021, 8:01AM","38"
"Conor Townsend","WBA","D","Drop","Oliver McBurnie's 7.36 FP/G","Sat May 22, 2021, 8:01AM","38"
"Said Benrahma","WHU","F","Claim","Never wanted him anyway","Sat May 22, 2021, 2:33AM","38"
"Tyrick Mitchell","CRY","D","Drop","Never wanted him anyway","Sat May 22, 2021, 2:33AM","38"
"Alexandre Lacazette","ARS","F","Claim","Never wanted him anyway","Sat May 22, 2021, 2:32AM","38"
"Che Adams","SOU","F","Drop","Never wanted him anyway","Sat May 22, 2021, 2:32AM","38"
"Illan Meslier","LEE","G","Claim","Never wanted him anyway","Sat May 22, 2021, 2:31AM","38"
"Edouard Mendy","CHE","G","Drop","Never wanted him anyway","Sat May 22, 2021, 2:31AM","38"
"Allan","EVE","M","Drop","Leo Gerard U1s Team","Fri May 21, 2021, 7:12AM","38"
"Ross Barkley","CHE/AVL","M","Drop","Leo Gerard U1s Team","Fri May 21, 2021, 7:12AM","38"
"Jakub Ojrzynski","LIV","G","Claim","Team I_am_Tim","Wed May 19, 2021, 3:02PM","37"
"Will Norris","BUR","G","Drop","Team I_am_Tim","Wed May 19, 2021, 3:02PM","37"
"Will Norris","BUR","G","Claim","Team I_am_Tim","Wed May 19, 2021, 3:00PM","37"
"Nick Pope","BUR","G","Drop","Team I_am_Tim","Wed May 19, 2021, 3:00PM","37"
"Tyrick Mitchell","CRY","D","Claim","Never wanted him anyway","Wed May 19, 2021, 1:11PM","37"
"Alexandre Lacazette","ARS","F","Drop","Never wanted him anyway","Wed May 19, 2021, 1:11PM","37"
"Ahmed El Mohamady","AVL","D","Drop","Werner's Weiners","Tue May 18, 2021, 9:22PM","37"
"Matthew Lowton","BUR","D","Claim","Werner's Weiners","Tue May 18, 2021, 9:22PM","37"
"John Stones","MCI","D","Claim","The Celtic of FPL","Tue May 18, 2021, 1:34PM","37"
"Adam Webster","BHA","D","Drop","The Celtic of FPL","Tue May 18, 2021, 1:34PM","37"
"Kiko Casilla","LEE","G","Claim","Jesse's Last Touch","Tue May 18, 2021, 12:58PM","37"
"Vicente Guaita","CRY","G","Drop","Jesse's Last Touch","Tue May 18, 2021, 12:58PM","37"
"Rob Holding","ARS","D","Claim","Never wanted him anyway","Tue May 18, 2021, 12:54PM","37"
"Joachim Andersen","FUL","D","Drop","Never wanted him anyway","Tue May 18, 2021, 12:54PM","37"
"Kieran Tierney","ARS","D","Claim","Never wanted him anyway","Tue May 18, 2021, 12:53PM","37"
"Kyle Walker","MCI","D","Drop","Never wanted him anyway","Tue May 18, 2021, 12:53PM","37"
"Victor Lindelof","MUN","D","Claim","Leo Gerard U1s Team","Tue May 18, 2021, 12:53PM","37"
"Edouard Mendy","CHE","G","Claim","Never wanted him anyway","Tue May 18, 2021, 12:52PM","37"
"Illan Meslier","LEE","G","Drop","Never wanted him anyway","Tue May 18, 2021, 12:52PM","37"
"Dan Burn","BHA","D","Drop","Leo Gerard U1s Team","Tue May 18, 2021, 12:51PM","37"
"Nathan Tella","SOU","M","Claim","Midtable Merchant","Tue May 18, 2021, 12:51PM","37"
"Neal Maupay","BHA","F","Drop","Midtable Merchant","Tue May 18, 2021, 12:51PM","37"
"Rodrigo","LEE","F","Claim","The Celtic of FPL","Tue May 18, 2021, 12:50PM","37"
"Martin Odegaard","ARS","M","Drop","The Celtic of FPL","Tue May 18, 2021, 12:50PM","37"
"Ivan Cavaleiro","FUL","F","Claim","Jesse's Last Touch","Tue May 18, 2021, 12:50PM","37"
"Marc Albrighton","LEI","M","Claim","The Celtic of FPL","Tue May 18, 2021, 12:50PM","37"
"Lucas Moura","TOT","M","Drop","The Celtic of FPL","Tue May 18, 2021, 12:50PM","37"
"Aymeric Laporte","MCI","D","Drop","Jesse's Last Touch","Sun May 16, 2021, 11:30PM","37"
"Allan","EVE","M","Claim","Leo Gerard U1s Team","Sun May 16, 2021, 1:58PM","36"
"Abdoulaye Doucoure","EVE","M","Claim","Team I_am_Tim","Sun May 16, 2021, 1:32PM","36"
"Bernd Leno","ARS","G","Drop","Team I_am_Tim","Sun May 16, 2021, 1:31PM","36"
"Diogo Jota","WOL/LIV","F","Drop","Leo Gerard U1s Team","Sun May 16, 2021, 12:17PM","37"
"Fabinho","LIV","M","Claim","Tim's Team","Sun May 16, 2021, 10:33AM","36"
"Mbaye Diagne","WBA","F","Drop","Tim's Team","Sun May 16, 2021, 10:33AM","36"
"Giovani Lo Celso","TOT","M","Drop","Leo Gerard U1s Team","Sun May 16, 2021, 8:46AM","36"
"Okay Yokuslu","WBA","M","Claim","Leo Gerard U1s Team","Sun May 16, 2021, 8:45AM","36"
"Giovani Lo Celso","TOT","M","Claim","Leo Gerard U1s Team","Sun May 16, 2021, 8:44AM","36"
"Rayan Ait-Nouri","WOL","D","Drop","Leo Gerard U1s Team","Sun May 16, 2021, 8:32AM","36"
"Jordan Pickford","EVE","G","Claim","Tim's Team","Sat May 15, 2021, 9:23AM","36"
"Kasper Schmeichel","LEI","G","Drop","Tim's Team","Sat May 15, 2021, 9:23AM","36"
"Conor Townsend","WBA","D","Claim","Oliver McBurnie's 7.36 FP/G","Sat May 15, 2021, 9:03AM","36"
"Antonee Robinson","FUL","D","Drop","Oliver McBurnie's 7.36 FP/G","Sat May 15, 2021, 9:03AM","36"
"Hugo Lloris","TOT","G","Claim","Gerrard's Firm-footed Rangers","Fri May 14, 2021, 4:40PM","36"
"Dean Henderson","MUN","G","Drop","Gerrard's Firm-footed Rangers","Fri May 14, 2021, 4:40PM","36"
"Kyle Walker","MCI","D","Claim","Never wanted him anyway","Fri May 14, 2021, 2:09PM","36"
"Callum Wilson","NEW","F","Drop","Never wanted him anyway","Fri May 14, 2021, 2:09PM","36"
"Joachim Andersen","FUL","D","Claim","Never wanted him anyway","Fri May 14, 2021, 2:07PM","36"
"Lewis Dunk","BHA","D","Drop","Never wanted him anyway","Fri May 14, 2021, 2:07PM","36"
"Ferran Torres","MCI","F","Claim","The Celtic of FPL","Fri May 14, 2021, 2:01PM","36"
"Andreas Christensen","CHE","D","Drop","The Celtic of FPL","Fri May 14, 2021, 2:01PM","36"
"Aymeric Laporte","MCI","D","Claim","Jesse's Last Touch","Fri May 14, 2021, 1:36PM","36"
"Harry Maguire","MUN","D","Drop","Jesse's Last Touch","Fri May 14, 2021, 1:36PM","36"
"Jannik Vestergaard","SOU","D","Drop","Leo Gerard U1s Team","Fri May 14, 2021, 1:22PM","36"
"Pablo Fornals","WHU","M","Claim","Werner's Weiners","Fri May 14, 2021, 1:00PM","36"
"Antonee Robinson","FUL","D","Claim","Oliver McBurnie's 7.36 FP/G","Fri May 14, 2021, 1:00PM","36"
"Victor Lindelof","MUN","D","Drop","Oliver McBurnie's 7.36 FP/G","Fri May 14, 2021, 1:00PM","36"
"Andros Townsend","CRY","M","Claim","Werner's Weiners","Fri May 14, 2021, 1:00PM","36"
"Ben Mee","BUR","D","Claim","Oliver McBurnie's 7.36 FP/G","Fri May 14, 2021, 1:00PM","36"
"Rob Holding","ARS","D","Drop","Oliver McBurnie's 7.36 FP/G","Fri May 14, 2021, 1:00PM","36"
"Dani Ceballos","ARS","M","Drop","Werner's Weiners","Fri May 14, 2021, 2:55AM","36"
"Okay Yokuslu","WBA","M","Drop","Werner's Weiners","Sat May 8, 2021, 12:01PM","35"
"Harrison Reed","FUL","M","Drop","Werner's Weiners","Sat May 8, 2021, 12:01PM","35"
"Ben Godfrey","NOR/EVE","D,M","Claim","Jesse's Last Touch","Sat May 8, 2021, 11:36AM","35"
"Jorginho","CHE","M","Drop","Jesse's Last Touch","Sat May 8, 2021, 11:36AM","35"
"Alexandre Lacazette","ARS","F","Claim","Never wanted him anyway","Fri May 7, 2021, 3:14PM","35"
"Raul Jimenez","WOL","F","Drop","Never wanted him anyway","Fri May 7, 2021, 3:14PM","35"
"Nathaniel Phillips","LIV","D","Claim","Leo Gerard U1s Team","Fri May 7, 2021, 2:28PM","35"
"Fred","MUN","M","Drop","Leo Gerard U1s Team","Fri May 7, 2021, 2:28PM","35"
"Rob Holding","ARS","D","Claim","Oliver McBurnie's 7.36 FP/G","Thu May 6, 2021, 5:53PM","35"
"Ben Mee","BUR","D","Drop","Oliver McBurnie's 7.36 FP/G","Thu May 6, 2021, 5:53PM","35"
"Alisson","LIV","G","Claim","Oliver McBurnie's 7.36 FP/G","Thu May 6, 2021, 5:47PM","35"
"Alex McCarthy","SOU","G","Drop","Oliver McBurnie's 7.36 FP/G","Thu May 6, 2021, 5:47PM","35"
"Alex McCarthy","SOU","G","Claim","Oliver McBurnie's 7.36 FP/G","Thu May 6, 2021, 5:45PM","35"
"Robert Sanchez","BHA","G","Drop","Oliver McBurnie's 7.36 FP/G","Thu May 6, 2021, 5:45PM","35"
"Jannik Vestergaard","SOU","D","Claim","Leo Gerard U1s Team","Thu May 6, 2021, 8:22AM","35"
"Ayoze Perez","LEI","M","Drop","Leo Gerard U1s Team","Thu May 6, 2021, 8:22AM","35"
"Robert Sanchez","BHA","G","Claim","Oliver McBurnie's 7.36 FP/G","Thu May 6, 2021, 8:18AM","35"
"Edouard Mendy","CHE","G","Drop","Oliver McBurnie's 7.36 FP/G","Thu May 6, 2021, 8:18AM","35"
"Victor Lindelof","MUN","D","Claim","Oliver McBurnie's 7.36 FP/G","Thu May 6, 2021, 8:15AM","35"
"Darnell Furlong","WBA","D","Drop","Oliver McBurnie's 7.36 FP/G","Thu May 6, 2021, 8:15AM","35"
"Vicente Guaita","CRY","G","Claim","Jesse's Last Touch","Thu May 6, 2021, 12:16AM","35"
"Hugo Lloris","TOT","G","Drop","Jesse's Last Touch","Thu May 6, 2021, 12:16AM","35"
"Fred","MUN","M","Claim","Leo Gerard U1s Team","Wed May 5, 2021, 2:39PM","35"
"Diego Llorente","LEE","D","Drop","Leo Gerard U1s Team","Tue May 4, 2021, 9:24PM","35"
"Ayoze Perez","LEI","M","Claim","Leo Gerard U1s Team","Tue May 4, 2021, 9:23PM","35"
"Leander Dendoncker","WOL","M","Drop","Leo Gerard U1s Team","Tue May 4, 2021, 9:23PM","35"
"Christian Benteke","CRY","F","Claim","Jesse's Last Touch","Tue May 4, 2021, 9:00PM","35"
"Jayden Bogle","SHU","D","Drop","Jesse's Last Touch","Tue May 4, 2021, 9:00PM","35"
"Fabio Silva","WOL","F","Claim","Werner's Weiners","Mon May 3, 2021, 12:21PM","34"
"Pedro Neto","WOL","F","Drop","Werner's Weiners","Mon May 3, 2021, 12:21PM","34"
"Darnell Furlong","WBA","D","Claim","Oliver McBurnie's 7.36 FP/G","Mon May 3, 2021, 10:26AM","34"
"Leander Dendoncker","WOL","M","Claim","Leo Gerard U1s Team","Sun May 2, 2021, 2:31PM","34"
"Dele Alli","TOT","M","Claim","The Celtic of FPL","Sun May 2, 2021, 1:17PM","34"
"Ben Mee","BUR","D","Claim","Oliver McBurnie's 7.36 FP/G","Sun May 2, 2021, 8:35AM","34"
"Rob Holding","ARS","D","Drop","Oliver McBurnie's 7.36 FP/G","Sun May 2, 2021, 8:35AM","34"
"Willian","ARS","F","Claim","Jesse's Last Touch","Sun May 2, 2021, 8:17AM","34"
"Pablo Fornals","WHU","M","Drop","Jesse's Last Touch","Sun May 2, 2021, 8:17AM","34"
"Gabriel Martinelli","ARS","M","Claim","Jesse's Last Touch","Sun May 2, 2021, 8:13AM","34"
"Alexandre Lacazette","ARS","F","Drop","Jesse's Last Touch","Sun May 2, 2021, 8:13AM","34"
"Jayden Bogle","SHU","D","Claim","Jesse's Last Touch","Sat May 1, 2021, 12:06PM","34"
"Callum Hudson-Odoi","CHE","F","Drop","Jesse's Last Touch","Sat May 1, 2021, 12:05PM","34"
"Willy Boly","WOL","D","Drop","Leo Gerard U1s Team","Sat May 1, 2021, 9:58AM","34"
"Dan Burn","BHA","D","Claim","Leo Gerard U1s Team","Sat May 1, 2021, 9:55AM","34"
"Nathaniel Phillips","LIV","D","Drop","Leo Gerard U1s Team","Sat May 1, 2021, 9:46AM","34"
"Christian Benteke","CRY","F","Drop","The Celtic of FPL","Sat May 1, 2021, 6:38AM","34"
"Callum Hudson-Odoi","CHE","F","Claim","Jesse's Last Touch","Sat May 1, 2021, 1:34AM","34"
"Eddie Nketiah","ARS","F","Drop","Jesse's Last Touch","Sat May 1, 2021, 1:34AM","34"
"Andre-Frank Zambo Anguissa","FUL","M","Claim","Gerrard's Firm-footed Rangers","Fri Apr 30, 2021, 3:27PM","34"
"Mateo Kovacic","CHE","M","Drop","Gerrard's Firm-footed Rangers","Fri Apr 30, 2021, 3:27PM","34"
"Ross Barkley","CHE/AVL","M","Claim","Leo Gerard U1s Team","Fri Apr 30, 2021, 3:25PM","34"
"Luka Milivojevic","CRY","M","Drop","Oliver McBurnie's 7.36 FP/G","Fri Apr 30, 2021, 3:17PM","34"
"Edouard Mendy","CHE","G","Claim","Oliver McBurnie's 7.36 FP/G","Fri Apr 30, 2021, 3:13PM","34"
"Robert Sanchez","BHA","G","Drop","Oliver McBurnie's 7.36 FP/G","Fri Apr 30, 2021, 3:13PM","34"
"Adam Webster","BHA","D","Claim","The Celtic of FPL","Fri Apr 30, 2021, 2:38PM","34"
"Arthur Masuaku","WHU","D","Drop","The Celtic of FPL","Fri Apr 30, 2021, 2:38PM","34"
"Miguel Almiron","NEW","M","Claim","Never wanted him anyway","Wed Apr 28, 2021, 1:55PM","34"
"Harvey Barnes","LEI","M","Drop","Never wanted him anyway","Wed Apr 28, 2021, 1:55PM","34"
"Hugo Lloris","TOT","G","Claim","Jesse's Last Touch","Wed Apr 28, 2021, 9:05AM","34"
"Alisson","LIV","G","Drop","Jesse's Last Touch","Wed Apr 28, 2021, 9:05AM","34"
"Diego Llorente","LEE","D","Claim","Leo Gerard U1s Team","Tue Apr 27, 2021, 11:24PM","34"
"Andreas Christensen","CHE","D","Claim","The Celtic of FPL","Tue Apr 27, 2021, 10:21PM","34"
"Adam Webster","BHA","D","Drop","The Celtic of FPL","Tue Apr 27, 2021, 10:21PM","34"
"Kurt Zouma","CHE","D","Claim","Never wanted him anyway","Tue Apr 27, 2021, 9:00PM","34"
"Mateusz Klich","LEE","M","Drop","Never wanted him anyway","Tue Apr 27, 2021, 9:00PM","34"
"Dan Burn","BHA","D","Drop","Leo Gerard U1s Team","Sat Apr 24, 2021, 2:14PM","33"
"Pablo Fornals","WHU","M","Claim","Jesse's Last Touch","Sat Apr 24, 2021, 12:08PM","33"
"Ahmed El Mohamady","AVL","D","Claim","Werner's Weiners","Sat Apr 24, 2021, 12:00PM","33"
"Lewis Dunk","BHA","D","Claim","Never wanted him anyway","Sat Apr 24, 2021, 11:58AM","33"
"Kurt Zouma","CHE","D","Drop","Never wanted him anyway","Sat Apr 24, 2021, 11:58AM","33"
"Andreas Christensen","CHE","D","Drop","Werner's Weiners","Sat Apr 24, 2021, 11:58AM","33"
"Mason Holgate","EVE","D","Claim","Tim's Team","Fri Apr 23, 2021, 2:34PM","33"
"Josh Maja","SUN/FUL","F","Drop","Tim's Team","Fri Apr 23, 2021, 2:34PM","33"
"Seamus Coleman","EVE","D","Claim","Team I_am_Tim","Fri Apr 23, 2021, 2:34PM","33"
"Tanguy Ndombele","TOT","M","Drop","Team I_am_Tim","Fri Apr 23, 2021, 2:34PM","33"
"Eddie Nketiah","ARS","F","Claim","Jesse's Last Touch","Fri Apr 23, 2021, 2:33PM","33"
"Theo Walcott","EVE/SOU","M","Drop","Jesse's Last Touch","Fri Apr 23, 2021, 2:33PM","33"
"Bernd Leno","ARS","G","Claim","Team I_am_Tim","Fri Apr 23, 2021, 2:32PM","33"
"Mario Lemina","FUL","M","Drop","Team I_am_Tim","Fri Apr 23, 2021, 2:32PM","33"
"Ashley Westwood","BUR","M","Claim","Team I_am_Tim","Fri Apr 23, 2021, 2:30PM","33"
"Takumi Minamino","LIV/SOU","F","Drop","Team I_am_Tim","Fri Apr 23, 2021, 2:30PM","33"
"Emile Smith Rowe","ARS","M","Claim","Never wanted him anyway","Fri Apr 23, 2021, 2:30PM","33"
"Gabriel Martinelli","ARS","M","Drop","Never wanted him anyway","Fri Apr 23, 2021, 2:30PM","33"
"Mateusz Klich","LEE","M","Claim","Never wanted him anyway","Fri Apr 23, 2021, 1:11PM","33"
"John Stones","MCI","D","Drop","Never wanted him anyway","Fri Apr 23, 2021, 1:11PM","33"
"Tyrone Mings","AVL","D","Claim","Never wanted him anyway","Fri Apr 23, 2021, 1:10PM","33"
"Ola Aina","FUL","D","Drop","Never wanted him anyway","Fri Apr 23, 2021, 1:10PM","33"
"Adam Webster","BHA","D","Claim","The Celtic of FPL","Fri Apr 23, 2021, 1:48AM","33"
"Jannik Vestergaard","SOU","D","Drop","The Celtic of FPL","Fri Apr 23, 2021, 1:48AM","33"
"Kyle Walker","MCI","D","Drop","Jesse's Last Touch","Thu Apr 22, 2021, 10:40PM","33"
"Dani Ceballos","ARS","M","Claim","Werner's Weiners","Thu Apr 22, 2021, 9:00PM","33"
"Callum Robinson","WBA","F","Drop","Werner's Weiners","Thu Apr 22, 2021, 9:00PM","33"
"Alisson","LIV","G","Claim","Jesse's Last Touch","Thu Apr 22, 2021, 9:00PM","33"
"Rui Patrício","WOL","G","Drop","Jesse's Last Touch","Thu Apr 22, 2021, 9:00PM","33"
"Dan Burn","BHA","D","Claim","Leo Gerard U1s Team","Thu Apr 22, 2021, 9:00PM","33"
"Robert Sanchez","BHA","G","Claim","Oliver McBurnie's 7.36 FP/G","Thu Apr 22, 2021, 9:00PM","33"
"Hugo Lloris","TOT","G","Drop","Oliver McBurnie's 7.36 FP/G","Thu Apr 22, 2021, 9:00PM","33"
"Marcos Alonso","CHE","D","Drop","Leo Gerard U1s Team","Thu Apr 22, 2021, 2:34PM","33"
"Andre-Frank Zambo Anguissa","FUL","M","Drop","Leo Gerard U1s Team","Thu Apr 22, 2021, 2:33PM","33"
"Kyle Walker","MCI","D","Claim","Jesse's Last Touch","Wed Apr 21, 2021, 2:31PM","32"
"Andreas Christensen","CHE","D","Claim","Werner's Weiners","Tue Apr 20, 2021, 3:02PM","32"
"Callum Hudson-Odoi","CHE","F","Drop","Jesse's Last Touch","Tue Apr 20, 2021, 2:24PM","32"
"Marcos Alonso","CHE","D","Claim","Leo Gerard U1s Team","Tue Apr 20, 2021, 2:04PM","32"
"Willy Boly","WOL","D","Claim","Leo Gerard U1s Team","Sat Apr 17, 2021, 2:51PM","32"
"Kenny Tete","FUL","D","Drop","Leo Gerard U1s Team","Sat Apr 17, 2021, 2:51PM","32"
"Seamus Coleman","EVE","D","Drop","Leo Gerard U1s Team","Fri Apr 16, 2021, 2:14PM","32"
"Rui Patrício","WOL","G","Claim","Jesse's Last Touch","Fri Apr 16, 2021, 9:06AM","32"
"Edouard Mendy","CHE","G","Drop","Jesse's Last Touch","Fri Apr 16, 2021, 9:06AM","32"
"Callum Robinson","WBA","F","Claim","Werner's Weiners","Thu Apr 15, 2021, 8:56PM","32"
"Benjamin Mendy","MCI","D","Drop","Werner's Weiners","Thu Apr 15, 2021, 8:54PM","32"
"Ezri Konsa","AVL","D","Drop","Werner's Weiners","Thu Apr 15, 2021, 8:54PM","32"
"Anwar El Ghazi","AVL","M","Claim","Werner's Weiners","Thu Apr 15, 2021, 8:54PM","32"
"Trézéguet","AVL","M","Drop","Werner's Weiners","Thu Apr 15, 2021, 8:54PM","32"
"Andre-Frank Zambo Anguissa","FUL","M","Claim","Leo Gerard U1s Team","Thu Apr 15, 2021, 8:41PM","32"
"Nathan Redmond","SOU","M","Drop","Leo Gerard U1s Team","Thu Apr 15, 2021, 8:41PM","32"
"Danny Welbeck","WAT/BHA","F","Claim","Oliver McBurnie's 7.36 FP/G","Thu Apr 15, 2021, 7:38PM","32"
"Oliver McBurnie","SHU","F","Drop","Oliver McBurnie's 7.36 FP/G","Thu Apr 15, 2021, 7:38PM","32"
"Rayan Ait-Nouri","WOL","D","Claim","Leo Gerard U1s Team","Tue Apr 13, 2021, 10:09PM","32"
"Yves Bissouma","BHA","M","Claim","Never wanted him anyway","Tue Apr 13, 2021, 9:03PM","32"
"Tyrone Mings","AVL","D","Drop","Never wanted him anyway","Tue Apr 13, 2021, 9:03PM","32"
"Romain Saiss","WOL","D","Claim","The Celtic of FPL","Tue Apr 13, 2021, 9:01PM","32"
"Pablo Fornals","WHU","M","Drop","The Celtic of FPL","Tue Apr 13, 2021, 9:01PM","32"
"Mason Greenwood","MUN","F","Claim","Midtable Merchant","Tue Apr 13, 2021, 9:00PM","32"
"Amad Diallo","MUN","F","Drop","Midtable Merchant","Tue Apr 13, 2021, 9:00PM","32"
"Seamus Coleman","EVE","D","Claim","Leo Gerard U1s Team","Mon Apr 12, 2021, 2:58PM","31"
"Gabriel Martinelli","ARS","M","Claim","Never wanted him anyway","Sun Apr 11, 2021, 1:00PM","31"
"Emile Smith Rowe","ARS","M","Drop","Never wanted him anyway","Sun Apr 11, 2021, 1:00PM","31"
"Ben Mee","BUR","D","Drop","Leo Gerard U1s Team","Sat Apr 10, 2021, 10:35PM","31"
"Callum Hudson-Odoi","CHE","F","Claim","Jesse's Last Touch","Sat Apr 10, 2021, 11:36AM","31"
"Marcos Alonso","CHE","D","Drop","Jesse's Last Touch","Sat Apr 10, 2021, 11:36AM","31"
"Anwar El Ghazi","AVL","M","Drop","Leo Gerard U1s Team","Sat Apr 10, 2021, 9:19AM","31"
"Benjamin Mendy","MCI","D","Claim","Werner's Weiners","Sat Apr 10, 2021, 6:33AM","31"
"Rob Holding","ARS","D","Claim","Oliver McBurnie's 7.36 FP/G","Fri Apr 9, 2021, 3:25PM","31"
"Diego Llorente","LEE","D","Drop","Oliver McBurnie's 7.36 FP/G","Fri Apr 9, 2021, 3:25PM","31"
"Tosin Adarabioyo","MCI/FUL","D","Drop","Werner's Weiners","Fri Apr 9, 2021, 2:08PM","31"
"Theo Walcott","EVE/SOU","M","Claim","Jesse's Last Touch","Fri Apr 9, 2021, 2:01PM","31"
"Andre-Frank Zambo Anguissa","FUL","M","Drop","Jesse's Last Touch","Fri Apr 9, 2021, 2:01PM","31"
"Serge Aurier","TOT","D","Claim","Jesse's Last Touch","Fri Apr 9, 2021, 12:50PM","31"
"Benjamin Mendy","MCI","D","Drop","Jesse's Last Touch","Fri Apr 9, 2021, 12:50PM","31"
"Kenny Tete","FUL","D","Claim","Leo Gerard U1s Team","Thu Apr 8, 2021, 7:33AM","31"
"Charlie Taylor","BUR","D","Drop","Leo Gerard U1s Team","Thu Apr 8, 2021, 7:33AM","31"
"Arthur Masuaku","WHU","D","Claim","The Celtic of FPL","Thu Apr 8, 2021, 2:31AM","31"
"Davinson Sanchez","TOT","D","Drop","The Celtic of FPL","Thu Apr 8, 2021, 2:31AM","31"
"Benjamin Mendy","MCI","D","Claim","Jesse's Last Touch","Wed Apr 7, 2021, 1:36PM","31"
"Kieran Tierney","ARS","D","Drop","Jesse's Last Touch","Wed Apr 7, 2021, 1:36PM","31"
"Charlie Taylor","BUR","D","Claim","Leo Gerard U1s Team","Tue Apr 6, 2021, 11:10PM","31"
"Nathaniel Phillips","LIV","D","Claim","Leo Gerard U1s Team","Tue Apr 6, 2021, 11:03PM","31"
"Nathan Redmond","SOU","M","Claim","Leo Gerard U1s Team","Tue Apr 6, 2021, 11:02PM","31"
"Joachim Andersen","FUL","D","Drop","Leo Gerard U1s Team","Tue Apr 6, 2021, 10:59PM","31"
"Joe Rodon","SWA/TOT","D","Drop","Leo Gerard U1s Team","Tue Apr 6, 2021, 10:56PM","31"
"Thiago Silva","CHE","D","Drop","Leo Gerard U1s Team","Tue Apr 6, 2021, 10:55PM","31"
"Okay Yokuslu","WBA","M","Claim","Werner's Weiners","Tue Apr 6, 2021, 9:00PM","31"
"Tyler Roberts","LEE","F","Drop","Werner's Weiners","Tue Apr 6, 2021, 9:00PM","31"
"Chris Wood","BUR","F","Claim","Never wanted him anyway","Tue Apr 6, 2021, 9:00PM","31"
"Anthony Martial","MUN","F","Drop","Never wanted him anyway","Tue Apr 6, 2021, 9:00PM","31"
"Pablo Fornals","WHU","M","Claim","The Celtic of FPL","Mon Apr 5, 2021, 2:20PM","30"
"Joe Rodon","SWA/TOT","D","Claim","Leo Gerard U1s Team","Sun Apr 4, 2021, 8:13AM","30"
"Serge Aurier","TOT","D","Drop","Leo Gerard U1s Team","Sun Apr 4, 2021, 8:13AM","30"
"Diego Llorente","LEE","D","Claim","Oliver McBurnie's 7.36 FP/G","Sat Apr 3, 2021, 9:26AM","30"
"Matt Doherty","TOT","D","Drop","Oliver McBurnie's 7.36 FP/G","Sat Apr 3, 2021, 9:26AM","30"
"Andreas Christensen","CHE","D","Drop","The Celtic of FPL","Sat Apr 3, 2021, 7:22AM","30"
"Thiago Silva","CHE","D","Claim","Leo Gerard U1s Team","Sat Apr 3, 2021, 7:00AM","30"
"Oriol Romeu","SOU","M","Drop","Tim's Team","Fri Apr 2, 2021, 11:40AM","30"
"Luka Milivojevic","CRY","M","Claim","Oliver McBurnie's 7.36 FP/G","Thu Apr 1, 2021, 12:04PM","30"
"Serge Aurier","TOT","D","Claim","Leo Gerard U1s Team","Wed Mar 31, 2021, 11:00PM","30"
"Luka Milivojevic","CRY","M","Drop","Leo Gerard U1s Team","Wed Mar 31, 2021, 11:00PM","30"
"Kurt Zouma","CHE","D","Claim","Never wanted him anyway","Wed Mar 24, 2021, 1:22PM","30"
"Ivan Cavaleiro","FUL","F","Drop","Never wanted him anyway","Wed Mar 24, 2021, 1:22PM","30"
"Callum Wilson","NEW","F","Claim","Never wanted him anyway","Wed Mar 24, 2021, 1:21PM","30"
"Ferran Torres","MCI","F","Drop","Never wanted him anyway","Wed Mar 24, 2021, 1:21PM","30"
"Luka Milivojevic","CRY","M","Claim","Leo Gerard U1s Team","Tue Mar 23, 2021, 10:21PM","30"
"Anwar El Ghazi","AVL","M","Claim","Leo Gerard U1s Team","Tue Mar 23, 2021, 10:20PM","30"
"Martin Dubravka","NEW","G","Drop","Leo Gerard U1s Team","Tue Mar 23, 2021, 10:19PM","30"
"Sam Johnstone","WBA","G","Claim","Leo Gerard U1s Team","Tue Mar 23, 2021, 10:18PM","30"
"Lewis Dunk","BHA","D","Drop","Leo Gerard U1s Team","Tue Mar 23, 2021, 10:17PM","30"
"Timothy Castagne","LEI","D","Claim","Leo Gerard U1s Team","Tue Mar 23, 2021, 10:16PM","30"
"Ben Mee","BUR","D","Claim","Leo Gerard U1s Team","Tue Mar 23, 2021, 10:16PM","30"
"Andreas Christensen","CHE","D","Claim","The Celtic of FPL","Tue Mar 23, 2021, 9:00PM","30"
"Pascal Struijk","LEE","D","Drop","The Celtic of FPL","Tue Mar 23, 2021, 9:00PM","30"
"Marcos Alonso","CHE","D","Claim","Jesse's Last Touch","Tue Mar 23, 2021, 9:00PM","30"
"Martin Odegaard","ARS","M","Claim","The Celtic of FPL","Tue Mar 23, 2021, 9:00PM","30"
"Ryan Fraser","NEW","M","Drop","The Celtic of FPL","Tue Mar 23, 2021, 9:00PM","30"
"Edouard Mendy","CHE","G","Claim","Jesse's Last Touch","Tue Mar 23, 2021, 9:00PM","30"
"Bernd Leno","ARS","G","Drop","Jesse's Last Touch","Tue Mar 23, 2021, 9:00PM","30"
"Carlos Vinicius","TOT","F","Drop","Jesse's Last Touch","Tue Mar 23, 2021, 12:17PM","30"
"Joe Rodon","SWA/TOT","D","Drop","Leo Gerard U1s Team","Sun Mar 21, 2021, 3:47PM","30"
"Antonee Robinson","FUL","D","Drop","Leo Gerard U1s Team","Sun Mar 21, 2021, 3:46PM","30"
"Miguel Almiron","NEW","M","Drop","Leo Gerard U1s Team","Sun Mar 21, 2021, 3:46PM","30"
"Carlos Vinicius","TOT","F","Claim","Jesse's Last Touch","Sun Mar 21, 2021, 2:45PM","29"
"Serge Aurier","TOT","D","Drop","Jesse's Last Touch","Sun Mar 21, 2021, 2:45PM","29"
"Joe Rodon","SWA/TOT","D","Claim","Leo Gerard U1s Team","Sun Mar 21, 2021, 2:36PM","29"
"Anwar El Ghazi","AVL","M","Drop","Leo Gerard U1s Team","Sun Mar 21, 2021, 2:36PM","29"
"Bernd Leno","ARS","G","Claim","Jesse's Last Touch","Sun Mar 21, 2021, 10:02AM","29"
"Edouard Mendy","CHE","G","Drop","Jesse's Last Touch","Sun Mar 21, 2021, 10:02AM","29"
"Miguel Almiron","NEW","M","Claim","Leo Gerard U1s Team","Sat Mar 20, 2021, 3:09PM","29"
"Jonjo Shelvey","NEW","M","Drop","Leo Gerard U1s Team","Sat Mar 20, 2021, 3:09PM","29"
"Pascal Struijk","LEE","D","Claim","The Celtic of FPL","Fri Mar 19, 2021, 3:42PM","29"
"Andros Townsend","CRY","M","Drop","The Celtic of FPL","Fri Mar 19, 2021, 3:42PM","29"
"Antonee Robinson","FUL","D","Claim","Leo Gerard U1s Team","Fri Mar 19, 2021, 3:38PM","29"
"Timothy Castagne","LEI","D","Drop","Leo Gerard U1s Team","Fri Mar 19, 2021, 3:38PM","29"
"Ola Aina","FUL","D","Claim","Never wanted him anyway","Wed Mar 17, 2021, 7:30PM","29"
"Conor Gallagher","CHE/WBA","M","Drop","Never wanted him anyway","Wed Mar 17, 2021, 7:30PM","29"
"Edouard Mendy","CHE","G","Claim","Jesse's Last Touch","Tue Mar 16, 2021, 11:16PM","29"
"Ederson","MCI","G","Drop","Jesse's Last Touch","Tue Mar 16, 2021, 11:16PM","29"
"Serge Aurier","TOT","D","Claim","Jesse's Last Touch","Tue Mar 16, 2021, 11:06PM","29"
"Dele Alli","TOT","M","Drop","Jesse's Last Touch","Tue Mar 16, 2021, 11:06PM","29"
"Jorginho","CHE","M","Claim","Jesse's Last Touch","Tue Mar 16, 2021, 11:04PM","29"
"Nathan Redmond","SOU","M","Drop","Jesse's Last Touch","Tue Mar 16, 2021, 11:04PM","29"
"Tyler Roberts","LEE","F","Claim","Werner's Weiners","Tue Mar 16, 2021, 9:17PM","29"
"Ben Mee","BUR","D","Drop","Werner's Weiners","Tue Mar 16, 2021, 9:16PM","29"
"Jonjo Shelvey","NEW","M","Claim","Leo Gerard U1s Team","Tue Mar 16, 2021, 9:13PM","29"
"Jamaal Lascelles","NEW","D","Drop","Leo Gerard U1s Team","Tue Mar 16, 2021, 9:13PM","29"
"Lukasz Fabianski","WHU","G","Claim","Werner's Weiners","Tue Mar 16, 2021, 9:10PM","29"
"Sam Johnstone","WBA","G","Drop","Werner's Weiners","Tue Mar 16, 2021, 9:10PM","29"
"Jamaal Lascelles","NEW","D","Claim","Leo Gerard U1s Team","Tue Mar 16, 2021, 9:00PM","29"
"Lewis Dunk","BHA","D","Claim","Leo Gerard U1s Team","Tue Mar 16, 2021, 9:00PM","29"
"Kalvin Phillips","LEE","M","Claim","Werner's Weiners","Tue Mar 16, 2021, 9:00PM","29"
"Ivan Cavaleiro","FUL","F","Claim","Never wanted him anyway","Tue Mar 16, 2021, 9:00PM","29"
"Matthew Lowton","BUR","D","Drop","Never wanted him anyway","Tue Mar 16, 2021, 9:00PM","29"
"Martin Dubravka","NEW","G","Claim","Leo Gerard U1s Team","Tue Mar 16, 2021, 9:00PM","29"
"Jordan Pickford","EVE","G","Drop","Leo Gerard U1s Team","Tue Mar 16, 2021, 9:00PM","29"
"Harrison Reed","FUL","M","Claim","Werner's Weiners","Tue Mar 16, 2021, 9:00PM","29"
"Kyle Bartley","WBA","D","Drop","Leo Gerard U1s Team","Mon Mar 15, 2021, 6:35PM","29"
"Jorginho","CHE","M","Drop","Leo Gerard U1s Team","Mon Mar 15, 2021, 6:13PM","29"
"Marcos Alonso","CHE","D","Drop","Werner's Weiners","Mon Mar 15, 2021, 6:12PM","29"
"Aymeric Laporte","MCI","D","Drop","Werner's Weiners","Mon Mar 15, 2021, 6:12PM","29"
"Davinson Sanchez","TOT","D","Claim","The Celtic of FPL","Sun Mar 14, 2021, 12:22PM","28"
"Serge Aurier","TOT","D","Drop","The Celtic of FPL","Sun Mar 14, 2021, 12:22PM","28"
"Antonee Robinson","FUL","D","Drop","Oliver McBurnie's 7.36 FP/G","Sat Mar 13, 2021, 2:40PM","28"
"Ferran Torres","MCI","F","Claim","Never wanted him anyway","Sat Mar 13, 2021, 2:03PM","28"
"Mason Greenwood","MUN","F","Drop","Never wanted him anyway","Sat Mar 13, 2021, 2:03PM","28"
"Mario Lemina","FUL","M","Claim","Team I_am_Tim","Sat Mar 13, 2021, 8:22AM","28"
"Conor Townsend","WBA","D","Drop","Team I_am_Tim","Sat Mar 13, 2021, 8:19AM","28"
"Conor Townsend","WBA","D","Claim","Team I_am_Tim","Sat Mar 13, 2021, 8:17AM","28"
"Abdoulaye Doucoure","EVE","M","Drop","Team I_am_Tim","Sat Mar 13, 2021, 8:17AM","28"
"Christian Benteke","CRY","F","Claim","The Celtic of FPL","Sat Mar 13, 2021, 6:51AM","28"
"Kurt Zouma","CHE","D","Drop","The Celtic of FPL","Sat Mar 13, 2021, 6:51AM","28"
"Trézéguet","AVL","M","Claim","Werner's Weiners","Fri Mar 12, 2021, 2:10PM","28"
"Yves Bissouma","BHA","M","Drop","Werner's Weiners","Fri Mar 12, 2021, 2:10PM","28"
"Kyle Walker-Peters","SOU","D","Claim","Gerrard's Firm-footed Rangers","Fri Mar 12, 2021, 10:11AM","28"
"Steven Bergwijn","TOT","F","Drop","Gerrard's Firm-footed Rangers","Fri Mar 12, 2021, 10:11AM","28"
"Jan Bednarek","SOU","D","Claim","Midtable Merchant","Thu Mar 11, 2021, 10:03PM","28"
"Christian Benteke","CRY","F","Drop","Midtable Merchant","Thu Mar 11, 2021, 10:03PM","28"
"Amad Diallo","MUN","F","Claim","Midtable Merchant","Thu Mar 11, 2021, 9:57PM","28"
"Mason Holgate","EVE","D","Drop","Midtable Merchant","Thu Mar 11, 2021, 9:57PM","28"
"Christian Benteke","CRY","F","Claim","Midtable Merchant","Thu Mar 11, 2021, 9:56PM","28"
"Jordan Ayew","CRY","F","Drop","Midtable Merchant","Thu Mar 11, 2021, 9:56PM","28"
"Kelechi Iheanacho","LEI","F","Claim","Midtable Merchant","Thu Mar 11, 2021, 9:56PM","28"
"Kalvin Phillips","LEE","M","Drop","Midtable Merchant","Thu Mar 11, 2021, 9:56PM","28"
"Aymeric Laporte","MCI","D","Claim","Werner's Weiners","Thu Mar 11, 2021, 9:10PM","28"
"Conor Gallagher","CHE/WBA","M","Claim","Never wanted him anyway","Thu Mar 11, 2021, 9:07PM","28"
"Ethan Ampadu","SHU","D","Drop","Never wanted him anyway","Thu Mar 11, 2021, 9:07PM","28"
"Kai Havertz","CHE","M","Claim","Werner's Weiners","Thu Mar 11, 2021, 9:06PM","28"
"Harrison Reed","FUL","M","Drop","Werner's Weiners","Thu Mar 11, 2021, 9:06PM","28"
"Ola Aina","FUL","D","Drop","Werner's Weiners","Thu Mar 11, 2021, 9:05PM","28"
"Lucas Moura","TOT","M","Claim","The Celtic of FPL","Thu Mar 11, 2021, 9:00PM","28"
"Oliver Norwood","SHU","M","Drop","The Celtic of FPL","Thu Mar 11, 2021, 9:00PM","28"
"Mason Greenwood","MUN","F","Claim","Never wanted him anyway","Thu Mar 11, 2021, 9:00PM","28"
"David McGoldrick","SHU","F","Drop","Never wanted him anyway","Thu Mar 11, 2021, 9:00PM","28"
"Kurt Zouma","CHE","D","Claim","The Celtic of FPL","Thu Mar 11, 2021, 9:00PM","28"
"Fernandinho","MCI","D","Drop","The Celtic of FPL","Thu Mar 11, 2021, 9:00PM","28"
"Jorginho","CHE","M","Claim","Leo Gerard U1s Team","Sun Mar 7, 2021, 1:45PM","27"
"Illan Meslier","LEE","G","Claim","Never wanted him anyway","Sun Mar 7, 2021, 1:19PM","27"
"Vicente Guaita","CRY","G","Drop","Never wanted him anyway","Sun Mar 7, 2021, 1:19PM","27"
"Wesley Fofana","LEI","D","Claim","Never wanted him anyway","Sat Mar 6, 2021, 2:46PM","27"
"Mateusz Klich","LEE","M","Drop","Never wanted him anyway","Sat Mar 6, 2021, 2:46PM","27"
"Trézéguet","AVL","M","Drop","Leo Gerard U1s Team","Sat Mar 6, 2021, 12:28PM","27"
"Trézéguet","AVL","M","Claim","Leo Gerard U1s Team","Sat Mar 6, 2021, 11:54AM","27"
"Ross Barkley","CHE/AVL","M","Drop","Leo Gerard U1s Team","Sat Mar 6, 2021, 11:54AM","27"
"Marcos Alonso","CHE","D","Claim","Werner's Weiners","Sat Mar 6, 2021, 11:33AM","27"
"Mason Holgate","EVE","D","Claim","Midtable Merchant","Fri Mar 5, 2021, 10:20PM","27"
"Martin Odegaard","ARS","M","Drop","Midtable Merchant","Fri Mar 5, 2021, 10:20PM","27"
"Kalvin Phillips","LEE","M","Claim","Midtable Merchant","Fri Mar 5, 2021, 10:19PM","27"
"Andreas Christensen","CHE","D","Drop","Midtable Merchant","Fri Mar 5, 2021, 10:19PM","27"
"Ryan Fraser","NEW","M","Claim","The Celtic of FPL","Fri Mar 5, 2021, 9:10PM","27"
"Fred","MUN","M","Drop","The Celtic of FPL","Fri Mar 5, 2021, 9:10PM","27"
"Oliver Norwood","SHU","M","Claim","The Celtic of FPL","Fri Mar 5, 2021, 9:09PM","27"
"Ashley Westwood","BUR","M","Drop","The Celtic of FPL","Fri Mar 5, 2021, 9:09PM","27"
"Ethan Ampadu","SHU","D","Claim","Never wanted him anyway","Fri Mar 5, 2021, 9:00PM","27"
"Ben White","BHA","D","Drop","Never wanted him anyway","Fri Mar 5, 2021, 9:00PM","27"
"David McGoldrick","SHU","F","Claim","Never wanted him anyway","Fri Mar 5, 2021, 9:00PM","27"
"Willian José","WOL","F","Drop","Never wanted him anyway","Fri Mar 5, 2021, 9:00PM","27"
"Antonio Rudiger","CHE","D","Claim","The Celtic of FPL","Fri Mar 5, 2021, 9:00PM","27"
"Ahmed El Mohamady","AVL","D","Drop","The Celtic of FPL","Fri Mar 5, 2021, 9:00PM","27"
"Kyle Bartley","WBA","D","Claim","Leo Gerard U1s Team","Fri Mar 5, 2021, 9:00PM","27"
"Lewis Dunk","BHA","D","Drop","Leo Gerard U1s Team","Fri Mar 5, 2021, 9:00PM","27"
"Mateusz Klich","LEE","M","Claim","Never wanted him anyway","Fri Mar 5, 2021, 9:00PM","27"
"Miguel Almiron","NEW","M","Drop","Never wanted him anyway","Fri Mar 5, 2021, 9:00PM","27"
"Dean Henderson","MUN","G","Claim","Gerrard's Firm-footed Rangers","Fri Mar 5, 2021, 9:00PM","27"
"David de Gea","MUN","G","Drop","Gerrard's Firm-footed Rangers","Fri Mar 5, 2021, 9:00PM","27"
"Rodri","MCI","M","Claim","Jesse's Last Touch","Fri Mar 5, 2021, 9:00PM","27"
"Ruben Loftus-Cheek","CHE/FUL","M","Drop","Werner's Weiners","Thu Mar 4, 2021, 5:43PM","27"
"Mason Greenwood","MUN","F","Drop","Jesse's Last Touch","Thu Mar 4, 2021, 1:45PM","27"
"Andreas Christensen","CHE","D","Claim","Midtable Merchant","Sun Feb 28, 2021, 11:03AM","26"
"Marcos Alonso","CHE","D","Drop","Midtable Merchant","Sun Feb 28, 2021, 11:03AM","26"
"Mason Greenwood","MUN","F","Claim","Jesse's Last Touch","Sun Feb 28, 2021, 11:01AM","26"
"Jorginho","CHE","M","Drop","Jesse's Last Touch","Sun Feb 28, 2021, 11:01AM","26"
"Jordan Ayew","CRY","F","Claim","Midtable Merchant","Sat Feb 27, 2021, 8:24PM","26"
"Joshua King","BOU/EVE","F","Drop","Midtable Merchant","Sat Feb 27, 2021, 8:24PM","26"
"Anwar El Ghazi","AVL","M","Claim","Leo Gerard U1s Team","Sat Feb 27, 2021, 11:40AM","26"
"Illan Meslier","LEE","G","Drop","Leo Gerard U1s Team","Sat Feb 27, 2021, 11:39AM","26"
"Fred","MUN","M","Claim","The Celtic of FPL","Sat Feb 27, 2021, 6:38AM","26"
"Said Benrahma","WHU","F","Drop","The Celtic of FPL","Sat Feb 27, 2021, 6:38AM","26"
"Ashley Westwood","BUR","M","Claim","The Celtic of FPL","Sat Feb 27, 2021, 6:34AM","26"
"Aymeric Laporte","MCI","D","Drop","The Celtic of FPL","Sat Feb 27, 2021, 6:34AM","26"
"Fernandinho","MCI","D","Claim","The Celtic of FPL","Sat Feb 27, 2021, 6:32AM","26"
"Rodri","MCI","M","Drop","The Celtic of FPL","Sat Feb 27, 2021, 6:32AM","26"
"Ruben Loftus-Cheek","CHE/FUL","M","Claim","Werner's Weiners","Sat Feb 27, 2021, 3:09AM","26"
"Callum Hudson-Odoi","CHE","F","Drop","Werner's Weiners","Sat Feb 27, 2021, 3:09AM","26"
"Ezri Konsa","AVL","D","Claim","Werner's Weiners","Sat Feb 27, 2021, 3:06AM","26"
"Kai Havertz","CHE","M","Drop","Werner's Weiners","Sat Feb 27, 2021, 3:06AM","26"
"Sam Johnstone","WBA","G","Claim","Werner's Weiners","Sat Feb 27, 2021, 3:04AM","26"
"Robert Sanchez","BHA","G","Drop","Werner's Weiners","Sat Feb 27, 2021, 3:04AM","26"
"Hugo Lloris","TOT","G","Claim","Oliver McBurnie's 7.36 FP/G","Fri Feb 26, 2021, 9:00PM","26"
"Kepa","CHE","G","Drop","Oliver McBurnie's 7.36 FP/G","Fri Feb 26, 2021, 9:00PM","26"
"Ahmed El Mohamady","AVL","D","Claim","The Celtic of FPL","Thu Feb 25, 2021, 11:05PM","26"
"Adam Webster","BHA","D","Drop","The Celtic of FPL","Thu Feb 25, 2021, 11:05PM","26"
"Ben White","BHA","D","Claim","Never wanted him anyway","Wed Feb 24, 2021, 9:20PM","26"
"Kurt Zouma","CHE","D","Drop","Never wanted him anyway","Wed Feb 24, 2021, 9:20PM","26"
"Andros Townsend","CRY","M","Claim","The Celtic of FPL","Wed Feb 24, 2021, 9:00PM","26"
"Pascal Struijk","LEE","D","Drop","The Celtic of FPL","Wed Feb 24, 2021, 9:00PM","26"
"Jordan Pickford","EVE","G","Claim","Leo Gerard U1s Team","Wed Feb 24, 2021, 9:00PM","26"
"Ola Aina","FUL","D","Claim","Werner's Weiners","Wed Feb 24, 2021, 9:00PM","26"
"Gareth Bale","TOT","M,F","Claim","Never wanted him anyway","Wed Feb 24, 2021, 9:00PM","26"
"Mason Greenwood","MUN","F","Drop","Never wanted him anyway","Wed Feb 24, 2021, 9:00PM","26"
"Mateusz Klich","LEE","M","Drop","Werner's Weiners","Tue Feb 23, 2021, 7:09PM","26"
"Tammy Abraham","CHE","F","Drop","Leo Gerard U1s Team","Mon Feb 22, 2021, 5:59PM","26"
"N'Golo Kante","CHE","M","Claim","Leo Gerard U1s Team","Sat Feb 20, 2021, 7:10AM","25"
"Kenny Tete","FUL","D","Drop","Leo Gerard U1s Team","Sat Feb 20, 2021, 7:10AM","25"
"Tammy Abraham","CHE","F","Claim","Leo Gerard U1s Team","Sat Feb 20, 2021, 7:04AM","25"
"Ashley Westwood","BUR","M","Drop","Leo Gerard U1s Team","Sat Feb 20, 2021, 7:04AM","25"
"Matthew Lowton","BUR","D","Claim","Never wanted him anyway","Fri Feb 19, 2021, 12:31PM","25"
"Kyle Walker-Peters","SOU","D","Drop","Never wanted him anyway","Fri Feb 19, 2021, 12:31PM","25"
"Lewis Dunk","BHA","D","Claim","Leo Gerard U1s Team","Thu Feb 18, 2021, 9:02PM","25"
"Mbaye Diagne","WBA","F","Claim","Tim's Team","Thu Feb 18, 2021, 9:00PM","25"
"Callum Wilson","NEW","F","Drop","Tim's Team","Thu Feb 18, 2021, 9:00PM","25"
"Josh Maja","SUN/FUL","F","Claim","Tim's Team","Thu Feb 18, 2021, 9:00PM","25"
"Solly March","BHA","M","Drop","Tim's Team","Thu Feb 18, 2021, 9:00PM","25"
"Pascal Struijk","LEE","D","Claim","The Celtic of FPL","Thu Feb 18, 2021, 9:00PM","25"
"Ruben Loftus-Cheek","CHE/FUL","M","Drop","The Celtic of FPL","Thu Feb 18, 2021, 9:00PM","25"
"Joel Veltman","BHA","D","Claim","Oliver McBurnie's 7.36 FP/G","Thu Feb 18, 2021, 9:00PM","25"
"Cédric Soares","ARS","D","Drop","Oliver McBurnie's 7.36 FP/G","Thu Feb 18, 2021, 9:00PM","25"
"Kalvin Phillips","LEE","M","Drop","Leo Gerard U1s Team","Thu Feb 18, 2021, 8:53PM","25"
"Kepa","CHE","G","Claim","Oliver McBurnie's 7.36 FP/G","Mon Feb 15, 2021, 2:15PM","24"
"Edouard Mendy","CHE","G","Drop","Oliver McBurnie's 7.36 FP/G","Mon Feb 15, 2021, 2:15PM","24"
"Ruben Loftus-Cheek","CHE/FUL","M","Claim","The Celtic of FPL","Sun Feb 14, 2021, 1:11PM","24"
"Alex Iwobi","EVE","M","Drop","The Celtic of FPL","Sun Feb 14, 2021, 1:11PM","24"
"Cédric Soares","ARS","D","Claim","Oliver McBurnie's 7.36 FP/G","Sun Feb 14, 2021, 11:02AM","24"
"Rob Holding","ARS","D","Drop","Oliver McBurnie's 7.36 FP/G","Sun Feb 14, 2021, 11:02AM","24"
"Kurt Zouma","CHE","D","Claim","Never wanted him anyway","Sat Feb 13, 2021, 5:19PM","24"
"Yerry Mina","EVE","D","Drop","Never wanted him anyway","Sat Feb 13, 2021, 5:19PM","24"
"Alex Iwobi","EVE","M","Claim","The Celtic of FPL","Sat Feb 13, 2021, 11:50AM","24"
"Kyle Walker","MCI","D","Drop","The Celtic of FPL","Sat Feb 13, 2021, 11:50AM","24"
"Willian José","WOL","F","Claim","Never wanted him anyway","Sat Feb 13, 2021, 9:17AM","24"
"Jean-Philippe Mateta","CRY","F","Drop","Never wanted him anyway","Sat Feb 13, 2021, 9:17AM","24"
"Kyle Walker","MCI","D","Claim","The Celtic of FPL","Sat Feb 13, 2021, 9:05AM","24"
"Andros Townsend","CRY","M","Drop","The Celtic of FPL","Sat Feb 13, 2021, 9:05AM","24"
"Rodri","MCI","M","Claim","The Celtic of FPL","Sat Feb 13, 2021, 9:01AM","24"
"Josh Brownhill","BUR","M","Drop","The Celtic of FPL","Sat Feb 13, 2021, 9:01AM","24"
"Jonny Evans","LEI","D","Claim","Tim's Team","Fri Feb 12, 2021, 10:42AM","24"
"James Justin","LEI","D","Drop","Tim's Team","Fri Feb 12, 2021, 10:42AM","24"
"Timothy Castagne","LEI","D","Claim","Leo Gerard U1s Team","Fri Feb 12, 2021, 10:22AM","24"
"Tariq Lamptey","BHA","D","Drop","Leo Gerard U1s Team","Fri Feb 12, 2021, 10:22AM","24"
"Tariq Lamptey","BHA","D","Claim","Leo Gerard U1s Team","Thu Feb 11, 2021, 11:04PM","24"
"Pascal Struijk","LEE","D","Drop","Leo Gerard U1s Team","Thu Feb 11, 2021, 11:04PM","24"
"Craig Dawson","WAT/WHU","D","Claim","Team I_am_Tim","Thu Feb 11, 2021, 9:51PM","24"
"Tariq Lamptey","BHA","D","Drop","Team I_am_Tim","Thu Feb 11, 2021, 9:51PM","24"
"Joshua King","BOU/EVE","F","Claim","Midtable Merchant","Wed Feb 10, 2021, 7:30PM","24"
"Joel Veltman","BHA","D","Drop","Midtable Merchant","Wed Feb 10, 2021, 7:30PM","24"
"Pascal Struijk","LEE","D","Claim","Leo Gerard U1s Team","Wed Feb 10, 2021, 5:01PM","24"
"Rodri","MCI","M","Drop","Leo Gerard U1s Team","Wed Feb 10, 2021, 4:58PM","24"
"Ashley Westwood","BUR","M","Claim","Leo Gerard U1s Team","Wed Feb 10, 2021, 1:47PM","24"
"Ruben Loftus-Cheek","CHE/FUL","M","Drop","Leo Gerard U1s Team","Wed Feb 10, 2021, 1:47PM","24"
"Josh Brownhill","BUR","M","Claim","The Celtic of FPL","Wed Feb 10, 2021, 12:15PM","24"
"Alexis Mac Allister","BHA","M","Drop","The Celtic of FPL","Wed Feb 10, 2021, 12:15PM","24"
"Nathan Redmond","SOU","M","Claim","Jesse's Last Touch","Tue Feb 9, 2021, 9:43PM","24"
"Jonny Evans","LEI","D","Drop","Jesse's Last Touch","Tue Feb 9, 2021, 9:43PM","24"
"Kyle Walker-Peters","SOU","D","Claim","Never wanted him anyway","Tue Feb 9, 2021, 9:37PM","24"
"Angelo Ogbonna","WHU","D","Drop","Never wanted him anyway","Tue Feb 9, 2021, 9:37PM","24"
"João Moutinho","WOL","M","Claim","Midtable Merchant","Tue Feb 9, 2021, 9:31PM","24"
"Toby Alderweireld","TOT","D","Drop","Midtable Merchant","Tue Feb 9, 2021, 9:31PM","24"
"Joe Willock","ARS/NEW","M","Claim","Midtable Merchant","Tue Feb 9, 2021, 9:30PM","24"
"Ryan Fraser","NEW","M","Drop","Midtable Merchant","Tue Feb 9, 2021, 9:30PM","24"
"Kalvin Phillips","LEE","M","Claim","Werner's Weiners","Tue Feb 9, 2021, 9:21PM","24"
"Lewis Dunk","BHA","D","Drop","Werner's Weiners","Tue Feb 9, 2021, 9:21PM","24"
"Tariq Lamptey","BHA","D","Claim","Team I_am_Tim","Tue Feb 9, 2021, 9:19PM","24"
"Thiago Silva","CHE","D","Drop","Team I_am_Tim","Tue Feb 9, 2021, 9:19PM","24"
"Ruben Loftus-Cheek","CHE/FUL","M","Claim","Leo Gerard U1s Team","Tue Feb 9, 2021, 9:03PM","24"
"Joachim Andersen","FUL","D","Claim","Leo Gerard U1s Team","Tue Feb 9, 2021, 9:01PM","24"
"Dan Burn","BHA","D","Drop","Leo Gerard U1s Team","Tue Feb 9, 2021, 9:01PM","24"
"Joelinton","NEW","F","Claim","Tim's Team","Tue Feb 9, 2021, 9:00PM","24"
"Kurt Zouma","CHE","D","Drop","Tim's Team","Tue Feb 9, 2021, 9:00PM","24"
"Andros Townsend","CRY","M","Claim","The Celtic of FPL","Tue Feb 9, 2021, 9:00PM","24"
"Marc Albrighton","LEI","M","Drop","The Celtic of FPL","Tue Feb 9, 2021, 9:00PM","24"
"Solly March","BHA","M","Claim","Tim's Team","Tue Feb 9, 2021, 9:00PM","24"
"N'Golo Kante","CHE","M","Drop","Tim's Team","Tue Feb 9, 2021, 9:00PM","24"
"Rodri","MCI","M","Claim","Leo Gerard U1s Team","Tue Feb 9, 2021, 9:00PM","24"
"Harrison Reed","FUL","M","Claim","Werner's Weiners","Tue Feb 9, 2021, 9:00PM","24"
"Serge Aurier","TOT","D","Claim","The Celtic of FPL","Tue Feb 9, 2021, 9:00PM","24"
"Wesley Fofana","LEI","D","Drop","The Celtic of FPL","Tue Feb 9, 2021, 9:00PM","24"
"John Stones","MCI","D","Claim","Never wanted him anyway","Tue Feb 9, 2021, 9:00PM","24"
"Jan Bednarek","SOU","D","Drop","Never wanted him anyway","Tue Feb 9, 2021, 9:00PM","24"
"Scott McTominay","MUN","M","Claim","Gerrard's Firm-footed Rangers","Tue Feb 9, 2021, 9:00PM","24"
"Tammy Abraham","CHE","F","Drop","Gerrard's Firm-footed Rangers","Tue Feb 9, 2021, 9:00PM","24"
"Kasper Schmeichel","LEI","G","Claim","Tim's Team","Tue Feb 9, 2021, 9:00PM","24"
"Hugo Lloris","TOT","G","Drop","Tim's Team","Tue Feb 9, 2021, 9:00PM","24"
"Willian José","WOL","F","Drop","Leo Gerard U1s Team","Mon Feb 8, 2021, 7:24PM","24"
"Jean-Philippe Mateta","CRY","F","Claim","Never wanted him anyway","Mon Feb 8, 2021, 2:22PM","23"
"Andros Townsend","CRY","M","Drop","Never wanted him anyway","Mon Feb 8, 2021, 2:22PM","23"
"Antonio Rudiger","CHE","D","Drop","Leo Gerard U1s Team","Mon Feb 8, 2021, 9:32AM","24"
"Jonjo Shelvey","NEW","M","Drop","Werner's Weiners","Sun Feb 7, 2021, 10:09PM","24"
"Marc Albrighton","LEI","M","Claim","The Celtic of FPL","Sat Feb 6, 2021, 2:19PM","23"
"Fred","MUN","M","Drop","The Celtic of FPL","Sat Feb 6, 2021, 2:19PM","23"
"Dan Burn","BHA","D","Claim","Leo Gerard U1s Team","Sat Feb 6, 2021, 9:38AM","23"
"John Stones","MCI","D","Drop","Leo Gerard U1s Team","Sat Feb 6, 2021, 9:38AM","23"
"Hugo Lloris","TOT","G","Claim","Tim's Team","Sat Feb 6, 2021, 7:27AM","23"
"Bernd Leno","ARS","G","Drop","Tim's Team","Sat Feb 6, 2021, 7:27AM","23"
"Yves Bissouma","BHA","M","Claim","Werner's Weiners","Sat Feb 6, 2021, 4:34AM","23"
"Anwar El Ghazi","AVL","M","Drop","Werner's Weiners","Sat Feb 6, 2021, 4:27AM","23"
"Lewis Dunk","BHA","D","Claim","Werner's Weiners","Sat Feb 6, 2021, 4:22AM","23"
"Robert Sanchez","BHA","G","Claim","Werner's Weiners","Sat Feb 6, 2021, 4:13AM","23"
"Kasper Schmeichel","LEI","G","Drop","Werner's Weiners","Sat Feb 6, 2021, 4:13AM","23"
"Angelo Ogbonna","WHU","D","Claim","Never wanted him anyway","Sat Feb 6, 2021, 2:07AM","23"
"Darnell Furlong","WBA","D","Drop","Never wanted him anyway","Sat Feb 6, 2021, 2:07AM","23"
"Ryan Fraser","NEW","M","Claim","Midtable Merchant","Fri Feb 5, 2021, 10:40PM","23"
"Rodrigo","LEE","F","Drop","Midtable Merchant","Fri Feb 5, 2021, 10:40PM","23"
"Joel Veltman","BHA","D","Claim","Midtable Merchant","Fri Feb 5, 2021, 10:38PM","23"
"Solly March","BHA","M","Drop","Midtable Merchant","Fri Feb 5, 2021, 10:38PM","23"
"Fred","MUN","M","Claim","The Celtic of FPL","Fri Feb 5, 2021, 9:42PM","23"
"Nathaniel Phillips","LIV","D","Drop","The Celtic of FPL","Fri Feb 5, 2021, 9:42PM","23"
"Alexis Mac Allister","BHA","M","Claim","The Celtic of FPL","Fri Feb 5, 2021, 9:38PM","23"
"Kalvin Phillips","LEE","M","Drop","The Celtic of FPL","Fri Feb 5, 2021, 9:38PM","23"
"Dele Alli","TOT","M","Claim","Jesse's Last Touch","Fri Feb 5, 2021, 9:00PM","23"
"Serge Aurier","TOT","D","Drop","Jesse's Last Touch","Fri Feb 5, 2021, 9:00PM","23"
"Jorginho","CHE","M","Claim","Jesse's Last Touch","Fri Feb 5, 2021, 9:00PM","23"
"Aleksandar Mitrovic","FUL","F","Drop","Jesse's Last Touch","Fri Feb 5, 2021, 9:00PM","23"
"Antonio Rudiger","CHE","D","Claim","Leo Gerard U1s Team","Fri Feb 5, 2021, 9:00PM","23"
"Jonjo Shelvey","NEW","M","Claim","Werner's Weiners","Fri Feb 5, 2021, 9:00PM","23"
"Aymeric Laporte","MCI","D","Claim","The Celtic of FPL","Fri Feb 5, 2021, 9:00PM","23"
"Willy Boly","WOL","D","Drop","The Celtic of FPL","Fri Feb 5, 2021, 9:00PM","23"
"Andros Townsend","CRY","M","Claim","Never wanted him anyway","Fri Feb 5, 2021, 9:00PM","23"
"Gareth Bale","TOT","M,F","Drop","Never wanted him anyway","Fri Feb 5, 2021, 9:00PM","23"
"Ayoze Perez","LEI","M","Drop","Werner's Weiners","Thu Feb 4, 2021, 7:23PM","23"
"Serge Aurier","TOT","D","Claim","Jesse's Last Touch","Thu Feb 4, 2021, 2:07PM","22"
"Olivier Giroud","CHE","F","Drop","Jesse's Last Touch","Thu Feb 4, 2021, 2:07PM","22"
"Xherdan Shaqiri","LIV","M","Drop","Werner's Weiners","Wed Feb 3, 2021, 5:29PM","23"
"Xherdan Shaqiri","LIV","M","Claim","Werner's Weiners","Wed Feb 3, 2021, 2:22PM","22"
"Dele Alli","TOT","M","Drop","Werner's Weiners","Wed Feb 3, 2021, 2:22PM","22"
"Nathaniel Phillips","LIV","D","Claim","The Celtic of FPL","Wed Feb 3, 2021, 2:19PM","22"
"Joel Veltman","BHA","D","Drop","The Celtic of FPL","Wed Feb 3, 2021, 2:19PM","22"
"Gylfi Sigurdsson","EVE","M","Claim","Tim's Team","Wed Feb 3, 2021, 2:14PM","22"
"Trézéguet","AVL","M","Drop","Tim's Team","Wed Feb 3, 2021, 2:14PM","22"
"Aleksandar Mitrovic","FUL","F","Claim","Jesse's Last Touch","Wed Feb 3, 2021, 12:22PM","22"
"Ivan Cavaleiro","FUL","F","Drop","Jesse's Last Touch","Wed Feb 3, 2021, 12:11PM","22"
"Adam Webster","BHA","D","Claim","The Celtic of FPL","Wed Feb 3, 2021, 12:06PM","22"
"Marc Albrighton","LEI","M","Drop","The Celtic of FPL","Wed Feb 3, 2021, 12:06PM","22"
"Dele Alli","TOT","M","Claim","Werner's Weiners","Wed Feb 3, 2021, 10:17AM","22"
"Mbaye Diagne","WBA","F","Drop","Leo Gerard U1s Team","Wed Feb 3, 2021, 10:10AM","23"
"Mason Greenwood","MUN","F","Claim","Never wanted him anyway","Tue Feb 2, 2021, 2:37PM","22"
"Jean-Philippe Mateta","CRY","F","Drop","Never wanted him anyway","Tue Feb 2, 2021, 2:37PM","22"
"Andros Townsend","CRY","M","Drop","Werner's Weiners","Tue Feb 2, 2021, 2:30PM","22"
"Vicente Guaita","CRY","G","Claim","Never wanted him anyway","Tue Feb 2, 2021, 12:09PM","22"
"Hugo Lloris","TOT","G","Drop","Never wanted him anyway","Tue Feb 2, 2021, 12:09PM","22"
"Willian José","WOL","F","Claim","Leo Gerard U1s Team","Tue Feb 2, 2021, 6:50AM","22"
"Kyle Walker","MCI","D","Drop","Leo Gerard U1s Team","Tue Feb 2, 2021, 6:50AM","22"
"John Stones","MCI","D","Claim","Leo Gerard U1s Team","Mon Feb 1, 2021, 9:12PM","22"
"Adam Webster","BHA","D","Drop","Leo Gerard U1s Team","Mon Feb 1, 2021, 9:12PM","22"
"Adam Webster","BHA","D","Claim","Leo Gerard U1s Team","Mon Feb 1, 2021, 9:03PM","22"
"Miguel Almiron","NEW","M","Claim","Never wanted him anyway","Mon Feb 1, 2021, 9:02PM","22"
"Timothy Castagne","LEI","D","Drop","Never wanted him anyway","Mon Feb 1, 2021, 9:02PM","22"
"Ivan Cavaleiro","FUL","F","Claim","Jesse's Last Touch","Mon Feb 1, 2021, 9:00PM","22"
"Nicolas Pepe","ARS","F","Claim","Jesse's Last Touch","Mon Feb 1, 2021, 9:00PM","22"
"Marcos Alonso","CHE","D","Claim","Midtable Merchant","Mon Feb 1, 2021, 9:00PM","22"
"Theo Walcott","EVE/SOU","M","Drop","Midtable Merchant","Mon Feb 1, 2021, 9:00PM","22"
"Mbaye Diagne","WBA","F","Claim","Leo Gerard U1s Team","Mon Feb 1, 2021, 9:00PM","22"
"Takumi Minamino","LIV/SOU","F","Claim","Team I_am_Tim","Mon Feb 1, 2021, 9:00PM","22"
"Alex Iwobi","EVE","M","Drop","Team I_am_Tim","Mon Feb 1, 2021, 9:00PM","22"
"Leandro Trossard","BHA","M","Claim","Oliver McBurnie's 7.36 FP/G","Mon Feb 1, 2021, 9:00PM","22"
"Ben Davies","TOT","D","Drop","Oliver McBurnie's 7.36 FP/G","Mon Feb 1, 2021, 9:00PM","22"
"Ayoze Perez","LEI","M","Claim","Werner's Weiners","Mon Feb 1, 2021, 9:00PM","22"
"Jonjo Shelvey","NEW","M","Drop","Werner's Weiners","Mon Feb 1, 2021, 9:00PM","22"
"Alex Telles","MUN","D","Drop","Jesse's Last Touch","Mon Feb 1, 2021, 7:41PM","22"
"Aymeric Laporte","MCI","D","Drop","Jesse's Last Touch","Mon Feb 1, 2021, 7:41PM","22"
"Willian José","WOL","F","Drop","Leo Gerard U1s Team","Sun Jan 31, 2021, 5:07PM","22"
"Antonio Rudiger","CHE","D","Drop","Leo Gerard U1s Team","Sun Jan 31, 2021, 4:33PM","22"
"Ben Davies","TOT","D","Claim","Oliver McBurnie's 7.36 FP/G","Sun Jan 31, 2021, 1:33PM","21"
"Serge Aurier","TOT","D","Drop","Oliver McBurnie's 7.36 FP/G","Sun Jan 31, 2021, 1:33PM","21"
"Tosin Adarabioyo","MCI/FUL","D","Claim","Werner's Weiners","Sat Jan 30, 2021, 9:34AM","21"
"Adam Webster","BHA","D","Drop","Werner's Weiners","Sat Jan 30, 2021, 9:34AM","21"
"Antonio Rudiger","CHE","D","Claim","Leo Gerard U1s Team","Sat Jan 30, 2021, 9:28AM","21"
"Leandro Trossard","BHA","M","Drop","Leo Gerard U1s Team","Sat Jan 30, 2021, 9:23AM","21"
"Aymeric Laporte","MCI","D","Claim","Jesse's Last Touch","Sat Jan 30, 2021, 9:11AM","21"
"Kyle Walker","MCI","D","Claim","Leo Gerard U1s Team","Sat Jan 30, 2021, 9:10AM","21"
"John Stones","MCI","D","Drop","Leo Gerard U1s Team","Sat Jan 30, 2021, 9:10AM","21"
"Toby Alderweireld","TOT","D","Claim","Midtable Merchant","Fri Jan 29, 2021, 9:51PM","21"
"Craig Dawson","WAT/WHU","D","Drop","Midtable Merchant","Fri Jan 29, 2021, 9:51PM","21"
"Thiago Silva","CHE","D","Claim","Team I_am_Tim","Fri Jan 29, 2021, 9:49PM","21"
"Ivan Cavaleiro","FUL","F","Drop","Team I_am_Tim","Fri Jan 29, 2021, 9:49PM","21"
"Jonjo Shelvey","NEW","M","Claim","Werner's Weiners","Fri Jan 29, 2021, 9:01PM","21"
"Joel Veltman","BHA","D","Claim","The Celtic of FPL","Fri Jan 29, 2021, 9:00PM","21"
"Joel Matip","LIV","D","Drop","The Celtic of FPL","Fri Jan 29, 2021, 9:00PM","21"
"Mateo Kovacic","CHE","M","Claim","Gerrard's Firm-footed Rangers","Fri Jan 29, 2021, 9:00PM","21"
"Josh Brownhill","BUR","M","Drop","Gerrard's Firm-footed Rangers","Fri Jan 29, 2021, 9:00PM","21"
"Cesar Azpilicueta","CHE","D","Claim","Jesse's Last Touch","Fri Jan 29, 2021, 9:00PM","21"
"Yerry Mina","EVE","D","Claim","Never wanted him anyway","Fri Jan 29, 2021, 9:00PM","21"
"Miguel Almiron","NEW","M","Drop","Never wanted him anyway","Fri Jan 29, 2021, 9:00PM","21"
"Said Benrahma","WHU","F","Claim","The Celtic of FPL","Fri Jan 29, 2021, 9:00PM","21"
"Mason Greenwood","MUN","F","Drop","The Celtic of FPL","Fri Jan 29, 2021, 9:00PM","21"
"Steven Bergwijn","TOT","F","Claim","Gerrard's Firm-footed Rangers","Fri Jan 29, 2021, 9:00PM","21"
"Kyle Walker-Peters","SOU","D","Drop","Gerrard's Firm-footed Rangers","Fri Jan 29, 2021, 9:00PM","21"
"Martin Odegaard","ARS","M","Claim","Midtable Merchant","Fri Jan 29, 2021, 9:00PM","21"
"Robert Snodgrass","WHU/WBA","M","Drop","Midtable Merchant","Fri Jan 29, 2021, 9:00PM","21"
"Ayoze Perez","LEI","M","Drop","Jesse's Last Touch","Fri Jan 29, 2021, 8:57PM","21"
"Rodri","MCI","M","Drop","Jesse's Last Touch","Fri Jan 29, 2021, 8:47PM","21"
"Angelo Ogbonna","WHU","D","Drop","Werner's Weiners","Thu Jan 28, 2021, 5:08PM","21"
"Alex Telles","MUN","D","Claim","Jesse's Last Touch","Wed Jan 27, 2021, 2:22PM","20"
"Victor Lindelof","MUN","D","Drop","Jesse's Last Touch","Wed Jan 27, 2021, 2:22PM","20"
"Miguel Almiron","NEW","M","Claim","Never wanted him anyway","Tue Jan 26, 2021, 12:05PM","20"
"Dani Ceballos","ARS","M","Drop","Never wanted him anyway","Tue Jan 26, 2021, 12:05PM","20"
"Callum Hudson-Odoi","CHE","F","Claim","Werner's Weiners","Mon Jan 25, 2021, 11:32AM","20"
"Illan Meslier","LEE","G","Claim","Leo Gerard U1s Team","Mon Jan 25, 2021, 7:13AM","20"
"Lukasz Fabianski","WHU","G","Drop","Leo Gerard U1s Team","Mon Jan 25, 2021, 7:13AM","20"
"Bernd Leno","ARS","G","Claim","Tim's Team","Mon Jan 25, 2021, 6:52AM","20"
"Karl Darlow","NEW","G","Drop","Tim's Team","Mon Jan 25, 2021, 6:52AM","20"
"Neal Maupay","BHA","F","Claim","Midtable Merchant","Sun Jan 24, 2021, 10:28PM","20"
"Jesse Lingard","MUN/WHU","M","Claim","Midtable Merchant","Sun Jan 24, 2021, 10:27PM","20"
"Kai Havertz","CHE","M","Claim","Werner's Weiners","Sun Jan 24, 2021, 9:45PM","20"
"Mason Greenwood","MUN","F","Claim","The Celtic of FPL","Sun Jan 24, 2021, 9:01PM","20"
"Kyle Walker","MCI","D","Drop","The Celtic of FPL","Sun Jan 24, 2021, 9:01PM","20"
"Willian José","WOL","F","Claim","Leo Gerard U1s Team","Sun Jan 24, 2021, 9:01PM","20"
"Said Benrahma","WHU","F","Drop","Leo Gerard U1s Team","Sun Jan 24, 2021, 9:01PM","20"
"Rodri","MCI","M","Claim","Jesse's Last Touch","Sun Jan 24, 2021, 9:00PM","20"
"Jean-Philippe Mateta","CRY","F","Claim","Never wanted him anyway","Sun Jan 24, 2021, 9:00PM","20"
"Tariq Lamptey","BHA","D","Drop","Never wanted him anyway","Sun Jan 24, 2021, 9:00PM","20"
"Jannik Vestergaard","SOU","D","Claim","The Celtic of FPL","Sun Jan 24, 2021, 9:00PM","20"
"Romain Saiss","WOL","D","Drop","The Celtic of FPL","Sun Jan 24, 2021, 9:00PM","20"
"Ayoze Perez","LEI","M","Claim","Jesse's Last Touch","Sun Jan 24, 2021, 9:00PM","20"
"Pablo Fornals","WHU","M","Drop","Werner's Weiners","Sat Jan 23, 2021, 6:32PM","20"
"Douglas Luiz","AVL","M","Drop","Werner's Weiners","Sat Jan 23, 2021, 6:32PM","20"
"Jayden Bogle","SHU","D","Drop","Jesse's Last Touch","Fri Jan 22, 2021, 9:53AM","20"
"James McArthur","CRY","M","Drop","Jesse's Last Touch","Fri Jan 22, 2021, 9:52AM","20"
"Kai Havertz","CHE","M","Drop","Midtable Merchant","Fri Jan 22, 2021, 7:59AM","20"
"Jordan Henderson","LIV","M","Drop","Midtable Merchant","Fri Jan 22, 2021, 7:59AM","20"
"James McArthur","CRY","M","Claim","Jesse's Last Touch","Sun Jan 17, 2021, 1:51PM","19"
"Bernd Leno","ARS","G","Drop","Jesse's Last Touch","Sun Jan 17, 2021, 1:51PM","19"
"Victor Lindelof","MUN","D","Claim","Jesse's Last Touch","Sun Jan 17, 2021, 10:31AM","19"
"Eric Bailly","MUN","D","Drop","Jesse's Last Touch","Sun Jan 17, 2021, 10:31AM","19"
"Kasper Schmeichel","LEI","G","Claim","Werner's Weiners","Sat Jan 16, 2021, 11:57AM","19"
"Alisson","LIV","G","Drop","Werner's Weiners","Sat Jan 16, 2021, 11:57AM","19"
"Said Benrahma","WHU","F","Claim","Leo Gerard U1s Team","Sat Jan 16, 2021, 9:39AM","19"
"Jannik Vestergaard","SOU","D","Drop","Leo Gerard U1s Team","Sat Jan 16, 2021, 9:39AM","19"
"Pablo Fornals","WHU","M","Claim","Werner's Weiners","Sat Jan 16, 2021, 9:27AM","19"
"Rodri","MCI","M","Drop","Werner's Weiners","Sat Jan 16, 2021, 9:27AM","19"
"Pascal Gross","BHA","M","Claim","Team I_am_Tim","Sat Jan 16, 2021, 9:09AM","19"
"Douglas Luiz","AVL","M","Claim","Werner's Weiners","Fri Jan 15, 2021, 1:03PM","19"
"Craig Dawson","WAT/WHU","D","Claim","Midtable Merchant","Fri Jan 15, 2021, 9:55AM","19"
"Neal Maupay","BHA","F","Drop","Midtable Merchant","Fri Jan 15, 2021, 9:55AM","19"
"Jordan Henderson","LIV","M","Claim","Midtable Merchant","Fri Jan 15, 2021, 8:56AM","19"
"Gylfi Sigurdsson","EVE","M","Drop","Midtable Merchant","Fri Jan 15, 2021, 8:56AM","19"
"Neal Maupay","BHA","F","Claim","Midtable Merchant","Thu Jan 14, 2021, 9:16PM","19"
"DeAndre Yedlin","NEW","D","Drop","Midtable Merchant","Thu Jan 14, 2021, 9:16PM","19"
"Gylfi Sigurdsson","EVE","M","Claim","Midtable Merchant","Thu Jan 14, 2021, 9:10PM","19"
"Willian","ARS","F","Drop","Midtable Merchant","Thu Jan 14, 2021, 9:10PM","19"
"Angelo Ogbonna","WHU","D","Claim","Werner's Weiners","Thu Jan 14, 2021, 9:09PM","19"
"Alisson","LIV","G","Claim","Werner's Weiners","Thu Jan 14, 2021, 9:08PM","19"
"Aaron Ramsdale","SHU","G","Drop","Werner's Weiners","Thu Jan 14, 2021, 9:08PM","19"
"Marc Albrighton","LEI","M","Claim","The Celtic of FPL","Thu Jan 14, 2021, 9:03PM","19"
"Ciaran Clark","NEW","D","Drop","The Celtic of FPL","Thu Jan 14, 2021, 9:03PM","19"
"Tammy Abraham","CHE","F","Claim","Gerrard's Firm-footed Rangers","Thu Jan 14, 2021, 9:00PM","19"
"Lukasz Fabianski","WHU","G","Claim","Leo Gerard U1s Team","Thu Jan 14, 2021, 9:00PM","19"
"Illan Meslier","LEE","G","Drop","Leo Gerard U1s Team","Thu Jan 14, 2021, 9:00PM","19"
"Darnell Furlong","WBA","D","Claim","Never wanted him anyway","Thu Jan 14, 2021, 9:00PM","19"
"Yerry Mina","EVE","D","Drop","Never wanted him anyway","Thu Jan 14, 2021, 9:00PM","19"
"Kenny Tete","FUL","D","Claim","Leo Gerard U1s Team","Thu Jan 14, 2021, 9:00PM","19"
"Joel Matip","LIV","D","Claim","The Celtic of FPL","Thu Jan 14, 2021, 9:00PM","19"
"Dwight McNeil","BUR","M","Claim","Never wanted him anyway","Thu Jan 14, 2021, 9:00PM","19"
"Chris Wood","BUR","F","Drop","Never wanted him anyway","Thu Jan 14, 2021, 9:00PM","19"
"Youri Tielemans","LEI","M","Claim","Leo Gerard U1s Team","Thu Jan 14, 2021, 9:00PM","19"
"Gylfi Sigurdsson","EVE","M","Drop","Leo Gerard U1s Team","Thu Jan 14, 2021, 8:42PM","19"
"Mason Holgate","EVE","D","Drop","The Celtic of FPL","Thu Jan 14, 2021, 8:28PM","19"
"Ashley Westwood","BUR","M","Drop","Werner's Weiners","Thu Jan 14, 2021, 7:03PM","19"
"João Moutinho","WOL","M","Drop","Werner's Weiners","Thu Jan 14, 2021, 7:03PM","19"
"Davinson Sanchez","TOT","D","Drop","Team I_am_Tim","Thu Jan 14, 2021, 3:03PM","19"
"Federico Fernandez","NEW","D","Drop","Leo Gerard U1s Team","Wed Jan 13, 2021, 2:39PM","19"
"Ivan Cavaleiro","FUL","F","Claim","Team I_am_Tim","Wed Jan 13, 2021, 2:22PM","18"
"Conor Gallagher","CHE/WBA","M","Drop","Team I_am_Tim","Wed Jan 13, 2021, 2:22PM","18"
"Davinson Sanchez","TOT","D","Claim","Team I_am_Tim","Wed Jan 13, 2021, 2:20PM","18"
"Toby Alderweireld","TOT","D","Drop","Team I_am_Tim","Wed Jan 13, 2021, 2:20PM","18"
"Rodri","MCI","M","Claim","Werner's Weiners","Wed Jan 13, 2021, 12:10PM","18"
"Jack Stephens","SOU","D","Drop","Werner's Weiners","Wed Jan 13, 2021, 12:10PM","18"
"Oleksandr Zinchenko","MCI","D","Claim","Team I_am_Tim","Wed Jan 13, 2021, 12:02PM","18"
"Pascal Gross","BHA","M","Drop","Team I_am_Tim","Wed Jan 13, 2021, 12:02PM","18"
"João Moutinho","WOL","M","Claim","Werner's Weiners","Tue Jan 12, 2021, 2:58PM","18"
"Alex Telles","MUN","D","Drop","Werner's Weiners","Tue Jan 12, 2021, 2:41PM","18"
"Ashley Westwood","BUR","M","Claim","Werner's Weiners","Tue Jan 12, 2021, 2:40PM","18"
"Ryan Fraser","NEW","M","Drop","Gerrard's Firm-footed Rangers","Tue Jan 12, 2021, 2:22PM","19"
"Eric Bailly","MUN","D","Claim","Jesse's Last Touch","Tue Jan 12, 2021, 2:17PM","18"
"Youri Tielemans","LEI","M","Drop","Jesse's Last Touch","Tue Jan 12, 2021, 2:17PM","18"
"DeAndre Yedlin","NEW","D","Claim","Midtable Merchant","Tue Jan 12, 2021, 12:16PM","18"
"Mason Greenwood","MUN","F","Drop","Midtable Merchant","Tue Jan 12, 2021, 12:16PM","18"
"Jayden Bogle","SHU","D","Claim","Jesse's Last Touch","Tue Jan 12, 2021, 12:11PM","18"
"Ezgjan Alioski","LEE","M","Drop","Jesse's Last Touch","Tue Jan 12, 2021, 12:11PM","18"
"Ryan Fraser","NEW","M","Claim","Gerrard's Firm-footed Rangers","Tue Jan 12, 2021, 12:10PM","18"
"Neal Maupay","BHA","F","Drop","Gerrard's Firm-footed Rangers","Tue Jan 12, 2021, 12:10PM","18"
"Neal Maupay","BHA","F","Claim","Gerrard's Firm-footed Rangers","Thu Jan 7, 2021, 1:31PM","18"
"Sebastien Haller","WHU","F","Drop","Gerrard's Firm-footed Rangers","Thu Jan 7, 2021, 1:31PM","18"
"Alex Telles","MUN","D","Claim","Werner's Weiners","Thu Jan 7, 2021, 1:22PM","18"
"Robert Snodgrass","WHU/WBA","M","Claim","Midtable Merchant","Thu Jan 7, 2021, 9:46AM","18"
"Alex Telles","MUN","D","Drop","Midtable Merchant","Thu Jan 7, 2021, 9:46AM","18"
"David de Gea","MUN","G","Claim","Gerrard's Firm-footed Rangers","Wed Jan 6, 2021, 8:18PM","18"
"Kasper Schmeichel","LEI","G","Drop","Gerrard's Firm-footed Rangers","Wed Jan 6, 2021, 8:18PM","18"
"Edouard Mendy","CHE","G","Claim","Oliver McBurnie's 7.36 FP/G","Tue Jan 5, 2021, 10:21PM","18"
"Rui Patrício","WOL","G","Drop","Oliver McBurnie's 7.36 FP/G","Tue Jan 5, 2021, 10:21PM","18"
"Toby Alderweireld","TOT","D","Claim","Team I_am_Tim","Tue Jan 5, 2021, 9:57PM","18"
"Pascal Gross","BHA","M","Claim","Team I_am_Tim","Tue Jan 5, 2021, 9:55PM","18"
"Alex Telles","MUN","D","Claim","Midtable Merchant","Tue Jan 5, 2021, 9:44PM","18"
"Cesar Azpilicueta","CHE","D","Drop","Midtable Merchant","Tue Jan 5, 2021, 9:44PM","18"
"Mason Greenwood","MUN","F","Claim","Midtable Merchant","Tue Jan 5, 2021, 9:38PM","18"
"Willian","ARS","F","Claim","Midtable Merchant","Tue Jan 5, 2021, 9:38PM","18"
"Federico Fernandez","NEW","D","Claim","Leo Gerard U1s Team","Tue Jan 5, 2021, 9:08PM","18"
"Granit Xhaka","ARS","M","Drop","Leo Gerard U1s Team","Tue Jan 5, 2021, 9:06PM","18"
"John Stones","MCI","D","Claim","Leo Gerard U1s Team","Tue Jan 5, 2021, 9:02PM","18"
"Granit Xhaka","ARS","M","Claim","Leo Gerard U1s Team","Tue Jan 5, 2021, 9:02PM","18"
"Ciaran Clark","NEW","D","Claim","The Celtic of FPL","Tue Jan 5, 2021, 9:00PM","18"
"Darnell Furlong","WBA","D","Drop","The Celtic of FPL","Tue Jan 5, 2021, 9:00PM","18"
"Kyle Walker","MCI","D","Claim","The Celtic of FPL","Tue Jan 5, 2021, 9:00PM","18"
"Dani Ceballos","ARS","M","Claim","Never wanted him anyway","Tue Jan 5, 2021, 9:00PM","18"
"Yves Bissouma","BHA","M","Drop","Never wanted him anyway","Tue Jan 5, 2021, 9:00PM","18"
"Mason Holgate","EVE","D","Claim","The Celtic of FPL","Tue Jan 5, 2021, 9:00PM","18"
"Marc Albrighton","LEI","M","Drop","The Celtic of FPL","Tue Jan 5, 2021, 7:03PM","18"
"Nathaniel Phillips","LIV","D","Drop","The Celtic of FPL","Tue Jan 5, 2021, 7:01PM","18"
"Bernard","EVE","M","Drop","Midtable Merchant","Mon Jan 4, 2021, 9:02PM","18"
"Dele Alli","TOT","M","Drop","Midtable Merchant","Mon Jan 4, 2021, 9:01PM","18"
"Alex Oxlade-Chamberlain","LIV","M","Drop","Werner's Weiners","Mon Jan 4, 2021, 5:13PM","18"
"Scott McTominay","MUN","M","Drop","Team I_am_Tim","Mon Jan 4, 2021, 5:05PM","18"
"Alisson","LIV","G","Drop","Team I_am_Tim","Mon Jan 4, 2021, 4:59PM","18"
"Alex Oxlade-Chamberlain","LIV","M","Claim","Werner's Weiners","Mon Jan 4, 2021, 2:58PM","17"
"Rhys Williams","LIV","D","Drop","Werner's Weiners","Mon Jan 4, 2021, 2:03PM","17"
"Ayoze Perez","LEI","M","Drop","Werner's Weiners","Sun Jan 3, 2021, 7:10PM","18"
"Tammy Abraham","CHE","F","Drop","Leo Gerard U1s Team","Sun Jan 3, 2021, 2:07PM","18"
"Said Benrahma","WHU","F","Drop","Leo Gerard U1s Team","Sun Jan 3, 2021, 2:07PM","18"
"Cesar Azpilicueta","CHE","D","Claim","Midtable Merchant","Sun Jan 3, 2021, 11:18AM","17"
"Thiago Silva","CHE","D","Drop","Midtable Merchant","Sun Jan 3, 2021, 11:18AM","17"
"Marc Albrighton","LEI","M","Claim","The Celtic of FPL","Sun Jan 3, 2021, 9:04AM","17"
"Matt Ritchie","NEW","M","Drop","The Celtic of FPL","Sun Jan 3, 2021, 9:04AM","17"
"Matt Ritchie","NEW","M","Claim","The Celtic of FPL","Sat Jan 2, 2021, 12:53PM","17"
"Dwight McNeil","BUR","M","Drop","The Celtic of FPL","Sat Jan 2, 2021, 12:53PM","17"
"Rob Holding","ARS","D","Claim","Oliver McBurnie's 7.36 FP/G","Sat Jan 2, 2021, 11:31AM","17"
"Pascal Gross","BHA","M","Drop","Oliver McBurnie's 7.36 FP/G","Sat Jan 2, 2021, 11:31AM","17"
"Adam Webster","BHA","D","Claim","Werner's Weiners","Sat Jan 2, 2021, 9:44AM","17"
"Aaron Ramsdale","SHU","G","Claim","Werner's Weiners","Sat Jan 2, 2021, 9:43AM","17"
"Vicente Guaita","CRY","G","Drop","Werner's Weiners","Sat Jan 2, 2021, 9:43AM","17"
"Alisson","LIV","G","Claim","Team I_am_Tim","Sat Jan 2, 2021, 7:46AM","17"
"Jacob Murphy","NEW","M","Drop","Team I_am_Tim","Sat Jan 2, 2021, 7:46AM","17"
"Tanguy Ndombele","TOT","M","Claim","Team I_am_Tim","Sat Jan 2, 2021, 7:25AM","17"
"Willian","ARS","F","Drop","Team I_am_Tim","Sat Jan 2, 2021, 7:25AM","17"
"Dele Alli","TOT","M","Claim","Midtable Merchant","Fri Jan 1, 2021, 7:52PM","17"
"Ivan Cavaleiro","FUL","F","Drop","Midtable Merchant","Fri Jan 1, 2021, 7:52PM","17"
"Rhys Williams","LIV","D","Claim","Werner's Weiners","Fri Jan 1, 2021, 5:03PM","17"
"Scott McTominay","MUN","M","Claim","Team I_am_Tim","Fri Jan 1, 2021, 2:38PM","17"
"Kyle Walker","MCI","D","Drop","Team I_am_Tim","Fri Jan 1, 2021, 2:38PM","17"
"Kortney Hause","AVL","D","Drop","Werner's Weiners","Fri Jan 1, 2021, 2:24PM","17"
"Vicente Guaita","CRY","G","Claim","Werner's Weiners","Fri Jan 1, 2021, 12:27PM","17"
"Lukasz Fabianski","WHU","G","Drop","Werner's Weiners","Fri Jan 1, 2021, 12:27PM","17"
"Said Benrahma","WHU","F","Claim","Leo Gerard U1s Team","Fri Jan 1, 2021, 12:24PM","17"
"Christian Benteke","CRY","F","Drop","Leo Gerard U1s Team","Fri Jan 1, 2021, 12:24PM","17"
"Bernard","EVE","M","Claim","Midtable Merchant","Fri Jan 1, 2021, 12:11PM","17"
"Mason Greenwood","MUN","F","Drop","Midtable Merchant","Fri Jan 1, 2021, 12:11PM","17"
"Youri Tielemans","LEI","M","Claim","Jesse's Last Touch","Fri Jan 1, 2021, 10:41AM","17"
"Marc Albrighton","LEI","M","Drop","Jesse's Last Touch","Fri Jan 1, 2021, 10:41AM","17"
"Bernd Leno","ARS","G","Claim","Jesse's Last Touch","Fri Jan 1, 2021, 10:20AM","17"
"Danny Welbeck","WAT/BHA","F","Drop","Jesse's Last Touch","Fri Jan 1, 2021, 10:20AM","17"
"Thiago Silva","CHE","D","Claim","Midtable Merchant","Fri Jan 1, 2021, 12:15AM","17"
"Charlie Taylor","BUR","D","Drop","Midtable Merchant","Fri Jan 1, 2021, 12:15AM","17"
"Hugo Lloris","TOT","G","Claim","Never wanted him anyway","Thu Dec 31, 2020, 9:04PM","17"
"Alex McCarthy","SOU","G","Drop","Never wanted him anyway","Thu Dec 31, 2020, 9:04PM","17"
"Ayoze Perez","LEI","M","Claim","Werner's Weiners","Thu Dec 31, 2020, 9:03PM","17"
"Lukasz Fabianski","WHU","G","Claim","Werner's Weiners","Thu Dec 31, 2020, 9:02PM","17"
"Sam Johnstone","WBA","G","Drop","Werner's Weiners","Thu Dec 31, 2020, 9:02PM","17"
"Bernardo Silva","MCI","M","Claim","Oliver McBurnie's 7.36 FP/G","Thu Dec 31, 2020, 9:01PM","17"
"Douglas Luiz","AVL","M","Drop","Oliver McBurnie's 7.36 FP/G","Thu Dec 31, 2020, 9:01PM","17"
"Leandro Trossard","BHA","M","Claim","Leo Gerard U1s Team","Thu Dec 31, 2020, 9:00PM","17"
"Danny Welbeck","WAT/BHA","F","Claim","Jesse's Last Touch","Thu Dec 31, 2020, 9:00PM","17"
"Kieran Tierney","ARS","D","Claim","Leo Gerard U1s Team","Thu Dec 31, 2020, 9:00PM","17"
"Marc Albrighton","LEI","M","Claim","Jesse's Last Touch","Thu Dec 31, 2020, 9:00PM","17"
"Yves Bissouma","BHA","M","Claim","Never wanted him anyway","Thu Dec 31, 2020, 9:00PM","17"
"Ashley Westwood","BUR","M","Drop","Never wanted him anyway","Thu Dec 31, 2020, 9:00PM","17"
"Nathaniel Phillips","LIV","D","Claim","The Celtic of FPL","Thu Dec 31, 2020, 9:00PM","17"
"Jordan Henderson","LIV","M","Drop","The Celtic of FPL","Thu Dec 31, 2020, 9:00PM","17"
"Tammy Abraham","CHE","F","Claim","Leo Gerard U1s Team","Thu Dec 31, 2020, 9:00PM","17"
"Ezgjan Alioski","LEE","M","Claim","Jesse's Last Touch","Thu Dec 31, 2020, 9:00PM","17"
"Yerry Mina","EVE","D","Claim","Never wanted him anyway","Thu Dec 31, 2020, 9:00PM","17"
"Ryan Bertrand","SOU","D","Drop","Never wanted him anyway","Thu Dec 31, 2020, 9:00PM","17"
"Cesar Azpilicueta","CHE","D","Drop","Jesse's Last Touch","Thu Dec 31, 2020, 12:03PM","17"
"David McGoldrick","SHU","F","Drop","Jesse's Last Touch","Thu Dec 31, 2020, 11:59AM","17"
"Alisson","LIV","G","Drop","Jesse's Last Touch","Thu Dec 31, 2020, 11:58AM","17"
"Alex Telles","MUN","D","Drop","Werner's Weiners","Tue Dec 29, 2020, 4:05PM","17"
"Manuel Lanzini","WHU","M","Drop","Leo Gerard U1s Team","Tue Dec 29, 2020, 2:37PM","17"
"Gabriel Martinelli","ARS","M","Drop","Leo Gerard U1s Team","Tue Dec 29, 2020, 2:36PM","17"
"Mason Greenwood","MUN","F","Claim","Midtable Merchant","Tue Dec 29, 2020, 2:35PM","16"
"Ferran Torres","MCI","F","Drop","Midtable Merchant","Tue Dec 29, 2020, 2:35PM","16"
"Sam Johnstone","WBA","G","Claim","Werner's Weiners","Tue Dec 29, 2020, 12:26PM","16"
"Lukasz Fabianski","WHU","G","Drop","Werner's Weiners","Tue Dec 29, 2020, 12:26PM","16"
"Said Benrahma","WHU","F","Drop","Werner's Weiners","Tue Dec 29, 2020, 12:22PM","16"
"David McGoldrick","SHU","F","Claim","Jesse's Last Touch","Tue Dec 29, 2020, 12:22PM","16"
"Ashley Barnes","BUR","F","Drop","Jesse's Last Touch","Tue Dec 29, 2020, 12:22PM","16"
"Ashley Barnes","BUR","F","Claim","Jesse's Last Touch","Tue Dec 29, 2020, 12:19PM","16"
"Neal Maupay","BHA","F","Drop","Jesse's Last Touch","Tue Dec 29, 2020, 12:19PM","16"
"Jack Stephens","SOU","D","Claim","Werner's Weiners","Tue Dec 29, 2020, 12:14PM","16"
"Emile Smith Rowe","ARS","M","Claim","Never wanted him anyway","Tue Dec 29, 2020, 12:11PM","16"
"Ezgjan Alioski","LEE","M","Drop","Never wanted him anyway","Tue Dec 29, 2020, 12:11PM","16"
"Manuel Lanzini","WHU","M","Claim","Leo Gerard U1s Team","Tue Dec 29, 2020, 12:11PM","16"
"Leandro Trossard","BHA","M","Drop","Leo Gerard U1s Team","Tue Dec 29, 2020, 12:11PM","16"
"Callum Hudson-Odoi","CHE","F","Drop","Leo Gerard U1s Team","Mon Dec 28, 2020, 7:22PM","17"
"Tammy Abraham","CHE","F","Drop","Werner's Weiners","Mon Dec 28, 2020, 11:54AM","16"
"Douglas Luiz","AVL","M","Claim","Oliver McBurnie's 7.36 FP/G","Mon Dec 28, 2020, 11:46AM","16"
"Thiago Silva","CHE","D","Drop","Oliver McBurnie's 7.36 FP/G","Mon Dec 28, 2020, 11:46AM","16"
"Cesar Azpilicueta","CHE","D","Claim","Jesse's Last Touch","Mon Dec 28, 2020, 11:34AM","16"
"Bernardo Silva","MCI","M","Drop","Jesse's Last Touch","Mon Dec 28, 2020, 11:34AM","16"
"Olivier Giroud","CHE","F","Claim","Jesse's Last Touch","Mon Dec 28, 2020, 11:13AM","16"
"Neal Maupay","BHA","F","Claim","Jesse's Last Touch","Mon Dec 28, 2020, 11:12AM","16"
"Nathan Ake","MCI","D","Drop","Jesse's Last Touch","Mon Dec 28, 2020, 11:10AM","16"
"Alisson","LIV","G","Claim","Jesse's Last Touch","Mon Dec 28, 2020, 11:05AM","16"
"Joel Matip","LIV","D","Drop","Jesse's Last Touch","Mon Dec 28, 2020, 11:02AM","16"
"Rodri","MCI","M","Drop","Jesse's Last Touch","Mon Dec 28, 2020, 11:02AM","16"
"Gabriel Martinelli","ARS","M","Claim","Leo Gerard U1s Team","Mon Dec 28, 2020, 9:58AM","16"
"Jonny Evans","LEI","D","Claim","Jesse's Last Touch","Mon Dec 28, 2020, 9:22AM","16"
"Nathan Ake","MCI","D","Claim","Jesse's Last Touch","Mon Dec 28, 2020, 9:16AM","16"
"Victor Lindelof","MUN","D","Drop","Jesse's Last Touch","Mon Dec 28, 2020, 9:14AM","16"
"Youri Tielemans","LEI","M","Drop","Leo Gerard U1s Team","Mon Dec 28, 2020, 9:10AM","16"
"Charlie Taylor","BUR","D","Claim","Midtable Merchant","Mon Dec 28, 2020, 9:00AM","16"
"Kieran Tierney","ARS","D","Drop","Midtable Merchant","Mon Dec 28, 2020, 9:00AM","16"
"Callum Hudson-Odoi","CHE","F","Claim","Leo Gerard U1s Team","Mon Dec 28, 2020, 8:57AM","16"
"Yerry Mina","EVE","D","Drop","Leo Gerard U1s Team","Mon Dec 28, 2020, 8:57AM","16"
"N'Golo Kante","CHE","M","Claim","Tim's Team","Mon Dec 28, 2020, 6:49AM","16"
"Cheikhou Kouyate","CRY","M","Drop","Tim's Team","Mon Dec 28, 2020, 6:49AM","16"
"Rúben Neves","WOL","M","Claim","Midtable Merchant","Mon Dec 28, 2020, 12:28AM","16"
"João Moutinho","WOL","M","Drop","Midtable Merchant","Mon Dec 28, 2020, 12:28AM","16"
"Ryan Bertrand","SOU","D","Claim","Never wanted him anyway","Mon Dec 28, 2020, 12:02AM","16"
"Nicolas Pepe","ARS","F","Drop","Never wanted him anyway","Mon Dec 28, 2020, 12:02AM","16"
"Ferran Torres","MCI","F","Claim","Midtable Merchant","Sun Dec 27, 2020, 9:38PM","16"
"Youri Tielemans","LEI","M","Claim","Leo Gerard U1s Team","Sun Dec 27, 2020, 9:31PM","16"
"Emiliano Martinez","ARS/AVL","G","Claim","The Celtic of FPL","Sun Dec 27, 2020, 9:00PM","16"
"Hugo Lloris","TOT","G","Drop","The Celtic of FPL","Sun Dec 27, 2020, 9:00PM","16"
"Kalvin Phillips","LEE","M","Claim","The Celtic of FPL","Sun Dec 27, 2020, 9:00PM","16"
"Jonjo Shelvey","NEW","M","Drop","The Celtic of FPL","Sun Dec 27, 2020, 9:00PM","16"
"Emerson","CHE","D","Drop","Midtable Merchant","Sun Dec 27, 2020, 8:30PM","16"
"Ben Godfrey","NOR/EVE","D,M","Drop","Leo Gerard U1s Team","Sun Dec 27, 2020, 4:36PM","16"
"Ben Godfrey","NOR/EVE","D,M","Claim","Leo Gerard U1s Team","Sat Dec 26, 2020, 2:20PM","15"
"Kieran Tierney","ARS","D","Claim","Midtable Merchant","Sat Dec 26, 2020, 11:33AM","15"
"Cesar Azpilicueta","CHE","D","Drop","Midtable Merchant","Sat Dec 26, 2020, 11:33AM","15"
"Ashley Westwood","BUR","M","Claim","Never wanted him anyway","Sat Dec 26, 2020, 9:49AM","15"
"Aleksandar Mitrovic","FUL","F","Drop","Never wanted him anyway","Sat Dec 26, 2020, 9:49AM","15"
"Kortney Hause","AVL","D","Claim","Werner's Weiners","Sat Dec 26, 2020, 9:10AM","15"
"Jeffrey Schlupp","CRY","M","Drop","Werner's Weiners","Sat Dec 26, 2020, 9:10AM","15"
"Illan Meslier","LEE","G","Claim","Leo Gerard U1s Team","Sat Dec 26, 2020, 7:32AM","15"
"Sam Johnstone","WBA","G","Drop","Leo Gerard U1s Team","Sat Dec 26, 2020, 7:32AM","15"
"Sam Johnstone","WBA","G","Claim","Leo Gerard U1s Team","Fri Dec 25, 2020, 8:40PM","15"
"Emiliano Martinez","ARS/AVL","G","Drop","Leo Gerard U1s Team","Fri Dec 25, 2020, 8:40PM","15"
"Alex McCarthy","SOU","G","Claim","Never wanted him anyway","Fri Dec 25, 2020, 6:29PM","15"
"Edouard Mendy","CHE","G","Drop","Never wanted him anyway","Fri Dec 25, 2020, 6:29PM","15"
"Kalvin Phillips","LEE","M","Drop","Leo Gerard U1s Team","Fri Dec 25, 2020, 6:25PM","15"
"Ezgjan Alioski","LEE","M","Claim","Never wanted him anyway","Fri Dec 25, 2020, 12:51PM","15"
"Dani Ceballos","ARS","M","Drop","Never wanted him anyway","Fri Dec 25, 2020, 12:51PM","15"
"Jordan Henderson","LIV","M","Claim","The Celtic of FPL","Fri Dec 25, 2020, 1:55AM","15"
"Cengiz Under","LEI","M","Drop","The Celtic of FPL","Fri Dec 25, 2020, 1:55AM","15"
"Ivan Cavaleiro","FUL","F","Claim","Midtable Merchant","Fri Dec 25, 2020, 1:31AM","15"
"N'Golo Kante","CHE","M","Drop","Midtable Merchant","Fri Dec 25, 2020, 1:31AM","15"
"Emerson","CHE","D","Claim","Midtable Merchant","Fri Dec 25, 2020, 1:30AM","15"
"Toby Alderweireld","TOT","D","Drop","Midtable Merchant","Fri Dec 25, 2020, 1:30AM","15"
"Romain Saiss","WOL","D","Claim","The Celtic of FPL","Thu Dec 24, 2020, 9:49PM","15"
"Emerson","CHE","D","Drop","The Celtic of FPL","Thu Dec 24, 2020, 9:49PM","15"
"Ruben Dias","MCI","D","Claim","Gerrard's Firm-footed Rangers","Thu Dec 24, 2020, 9:12PM","15"
"Aymeric Laporte","MCI","D","Drop","Gerrard's Firm-footed Rangers","Thu Dec 24, 2020, 9:12PM","15"
"Josh Brownhill","BUR","M","Claim","Gerrard's Firm-footed Rangers","Thu Dec 24, 2020, 9:09PM","15"
"Miguel Almiron","NEW","M","Drop","Gerrard's Firm-footed Rangers","Thu Dec 24, 2020, 9:09PM","15"
"Caglar Soyuncu","LEI","D","Claim","Midtable Merchant","Wed Dec 23, 2020, 5:48PM","15"
"Ivan Cavaleiro","FUL","F","Drop","Midtable Merchant","Wed Dec 23, 2020, 5:48PM","15"
"Jeffrey Schlupp","CRY","M","Claim","Werner's Weiners","Wed Dec 23, 2020, 11:43AM","15"
"Leandro Trossard","BHA","M","Claim","Leo Gerard U1s Team","Wed Dec 23, 2020, 11:41AM","15"
"Jeffrey Schlupp","CRY","M","Drop","Leo Gerard U1s Team","Wed Dec 23, 2020, 11:41AM","15"
"Leandro Trossard","BHA","M","Drop","Werner's Weiners","Wed Dec 23, 2020, 11:41AM","15"
"Leandro Trossard","BHA","M","Claim","Werner's Weiners","Wed Dec 23, 2020, 11:25AM","15"
"Chris Wood","BUR","F","Claim","Never wanted him anyway","Wed Dec 23, 2020, 11:13AM","15"
"Pablo Fornals","WHU","M","Drop","Never wanted him anyway","Wed Dec 23, 2020, 11:13AM","15"
"Jeffrey Schlupp","CRY","M","Claim","Leo Gerard U1s Team","Wed Dec 23, 2020, 6:42AM","15"
"Leandro Trossard","BHA","M","Drop","Leo Gerard U1s Team","Wed Dec 23, 2020, 6:42AM","15"
"Mason Greenwood","MUN","F","Drop","Werner's Weiners","Tue Dec 22, 2020, 10:00PM","15"
"Leandro Trossard","BHA","M","Claim","Leo Gerard U1s Team","Tue Dec 22, 2020, 9:46PM","15"
"Romain Saiss","WOL","D","Drop","Leo Gerard U1s Team","Tue Dec 22, 2020, 9:46PM","15"
"Emerson","CHE","D","Claim","The Celtic of FPL","Tue Dec 22, 2020, 9:02PM","15"
"Owen Otasowie","WOL","M","Drop","The Celtic of FPL","Tue Dec 22, 2020, 9:02PM","15"
"Yerry Mina","EVE","D","Claim","Leo Gerard U1s Team","Tue Dec 22, 2020, 9:00PM","15"
"Josh Brownhill","BUR","M","Drop","Leo Gerard U1s Team","Tue Dec 22, 2020, 9:00PM","15"
"Victor Lindelof","MUN","D","Claim","Jesse's Last Touch","Tue Dec 22, 2020, 9:00PM","15"
"Timothy Castagne","LEI","D","Claim","Never wanted him anyway","Tue Dec 22, 2020, 9:00PM","15"
"Fabian Balbuena","WHU","D","Drop","Never wanted him anyway","Tue Dec 22, 2020, 9:00PM","15"
"Christian Benteke","CRY","F","Claim","Leo Gerard U1s Team","Tue Dec 22, 2020, 9:00PM","15"
"Joel Matip","LIV","D","Claim","Jesse's Last Touch","Tue Dec 22, 2020, 9:00PM","15"
"Bertrand Traore","CHE/AVL","M,F","Claim","Never wanted him anyway","Tue Dec 22, 2020, 9:00PM","15"
"Jorginho","CHE","M","Drop","Never wanted him anyway","Tue Dec 22, 2020, 9:00PM","15"
"Youri Tielemans","LEI","M","Drop","Leo Gerard U1s Team","Tue Dec 22, 2020, 7:02PM","15"
"Ayoze Perez","LEI","M","Drop","Jesse's Last Touch","Tue Dec 22, 2020, 1:36PM","15"
"Joelinton","NEW","F","Drop","Jesse's Last Touch","Tue Dec 22, 2020, 1:36PM","15"
"Ferran Torres","MCI","F","Drop","Jesse's Last Touch","Tue Dec 22, 2020, 1:36PM","15"
"Jorginho","CHE","M","Claim","Never wanted him anyway","Mon Dec 21, 2020, 2:06PM","14"
"Olivier Giroud","CHE","F","Drop","Never wanted him anyway","Mon Dec 21, 2020, 2:06PM","14"
"Owen Otasowie","WOL","M","Claim","The Celtic of FPL","Mon Dec 21, 2020, 11:52AM","14"
"Matthew Lowton","BUR","D","Drop","The Celtic of FPL","Mon Dec 21, 2020, 11:52AM","14"
"Cesar Azpilicueta","CHE","D","Claim","Midtable Merchant","Sun Dec 20, 2020, 12:45PM","14"
"Ezri Konsa","AVL","D","Drop","Midtable Merchant","Sun Dec 20, 2020, 12:45PM","14"
"Anwar El Ghazi","AVL","M","Claim","Werner's Weiners","Sat Dec 19, 2020, 3:24PM","14"
"Danny Welbeck","WAT/BHA","F","Drop","Werner's Weiners","Sat Dec 19, 2020, 3:24PM","14"
"Aleksandar Mitrovic","FUL","F","Claim","Never wanted him anyway","Sat Dec 19, 2020, 2:11PM","14"
"Ashley Westwood","BUR","M","Drop","Never wanted him anyway","Sat Dec 19, 2020, 2:11PM","14"
"Miguel Almiron","NEW","M","Claim","Gerrard's Firm-footed Rangers","Sat Dec 19, 2020, 2:09PM","14"
"Ryan Fraser","NEW","M","Drop","Gerrard's Firm-footed Rangers","Sat Dec 19, 2020, 2:09PM","14"
"Dani Ceballos","ARS","M","Claim","Never wanted him anyway","Sat Dec 19, 2020, 12:28PM","14"
"Neal Maupay","BHA","F","Drop","Never wanted him anyway","Sat Dec 19, 2020, 12:28PM","14"
"Pierre-Emile Hojbjerg","TOT","M","Claim","Tim's Team","Sat Dec 19, 2020, 10:09AM","14"
"Timothy Castagne","LEI","D","Drop","Tim's Team","Sat Dec 19, 2020, 10:09AM","14"
"Ilkay Gundogan","MCI","M","Claim","Jesse's Last Touch","Sat Dec 19, 2020, 9:23AM","14"
"Benjamin Mendy","MCI","D","Drop","Jesse's Last Touch","Sat Dec 19, 2020, 9:23AM","14"
"Ferran Torres","MCI","F","Claim","Jesse's Last Touch","Sat Dec 19, 2020, 9:16AM","14"
"Emiliano Martinez","ARS/AVL","G","Claim","Leo Gerard U1s Team","Fri Dec 18, 2020, 10:19PM","14"
"Illan Meslier","LEE","G","Drop","Leo Gerard U1s Team","Fri Dec 18, 2020, 10:19PM","14"
"Ezri Konsa","AVL","D","Claim","Midtable Merchant","Fri Dec 18, 2020, 10:14PM","14"
"Ahmed El Mohamady","AVL","D","Drop","Midtable Merchant","Fri Dec 18, 2020, 10:14PM","14"
"Alex Iwobi","EVE","M","Claim","Team I_am_Tim","Fri Dec 18, 2020, 9:04PM","14"
"Nathan Ake","MCI","D","Drop","Team I_am_Tim","Fri Dec 18, 2020, 9:04PM","14"
"Matthew Lowton","BUR","D","Claim","The Celtic of FPL","Fri Dec 18, 2020, 9:02PM","14"
"Ryan Bertrand","SOU","D","Drop","The Celtic of FPL","Fri Dec 18, 2020, 9:02PM","14"
"Jacob Murphy","NEW","M","Claim","Team I_am_Tim","Fri Dec 18, 2020, 9:00PM","14"
"Josh Brownhill","BUR","M","Claim","Leo Gerard U1s Team","Fri Dec 18, 2020, 9:00PM","14"
"Robbie Brady","BUR","M","Drop","Leo Gerard U1s Team","Fri Dec 18, 2020, 9:00PM","14"
"Michael Keane","EVE","D","Claim","Tim's Team","Fri Dec 18, 2020, 9:00PM","14"
"Arthur Masuaku","WHU","D","Drop","Tim's Team","Fri Dec 18, 2020, 9:00PM","14"
"Allan","EVE","M","Drop","Jesse's Last Touch","Fri Dec 18, 2020, 9:29AM","14"
"Angelo Ogbonna","WHU","D","Drop","Team I_am_Tim","Thu Dec 17, 2020, 11:53PM","14"
"Ahmed El Mohamady","AVL","D","Claim","Midtable Merchant","Thu Dec 17, 2020, 12:42PM","13"
"Ezri Konsa","AVL","D","Drop","Midtable Merchant","Thu Dec 17, 2020, 12:42PM","13"
"Pablo Fornals","WHU","M","Claim","Never wanted him anyway","Wed Dec 16, 2020, 2:12PM","13"
"Jeffrey Schlupp","CRY","M","Drop","Never wanted him anyway","Wed Dec 16, 2020, 2:12PM","13"
"Angelo Ogbonna","WHU","D","Claim","Team I_am_Tim","Wed Dec 16, 2020, 2:01PM","13"
"Allan","EVE","M","Claim","Jesse's Last Touch","Wed Dec 16, 2020, 12:56PM","13"
"Matt Ritchie","NEW","M","Drop","Jesse's Last Touch","Wed Dec 16, 2020, 12:56PM","13"
"Dwight Gayle","NEW","F","Drop","Team I_am_Tim","Wed Dec 16, 2020, 12:51PM","13"
"Ryan Fraser","NEW","M","Claim","Gerrard's Firm-footed Rangers","Wed Dec 16, 2020, 12:20PM","13"
"Moussa Djenepo","SOU","M","Drop","Gerrard's Firm-footed Rangers","Wed Dec 16, 2020, 12:20PM","13"
"Nicolas Pepe","ARS","F","Claim","Never wanted him anyway","Wed Dec 16, 2020, 12:02PM","13"
"Chris Wood","BUR","F","Drop","Never wanted him anyway","Wed Dec 16, 2020, 12:02PM","13"
"Jeffrey Schlupp","CRY","M","Claim","Never wanted him anyway","Tue Dec 15, 2020, 8:55PM","13"
"Tom Cairney","FUL","M","Drop","Never wanted him anyway","Tue Dec 15, 2020, 8:55PM","13"
"Benjamin Mendy","MCI","D","Claim","Jesse's Last Touch","Tue Dec 15, 2020, 2:03PM","13"
"John Stones","MCI","D","Drop","Jesse's Last Touch","Tue Dec 15, 2020, 2:03PM","13"
"Nathan Ake","MCI","D","Claim","Team I_am_Tim","Tue Dec 15, 2020, 2:02PM","13"
"Joel Matip","LIV","D","Drop","Team I_am_Tim","Tue Dec 15, 2020, 2:02PM","13"
"Liam Cooper","LEE","D","Claim","The Celtic of FPL","Mon Dec 14, 2020, 9:15PM","13"
"Giovani Lo Celso","TOT","M","Drop","The Celtic of FPL","Mon Dec 14, 2020, 9:15PM","13"
"Ivan Cavaleiro","FUL","F","Claim","Midtable Merchant","Mon Dec 14, 2020, 9:15PM","13"
"Ferran Torres","MCI","F","Drop","Midtable Merchant","Mon Dec 14, 2020, 9:15PM","13"
"Matt Ritchie","NEW","M","Claim","Jesse's Last Touch","Mon Dec 14, 2020, 9:15PM","13"
"Josh Brownhill","BUR","M","Drop","Jesse's Last Touch","Mon Dec 14, 2020, 9:15PM","13"
"Matt Targett","AVL","D","Claim","Never wanted him anyway","Mon Dec 14, 2020, 9:15PM","13"
"Patrick van Aanholt","CRY","D","Drop","Never wanted him anyway","Mon Dec 14, 2020, 9:15PM","13"
"John Stones","MCI","D","Claim","Jesse's Last Touch","Mon Dec 14, 2020, 9:15PM","13"
"Jonny Evans","LEI","D","Drop","Jesse's Last Touch","Mon Dec 14, 2020, 9:15PM","13"
"Dwight Gayle","NEW","F","Claim","Team I_am_Tim","Mon Dec 14, 2020, 9:15PM","13"
"Tanguy Ndombele","TOT","M","Drop","Team I_am_Tim","Mon Dec 14, 2020, 9:15PM","13"
"Neal Maupay","BHA","F","Claim","Never wanted him anyway","Mon Dec 14, 2020, 9:15PM","13"
"Rayan Ait-Nouri","WOL","D","Drop","Never wanted him anyway","Mon Dec 14, 2020, 9:15PM","13"
"Gylfi Sigurdsson","EVE","M","Claim","Leo Gerard U1s Team","Mon Dec 14, 2020, 9:15PM","13"
"Luke Shaw","MUN","D","Claim","Jesse's Last Touch","Mon Dec 14, 2020, 9:15PM","13"
"Neal Maupay","BHA","F","Drop","Jesse's Last Touch","Mon Dec 14, 2020, 6:28PM","13"
"Leandro Trossard","BHA","M","Drop","Midtable Merchant","Sun Dec 13, 2020, 11:49PM","13"
"Ashley Westwood","BUR","M","Claim","Never wanted him anyway","Sun Dec 13, 2020, 1:27PM","12"
"Dani Ceballos","ARS","M","Drop","Never wanted him anyway","Sun Dec 13, 2020, 1:27PM","12"
"Robbie Brady","BUR","M","Claim","Leo Gerard U1s Team","Sat Dec 12, 2020, 2:17PM","12"
"Christian Benteke","CRY","F","Drop","Leo Gerard U1s Team","Sat Dec 12, 2020, 2:12PM","12"
"Romain Saiss","WOL","D","Claim","Leo Gerard U1s Team","Sat Dec 12, 2020, 6:37AM","12"
"Benjamin Mendy","MCI","D","Drop","Leo Gerard U1s Team","Sat Dec 12, 2020, 6:37AM","12"
"Tammy Abraham","CHE","F","Claim","Werner's Weiners","Fri Dec 11, 2020, 1:04PM","12"
"Dean Henderson","MUN","G","Drop","Werner's Weiners","Fri Dec 11, 2020, 1:04PM","12"
"Ayoze Perez","LEI","M","Claim","Jesse's Last Touch","Fri Dec 11, 2020, 11:58AM","12"
"Ruben Dias","MCI","D","Drop","Jesse's Last Touch","Fri Dec 11, 2020, 11:58AM","12"
"Josh Brownhill","BUR","M","Claim","Jesse's Last Touch","Fri Dec 11, 2020, 11:50AM","12"
"Nathan Redmond","SOU","M","Drop","Jesse's Last Touch","Fri Dec 11, 2020, 11:50AM","12"
"Joelinton","NEW","F","Claim","Jesse's Last Touch","Fri Dec 11, 2020, 11:45AM","12"
"Jonny Evans","LEI","D","Claim","Jesse's Last Touch","Fri Dec 11, 2020, 11:36AM","12"
"Max Kilman","WOL","D","Drop","Jesse's Last Touch","Fri Dec 11, 2020, 11:34AM","12"
"Nathan Ake","MCI","D","Drop","Jesse's Last Touch","Fri Dec 11, 2020, 11:34AM","12"
"Eric Dier","TOT","D","Claim","Tim's Team","Fri Dec 11, 2020, 6:43AM","12"
"Jorginho","CHE","M","Drop","Tim's Team","Fri Dec 11, 2020, 6:43AM","12"
"Edinson Cavani","MUN","F","Claim","Midtable Merchant","Thu Dec 10, 2020, 11:34PM","12"
"Neco Williams","LIV","D","Drop","Midtable Merchant","Thu Dec 10, 2020, 11:34PM","12"
"Tyrone Mings","AVL","D","Claim","Never wanted him anyway","Tue Dec 8, 2020, 9:42PM","12"
"Donny van de Beek","MUN","M","Drop","Never wanted him anyway","Tue Dec 8, 2020, 9:42PM","12"
"Tom Cairney","FUL","M","Claim","Never wanted him anyway","Tue Dec 8, 2020, 9:42PM","12"
"Thomas Partey","ARS","M","Drop","Never wanted him anyway","Tue Dec 8, 2020, 9:42PM","12"
"Tanguy Ndombele","TOT","M","Claim","Team I_am_Tim","Tue Dec 8, 2020, 9:15PM","12"
"John Stones","MCI","D","Drop","Team I_am_Tim","Tue Dec 8, 2020, 9:15PM","12"
"Joel Matip","LIV","D","Claim","Team I_am_Tim","Tue Dec 8, 2020, 9:06PM","12"
"Edinson Cavani","MUN","F","Drop","Team I_am_Tim","Tue Dec 8, 2020, 9:06PM","12"
"Illan Meslier","LEE","G","Claim","Leo Gerard U1s Team","Tue Dec 8, 2020, 9:02PM","12"
"Sam Johnstone","WBA","G","Drop","Leo Gerard U1s Team","Tue Dec 8, 2020, 9:02PM","12"
"Christian Benteke","CRY","F","Claim","Leo Gerard U1s Team","Tue Dec 8, 2020, 9:01PM","12"
"Aleksandar Mitrovic","FUL","F","Drop","Leo Gerard U1s Team","Tue Dec 8, 2020, 9:01PM","12"
"Neco Williams","LIV","D","Claim","Midtable Merchant","Sun Dec 6, 2020, 1:29PM","11"
"Fabio Silva","WOL","F","Drop","Midtable Merchant","Sun Dec 6, 2020, 1:29PM","11"
"Thomas Partey","ARS","M","Claim","Never wanted him anyway","Sun Dec 6, 2020, 11:03AM","11"
"Tanguy Ndombele","TOT","M","Drop","Never wanted him anyway","Sun Dec 6, 2020, 11:03AM","11"
"Toby Alderweireld","TOT","D","Claim","Midtable Merchant","Sun Dec 6, 2020, 10:37AM","11"
"Romain Saiss","WOL","D","Drop","Midtable Merchant","Sun Dec 6, 2020, 10:37AM","11"
"Olivier Giroud","CHE","F","Claim","Never wanted him anyway","Sat Dec 5, 2020, 2:46PM","11"
"Tammy Abraham","CHE","F","Drop","Never wanted him anyway","Sat Dec 5, 2020, 2:46PM","11"
"Dean Henderson","MUN","G","Claim","Werner's Weiners","Sat Dec 5, 2020, 12:09PM","11"
"Ciaran Clark","NEW","D","Drop","Werner's Weiners","Sat Dec 5, 2020, 12:09PM","11"
"John Stones","MCI","D","Claim","Team I_am_Tim","Sat Dec 5, 2020, 9:06AM","11"
"Dele Alli","TOT","M","Drop","Team I_am_Tim","Sat Dec 5, 2020, 9:06AM","11"
"Benjamin Mendy","MCI","D","Claim","Leo Gerard U1s Team","Sat Dec 5, 2020, 9:05AM","11"
"Tom Cairney","FUL","M","Drop","Leo Gerard U1s Team","Sat Dec 5, 2020, 9:05AM","11"
"Wilfred Ndidi","LEI","M","Claim","Gerrard's Firm-footed Rangers","Sat Dec 5, 2020, 3:28AM","11"
"Pierre-Emile Hojbjerg","TOT","M","Drop","Gerrard's Firm-footed Rangers","Sat Dec 5, 2020, 3:28AM","11"
"Stuart Dallas","LEE","M","Claim","Tim's Team","Fri Dec 4, 2020, 11:08AM","11"
"Georginio Wijnaldum","LIV","M","Drop","Tim's Team","Fri Dec 4, 2020, 11:08AM","11"
"Dele Alli","TOT","M","Claim","Team I_am_Tim","Thu Dec 3, 2020, 2:51PM","11"
"Pablo Fornals","WHU","M","Drop","Team I_am_Tim","Thu Dec 3, 2020, 2:51PM","11"
"Ciaran Clark","NEW","D","Claim","Werner's Weiners","Thu Dec 3, 2020, 1:06PM","11"
"Tyrone Mings","AVL","D","Drop","Werner's Weiners","Thu Dec 3, 2020, 1:06PM","11"
"Chris Wood","BUR","F","Claim","Never wanted him anyway","Wed Dec 2, 2020, 12:28PM","11"
"Nicolas Pepe","ARS","F","Drop","Never wanted him anyway","Wed Dec 2, 2020, 12:28PM","11"
"Hugo Lloris","TOT","G","Claim","The Celtic of FPL","Wed Dec 2, 2020, 4:08AM","11"
"Emiliano Martinez","ARS/AVL","G","Drop","The Celtic of FPL","Wed Dec 2, 2020, 4:08AM","11"
"Ferran Torres","MCI","F","Claim","Midtable Merchant","Tue Dec 1, 2020, 9:25PM","11"
"Conor Hourihane","AVL","M","Drop","Midtable Merchant","Tue Dec 1, 2020, 9:25PM","11"
"Fabio Silva","WOL","F","Claim","Midtable Merchant","Tue Dec 1, 2020, 9:24PM","11"
"James Milner","LIV","M","Drop","Midtable Merchant","Tue Dec 1, 2020, 9:24PM","11"
"Edinson Cavani","MUN","F","Claim","Team I_am_Tim","Tue Dec 1, 2020, 9:01PM","11"
"Alex Iwobi","EVE","M","Drop","Team I_am_Tim","Tue Dec 1, 2020, 9:01PM","11"
"Conor Gallagher","CHE/WBA","M","Claim","Team I_am_Tim","Tue Dec 1, 2020, 9:00PM","11"
"Aaron Ramsdale","SHU","G","Drop","Team I_am_Tim","Tue Dec 1, 2020, 9:00PM","11"
"Jan Bednarek","SOU","D","Claim","Never wanted him anyway","Tue Dec 1, 2020, 9:00PM","11"
"Conor Townsend","WBA","D","Drop","Never wanted him anyway","Tue Dec 1, 2020, 9:00PM","11"
"Conor Hourihane","AVL","M","Claim","Midtable Merchant","Mon Nov 30, 2020, 2:27PM","10"
"Bertrand Traore","CHE/AVL","M,F","Drop","Midtable Merchant","Mon Nov 30, 2020, 2:27PM","10"
"Tanguy Ndombele","TOT","M","Claim","Never wanted him anyway","Sun Nov 29, 2020, 11:02AM","10"
"Kieran Tierney","ARS","D","Drop","Never wanted him anyway","Sun Nov 29, 2020, 11:02AM","10"
"Donny van de Beek","MUN","M","Claim","Never wanted him anyway","Sun Nov 29, 2020, 8:20AM","10"
"Thomas Partey","ARS","M","Drop","Never wanted him anyway","Sun Nov 29, 2020, 8:20AM","10"
"Ryan Bertrand","SOU","D","Claim","The Celtic of FPL","Sat Nov 28, 2020, 6:29PM","10"
"Jan Bednarek","SOU","D","Drop","The Celtic of FPL","Sat Nov 28, 2020, 6:29PM","10"
"Aaron Ramsdale","SHU","G","Claim","Team I_am_Tim","Sat Nov 28, 2020, 2:35PM","10"
"Bernd Leno","ARS","G","Drop","Team I_am_Tim","Sat Nov 28, 2020, 2:35PM","10"
"Bernd Leno","ARS","G","Claim","Team I_am_Tim","Sat Nov 28, 2020, 2:30PM","10"
"Alex McCarthy","SOU","G","Drop","Team I_am_Tim","Sat Nov 28, 2020, 2:30PM","10"
"Conor Townsend","WBA","D","Claim","Never wanted him anyway","Sat Nov 28, 2020, 1:04PM","10"
"Karlan Grant","HUD/WBA","F","Drop","Never wanted him anyway","Sat Nov 28, 2020, 1:04PM","10"
"Raphinha","LEE","F","Claim","Oliver McBurnie's 7.36 FP/G","Sat Nov 28, 2020, 11:34AM","10"
"Edinson Cavani","MUN","F","Drop","Oliver McBurnie's 7.36 FP/G","Sat Nov 28, 2020, 11:34AM","10"
"Moussa Djenepo","SOU","M","Claim","Gerrard's Firm-footed Rangers","Sat Nov 28, 2020, 9:45AM","10"
"Scott McTominay","MUN","M","Drop","Gerrard's Firm-footed Rangers","Sat Nov 28, 2020, 9:45AM","10"
"Kyle Walker","MCI","D","Claim","Team I_am_Tim","Sat Nov 28, 2020, 9:20AM","10"
"Sander Berge","SHU","M","Drop","Team I_am_Tim","Sat Nov 28, 2020, 9:20AM","10"
"Jonjo Shelvey","NEW","M","Claim","The Celtic of FPL","Fri Nov 27, 2020, 2:06PM","10"
"Stuart Dallas","LEE","M","Drop","The Celtic of FPL","Fri Nov 27, 2020, 2:06PM","10"
"Alex McCarthy","SOU","G","Claim","Team I_am_Tim","Thu Nov 26, 2020, 1:51PM","10"
"Jonny Evans","LEI","D","Drop","Team I_am_Tim","Thu Nov 26, 2020, 1:51PM","10"
"Danny Welbeck","WAT/BHA","F","Claim","Werner's Weiners","Thu Nov 26, 2020, 11:04AM","10"
"Robin Koch","LEE","D","Drop","Werner's Weiners","Thu Nov 26, 2020, 11:04AM","10"
"João Moutinho","WOL","M","Claim","Midtable Merchant","Wed Nov 25, 2020, 10:45AM","10"
"Cesar Azpilicueta","CHE","D","Drop","Midtable Merchant","Wed Nov 25, 2020, 10:45AM","10"
"Alex Iwobi","EVE","M","Claim","Team I_am_Tim","Tue Nov 24, 2020, 9:39PM","10"
"Douglas Luiz","AVL","M","Drop","Team I_am_Tim","Tue Nov 24, 2020, 9:39PM","10"
"Sebastien Haller","WHU","F","Claim","Gerrard's Firm-footed Rangers","Tue Nov 24, 2020, 9:27PM","10"
"Hélder Costa","LEE","F","Drop","Gerrard's Firm-footed Rangers","Tue Nov 24, 2020, 9:27PM","10"
"Kasper Schmeichel","LEI","G","Claim","Gerrard's Firm-footed Rangers","Tue Nov 24, 2020, 9:24PM","10"
"Hugo Lloris","TOT","G","Drop","Gerrard's Firm-footed Rangers","Tue Nov 24, 2020, 9:24PM","10"
"Bertrand Traore","CHE/AVL","M,F","Claim","Midtable Merchant","Tue Nov 24, 2020, 9:15PM","10"
"Ferran Torres","MCI","F","Drop","Midtable Merchant","Tue Nov 24, 2020, 9:15PM","10"
"James Milner","LIV","M","Claim","Midtable Merchant","Tue Nov 24, 2020, 9:11PM","10"
"Juan Mata","MUN","M","Drop","Midtable Merchant","Tue Nov 24, 2020, 9:11PM","10"
"Sam Johnstone","WBA","G","Claim","Leo Gerard U1s Team","Tue Nov 24, 2020, 9:00PM","10"
"David de Gea","MUN","G","Drop","Leo Gerard U1s Team","Tue Nov 24, 2020, 9:00PM","10"
"Juan Mata","MUN","M","Claim","Midtable Merchant","Sat Nov 21, 2020, 2:55PM","9"
"Josh Brownhill","BUR","M","Drop","Midtable Merchant","Sat Nov 21, 2020, 2:55PM","9"
"David de Gea","MUN","G","Claim","Leo Gerard U1s Team","Sat Nov 21, 2020, 2:09PM","9"
"Sam Johnstone","WBA","G","Drop","Leo Gerard U1s Team","Sat Nov 21, 2020, 2:09PM","9"
"Ezri Konsa","AVL","D","Claim","Midtable Merchant","Fri Nov 20, 2020, 10:41AM","9"
"Kyle Walker","MCI","D","Drop","Midtable Merchant","Fri Nov 20, 2020, 10:41AM","9"
"Robin Koch","LEE","D","Claim","Werner's Weiners","Thu Nov 19, 2020, 10:44PM","9"
"Ben Godfrey","NOR/EVE","D,M","Drop","Werner's Weiners","Thu Nov 19, 2020, 10:44PM","9"
"Ferran Torres","MCI","F","Claim","Midtable Merchant","Wed Nov 18, 2020, 12:03PM","9"
"João Moutinho","WOL","M","Drop","Midtable Merchant","Wed Nov 18, 2020, 12:03PM","9"
"Josh Brownhill","BUR","M","Claim","Midtable Merchant","Wed Nov 18, 2020, 9:48AM","9"
"Robin Koch","LEE","D","Drop","Midtable Merchant","Wed Nov 18, 2020, 9:48AM","9"
"Serge Aurier","TOT","D","Claim","Oliver McBurnie's 7.36 FP/G","Tue Nov 17, 2020, 8:55AM","9"
"Raphinha","LEE","F","Drop","Oliver McBurnie's 7.36 FP/G","Tue Nov 17, 2020, 8:55AM","9"
"Rodrigo","LEE","F","Claim","Midtable Merchant","Fri Nov 13, 2020, 12:44PM","9"
"Josh Brownhill","BUR","M","Drop","Midtable Merchant","Fri Nov 13, 2020, 12:44PM","9"
"Darnell Furlong","WBA","D","Claim","The Celtic of FPL","Wed Nov 11, 2020, 9:01AM","9"
"Liam Cooper","LEE","D","Drop","The Celtic of FPL","Wed Nov 11, 2020, 9:01AM","9"
"Leandro Trossard","BHA","M","Claim","Midtable Merchant","Tue Nov 10, 2020, 9:00PM","9"
"Juan Mata","MUN","M","Drop","Midtable Merchant","Tue Nov 10, 2020, 9:00PM","9"
"Raphinha","LEE","F","Claim","Oliver McBurnie's 7.36 FP/G","Tue Nov 10, 2020, 9:00PM","9"
"Tanguy Ndombele","TOT","M","Drop","Oliver McBurnie's 7.36 FP/G","Tue Nov 10, 2020, 9:00PM","9"
"Edinson Cavani","MUN","F","Claim","Oliver McBurnie's 7.36 FP/G","Tue Nov 10, 2020, 9:00PM","9"
"Sebastien Haller","WHU","F","Drop","Oliver McBurnie's 7.36 FP/G","Tue Nov 10, 2020, 9:00PM","9"
"Jonny Evans","LEI","D","Claim","Team I_am_Tim","Tue Nov 10, 2020, 9:00PM","9"
"Jacob Murphy","NEW","M","Drop","Team I_am_Tim","Tue Nov 10, 2020, 9:00PM","9"
"Rodri","MCI","M","Claim","Jesse's Last Touch","Sun Nov 8, 2020, 11:05AM","8"
"Bertrand Traore","CHE/AVL","M,F","Drop","Jesse's Last Touch","Sun Nov 8, 2020, 11:05AM","8"
"Tanguy Ndombele","TOT","M","Claim","Oliver McBurnie's 7.36 FP/G","Sun Nov 8, 2020, 6:46AM","8"
"Serge Aurier","TOT","D","Drop","Oliver McBurnie's 7.36 FP/G","Sun Nov 8, 2020, 6:46AM","8"
"Sebastien Haller","WHU","F","Claim","Oliver McBurnie's 7.36 FP/G","Sat Nov 7, 2020, 2:01PM","8"
"Leander Dendoncker","WOL","M","Drop","Oliver McBurnie's 7.36 FP/G","Sat Nov 7, 2020, 2:01PM","8"
"Juan Mata","MUN","M","Claim","Midtable Merchant","Sat Nov 7, 2020, 7:15AM","8"
"Edinson Cavani","MUN","F","Drop","Midtable Merchant","Sat Nov 7, 2020, 7:15AM","8"
"Josh Brownhill","BUR","M","Claim","Midtable Merchant","Fri Nov 6, 2020, 11:55AM","8"
"Leandro Trossard","BHA","M","Drop","Midtable Merchant","Fri Nov 6, 2020, 11:55AM","8"
"Ben Mee","BUR","D","Claim","Werner's Weiners","Fri Nov 6, 2020, 11:54AM","8"
"Ferran Torres","MCI","F","Drop","Werner's Weiners","Fri Nov 6, 2020, 11:54AM","8"
"Pascal Gross","BHA","M","Claim","Oliver McBurnie's 7.36 FP/G","Fri Nov 6, 2020, 11:51AM","8"
"Ben Mee","BUR","D","Drop","Oliver McBurnie's 7.36 FP/G","Fri Nov 6, 2020, 11:49AM","8"
"Tammy Abraham","CHE","F","Claim","Never wanted him anyway","Thu Nov 5, 2020, 9:00PM","8"
"Chris Wood","BUR","F","Drop","Never wanted him anyway","Thu Nov 5, 2020, 9:00PM","8"
"Cengiz Under","LEI","M","Claim","The Celtic of FPL","Thu Nov 5, 2020, 8:13PM","8"
"Jeffrey Schlupp","CRY","M","Drop","The Celtic of FPL","Thu Nov 5, 2020, 8:13PM","8"
"Sander Berge","SHU","M","Claim","Team I_am_Tim","Thu Nov 5, 2020, 6:33PM","8"
"Matt Targett","AVL","D","Drop","Team I_am_Tim","Thu Nov 5, 2020, 6:33PM","8"
"Liam Cooper","LEE","D","Claim","The Celtic of FPL","Wed Nov 4, 2020, 7:49PM","8"
"Ryan Bertrand","SOU","D","Drop","The Celtic of FPL","Wed Nov 4, 2020, 7:49PM","8"
"Ben Mee","BUR","D","Claim","Oliver McBurnie's 7.36 FP/G","Wed Nov 4, 2020, 2:46PM","8"
"Gylfi Sigurdsson","EVE","M","Drop","Oliver McBurnie's 7.36 FP/G","Wed Nov 4, 2020, 2:46PM","8"
"Arthur Masuaku","WHU","D","Claim","Tim's Team","Tue Nov 3, 2020, 10:59PM","8"
"Lucas Moura","TOT","M","Drop","Tim's Team","Tue Nov 3, 2020, 10:59PM","8"
"Oriol Romeu","SOU","M","Claim","Tim's Team","Tue Nov 3, 2020, 10:58PM","8"
"Gabriel Magalhaes","ARS","D","Claim","Tim's Team","Tue Nov 3, 2020, 9:55PM","8"
"Ezri Konsa","AVL","D","Drop","Tim's Team","Tue Nov 3, 2020, 9:55PM","8"
"Fabian Balbuena","WHU","D","Claim","Never wanted him anyway","Tue Nov 3, 2020, 9:14PM","8"
"Yerry Mina","EVE","D","Drop","Never wanted him anyway","Tue Nov 3, 2020, 9:14PM","8"
"Edouard Mendy","CHE","G","Claim","Never wanted him anyway","Tue Nov 3, 2020, 9:13PM","8"
"Kasper Schmeichel","LEI","G","Drop","Never wanted him anyway","Tue Nov 3, 2020, 9:13PM","8"
"Gylfi Sigurdsson","EVE","M","Claim","Oliver McBurnie's 7.36 FP/G","Tue Nov 3, 2020, 9:01PM","8"
"Enda Stevens","SHU","D","Drop","Oliver McBurnie's 7.36 FP/G","Tue Nov 3, 2020, 9:01PM","8"
"Cesar Azpilicueta","CHE","D","Claim","Midtable Merchant","Tue Nov 3, 2020, 9:01PM","8"
"Donny van de Beek","MUN","M","Drop","Midtable Merchant","Tue Nov 3, 2020, 9:01PM","8"
"Leander Dendoncker","WOL","M","Claim","Oliver McBurnie's 7.36 FP/G","Tue Nov 3, 2020, 9:00PM","8"
"Darnell Furlong","WBA","D","Drop","Oliver McBurnie's 7.36 FP/G","Tue Nov 3, 2020, 9:00PM","8"
"Douglas Luiz","AVL","M","Claim","Team I_am_Tim","Tue Nov 3, 2020, 9:00PM","8"
"Chris Basham","SHU","D","Drop","Team I_am_Tim","Tue Nov 3, 2020, 9:00PM","8"
"Tammy Abraham","CHE","F","Drop","Leo Gerard U1s Team","Tue Nov 3, 2020, 12:43PM","8"
"Darnell Furlong","WBA","D","Claim","Oliver McBurnie's 7.36 FP/G","Mon Nov 2, 2020, 11:48AM","7"
"Ruben Loftus-Cheek","CHE/FUL","M","Drop","Oliver McBurnie's 7.36 FP/G","Mon Nov 2, 2020, 11:48AM","7"
"Lukasz Fabianski","WHU","G","Claim","Werner's Weiners","Sat Oct 31, 2020, 1:01PM","7"
"Alisson","LIV","G","Drop","Werner's Weiners","Sat Oct 31, 2020, 1:01PM","7"
"Vladimir Coufal","WHU","D","Claim","Werner's Weiners","Sat Oct 31, 2020, 1:00PM","7"
"Ryan Fredericks","WHU","D","Drop","Werner's Weiners","Sat Oct 31, 2020, 1:00PM","7"
"Ryan Bertrand","SOU","D","Claim","The Celtic of FPL","Sat Oct 31, 2020, 10:41AM","7"
"Cesar Azpilicueta","CHE","D","Drop","The Celtic of FPL","Sat Oct 31, 2020, 10:41AM","7"
"Tammy Abraham","CHE","F","Claim","Leo Gerard U1s Team","Sat Oct 31, 2020, 10:14AM","7"
"Cengiz Under","LEI","M","Drop","Leo Gerard U1s Team","Sat Oct 31, 2020, 10:14AM","7"
"Patrick van Aanholt","CRY","D","Claim","Never wanted him anyway","Fri Oct 30, 2020, 3:28PM","7"
"Gabriel Magalhaes","ARS","D","Drop","Never wanted him anyway","Fri Oct 30, 2020, 3:28PM","7"
"Rayan Ait-Nouri","WOL","D","Claim","Midtable Merchant","Fri Oct 30, 2020, 3:06PM","7"
"Josh Brownhill","BUR","M","Drop","Midtable Merchant","Fri Oct 30, 2020, 3:06PM","7"
"Josh Brownhill","BUR","M","Claim","Midtable Merchant","Fri Oct 30, 2020, 1:01PM","7"
"Rodrigo","LEE","F","Drop","Team I_am_Tim","Fri Oct 30, 2020, 12:52PM","7"
"Jacob Murphy","NEW","M","Claim","Team I_am_Tim","Thu Oct 29, 2020, 8:45PM","7"
"James McArthur","CRY","M","Drop","Team I_am_Tim","Thu Oct 29, 2020, 8:45PM","7"
"Matt Targett","AVL","D","Claim","Team I_am_Tim","Wed Oct 28, 2020, 10:19AM","7"
"Jonjo Shelvey","NEW","M","Drop","Team I_am_Tim","Wed Oct 28, 2020, 10:19AM","7"
"Alphonse Areola","FUL","G","Claim","Midtable Merchant","Wed Oct 28, 2020, 9:03AM","7"
"Bernd Leno","ARS","G","Drop","Midtable Merchant","Wed Oct 28, 2020, 9:03AM","7"
"Tom Cairney","FUL","M","Claim","Leo Gerard U1s Team","Tue Oct 27, 2020, 9:15PM","7"
"Sebastien Haller","WHU","F","Drop","Leo Gerard U1s Team","Tue Oct 27, 2020, 9:15PM","7"
"Cengiz Under","LEI","M","Claim","Leo Gerard U1s Team","Tue Oct 27, 2020, 9:05PM","7"
"Leander Dendoncker","WOL","M","Drop","Leo Gerard U1s Team","Tue Oct 27, 2020, 9:05PM","7"
"Sebastien Haller","WHU","F","Claim","Leo Gerard U1s Team","Tue Oct 27, 2020, 9:02PM","7"
"Tom Cairney","FUL","M","Drop","Leo Gerard U1s Team","Tue Oct 27, 2020, 9:02PM","7"
"Tom Cairney","FUL","M","Claim","Leo Gerard U1s Team","Tue Oct 27, 2020, 9:01PM","7"
"Robin Koch","LEE","D","Claim","Midtable Merchant","Tue Oct 27, 2020, 9:00PM","7"
"Juan Mata","MUN","M","Drop","Midtable Merchant","Tue Oct 27, 2020, 9:00PM","7"
"João Moutinho","WOL","M","Claim","Midtable Merchant","Tue Oct 27, 2020, 9:00PM","7"
"Ashley Barnes","BUR","F","Drop","Midtable Merchant","Tue Oct 27, 2020, 9:00PM","7"
"Antonee Robinson","FUL","D","Claim","Oliver McBurnie's 7.36 FP/G","Tue Oct 27, 2020, 9:00PM","7"
"Michael Keane","EVE","D","Drop","Oliver McBurnie's 7.36 FP/G","Tue Oct 27, 2020, 9:00PM","7"
"Eberechi Eze","CRY","M","Claim","Oliver McBurnie's 7.36 FP/G","Tue Oct 27, 2020, 9:00PM","7"
"Ryan Fraser","NEW","M","Drop","Oliver McBurnie's 7.36 FP/G","Tue Oct 27, 2020, 9:00PM","7"
"Ferran Torres","MCI","F","Claim","Werner's Weiners","Tue Oct 27, 2020, 9:00PM","7"
"Rhian Brewster","LIV/SHU","F","Drop","Werner's Weiners","Tue Oct 27, 2020, 9:00PM","7"
"Stuart Dallas","LEE","M","Claim","The Celtic of FPL","Tue Oct 27, 2020, 9:00PM","7"
"Arthur Masuaku","WHU","D","Drop","The Celtic of FPL","Tue Oct 27, 2020, 9:00PM","7"
"Ashley Barnes","BUR","F","Claim","Midtable Merchant","Mon Oct 26, 2020, 3:26PM","6"
"Tanguy Ndombele","TOT","M","Drop","Midtable Merchant","Mon Oct 26, 2020, 3:26PM","6"
"Tanguy Ndombele","TOT","M","Claim","Midtable Merchant","Mon Oct 26, 2020, 3:26PM","6"
"Steven Bergwijn","TOT","F","Drop","Midtable Merchant","Mon Oct 26, 2020, 3:26PM","6"
"Gylfi Sigurdsson","EVE","M","Drop","Leo Gerard U1s Team","Mon Oct 26, 2020, 6:35AM","7"
"Steven Bergwijn","TOT","F","Claim","Midtable Merchant","Sun Oct 25, 2020, 2:25PM","6"
"Dennis Praet","LEI","M","Drop","Midtable Merchant","Sun Oct 25, 2020, 2:25PM","6"
"Dennis Praet","LEI","M","Claim","Midtable Merchant","Sun Oct 25, 2020, 2:24PM","6"
"Kelechi Iheanacho","LEI","F","Drop","Midtable Merchant","Sun Oct 25, 2020, 2:24PM","6"
"Ryan Fraser","NEW","M","Claim","Oliver McBurnie's 7.36 FP/G","Sun Oct 25, 2020, 11:54AM","6"
"João Moutinho","WOL","M","Drop","Oliver McBurnie's 7.36 FP/G","Sun Oct 25, 2020, 11:54AM","6"
"Kelechi Iheanacho","LEI","F","Claim","Midtable Merchant","Sun Oct 25, 2020, 11:46AM","6"
"Marçal","WOL","D","Drop","Midtable Merchant","Sun Oct 25, 2020, 11:46AM","6"
"Alisson","LIV","G","Claim","Werner's Weiners","Sat Oct 24, 2020, 2:08PM","6"
"Aaron Ramsdale","SHU","G","Drop","Werner's Weiners","Sat Oct 24, 2020, 2:08PM","6"
"Juan Mata","MUN","M","Claim","Midtable Merchant","Sat Oct 24, 2020, 12:27PM","6"
"Cengiz Under","LEI","M","Drop","Midtable Merchant","Sat Oct 24, 2020, 12:27PM","6"
"Scott McTominay","MUN","M","Claim","Gerrard's Firm-footed Rangers","Sat Oct 24, 2020, 11:58AM","6"
"Naby Keita","LIV","M","Drop","Gerrard's Firm-footed Rangers","Sat Oct 24, 2020, 11:58AM","6"
"Jeffrey Schlupp","CRY","M","Claim","The Celtic of FPL","Sat Oct 24, 2020, 9:35AM","6"
"Eberechi Eze","CRY","M","Drop","The Celtic of FPL","Sat Oct 24, 2020, 9:35AM","6"
"Aaron Ramsdale","SHU","G","Claim","Werner's Weiners","Sat Oct 24, 2020, 9:27AM","6"
"Vicente Guaita","CRY","G","Drop","Werner's Weiners","Sat Oct 24, 2020, 9:27AM","6"
"Gylfi Sigurdsson","EVE","M","Claim","Leo Gerard U1s Team","Thu Oct 22, 2020, 4:56PM","6"
"Raphinha","LEE","F","Drop","Leo Gerard U1s Team","Thu Oct 22, 2020, 4:56PM","6"
"Leander Dendoncker","WOL","M","Claim","Leo Gerard U1s Team","Wed Oct 21, 2020, 3:24PM","6"
"Tammy Abraham","CHE","F","Drop","Leo Gerard U1s Team","Wed Oct 21, 2020, 3:24PM","6"
"Pablo Fornals","WHU","M","Claim","Team I_am_Tim","Tue Oct 20, 2020, 9:02PM","6"
"Joe Bryan","FUL","D","Drop","Team I_am_Tim","Tue Oct 20, 2020, 9:02PM","6"
"Rodrigo","LEE","F","Claim","Team I_am_Tim","Tue Oct 20, 2020, 9:02PM","6"
"Adam Lallana","BHA","M","Drop","Team I_am_Tim","Tue Oct 20, 2020, 9:02PM","6"
"Michael Keane","EVE","D","Claim","Oliver McBurnie's 7.36 FP/G","Tue Oct 20, 2020, 9:00PM","6"
"Ryan Bertrand","SOU","D","Drop","Oliver McBurnie's 7.36 FP/G","Tue Oct 20, 2020, 9:00PM","6"
"Oliver McBurnie","SHU","F","Claim","Oliver McBurnie's 7.36 FP/G","Tue Oct 20, 2020, 9:00PM","6"
"Callum Robinson","WBA","F","Drop","Oliver McBurnie's 7.36 FP/G","Tue Oct 20, 2020, 9:00PM","6"
"Luke Ayling","LEE","D","Claim","Oliver McBurnie's 7.36 FP/G","Tue Oct 20, 2020, 9:00PM","6"
"Virgil van Dijk","LIV","D","Drop","Oliver McBurnie's 7.36 FP/G","Tue Oct 20, 2020, 9:00PM","6"
"Karlan Grant","HUD/WBA","F","Claim","Never wanted him anyway","Tue Oct 20, 2020, 9:00PM","6"
"Fabinho","LIV","M","Drop","Never wanted him anyway","Tue Oct 20, 2020, 9:00PM","6"
"Max Kilman","WOL","D","Claim","Jesse's Last Touch","Tue Oct 20, 2020, 9:00PM","6"
"Benjamin Mendy","MCI","D","Drop","Jesse's Last Touch","Tue Oct 20, 2020, 9:00PM","6"
"Theo Walcott","EVE/SOU","M","Claim","Oliver McBurnie's 7.36 FP/G","Tue Oct 20, 2020, 9:00PM","6"
"Dennis Praet","LEI","M","Drop","Oliver McBurnie's 7.36 FP/G","Tue Oct 20, 2020, 9:00PM","6"
"Serge Aurier","TOT","D","Claim","Werner's Weiners","Tue Oct 20, 2020, 9:00PM","6"
"Caglar Soyuncu","LEI","D","Drop","Werner's Weiners","Tue Oct 20, 2020, 9:00PM","6"
"Ezri Konsa","AVL","D","Claim","Tim's Team","Tue Oct 20, 2020, 9:00PM","6"
"Seamus Coleman","EVE","D","Drop","Tim's Team","Tue Oct 20, 2020, 9:00PM","6"
"Wesley Fofana","LEI","D","Claim","The Celtic of FPL","Tue Oct 20, 2020, 9:00PM","6"
"Rob Holding","ARS","D","Drop","The Celtic of FPL","Tue Oct 20, 2020, 9:00PM","6"
"Said Benrahma","WHU","F","Claim","Leo Gerard U1s Team","Tue Oct 20, 2020, 9:00PM","6"
"Tanguy Ndombele","TOT","M","Drop","Leo Gerard U1s Team","Tue Oct 20, 2020, 9:00PM","6"
"Tanguy Ndombele","TOT","M","Claim","Leo Gerard U1s Team","Fri Oct 16, 2020, 11:35AM","5"
"Stuart Dallas","LEE","M","Drop","Leo Gerard U1s Team","Fri Oct 16, 2020, 11:35AM","5"
"Raphinha","LEE","F","Claim","Leo Gerard U1s Team","Thu Oct 15, 2020, 7:21AM","5"
"Ben Mee","BUR","D","Drop","Leo Gerard U1s Team","Thu Oct 15, 2020, 7:21AM","5"
"Benjamin Mendy","MCI","D","Claim","Jesse's Last Touch","Tue Oct 13, 2020, 10:16AM","5"
"Michael Keane","EVE","D","Drop","Jesse's Last Touch","Tue Oct 13, 2020, 10:16AM","5"
"Ederson","MCI","G","Claim","Jesse's Last Touch","Mon Oct 12, 2020, 6:24PM","5"
"David de Gea","MUN","G","Drop","Jesse's Last Touch","Mon Oct 12, 2020, 6:24PM","5"
"Sam Johnstone","WBA","G","Claim","Leo Gerard U1s Team","Fri Oct 9, 2020, 11:01AM","5"
"Ederson","MCI","G","Drop","Leo Gerard U1s Team","Fri Oct 9, 2020, 11:01AM","5"
"Gabriel Magalhaes","ARS","D","Claim","Never wanted him anyway","Thu Oct 8, 2020, 9:00PM","5"
"Joseph Gomez","LIV","D","Drop","Never wanted him anyway","Thu Oct 8, 2020, 9:00PM","5"
"Harry Maguire","MUN","D","Claim","Jesse's Last Touch","Thu Oct 8, 2020, 9:00PM","5"
"Joel Ward","CRY","D","Drop","Jesse's Last Touch","Thu Oct 8, 2020, 9:00PM","5"
"Kurt Zouma","CHE","D","Claim","Tim's Team","Wed Oct 7, 2020, 9:51AM","5"
"Harry Maguire","MUN","D","Drop","Tim's Team","Wed Oct 7, 2020, 9:51AM","5"
"Ben Mee","BUR","D","Claim","Leo Gerard U1s Team","Wed Oct 7, 2020, 9:37AM","5"
"Luke Ayling","LEE","D","Drop","Leo Gerard U1s Team","Wed Oct 7, 2020, 9:37AM","5"
"Donny van de Beek","MUN","M","Claim","Midtable Merchant","Tue Oct 6, 2020, 10:10PM","5"
"Gabriel Magalhaes","ARS","D","Drop","Midtable Merchant","Tue Oct 6, 2020, 10:10PM","5"
"Luke Ayling","LEE","D","Claim","Leo Gerard U1s Team","Tue Oct 6, 2020, 9:30PM","5"
"Charlie Taylor","BUR","D","Drop","Leo Gerard U1s Team","Tue Oct 6, 2020, 9:30PM","5"
"Ederson","MCI","G","Claim","Leo Gerard U1s Team","Tue Oct 6, 2020, 9:02PM","5"
"Jordan Pickford","EVE","G","Drop","Leo Gerard U1s Team","Tue Oct 6, 2020, 9:02PM","5"
"Bukayo Saka","ARS","M","Claim","Gerrard's Firm-footed Rangers","Tue Oct 6, 2020, 9:00PM","5"
"Miguel Almiron","NEW","M","Drop","Gerrard's Firm-footed Rangers","Tue Oct 6, 2020, 9:00PM","5"
"Ryan Bertrand","SOU","D","Claim","Oliver McBurnie's 7.36 FP/G","Tue Oct 6, 2020, 9:00PM","5"
"John Egan","SHU","D","Drop","Oliver McBurnie's 7.36 FP/G","Tue Oct 6, 2020, 9:00PM","5"
"Pierre-Emile Hojbjerg","TOT","M","Claim","Gerrard's Firm-footed Rangers","Tue Oct 6, 2020, 9:00PM","5"
"Allan","EVE","M","Drop","Gerrard's Firm-footed Rangers","Tue Oct 6, 2020, 9:00PM","5"
"Ruben Loftus-Cheek","CHE/FUL","M","Claim","Oliver McBurnie's 7.36 FP/G","Tue Oct 6, 2020, 9:00PM","5"
"Callum Hudson-Odoi","CHE","F","Drop","Oliver McBurnie's 7.36 FP/G","Tue Oct 6, 2020, 9:00PM","5"
"Pedro Neto","WOL","F","Claim","Werner's Weiners","Tue Oct 6, 2020, 9:00PM","5"
"Trézéguet","AVL","M","Claim","Tim's Team","Tue Oct 6, 2020, 9:00PM","5"
"Mark Noble","WHU","M","Drop","Tim's Team","Tue Oct 6, 2020, 9:00PM","5"
"Ademola Lookman","EVE/FUL","F","Claim","Team I_am_Tim","Tue Oct 6, 2020, 9:00PM","5"
"Dan Burn","BHA","D","Drop","Team I_am_Tim","Tue Oct 6, 2020, 9:00PM","5"
"Arthur Masuaku","WHU","D","Claim","The Celtic of FPL","Tue Oct 6, 2020, 9:00PM","5"
"Grady Diangana","WBA","M","Drop","The Celtic of FPL","Tue Oct 6, 2020, 9:00PM","5"
"Aaron Cresswell","WHU","D","Claim","Gerrard's Firm-footed Rangers","Tue Oct 6, 2020, 9:00PM","5"
"Ben Davies","TOT","D","Drop","Gerrard's Firm-footed Rangers","Tue Oct 6, 2020, 9:00PM","5"
"Ben Godfrey","NOR/EVE","D,M","Claim","Oliver McBurnie's 7.36 FP/G","Tue Oct 6, 2020, 9:00PM","5"
"Rúben Neves","WOL","M","Drop","Oliver McBurnie's 7.36 FP/G","Tue Oct 6, 2020, 9:00PM","5"
"Edinson Cavani","MUN","F","Claim","Midtable Merchant","Tue Oct 6, 2020, 9:00PM","5"
"Rodri","MCI","M","Drop","Midtable Merchant","Tue Oct 6, 2020, 9:00PM","5"
"Alex Telles","MUN","D","Claim","Werner's Weiners","Tue Oct 6, 2020, 9:00PM","5"
"Thomas Partey","ARS","M","Claim","Never wanted him anyway","Tue Oct 6, 2020, 9:00PM","5"
"Josh Brownhill","BUR","M","Drop","Never wanted him anyway","Tue Oct 6, 2020, 9:00PM","5"
"Donny van de Beek","MUN","M","Drop","Werner's Weiners","Tue Oct 6, 2020, 8:01PM","5"
"Ferran Torres","MCI","F","Drop","Werner's Weiners","Tue Oct 6, 2020, 8:00PM","5"
"Rúben Neves","WOL","M","Claim","Oliver McBurnie's 7.36 FP/G","Sun Oct 4, 2020, 8:37AM","4"
"Ezri Konsa","AVL","D","Drop","Oliver McBurnie's 7.36 FP/G","Sun Oct 4, 2020, 8:37AM","4"
"Ferran Torres","MCI","F","Claim","Werner's Weiners","Sat Oct 3, 2020, 12:20PM","4"
"Pedro Neto","WOL","F","Drop","Werner's Weiners","Sat Oct 3, 2020, 12:20PM","4"
"Pedro Neto","WOL","F","Claim","Werner's Weiners","Sat Oct 3, 2020, 8:43AM","4"
"Alisson","LIV","G","Drop","Werner's Weiners","Sat Oct 3, 2020, 8:43AM","4"
"Callum Hudson-Odoi","CHE","F","Claim","Oliver McBurnie's 7.36 FP/G","Sat Oct 3, 2020, 6:44AM","4"
"Oliver McBurnie","SHU","F","Drop","Oliver McBurnie's 7.36 FP/G","Sat Oct 3, 2020, 6:44AM","4"
"Tammy Abraham","CHE","F","Claim","Leo Gerard U1s Team","Sat Oct 3, 2020, 6:36AM","4"
"Arthur Masuaku","WHU","D","Drop","Leo Gerard U1s Team","Sat Oct 3, 2020, 6:36AM","4"
"Kyle Walker","MCI","D","Claim","Midtable Merchant","Fri Oct 2, 2020, 8:41AM","4"
"Rodrigo","LEE","F","Drop","Midtable Merchant","Fri Oct 2, 2020, 8:41AM","4"
"Cheikhou Kouyate","CRY","M","Claim","Tim's Team","Fri Oct 2, 2020, 6:57AM","4"
"Gylfi Sigurdsson","EVE","M","Drop","Tim's Team","Fri Oct 2, 2020, 6:57AM","4"
"Ruben Dias","MCI","D","Claim","Jesse's Last Touch","Thu Oct 1, 2020, 9:10PM","4"
"John Fleck","SHU","M","Drop","Jesse's Last Touch","Thu Oct 1, 2020, 9:10PM","4"
"Adam Lallana","BHA","M","Claim","Team I_am_Tim","Thu Oct 1, 2020, 9:07PM","4"
"Scott McTominay","MUN","M","Drop","Team I_am_Tim","Thu Oct 1, 2020, 9:07PM","4"
"Josh Brownhill","BUR","M","Claim","Never wanted him anyway","Wed Sep 30, 2020, 1:45PM","4"
"Kenny Tete","FUL","D","Drop","Never wanted him anyway","Wed Sep 30, 2020, 1:45PM","4"
"Solly March","BHA","M","Claim","Werner's Weiners","Wed Sep 30, 2020, 11:36AM","4"
"Liam Delap","MCI","F","Drop","Werner's Weiners","Wed Sep 30, 2020, 11:36AM","4"
"Arthur Masuaku","WHU","D","Claim","Leo Gerard U1s Team","Wed Sep 30, 2020, 11:26AM","4"
"Benjamin Mendy","MCI","D","Drop","Leo Gerard U1s Team","Wed Sep 30, 2020, 11:26AM","4"
"Ross Barkley","CHE/AVL","M","Claim","Leo Gerard U1s Team","Wed Sep 30, 2020, 7:43AM","4"
"Rúben Vinagre","WOL","D","Drop","Leo Gerard U1s Team","Wed Sep 30, 2020, 7:43AM","4"
"Bertrand Traore","CHE/AVL","M,F","Claim","Jesse's Last Touch","Wed Sep 30, 2020, 3:00AM","4"
"Dele Alli","TOT","M","Drop","Jesse's Last Touch","Wed Sep 30, 2020, 3:00AM","4"
"Callum Robinson","WBA","F","Claim","Oliver McBurnie's 7.36 FP/G","Tue Sep 29, 2020, 9:50PM","4"
"Luke Shaw","MUN","D","Drop","Oliver McBurnie's 7.36 FP/G","Tue Sep 29, 2020, 9:50PM","4"
"Jan Bednarek","SOU","D","Claim","The Celtic of FPL","Tue Sep 29, 2020, 9:09PM","4"
"Jimmy Dunne","BUR","D","Drop","The Celtic of FPL","Tue Sep 29, 2020, 9:09PM","4"
"Rhian Brewster","LIV/SHU","F","Claim","Werner's Weiners","Tue Sep 29, 2020, 9:08PM","4"
"Scott Dann","CRY","D","Drop","Werner's Weiners","Tue Sep 29, 2020, 9:08PM","4"
"Jannik Vestergaard","SOU","D","Claim","Leo Gerard U1s Team","Tue Sep 29, 2020, 9:01PM","4"
"Pedro Neto","WOL","F","Drop","Leo Gerard U1s Team","Tue Sep 29, 2020, 9:01PM","4"
"Matty Cash","AVL","D","Claim","Leo Gerard U1s Team","Tue Sep 29, 2020, 9:00PM","4"
"Karl Darlow","NEW","G","Claim","Tim's Team","Tue Sep 29, 2020, 9:00PM","4"
"Ederson","MCI","G","Drop","Tim's Team","Tue Sep 29, 2020, 9:00PM","4"
"Callum Wilson","NEW","F","Claim","Tim's Team","Tue Sep 29, 2020, 9:00PM","4"
"Jordan Ayew","CRY","F","Drop","Tim's Team","Tue Sep 29, 2020, 9:00PM","4"
"Seamus Coleman","EVE","D","Claim","Tim's Team","Tue Sep 29, 2020, 9:00PM","4"
"Kurt Zouma","CHE","D","Drop","Tim's Team","Tue Sep 29, 2020, 9:00PM","4"
"Jack Harrison","LEE","M","Claim","Team I_am_Tim","Tue Sep 29, 2020, 9:00PM","4"
"Eric Dier","TOT","D","Drop","Team I_am_Tim","Tue Sep 29, 2020, 9:00PM","4"
"Giovani Lo Celso","TOT","M","Claim","The Celtic of FPL","Tue Sep 29, 2020, 9:00PM","4"
"Tammy Abraham","CHE","F","Drop","The Celtic of FPL","Tue Sep 29, 2020, 9:00PM","4"
"Nelson Semedo","WOL","D","Claim","Gerrard's Firm-footed Rangers","Tue Sep 29, 2020, 9:00PM","4"
"Kyle Walker","MCI","D","Drop","Gerrard's Firm-footed Rangers","Tue Sep 29, 2020, 9:00PM","4"
"Eric Dier","TOT","D","Claim","Team I_am_Tim","Sun Sep 27, 2020, 8:10AM","3"
"Ryan Fraser","NEW","M","Drop","Team I_am_Tim","Sun Sep 27, 2020, 8:10AM","3"
"Marcos Alonso","CHE","D","Drop","Leo Gerard U1s Team","Sat Sep 26, 2020, 1:02PM","4"
"Marcos Alonso","CHE","D","Claim","Leo Gerard U1s Team","Sat Sep 26, 2020, 11:44AM","3"
"Callum Wilson","NEW","F","Drop","Leo Gerard U1s Team","Sat Sep 26, 2020, 11:44AM","3"
"Tammy Abraham","CHE","F","Claim","The Celtic of FPL","Sat Sep 26, 2020, 11:37AM","3"
"Fikayo Tomori","CHE","D","Drop","The Celtic of FPL","Sat Sep 26, 2020, 11:37AM","3"
"Fikayo Tomori","CHE","D","Claim","The Celtic of FPL","Sat Sep 26, 2020, 9:38AM","3"
"Jeffrey Schlupp","CRY","M","Drop","The Celtic of FPL","Sat Sep 26, 2020, 9:38AM","3"
"Liam Delap","MCI","F","Claim","Werner's Weiners","Fri Sep 25, 2020, 2:07PM","3"
"Sebastien Haller","WHU","F","Drop","Werner's Weiners","Fri Sep 25, 2020, 2:07PM","3"
"Rúben Vinagre","WOL","D","Claim","Leo Gerard U1s Team","Fri Sep 25, 2020, 10:56AM","3"
"Matty Cash","AVL","D","Drop","Leo Gerard U1s Team","Fri Sep 25, 2020, 10:56AM","3"
"Jeffrey Schlupp","CRY","M","Claim","The Celtic of FPL","Fri Sep 25, 2020, 10:13AM","3"
"Seamus Coleman","EVE","D","Drop","The Celtic of FPL","Fri Sep 25, 2020, 10:13AM","3"
"Sebastien Haller","WHU","F","Claim","Werner's Weiners","Fri Sep 25, 2020, 1:31AM","3"
"Luke Shaw","MUN","D","Claim","Oliver McBurnie's 7.36 FP/G","Thu Sep 24, 2020, 9:00PM","3"
"Jack Harrison","LEE","M","Drop","Oliver McBurnie's 7.36 FP/G","Thu Sep 24, 2020, 9:00PM","3"
"Jarrod Bowen","WHU","M","Claim","Leo Gerard U1s Team","Thu Sep 24, 2020, 9:00PM","3"
"Sebastien Haller","WHU","F","Drop","Leo Gerard U1s Team","Thu Sep 24, 2020, 9:00PM","3"
"Jimmy Dunne","BUR","D","Claim","The Celtic of FPL","Thu Sep 24, 2020, 6:53PM","3"
"Jack O'Connell","SHU","D","Drop","The Celtic of FPL","Thu Sep 24, 2020, 6:53PM","3"
"Thiago Silva","CHE","D","Claim","Oliver McBurnie's 7.36 FP/G","Wed Sep 23, 2020, 9:28PM","3"
"Jonny Evans","LEI","D","Drop","Oliver McBurnie's 7.36 FP/G","Wed Sep 23, 2020, 9:28PM","3"
"Fabinho","LIV","M","Claim","Never wanted him anyway","Wed Sep 23, 2020, 5:56PM","3"
"Wilfred Ndidi","LEI","M","Drop","Never wanted him anyway","Wed Sep 23, 2020, 5:56PM","3"
"Kenny Tete","FUL","D","Claim","Never wanted him anyway","Wed Sep 23, 2020, 5:41PM","3"
"Lewis Dunk","BHA","D","Drop","Never wanted him anyway","Wed Sep 23, 2020, 5:41PM","3"
"Tammy Abraham","CHE","F","Drop","Werner's Weiners","Wed Sep 23, 2020, 2:50PM","3"
"Mason Greenwood","MUN","F","Claim","Werner's Weiners","Thu Sep 24, 2020, 11:05PM","3"
"Mason Greenwood","MUN","F","Drop","Werner's Weiners","Wed Sep 23, 2020, 2:48PM","3"
"Ryan Fredericks","WHU","D","Claim","Werner's Weiners","Wed Sep 23, 2020, 2:45PM","3"
"Conor Coady","WOL","D","Drop","Werner's Weiners","Wed Sep 23, 2020, 2:45PM","3"
"Joel Ward","CRY","D","Claim","Jesse's Last Touch","Wed Sep 23, 2020, 10:32AM","3"
"Adam Lallana","BHA","M","Drop","Jesse's Last Touch","Wed Sep 23, 2020, 10:32AM","3"
"Dennis Praet","LEI","M","Claim","Jesse's Last Touch","Wed Sep 23, 2020, 10:30AM","3"
"Rúben Vinagre","WOL","D","Drop","Jesse's Last Touch","Wed Sep 23, 2020, 10:30AM","3"
"Tyrone Mings","AVL","D","Claim","Werner's Weiners","Wed Sep 23, 2020, 4:40AM","3"
"Giovani Lo Celso","TOT","M","Drop","Werner's Weiners","Wed Sep 23, 2020, 4:40AM","3"
"Pedro Neto","WOL","F","Claim","Leo Gerard U1s Team","Tue Sep 22, 2020, 9:34PM","3"
"Ben White","BHA","D","Drop","Leo Gerard U1s Team","Tue Sep 22, 2020, 9:34PM","3"
"Marçal","WOL","D","Claim","Midtable Merchant","Tue Sep 22, 2020, 9:06PM","3"
"Jeff Hendrick","NEW","M","Drop","Midtable Merchant","Tue Sep 22, 2020, 9:06PM","3"
"Charlie Taylor","BUR","D","Claim","Leo Gerard U1s Team","Tue Sep 22, 2020, 9:06PM","3"
"Scott McTominay","MUN","M","Claim","Team I_am_Tim","Tue Sep 22, 2020, 9:03PM","3"
"Sebastien Haller","WHU","F","Claim","Leo Gerard U1s Team","Tue Sep 22, 2020, 9:02PM","3"
"Jordan Henderson","LIV","M","Drop","Leo Gerard U1s Team","Tue Sep 22, 2020, 9:02PM","3"
"Matty Cash","AVL","D","Claim","Leo Gerard U1s Team","Tue Sep 22, 2020, 9:02PM","3"
"Emiliano Martinez","ARS/AVL","G","Claim","The Celtic of FPL","Tue Sep 22, 2020, 9:01PM","3"
"Aaron Ramsdale","SHU","G","Drop","The Celtic of FPL","Tue Sep 22, 2020, 9:01PM","3"
"Ezri Konsa","AVL","D","Claim","Oliver McBurnie's 7.36 FP/G","Tue Sep 22, 2020, 9:00PM","3"
"Ben Mee","BUR","D","Drop","Oliver McBurnie's 7.36 FP/G","Tue Sep 22, 2020, 9:00PM","3"
"Stuart Dallas","LEE","M","Claim","Leo Gerard U1s Team","Tue Sep 22, 2020, 9:00PM","3"
"Kurt Zouma","CHE","D","Claim","Tim's Team","Tue Sep 22, 2020, 9:00PM","3"
"Serge Aurier","TOT","D","Drop","Tim's Team","Tue Sep 22, 2020, 9:00PM","3"
"Andre-Frank Zambo Anguissa","FUL","M","Claim","Oliver McBurnie's 7.36 FP/G","Tue Sep 22, 2020, 9:00PM","3"
"Ayoze Perez","LEI","M","Drop","Oliver McBurnie's 7.36 FP/G","Tue Sep 22, 2020, 9:00PM","3"
"Cengiz Under","LEI","M","Claim","Midtable Merchant","Tue Sep 22, 2020, 9:00PM","3"
"Luke Shaw","MUN","D","Drop","Midtable Merchant","Tue Sep 22, 2020, 9:00PM","3"
"Sergio Reguilon","TOT","D","Claim","Team I_am_Tim","Tue Sep 22, 2020, 9:00PM","3"
"Gareth Bale","TOT","M,F","Claim","The Celtic of FPL","Tue Sep 22, 2020, 9:00PM","3"
"Oriol Romeu","SOU","M","Drop","The Celtic of FPL","Tue Sep 22, 2020, 9:00PM","3"
"Thiago Alcântara","LIV","M","Claim","Gerrard's Firm-footed Rangers","Tue Sep 22, 2020, 9:00PM","3"
"Jarrod Bowen","WHU","M","Drop","Gerrard's Firm-footed Rangers","Tue Sep 22, 2020, 9:00PM","3"
"Marcos Alonso","CHE","D","Drop","Leo Gerard U1s Team","Tue Sep 22, 2020, 8:04AM","3"
"Pierre-Emile Hojbjerg","TOT","M","Drop","Team I_am_Tim","Tue Sep 22, 2020, 12:23AM","3"
"Eric Dier","TOT","D","Drop","Team I_am_Tim","Sun Sep 20, 2020, 9:41PM","3"
"Sead Kolasinac","ARS","D","Drop","Leo Gerard U1s Team","Sun Sep 20, 2020, 10:50AM","3"
"Jamal Lewis","NEW","D","Drop","Leo Gerard U1s Team","Sun Sep 20, 2020, 10:50AM","3"
"Sead Kolasinac","ARS","D","Claim","Leo Gerard U1s Team","Sat Sep 19, 2020, 2:52PM","2"
"Felipe Anderson","WHU","M","Drop","Leo Gerard U1s Team","Sat Sep 19, 2020, 2:52PM","2"
"Rob Holding","ARS","D","Claim","The Celtic of FPL","Sat Sep 19, 2020, 2:38PM","2"
"Sebastien Haller","WHU","F","Drop","The Celtic of FPL","Sat Sep 19, 2020, 2:38PM","2"
"Yerry Mina","EVE","D","Claim","Never wanted him anyway","Fri Sep 18, 2020, 2:26PM","2"
"Oliver Norwood","SHU","M","Drop","Never wanted him anyway","Fri Sep 18, 2020, 2:26PM","2"
"Conor Coady","WOL","D","Claim","Werner's Weiners","Fri Sep 18, 2020, 12:53PM","2"
"Patrick van Aanholt","CRY","D","Drop","Werner's Weiners","Fri Sep 18, 2020, 12:53PM","2"
"Michael Keane","EVE","D","Claim","Jesse's Last Touch","Thu Sep 17, 2020, 12:42PM","2"
"Luke Ayling","LEE","D","Drop","Jesse's Last Touch","Thu Sep 17, 2020, 12:42PM","2"
"Hector Bellerin","ARS","D","Claim","Team I_am_Tim","Thu Sep 17, 2020, 12:17AM","2"
"Rúben Neves","WOL","M","Drop","Team I_am_Tim","Thu Sep 17, 2020, 12:17AM","2"
"Georginio Wijnaldum","LIV","M","Claim","Tim's Team","Wed Sep 16, 2020, 6:52AM","2"
"Kepa","CHE","G","Drop","Tim's Team","Wed Sep 16, 2020, 6:52AM","2"
"Andros Townsend","CRY","M","Claim","Leo Gerard U1s Team","Tue Sep 15, 2020, 9:35PM","2"
"Kurt Zouma","CHE","D","Drop","Leo Gerard U1s Team","Tue Sep 15, 2020, 9:35PM","2"
"Vicente Guaita","CRY","G","Claim","Werner's Weiners","Tue Sep 15, 2020, 9:33PM","2"
"Pablo Hernández","LEE","M","Drop","Werner's Weiners","Tue Sep 15, 2020, 9:33PM","2"
"Scott Dann","CRY","D","Claim","Werner's Weiners","Tue Sep 15, 2020, 9:31PM","2"
"Bukayo Saka","ARS","M","Drop","Werner's Weiners","Tue Sep 15, 2020, 9:31PM","2"
"Jeff Hendrick","NEW","M","Claim","Midtable Merchant","Tue Sep 15, 2020, 9:23PM","2"
"Moise Kean","EVE","F","Drop","Midtable Merchant","Tue Sep 15, 2020, 9:23PM","2"
"Seamus Coleman","EVE","D","Claim","The Celtic of FPL","Tue Sep 15, 2020, 9:01PM","2"
"Jan Bednarek","SOU","D","Drop","The Celtic of FPL","Tue Sep 15, 2020, 9:01PM","2"
"Hélder Costa","LEE","F","Claim","Gerrard's Firm-footed Rangers","Tue Sep 15, 2020, 9:00PM","2"
"Andreas Christensen","CHE","D","Drop","Gerrard's Firm-footed Rangers","Tue Sep 15, 2020, 9:00PM","2"
"Jordan Pickford","EVE","G","Claim","Leo Gerard U1s Team","Tue Sep 15, 2020, 9:00PM","2"
"Sam Johnstone","WBA","G","Drop","Leo Gerard U1s Team","Tue Sep 15, 2020, 9:00PM","2"
"Jamal Lewis","NEW","D","Claim","Leo Gerard U1s Team","Tue Sep 15, 2020, 9:00PM","2"
"Michy Batshuayi","CRY","F","Drop","Leo Gerard U1s Team","Tue Sep 15, 2020, 9:00PM","2"
"James Justin","LEI","D","Claim","Tim's Team","Tue Sep 15, 2020, 9:00PM","2"
"George Baldock","SHU","D","Drop","Tim's Team","Tue Sep 15, 2020, 9:00PM","2"
"Jack Harrison","LEE","M","Claim","Oliver McBurnie's 7.36 FP/G","Tue Sep 15, 2020, 9:00PM","2"
"Matt Ritchie","NEW","M","Drop","Oliver McBurnie's 7.36 FP/G","Tue Sep 15, 2020, 9:00PM","2"
"Callum Wilson","NEW","F","Claim","Leo Gerard U1s Team","Tue Sep 15, 2020, 9:00PM","2"
"Steven Bergwijn","TOT","F","Drop","Leo Gerard U1s Team","Tue Sep 15, 2020, 9:00PM","2"
"Jorginho","CHE","M","Claim","Tim's Team","Mon Sep 14, 2020, 2:46PM","1"
"Mateo Kovacic","CHE","M","Drop","Tim's Team","Mon Sep 14, 2020, 2:46PM","1"
"Andreas Christensen","CHE","D","Claim","Gerrard's Firm-footed Rangers","Mon Sep 14, 2020, 2:42PM","1"
"Thiago Silva","CHE","D","Drop","Gerrard's Firm-footed Rangers","Mon Sep 14, 2020, 2:42PM","1"
"Kepa","CHE","G","Claim","Tim's Team","Mon Sep 14, 2020, 2:30PM","1"
"Ashley Westwood","BUR","M","Drop","Tim's Team","Mon Sep 14, 2020, 2:30PM","1"
"Kyle Walker-Peters","SOU","D","Claim","Gerrard's Firm-footed Rangers","Sat Sep 12, 2020, 9:47AM","1"
"Takumi Minamino","LIV/SOU","F","Drop","Gerrard's Firm-footed Rangers","Sat Sep 12, 2020, 9:47AM","1"
"Luke Shaw","MUN","D","Claim","Midtable Merchant","Fri Sep 11, 2020, 10:58AM","1"
"Cédric Soares","ARS","D","Drop","Midtable Merchant","Fri Sep 11, 2020, 10:58AM","1"
"Oliver Norwood","SHU","M","Claim","Never wanted him anyway","Thu Sep 10, 2020, 10:25PM","1"
"Matty Cash","AVL","D","Drop","Never wanted him anyway","Thu Sep 10, 2020, 10:25PM","1"
"Oriol Romeu","SOU","M","Claim","The Celtic of FPL","Thu Sep 10, 2020, 9:11PM","1"
"Liam Cooper","LEE","D","Drop","The Celtic of FPL","Thu Sep 10, 2020, 9:11PM","1"
"Kurt Zouma","CHE","D","Claim","Leo Gerard U1s Team","Thu Sep 10, 2020, 9:05PM","1"
"James Justin","LEI","D","Drop","Leo Gerard U1s Team","Thu Sep 10, 2020, 9:05PM","1"
"Michy Batshuayi","CRY","F","Claim","Leo Gerard U1s Team","Thu Sep 10, 2020, 9:01PM","1"
"Jack Harrison","LEE","M","Drop","Leo Gerard U1s Team","Thu Sep 10, 2020, 9:01PM","1"
"Mark Noble","WHU","M","Claim","Tim's Team","Thu Sep 10, 2020, 9:00PM","1"
"Joelinton","NEW","F","Drop","Tim's Team","Thu Sep 10, 2020, 9:00PM","1"
