"ID","Player","Team","Position","RkOv","Status","Opponent","FPts","FP/G","Ros","+/-","GP","Min","G","A","KP","AFKG","APKG","SOT","TkW","DIS","YC","RC","ACNC","Int","CLR","CoS","BS","AER","PKM","PKD","OG","GAO","CS"
"*051k8*","Conor Gallagher","CRY","M","25","DYCHE","MUN 0<br/>@CRY 1 F","27.5","27.5","50%","+1%","1","90","1","0","4","0","0","1","2","1","0","0","2","2","0","1","0","0","0","0","0","0","1"
"*03srg*","Trent Alexander-Arnold","LIV","D","3","HALE","WOL 1<br/>@LIV 3 F","27.25","27.25","0%","0%","1","90","1","1","4","0","0","1","0","0","1","0","3","4","1","0","0","0","0","0","0","3","0"
"*0520r*","Leandro Trossard","BHA","M","34","Noah B","WHU 1<br/>@BHA 3 F","24.5","24.5","91%","+3%","1","90","1","0","3","0","0","3","1","2","0","0","1","0","1","0","0","0","0","1","0","1","0"
"*0570n*","Joao Cancelo","MCI","D","5","RK U8","AVL 2<br/>@MCI 3 F","23.75","23.75","0%","0%","1","90","0","1","1","0","0","2","2","0","1","0","1","1","0","2","0","0","0","0","0","0","1"
"*04e1e*","Ben White","ARS","D","121","I_am_Tim","EVE 1<br/>@ARS 5 F","22.25","22.25","70%","-1%","1","90","0","0","0","0","0","0","0","0","0","0","0","3","6","2","3","6","0","0","0","0","1"
"*05os7*","Raphinha","LEE","M","10","Noah B","LEE 2<br/>@BRF 1 F","21.75","21.75","0%","0%","1","90","1","0","4","0","0","1","0","1","1","0","0","2","1","2","0","1","0","0","0","1","0"
"*05tr9*","Mathias Jensen","BRF","M","189","ARA","LEE 2<br/>@BRF 1 F","20.5","20.5","50%","0%","1","90","0","0","7","0","0","0","0","2","0","0","3","0","0","4","0","1","0","0","0","2","0"
"*051k7*","Reece James","CHE","D","36","DYCHE","WAT 1<br/>@CHE 2 F","19.25","19.25","95%","+3%","1","90","0","1","5","0","0","0","1","2","1","0","3","0","0","2","0","1","0","0","0","1","0"
"*05w9r*","Takehiro Tomiyasu","ARS","D","182","FA","EVE 1<br/>@ARS 5 F","19","19","0%","0%","1","90","0","0","2","0","0","0","3","0","1","0","2","1","4","0","0","3","0","0","0","0","1"
"*051lc*","Pablo Fornals","WHU","M","55","DYCHE","WHU 1<br/>@BHA 3 F","18.5","18.5","0%","0%","1","90","1","0","2","0","0","1","0","1","0","0","0","1","1","1","0","3","0","0","0","2","0"
"*05u5d*","Boubakary Soumare","LEI","M","314","FA","SOU 1<br/>@LEI 4 F","18.25","18.25","0%","0%","1","90","0","1","2","0","0","0","3","0","0","0","0","1","1","2","0","2","0","0","0","1","0"
"*02oq8*","James Ward-Prowse","SOU","M","8","Noah B","SOU 1<br/>@LEI 4 F","18","18","32%","-6%","1","90","0","0","4","0","0","1","2","2","0","0","3","0","2","0","1","2","0","0","0","0","1"
"*035mq*","Isaac Hayden","NEW","M","340","FA","NEW 2<br/>@BUR 1 F","17.25","17.25","0%","0%","1","90","1","0","0","0","0","1","4","1","0","0","0","1","0","0","0","1","0","0","0","1","0"
"*03arh*","Kurt Zouma","CHE/WHU","D","234","FA","WHU 1<br/>@BHA 3 F","17.25","17.25","0%","0%","1","90","1","0","0","0","0","1","0","0","0","0","0","2","7","0","3","2","0","0","0","2","0"
"*046c5*","Jarrod Bowen","WHU","M","11","Laeka B","WHU 1<br/>@BHA 3 F","16.5","16.5","100%","0%","1","83","0","2","2","0","0","0","0","1","0","0","0","0","0","1","0","0","0","0","0","2","0"
"*04fk6*","Bernardo Silva","MCI","M","18","I_am_Tim","AVL 2<br/>@MCI 3 F","16.5","16.5","94%","0%","1","90","1","0","1","0","0","1","2","0","1","0","0","0","0","2","0","0","0","0","0","0","1"
"*05uoc*","Cristian Romero","TOT","D","193","FA","TOT 5<br/>@NOR 0 F","16.5","16.5","50%","-1%","1","90","0","0","0","0","0","0","3","0","1","0","0","1","2","0","4","3","0","0","0","0","1"
"*04gs4*","Mathias Antonsen Normann","BHA/NOR","M","239","FA","TOT 5<br/>@NOR 0 F","16.5","16.5","0%","0%","1","90","1","0","0","0","0","1","2","0","1","0","0","2","4","1","0","1","0","0","0","1","0"
"*0327v*","Wilfried Zaha","CRY","F","32","Noah B","MUN 0<br/>@CRY 1 F","16.5","16.5","0%","0%","1","90","1","0","2","0","0","1","2","7","0","0","0","0","1","2","0","1","0","0","0","0","1"
"*0327r*","Michael Keane","EVE","D","79","RK U8","EVE 1<br/>@ARS 5 F","16.25","16.25","71%","+3%","1","90","0","0","0","0","0","0","0","0","0","0","0","5","0","1","2","1","0","0","0","0","1"
"*05akv*","Tyrick Mitchell","CRY","D","116","DYCHE","MUN 0<br/>@CRY 1 F","15.75","15.75","97%","0%","1","90","0","0","2","0","0","0","1","1","0","0","0","2","2","0","0","2","0","0","0","0","1"
"*05tr1*","Ethan Pinnock","BRF","D","48","FA","LEE 2<br/>@BRF 1 F","15.75","15.75","3%","0%","1","90","0","0","1","0","0","1","5","0","0","0","1","1","1","0","0","7","0","0","0","2","0"
"*04mi4*","Callum Hudson-Odoi","CHE","M,F","271","FA","WAT 1<br/>@CHE 2 F","15.5","15.5","51%","-2%","1","84","0","0","5","0","0","2","0","1","0","0","1","0","0","1","0","0","0","0","0","1","0"
"*03ar4*","Adam Armstrong","SOU","F","274","FA","SOU 1<br/>@LEI 4 F","15.5","15.5","5%","0%","1","80","1","0","0","0","0","1","1","3","0","0","0","1","0","3","0","1","0","0","0","0","1"
"*02oo1*","Ben Davies","TOT","D","119","RyRob","TOT 5<br/>@NOR 0 F","15.5","15.5","1%","0%","1","90","0","0","1","0","0","0","2","0","0","0","0","1","3","0","0","3","0","0","0","0","1"
"*05o4b*","Matty Cash","AVL","D","30","I_am_Tim","AVL 2<br/>@MCI 3 F","15.25","15.25","80%","-1%","1","90","0","0","0","0","0","0","3","0","0","0","0","5","1","2","0","5","0","0","0","1","0"
"*04abn*","Harvey Barnes","LEI","M","63","Noah B","SOU 1<br/>@LEI 4 F","15.25","15.25","69%","+9%","1","69","1","0","0","0","0","2","1","0","0","0","0","0","0","1","0","0","0","0","0","1","0"
"*02lpf*","Ross Barkley","CHE","M","384","FA","WAT 1<br/>@CHE 2 F","15.25","15.25","11%","-2%","1","72","0","0","5","0","0","0","0","4","0","0","0","1","0","4","0","2","0","0","0","0","1"
"*05u99*","Nuno Tavares","ARS","D","287","Laeka B","EVE 1<br/>@ARS 5 F","15","15","0%","0%","1","90","0","0","0","0","0","0","1","1","0","0","2","0","1","4","0","2","0","0","0","0","1"
"*05n5p*","Mohammed Salisu","SOU","D","80","FA","SOU 1<br/>@LEI 4 F","14.75","14.75","0%","0%","1","90","0","0","0","0","0","0","2","0","1","0","0","2","3","0","0","5","0","0","0","0","1"
"*05s08*","Valentino Livramento","SOU","D","159","FA","SOU 1<br/>@LEI 4 F","14.5","14.5","42%","-1%","1","90","0","0","0","0","0","0","2","1","0","0","0","4","2","0","1","0","0","0","0","0","1"
"*02llz*","Ciaran Clark","NEW","D","400","FA","NEW 2<br/>@BUR 1 F","14.25","14.25","0%","0%","1","90","0","1","1","0","0","0","2","0","0","0","0","1","2","0","1","2","0","0","0","1","0"
"*05ubg*","Pierre Lees-Melou","NOR","M","154","FA","TOT 5<br/>@NOR 0 F","14.25","14.25","0%","0%","1","90","0","0","3","0","0","0","3","1","0","0","1","1","3","1","1","0","0","0","0","1","0"
"*05o6w*","Allan","EVE","M","205","FA","EVE 1<br/>@ARS 5 F","14.25","14.25","0%","0%","1","81","0","0","3","0","0","0","3","0","0","0","0","0","0","3","0","1","0","0","0","0","1"
"*05ohc*","Sergio Reguilon","TOT","D","73","FA","TOT 5<br/>@NOR 0 F","14","14","0%","0%","1","70","0","0","1","0","0","0","0","0","1","0","1","2","2","2","0","2","0","0","0","0","1"
"*04sat*","Emile Smith Rowe","ARS","M","70","HALE","EVE 1<br/>@ARS 5 F","13.75","13.75","33%","+2%","1","85","1","0","0","0","0","1","0","2","0","0","0","0","1","2","0","1","0","0","0","0","1"
"*051kl*","Emiliano Buendia","AVL","M","68","YUM","AVL 2<br/>@MCI 3 F","13.5","13.5","30%","+1%","1","70","0","0","4","0","0","1","2","0","0","0","0","0","0","1","0","0","0","0","0","1","0"
"*02lla*","James McArthur","CRY","M","200","FA","MUN 0<br/>@CRY 1 F","13.5","13.5","0%","0%","1","79","0","1","1","0","0","0","1","1","0","0","0","2","1","1","0","0","0","0","0","0","1"
"*03pie*","Divock Origi","LIV","F","391","FA","WOL 1<br/>@LIV 3 F","13.5","13.5","0%","0%","1","13","1","0","0","0","0","2","0","0","0","0","0","0","0","0","0","1","0","0","0","0","0"
"*04fk9*","Jan Bednarek","SOU","D","102","FA","SOU 1<br/>@LEI 4 F","13","13","0%","0%","1","90","0","0","0","0","0","0","0","0","0","0","0","2","6","0","0","3","0","0","0","0","1"
"*051ki*","Ben Godfrey","EVE","D","267","FA","EVE 1<br/>@ARS 5 F","13","13","0%","0%","1","90","0","0","1","0","0","1","0","0","0","0","0","1","3","0","1","0","0","0","0","0","1"
"*051ks*","Teemu Pukki","NOR","F","87","RK U8","TOT 5<br/>@NOR 0 F","13","13","0%","0%","1","77","1","0","0","0","0","1","0","1","0","0","0","0","0","0","0","1","0","1","0","1","0"
"*03aqp*","Mohamed Salah","LIV","F","2","Laeka B","WOL 1<br/>@LIV 3 F","12.5","12.5","97%","0%","1","90","0","1","2","0","0","0","0","0","0","0","0","0","0","2","0","1","0","0","0","3","0"
"*02lp9*","Kyle Walker","MCI","D","253","FA","AVL 2<br/>@MCI 3 F","12.5","12.5","11%","0%","1","90","0","0","1","0","0","0","1","0","0","0","1","1","0","1","0","0","0","0","0","0","1"
"*02lpl*","Seamus Coleman","EVE","D","219","RyRob","EVE 1<br/>@ARS 5 F","12.5","12.5","0%","0%","1","90","0","0","0","0","0","0","2","0","0","0","0","1","3","2","0","0","0","0","0","0","1"
"*03yq8*","Demarai Gray","EVE","F","60","McGinn","EVE 1<br/>@ARS 5 F","12.5","12.5","0%","0%","1","88","0","0","1","0","0","0","3","1","0","0","2","1","1","4","0","0","0","0","0","0","1"
"*05o6h*","Kai Havertz","CHE","M","110","DYCHE","WAT 1<br/>@CHE 2 F","12.25","12.25","76%","-1%","1","90","1","0","0","0","0","1","0","0","0","0","0","1","0","0","0","0","0","0","0","1","0"
"*02oox*","Kevin De Bruyne","MCI","M","4","McGinn","AVL 2<br/>@MCI 3 F","12.25","12.25","0%","0%","1","90","0","0","4","0","0","1","0","1","0","0","0","1","0","0","0","1","0","0","0","0","1"
"*04tm0*","Lucas Digne","EVE/AVL","D","74","YUM","AVL 2<br/>@MCI 3 F","11.75","11.75","60%","-3%","1","90","0","0","1","0","0","0","0","0","0","0","1","1","2","0","1","0","0","0","0","0","1"
"*0372y*","Matt Targett","AVL/NEW","D","65","DYCHE","NEW 2<br/>@BUR 1 F","11.75","11.75","0%","0%","1","90","0","0","2","0","0","0","1","2","0","0","1","1","1","1","1","5","0","0","0","1","0"
"*05n02*","Stuart Dallas","LEE","M","51","FA","LEE 2<br/>@BRF 1 F","11.75","11.75","0%","0%","1","90","0","0","2","0","0","0","2","1","0","0","2","2","3","0","0","1","0","0","0","1","0"
"*03m3q*","Ainsley Maitland-Niles","ARS","M","421","FA","EVE 1<br/>@ARS 5 F","11.75","11.75","0%","0%","1","90","0","0","1","0","0","0","3","1","0","0","0","2","2","2","0","1","0","0","0","0","1"
"*02yl5*","John Stones","MCI","D","222","McGinn","AVL 2<br/>@MCI 3 F","11.5","11.5","4%","0%","1","90","0","0","0","0","0","0","0","0","0","0","0","0","2","0","0","5","0","0","0","0","1"
"*05w9m*","Emerson Royal","TOT","D","96","ARA","TOT 5<br/>@NOR 0 F","11.5","11.5","0%","0%","1","90","0","0","0","0","0","0","1","1","0","0","0","1","2","0","0","3","0","0","0","0","1"
"*05twm*","Milot Rashica","NOR","M","156","FA","TOT 5<br/>@NOR 0 F","11.5","11.5","0%","0%","1","88","0","0","1","0","0","3","0","1","0","0","0","0","4","2","0","2","0","0","0","1","0"
"*03632*","Matej Vydra","BUR","F","321","FA","NEW 2<br/>@BUR 1 F","11.5","11.5","0%","0%","1","19","1","0","0","0","0","1","0","0","0","0","0","0","0","0","1","1","0","0","0","0","0"
"*05trb*","Bryan Mbeumo","BRF","F","89","ARA","LEE 2<br/>@BRF 1 F","11.25","11.25","100%","0%","1","90","0","0","3","0","0","0","2","1","0","0","1","1","0","0","0","2","0","0","0","2","0"
"*05nzu*","Gabriel Magalhaes","ARS","D","100","RK U8","EVE 1<br/>@ARS 5 F","11","11","100%","0%","1","90","0","0","1","0","0","1","1","0","1","0","0","0","3","0","1","0","0","0","0","0","1"
"*02lk5*","Jordan Henderson","LIV","M","108","RK U8","WOL 1<br/>@LIV 3 F","11","11","5%","0%","1","90","0","0","3","0","0","0","1","0","0","0","2","0","1","1","0","1","0","0","0","3","0"
"*05tr0*","Charlie Goode","BRF","D","396","FA","LEE 2<br/>@BRF 1 F","11","11","0%","0%","1","77","0","0","3","0","0","0","1","1","1","0","0","0","1","1","0","7","0","0","0","1","0"
"*05os8*","Joachim Andersen","CRY","D","111","YUM","MUN 0<br/>@CRY 1 F","10.75","10.75","50%","-1%","1","90","0","0","0","0","0","0","0","0","0","0","0","3","0","0","0","1","0","0","0","0","1"
"*02lpn*","Eric Dier","TOT","D","109","I_am_Tim","TOT 5<br/>@NOR 0 F","10.25","10.25","0%","0%","1","90","0","0","0","0","0","0","0","0","0","0","0","0","5","0","1","2","0","0","0","0","1"
"*0329y*","Joel Ward","CRY","D","206","FA","MUN 0<br/>@CRY 1 F","10.25","10.25","0%","0%","1","90","0","0","0","0","0","0","2","3","0","0","0","1","0","2","0","0","0","0","0","0","1"
"*05tqz*","Rico Henry","BRF","D","179","McGinn","LEE 2<br/>@BRF 1 F","10","10","2%","0%","1","68","1","0","0","0","0","1","0","3","0","0","0","0","2","2","0","1","0","0","0","2","0"
"*03eki*","Cheikhou Kouyate","CRY","D,M","191","FA","MUN 0<br/>@CRY 1 F","10","10","0%","0%","1","90","0","0","0","0","0","0","5","2","0","0","0","1","0","1","0","3","0","0","0","0","1"
"*059j3*","Brandon Williams","MUN/NOR","D","308","FA","TOT 5<br/>@NOR 0 F","10","10","0%","0%","1","90","0","0","2","0","0","0","0","0","0","0","0","1","3","4","0","2","0","0","0","1","0"
"*05omu*","Ruben Dias","MCI","D","85","FA","AVL 2<br/>@MCI 3 F","9.75","9.75","73%","0%","1","90","0","0","0","0","0","0","1","0","0","0","0","0","2","1","1","0","0","0","0","0","1"
"*02m4d*","Craig Dawson","WHU","D","107","HALE","WHU 1<br/>@BHA 3 F","9.75","9.75","0%","0%","1","67","0","0","0","0","0","1","1","0","0","0","0","2","4","2","3","2","0","0","0","2","0"
"*04aiz*","Wilfred Ndidi","LEI","M","228","FA","SOU 1<br/>@LEI 4 F","9.75","9.75","0%","0%","1","90","0","0","0","0","0","0","4","0","1","0","0","2","7","0","0","5","0","0","0","1","0"
"*04spq*","Jack Harrison","LEE","M","44","RyRob","LEE 2<br/>@BRF 1 F","9.5","9.5","3%","0%","1","82","0","0","1","0","0","1","2","2","0","0","0","0","0","4","0","0","0","0","0","1","0"
"*05mxa*","Joel Veltman","BHA","D","95","FA","WHU 1<br/>@BHA 3 F","9.5","9.5","3%","0%","1","90","0","0","2","0","0","0","3","1","0","0","1","2","3","0","0","0","0","0","0","1","0"
"*05trk*","Saman Ghoddos","BRF","M,F","346","FA","LEE 2<br/>@BRF 1 F","9.5","9.5","0%","0%","1","45","0","1","1","0","0","0","0","0","0","0","1","0","0","0","0","1","0","0","0","0","0"
"*0522s*","Che Adams","SOU","F","113","Noah B","SOU 1<br/>@LEI 4 F","9.25","9.25","0%","0%","1","90","0","0","1","0","0","1","0","0","0","0","0","1","3","3","0","2","0","0","0","0","1"
"*04qfy*","Ricardo Pereira","LEI","D","303","FA","SOU 1<br/>@LEI 4 F","9.25","9.25","0%","0%","1","90","0","0","0","0","0","0","4","0","0","0","0","1","4","1","0","3","0","0","0","1","0"
"*04360*","Ben Gibson","NOR","D","288","FA","TOT 5<br/>@NOR 0 F","9.25","9.25","0%","0%","1","90","0","0","0","0","0","0","0","0","0","0","0","0","9","0","1","8","0","0","0","1","0"
"*05trt*","Andrew Omobamidele","NOR","D","426","FA","TOT 5<br/>@NOR 0 F","9.25","9.25","0%","0%","1","90","0","0","0","0","0","0","1","0","1","0","0","3","5","0","4","3","0","0","0","1","0"
"*04fyc*","Charlie Taylor","BUR","D","114","FA","NEW 2<br/>@BUR 1 F","9.25","9.25","0%","0%","1","90","0","0","0","0","0","0","0","1","0","0","1","5","6","0","3","0","0","0","0","1","0"
"*05w9i*","Marc Cucurella","BHA","D","43","I_am_Tim","WHU 1<br/>@BHA 3 F","8.75","8.75","97%","0%","1","90","0","0","2","0","0","0","3","0","0","0","1","0","0","0","0","2","0","0","0","1","0"
"*02oq3*","Jay Rodriguez","BUR","F","262","FA","NEW 2<br/>@BUR 1 F","8.75","8.75","0%","0%","1","28","0","1","1","0","0","0","1","2","0","0","0","0","0","0","0","1","0","0","0","0","0"
"*04p0d*","Dwight McNeil","BUR","M","23","DYCHE","NEW 2<br/>@BUR 1 F","8.25","8.25","40%","-5%","1","90","0","0","0","0","0","0","3","0","0","0","1","2","2","0","0","1","0","0","0","1","0"
"*0411y*","Sergi Canos","BRF","F","209","FA","LEE 2<br/>@BRF 1 F","8.25","8.25","0%","0%","1","90","0","0","0","0","0","2","1","0","0","0","1","0","0","2","0","0","0","0","0","2","0"
"*030v5*","Andreas Christensen","CHE","D","210","FA","WAT 1<br/>@CHE 2 F","8.25","8.25","0%","0%","1","90","0","0","1","0","0","0","0","0","0","0","0","1","0","0","0","7","0","0","0","1","0"
"*04y92*","Bukayo Saka","ARS","M","7","HALE","EVE 1<br/>@ARS 5 F","8","8","100%","0%","1","88","0","0","2","0","0","0","0","2","0","0","1","0","0","3","0","0","0","0","0","0","1"
"*050jq*","Marc Guehi","CRY","D","135","FA","MUN 0<br/>@CRY 1 F","8","8","98%","0%","1","90","0","0","0","0","0","0","0","0","1","0","0","1","3","1","0","1","0","0","0","0","1"
"*05a6d*","Tariq Lamptey","BHA","D","207","FA","WHU 1<br/>@BHA 3 F","8","8","0%","0%","1","74","0","0","2","0","0","1","0","3","0","0","3","0","2","1","0","1","0","0","0","1","0"
"*05w9q*","Odsonne Edouard","CRY","F","168","DYCHE","MUN 0<br/>@CRY 1 F","8","8","0%","0%","1","79","0","0","1","0","0","2","0","5","0","0","0","0","0","4","0","1","0","0","0","0","1"
"*02w6v*","Christian Benteke","CRY","F","247","FA","MUN 0<br/>@CRY 1 F","8","8","0%","0%","1","88","0","0","0","0","0","2","0","1","0","0","0","0","4","1","0","7","0","0","0","0","1"
"*02m87*","Oriol Romeu","SOU","M","56","FA","SOU 1<br/>@LEI 4 F","8","8","0%","0%","1","90","0","0","0","0","0","0","2","0","1","0","0","1","3","3","0","3","0","0","0","0","1"
"*04qr8*","Diogo Jota","LIV","F","20","HALE","WOL 1<br/>@LIV 3 F","8","8","0%","0%","1","75","0","0","2","0","0","0","1","0","0","0","0","1","0","1","0","1","0","0","0","3","0"
"*05nt7*","Thiago Silva","CHE","D","71","DYCHE","WAT 1<br/>@CHE 2 F","8","8","0%","0%","1","90","0","0","0","0","0","0","3","0","0","0","0","0","1","0","0","6","0","0","0","1","0"
"*04yo7*","Youri Tielemans","LEI","M","45","I_am_Tim","SOU 1<br/>@LEI 4 F","7.75","7.75","85%","-3%","1","76","0","0","1","0","0","1","1","1","0","0","0","1","3","1","0","0","0","0","0","1","0"
"*04t95*","Oliver Skipp","TOT","M","338","FA","TOT 5<br/>@NOR 0 F","7.75","7.75","0%","0%","1","90","0","0","2","0","0","0","1","0","1","0","0","2","0","0","1","0","0","0","0","0","1"
"*051k0*","John McGinn","AVL","M","19","McGinn","AVL 2<br/>@MCI 3 F","7.5","7.5","69%","0%","1","90","0","0","1","0","0","0","1","1","0","0","1","2","1","1","0","0","0","0","0","1","0"
"*045c8*","Gabriel Jesus","MCI","F","38","McGinn","AVL 2<br/>@MCI 3 F","7.5","7.5","10%","0%","1","90","0","0","3","0","0","1","0","2","0","0","0","0","1","0","0","1","0","0","0","0","1"
"*04t3s*","Joao Moutinho","WOL","M","93","FA","WOL 1<br/>@LIV 3 F","7.5","7.5","0%","0%","1","90","0","0","1","0","0","1","2","1","1","0","1","1","1","1","0","0","0","0","0","2","0"
"*05n03*","Kalvin Phillips","LEE","M","279","FA","LEE 2<br/>@BRF 1 F","7","7","0%","0%","1","90","0","0","1","0","0","1","0","3","0","0","0","3","1","0","0","1","0","0","0","1","0"
"*04fw3*","Alexandre Lacazette","ARS","F","141","FA","EVE 1<br/>@ARS 5 F","7","7","0%","0%","1","68","0","0","1","0","0","1","0","0","0","0","0","0","0","1","0","0","0","1","0","0","1"
"*05ue3*","Albert Sambi Lokonga","ARS","M","285","FA","EVE 1<br/>@ARS 5 F","6.75","6.75","0%","0%","1","90","0","0","0","0","0","2","1","0","1","0","0","1","1","0","0","2","0","0","0","0","1"
"*04rd1*","Stuart Armstrong","SOU","M","213","McGinn","SOU 1<br/>@LEI 4 F","6.75","6.75","0%","0%","1","55","0","0","2","0","0","0","0","1","0","0","1","1","0","1","0","0","0","0","0","0","0"
"*03srm*","N'Golo Kante","CHE","M","125","RyRob","WAT 1<br/>@CHE 2 F","6.75","6.75","0%","0%","1","84","0","0","1","0","0","0","1","1","0","0","0","0","0","3","0","2","0","0","0","1","0"
"*05nnx*","Rodrigo","LEE","F","143","YUM","LEE 2<br/>@BRF 1 F","6.75","6.75","0%","0%","1","90","0","0","1","0","0","2","0","3","0","0","0","1","1","1","0","0","0","0","0","1","0"
"*0427d*","James Tarkowski","BUR","D","28","HALE","NEW 2<br/>@BUR 1 F","6.5","6.5","99%","0%","1","90","0","0","0","0","0","0","1","0","1","0","0","2","3","0","3","3","0","0","0","1","0"
"*05ocl*","Ollie Watkins","AVL","F","49","FA","AVL 2<br/>@MCI 3 F","6.5","6.5","99%","0%","1","90","0","0","2","0","0","0","0","1","0","0","0","0","1","1","0","4","0","0","0","1","0"
"*05oyq*","Said Benrahma","WHU","F","58","RK U8","WHU 1<br/>@BHA 3 F","6.5","6.5","0%","0%","1","85","0","0","2","0","0","0","0","0","0","0","1","0","1","1","0","1","0","0","0","2","0"
"*02lm3*","Fabian Delph","EVE","M","356","FA","EVE 1<br/>@ARS 5 F","6.5","6.5","0%","0%","1","59","0","0","1","0","0","0","3","0","1","0","0","2","1","0","0","0","0","0","0","0","0"
"*04qr6*","Ruben Neves","WOL","M","69","RyRob","WOL 1<br/>@LIV 3 F","6.5","6.5","0%","0%","1","90","0","0","0","0","0","0","3","0","0","0","0","1","0","1","0","1","0","0","0","2","0"
"*02oq6*","Luke Shaw","MUN","D","256","FA","MUN 0<br/>@CRY 1 F","6.25","6.25","54%","+3%","1","72","0","0","2","0","0","0","0","0","0","0","2","0","1","0","1","3","0","0","0","2","0"
"*05tr8*","Christian Norgaard","BRF","M","37","ARA","LEE 2<br/>@BRF 1 F","6.25","6.25","7%","0%","1","90","0","0","0","0","0","2","2","3","0","0","0","0","1","0","0","2","0","0","0","2","0"
"*02lpu*","Adam Forshaw","LEE","M","292","FA","LEE 2<br/>@BRF 1 F","6.25","6.25","0%","0%","1","88","0","0","1","0","0","0","0","1","0","0","0","1","2","3","0","0","0","0","0","1","0"
"*044ej*","Johann Gudmundsson","BUR","M","318","FA","NEW 2<br/>@BUR 1 F","6.25","6.25","0%","0%","1","69","0","0","1","0","0","0","0","0","0","0","1","1","4","0","0","2","0","0","0","1","0"
"*04qrc*","Raul Jimenez","WOL","F","105","YUM","WOL 1<br/>@LIV 3 F","5.75","5.75","86%","-5%","1","90","0","0","0","0","0","1","1","6","0","0","0","2","0","2","0","2","0","0","0","2","0"
"*05gcp*","Tomas Soucek","WHU","M","35","YUM","WHU 1<br/>@BHA 3 F","5.75","5.75","43%","-3%","1","90","0","0","0","0","0","0","0","0","1","0","0","3","6","0","0","5","0","0","0","2","0"
"*03zsq*","Kyle Walker-Peters","SOU","D","146","RyRob","SOU 1<br/>@LEI 4 F","5.75","5.75","8%","-5%","1","90","0","0","0","0","0","0","0","3","0","0","0","1","0","0","0","0","0","0","0","0","1"
"*05uns*","Leon Bailey","AVL","F","336","DYCHE","AVL 2<br/>@MCI 3 F","5.75","5.75","2%","0%","1","90","0","0","0","0","0","1","1","1","0","0","0","0","0","2","0","2","0","0","0","1","0"
"*05tz8*","Emmanuel Dennis","WAT","F","24","I_am_Tim","WAT 1<br/>@CHE 2 F","5.75","5.75","0%","0%","1","73","0","0","0","0","0","0","2","3","0","0","0","1","0","3","1","1","0","0","0","1","0"
"*05mzx*","Liam Cooper","LEE","D","171","ARA","LEE 2<br/>@BRF 1 F","5.75","5.75","0%","0%","1","90","0","0","0","0","0","0","2","0","0","0","0","3","2","0","0","1","0","0","0","1","0"
"*03jv0*","Sadio Mane","LIV","F","17","RyRob","WOL 1<br/>@LIV 3 F","5.75","5.75","0%","0%","1","90","0","0","1","0","0","1","0","1","0","0","0","1","0","1","0","0","0","0","0","3","0"
"*04civ*","Scott McTominay","MUN","M","123","FA","MUN 0<br/>@CRY 1 F","5.75","5.75","0%","0%","1","90","0","0","0","0","0","0","1","1","0","0","0","3","1","1","0","0","0","0","0","2","0"
"*05xne*","Nicolas Nkoulou","WAT","D","466","FA","WAT 1<br/>@CHE 2 F","5.75","5.75","0%","0%","1","90","0","0","1","0","0","0","0","1","0","0","0","1","8","1","1","1","0","0","0","1","0"
"*05vys*","Lyanco","SOU","D","371","FA","SOU 1<br/>@LEI 4 F","5.75","5.75","0%","0%","1","33","0","0","0","0","0","0","1","0","0","0","0","1","1","0","2","1","0","0","0","0","0"
"*0524k*","Rodri","MCI","M","42","YUM","AVL 2<br/>@MCI 3 F","5.5","5.5","76%","-2%","1","90","0","0","1","0","0","0","0","2","0","0","0","0","0","2","0","3","0","0","0","0","1"
"*04mcg*","Ben Johnson","WHU","D","282","FA","WHU 1<br/>@BHA 3 F","5.5","5.5","0%","0%","1","90","0","0","0","0","0","0","0","0","0","0","1","3","11","2","0","0","0","0","0","2","0"
"*055se*","Marvelous Nakamba","AVL","M","362","FA","AVL 2<br/>@MCI 3 F","5.5","5.5","0%","0%","1","62","0","0","0","0","0","0","1","0","0","0","0","1","2","1","1","1","0","0","0","1","0"
"*03r8t*","Matt Ritchie","NEW","M","259","FA","NEW 2<br/>@BUR 1 F","5.5","5.5","0%","0%","1","90","0","0","1","0","0","0","2","0","0","0","1","0","0","0","0","0","0","0","0","1","0"
"*04mqz*","Lucas Moura","TOT","M","86","RyRob","TOT 5<br/>@NOR 0 F","5.5","5.5","0%","0%","1","70","0","0","1","0","0","0","0","2","0","0","0","0","2","2","0","2","0","0","0","0","1"
"*04abb*","Phil Foden","MCI","M","47","McGinn","AVL 2<br/>@MCI 3 F","5.25","5.25","97%","+5%","1","90","0","0","2","0","0","0","0","4","0","0","0","1","0","1","0","0","0","0","0","0","1"
"*03yrr*","Mohamed Elneny","ARS","M","345","FA","EVE 1<br/>@ARS 5 F","5.25","5.25","0%","0%","1","3","0","0","2","0","0","0","1","0","0","0","0","0","0","0","0","0","0","0","0","0","0"
"*043qz*","Pierre-Emile Hojbjerg","TOT","M","53","RK U8","TOT 5<br/>@NOR 0 F","5.25","5.25","0%","0%","1","90","0","0","0","0","0","0","3","3","0","0","0","0","0","2","0","0","0","0","0","0","1"
"*04mdn*","Anthony Gordon","EVE","F","75","ARA","EVE 1<br/>@ARS 5 F","5","5","96%","-1%","1","90","0","0","1","0","0","0","2","1","0","0","1","0","0","0","0","0","0","0","0","0","1"
"*05ojg*","Nelson Semedo","WOL","D","144","FA","WOL 1<br/>@LIV 3 F","5","5","1%","0%","1","67","0","0","0","0","0","0","4","0","0","0","0","0","0","1","0","1","0","0","0","1","0"
"*0435t*","Ilkay Gundogan","MCI","M","64","I_am_Tim","AVL 2<br/>@MCI 3 F","5","5","1%","0%","1","90","0","0","0","0","0","0","0","1","0","0","0","2","0","2","0","0","0","0","0","0","1"
"*02lnf*","Joshua King","WAT","F","91","FA","WAT 1<br/>@CHE 2 F","5","5","0%","0%","1","90","0","0","1","0","0","0","2","0","1","0","0","0","0","1","0","3","0","0","0","1","0"
"*056iw*","Allan Saint-Maximin","NEW","M","22","Noah B","NEW 2<br/>@BUR 1 F","5","5","0%","0%","1","90","0","0","0","0","0","0","0","3","0","0","0","3","1","2","0","1","0","0","0","1","0"
"*0554i*","Joelinton","NEW","F","81","RK U8","NEW 2<br/>@BUR 1 F","4.75","4.75","43%","+1%","1","15","0","0","0","0","0","0","3","0","0","0","0","0","0","1","0","0","0","0","0","0","0"
"*05oh2*","Thiago Alcantara","LIV","M","133","ARA","WOL 1<br/>@LIV 3 F","4.75","4.75","0%","0%","1","21","0","0","0","0","0","1","1","0","0","0","0","0","0","1","0","1","0","0","0","1","0"
"*05ojh*","Diego Llorente","LEE","D","226","FA","LEE 2<br/>@BRF 1 F","4.75","4.75","0%","0%","1","90","0","0","1","0","0","0","0","0","0","0","0","3","0","0","0","1","0","0","0","1","0"
"*04e1c*","Lewis Dunk","BHA","D","158","FA","WHU 1<br/>@BHA 3 F","4.5","4.5","32%","+5%","1","90","0","0","0","0","0","0","0","1","0","0","0","2","6","0","1","2","0","0","0","1","0"
"*05w90*","Maxwel Cornet","BUR","D,M,F","137","YUM","NEW 2<br/>@BUR 1 F","4.5","4.5","17%","0%","1","87","0","0","1","0","0","1","1","2","1","0","0","0","1","1","0","2","0","0","0","1","0"
"*051k3*","Jacob Ramsey","AVL","M","94","FA","AVL 2<br/>@MCI 3 F","4.5","4.5","12%","+1%","1","26","0","0","1","0","0","0","1","0","0","0","0","1","0","0","0","0","0","0","0","0","0"
"*02m11*","Matt Doherty","TOT","D","225","FA","TOT 5<br/>@NOR 0 F","4.5","4.5","1%","0%","1","18","0","0","0","0","0","0","0","0","0","0","1","1","1","1","0","1","0","0","0","0","0"
"*03v6t*","Ben Chilwell","CHE","D","278","FA","WAT 1<br/>@CHE 2 F","4.5","4.5","0%","0%","1","90","0","0","1","0","0","0","0","0","0","0","1","0","2","0","0","3","0","0","0","1","0"
"*04fkc*","Francisco Femenia Far","WAT","D","263","FA","WAT 1<br/>@CHE 2 F","4.5","4.5","0%","0%","1","90","0","0","0","0","0","0","2","0","0","0","0","2","6","0","0","0","0","0","0","1","0"
"*04s8k*","Jorginho","CHE","M","98","DYCHE","WAT 1<br/>@CHE 2 F","4.5","4.5","0%","0%","1","90","0","0","1","0","0","1","0","1","0","0","0","0","0","0","1","0","0","0","0","1","0"
"*03dx7*","Ben Mee","BUR","D","174","FA","NEW 2<br/>@BUR 1 F","4.5","4.5","0%","0%","1","90","0","0","0","0","0","0","1","0","0","0","0","1","4","0","2","1","0","0","0","1","0"
"*02lz9*","Alex Oxlade-Chamberlain","LIV","M","307","FA","WOL 1<br/>@LIV 3 F","4.5","4.5","0%","0%","1","67","0","0","0","0","0","0","1","1","0","0","0","0","1","3","0","1","0","0","0","2","0"
"*03v6w*","Ivan Toney","BRF","F","15","Noah B","LEE 2<br/>@BRF 1 F","4.5","4.5","0%","0%","1","90","0","0","0","0","0","0","2","1","1","0","0","0","0","0","0","9","0","0","0","2","0"
"*03am7*","Jacob Murphy","NEW","M","224","FA","NEW 2<br/>@BUR 1 F","4.25","4.25","56%","0%","1","90","0","0","0","0","0","0","2","2","1","0","0","3","0","1","0","0","0","0","0","1","0"
"*03rec*","Tyrone Mings","AVL","D","103","RK U8","AVL 2<br/>@MCI 3 F","4.25","4.25","12%","-1%","1","90","0","0","0","0","0","0","0","0","0","0","0","1","12","0","0","2","0","0","0","1","0"
"*04sft*","Yves Bissouma","BHA","M","150","HALE","WHU 1<br/>@BHA 3 F","4.25","4.25","2%","0%","1","90","0","0","0","0","0","0","4","2","1","0","0","1","2","0","0","1","0","0","0","1","0"
"*04g1w*","Antonio Rudiger","CHE","D","62","ARA","WAT 1<br/>@CHE 2 F","4.25","4.25","0%","0%","1","90","0","0","2","0","0","0","0","2","0","0","0","1","0","0","0","2","0","0","0","1","0"
"*05uwf*","Ozan Tufan","WAT","M","435","FA","WAT 1<br/>@CHE 2 F","4.25","4.25","0%","0%","1","61","0","0","0","0","0","0","1","1","0","0","0","2","0","1","0","0","0","0","0","1","0"
"*05os4*","Rayan Ait-Nouri","WOL","D","151","FA","WOL 1<br/>@LIV 3 F","4","4","79%","-4%","1","90","0","0","0","0","0","0","4","2","0","0","0","0","0","3","0","1","0","0","0","2","0"
"*03v9d*","Son Heung-Min","TOT","F","1","I_am_Tim","TOT 5<br/>@NOR 0 F","4","4","10%","0%","1","84","0","0","1","0","0","0","0","3","0","0","0","0","0","3","0","1","0","0","0","0","1"
"*05udk*","Cucho Hernandez","WAT","F","216","FA","WAT 1<br/>@CHE 2 F","4","4","0%","0%","1","15","0","0","1","0","0","0","0","0","0","0","2","0","0","0","0","0","0","0","0","0","0"
"*02lp2*","Danny Rose","WAT","D","422","FA","WAT 1<br/>@CHE 2 F","4","4","0%","0%","1","90","0","0","1","0","0","0","1","0","0","0","0","2","1","0","0","0","0","0","0","1","0"
"*04u6q*","Caglar Soyuncu","LEI","D","180","RK U8","SOU 1<br/>@LEI 4 F","4","4","0%","0%","1","90","0","0","0","0","0","0","1","1","0","0","0","2","7","0","1","0","0","0","0","1","0"
"*04agz*","Declan Rice","WHU","M","41","RK U8","WHU 1<br/>@BHA 3 F","3.75","3.75","100%","0%","1","90","0","0","0","0","0","0","2","0","0","0","0","1","0","0","0","0","0","0","0","2","0"
"*03gu4*","Harry Maguire","MUN","D","192","FA","MUN 0<br/>@CRY 1 F","3.75","3.75","43%","+3%","1","90","0","0","0","0","0","0","2","1","0","0","0","2","1","0","1","2","0","0","0","2","0"
"*05tr2*","Pontus Jansson","BRF","D","72","ARA","LEE 2<br/>@BRF 1 F","3.75","3.75","0%","0%","1","90","0","0","0","0","0","1","0","0","0","0","0","0","3","0","1","4","0","0","0","2","0"
"*04rhd*","Fabinho","LIV","M","117","FA","WOL 1<br/>@LIV 3 F","3.75","3.75","0%","0%","1","79","0","0","0","0","0","0","0","1","0","0","0","2","1","1","0","1","0","0","0","3","0"
"*04e1k*","Solly March","BHA","M","169","FA","WHU 1<br/>@BHA 3 F","3.5","3.5","1%","0%","1","64","0","0","1","0","0","0","0","2","0","0","0","0","2","0","0","2","0","0","0","0","1"
"*02lol*","Harry Kane","TOT","F","6","McGinn","TOT 5<br/>@NOR 0 F","3.5","3.5","0%","0%","1","90","0","0","1","0","0","0","0","3","0","0","1","0","0","1","0","2","0","0","0","0","1"
"*02ygz*","Moussa Sissoko","TOT/WAT","M","67","I_am_Tim","WAT 1<br/>@CHE 2 F","3.5","3.5","0%","0%","1","90","0","0","1","0","0","0","1","2","1","0","1","1","0","0","1","0","0","0","0","1","0"
"*02lp7*","Andros Townsend","EVE","M","153","FA","EVE 1<br/>@ARS 5 F","3.5","3.5","0%","0%","1","90","0","0","0","0","0","0","0","2","0","0","0","1","1","2","0","0","0","0","0","0","1"
"*05o4c*","Timothy Castagne","LEI","D","198","HALE","SOU 1<br/>@LEI 4 F","3.25","3.25","18%","+4%","1","90","0","0","0","0","0","0","2","0","0","0","0","1","2","0","0","1","0","0","0","1","0"
"*04qqv*","Fred","MUN","M","101","FA","MUN 0<br/>@CRY 1 F","3.25","3.25","0%","0%","1","79","0","0","1","0","0","0","0","0","0","0","0","0","1","0","1","0","0","0","0","2","0"
"*05os5*","Alex Telles","MUN","D","161","McGinn","MUN 0<br/>@CRY 1 F","3.25","3.25","0%","0%","1","16","0","0","0","0","0","0","2","1","0","0","0","0","1","0","0","1","0","0","0","0","0"
"*05gcr*","Bruno Fernandes","MUN","M","9","ARA","MUN 0<br/>@CRY 1 F","3","3","100%","0%","1","90","0","0","0","0","0","0","2","0","0","0","0","0","2","0","0","0","0","0","0","2","0"
"*05gcc*","Kiernan Dewsbury-Hall","LEI","M","167","McGinn","SOU 1<br/>@LEI 4 F","3","3","87%","0%","1","12","0","0","1","0","0","0","0","0","0","0","0","0","0","0","1","0","0","0","0","0","0"
"*04rf1*","Mohamed Elyounoussi","SOU","M","130","FA","SOU 1<br/>@LEI 4 F","3","3","0%","0%","1","75","0","0","0","0","0","0","0","3","0","0","0","0","4","2","0","1","0","0","0","0","1"
"*02ln2*","Jonny Evans","LEI","D","281","ARA","SOU 1<br/>@LEI 4 F","3","3","0%","0%","1","90","0","0","0","0","0","0","2","0","0","0","0","0","6","0","1","0","0","0","0","1","0"
"*03vlj*","Virgil van Dijk","LIV","D","21","Laeka B","WOL 1<br/>@LIV 3 F","2.75","2.75","100%","0%","1","90","0","0","0","0","0","0","0","0","0","0","0","2","1","0","2","4","0","0","0","3","0"
"*05trj*","Marcus Forss","BRF","F","437","FA","LEE 2<br/>@BRF 1 F","2.75","2.75","0%","0%","1","20","0","0","0","0","0","0","1","0","0","0","0","0","0","1","0","1","0","0","0","0","0"
"*0435s*","Joel Matip","LIV","D","14","Laeka B","WOL 1<br/>@LIV 3 F","2.75","2.75","0%","0%","1","90","0","0","0","0","0","0","0","0","0","0","0","2","5","0","0","5","0","0","0","3","0"
"*05g2o*","Joao Pedro","WAT","F","147","HALE","WAT 1<br/>@CHE 2 F","2.5","2.5","100%","0%","1","27","0","0","1","0","0","0","0","1","0","0","1","0","0","0","0","0","0","0","0","0","0"
"*0522t*","Anwar El Ghazi","AVL/EVE","M","380","FA","EVE 1<br/>@ARS 5 F","2.5","2.5","0%","0%","1","78","0","0","1","0","0","1","0","1","1","0","0","0","0","0","0","2","0","0","0","1","0"
"*04aj0*","Ademola Lookman","FUL/LEI","M","195","I_am_Tim","SOU 1<br/>@LEI 4 F","2.5","2.5","0%","0%","1","79","0","0","1","0","0","0","0","1","0","0","0","0","0","0","1","0","0","0","0","1","0"
"*05u79*","Enock Mwepu","BHA","M","250","FA","WHU 1<br/>@BHA 3 F","2.5","2.5","0%","0%","1","45","0","0","0","0","0","0","1","0","0","0","0","1","0","0","0","0","0","0","0","0","0"
"*05r9b*","Martin Odegaard","ARS","M","29","HALE","EVE 1<br/>@ARS 5 F","2.25","2.25","96%","0%","1","20","0","0","0","0","0","0","1","0","0","0","0","0","0","1","0","0","0","0","0","0","0"
"*04adp*","Aaron Wan-Bissaka","MUN","D","244","FA","MUN 0<br/>@CRY 1 F","2.25","2.25","46%","0%","1","90","0","0","0","0","0","0","2","0","0","0","0","1","2","1","0","1","0","0","0","2","0"
"*040ah*","Tom Davies","EVE","M","428","FA","EVE 1<br/>@ARS 5 F","2.25","2.25","0%","0%","1","29","0","0","0","0","0","1","0","0","0","0","0","0","1","0","0","0","0","0","0","0","0"
"*03m5h*","Kieran Dowell","NOR","M","317","FA","TOT 5<br/>@NOR 0 F","2.25","2.25","0%","0%","1","73","0","0","0","0","0","0","1","1","0","0","0","0","2","0","0","2","0","0","0","1","0"
"*03dyl*","Jeffrey Schlupp","CRY","M","131","HALE","MUN 0<br/>@CRY 1 F","2.25","2.25","0%","0%","1","9","0","0","1","0","0","0","0","2","0","0","0","1","0","0","0","0","0","0","0","0","0"
"*05mzz*","Pascal Struijk","LEE","D","310","FA","LEE 2<br/>@BRF 1 F","2","2","45%","-14%","1","90","0","0","0","0","0","0","1","0","0","0","0","2","1","0","0","0","0","0","0","1","0"
"*03yr0*","Daniel James","MUN/LEE","M","160","RK U8","LEE 2<br/>@BRF 1 F","2","2","18%","0%","1","90","0","0","0","0","0","0","1","2","0","0","0","1","0","0","0","1","0","0","0","1","0"
"*052cd*","Mason Mount","CHE","M","13","YUM","WAT 1<br/>@CHE 2 F","2","2","17%","0%","1","4","0","0","1","0","0","0","0","0","0","0","0","0","0","0","0","0","0","0","0","0","0"
"*04gw7*","Jadon Sancho","MUN","M,F","132","ARA","MUN 0<br/>@CRY 1 F","2","2","7%","-4%","1","45","0","0","0","0","0","0","0","0","0","0","0","0","0","2","0","0","0","0","0","0","0"
"*03ysm*","Daniel Amartey","LEI","D","325","FA","SOU 1<br/>@LEI 4 F","2","2","0%","0%","1","19","0","0","0","0","0","0","0","1","0","0","0","1","1","0","0","1","0","0","0","0","0"
"*02lpr*","Shane Duffy","BHA","D","241","FA","WHU 1<br/>@BHA 3 F","2","2","0%","0%","1","90","0","0","0","0","0","1","0","0","0","0","0","0","4","0","0","1","0","0","0","1","0"
"*02on3*","Matthew Lowton","BUR","D","233","FA","NEW 2<br/>@BUR 1 F","2","2","0%","0%","1","90","0","0","0","0","0","0","0","0","0","0","0","2","2","0","1","0","0","0","0","1","0"
"*04qra*","Romain Saiss","WOL","D","61","FA","WOL 1<br/>@LIV 3 F","2","2","0%","0%","1","90","0","0","0","0","0","0","0","0","0","0","0","1","3","0","0","4","0","0","0","2","0"
"*04yey*","Max Kilman","WOL","D","97","FA","WOL 1<br/>@LIV 3 F","1.75","1.75","19%","0%","1","90","0","0","0","0","0","0","4","1","0","0","0","0","1","0","0","1","0","0","0","2","0"
"*05gcx*","Josh Brownhill","BUR","M","46","YUM","NEW 2<br/>@BUR 1 F","1.75","1.75","3%","0%","1","90","0","0","0","0","0","0","2","0","1","0","0","1","0","0","0","0","0","0","0","1","0"
"*02ljr*","Conor Coady","WOL","D","177","FA","WOL 1<br/>@LIV 3 F","1.75","1.75","0%","0%","1","90","0","0","0","0","0","0","1","0","0","0","0","1","5","0","2","0","0","0","0","2","0"
"*03ena*","Aaron Cresswell","WHU","D","124","Noah B","WHU 1<br/>@BHA 3 F","1.75","1.75","0%","0%","1","90","0","0","0","0","0","0","0","0","0","0","0","2","5","1","0","1","0","0","0","2","0"
"*03p9z*","Tyler Roberts","LEE","M","306","FA","LEE 2<br/>@BRF 1 F","1.75","1.75","0%","0%","1","6","0","0","0","0","0","0","1","1","0","0","0","0","0","1","0","0","0","0","0","0","0"
"*04io4*","Richarlison","EVE","F","50","RyRob","EVE 1<br/>@ARS 5 F","1.5","1.5","80%","+1%","1","90","0","0","0","0","0","0","0","2","1","0","0","2","0","1","0","2","0","0","0","0","1"
"*02m5b*","Chris Wood","BUR/NEW","F","118","FA","NEW 2<br/>@BUR 1 F","1.5","1.5","63%","-7%","1","60","0","0","0","0","0","0","0","1","0","0","0","0","1","0","0","4","0","0","0","1","0"
"*052h5*","Gabriel Martinelli","ARS","M","59","YUM","EVE 1<br/>@ARS 5 F","1.5","1.5","45%","0%","1","1","0","0","0","0","0","0","0","0","0","0","0","0","0","1","0","1","0","0","0","0","0"
"*03r8x*","Callum Wilson","NEW","F","245","RK U8","NEW 2<br/>@BUR 1 F","1.5","1.5","16%","+4%","1","90","0","0","0","0","0","0","1","0","1","0","0","1","0","0","0","2","0","0","0","1","0"
"*03vll*","Michail Antonio","WHU","F","27","RyRob","WHU 1<br/>@BHA 3 F","1.5","1.5","0%","0%","1","90","0","0","0","0","0","0","0","1","0","0","0","0","0","1","0","2","0","0","0","2","0"
"*02rlu*","Craig Cathcart","WAT","D","323","FA","WAT 1<br/>@CHE 2 F","1.5","1.5","0%","0%","1","88","0","0","0","0","0","0","0","0","0","0","0","1","5","0","0","1","0","0","0","1","0"
"*05uoq*","Joshua Sargent","NOR","F","284","FA","TOT 5<br/>@NOR 0 F","1.5","1.5","0%","0%","1","11","0","0","0","0","0","0","0","0","0","0","0","0","0","1","0","1","0","0","0","0","0"
"*02w6w*","Ashley Westwood","BUR","M","204","FA","NEW 2<br/>@BUR 1 F","1.5","1.5","0%","0%","1","90","0","0","1","0","0","0","0","0","1","0","0","1","1","0","0","0","0","0","0","1","0"
"*04spy*","Mason Greenwood","MUN","F","202","FA","MUN 0<br/>@CRY 1 F","1.25","1.25","0%","0%","1","66","0","0","0","0","0","0","1","1","0","0","0","0","1","0","0","1","0","0","0","2","0"
"*05u6n*","Trincao","WOL","F","208","FA","WOL 1<br/>@LIV 3 F","1.25","1.25","0%","0%","1","67","0","0","0","0","0","0","1","0","0","0","0","0","0","0","0","0","0","0","0","1","0"
"*05748*","Ismaila Sarr","WAT","F","187","FA","WAT 1<br/>@CHE 2 F","1","1","93%","0%","1","90","0","0","0","0","0","0","0","3","0","0","1","0","0","1","0","1","0","0","0","1","0"
"*03u2b*","Adama Traore","WOL","F","220","FA","WOL 1<br/>@LIV 3 F","1","1","9%","0%","1","21","0","0","0","0","0","0","0","0","0","0","0","0","0","1","0","0","0","0","0","1","0"
"*05w91*","Hwang Hee-Chan","WOL","F","203","FA","WOL 1<br/>@LIV 3 F","1","1","3%","0%","1","88","0","0","1","0","0","0","0","4","0","0","1","0","0","0","0","0","0","0","0","2","0"
"*045yy*","Arthur Masuaku","WHU","D","335","FA","WHU 1<br/>@BHA 3 F","1","1","0%","0%","1","3","0","0","0","0","0","0","0","0","0","0","0","0","0","0","0","1","0","0","0","0","0"
"*04yo6*","Miguel Almiron","NEW","M","232","FA","NEW 2<br/>@BUR 1 F","1","1","0%","0%","1","73","0","0","1","0","0","0","0","3","0","0","0","0","0","0","0","1","0","0","0","1","0"
"*05ogl*","Charlie Cresswell","LEE","D","474","FA","LEE 2<br/>@BRF 1 F","1","1","0%","0%","1","1","0","0","0","0","0","0","0","0","0","0","0","0","0","0","0","1","0","0","0","0","0"
"*051ko*","Kenny McLean","NOR","M","181","FA","TOT 5<br/>@NOR 0 F","1","1","0%","0%","1","90","0","0","0","0","0","0","0","0","0","0","0","0","2","0","0","1","0","0","0","1","0"
"*03dyk*","Jamie Vardy","LEI","F","90","DYCHE","SOU 1<br/>@LEI 4 F","1","1","0%","0%","1","90","0","0","0","0","0","0","0","0","0","0","0","0","0","0","0","2","0","0","0","1","0"
"*03pig*","Jamaal Lascelles","NEW","D","268","ARA","NEW 2<br/>@BUR 1 F","0.75","0.75","0%","0%","1","90","0","0","1","0","0","0","0","0","1","0","0","0","3","0","1","1","0","0","0","1","0"
"*056iu*","Jean-Philippe Gbamin","EVE","M","468","FA","EVE 1<br/>@ARS 5 F","0.75","0.75","0%","0%","1","1","0","0","0","0","0","0","0","0","0","0","0","0","1","0","0","1","0","0","0","0","0"
"*05o8k*","Fabio Silva","WOL","F","414","FA","WOL 1<br/>@LIV 3 F","0.5","0.5","0%","0%","1","1","0","0","0","0","0","0","0","0","0","0","0","0","0","0","0","1","0","0","0","0","0"
"*05os3*","Ibrahima Diallo","SOU","M","298","FA","SOU 1<br/>@LEI 4 F","0.5","0.5","0%","0%","1","13","0","0","0","0","0","0","0","0","0","0","0","0","0","0","0","1","0","0","0","0","0"
"*056zd*","Adam Idah","NOR","F","353","FA","TOT 5<br/>@NOR 0 F","0.5","0.5","0%","0%","1","1","0","0","0","0","0","0","0","1","0","0","0","0","0","1","0","0","0","0","0","0","0"
"*02lkm*","Jonjo Shelvey","NEW","M","229","FA","NEW 2<br/>@BUR 1 F","0.5","0.5","0%","0%","1","90","0","0","0","0","0","0","1","1","1","0","0","0","1","0","1","1","0","0","0","1","0"
"*05tre*","Vitaly Janelt","BRF","M","120","RK U8","LEE 2<br/>@BRF 1 F","0.25","0.25","10%","+1%","1","45","0","0","0","0","0","0","0","0","0","0","0","0","1","0","0","0","0","0","0","2","0"
"*05gvx*","Armando Broja","SOU","F","170","FA","SOU 1<br/>@LEI 4 F","0.25","0.25","2%","0%","1","8","0","0","0","0","0","0","1","2","0","0","0","0","0","0","0","0","0","0","0","0","0"
"*05l8q*","Cole Palmer","MCI","M","454","FA","AVL 2<br/>@MCI 3 F","0","0","100%","0%","0","0","0","0","0","0","0","0","0","0","0","0","0","0","0","0","0","0","0","0","0","0","0"
"*05ylj*","Bruno Guimaraes","NEW","M","211","Noah B","NEW 2<br/>@BUR 1 F","0","0","100%","0%","0","0","0","0","0","0","0","0","0","0","0","0","0","0","0","0","0","0","0","0","0","0","0"
"*04qr9*","Morgan Gibbs-White","WOL","M","756","FA","WOL 1<br/>@LIV 3 F","0","0","99%","0%","0","0","0","0","0","0","0","0","0","0","0","0","0","0","0","0","0","0","0","0","0","0","0"
"*05opj*","Elliot Anderson","NEW","M","511","FA","NEW 2<br/>@BUR 1 F","0","0","99%","0%","0","0","0","0","0","0","0","0","0","0","0","0","0","0","0","0","0","0","0","0","0","0","0"
"*05a6e*","Neco Williams","LIV","D","455","FA","WOL 1<br/>@LIV 3 F","0","0","98%","0%","0","0","0","0","0","0","0","0","0","0","0","0","0","0","0","0","0","0","0","0","0","0","0"
"*05nt6*","Eberechi Eze","CRY","M","333","FA","MUN 0<br/>@CRY 1 F","0","0","98%","0%","0","0","0","0","0","0","0","0","0","0","0","0","0","0","0","0","0","0","0","0","0","0","0"
"*05u7f*","Ibrahima Konate","LIV","D","313","Laeka B","WOL 1<br/>@LIV 3 F","0","0","95%","-1%","0","0","0","0","0","0","0","0","0","0","0","0","0","0","0","0","0","0","0","0","0","0","0"
"*056iy*","Pedro Neto","WOL","F","341","ARA","WOL 1<br/>@LIV 3 F","0","0","95%","-1%","0","0","0","0","0","0","0","0","0","0","0","0","0","0","0","0","0","0","0","0","0","0","0"
"*05r34*","Amad Diallo","MUN","F","571","FA","MUN 0<br/>@CRY 1 F","0","0","95%","0%","0","0","0","0","0","0","0","0","0","0","0","0","0","0","0","0","0","0","0","0","0","0","0"
"*05vyj*","Evan Ferguson","BHA","F","494","FA","WHU 1<br/>@BHA 3 F","0","0","94%","0%","0","0","0","0","0","0","0","0","0","0","0","0","0","0","0","0","0","0","0","0","0","0","0"
"*05r8o*","Jean-Philippe Mateta","CRY","F","257","FA","MUN 0<br/>@CRY 1 F","0","0","93%","-2%","0","0","0","0","0","0","0","0","0","0","0","0","0","0","0","0","0","0","0","0","0","0","0"
"*03ybi*","Marcus Rashford","MUN","F","276","FA","MUN 0<br/>@CRY 1 F","0","0","92%","0%","1","22","0","0","0","0","0","0","0","0","0","0","0","0","0","0","0","0","0","0","0","0","0"
"*02lnx*","Danny Welbeck","BHA","F","166","FA","WHU 1<br/>@BHA 3 F","0","0","89%","+1%","0","0","0","0","0","0","0","0","0","0","0","0","0","0","0","0","0","0","0","0","0","0","0"
"*0522h*","Alexis Mac Allister","BHA","M","104","Laeka B","WHU 1<br/>@BHA 3 F","0","0","85%","-2%","1","45","0","0","0","0","0","0","0","1","0","0","0","0","2","0","0","0","0","0","0","1","0"
"*038ze*","Alex Iwobi","EVE","M","140","ARA","EVE 1<br/>@ARS 5 F","0","0","83%","+7%","0","0","0","0","0","0","0","0","0","0","0","0","0","0","0","0","0","0","0","0","0","0","0"
"*04qfz*","Diogo Dalot","MUN","D","185","Noah B","MUN 0<br/>@CRY 1 F","0","0","83%","-2%","0","0","0","0","0","0","0","0","0","0","0","0","0","0","0","0","0","0","0","0","0","0","0"
"*05u1m*","Nathan Collins","BUR","D","194","McGinn","NEW 2<br/>@BUR 1 F","0","0","82%","+1%","0","0","0","0","0","0","0","0","0","0","0","0","0","0","0","0","0","0","0","0","0","0","0"
"*049tq*","Dominic Calvert-Lewin","EVE","F","218","RyRob","EVE 1<br/>@ARS 5 F","0","0","82%","0%","0","0","0","0","0","0","0","0","0","0","0","0","0","0","0","0","0","0","0","0","0","0","0"
"*05rb8*","Moises Caicedo","BHA","M","339","FA","WHU 1<br/>@BHA 3 F","0","0","80%","0%","0","0","0","0","0","0","0","0","0","0","0","0","0","0","0","0","0","0","0","0","0","0","0"
"*0435m*","Granit Xhaka","ARS","M","197","FA","EVE 1<br/>@ARS 5 F","0","0","80%","+1%","0","0","0","0","0","0","0","0","0","0","0","0","0","0","0","0","0","0","0","0","0","0","0"
"*05rl4*","Crysencio Summerville","LEE","M","444","FA","LEE 2<br/>@BRF 1 F","0","0","79%","-2%","0","0","0","0","0","0","0","0","0","0","0","0","0","0","0","0","0","0","0","0","0","0","0"
"*05y9n*","Lewis Hall","CHE","M","601","FA","WAT 1<br/>@CHE 2 F","0","0","77%","0%","0","0","0","0","0","0","0","0","0","0","0","0","0","0","0","0","0","0","0","0","0","0","0"
"*02lsa*","Dan Burn","BHA/NEW","D","82","HALE","NEW 2<br/>@BUR 1 F","0","0","75%","+1%","0","0","0","0","0","0","0","0","0","0","0","0","0","0","0","0","0","0","0","0","0","0","0"
"*04fk1*","Pascal Gross","BHA","M","76","I_am_Tim","WHU 1<br/>@BHA 3 F","0","0","74%","0%","0","0","0","0","0","0","0","0","0","0","0","0","0","0","0","0","0","0","0","0","0","0","0"
"*05ybq*","Vitalii Mykolenko","EVE","D","309","FA","EVE 1<br/>@ARS 5 F","0","0","61%","0%","0","0","0","0","0","0","0","0","0","0","0","0","0","0","0","0","0","0","0","0","0","0","0"
"*04mup*","Trevoh Chalobah","CHE","D,M","145","FA","WAT 1<br/>@CHE 2 F","0","0","60%","-7%","0","0","0","0","0","0","0","0","0","0","0","0","0","0","0","0","0","0","0","0","0","0","0"
"*04lav*","Ethan Ampadu","CHE","D","510","FA","WAT 1<br/>@CHE 2 F","0","0","58%","-5%","0","0","0","0","0","0","0","0","0","0","0","0","0","0","0","0","0","0","0","0","0","0","0"
"*05raa*","Hugo Bueno","WOL","D","545","FA","WOL 1<br/>@LIV 3 F","0","0","54%","-1%","0","0","0","0","0","0","0","0","0","0","0","0","0","0","0","0","0","0","0","0","0","0","0"
"*05uor*","Yoane Wissa","BRF","M","196","Laeka B","LEE 2<br/>@BRF 1 F","0","0","45%","-1%","0","0","0","0","0","0","0","0","0","0","0","0","0","0","0","0","0","0","0","0","0","0","0"
"*05ubv*","Omari Hutchinson","ARS","M","611","FA","EVE 1<br/>@ARS 5 F","0","0","37%","-5%","0","0","0","0","0","0","0","0","0","0","0","0","0","0","0","0","0","0","0","0","0","0","0"
"*03dx3*","Kieran Trippier","TOT/NEW","D","328","Laeka B","NEW 2<br/>@BUR 1 F","0","0","36%","+2%","0","0","0","0","0","0","0","0","0","0","0","0","0","0","0","0","0","0","0","0","0","0","0"
"*05ogb*","Anthony Elanga","MUN","F","260","Laeka B","MUN 0<br/>@CRY 1 F","0","0","36%","-1%","0","0","0","0","0","0","0","0","0","0","0","0","0","0","0","0","0","0","0","0","0","0","0"
"*052ca*","Ezri Konsa","AVL","D","258","Noah B","AVL 2<br/>@MCI 3 F","0","0","34%","-1%","0","0","0","0","0","0","0","0","0","0","0","0","0","0","0","0","0","0","0","0","0","0","0"
"*02lm7*","Jack Grealish","MCI","M","77","RyRob","AVL 2<br/>@MCI 3 F","0","0","33%","-1%","0","0","0","0","0","0","0","0","0","0","0","0","0","0","0","0","0","0","0","0","0","0","0"
"*05oig*","Liam Delap","MCI","F","485","FA","AVL 2<br/>@MCI 3 F","0","0","32%","0%","0","0","0","0","0","0","0","0","0","0","0","0","0","0","0","0","0","0","0","0","0","0","0"
"*0521z*","James Justin","LEI","D","334","FA","SOU 1<br/>@LEI 4 F","0","0","31%","-5%","0","0","0","0","0","0","0","0","0","0","0","0","0","0","0","0","0","0","0","0","0","0","0"
"*05ylx*","Dejan Kulusevski","TOT","M","126","I_am_Tim","TOT 5<br/>@NOR 0 F","0","0","30%","0%","0","0","0","0","0","0","0","0","0","0","0","0","0","0","0","0","0","0","0","0","0","0","0"
"*04tig*","Fabian Schar","NEW","D","183","FA","NEW 2<br/>@BUR 1 F","0","0","28%","0%","0","0","0","0","0","0","0","0","0","0","0","0","0","0","0","0","0","0","0","0","0","0","0"
"*060wh*","Alejandro Garnacho","MUN","M","589","FA","MUN 0<br/>@CRY 1 F","0","0","28%","-1%","0","0","0","0","0","0","0","0","0","0","0","0","0","0","0","0","0","0","0","0","0","0","0"
"*05opl*","Wesley Fofana","LEI","D","372","FA","SOU 1<br/>@LEI 4 F","0","0","26%","+1%","0","0","0","0","0","0","0","0","0","0","0","0","0","0","0","0","0","0","0","0","0","0","0"
"*05ye7*","Oscar Bobb","MCI","M","538","FA","AVL 2<br/>@MCI 3 F","0","0","26%","+4%","0","0","0","0","0","0","0","0","0","0","0","0","0","0","0","0","0","0","0","0","0","0","0"
"*03yqz*","Joe Rodon","TOT","D","754","FA","TOT 5<br/>@NOR 0 F","0","0","26%","-7%","0","0","0","0","0","0","0","0","0","0","0","0","0","0","0","0","0","0","0","0","0","0","0"
"*04qfm*","Ryan Sessegnon","TOT","M","296","McGinn","TOT 5<br/>@NOR 0 F","0","0","25%","-1%","0","0","0","0","0","0","0","0","0","0","0","0","0","0","0","0","0","0","0","0","0","0","0"
"*02y6o*","Nathan Ake","MCI","D","270","FA","AVL 2<br/>@MCI 3 F","0","0","24%","+1%","0","0","0","0","0","0","0","0","0","0","0","0","0","0","0","0","0","0","0","0","0","0","0"
"*05l27*","Jarrad Branthwaite","EVE","D","542","FA","EVE 1<br/>@ARS 5 F","0","0","23%","-1%","0","0","0","0","0","0","0","0","0","0","0","0","0","0","0","0","0","0","0","0","0","0","0"
"*05uhj*","Conor Bradley","LIV","M","541","FA","WOL 1<br/>@LIV 3 F","0","0","21%","0%","0","0","0","0","0","0","0","0","0","0","0","0","0","0","0","0","0","0","0","0","0","0","0"
"*04o82*","Curtis Jones","LIV","M","301","FA","WOL 1<br/>@LIV 3 F","0","0","19%","0%","0","0","0","0","0","0","0","0","0","0","0","0","0","0","0","0","0","0","0","0","0","0","0"
"*05ylw*","Rodrigo Bentancur","TOT","M","237","Noah B","TOT 5<br/>@NOR 0 F","0","0","19%","-1%","0","0","0","0","0","0","0","0","0","0","0","0","0","0","0","0","0","0","0","0","0","0","0"
"*04ug0*","Sean Longstaff","NEW","M","289","FA","NEW 2<br/>@BUR 1 F","0","0","12%","0%","0","0","0","0","0","0","0","0","0","0","0","0","0","0","0","0","0","0","0","0","0","0","0"
"*04spp*","Douglas Luiz","AVL","M","84","FA","AVL 2<br/>@MCI 3 F","0","0","11%","-1%","0","0","0","0","0","0","0","0","0","0","0","0","0","0","0","0","0","0","0","0","0","0","0"
"*04ge8*","Reiss Nelson","ARS","F","486","FA","EVE 1<br/>@ARS 5 F","0","0","9%","0%","0","0","0","0","0","0","0","0","0","0","0","0","0","0","0","0","0","0","0","0","0","0","0"
"*04xjr*","Harvey Elliott","LIV","M","401","FA","WOL 1<br/>@LIV 3 F","0","0","8%","0%","0","0","0","0","0","0","0","0","0","0","0","0","0","0","0","0","0","0","0","0","0","0","0"
"*05uel*","Kristoffer Ajer","BRF","D","188","FA","LEE 2<br/>@BRF 1 F","0","0","6%","+1%","0","0","0","0","0","0","0","0","0","0","0","0","0","0","0","0","0","0","0","0","0","0","0"
"*05yld*","Luis Diaz","LIV","F","201","HALE","WOL 1<br/>@LIV 3 F","0","0","5%","0%","0","0","0","0","0","0","0","0","0","0","0","0","0","0","0","0","0","0","0","0","0","0","0"
"*05y9l*","Xavier Simons","CHE","M","710","FA","WAT 1<br/>@CHE 2 F","0","0","4%","0%","0","0","0","0","0","0","0","0","0","0","0","0","0","0","0","0","0","0","0","0","0","0","0"
"*05y7c*","Archie Gray","LEE","M","597","FA","LEE 2<br/>@BRF 1 F","0","0","4%","0%","0","0","0","0","0","0","0","0","0","0","0","0","0","0","0","0","0","0","0","0","0","0","0"
"*05ts6*","Yerson Mosquera","WOL","D","660","FA","WOL 1<br/>@LIV 3 F","0","0","3%","0%","0","0","0","0","0","0","0","0","0","0","0","0","0","0","0","0","0","0","0","0","0","0","0"
"*04ge9*","Eddie Nketiah","ARS","F","269","McGinn","EVE 1<br/>@ARS 5 F","0","0","3%","0%","0","0","0","0","0","0","0","0","0","0","0","0","0","0","0","0","0","0","0","0","0","0","0"
"*03r93*","Joseph Gomez","LIV","D","377","DYCHE","WOL 1<br/>@LIV 3 F","0","0","3%","+1%","0","0","0","0","0","0","0","0","0","0","0","0","0","0","0","0","0","0","0","0","0","0","0"
"*05uhs*","James Mcatee","MCI","M","499","FA","AVL 2<br/>@MCI 3 F","0","0","3%","-1%","0","0","0","0","0","0","0","0","0","0","0","0","0","0","0","0","0","0","0","0","0","0","0"
"*05t6z*","Tim Iroegbunam","WBA/AVL","M","459","FA","AVL 2<br/>@MCI 3 F","0","0","3%","0%","0","0","0","0","0","0","0","0","0","0","0","0","0","0","0","0","0","0","0","0","0","0","0"
"*05t6y*","Hannibal Mejbri","MUN","M","747","FA","MUN 0<br/>@CRY 1 F","0","0","2%","0%","0","0","0","0","0","0","0","0","0","0","0","0","0","0","0","0","0","0","0","0","0","0","0"
"*04u41*","Mateo Kovacic","CHE","M","155","FA","WAT 1<br/>@CHE 2 F","0","0","2%","0%","0","0","0","0","0","0","0","0","0","0","0","0","0","0","0","0","0","0","0","0","0","0","0"
"*05yg5*","Toti","WOL","D","407","FA","WOL 1<br/>@LIV 3 F","0","0","2%","0%","0","0","0","0","0","0","0","0","0","0","0","0","0","0","0","0","0","0","0","0","0","0","0"
"*04ge6*","Joe Willock","NEW","M","138","FA","NEW 2<br/>@BUR 1 F","0","0","2%","-1%","0","0","0","0","0","0","0","0","0","0","0","0","0","0","0","0","0","0","0","0","0","0","0"
"*06195*","Tyler Dibling","SOU","M","572","FA","SOU 1<br/>@LEI 4 F","0","0","2%","0%","0","0","0","0","0","0","0","0","0","0","0","0","0","0","0","0","0","0","0","0","0","0","0"
"*04qos*","Issa Diop","WHU","D","379","FA","WHU 1<br/>@BHA 3 F","0","0","2%","+1%","0","0","0","0","0","0","0","0","0","0","0","0","0","0","0","0","0","0","0","0","0","0","0"
"*05unu*","Romeo Lavia","MCI","M","627","FA","AVL 2<br/>@MCI 3 F","0","0","2%","-1%","0","0","0","0","0","0","0","0","0","0","0","0","0","0","0","0","0","0","0","0","0","0","0"
"*04f6o*","Will Hughes","WAT/CRY","M","331","FA","MUN 0<br/>@CRY 1 F","0","0","2%","0%","0","0","0","0","0","0","0","0","0","0","0","0","0","0","0","0","0","0","0","0","0","0","0"
"*043c1*","Oleksandr Zinchenko","MCI","D","235","FA","AVL 2<br/>@MCI 3 F","0","0","1%","0%","0","0","0","0","0","0","0","0","0","0","0","0","0","0","0","0","0","0","0","0","0","0","0"
"*035n1*","Bertrand Traore","AVL","M,F","416","FA","AVL 2<br/>@MCI 3 F","0","0","1%","0%","0","0","0","0","0","0","0","0","0","0","0","0","0","0","0","0","0","0","0","0","0","0","0"
"*05y5b*","Freddie Potts","WHU","M","686","FA","WHU 1<br/>@BHA 3 F","0","0","1%","0%","0","0","0","0","0","0","0","0","0","0","0","0","0","0","0","0","0","0","0","0","0","0","0"
"*05r4h*","Lamare Bogarde","AVL","M","539","FA","AVL 2<br/>@MCI 3 F","0","0","1%","0%","0","0","0","0","0","0","0","0","0","0","0","0","0","0","0","0","0","0","0","0","0","0","0"
"*02t1k*","Nathaniel Clyne","CRY","D","311","FA","MUN 0<br/>@CRY 1 F","0","0","1%","0%","0","0","0","0","0","0","0","0","0","0","0","0","0","0","0","0","0","0","0","0","0","0","0"
"*04yjx*","Ki-Jana Hoever","WOL","D","431","FA","WOL 1<br/>@LIV 3 F","0","0","1%","0%","0","0","0","0","0","0","0","0","0","0","0","0","0","0","0","0","0","0","0","0","0","0","0"
"*02lv9*","James Milner","LIV","M","272","FA","WOL 1<br/>@LIV 3 F","0","0","1%","0%","0","0","0","0","0","0","0","0","0","0","0","0","0","0","0","0","0","0","0","0","0","0","0"
"*05n3v*","Konstantinos Tsimikas","LIV","D","242","Noah B","WOL 1<br/>@LIV 3 F","0","0","1%","0%","0","0","0","0","0","0","0","0","0","0","0","0","0","0","0","0","0","0","0","0","0","0","0"
"*05yct*","Nathan Patterson","EVE","D","682","FA","EVE 1<br/>@ARS 5 F","0","0","1%","0%","0","0","0","0","0","0","0","0","0","0","0","0","0","0","0","0","0","0","0","0","0","0","0"
"*02lkp*","Raheem Sterling","MCI","F","26","YUM","AVL 2<br/>@MCI 3 F","0","0","1%","0%","0","0","0","0","0","0","0","0","0","0","0","0","0","0","0","0","0","0","0","0","0","0","0"
"*04azm*","Connor Roberts","SWA/BUR","D","266","FA","NEW 2<br/>@BUR 1 F","0","0","0%","0%","0","0","0","0","0","0","0","0","0","0","0","0","0","0","0","0","0","0","0","0","0","0","0"
"*03ek4*","Patrick Bamford","LEE","F","363","FA","LEE 2<br/>@BRF 1 F","0","0","0%","0%","0","0","0","0","0","0","0","0","0","0","0","0","0","0","0","0","0","0","0","0","0","0","0"
"*056ir*","Adam Webster","BHA","D","254","FA","WHU 1<br/>@BHA 3 F","0","0","0%","0%","1","14","0","0","0","0","0","0","0","0","0","0","0","0","0","0","0","0","0","0","0","0","0"
"*04qr0*","Willy Boly","WOL","D","378","FA","WOL 1<br/>@LIV 3 F","0","0","0%","0%","0","0","0","0","0","0","0","0","0","0","0","0","0","0","0","0","0","0","0","0","0","0","0"
"*05nip*","Dane Scarlett","TOT","F","496","FA","TOT 5<br/>@NOR 0 F","0","0","0%","0%","0","0","0","0","0","0","0","0","0","0","0","0","0","0","0","0","0","0","0","0","0","0","0"
"*05ogh*","Harrison Ashby","WHU","D","749","FA","WHU 1<br/>@BHA 3 F","0","0","0%","0%","0","0","0","0","0","0","0","0","0","0","0","0","0","0","0","0","0","0","0","0","0","0","0"
"*05tr5*","Mads Roerslev","BRF","D","366","FA","LEE 2<br/>@BRF 1 F","0","0","0%","0%","0","0","0","0","0","0","0","0","0","0","0","0","0","0","0","0","0","0","0","0","0","0","0"
"*05udw*","Romaine Mundle","TOT","M","662","FA","TOT 5<br/>@NOR 0 F","0","0","0%","0%","0","0","0","0","0","0","0","0","0","0","0","0","0","0","0","0","0","0","0","0","0","0","0"
"*05ue7*","Frank Onyeka","BRF","M","324","FA","LEE 2<br/>@BRF 1 F","0","0","0%","0%","0","0","0","0","0","0","0","0","0","0","0","0","0","0","0","0","0","0","0","0","0","0","0"
"*05rjn*","Jesurun Rak-Sakyi","CRY","M","482","FA","MUN 0<br/>@CRY 1 F","0","0","0%","0%","0","0","0","0","0","0","0","0","0","0","0","0","0","0","0","0","0","0","0","0","0","0","0"
"*03brm*","Patrick Roberts","MCI","M","696","FA","AVL 2<br/>@MCI 3 F","0","0","0%","0%","0","0","0","0","0","0","0","0","0","0","0","0","0","0","0","0","0","0","0","0","0","0","0"
"*05x9k*","Jeremy Sarmiento","BHA","F","483","FA","WHU 1<br/>@BHA 3 F","0","0","0%","0%","0","0","0","0","0","0","0","0","0","0","0","0","0","0","0","0","0","0","0","0","0","0","0"
"*03ysd*","Sam Byram","NOR","D","354","FA","TOT 5<br/>@NOR 0 F","0","0","0%","0%","0","0","0","0","0","0","0","0","0","0","0","0","0","0","0","0","0","0","0","0","0","0","0"
"*05r4r*","Sam Greenwood","LEE","F","405","FA","LEE 2<br/>@BRF 1 F","0","0","0%","0%","0","0","0","0","0","0","0","0","0","0","0","0","0","0","0","0","0","0","0","0","0","0","0"
"*04tsf*","Paris Maghoma","BRF","M","638","FA","LEE 2<br/>@BRF 1 F","0","0","0%","0%","0","0","0","0","0","0","0","0","0","0","0","0","0","0","0","0","0","0","0","0","0","0","0"
"*05vyc*","Aaron Ramsey","AVL","M","691","FA","AVL 2<br/>@MCI 3 F","0","0","0%","0%","0","0","0","0","0","0","0","0","0","0","0","0","0","0","0","0","0","0","0","0","0","0","0"
"*05oji*","Rhys Williams","LIV","D","741","FA","WOL 1<br/>@LIV 3 F","0","0","0%","0%","0","0","0","0","0","0","0","0","0","0","0","0","0","0","0","0","0","0","0","0","0","0","0"
"*05wwd*","Joshua Wilson-Esbrand","MCI","D","742","FA","AVL 2<br/>@MCI 3 F","0","0","0%","0%","0","0","0","0","0","0","0","0","0","0","0","0","0","0","0","0","0","0","0","0","0","0","0"
"*03dxr*","Ashley Barnes","BUR","F","367","FA","NEW 2<br/>@BUR 1 F","0","0","0%","0%","0","0","0","0","0","0","0","0","0","0","0","0","0","0","0","0","0","0","0","0","0","0","0"
"*05n3u*","Joe Gelhardt","LEE","F","302","Laeka B","LEE 2<br/>@BRF 1 F","0","0","0%","0%","0","0","0","0","0","0","0","0","0","0","0","0","0","0","0","0","0","0","0","0","0","0","0"
"*05uh9*","Bryan Gil","TOT","F","449","FA","TOT 5<br/>@NOR 0 F","0","0","0%","0%","0","0","0","0","0","0","0","0","0","0","0","0","0","0","0","0","0","0","0","0","0","0","0"
"*05x12*","Leo Fuhr Hjelde","LEE","D","457","FA","LEE 2<br/>@BRF 1 F","0","0","0%","0%","0","0","0","0","0","0","0","0","0","0","0","0","0","0","0","0","0","0","0","0","0","0","0"
"*05ogg*","Ajibola Alese","WHU","D","507","FA","WHU 1<br/>@BHA 3 F","0","0","0%","0%","0","0","0","0","0","0","0","0","0","0","0","0","0","0","0","0","0","0","0","0","0","0","0"
"*04u6i*","Leander Dendoncker","WOL","M","249","FA","WOL 1<br/>@LIV 3 F","0","0","0%","0%","0","0","0","0","0","0","0","0","0","0","0","0","0","0","0","0","0","0","0","0","0","0","0"
"*05uhl*","Kaide Gordon","LIV","F","490","FA","WOL 1<br/>@LIV 3 F","0","0","0%","0%","0","0","0","0","0","0","0","0","0","0","0","0","0","0","0","0","0","0","0","0","0","0","0"
"*05r93*","Tyler Onyango","EVE","M","497","FA","EVE 1<br/>@ARS 5 F","0","0","0%","0%","0","0","0","0","0","0","0","0","0","0","0","0","0","0","0","0","0","0","0","0","0","0","0"
"*05re5*","Carney Chukwuemeka","AVL","M","420","FA","AVL 2<br/>@MCI 3 F","0","0","0%","0%","0","0","0","0","0","0","0","0","0","0","0","0","0","0","0","0","0","0","0","0","0","0","0"
"*048xg*","Josh Dasilva","BRF","M","453","FA","LEE 2<br/>@BRF 1 F","0","0","0%","0%","0","0","0","0","0","0","0","0","0","0","0","0","0","0","0","0","0","0","0","0","0","0","0"
"*05nio*","Alfie Devine","TOT","M","570","FA","TOT 5<br/>@NOR 0 F","0","0","0%","0%","0","0","0","0","0","0","0","0","0","0","0","0","0","0","0","0","0","0","0","0","0","0","0"
"*05uog*","Lewis Dobbin","EVE","F","753","FA","EVE 1<br/>@ARS 5 F","0","0","0%","0%","0","0","0","0","0","0","0","0","0","0","0","0","0","0","0","0","0","0","0","0","0","0","0"
"*05vyh*","Andy Moran","BHA","M","658","FA","WHU 1<br/>@BHA 3 F","0","0","0%","0%","0","0","0","0","0","0","0","0","0","0","0","0","0","0","0","0","0","0","0","0","0","0","0"
"*05nuf*","Myles Peart-Harris","BRF","M","683","FA","LEE 2<br/>@BRF 1 F","0","0","0%","0%","0","0","0","0","0","0","0","0","0","0","0","0","0","0","0","0","0","0","0","0","0","0","0"
"*05nsf*","Malang Sarr","CHE","D","364","FA","WAT 1<br/>@CHE 2 F","0","0","0%","0%","0","0","0","0","0","0","0","0","0","0","0","0","0","0","0","0","0","0","0","0","0","0","0"
"*044nm*","Rob Holding","ARS","D","347","FA","EVE 1<br/>@ARS 5 F","0","0","0%","0%","0","0","0","0","0","0","0","0","0","0","0","0","0","0","0","0","0","0","0","0","0","0","0"
"*05uhk*","Tyler Morton","LIV","M","480","FA","WOL 1<br/>@LIV 3 F","0","0","0%","0%","0","0","0","0","0","0","0","0","0","0","0","0","0","0","0","0","0","0","0","0","0","0","0"
"*04mmx*","Michael Obafemi","SOU","F","669","FA","SOU 1<br/>@LEI 4 F","0","0","0%","0%","0","0","0","0","0","0","0","0","0","0","0","0","0","0","0","0","0","0","0","0","0","0","0"
"*05wqy*","Joe White","NEW","M","738","FA","NEW 2<br/>@BUR 1 F","0","0","0%","0%","0","0","0","0","0","0","0","0","0","0","0","0","0","0","0","0","0","0","0","0","0","0","0"
"*05ymb*","Tayo Adaramola","CRY","D","504","FA","MUN 0<br/>@CRY 1 F","0","0","0%","0%","0","0","0","0","0","0","0","0","0","0","0","0","0","0","0","0","0","0","0","0","0","0","0"
"*05ux0*","Owen Dodgson","BUR","D","575","FA","NEW 2<br/>@BUR 1 F","0","0","0%","0%","0","0","0","0","0","0","0","0","0","0","0","0","0","0","0","0","0","0","0","0","0","0","0"
"*05yf8*","Pierre Ekwah","WHU","D","578","FA","WHU 1<br/>@BHA 3 F","0","0","0%","0%","0","0","0","0","0","0","0","0","0","0","0","0","0","0","0","0","0","0","0","0","0","0","0"
"*05rka*","Reece Welch","EVE","D","734","FA","EVE 1<br/>@ARS 5 F","0","0","0%","0%","0","0","0","0","0","0","0","0","0","0","0","0","0","0","0","0","0","0","0","0","0","0","0"
"*02lls*","Marc Albrighton","LEI","M","280","FA","SOU 1<br/>@LEI 4 F","0","0","0%","0%","0","0","0","0","0","0","0","0","0","0","0","0","0","0","0","0","0","0","0","0","0","0","0"
"*03mml*","Dele Alli","TOT/EVE","M","315","FA","EVE 1<br/>@ARS 5 F","0","0","0%","0%","0","0","0","0","0","0","0","0","0","0","0","0","0","0","0","0","0","0","0","0","0","0","0"
"*02m66*","Marcos Alonso","CHE","D","33","RyRob","WAT 1<br/>@CHE 2 F","0","0","0%","0%","0","0","0","0","0","0","0","0","0","0","0","0","0","0","0","0","0","0","0","0","0","0","0"
"*05vyk*","Jaime Alvarado","WAT","M","508","FA","WAT 1<br/>@CHE 2 F","0","0","0%","0%","0","0","0","0","0","0","0","0","0","0","0","0","0","0","0","0","0","0","0","0","0","0","0"
"*03r9c*","Cedric Soares","ARS","D","275","FA","EVE 1<br/>@ARS 5 F","0","0","0%","0%","0","0","0","0","0","0","0","0","0","0","0","0","0","0","0","0","0","0","0","0","0","0","0"
"*05ye6*","Will Alves","LEI","F","509","FA","SOU 1<br/>@LEI 4 F","0","0","0%","0%","0","0","0","0","0","0","0","0","0","0","0","0","0","0","0","0","0","0","0","0","0","0","0"
"*058vf*","Steven Alzate","BHA","M","402","FA","WHU 1<br/>@BHA 3 F","0","0","0%","0%","0","0","0","0","0","0","0","0","0","0","0","0","0","0","0","0","0","0","0","0","0","0","0"
"*059j0*","Faustino Anjorin","CHE","M","513","FA","WAT 1<br/>@CHE 2 F","0","0","0%","0%","0","0","0","0","0","0","0","0","0","0","0","0","0","0","0","0","0","0","0","0","0","0","0"
"*04kj7*","Serge Aurier","TOT","D","517","FA","TOT 5<br/>@NOR 0 F","0","0","0%","0%","0","0","0","0","0","0","0","0","0","0","0","0","0","0","0","0","0","0","0","0","0","0","0"
"*05mzw*","Luke Ayling","LEE","D","277","FA","LEE 2<br/>@BRF 1 F","0","0","0%","0%","0","0","0","0","0","0","0","0","0","0","0","0","0","0","0","0","0","0","0","0","0","0","0"
"*02vlk*","Cesar Azpilicueta","CHE","D","142","Laeka B","WAT 1<br/>@CHE 2 F","0","0","0%","0%","0","0","0","0","0","0","0","0","0","0","0","0","0","0","0","0","0","0","0","0","0","0","0"
"*059iq*","Folarin Balogun","ARS","F","487","FA","EVE 1<br/>@ARS 5 F","0","0","0%","0%","0","0","0","0","0","0","0","0","0","0","0","0","0","0","0","0","0","0","0","0","0","0","0"
"*05trd*","Shandon Baptiste","BRF","M","337","FA","LEE 2<br/>@BRF 1 F","0","0","0%","0%","0","0","0","0","0","0","0","0","0","0","0","0","0","0","0","0","0","0","0","0","0","0","0"
"*03rxz*","Roberto Firmino","LIV","F","221","Laeka B","WOL 1<br/>@LIV 3 F","0","0","0%","0%","0","0","0","0","0","0","0","0","0","0","0","0","0","0","0","0","0","0","0","0","0","0","0"
"*02m5c*","Phil Bardsley","BUR","D","528","FA","NEW 2<br/>@BUR 1 F","0","0","0%","0%","0","0","0","0","0","0","0","0","0","0","0","0","0","0","0","0","0","0","0","0","0","0","0"
"*05lus*","Lewis Bate","CHE/LEE","M","489","FA","LEE 2<br/>@BRF 1 F","0","0","0%","0%","0","0","0","0","0","0","0","0","0","0","0","0","0","0","0","0","0","0","0","0","0","0","0"
"*05tr4*","Mads Bech Sorensen","BRF","D","403","FA","LEE 2<br/>@BRF 1 F","0","0","0%","0%","0","0","0","0","0","0","0","0","0","0","0","0","0","0","0","0","0","0","0","0","0","0","0"
"*05uhi*","Owen Beck","LIV","D","529","FA","WOL 1<br/>@LIV 3 F","0","0","0%","0%","0","0","0","0","0","0","0","0","0","0","0","0","0","0","0","0","0","0","0","0","0","0","0"
"*0326y*","Hector Bellerin","ARS","D","530","FA","EVE 1<br/>@ARS 5 F","0","0","0%","0%","0","0","0","0","0","0","0","0","0","0","0","0","0","0","0","0","0","0","0","0","0","0","0"
"*04u6g*","Filip Benkovic","LEI","D","531","FA","SOU 1<br/>@LEI 4 F","0","0","0%","0%","0","0","0","0","0","0","0","0","0","0","0","0","0","0","0","0","0","0","0","0","0","0","0"
"*05gcn*","Steven Bergwijn","TOT","F","316","FA","TOT 5<br/>@NOR 0 F","0","0","0%","0%","0","0","0","0","0","0","0","0","0","0","0","0","0","0","0","0","0","0","0","0","0","0","0"
"*02m79*","Ryan Bertrand","LEI","D","760","FA","SOU 1<br/>@LEI 4 F","0","0","0%","0%","0","0","0","0","0","0","0","0","0","0","0","0","0","0","0","0","0","0","0","0","0","0","0"
"*05tri*","Mads Bidstrup","BRF","M","491","FA","LEE 2<br/>@BRF 1 F","0","0","0%","0%","0","0","0","0","0","0","0","0","0","0","0","0","0","0","0","0","0","0","0","0","0","0","0"
"*05y63*","Lewis Brunt","LEI","M","544","FA","SOU 1<br/>@LEI 4 F","0","0","0%","0%","0","0","0","0","0","0","0","0","0","0","0","0","0","0","0","0","0","0","0","0","0","0","0"
"*05yd2*","Samir","WAT","D","295","FA","WAT 1<br/>@CHE 2 F","0","0","0%","0%","0","0","0","0","0","0","0","0","0","0","0","0","0","0","0","0","0","0","0","0","0","0","0"
"*05a6j*","Chem Campbell","WOL","F","492","FA","WOL 1<br/>@LIV 3 F","0","0","0%","0%","0","0","0","0","0","0","0","0","0","0","0","0","0","0","0","0","0","0","0","0","0","0","0"
"*051kq*","Todd Cantwell","NOR","M","424","FA","TOT 5<br/>@NOR 0 F","0","0","0%","0%","0","0","0","0","0","0","0","0","0","0","0","0","0","0","0","0","0","0","0","0","0","0","0"
"*03yik*","Cameron Carter-Vickers","TOT","D","548","FA","TOT 5<br/>@NOR 0 F","0","0","0%","0%","0","0","0","0","0","0","0","0","0","0","0","0","0","0","0","0","0","0","0","0","0","0","0"
"*04tcc*","Jonny","WOL","D","322","FA","WOL 1<br/>@LIV 3 F","0","0","0%","0%","0","0","0","0","0","0","0","0","0","0","0","0","0","0","0","0","0","0","0","0","0","0","0"
"*056ix*","Bruno Jordao","WOL","M","549","FA","WOL 1<br/>@LIV 3 F","0","0","0%","0%","0","0","0","0","0","0","0","0","0","0","0","0","0","0","0","0","0","0","0","0","0","0","0"
"*05os6*","Edinson Cavani","MUN","F","351","HALE","MUN 0<br/>@CRY 1 F","0","0","0%","0%","0","0","0","0","0","0","0","0","0","0","0","0","0","0","0","0","0","0","0","0","0","0","0"
"*05ya1*","Kayky","MCI","F","551","FA","AVL 2<br/>@MCI 3 F","0","0","0%","0%","0","0","0","0","0","0","0","0","0","0","0","0","0","0","0","0","0","0","0","0","0","0","0"
"*02m7d*","Nathaniel Chalobah","WAT","M","552","FA","WAT 1<br/>@CHE 2 F","0","0","0%","0%","0","0","0","0","0","0","0","0","0","0","0","0","0","0","0","0","0","0","0","0","0","0","0"
"*02t1j*","Calum Chambers","ARS/AVL","D","319","YUM","AVL 2<br/>@MCI 3 F","0","0","0%","0%","0","0","0","0","0","0","0","0","0","0","0","0","0","0","0","0","0","0","0","0","0","0","0"
"*05xsd*","Daniel Chesters","WHU","M","554","FA","WHU 1<br/>@BHA 3 F","0","0","0%","0%","0","0","0","0","0","0","0","0","0","0","0","0","0","0","0","0","0","0","0","0","0","0","0"
"*04lax*","Hamza Choudhury","LEI","M","413","FA","SOU 1<br/>@LEI 4 F","0","0","0%","0%","0","0","0","0","0","0","0","0","0","0","0","0","0","0","0","0","0","0","0","0","0","0","0"
"*05244*","Jack Clarke","TOT","F","557","FA","TOT 5<br/>@NOR 0 F","0","0","0%","0%","0","0","0","0","0","0","0","0","0","0","0","0","0","0","0","0","0","0","0","0","0","0","0"
"*02lmz*","Tom Cleverley","WAT","M","255","FA","WAT 1<br/>@CHE 2 F","0","0","0%","0%","0","0","0","0","0","0","0","0","0","0","0","0","0","0","0","0","0","0","0","0","0","0","0"
"*04k4j*","Aaron Connolly","BHA","F","484","FA","WHU 1<br/>@BHA 3 F","0","0","0%","0%","0","0","0","0","0","0","0","0","0","0","0","0","0","0","0","0","0","0","0","0","0","0","0"
"*02opl*","Jack Cork","BUR","M","329","FA","NEW 2<br/>@BUR 1 F","0","0","0%","0%","0","0","0","0","0","0","0","0","0","0","0","0","0","0","0","0","0","0","0","0","0","0","0"
"*05opk*","Vladimir Coufal","WHU","D","190","FA","WHU 1<br/>@BHA 3 F","0","0","0%","0%","1","5","0","0","0","0","0","0","0","0","0","0","0","0","0","0","0","0","0","0","0","0","0"
"*02yhi*","Philippe Coutinho","LIV/AVL","M","162","FA","AVL 2<br/>@MCI 3 F","0","0","0%","0%","0","0","0","0","0","0","0","0","0","0","0","0","0","0","0","0","0","0","0","0","0","0","0"
"*04xjt*","Conor Coventry","WHU","M","560","FA","WHU 1<br/>@BHA 3 F","0","0","0%","0%","0","0","0","0","0","0","0","0","0","0","0","0","0","0","0","0","0","0","0","0","0","0","0"
"*052k1*","Luke Cundle","WOL","M","456","FA","WOL 1<br/>@LIV 3 F","0","0","0%","0%","0","0","0","0","0","0","0","0","0","0","0","0","0","0","0","0","0","0","0","0","0","0","0"
"*05u4m*","Patson Daka","LEI","F","251","FA","SOU 1<br/>@LEI 4 F","0","0","0%","0%","0","0","0","0","0","0","0","0","0","0","0","0","0","0","0","0","0","0","0","0","0","0","0"
"*054ow*","Vontae Daley-Campbell","LEI","D","565","FA","SOU 1<br/>@LEI 4 F","0","0","0%","0%","0","0","0","0","0","0","0","0","0","0","0","0","0","0","0","0","0","0","0","0","0","0","0"
"*05u44*","Halil Dervisoglu","BRF","F","569","FA","LEE 2<br/>@BRF 1 F","0","0","0%","0%","0","0","0","0","0","0","0","0","0","0","0","0","0","0","0","0","0","0","0","0","0","0","0"
"*0522r*","Moussa Djenepo","SOU","M","408","FA","SOU 1<br/>@LEI 4 F","0","0","0%","0%","0","0","0","0","0","0","0","0","0","0","0","0","0","0","0","0","0","0","0","0","0","0","0"
"*03yu2*","Abdoulaye Doucoure","EVE","M","122","FA","EVE 1<br/>@ARS 5 F","0","0","0%","0%","0","0","0","0","0","0","0","0","0","0","0","0","0","0","0","0","0","0","0","0","0","0","0"
"*052k8*","Tommy Doyle","MCI","M","576","FA","AVL 2<br/>@MCI 3 F","0","0","0%","0%","0","0","0","0","0","0","0","0","0","0","0","0","0","0","0","0","0","0","0","0","0","0","0"
"*05roa*","Cody Drameh","LEE","D","758","FA","LEE 2<br/>@BRF 1 F","0","0","0%","0%","0","0","0","0","0","0","0","0","0","0","0","0","0","0","0","0","0","0","0","0","0","0","0"
"*032f5*","Paul Dummett","NEW","D","440","FA","NEW 2<br/>@BUR 1 F","0","0","0%","0%","0","0","0","0","0","0","0","0","0","0","0","0","0","0","0","0","0","0","0","0","0","0","0"
"*05uhw*","Samuel Edozie","MCI","F","577","FA","AVL 2<br/>@MCI 3 F","0","0","0%","0%","0","0","0","0","0","0","0","0","0","0","0","0","0","0","0","0","0","0","0","0","0","0","0"
"*05uho*","CJ Egan-Riley","MCI","D","493","FA","AVL 2<br/>@MCI 3 F","0","0","0%","0%","0","0","0","0","0","0","0","0","0","0","0","0","0","0","0","0","0","0","0","0","0","0","0"
"*037wp*","Christian Eriksen","TOT/BRF","M","215","Laeka B","LEE 2<br/>@BRF 1 F","0","0","0%","0%","0","0","0","0","0","0","0","0","0","0","0","0","0","0","0","0","0","0","0","0","0","0","0"
"*05u95*","Peter Etebo","WAT","M","419","FA","WAT 1<br/>@CHE 2 F","0","0","0%","0%","0","0","0","0","0","0","0","0","0","0","0","0","0","0","0","0","0","0","0","0","0","0","0"
"*05yc5*","Josh Feeney","AVL","M","582","FA","AVL 2<br/>@MCI 3 F","0","0","0%","0%","0","0","0","0","0","0","0","0","0","0","0","0","0","0","0","0","0","0","0","0","0","0","0"
"*04mf8*","Nathan Ferguson","CRY","D","583","FA","MUN 0<br/>@CRY 1 F","0","0","0%","0%","0","0","0","0","0","0","0","0","0","0","0","0","0","0","0","0","0","0","0","0","0","0","0"
"*03jab*","Federico Fernandez","NEW","D","448","FA","NEW 2<br/>@BUR 1 F","0","0","0%","0%","0","0","0","0","0","0","0","0","0","0","0","0","0","0","0","0","0","0","0","0","0","0","0"
"*05u7a*","Junior Firpo","LEE","D","344","FA","LEE 2<br/>@BRF 1 F","0","0","0%","0%","0","0","0","0","0","0","0","0","0","0","0","0","0","0","0","0","0","0","0","0","0","0","0"
"*0452s*","Ashley Fletcher","WAT","F","476","FA","WAT 1<br/>@CHE 2 F","0","0","0%","0%","1","1","0","0","0","0","0","0","0","0","0","0","0","0","0","0","0","0","0","0","0","0","0"
"*05trc*","Tariqe Fosu-Henry","BRF","M","479","FA","LEE 2<br/>@BRF 1 F","0","0","0%","0%","0","0","0","0","0","0","0","0","0","0","0","0","0","0","0","0","0","0","0","0","0","0","0"
"*03r8r*","Ryan Fraser","NEW","M","230","FA","NEW 2<br/>@BUR 1 F","0","0","0%","0%","0","0","0","0","0","0","0","0","0","0","0","0","0","0","0","0","0","0","0","0","0","0","0"
"*02lof*","Ryan Fredericks","WHU","D","477","FA","WHU 1<br/>@BHA 3 F","0","0","0%","0%","0","0","0","0","0","0","0","0","0","0","0","0","0","0","0","0","0","0","0","0","0","0","0"
"*0329o*","Dwight Gayle","NEW","F","472","FA","NEW 2<br/>@BUR 1 F","0","0","0%","0%","1","1","0","0","0","0","0","0","0","0","0","0","0","0","0","0","0","0","0","0","0","0","0"
"*04sjv*","Ryan Giles","WOL","M","591","FA","WOL 1<br/>@LIV 3 F","0","0","0%","0%","0","0","0","0","0","0","0","0","0","0","0","0","0","0","0","0","0","0","0","0","0","0","0"
"*052cc*","Billy Gilmour","NOR","M","227","FA","TOT 5<br/>@NOR 0 F","0","0","0%","0%","0","0","0","0","0","0","0","0","0","0","0","0","0","0","0","0","0","0","0","0","0","0","0"
"*02ltx*","Dan Gosling","WAT","M","427","FA","WAT 1<br/>@CHE 2 F","0","0","0%","0%","0","0","0","0","0","0","0","0","0","0","0","0","0","0","0","0","0","0","0","0","0","0","0"
"*0427g*","Andre Gray","WAT","F","596","FA","WAT 1<br/>@CHE 2 F","0","0","0%","0%","0","0","0","0","0","0","0","0","0","0","0","0","0","0","0","0","0","0","0","0","0","0","0"
"*05229*","Frederic Guilbert","AVL","D","599","FA","AVL 2<br/>@MCI 3 F","0","0","0%","0%","0","0","0","0","0","0","0","0","0","0","0","0","0","0","0","0","0","0","0","0","0","0","0"
"*02m08*","Grant Hanley","NOR","D","134","I_am_Tim","TOT 5<br/>@NOR 0 F","0","0","0%","0%","0","0","0","0","0","0","0","0","0","0","0","0","0","0","0","0","0","0","0","0","0","0","0"
"*0554u*","Trezeguet","AVL","M","495","FA","AVL 2<br/>@MCI 3 F","0","0","0%","0%","0","0","0","0","0","0","0","0","0","0","0","0","0","0","0","0","0","0","0","0","0","0","0"
"*04qr4*","Kortney Hause","AVL","D","383","FA","AVL 2<br/>@MCI 3 F","0","0","0%","0%","0","0","0","0","0","0","0","0","0","0","0","0","0","0","0","0","0","0","0","0","0","0","0"
"*05rey*","Kaine Hayden","AVL","D,M","604","FA","AVL 2<br/>@MCI 3 F","0","0","0%","0%","0","0","0","0","0","0","0","0","0","0","0","0","0","0","0","0","0","0","0","0","0","0","0"
"*047l2*","Jeff Hendrick","NEW","M","438","FA","NEW 2<br/>@BUR 1 F","0","0","0%","0%","0","0","0","0","0","0","0","0","0","0","0","0","0","0","0","0","0","0","0","0","0","0","0"
"*03g40*","Kelechi Iheanacho","LEI","F","223","DYCHE","SOU 1<br/>@LEI 4 F","0","0","0%","0%","0","0","0","0","0","0","0","0","0","0","0","0","0","0","0","0","0","0","0","0","0","0","0"
"*03dxq*","Danny Ings","AVL","F","157","DYCHE","AVL 2<br/>@MCI 3 F","0","0","0%","0%","0","0","0","0","0","0","0","0","0","0","0","0","0","0","0","0","0","0","0","0","0","0","0"
"*02lnd*","Phil Jones","MUN","D","445","FA","MUN 0<br/>@CRY 1 F","0","0","0%","0%","0","0","0","0","0","0","0","0","0","0","0","0","0","0","0","0","0","0","0","0","0","0","0"
"*05rak*","Ozan Kabak","NOR","D","381","FA","TOT 5<br/>@NOR 0 F","0","0","0%","0%","0","0","0","0","0","0","0","0","0","0","0","0","0","0","0","0","0","0","0","0","0","0","0"
"*0436l*","Christian Kabasele","WAT","D","365","FA","WAT 1<br/>@CHE 2 F","0","0","0%","0%","0","0","0","0","0","0","0","0","0","0","0","0","0","0","0","0","0","0","0","0","0","0","0"
"*05yjo*","Samuel Kalu","WAT","F","441","FA","WAT 1<br/>@CHE 2 F","0","0","0%","0%","0","0","0","0","0","0","0","0","0","0","0","0","0","0","0","0","0","0","0","0","0","0","0"
"*05ycu*","Hassane Kamara","WAT","D","212","FA","WAT 1<br/>@CHE 2 F","0","0","0%","0%","0","0","0","0","0","0","0","0","0","0","0","0","0","0","0","0","0","0","0","0","0","0","0"
"*05ydk*","Edo Kayembe","WAT","M","355","FA","WAT 1<br/>@CHE 2 F","0","0","0%","0%","0","0","0","0","0","0","0","0","0","0","0","0","0","0","0","0","0","0","0","0","0","0","0"
"*04rhe*","Naby Keita","LIV","M","240","FA","WOL 1<br/>@LIV 3 F","0","0","0%","0%","0","0","0","0","0","0","0","0","0","0","0","0","0","0","0","0","0","0","0","0","0","0","0"
"*02lk9*","Martin Kelly","CRY","D","621","FA","MUN 0<br/>@CRY 1 F","0","0","0%","0%","0","0","0","0","0","0","0","0","0","0","0","0","0","0","0","0","0","0","0","0","0","0","0"
"*03m5e*","Jonjoe Kenny","EVE","D","386","FA","EVE 1<br/>@ARS 5 F","0","0","0%","0%","0","0","0","0","0","0","0","0","0","0","0","0","0","0","0","0","0","0","0","0","0","0","0"
"*05n04*","Mateusz Klich","LEE","M","178","FA","LEE 2<br/>@BRF 1 F","0","0","0%","0%","0","0","0","0","0","0","0","0","0","0","0","0","0","0","0","0","0","0","0","0","0","0","0"
"*05nuh*","Robin Koch","LEE","D","385","FA","LEE 2<br/>@BRF 1 F","0","0","0%","0%","0","0","0","0","0","0","0","0","0","0","0","0","0","0","0","0","0","0","0","0","0","0","0"
"*04fjx*","Sead Kolasinac","ARS","D","763","FA","EVE 1<br/>@ARS 5 F","0","0","0%","0%","0","0","0","0","0","0","0","0","0","0","0","0","0","0","0","0","0","0","0","0","0","0","0"
"*05a6f*","Billy Koumetio","LIV","D","624","FA","WOL 1<br/>@LIV 3 F","0","0","0%","0%","0","0","0","0","0","0","0","0","0","0","0","0","0","0","0","0","0","0","0","0","0","0","0"
"*05w9n*","Alex Kral","WHU","M","498","FA","WHU 1<br/>@BHA 3 F","0","0","0%","0%","0","0","0","0","0","0","0","0","0","0","0","0","0","0","0","0","0","0","0","0","0","0","0"
"*03sd5*","Manuel Lanzini","WHU","M","164","FA","WHU 1<br/>@BHA 3 F","0","0","0%","0%","0","0","0","0","0","0","0","0","0","0","0","0","0","0","0","0","0","0","0","0","0","0","0"
"*04mqu*","Aymeric Laporte","MCI","D","88","McGinn","AVL 2<br/>@MCI 3 F","0","0","0%","0%","0","0","0","0","0","0","0","0","0","0","0","0","0","0","0","0","0","0","0","0","0","0","0"
"*05yf3*","Dexter Lembikisa","WOL","D","629","FA","WOL 1<br/>@LIV 3 F","0","0","0%","0%","0","0","0","0","0","0","0","0","0","0","0","0","0","0","0","0","0","0","0","0","0","0","0"
"*02loq*","Aaron Lennon","BUR","M","299","FA","NEW 2<br/>@BUR 1 F","0","0","0%","0%","0","0","0","0","0","0","0","0","0","0","0","0","0","0","0","0","0","0","0","0","0","0","0"
"*051kd*","Jamal Lewis","NEW","D","452","FA","NEW 2<br/>@BUR 1 F","0","0","0%","0%","0","0","0","0","0","0","0","0","0","0","0","0","0","0","0","0","0","0","0","0","0","0","0"
"*05r4i*","Hayden Lindley","AVL","M","632","FA","AVL 2<br/>@MCI 3 F","0","0","0%","0%","0","0","0","0","0","0","0","0","0","0","0","0","0","0","0","0","0","0","0","0","0","0","0"
"*02lni*","Jesse Lingard","MUN","M","370","FA","MUN 0<br/>@CRY 1 F","0","0","0%","0%","0","0","0","0","0","0","0","0","0","0","0","0","0","0","0","0","0","0","0","0","0","0","0"
"*0574a*","Giovani Lo Celso","TOT","M","411","FA","TOT 5<br/>@NOR 0 F","0","0","0%","0%","1","18","0","0","0","0","0","0","0","0","0","0","0","0","0","0","0","0","0","0","0","0","0"
"*04mmw*","Jurgen Locadia","BHA","F","751","FA","WHU 1<br/>@BHA 3 F","0","0","0%","0%","0","0","0","0","0","0","0","0","0","0","0","0","0","0","0","0","0","0","0","0","0","0","0"
"*03m5c*","Ruben Loftus-Cheek","CHE","M","236","Laeka B","WAT 1<br/>@CHE 2 F","0","0","0%","0%","1","16","0","0","0","0","0","0","0","2","0","0","0","0","0","1","0","0","0","0","0","1","0"
"*03dxa*","Kevin Long","BUR","D","464","FA","NEW 2<br/>@BUR 1 F","0","0","0%","0%","0","0","0","0","0","0","0","0","0","0","0","0","0","0","0","0","0","0","0","0","0","0","0"
"*02los*","Shane Long","SOU","F","397","FA","SOU 1<br/>@LEI 4 F","0","0","0%","0%","0","0","0","0","0","0","0","0","0","0","0","0","0","0","0","0","0","0","0","0","0","0","0"
"*052ju*","Matty Longstaff","NEW","M","635","FA","NEW 2<br/>@BUR 1 F","0","0","0%","0%","0","0","0","0","0","0","0","0","0","0","0","0","0","0","0","0","0","0","0","0","0","0","0"
"*05ts2*","Imran Louza","WAT","M","248","FA","WAT 1<br/>@CHE 2 F","0","0","0%","0%","0","0","0","0","0","0","0","0","0","0","0","0","0","0","0","0","0","0","0","0","0","0","0"
"*03278*","Fernandinho","MCI","M","297","FA","AVL 2<br/>@MCI 3 F","0","0","0%","0%","0","0","0","0","0","0","0","0","0","0","0","0","0","0","0","0","0","0","0","0","0","0","0"
"*02m7x*","Romelu Lukaku","CHE","F","172","RK U8","WAT 1<br/>@CHE 2 F","0","0","0%","0%","0","0","0","0","0","0","0","0","0","0","0","0","0","0","0","0","0","0","0","0","0","0","0"
"*05yf0*","Isaac Mabaya","LIV","M","637","FA","WOL 1<br/>@LIV 3 F","0","0","0%","0%","0","0","0","0","0","0","0","0","0","0","0","0","0","0","0","0","0","0","0","0","0","0","0"
"*03dyp*","Riyad Mahrez","MCI","F","57","HALE","AVL 2<br/>@MCI 3 F","0","0","0%","0%","0","0","0","0","0","0","0","0","0","0","0","0","0","0","0","0","0","0","0","0","0","0","0"
"*03hvn*","Javier Manquillo","NEW","D","332","FA","NEW 2<br/>@BUR 1 F","0","0","0%","0%","0","0","0","0","0","0","0","0","0","0","0","0","0","0","0","0","0","0","0","0","0","0","0"
"*05o8j*","Marcal","WOL","D","243","FA","WOL 1<br/>@LIV 3 F","0","0","0%","0%","0","0","0","0","0","0","0","0","0","0","0","0","0","0","0","0","0","0","0","0","0","0","0"
"*05gco*","Pablo Mari","ARS","D","450","FA","EVE 1<br/>@ARS 5 F","0","0","0%","0%","0","0","0","0","0","0","0","0","0","0","0","0","0","0","0","0","0","0","0","0","0","0","0"
"*03vlm*","Anthony Martial","MUN","F","430","FA","MUN 0<br/>@CRY 1 F","0","0","0%","0%","0","0","0","0","0","0","0","0","0","0","0","0","0","0","0","0","0","0","0","0","0","0","0"
"*04rim*","Adam Masina","WAT","D","330","FA","WAT 1<br/>@CHE 2 F","0","0","0%","0%","0","0","0","0","0","0","0","0","0","0","0","0","0","0","0","0","0","0","0","0","0","0","0"
"*02m7z*","Juan Mata","MUN","M","434","I_am_Tim","MUN 0<br/>@CRY 1 F","0","0","0%","0%","0","0","0","0","0","0","0","0","0","0","0","0","0","0","0","0","0","0","0","0","0","0","0"
"*03aoj*","Nemanja Matic","MUN","M","238","FA","MUN 0<br/>@CRY 1 F","0","0","0%","0%","0","0","0","0","0","0","0","0","0","0","0","0","0","0","0","0","0","0","0","0","0","0","0"
"*05r33*","Luke Mbete","MCI","D","646","FA","AVL 2<br/>@MCI 3 F","0","0","0%","0%","0","0","0","0","0","0","0","0","0","0","0","0","0","0","0","0","0","0","0","0","0","0","0"
"*05y55*","Kasey McAteer","LEI","M","648","FA","SOU 1<br/>@LEI 4 F","0","0","0%","0%","0","0","0","0","0","0","0","0","0","0","0","0","0","0","0","0","0","0","0","0","0","0","0"
"*05unv*","Liam McCarron","LEE","M","649","FA","LEE 2<br/>@BRF 1 F","0","0","0%","0%","0","0","0","0","0","0","0","0","0","0","0","0","0","0","0","0","0","0","0","0","0","0","0"
"*05ww3*","Stuart McKinstry","LEE","M","654","FA","LEE 2<br/>@BRF 1 F","0","0","0%","0%","0","0","0","0","0","0","0","0","0","0","0","0","0","0","0","0","0","0","0","0","0","0","0"
"*04gyl*","Benjamin Mendy","MCI","D","460","FA","AVL 2<br/>@MCI 3 F","0","0","0%","0%","0","0","0","0","0","0","0","0","0","0","0","0","0","0","0","0","0","0","0","0","0","0","0"
"*043by*","Nampalys Mendy","LEI","M","406","FA","SOU 1<br/>@LEI 4 F","0","0","0%","0%","0","0","0","0","0","0","0","0","0","0","0","0","0","0","0","0","0","0","0","0","0","0","0"
"*05afe*","Teden Mengi","MUN","D","655","FA","MUN 0<br/>@CRY 1 F","0","0","0%","0%","0","0","0","0","0","0","0","0","0","0","0","0","0","0","0","0","0","0","0","0","0","0","0"
"*04ami*","Luka Milivojevic","CRY","M","359","FA","MUN 0<br/>@CRY 1 F","0","0","0%","0%","0","0","0","0","0","0","0","0","0","0","0","0","0","0","0","0","0","0","0","0","0","0","0"
"*04u6k*","Yerry Mina","EVE","D","342","FA","EVE 1<br/>@ARS 5 F","0","0","0%","0%","0","0","0","0","0","0","0","0","0","0","0","0","0","0","0","0","0","0","0","0","0","0","0"
"*05g2n*","Takumi Minamino","LIV","F","388","FA","WOL 1<br/>@LIV 3 F","0","0","0%","0%","1","9","0","0","0","0","0","0","0","0","0","0","0","0","0","0","0","0","0","0","0","0","0"
"*05r37*","Jakub Moder","BHA","M","246","FA","WHU 1<br/>@BHA 3 F","0","0","0%","0%","0","0","0","0","0","0","0","0","0","0","0","0","0","0","0","0","0","0","0","0","0","0","0"
"*051wl*","Wesley","AVL","F","500","FA","AVL 2<br/>@MCI 3 F","0","0","0%","0%","0","0","0","0","0","0","0","0","0","0","0","0","0","0","0","0","0","0","0","0","0","0","0"
"*05trr*","Bali Mumba","NOR","D","759","FA","TOT 5<br/>@NOR 0 F","0","0","0%","0%","0","0","0","0","0","0","0","0","0","0","0","0","0","0","0","0","0","0","0","0","0","0","0"
"*04qna*","Marc Navarro","WAT","D","663","FA","WAT 1<br/>@CHE 2 F","0","0","0%","0%","0","0","0","0","0","0","0","0","0","0","0","0","0","0","0","0","0","0","0","0","0","0","0"
"*05g3t*","Jeremy Ngakia","WAT","D","361","FA","WAT 1<br/>@CHE 2 F","0","0","0%","0%","0","0","0","0","0","0","0","0","0","0","0","0","0","0","0","0","0","0","0","0","0","0","0"
"*05w9s*","Saul Niguez","CHE","M","398","FA","WAT 1<br/>@CHE 2 F","0","0","0%","0%","0","0","0","0","0","0","0","0","0","0","0","0","0","0","0","0","0","0","0","0","0","0","0"
"*05oel*","Niels Nkounkou","EVE","D","665","FA","EVE 1<br/>@ARS 5 F","0","0","0%","0%","0","0","0","0","0","0","0","0","0","0","0","0","0","0","0","0","0","0","0","0","0","0","0"
"*02onj*","Mark Noble","WHU","M","425","FA","WHU 1<br/>@BHA 3 F","0","0","0%","0%","0","0","0","0","0","0","0","0","0","0","0","0","0","0","0","0","0","0","0","0","0","0","0"
"*03sin*","Kenedy","CHE","M","447","FA","WAT 1<br/>@CHE 2 F","0","0","0%","0%","0","0","0","0","0","0","0","0","0","0","0","0","0","0","0","0","0","0","0","0","0","0","0"
"*05vyg*","Odeluga Offiah","BHA","D","671","FA","WHU 1<br/>@BHA 3 F","0","0","0%","0%","0","0","0","0","0","0","0","0","0","0","0","0","0","0","0","0","0","0","0","0","0","0","0"
"*03rxb*","Angelo Ogbonna","WHU","D","352","FA","WHU 1<br/>@BHA 3 F","0","0","0%","0%","1","21","0","0","0","0","0","0","0","0","0","0","0","0","0","0","0","0","0","0","0","0","0"
"*05os9*","Thomas Partey","ARS","M","163","FA","EVE 1<br/>@ARS 5 F","0","0","0%","0%","0","0","0","0","0","0","0","0","0","0","0","0","0","0","0","0","0","0","0","0","0","0","0"
"*05y9e*","Charlie Patino","ARS","M","681","FA","EVE 1<br/>@ARS 5 F","0","0","0%","0%","0","0","0","0","0","0","0","0","0","0","0","0","0","0","0","0","0","0","0","0","0","0","0"
"*055sk*","Nicolas Pepe","ARS","F","290","FA","EVE 1<br/>@ARS 5 F","0","0","0%","0%","0","0","0","0","0","0","0","0","0","0","0","0","0","0","0","0","0","0","0","0","0","0","0"
"*03eke*","Ayoze Perez","LEI","M","320","FA","SOU 1<br/>@LEI 4 F","0","0","0%","0%","0","0","0","0","0","0","0","0","0","0","0","0","0","0","0","0","0","0","0","0","0","0","0"
"*05y2h*","Sonny Perkins","WHU","M","501","FA","WHU 1<br/>@BHA 3 F","0","0","0%","0%","0","0","0","0","0","0","0","0","0","0","0","0","0","0","0","0","0","0","0","0","0","0","0"
"*05u5e*","Romain Perraud","SOU","D","348","FA","SOU 1<br/>@LEI 4 F","0","0","0%","0%","0","0","0","0","0","0","0","0","0","0","0","0","0","0","0","0","0","0","0","0","0","0","0"
"*04rxe*","Nathaniel Phillips","LIV","D","684","FA","WOL 1<br/>@LIV 3 F","0","0","0%","0%","0","0","0","0","0","0","0","0","0","0","0","0","0","0","0","0","0","0","0","0","0","0","0"
"*05rff*","Jaden Philogene-Bidace","AVL","M","755","FA","AVL 2<br/>@MCI 3 F","0","0","0%","0%","0","0","0","0","0","0","0","0","0","0","0","0","0","0","0","0","0","0","0","0","0","0","0"
"*032ab*","Erik Pieters","BUR","D","312","FA","NEW 2<br/>@BUR 1 F","0","0","0%","0%","1","1","0","0","0","0","0","0","0","0","0","0","0","0","0","0","0","0","0","0","0","0","0"
"*05tru*","Przemyslaw Placheta","NOR","M","394","FA","TOT 5<br/>@NOR 0 F","0","0","0%","0%","0","0","0","0","0","0","0","0","0","0","0","0","0","0","0","0","0","0","0","0","0","0","0"
"*05ylz*","Luke Plange","CRY","F","685","FA","MUN 0<br/>@CRY 1 F","0","0","0%","0%","0","0","0","0","0","0","0","0","0","0","0","0","0","0","0","0","0","0","0","0","0","0","0"
"*02lnq*","Paul Pogba","MUN","M","175","FA","MUN 0<br/>@CRY 1 F","0","0","0%","0%","0","0","0","0","0","0","0","0","0","0","0","0","0","0","0","0","0","0","0","0","0","0","0"
"*05795*","Dennis Praet","LEI","M","687","FA","SOU 1<br/>@LEI 4 F","0","0","0%","0%","0","0","0","0","0","0","0","0","0","0","0","0","0","0","0","0","0","0","0","0","0","0","0"
"*05rkb*","Isaac Price","EVE","M","752","FA","EVE 1<br/>@ARS 5 F","0","0","0%","0%","0","0","0","0","0","0","0","0","0","0","0","0","0","0","0","0","0","0","0","0","0","0","0"
"*04yim*","Christian Pulisic","CHE","M","214","RK U8","WAT 1<br/>@CHE 2 F","0","0","0%","0%","1","4","0","0","0","0","0","0","0","0","0","0","0","0","0","0","0","0","0","0","0","0","0"
"*05y7i*","Jarell Quansah","LIV","D","688","FA","WOL 1<br/>@LIV 3 F","0","0","0%","0%","0","0","0","0","0","0","0","0","0","0","0","0","0","0","0","0","0","0","0","0","0","0","0"
"*0452r*","Domingos Quina","WAT","M","689","FA","WAT 1<br/>@CHE 2 F","0","0","0%","0%","0","0","0","0","0","0","0","0","0","0","0","0","0","0","0","0","0","0","0","0","0","0","0"
"*05udh*","Luka Racic","BRF","D","690","FA","LEE 2<br/>@BRF 1 F","0","0","0%","0%","0","0","0","0","0","0","0","0","0","0","0","0","0","0","0","0","0","0","0","0","0","0","0"
"*02rll*","Nathan Redmond","SOU","M","148","FA","SOU 1<br/>@LEI 4 F","0","0","0%","0%","0","0","0","0","0","0","0","0","0","0","0","0","0","0","0","0","0","0","0","0","0","0","0"
"*02ono*","Winston Reid","WHU","D","693","FA","WHU 1<br/>@BHA 3 F","0","0","0%","0%","0","0","0","0","0","0","0","0","0","0","0","0","0","0","0","0","0","0","0","0","0","0","0"
"*04ym2*","Taylor Richards","BHA","M,F","481","FA","WHU 1<br/>@BHA 3 F","0","0","0%","0%","0","0","0","0","0","0","0","0","0","0","0","0","0","0","0","0","0","0","0","0","0","0","0"
"*04gyz*","Jairo Riedewald","CRY","M","461","FA","MUN 0<br/>@CRY 1 F","0","0","0%","0%","0","0","0","0","0","0","0","0","0","0","0","0","0","0","0","0","0","0","0","0","0","0","0"
"*05o8m*","James Rodriguez","EVE","M","697","FA","EVE 1<br/>@ARS 5 F","0","0","0%","0%","0","0","0","0","0","0","0","0","0","0","0","0","0","0","0","0","0","0","0","0","0","0","0"
"*03tip*","Salomon Rondon","NEW/EVE","F","375","FA","EVE 1<br/>@ARS 5 F","0","0","0%","0%","0","0","0","0","0","0","0","0","0","0","0","0","0","0","0","0","0","0","0","0","0","0","0"
"*05y6b*","Jonathan Rowe","NOR","F","415","FA","TOT 5<br/>@NOR 0 F","0","0","0%","0%","0","0","0","0","0","0","0","0","0","0","0","0","0","0","0","0","0","0","0","0","0","0","0"
"*05g49*","Lukas Rupp","NOR","M","369","FA","TOT 5<br/>@NOR 0 F","0","0","0%","0%","0","0","0","0","0","0","0","0","0","0","0","0","0","0","0","0","0","0","0","0","0","0","0"
"*04jyc*","Davinson Sanchez","TOT","D","149","Laeka B","TOT 5<br/>@NOR 0 F","0","0","0%","0%","0","0","0","0","0","0","0","0","0","0","0","0","0","0","0","0","0","0","0","0","0","0","0"
"*052jx*","Dion Sanderson","WOL","D","700","FA","WOL 1<br/>@LIV 3 F","0","0","0%","0%","0","0","0","0","0","0","0","0","0","0","0","0","0","0","0","0","0","0","0","0","0","0","0"
"*04tlz*","Philippe Sandler","MCI","D","701","FA","AVL 2<br/>@MCI 3 F","0","0","0%","0%","0","0","0","0","0","0","0","0","0","0","0","0","0","0","0","0","0","0","0","0","0","0","0"
"*05r98*","Morgan Sanson","AVL","M","395","FA","AVL 2<br/>@MCI 3 F","0","0","0%","0%","0","0","0","0","0","0","0","0","0","0","0","0","0","0","0","0","0","0","0","0","0","0","0"
"*04rtp*","Ken Sema","WAT","M","360","FA","WAT 1<br/>@CHE 2 F","0","0","0%","0%","0","0","0","0","0","0","0","0","0","0","0","0","0","0","0","0","0","0","0","0","0","0","0"
"*05n05*","Jamie Shackleton","LEE","M","376","FA","LEE 2<br/>@BRF 1 F","0","0","0%","0%","0","0","0","0","0","0","0","0","0","0","0","0","0","0","0","0","0","0","0","0","0","0","0"
"*05rdx*","Shola Shoretire","MUN","F","706","FA","MUN 0<br/>@CRY 1 F","0","0","0%","0%","0","0","0","0","0","0","0","0","0","0","0","0","0","0","0","0","0","0","0","0","0","0","0"
"*05ts0*","Francisco Sierralta","WAT","D","433","FA","WAT 1<br/>@CHE 2 F","0","0","0%","0%","0","0","0","0","0","0","0","0","0","0","0","0","0","0","0","0","0","0","0","0","0","0","0"
"*02m2u*","Gylfi Sigurdsson","EVE","M","707","FA","EVE 1<br/>@ARS 5 F","0","0","0%","0%","0","0","0","0","0","0","0","0","0","0","0","0","0","0","0","0","0","0","0","0","0","0","0"
"*05m9r*","Ellis Simms","EVE","F","502","FA","EVE 1<br/>@ARS 5 F","0","0","0%","0%","0","0","0","0","0","0","0","0","0","0","0","0","0","0","0","0","0","0","0","0","0","0","0"
"*0554t*","William Smallbone","SOU","M","451","FA","SOU 1<br/>@LEI 4 F","0","0","0%","0%","0","0","0","0","0","0","0","0","0","0","0","0","0","0","0","0","0","0","0","0","0","0","0"
"*05trv*","Jacob Sorensen","NOR","M","382","FA","TOT 5<br/>@NOR 0 F","0","0","0%","0%","0","0","0","0","0","0","0","0","0","0","0","0","0","0","0","0","0","0","0","0","0","0","0"
"*04qrf*","Helder Costa","LEE","M","716","FA","LEE 2<br/>@BRF 1 F","0","0","0%","0%","0","0","0","0","0","0","0","0","0","0","0","0","0","0","0","0","0","0","0","0","0","0","0"
"*060u7*","Tony Springett","NOR","M","465","FA","TOT 5<br/>@NOR 0 F","0","0","0%","0%","0","0","0","0","0","0","0","0","0","0","0","0","0","0","0","0","0","0","0","0","0","0","0"
"*04e1h*","Dale Stephens","BUR","M","467","FA","NEW 2<br/>@BUR 1 F","0","0","0%","0%","0","0","0","0","0","0","0","0","0","0","0","0","0","0","0","0","0","0","0","0","0","0","0"
"*02oq7*","Jack Stephens","SOU","D","387","FA","SOU 1<br/>@LEI 4 F","0","0","0%","0%","0","0","0","0","0","0","0","0","0","0","0","0","0","0","0","0","0","0","0","0","0","0","0"
"*05trg*","Finley Stevens","BRF","D,M","470","FA","LEE 2<br/>@BRF 1 F","0","0","0%","0%","0","0","0","0","0","0","0","0","0","0","0","0","0","0","0","0","0","0","0","0","0","0","0"
"*05r3z*","Sil Swinkels","AVL","D","723","FA","AVL 2<br/>@MCI 3 F","0","0","0%","0%","0","0","0","0","0","0","0","0","0","0","0","0","0","0","0","0","0","0","0","0","0","0","0"
"*04tsd*","Japhet Tanganga","TOT","D","349","FA","TOT 5<br/>@NOR 0 F","0","0","0%","0%","0","0","0","0","0","0","0","0","0","0","0","0","0","0","0","0","0","0","0","0","0","0","0"
"*04u6l*","Andre Gomes","EVE","M","393","FA","EVE 1<br/>@ARS 5 F","0","0","0%","0%","0","0","0","0","0","0","0","0","0","0","0","0","0","0","0","0","0","0","0","0","0","0","0"
"*05l0f*","Nathan Tella","SOU","M","357","FA","SOU 1<br/>@LEI 4 F","0","0","0%","0%","0","0","0","0","0","0","0","0","0","0","0","0","0","0","0","0","0","0","0","0","0","0","0"
"*05l2z*","Bobby Thomas","BUR","D","724","FA","NEW 2<br/>@BUR 1 F","0","0","0%","0%","0","0","0","0","0","0","0","0","0","0","0","0","0","0","0","0","0","0","0","0","0","0","0"
"*05m46*","Luke Thomas","LEI","D","252","FA","SOU 1<br/>@LEI 4 F","0","0","0%","0%","0","0","0","0","0","0","0","0","0","0","0","0","0","0","0","0","0","0","0","0","0","0","0"
"*052h4*","Dominic Thompson","BRF","D","503","FA","LEE 2<br/>@BRF 1 F","0","0","0%","0%","0","0","0","0","0","0","0","0","0","0","0","0","0","0","0","0","0","0","0","0","0","0","0"
"*05749*","Kieran Tierney","ARS","D","165","FA","EVE 1<br/>@ARS 5 F","0","0","0%","0%","0","0","0","0","0","0","0","0","0","0","0","0","0","0","0","0","0","0","0","0","0","0","0"
"*05ygj*","Chiquinho","WOL","F","358","FA","WOL 1<br/>@LIV 3 F","0","0","0%","0%","0","0","0","0","0","0","0","0","0","0","0","0","0","0","0","0","0","0","0","0","0","0","0"
"*02rn6*","James Tomkins","CRY","D","417","FA","MUN 0<br/>@CRY 1 F","0","0","0%","0%","0","0","0","0","0","0","0","0","0","0","0","0","0","0","0","0","0","0","0","0","0","0","0"
"*04ml9*","Cenk Tosun","EVE","F","726","FA","EVE 1<br/>@ARS 5 F","0","0","0%","0%","0","0","0","0","0","0","0","0","0","0","0","0","0","0","0","0","0","0","0","0","0","0","0"
"*05trz*","William Troost-Ekong","WAT","D","439","FA","WAT 1<br/>@CHE 2 F","0","0","0%","0%","0","0","0","0","0","0","0","0","0","0","0","0","0","0","0","0","0","0","0","0","0","0","0"
"*05uox*","Christos Tzolis","NOR","F","412","FA","TOT 5<br/>@NOR 0 F","0","0","0%","0%","0","0","0","0","0","0","0","0","0","0","0","0","0","0","0","0","0","0","0","0","0","0","0"
"*05yly*","Deniz Undav","BHA","F","730","FA","WHU 1<br/>@BHA 3 F","0","0","0%","0%","0","0","0","0","0","0","0","0","0","0","0","0","0","0","0","0","0","0","0","0","0","0","0"
"*05nue*","Harvey Vale","CHE","M","731","FA","WAT 1<br/>@CHE 2 F","0","0","0%","0%","0","0","0","0","0","0","0","0","0","0","0","0","0","0","0","0","0","0","0","0","0","0","0"
"*0452p*","Yan Valery","SOU","D","409","FA","SOU 1<br/>@LEI 4 F","0","0","0%","0%","0","0","0","0","0","0","0","0","0","0","0","0","0","0","0","0","0","0","0","0","0","0","0"
"*05up6*","Raphael Varane","MUN","D","231","Noah B","MUN 0<br/>@CRY 1 F","0","0","0%","0%","0","0","0","0","0","0","0","0","0","0","0","0","0","0","0","0","0","0","0","0","0","0","0"
"*04s60*","Jannik Vestergaard","LEI","D","410","FA","SOU 1<br/>@LEI 4 F","0","0","0%","0%","0","0","0","0","0","0","0","0","0","0","0","0","0","0","0","0","0","0","0","0","0","0","0"
"*04kjd*","Nikola Vlasic","EVE/WHU","M","368","FA","WHU 1<br/>@BHA 3 F","0","0","0%","0%","0","0","0","0","0","0","0","0","0","0","0","0","0","0","0","0","0","0","0","0","0","0","0"
"*02lzn*","Theo Walcott","SOU","M","442","FA","SOU 1<br/>@LEI 4 F","0","0","0%","0%","0","0","0","0","0","0","0","0","0","0","0","0","0","0","0","0","0","0","0","0","0","0","0"
"*05ylv*","Wout Weghorst","BUR","F","261","I_am_Tim","NEW 2<br/>@BUR 1 F","0","0","0%","0%","0","0","0","0","0","0","0","0","0","0","0","0","0","0","0","0","0","0","0","0","0","0","0"
"*05mxc*","Timo Werner","CHE","F","294","ARA","WAT 1<br/>@CHE 2 F","0","0","0%","0%","0","0","0","0","0","0","0","0","0","0","0","0","0","0","0","0","0","0","0","0","0","0","0"
"*054p3*","Harvey White","TOT","M","737","FA","TOT 5<br/>@NOR 0 F","0","0","0%","0%","0","0","0","0","0","0","0","0","0","0","0","0","0","0","0","0","0","0","0","0","0","0","0"
"*03bwz*","Harry Winks","TOT","M","327","FA","TOT 5<br/>@NOR 0 F","0","0","0%","0%","0","0","0","0","0","0","0","0","0","0","0","0","0","0","0","0","0","0","0","0","0","0","0"
"*04s1e*","Andriy Yarmolenko","WHU","F","399","FA","WHU 1<br/>@BHA 3 F","0","0","0%","0%","0","0","0","0","0","0","0","0","0","0","0","0","0","0","0","0","0","0","0","0","0","0","0"
"*02lny*","Ashley Young","AVL","D","326","FA","AVL 2<br/>@MCI 3 F","0","0","0%","0%","0","0","0","0","0","0","0","0","0","0","0","0","0","0","0","0","0","0","0","0","0","0","0"
"*05y3r*","Nathan Young-Coombes","BRF","F","744","FA","LEE 2<br/>@BRF 1 F","0","0","0%","0%","0","0","0","0","0","0","0","0","0","0","0","0","0","0","0","0","0","0","0","0","0","0","0"
"*051kc*","Christoph Zimmermann","NOR","D","761","FA","TOT 5<br/>@NOR 0 F","0","0","0%","0%","0","0","0","0","0","0","0","0","0","0","0","0","0","0","0","0","0","0","0","0","0","0","0"
"*05mxb*","Hakim Ziyech","CHE","M","136","DYCHE","WAT 1<br/>@CHE 2 F","0","0","0%","0%","0","0","0","0","0","0","0","0","0","0","0","0","0","0","0","0","0","0","0","0","0","0","0"
"*05w7s*","Cristiano Ronaldo","MUN","F","31","FA","MUN 0<br/>@CRY 1 F","0","0","0%","0%","1","90","0","0","0","0","0","1","0","1","1","0","0","0","3","0","0","1","0","0","0","2","0"
"*05o2l*","Donny van de Beek","MUN/EVE","M","350","FA","EVE 1<br/>@ARS 5 F","0","0","0%","0%","1","9","0","0","0","0","0","0","0","0","0","0","0","0","0","0","0","0","0","0","0","0","0"
"*05u1n*","Derek Agyakwa","WAT","D","505","FA","WAT 1<br/>@CHE 2 F","0","0","-","-","0","0","0","0","0","0","0","0","0","0","0","0","0","0","0","0","0","0","0","0","0","0","0"
"*05yi6*","Ryan Alebiousu","ARS","D","506","FA","EVE 1<br/>@ARS 5 F","0","0","-","-","0","0","0","0","0","0","0","0","0","0","0","0","0","0","0","0","0","0","0","0","0","0","0"
"*05y5a*","Keenan Appiah-Forson","WHU","M","514","FA","WHU 1<br/>@BHA 3 F","0","0","-","-","0","0","0","0","0","0","0","0","0","0","0","0","0","0","0","0","0","0","0","0","0","0","0"
"*0522i*","Billy Arce","BHA","M","515","FA","WHU 1<br/>@BHA 3 F","0","0","-","-","0","0","0","0","0","0","0","0","0","0","0","0","0","0","0","0","0","0","0","0","0","0","0"
"*05ret*","Ryan Astley","EVE","D","516","FA","EVE 1<br/>@ARS 5 F","0","0","-","-","0","0","0","0","0","0","0","0","0","0","0","0","0","0","0","0","0","0","0","0","0","0","0"
"*05yo0*","Zach Awe","ARS","D","519","FA","EVE 1<br/>@ARS 5 F","0","0","-","-","0","0","0","0","0","0","0","0","0","0","0","0","0","0","0","0","0","0","0","0","0","0","0"
"*05nnv*","Miguel Azeez","ARS","M","520","FA","EVE 1<br/>@ARS 5 F","0","0","-","-","0","0","0","0","0","0","0","0","0","0","0","0","0","0","0","0","0","0","0","0","0","0","0"
"*05udj*","Kwadwo Baah","WAT","M","521","FA","WAT 1<br/>@CHE 2 F","0","0","-","-","0","0","0","0","0","0","0","0","0","0","0","0","0","0","0","0","0","0","0","0","0","0","0"
"*038zh*","Lewis Baker","CHE","M","522","FA","WAT 1<br/>@CHE 2 F","0","0","-","-","0","0","0","0","0","0","0","0","0","0","0","0","0","0","0","0","0","0","0","0","0","0","0"
"*05x13*","James Balagizi","LIV","M","523","FA","WOL 1<br/>@LIV 3 F","0","0","-","-","0","0","0","0","0","0","0","0","0","0","0","0","0","0","0","0","0","0","0","0","0","0","0"
"*0522g*","Tudor Baluta","BHA","D","525","FA","WHU 1<br/>@BHA 3 F","0","0","-","-","0","0","0","0","0","0","0","0","0","0","0","0","0","0","0","0","0","0","0","0","0","0","0"
"*05lfr*","Scott Banks","CRY","F","526","FA","MUN 0<br/>@CRY 1 F","0","0","-","-","0","0","0","0","0","0","0","0","0","0","0","0","0","0","0","0","0","0","0","0","0","0","0"
"*05r4v*","Jamal Baptiste","WHU","D","527","FA","WHU 1<br/>@BHA 3 F","0","0","-","-","0","0","0","0","0","0","0","0","0","0","0","0","0","0","0","0","0","0","0","0","0","0","0"
"*05uwe*","J'Neil Bennett","TOT","F","532","FA","TOT 5<br/>@NOR 0 F","0","0","-","-","0","0","0","0","0","0","0","0","0","0","0","0","0","0","0","0","0","0","0","0","0","0","0"
"*05yez*","Mika Biereth","ARS","F","535","FA","EVE 1<br/>@ARS 5 F","0","0","-","-","0","0","0","0","0","0","0","0","0","0","0","0","0","0","0","0","0","0","0","0","0","0","0"
"*05xtt*","Harvey Blair","LIV","F","536","FA","WOL 1<br/>@LIV 3 F","0","0","-","-","0","0","0","0","0","0","0","0","0","0","0","0","0","0","0","0","0","0","0","0","0","0","0"
"*061bq*","Adrian Blake","WAT","M","537","FA","WAT 1<br/>@CHE 2 F","0","0","-","-","0","0","0","0","0","0","0","0","0","0","0","0","0","0","0","0","0","0","0","0","0","0","0"
"*04tsg*","Jamie Bowden","TOT","M","540","FA","TOT 5<br/>@NOR 0 F","0","0","-","-","0","0","0","0","0","0","0","0","0","0","0","0","0","0","0","0","0","0","0","0","0","0","0"
"*05ye5*","Sammy Braybrooke","LEI","M","543","FA","SOU 1<br/>@LEI 4 F","0","0","-","-","0","0","0","0","0","0","0","0","0","0","0","0","0","0","0","0","0","0","0","0","0","0","0"
"*05uhr*","Finley Burns","MCI","D","546","FA","AVL 2<br/>@MCI 3 F","0","0","-","-","0","0","0","0","0","0","0","0","0","0","0","0","0","0","0","0","0","0","0","0","0","0","0"
"*05udv*","Kallum Cesay","TOT","D,M","550","FA","TOT 5<br/>@NOR 0 F","0","0","-","-","0","0","0","0","0","0","0","0","0","0","0","0","0","0","0","0","0","0","0","0","0","0","0"
"*05r39*","Kgaogelo Chauke","SOU","M","553","FA","SOU 1<br/>@LEI 4 F","0","0","-","-","0","0","0","0","0","0","0","0","0","0","0","0","0","0","0","0","0","0","0","0","0","0","0"
"*05r43*","Benjamin Chrisene","AVL","M","555","FA","AVL 2<br/>@MCI 3 F","0","0","-","-","0","0","0","0","0","0","0","0","0","0","0","0","0","0","0","0","0","0","0","0","0","0","0"
"*05vyd*","Caleb Chukwuemeka","AVL","F","556","FA","AVL 2<br/>@MCI 3 F","0","0","-","-","0","0","0","0","0","0","0","0","0","0","0","0","0","0","0","0","0","0","0","0","0","0","0"
"*05ya5*","Kamil Conteh","WAT","M","558","FA","WAT 1<br/>@CHE 2 F","0","0","-","-","0","0","0","0","0","0","0","0","0","0","0","0","0","0","0","0","0","0","0","0","0","0","0"
"*060y3*","Dara Costelloe","BUR","F","559","FA","NEW 2<br/>@BUR 1 F","0","0","-","-","0","0","0","0","0","0","0","0","0","0","0","0","0","0","0","0","0","0","0","0","0","0","0"
"*05uwc*","Matthew Craig","TOT","M","562","FA","TOT 5<br/>@NOR 0 F","0","0","-","-","0","0","0","0","0","0","0","0","0","0","0","0","0","0","0","0","0","0","0","0","0","0","0"
"*05uwd*","Michael Craig","TOT","M","563","FA","TOT 5<br/>@NOR 0 F","0","0","-","-","0","0","0","0","0","0","0","0","0","0","0","0","0","0","0","0","0","0","0","0","0","0","0"
"*061br*","Tiago Cukur","WAT","F","564","FA","WAT 1<br/>@CHE 2 F","0","0","-","-","0","0","0","0","0","0","0","0","0","0","0","0","0","0","0","0","0","0","0","0","0","0","0"
"*05zd7*","Lucas De Bolle","NEW","M","567","FA","NEW 2<br/>@BUR 1 F","0","0","-","-","0","0","0","0","0","0","0","0","0","0","0","0","0","0","0","0","0","0","0","0","0","0","0"
"*05oh1*","Lars Dendoncker","BHA","D,M","568","FA","WHU 1<br/>@BHA 3 F","0","0","-","-","0","0","0","0","0","0","0","0","0","0","0","0","0","0","0","0","0","0","0","0","0","0","0"
"*05try*","Thomas Dickson-Peters","NOR","F","573","FA","TOT 5<br/>@NOR 0 F","0","0","-","-","0","0","0","0","0","0","0","0","0","0","0","0","0","0","0","0","0","0","0","0","0","0","0"
"*05aly*","Elijah Dixon-Bonner","LIV","M","574","FA","WOL 1<br/>@LIV 3 F","0","0","-","-","0","0","0","0","0","0","0","0","0","0","0","0","0","0","0","0","0","0","0","0","0","0","0"
"*05y56*","Oliver Ewing","LEI","M","580","FA","SOU 1<br/>@LEI 4 F","0","0","-","-","0","0","0","0","0","0","0","0","0","0","0","0","0","0","0","0","0","0","0","0","0","0","0"
"*05h02*","Malachi Fagan-Walcott","TOT","D","581","FA","TOT 5<br/>@NOR 0 F","0","0","-","-","0","0","0","0","0","0","0","0","0","0","0","0","0","0","0","0","0","0","0","0","0","0","0"
"*060yz*","Alvaro Fernandez","MUN","D","584","FA","MUN 0<br/>@CRY 1 F","0","0","-","-","0","0","0","0","0","0","0","0","0","0","0","0","0","0","0","0","0","0","0","0","0","0","0"
"*060uo*","Marcelo Flores","ARS","M","585","FA","EVE 1<br/>@ARS 5 F","0","0","-","-","0","0","0","0","0","0","0","0","0","0","0","0","0","0","0","0","0","0","0","0","0","0","0"
"*05ye9*","Shaqai Forde","WAT","M","586","FA","WAT 1<br/>@CHE 2 F","0","0","-","-","0","0","0","0","0","0","0","0","0","0","0","0","0","0","0","0","0","0","0","0","0","0","0"
"*05yf1*","Melkamu Frauendorf","LIV","M","587","FA","WOL 1<br/>@LIV 3 F","0","0","-","-","0","0","0","0","0","0","0","0","0","0","0","0","0","0","0","0","0","0","0","0","0","0","0"
"*05vyf*","James Furlong","BHA","D","588","FA","WHU 1<br/>@BHA 3 F","0","0","-","-","0","0","0","0","0","0","0","0","0","0","0","0","0","0","0","0","0","0","0","0","0","0","0"
"*05yf2*","Liam Gibbs","NOR","M","590","FA","TOT 5<br/>@NOR 0 F","0","0","-","-","0","0","0","0","0","0","0","0","0","0","0","0","0","0","0","0","0","0","0","0","0","0","0"
"*05tr7*","Lewis Gordon","BRF","D","594","FA","LEE 2<br/>@BRF 1 F","0","0","-","-","0","0","0","0","0","0","0","0","0","0","0","0","0","0","0","0","0","0","0","0","0","0","0"
"*061bs*","Jack Grieves","WAT","F","598","FA","WAT 1<br/>@CHE 2 F","0","0","-","-","0","0","0","0","0","0","0","0","0","0","0","0","0","0","0","0","0","0","0","0","0","0","0"
"*05reo*","Reece Hannam","CRY","D","602","FA","MUN 0<br/>@CRY 1 F","0","0","-","-","0","0","0","0","0","0","0","0","0","0","0","0","0","0","0","0","0","0","0","0","0","0","0"
"*05y57*","Bjorn Hardley","MUN","D","603","FA","MUN 0<br/>@CRY 1 F","0","0","-","-","0","0","0","0","0","0","0","0","0","0","0","0","0","0","0","0","0","0","0","0","0","0","0"
"*05trh*","Maxwell Haygarth","BRF","M","605","FA","LEE 2<br/>@BRF 1 F","0","0","-","-","0","0","0","0","0","0","0","0","0","0","0","0","0","0","0","0","0","0","0","0","0","0","0"
"*05ye2*","Mark Helm","BUR","M","608","FA","NEW 2<br/>@BUR 1 F","0","0","-","-","0","0","0","0","0","0","0","0","0","0","0","0","0","0","0","0","0","0","0","0","0","0","0"
"*05y59*","Zidane Iqbal","MUN","M","612","FA","MUN 0<br/>@CRY 1 F","0","0","-","-","0","0","0","0","0","0","0","0","0","0","0","0","0","0","0","0","0","0","0","0","0","0","0"
"*05u41*","Julian Jeanvier","BRF","D","614","FA","LEE 2<br/>@BRF 1 F","0","0","-","-","0","0","0","0","0","0","0","0","0","0","0","0","0","0","0","0","0","0","0","0","0","0","0"
"*05ozb*","Jack Jenkins","LEE","M","615","FA","LEE 2<br/>@BRF 1 F","0","0","-","-","0","0","0","0","0","0","0","0","0","0","0","0","0","0","0","0","0","0","0","0","0","0","0"
"*05rei*","Nile John","TOT","M","616","FA","TOT 5<br/>@NOR 0 F","0","0","-","-","0","0","0","0","0","0","0","0","0","0","0","0","0","0","0","0","0","0","0","0","0","0","0"
"*060u6*","Abu Kamara","NOR","D","617","FA","TOT 5<br/>@NOR 0 F","0","0","-","-","0","0","0","0","0","0","0","0","0","0","0","0","0","0","0","0","0","0","0","0","0","0","0"
"*05r8c*","Michal Karbownik","BHA","D","618","FA","WHU 1<br/>@BHA 3 F","0","0","-","-","0","0","0","0","0","0","0","0","0","0","0","0","0","0","0","0","0","0","0","0","0","0","0"
"*05ycv*","Hayao Kawabe","WOL","M","620","FA","WOL 1<br/>@LIV 3 F","0","0","-","-","0","0","0","0","0","0","0","0","0","0","0","0","0","0","0","0","0","0","0","0","0","0","0"
"*05ww4*","Nohan Kenneh","LEE","M","622","FA","LEE 2<br/>@BRF 1 F","0","0","-","-","0","0","0","0","0","0","0","0","0","0","0","0","0","0","0","0","0","0","0","0","0","0","0"
"*06130*","Alex Kirk","ARS","D","623","FA","EVE 1<br/>@ARS 5 F","0","0","-","-","0","0","0","0","0","0","0","0","0","0","0","0","0","0","0","0","0","0","0","0","0","0","0"
"*05rdy*","Marcel Lavinier","TOT","D","628","FA","TOT 5<br/>@NOR 0 F","0","0","-","-","0","0","0","0","0","0","0","0","0","0","0","0","0","0","0","0","0","0","0","0","0","0","0"
"*05vyi*","Marc Leonard","BHA","M","630","FA","WHU 1<br/>@BHA 3 F","0","0","-","-","0","0","0","0","0","0","0","0","0","0","0","0","0","0","0","0","0","0","0","0","0","0","0"
"*05oj4*","Emmanuel Longelo","WHU","F","634","FA","WHU 1<br/>@BHA 3 F","0","0","-","-","0","0","0","0","0","0","0","0","0","0","0","0","0","0","0","0","0","0","0","0","0","0","0"
"*054p1*","Brooklyn Lyons-Foster","TOT","D","636","FA","TOT 5<br/>@NOR 0 F","0","0","-","-","0","0","0","0","0","0","0","0","0","0","0","0","0","0","0","0","0","0","0","0","0","0","0"
"*05r2b*","Anthony Mancini","BUR","M","639","FA","NEW 2<br/>@BUR 1 F","0","0","-","-","0","0","0","0","0","0","0","0","0","0","0","0","0","0","0","0","0","0","0","0","0","0","0"
"*05xts*","Wanya Marcal-Madivadua","LEI","M","640","FA","SOU 1<br/>@LEI 4 F","0","0","-","-","0","0","0","0","0","0","0","0","0","0","0","0","0","0","0","0","0","0","0","0","0","0","0"
"*05rej*","Dilan Markanday","TOT","F","641","FA","TOT 5<br/>@NOR 0 F","0","0","-","-","0","0","0","0","0","0","0","0","0","0","0","0","0","0","0","0","0","0","0","0","0","0","0"
"*052jy*","Christian Marques","WOL","D","642","FA","WOL 1<br/>@LIV 3 F","0","0","-","-","0","0","0","0","0","0","0","0","0","0","0","0","0","0","0","0","0","0","0","0","0","0","0"
"*05x9l*","Xavier Mbuyamba","CHE","D","647","FA","WAT 1<br/>@CHE 2 F","0","0","-","-","0","0","0","0","0","0","0","0","0","0","0","0","0","0","0","0","0","0","0","0","0","0","0"
"*05ye3*","Joseph McGlynn","BUR","F","652","FA","NEW 2<br/>@BUR 1 F","0","0","-","-","0","0","0","0","0","0","0","0","0","0","0","0","0","0","0","0","0","0","0","0","0","0","0"
"*05trn*","Jacob Montes","CRY","M","656","FA","MUN 0<br/>@CRY 1 F","0","0","-","-","0","0","0","0","0","0","0","0","0","0","0","0","0","0","0","0","0","0","0","0","0","0","0"
"*05y7b*","Kris Moore","LEE","D","657","FA","LEE 2<br/>@BRF 1 F","0","0","-","-","0","0","0","0","0","0","0","0","0","0","0","0","0","0","0","0","0","0","0","0","0","0","0"
"*05uoh*","James Morris","WAT","D","659","FA","WAT 1<br/>@CHE 2 F","0","0","-","-","0","0","0","0","0","0","0","0","0","0","0","0","0","0","0","0","0","0","0","0","0","0","0"
"*05qz9*","Ben Nelson","LEI","D","664","FA","SOU 1<br/>@LEI 4 F","0","0","-","-","0","0","0","0","0","0","0","0","0","0","0","0","0","0","0","0","0","0","0","0","0","0","0"
"*05alx*","James Norris","LIV","D","666","FA","WOL 1<br/>@LIV 3 F","0","0","-","-","0","0","0","0","0","0","0","0","0","0","0","0","0","0","0","0","0","0","0","0","0","0","0"
"*060g4*","Tommi O'Reilly","AVL","M","668","FA","AVL 2<br/>@MCI 3 F","0","0","-","-","0","0","0","0","0","0","0","0","0","0","0","0","0","0","0","0","0","0","0","0","0","0","0"
"*060un*","Mazeed Ogungbo","ARS","D","672","FA","EVE 1<br/>@ARS 5 F","0","0","-","-","0","0","0","0","0","0","0","0","0","0","0","0","0","0","0","0","0","0","0","0","0","0","0"
"*03man*","Oluwaseyi Ojo","LIV","M","673","FA","WOL 1<br/>@LIV 3 F","0","0","-","-","0","0","0","0","0","0","0","0","0","0","0","0","0","0","0","0","0","0","0","0","0","0","0"
"*05y6s*","Armstrong Oko-Flex","WHU","F","674","FA","WHU 1<br/>@BHA 3 F","0","0","-","-","0","0","0","0","0","0","0","0","0","0","0","0","0","0","0","0","0","0","0","0","0","0","0"
"*05ye8*","Kazeem Olaigbe","SOU","F","676","FA","SOU 1<br/>@LEI 4 F","0","0","-","-","0","0","0","0","0","0","0","0","0","0","0","0","0","0","0","0","0","0","0","0","0","0","0"
"*05udu*","Tobi Omole","TOT","D","677","FA","TOT 5<br/>@NOR 0 F","0","0","-","-","0","0","0","0","0","0","0","0","0","0","0","0","0","0","0","0","0","0","0","0","0","0","0"
"*05xtp*","Salah-Eddine Oulad M'hand","ARS","M","678","FA","EVE 1<br/>@ARS 5 F","0","0","-","-","0","0","0","0","0","0","0","0","0","0","0","0","0","0","0","0","0","0","0","0","0","0","0"
"*05nnt*","Daniel Oyegoke","ARS/BRF","D","679","FA","LEE 2<br/>@BRF 1 F","0","0","-","-","0","0","0","0","0","0","0","0","0","0","0","0","0","0","0","0","0","0","0","0","0","0","0"
"*05udt*","Maksim Paskotsi","TOT","D","680","FA","TOT 5<br/>@NOR 0 F","0","0","-","-","0","0","0","0","0","0","0","0","0","0","0","0","0","0","0","0","0","0","0","0","0","0","0"
"*058vg*","Lewis Richardson","BUR","M","694","FA","NEW 2<br/>@BUR 1 F","0","0","-","-","0","0","0","0","0","0","0","0","0","0","0","0","0","0","0","0","0","0","0","0","0","0","0"
"*058vc*","Haydon Roberts","BHA","D","695","FA","WHU 1<br/>@BHA 3 F","0","0","-","-","0","0","0","0","0","0","0","0","0","0","0","0","0","0","0","0","0","0","0","0","0","0","0"
"*05y58*","Charlie Savage","MUN","M","703","FA","MUN 0<br/>@CRY 1 F","0","0","-","-","0","0","0","0","0","0","0","0","0","0","0","0","0","0","0","0","0","0","0","0","0","0","0"
"*05n3t*","Dynel Simeu","CHE/SOU","D","708","FA","SOU 1<br/>@LEI 4 F","0","0","-","-","0","0","0","0","0","0","0","0","0","0","0","0","0","0","0","0","0","0","0","0","0","0","0"
"*05y5c*","Kamarai Simon-Swyer","WHU","F","709","FA","WHU 1<br/>@BHA 3 F","0","0","-","-","0","0","0","0","0","0","0","0","0","0","0","0","0","0","0","0","0","0","0","0","0","0","0"
"*05r92*","Thierry Small","EVE/SOU","D","713","FA","SOU 1<br/>@LEI 4 F","0","0","-","-","0","0","0","0","0","0","0","0","0","0","0","0","0","0","0","0","0","0","0","0","0","0","0"
"*05y9o*","Jude Soonsup-Bell","CHE","F","715","FA","WAT 1<br/>@CHE 2 F","0","0","-","-","0","0","0","0","0","0","0","0","0","0","0","0","0","0","0","0","0","0","0","0","0","0","0"
"*05ues*","Kamal Sowah","LEI","M","717","FA","SOU 1<br/>@LEI 4 F","0","0","-","-","0","0","0","0","0","0","0","0","0","0","0","0","0","0","0","0","0","0","0","0","0","0","0"
"*05up7*","Robert Street","CRY","F","720","FA","MUN 0<br/>@CRY 1 F","0","0","-","-","0","0","0","0","0","0","0","0","0","0","0","0","0","0","0","0","0","0","0","0","0","0","0"
"*05rip*","Thanawat Suengchitthawon","LEI","M","721","FA","SOU 1<br/>@LEI 4 F","0","0","-","-","0","0","0","0","0","0","0","0","0","0","0","0","0","0","0","0","0","0","0","0","0","0","0"
"*060fg*","Zak Swanson","ARS","D","722","FA","EVE 1<br/>@ARS 5 F","0","0","-","-","0","0","0","0","0","0","0","0","0","0","0","0","0","0","0","0","0","0","0","0","0","0","0"
"*05y5y*","Jonathan Tomkinson","NOR","D","725","FA","TOT 5<br/>@NOR 0 F","0","0","-","-","0","0","0","0","0","0","0","0","0","0","0","0","0","0","0","0","0","0","0","0","0","0","0"
"*05vye*","Antef Tsoungui","BHA","D","727","FA","WHU 1<br/>@BHA 3 F","0","0","-","-","0","0","0","0","0","0","0","0","0","0","0","0","0","0","0","0","0","0","0","0","0","0","0"
"*05x9j*","Ed Turns","BHA","D","728","FA","WHU 1<br/>@BHA 3 F","0","0","-","-","0","0","0","0","0","0","0","0","0","0","0","0","0","0","0","0","0","0","0","0","0","0","0"
"*05y9m*","Charlie Webster","CHE","M","733","FA","WAT 1<br/>@CHE 2 F","0","0","-","-","0","0","0","0","0","0","0","0","0","0","0","0","0","0","0","0","0","0","0","0","0","0","0"
"*05ye4*","Jack Wells-Morrison","CRY","M","735","FA","MUN 0<br/>@CRY 1 F","0","0","-","-","0","0","0","0","0","0","0","0","0","0","0","0","0","0","0","0","0","0","0","0","0","0","0"
"*05uh1*","Charlie Whitaker","EVE","M","736","FA","EVE 1<br/>@ARS 5 F","0","0","-","-","0","0","0","0","0","0","0","0","0","0","0","0","0","0","0","0","0","0","0","0","0","0","0"
"*060gq*","Dylan Williams","CHE","D","740","FA","WAT 1<br/>@CHE 2 F","0","0","-","-","0","0","0","0","0","0","0","0","0","0","0","0","0","0","0","0","0","0","0","0","0","0","0"
"*05y4x*","Max Woltman","LIV","F","743","FA","WOL 1<br/>@LIV 3 F","0","0","-","-","0","0","0","0","0","0","0","0","0","0","0","0","0","0","0","0","0","0","0","0","0","0","0"
"*05trf*","Jan Zamburek","BRF","M","745","FA","LEE 2<br/>@BRF 1 F","0","0","-","-","0","0","0","0","0","0","0","0","0","0","0","0","0","0","0","0","0","0","0","0","0","0","0"
"*05trs*","Dimitris Giannoulis","NOR","D","304","FA","TOT 5<br/>@NOR 0 F","-0.25","-0.25","0%","0%","1","15","0","0","0","0","0","0","0","1","0","0","0","0","1","0","0","0","0","0","0","0","0"
"*0414o*","James Maddison","LEI","M","12","RyRob","SOU 1<br/>@LEI 4 F","-0.5","-0.5","43%","+6%","1","9","0","0","0","0","0","0","0","1","0","0","0","0","0","0","0","0","0","0","0","0","0"
"*058vb*","Cameron Archer","AVL","F","748","FA","AVL 2<br/>@MCI 3 F","-0.5","-0.5","0%","0%","1","18","0","0","0","0","0","0","0","2","0","0","0","0","0","0","0","1","0","0","0","0","0"
"*03sgc*","Jordan Ayew","CRY","F","173","FA","MUN 0<br/>@CRY 1 F","-0.5","-0.5","0%","0%","1","1","0","0","0","0","0","0","0","3","0","0","0","0","0","1","0","0","0","0","0","0","0"
"*05gcq*","Daniel Podence","WOL","M","152","FA","WOL 1<br/>@LIV 3 F","-0.5","-0.5","0%","0%","1","21","0","0","0","0","0","0","0","1","0","0","0","0","0","0","0","0","0","0","0","1","0"
"*03yuo*","Keinan Davis","AVL","F","750","FA","AVL 2<br/>@MCI 3 F","-0.5","-0.5","0%","0%","1","10","0","0","0","0","0","0","0","1","0","0","0","0","0","0","0","0","0","0","0","0","0"
"*04fyg*","Zanka","HUD/BRF","D","404","FA","LEE 2<br/>@BRF 1 F","-0.75","-0.75","0%","0%","1","11","0","0","0","0","0","0","0","0","0","0","0","1","0","0","0","0","0","0","0","1","0"
"*02opy*","Adam Lallana","BHA","M","305","FA","WHU 1<br/>@BHA 3 F","-0.75","-0.75","0%","0%","1","90","0","0","1","0","0","0","0","2","1","0","0","0","1","0","0","0","0","0","0","1","0"
"*05u94*","Michael Olise","CRY","M","184","FA","MUN 0<br/>@CRY 1 F","-0.75","-0.75","0%","0%","1","9","0","0","0","0","0","0","1","0","1","0","0","0","0","0","0","0","0","0","0","0","0"
"*05uoe*","Juraj Kucka","WAT","M","176","FA","WAT 1<br/>@CHE 2 F","-1","-1","0%","0%","1","88","0","0","0","0","0","1","1","2","0","1","0","1","2","1","0","2","0","0","0","1","0"
"*051kg*","Max Aarons","NOR","D","300","FA","TOT 5<br/>@NOR 0 F","-1.25","-1.25","0%","0%","1","90","0","0","0","0","0","0","0","2","1","0","0","1","2","0","1","1","0","0","0","1","0"
"*03gu5*","Andrew Robertson","LIV","D","16","Noah B","WOL 1<br/>@LIV 3 F","-1.5","-1.5","22%","-8%","1","90","0","0","1","0","0","0","0","0","0","0","1","0","2","0","0","1","0","0","0","3","0"
"*03xrs*","Axel Tuanzebe","AVL","D","436","FA","AVL 2<br/>@MCI 3 F","-1.5","-1.5","1%","0%","1","90","0","0","0","0","0","0","0","0","1","0","0","0","2","0","0","2","0","0","0","1","0"
"*05746*","Emil Krafth","NEW","D","283","FA","NEW 2<br/>@BUR 1 F","-1.5","-1.5","0%","0%","1","88","0","0","0","0","0","0","0","0","0","0","0","0","2","0","0","0","0","0","0","1","0"
"*04mqy*","Pierre-Emerick Aubameyang","ARS","F","291","FA","EVE 1<br/>@ARS 5 F","-1.75","-1.75","0%","0%","1","90","0","0","0","0","0","1","1","0","1","0","0","0","2","0","0","2","1","0","0","0","1"
"*056mf*","Neal Maupay","BHA","F","199","FA","WHU 1<br/>@BHA 3 F","-2.5","-2.5","0%","0%","1","24","0","0","0","0","0","0","0","2","1","0","0","0","0","0","0","1","0","0","0","1","0"
"*04fk8*","Victor Lindelof","MUN","D","293","FA","MUN 0<br/>@CRY 1 F","-3","-3","1%","0%","1","90","0","0","0","0","0","0","0","1","0","0","0","0","6","0","0","0","0","0","0","2","0"
"*05247*","Tanguy Ndombele","TOT","M","390","FA","TOT 5<br/>@NOR 0 F","-3.5","-3.5","0%","0%","1","4","0","0","0","0","0","0","0","3","1","0","0","0","0","0","0","0","0","0","0","0","0"
"*03v6s*","Mason Holgate","EVE","D","273","FA","EVE 1<br/>@ARS 5 F","-6.75","-6.75","0%","0%","1","6","0","0","0","0","0","0","0","2","0","1","0","1","0","0","0","0","0","0","0","0","0"
"*0435u*","Eric Bailly","MUN","D","471","FA","MUN 0<br/>@CRY 1 F","-7.25","-7.25","0%","0%","1","45","0","0","0","0","0","0","1","0","0","0","0","0","2","0","0","0","0","0","1","2","0"
