"ID","Player","Team","Position","RkOv","Status","Opponent","FPts","FP/G","Ros","+/-","GP","GS","Min","G","A","A2","KP","AF","SOT","SOP","TkW","TLM","DIS","FS","YC","RC","ACNC","Int","IntB","CLR","CoS","BS","AER","PKM","PKD","OG","GAO","MCS"
"*02lol*","Harry Kane","TOT","F","1","DDT","TOT 4<br/>@LEE 1 F","634.5","16.7","0%","0%","38","38","3,403","30","3","0","57","6","63","1","12","0","58","56","6","0","7","2","0","18","37","7","66","1","2","0","62","896"
"*05gcr*","Bruno Fernandes","MUN","M","2","RyRob","FUL 1<br/>@MUN 2 F","603.96","16.32","100%","0%","37","37","3,314","8","8","2","119","1","35","2","42","0","42","39","6","0","20","25","3","36","31","5","19","0","1","0","39","1,528"
"*03dx3*","Kieran Trippier","NEW","D","3","Laeka B","NEW 1<br/>@CHE 1 F","601.94","15.84","36%","+2%","38","38","3,340","1","7","1","110","2","4","1","49","0","9","29","5","0","54","42","2","75","19","15","49","0","0","1","31","1,260"
"*061vq*","Erling Haaland","MCI","F","4","AUTO REL","MCI 0<br/>@BRF 1 F","592.25","16.92","100%","0%","35","33","2,764","36","8","1","29","1","60","3","2","0","26","24","5","0","0","3","0","14","11","4","50","0","1","0","26","910"
"*04y92*","Bukayo Saka","ARS","M","5","DF","WOL 0<br/>@ARS 5 F","559.9","14.73","100%","0%","38","37","3,176","14","11","1","75","1","32","0","34","0","59","65","6","0","18","14","0","14","59","0","16","1","0","0","42","1,117"
"*03aqp*","Mohamed Salah","LIV","F","6","Laeka B","LIV 4<br/>@SOU 4 F","525","13.82","97%","0%","38","37","3,285","19","12","1","65","1","47","2","12","0","80","33","2","0","10","6","0","4","49","0","8","2","0","0","45","1,180"
"*02oox*","Kevin De Bruyne","MCI","M","7","011","MCI 0<br/>@BRF 1 F","523.78","16.37","0%","0%","32","28","2,409","7","16","1","98","2","21","1","12","0","29","29","1","0","39","9","0","10","30","2","13","0","2","0","23","678"
"*05r9b*","Martin Odegaard","ARS","M","8","011","WOL 0<br/>@ARS 5 F","510.88","13.81","96%","0%","37","37","3,120","15","7","1","76","1","33","0","23","0","45","26","4","0","16","6","0","12","48","5","14","0","0","0","38","1,093"
"*04e1k*","Solly March","BHA","M","9","DDT","BHA 1<br/>@AVL 2 F","503.44","15.26","1%","0%","33","31","2,711","7","7","0","67","3","34","0","31","0","32","39","2","0","24","24","1","29","57","3","30","0","0","0","40","828"
"*052h5*","Gabriel Martinelli","ARS","M","10","FA","WOL 0<br/>@ARS 5 F","478.17","13.28","45%","0%","36","34","2,785","15","5","0","59","4","32","1","18","0","56","37","3","0","14","9","0","10","59","1","15","0","0","0","33","1,074"
"*02oq8*","James Ward-Prowse","SOU","M","11","YUM","LIV 4<br/>@SOU 4 F","477.75","12.57","32%","-6%","38","38","3,371","9","4","2","74","0","20","1","37","0","22","19","6","0","34","55","4","45","7","10","44","2","0","1","72","360"
"*0414o*","James Maddison","LEI","M","12","YUM","WHU 1<br/>@LEI 2 F","463.2","15.44","43%","+6%","30","28","2,476","10","9","0","69","0","29","1","26","0","31","79","10","0","17","13","1","4","45","1","4","1","1","0","54","423"
"*03srg*","Trent Alexander-Arnold","LIV","D","13","RyRob","LIV 4<br/>@SOU 4 F","453.25","12.25","0%","0%","37","34","2,919","2","9","1","71","2","8","0","40","0","21","6","5","0","47","43","4","36","30","7","20","0","0","0","44","946"
"*03v6w*","Ivan Toney","BRF","F","14","FA","MCI 0<br/>@BRF 1 F","450.5","13.65","0%","0%","33","33","2,949","20","4","0","27","0","42","3","13","0","47","74","9","0","5","14","1","35","14","9","109","1","3","0","42","881"
"*05u94*","Michael Olise","CRY","M","15","Laeka B","NOT 1<br/>@CRY 1 F","447.49","12.09","0%","0%","37","31","2,736","2","11","0","72","0","14","2","34","0","47","69","2","0","32","26","2","13","54","1","18","0","0","0","38","607"
"*04fk1*","Pascal Gross","BHA","M","16","RK U8","BHA 1<br/>@AVL 2 F","442.17","11.95","74%","0%","37","37","3,238","9","8","2","80","0","19","0","38","0","18","18","7","0","20","13","0","18","16","10","10","0","0","1","51","984"
"*03ybi*","Marcus Rashford","MUN","F","17","Noah B","FUL 1<br/>@MUN 2 F","428.75","12.25","96%","0%","35","32","2,874","17","5","0","30","2","50","2","10","0","44","23","2","0","5","7","0","13","54","4","20","0","0","0","39","1,094"
"*05nt6*","Eberechi Eze","CRY","M","18","RyRob","NOT 1<br/>@CRY 1 F","426.08","11.21","98%","0%","38","30","2,620","10","4","0","57","1","26","0","24","0","54","57","3","0","11","13","1","8","68","0","19","0","1","0","35","638"
"*04qr9*","Morgan Gibbs-White","WOL/NOT","M","19","Laeka B","NOT 1<br/>@CRY 1 F","417.71","11.29","99%","0%","37","36","3,149","5","8","2","67","4","23","1","15","0","46","31","6","0","17","15","1","11","44","4","59","0","0","0","61","695"
"*05ocl*","Ollie Watkins","AVL","F","21","011","BHA 1<br/>@AVL 2 F","410.75","11.1","99%","0%","37","36","3,123","15","6","0","31","2","47","2","13","0","39","39","4","0","3","10","0","39","17","4","70","1","1","0","40","1,062"
"*03dx7*","Ben Mee","BRF","D","22","YUM","MCI 0<br/>@BRF 1 F","406.2","10.98","0%","0%","37","37","3,269","3","1","0","7","1","7","1","24","1","2","15","2","0","1","48","12","116","12","42","132","0","0","0","40","1,080"
"*0427d*","James Tarkowski","EVE","D","23","DDT","BOU 0<br/>@EVE 1 F","404.71","10.65","99%","0%","38","38","3,420","1","1","0","15","0","9","1","26","1","5","23","6","0","0","51","13","196","8","78","120","0","0","0","57","810"
"*05trb*","Bryan Mbeumo","BRF","F","24","DF","MCI 0<br/>@BRF 1 F","404.25","10.64","100%","0%","38","36","2,900","9","8","2","51","1","33","2","18","0","55","23","5","0","23","13","0","17","44","1","35","0","0","0","39","864"
"*046c5*","Jarrod Bowen","WHU","M","25","RyRob","WHU 1<br/>@LEI 2 F","403.79","10.63","100%","0%","38","36","3,228","6","5","0","48","4","24","2","16","0","55","69","2","0","12","36","2","18","35","9","34","1","3","0","50","792"
"*04tig*","Fabian Schar","NEW","D","26","RK U8","NEW 1<br/>@CHE 1 F","403","11.19","28%","0%","36","36","3,205","1","3","0","19","0","15","2","22","0","7","27","7","0","4","52","5","137","4","19","112","0","0","1","28","1,250"
"*03v9d*","Son Heung-Min","TOT","F","27","j.l.","TOT 4<br/>@LEE 1 F","402.25","11.17","10%","0%","36","33","2,882","10","6","2","61","0","40","3","12","0","55","36","2","0","13","13","0","4","32","2","9","0","0","0","55","684"
"*0522h*","Alexis Mac Allister","BHA","M","28","KFFC","BHA 1<br/>@AVL 2 F","401.18","11.46","85%","-2%","35","31","2,878","10","2","0","47","0","34","1","39","0","36","57","8","0","3","22","2","10","39","2","25","0","0","1","45","895"
"*038ze*","Alex Iwobi","EVE","M","29","KFFC","BOU 0<br/>@EVE 1 F","381.97","10.05","83%","+7%","38","38","3,377","2","7","0","64","1","15","0","37","0","42","15","2","0","20","25","0","28","55","2","10","0","1","0","56","808"
"*0554i*","Joelinton","NEW","M","30","FA","NEW 1<br/>@CHE 1 F","381.22","11.91","43%","+1%","32","30","2,656","6","1","0","26","4","20","3","49","0","51","34","12","0","4","48","3","38","52","7","66","0","1","0","26","1,056"
"*045c8*","Gabriel Jesus","ARS","F","31","thomas","WOL 0<br/>@ARS 5 F","369","14.19","10%","0%","26","24","2,059","11","6","1","31","1","32","2","25","0","65","56","6","0","2","11","0","13","43","3","45","0","2","0","23","801"
"*04p0d*","Dwight McNeil","EVE","M,F","32","j.l.","BOU 0<br/>@EVE 1 F","368.5","10.24","40%","-5%","36","28","2,484","7","3","0","49","2","15","0","41","0","45","21","5","0","20","31","2","32","53","7","14","0","1","0","46","501"
"*0520r*","Leandro Trossard","BHA/ARS","M","33","Noah B","WOL 0<br/>@ARS 5 F","368.03","10.22","91%","+3%","36","26","2,224","8","12","1","46","1","23","3","13","0","50","30","1","0","18","12","1","2","26","0","7","0","1","0","38","633"
"*062ci*","Kaoru Mitoma","BHA","M","34","Laeka B","BHA 1<br/>@AVL 2 F","367.37","11.13","91%","-1%","33","24","2,299","7","5","0","41","4","21","2","27","0","33","27","0","0","3","17","1","5","57","0","18","0","1","0","35","664"
"*04abb*","Phil Foden","MCI","M","35","011","MCI 0<br/>@BRF 1 F","366.04","11.44","97%","+5%","32","22","1,823","11","5","1","43","2","22","1","10","0","29","29","1","0","15","5","0","11","40","2","19","0","1","0","16","724"
"*04spp*","Douglas Luiz","AVL","M","36","KFFC","BHA 1<br/>@AVL 2 F","365.56","9.88","11%","-1%","37","33","2,918","6","6","1","45","1","12","0","42","0","33","42","6","1","7","40","2","21","23","7","25","0","0","0","33","1,019"
"*0435m*","Granit Xhaka","ARS","M","37","KFFC","WOL 0<br/>@ARS 5 F","354.55","9.58","80%","+1%","37","36","2,991","7","7","0","47","1","14","1","27","0","25","39","5","0","5","15","5","41","13","10","37","0","0","0","35","1,131"
"*05tr1*","Ethan Pinnock","BRF","D","38","011","MCI 0<br/>@BRF 1 F","353.71","11.79","3%","0%","30","30","2,700","3","0","1","8","0","9","0","28","2","7","10","0","0","3","35","6","214","2","31","105","0","0","1","34","900"
"*02lm7*","Jack Grealish","MCI","M","39","011","MCI 0<br/>@BRF 1 F","352.13","12.58","33%","-1%","28","23","2,047","5","7","0","50","3","16","1","16","0","29","78","4","0","8","7","0","7","45","3","14","0","1","0","16","732"
"*04agz*","Declan Rice","WHU","M","40","AUTO REL","WHU 1<br/>@LEI 2 F","351.49","9.5","100%","0%","37","36","3,271","4","2","0","37","1","9","1","38","0","26","11","5","0","6","63","6","55","35","15","37","1","0","0","50","810"
"*04spq*","Jack Harrison","LEE","M","42","Noah B","TOT 4<br/>@LEE 1 F","350.96","9.75","3%","0%","36","34","2,701","5","7","0","55","1","14","1","17","0","61","37","2","0","27","22","1","22","46","2","5","0","0","0","55","402"
"*04qr6*","Ruben Neves","WOL","M","43","DF","WOL 0<br/>@ARS 5 F","348.74","9.96","0%","0%","35","33","3,020","6","1","0","32","1","16","2","43","0","13","18","12","0","5","50","8","82","17","22","25","0","0","0","48","810"
"*051k3*","Jacob Ramsey","AVL","M","44","thomas","BHA 1<br/>@AVL 2 F","344.62","9.85","12%","+1%","35","31","2,628","6","7","0","42","1","13","0","39","0","37","45","5","0","4","23","2","29","30","8","16","0","0","1","33","844"
"*05tr9*","Mathias Jensen","BRF","M","45","j.l.","MCI 0<br/>@BRF 1 F","344.57","9.31","51%","0%","37","37","2,802","5","6","2","48","1","7","1","35","0","32","25","5","0","25","32","1","23","23","5","11","0","0","0","40","840"
"*05ylj*","Bruno Guimaraes","NEW","M","46","Noah B","NEW 1<br/>@CHE 1 F","342.73","10.71","100%","0%","32","32","2,725","4","5","1","42","0","8","2","40","0","60","83","7","0","2","36","5","19","44","4","19","0","0","0","25","1,102"
"*05oeh*","Kenny Tete","FUL","D","47","j.l.","FUL 1<br/>@MUN 2 F","338.87","10.93","32%","0%","31","29","2,563","1","5","0","23","0","5","0","46","0","24","54","8","0","23","52","5","73","21","17","33","0","0","0","36","639"
"*063zg*","Pervis Estupinan","BHA","D","48","thomas","BHA 1<br/>@AVL 2 F","337.17","9.63","93%","0%","35","31","2,671","1","5","0","51","2","5","0","31","0","29","26","4","0","26","37","4","35","19","8","36","0","1","0","43","809"
"*0524k*","Rodri","MCI","M","49","Laeka B","MCI 0<br/>@BRF 1 F","334.81","9.3","76%","-2%","36","34","2,908","2","6","1","32","0","14","1","41","0","19","20","5","0","3","33","4","42","25","14","72","0","0","0","26","1,019"
"*03r8x*","Callum Wilson","NEW","F","50","KFFC","NEW 1<br/>@CHE 1 F","334","10.77","16%","+4%","31","21","1,859","18","5","0","23","1","35","4","3","0","36","31","4","0","1","1","0","5","12","0","21","0","0","0","16","759"
"*05nzu*","Gabriel Magalhaes","ARS","D","51","j.l.","WOL 0<br/>@ARS 5 F","332.44","8.75","100%","0%","38","38","3,409","3","0","0","5","0","10","0","30","4","4","41","5","0","0","34","8","120","1","26","100","0","0","0","43","1,260"
"*043qz*","Pierre-Emile Hojbjerg","TOT","M","53","KFFC","TOT 4<br/>@LEE 1 F","326.74","9.34","0%","0%","35","35","3,131","4","5","0","30","0","9","0","30","0","35","36","5","0","7","49","2","58","30","17","27","0","0","0","57","900"
"*04ge6*","Joe Willock","NEW","M","54","DDT","NEW 1<br/>@CHE 1 F","324.57","9.27","2%","-1%","35","31","2,550","3","6","0","40","1","17","0","30","0","28","23","1","0","13","25","2","15","35","8","16","0","0","0","26","907"
"*05rb8*","Moises Caicedo","BHA","M","55","YUM","BHA 1<br/>@AVL 2 F","323.99","8.76","80%","0%","37","34","3,134","1","1","0","43","0","8","1","50","0","23","54","10","0","8","56","1","25","27","7","37","0","0","0","47","945"
"*04f67*","Philip Billing","BOU","M","56","DF","BOU 0<br/>@EVE 1 F","321.3","8.92","0%","0%","36","34","2,759","7","1","0","26","1","18","1","36","0","35","35","5","0","6","31","2","50","24","8","52","0","0","0","54","680"
"*04yo6*","Miguel Almiron","NEW","M","57","RK U8","NEW 1<br/>@CHE 1 F","319.56","9.4","0%","0%","34","29","2,480","11","2","0","26","2","21","1","30","0","28","33","2","0","5","10","0","13","32","2","6","0","0","0","22","1,064"
"*05oyq*","Said Benrahma","WHU","M","58","RyRob","WHU 1<br/>@LEI 2 F","319.54","9.13","0%","0%","35","22","2,046","6","3","0","48","0","27","2","15","0","42","15","0","0","14","9","2","11","51","1","5","0","0","0","32","567"
"*03dyp*","Riyad Mahrez","MCI","F","59","011","MCI 0<br/>@BRF 1 F","318.75","10.62","0%","0%","30","22","1,904","5","10","1","52","2","13","1","14","0","27","42","2","0","12","9","0","2","24","1","9","0","0","0","23","574"
"*02oq6*","Luke Shaw","MUN","D","60","FA","FUL 1<br/>@MUN 2 F","318.07","10.26","54%","+3%","31","30","2,551","1","2","1","34","2","4","0","36","0","8","27","8","0","19","36","5","53","13","17","46","0","0","0","35","1,094"
"*0435t*","Ilkay Gundogan","MCI","M","61","011","MCI 0<br/>@BRF 1 F","316.1","10.2","1%","0%","31","27","2,343","8","4","2","37","2","20","2","18","0","27","25","0","0","5","20","0","12","16","3","20","1","2","0","20","775"
"*05gcp*","Tomas Soucek","WHU","M","62","FA","WHU 1<br/>@LEI 2 F","314.68","8.74","43%","-3%","36","32","2,807","2","3","0","15","1","13","1","37","0","18","16","3","0","7","54","4","68","2","17","114","0","0","0","42","714"
"*03gu5*","Andrew Robertson","LIV","D","63","Laeka B","LIV 4<br/>@SOU 4 F","313.32","9.22","22%","-8%","34","29","2,575","0","8","1","52","0","4","0","21","0","7","10","3","0","31","18","4","43","15","5","22","0","0","0","34","863"
"*03jly*","Andreas Pereira","FUL","M","64","FA","FUL 1<br/>@MUN 2 F","311.41","9.44","7%","0%","33","33","2,688","4","6","1","60","4","23","4","9","0","51","31","8","0","25","6","0","8","17","3","9","0","0","0","40","645"
"*04abn*","Harvey Barnes","LEI","M","65","Noah B","WHU 1<br/>@LEI 2 F","309.02","9.09","69%","+9%","34","32","2,707","13","1","0","19","1","34","0","14","0","42","37","3","0","7","8","0","10","26","1","29","0","0","0","51","542"
"*02lsa*","Dan Burn","NEW","D","67","DF","NEW 1<br/>@CHE 1 F","305.56","8.04","75%","+1%","38","35","3,104","1","0","0","16","0","4","1","38","1","9","4","5","0","3","32","3","103","11","16","85","0","0","0","30","1,167"
"*0647t*","Lucas Paqueta","WHU","M","68","RyRob","WHU 1<br/>@LEI 2 F","304.79","10.89","32%","0%","28","27","2,150","4","3","0","32","2","16","1","53","0","44","30","5","0","4","16","2","31","32","4","36","0","2","0","39","477"
"*03sgc*","Jordan Ayew","CRY","F","70","RK U8","NOT 1<br/>@CRY 1 F","302","7.95","0%","0%","38","31","2,699","4","3","0","31","0","11","1","41","0","83","90","5","0","10","15","0","30","64","4","51","0","0","0","41","727"
"*061yd*","Ivan Perisic","TOT","D","72","RyRob","TOT 4<br/>@LEE 1 F","297.19","8.74","0%","0%","34","23","2,086","1","8","0","48","0","8","1","24","0","14","8","6","0","33","22","2","42","17","7","34","0","0","0","44","511"
"*03rzp*","Antonee Robinson","FUL","D","73","Noah B","FUL 1<br/>@MUN 2 F","296.46","8.47","72%","+7%","35","35","3,088","0","1","0","21","1","0","1","38","0","20","23","8","0","33","53","3","76","38","13","40","0","0","0","44","810"
"*04e1e*","Ben White","ARS","D","75","DF","WOL 0<br/>@ARS 5 F","293.65","7.73","70%","-1%","38","36","3,051","2","5","1","26","0","3","0","31","0","7","30","5","0","15","22","0","75","8","11","33","0","0","0","35","1,197"
"*0642l*","Casemiro","MUN","M","76","thomas","FUL 1<br/>@MUN 2 F","291.99","10.43","82%","0%","28","24","2,116","4","3","1","28","0","11","1","46","0","14","24","7","2","4","34","3","60","9","11","56","0","0","0","21","968"
"*03vlj*","Virgil van Dijk","LIV","D","78","RK U8","LIV 4<br/>@SOU 4 F","291.46","9.11","100%","0%","32","32","2,835","3","1","0","7","0","10","0","14","0","0","3","3","0","0","31","8","135","1","16","98","0","0","0","36","990"
"*03scr*","Aleksandar Mitrovic","FUL","F","79","RK U8","FUL 1<br/>@MUN 2 F","290.5","12.1","0%","0%","24","23","2,001","14","1","0","16","1","35","1","7","0","58","40","7","0","1","3","0","20","23","5","100","4","2","0","30","632"
"*05o6h*","Kai Havertz","CHE","F","81","YUM","NEW 1<br/>@CHE 1 F","284.75","8.14","76%","-1%","35","30","2,560","7","1","0","38","0","33","1","16","0","36","25","5","0","3","7","0","39","17","0","79","0","0","0","31","812"
"*062a9*","Sven Botman","NEW","D","82","FA","NEW 1<br/>@CHE 1 F","284.43","7.9","49%","+5%","36","35","3,127","0","0","0","9","2","7","0","24","0","2","12","2","0","1","34","4","120","1","24","77","0","0","0","30","1,147"
"*037mo*","Willian","ARS/FUL","F","83","RK U8","FUL 1<br/>@MUN 2 F","284.25","10.53","0%","0%","27","25","2,124","5","5","0","51","2","18","1","8","0","25","24","2","0","4","9","0","8","37","0","9","0","0","0","22","635"
"*05o4c*","Timothy Castagne","LEI","D","84","AUTO REL","WHU 1<br/>@LEI 2 F","283.47","7.66","18%","+4%","37","36","3,253","2","3","1","22","1","6","0","44","0","17","15","3","0","15","43","3","94","10","13","55","0","0","0","63","630"
"*04tzt*","Jefferson Lerma","BOU","M","85","KFFC","BOU 0<br/>@EVE 1 F","282.88","7.65","22%","-4%","37","37","3,252","5","0","0","18","0","12","0","30","0","17","33","7","0","2","47","3","88","13","15","62","0","0","1","67","665"
"*03fgo*","Dominic Solanke","BOU","F","86","Noah B","BOU 0<br/>@EVE 1 F","282","8.55","62%","-4%","33","32","2,854","6","7","0","21","3","29","1","9","0","74","53","2","0","1","6","1","43","41","7","52","0","0","0","52","710"
"*062dt*","Joao Palhinha","FUL","M","87","RK U8","FUL 1<br/>@MUN 2 F","279.66","7.99","42%","0%","35","35","3,108","3","0","0","7","0","9","0","83","1","28","50","14","0","0","46","3","59","14","5","72","0","0","1","43","780"
"*051kl*","Emiliano Buendia","AVL","M","88","FA","BHA 1<br/>@AVL 2 F","276.39","7.27","30%","+1%","38","27","2,393","5","2","1","41","1","12","4","23","0","58","44","0","0","1","20","4","13","27","2","23","0","0","0","34","801"
"*04qfz*","Diogo Dalot","MUN","D","89","thomas","FUL 1<br/>@MUN 2 F","276.3","10.63","83%","-2%","26","24","2,150","1","2","0","29","0","7","1","41","0","5","3","6","0","14","37","5","52","18","7","39","0","0","0","34","902"
"*061x2*","Darwin Nunez","LIV","F","90","AUTO REL","LIV 4<br/>@SOU 4 F","275","9.48","2%","0%","29","19","1,675","9","3","0","28","2","37","4","5","0","27","17","1","1","1","3","0","12","17","0","36","0","1","0","22","694"
"*061ya*","Brennan Johnson","NOT","F","92","DF","NOT 1<br/>@CRY 1 F","273.25","7.19","54%","-1%","38","33","2,923","8","3","1","28","2","27","2","20","0","25","21","6","0","10","5","0","4","31","1","18","2","1","0","54","558"
"*03yq8*","Demarai Gray","EVE","M","93","RyRob","BOU 0<br/>@EVE 1 F","270.29","8.19","0%","0%","33","27","2,493","4","1","0","37","0","24","0","24","0","66","51","3","0","23","13","0","15","31","3","13","0","0","0","39","567"
"*04yo7*","Youri Tielemans","LEI","M","94","DF","WHU 1<br/>@LEI 2 F","267.85","8.64","85%","-3%","31","27","2,335","3","2","0","30","1","10","2","39","0","15","25","4","0","9","28","1","24","23","8","26","1","0","0","49","572"
"*05ylx*","Dejan Kulusevski","TOT","M","95","j.l.","TOT 4<br/>@LEE 1 F","265.75","8.86","30%","0%","30","23","2,051","2","7","0","47","0","10","0","15","0","52","25","2","0","14","13","1","7","50","0","4","0","0","0","40","518"
"*0327v*","Wilfried Zaha","CRY","F","96","FA","NOT 1<br/>@CRY 1 F","265","9.81","0%","0%","27","27","2,289","7","2","2","26","0","22","2","20","0","82","77","5","0","6","16","2","6","51","1","6","2","1","0","34","460"
"*05gcc*","Kiernan Dewsbury-Hall","LEI","M","97","YUM","WHU 1<br/>@LEI 2 F","261.52","8.44","87%","0%","31","28","2,302","2","2","0","39","1","6","0","29","0","32","35","3","1","8","28","1","21","38","13","15","0","0","0","40","475"
"*03rec*","Tyrone Mings","AVL","D","98","RK U8","BHA 1<br/>@AVL 2 F","261.2","7.46","12%","-1%","35","35","3,150","1","2","0","5","1","2","0","7","0","7","22","7","0","1","54","12","158","6","21","62","0","1","1","40","1,080"
"*05tqz*","Rico Henry","BRF","D","99","DF","MCI 0<br/>@BRF 1 F","260.19","7.03","2%","0%","37","37","3,236","0","2","0","23","1","4","0","31","0","44","38","4","0","24","30","4","69","25","8","40","0","1","0","46","984"
"*050jq*","Marc Guehi","CRY","D","100","DF","NOT 1<br/>@CRY 1 F","259.88","7.02","98%","0%","37","37","3,328","1","0","0","10","0","6","0","27","2","7","40","8","0","0","45","8","132","14","24","54","0","0","1","46","808"
"*051k0*","John McGinn","AVL","M","101","RyRob","BHA 1<br/>@AVL 2 F","259.11","7.62","69%","0%","34","30","2,683","1","3","1","18","2","11","1","36","0","35","66","7","0","9","24","1","15","44","4","22","0","2","0","31","911"
"*062ot*","Cheick Doucoure","CRY","M","102","FA","NOT 1<br/>@CRY 1 F","253.53","7.46","1%","0%","34","34","2,767","0","3","0","26","0","7","0","46","0","20","13","8","1","2","56","6","47","15","13","30","0","0","0","41","656"
"*03rxz*","Roberto Firmino","LIV","F","104","011","LIV 4<br/>@SOU 4 F","252.75","10.11","0%","0%","25","13","1,192","11","4","0","21","0","25","0","12","0","23","6","0","0","2","7","0","2","13","1","15","0","0","0","17","396"
"*05os8*","Joachim Andersen","CRY","D","105","KFFC","NOT 1<br/>@CRY 1 F","250.47","7.83","50%","-1%","32","32","2,782","1","0","0","12","0","9","0","22","0","3","16","8","0","1","24","5","187","5","13","87","0","0","2","37","720"
"*05nnx*","Rodrigo","LEE","F","106","011","TOT 4<br/>@LEE 1 F","250.25","8.07","0%","0%","31","23","1,920","13","1","0","16","1","27","0","10","0","24","11","6","0","7","6","1","21","11","4","34","0","0","0","43","308"
"*063hu*","Amadou Onana","EVE","M","107","DDT","BOU 0<br/>@EVE 1 F","249.29","7.55","16%","-2%","33","29","2,479","1","2","0","22","1","6","0","43","0","17","49","9","0","0","37","2","37","16","6","60","0","0","0","37","679"
"*063zi*","Matheus Nunes","WOL","M","108","YUM","WOL 0<br/>@ARS 5 F","248.71","7.31","99%","0%","34","30","2,455","1","1","1","27","0","9","1","43","0","39","49","2","0","7","17","2","31","42","4","22","0","0","0","38","852"
"*04gw7*","Jadon Sancho","MUN","M","109","thomas","FUL 1<br/>@MUN 2 F","248.05","9.54","7%","-4%","26","21","1,678","6","3","0","44","0","11","0","10","0","20","10","0","0","3","7","0","5","32","2","2","0","0","0","18","950"
"*05os9*","Thomas Partey","ARS","M","110","RK U8","WOL 0<br/>@ARS 5 F","247.25","7.49","0%","0%","33","28","2,474","3","0","0","26","0","4","1","40","0","19","23","5","0","2","28","2","39","34","5","37","0","0","0","28","1,036"
"*0639x*","Marcus Tavernier","BOU","M","111","j.l.","BOU 0<br/>@EVE 1 F","245.36","10.67","98%","0%","23","19","1,737","5","4","0","19","0","15","0","22","0","40","28","1","0","11","9","0","17","44","4","17","0","0","0","37","528"
"*03rxa*","Idrissa Gueye","EVE","M","112","AUTO REL","BOU 0<br/>@EVE 1 F","244.95","7.42","19%","-4%","33","32","2,575","0","1","0","12","0","6","0","57","0","18","50","7","0","0","56","2","31","17","12","27","0","0","0","45","716"
"*037mt*","Harrison Reed","FUL","M","113","FA","FUL 1<br/>@MUN 2 F","244.77","6.62","0%","0%","37","35","2,858","3","4","0","35","0","8","0","27","0","25","22","5","0","12","19","2","30","10","12","30","0","0","1","44","790"
"*04fk6*","Bernardo Silva","MCI","M","114","AUTO REL","MCI 0<br/>@BRF 1 F","242.31","7.13","94%","0%","34","24","2,186","4","5","1","31","1","10","0","23","0","31","15","5","0","13","16","0","6","26","6","4","0","1","0","24","636"
"*02lnx*","Danny Welbeck","BHA","F","116","FA","BHA 1<br/>@AVL 2 F","236.25","7.62","89%","+1%","31","21","1,833","6","3","0","30","2","23","1","7","0","23","18","0","0","0","5","1","20","18","2","32","0","1","0","28","701"
"*0646f*","Alexander Isak","NEW","F","117","thomas","NEW 1<br/>@CHE 1 F","233.5","10.61","90%","-3%","22","17","1,508","10","1","0","16","1","25","1","8","0","25","15","3","0","1","4","0","8","32","2","23","0","1","0","20","295"
"*04yey*","Max Kilman","WOL","D","118","RK U8","WOL 0<br/>@ARS 5 F","233.46","6.31","19%","0%","37","37","3,307","0","0","0","4","1","1","1","20","0","9","12","3","0","2","19","2","163","18","42","86","0","0","0","56","990"
"*03dyl*","Jeffrey Schlupp","CRY","M","119","FA","NOT 1<br/>@CRY 1 F","233.44","6.87","0%","0%","34","30","2,523","3","1","0","18","1","9","1","46","0","33","33","7","0","1","23","3","35","29","8","26","0","0","0","38","648"
"*061z4*","Marc Roca","LEE","M","120","AUTO REL","TOT 4<br/>@LEE 1 F","233.04","7.28","0%","0%","32","29","2,312","1","2","0","33","1","13","0","40","0","26","29","7","0","4","23","1","23","17","10","19","0","0","0","60","251"
"*05nt7*","Thiago Silva","CHE","D","121","RK U8","NEW 1<br/>@CHE 1 F","232.98","8.63","0%","0%","27","26","2,350","0","2","0","5","0","2","1","27","0","1","13","2","0","0","34","6","109","3","29","62","0","0","0","32","540"
"*02oo1*","Ben Davies","TOT","D","122","KFFC","TOT 4<br/>@LEE 1 F","232.85","7.51","1%","0%","31","26","2,279","2","2","0","20","1","5","0","11","0","5","17","4","0","8","18","1","67","5","8","70","0","0","0","33","813"
"*05mzz*","Pascal Struijk","LEE","D","123","j.l.","TOT 4<br/>@LEE 1 F","231.73","7.99","45%","-14%","29","26","2,196","2","1","0","14","1","7","0","57","0","12","12","5","0","5","32","2","64","9","12","60","0","0","0","52","360"
"*02lkp*","Raheem Sterling","CHE","F","124","RyRob","NEW 1<br/>@CHE 1 F","230.5","8.23","1%","0%","28","23","1,884","6","3","0","34","1","18","2","10","0","50","32","4","0","9","2","0","3","39","0","5","0","0","0","27","392"
"*0649k*","Wout Faes","LEI","D","125","DF","WHU 1<br/>@LEI 2 F","229.47","7.4","0%","0%","31","31","2,786","1","2","0","9","0","3","0","33","1","5","17","4","1","0","40","5","111","8","37","58","0","0","2","51","630"
"*02lpn*","Eric Dier","TOT","D","126","AUTO REL","TOT 4<br/>@LEE 1 F","229.01","6.94","0%","0%","33","31","2,814","2","1","0","7","0","4","0","19","0","3","10","3","0","3","35","5","109","1","24","80","0","0","0","52","811"
"*05akv*","Tyrick Mitchell","CRY","D","127","j.l.","NOT 1<br/>@CRY 1 F","228.17","6.34","97%","0%","36","34","2,887","0","2","0","15","0","1","0","49","0","17","10","5","1","12","42","3","66","17","11","25","0","0","0","38","657"
"*037wp*","Christian Eriksen","MUN","M","128","FA","FUL 1<br/>@MUN 2 F","227.53","8.13","0%","0%","28","25","2,041","1","8","0","36","1","12","0","18","0","19","10","3","0","9","11","2","20","7","9","9","0","0","0","25","791"
"*05ybq*","Vitalii Mykolenko","EVE","D","130","FA","BOU 0<br/>@EVE 1 F","225.77","6.64","61%","0%","34","30","2,652","0","0","0","19","1","3","0","34","0","8","21","4","0","14","47","8","88","10","16","26","0","0","0","46","631"
"*04e1c*","Lewis Dunk","BHA","D","131","FA","BHA 1<br/>@AVL 2 F","224.61","6.24","32%","+5%","36","36","3,238","1","0","0","9","1","3","0","19","1","5","27","4","0","1","34","6","81","4","27","69","0","0","1","50","1,078"
"*061ve*","Ryan Christie","BOU","M","132","DDT","BOU 0<br/>@EVE 1 F","221.97","6.94","15%","-1%","32","22","1,816","1","1","0","30","1","9","1","22","0","33","45","2","0","4","26","2","16","37","4","16","0","0","0","35","313"
"*062cn*","Julian Alvarez","MCI","F","133","KFFC","MCI 0<br/>@BRF 1 F","221.5","7.15","0%","0%","31","13","1,432","9","0","0","18","3","22","1","16","0","24","14","0","0","3","2","0","5","21","0","8","0","1","0","16","543"
"*05gcq*","Daniel Podence","WOL","F","134","FA","WOL 0<br/>@ARS 5 F","220.5","6.89","0%","0%","32","20","1,750","6","0","0","36","1","18","1","17","0","30","23","5","0","11","8","1","5","21","0","6","0","0","0","31","407"
"*05uns*","Leon Bailey","AVL","F","135","j.l.","BHA 1<br/>@AVL 2 F","220","6.67","2%","0%","33","26","1,955","4","4","1","30","1","14","2","6","0","53","22","4","0","22","6","2","11","37","0","24","0","0","0","32","528"
"*0522s*","Che Adams","SOU","F","136","FA","LIV 4<br/>@SOU 4 F","218.25","7.79","0%","0%","28","23","1,982","5","3","0","24","2","15","2","13","0","28","27","1","0","2","4","0","22","16","4","61","0","0","0","41","227"
"*05opk*","Vladimir Coufal","WHU","D","137","RyRob","WHU 1<br/>@LEI 2 F","217.86","8.07","0%","0%","27","24","2,130","0","1","1","26","1","1","0","31","0","21","21","5","0","19","38","3","63","3","6","40","0","0","0","35","374"
"*052ca*","Ezri Konsa","AVL","D","138","FA","BHA 1<br/>@AVL 2 F","217.05","5.71","34%","-1%","38","37","3,322","0","0","0","8","0","0","0","20","0","5","64","6","0","2","26","4","114","5","23","57","0","0","0","45","1,071"
"*03ena*","Aaron Cresswell","WHU","D","139","RyRob","WHU 1<br/>@LEI 2 F","214.93","7.68","0%","0%","28","24","2,229","0","1","0","40","0","1","0","11","0","6","9","3","0","23","27","5","53","2","11","28","0","0","0","32","584"
"*061vp*","Brenden Aaronson","LEE","M","140","FA","TOT 4<br/>@LEE 1 F","214.85","5.97","66%","-3%","36","28","2,356","1","3","1","46","1","9","4","18","0","82","55","2","0","10","5","1","6","33","3","8","0","0","0","58","392"
"*04kj7*","Serge Aurier","TOT/NOT","D","141","DF","NOT 1<br/>@CRY 1 F","214.5","8.94","0%","0%","24","22","1,943","1","0","0","10","0","3","0","41","0","18","19","2","0","8","29","3","65","14","11","46","0","0","0","31","563"
"*067yv*","Cody Gakpo","LIV","F","142","AUTO REL","LIV 4<br/>@SOU 4 F","212.25","10.11","100%","0%","21","17","1,450","7","2","0","23","1","13","0","15","0","36","33","0","0","1","4","0","2","23","1","26","0","1","0","19","605"
"*0649i*","Antony","MUN","F","143","YUM","FUL 1<br/>@MUN 2 F","211","8.44","0%","0%","25","23","1,798","4","2","1","28","0","24","2","9","0","12","25","5","0","3","11","0","2","28","0","5","0","0","0","21","812"
"*05uoc*","Cristian Romero","TOT","D","144","FA","TOT 4<br/>@LEE 1 F","210.36","7.79","50%","-1%","27","26","2,362","0","1","0","8","1","2","2","36","1","10","12","9","1","0","44","1","97","13","18","57","0","1","0","41","712"
"*05nuh*","Robin Koch","LEE","D","146","FA","TOT 4<br/>@LEE 1 F","206.98","5.75","0%","0%","36","36","3,175","0","0","0","6","0","4","0","30","0","1","17","7","0","0","43","4","147","1","21","111","0","0","1","74","450"
"*0558w*","William Saliba","ARS","D","147","FA","WOL 0<br/>@ARS 5 F","206.29","7.64","99%","0%","27","27","2,415","2","1","0","6","0","3","0","20","0","6","13","4","0","1","19","3","82","8","10","53","0","0","1","25","1,065"
"*051k8*","Conor Gallagher","CHE","M","148","YUM","NEW 1<br/>@CHE 1 F","205.97","5.88","50%","+1%","35","18","1,591","3","1","0","21","0","11","1","33","0","36","35","9","1","8","23","6","14","23","10","19","0","0","0","22","448"
"*05tr8*","Christian Norgaard","BRF","M","149","FA","MCI 0<br/>@BRF 1 F","205.87","9.36","7%","0%","22","21","1,761","1","3","0","12","3","10","1","30","0","10","20","6","0","2","34","4","40","8","9","18","0","1","0","23","529"
"*0329y*","Joel Ward","CRY","D","150","thomas","NOT 1<br/>@CRY 1 F","205.58","7.34","0%","0%","28","24","2,250","1","0","0","9","0","2","0","36","0","10","11","6","0","8","25","2","77","7","16","58","0","0","0","35","700"
"*05tre*","Vitaly Janelt","BRF","M","151","FA","MCI 0<br/>@BRF 1 F","203.49","5.81","10%","+1%","35","24","2,188","3","1","0","16","0","5","0","27","0","11","21","3","0","8","29","6","23","7","9","33","0","0","0","28","787"
"*05w9m*","Emerson Royal","TOT","D","152","DDT","TOT 4<br/>@LEE 1 F","200.71","7.72","0%","0%","26","20","1,723","2","1","0","9","1","7","0","33","0","19","33","2","1","6","18","3","65","14","3","28","0","0","0","26","641"
"*05mzw*","Luke Ayling","LEE","D","153","FA","TOT 4<br/>@LEE 1 F","198.74","6.85","0%","0%","29","22","2,042","2","1","0","12","0","5","0","37","0","12","35","3","0","13","26","1","47","12","11","47","0","0","0","48","270"
"*04ug0*","Sean Longstaff","NEW","M","154","FA","NEW 1<br/>@CHE 1 F","198.46","6.01","12%","0%","33","28","2,507","1","4","0","23","1","7","0","21","0","29","39","2","0","8","16","2","22","7","8","24","0","0","0","18","1,100"
"*02m6x*","Tim Ream","FUL","D","155","FA","FUL 1<br/>@MUN 2 F","198.22","6.01","0%","0%","33","33","2,898","1","0","0","3","0","2","0","16","3","5","7","2","0","0","41","5","112","10","24","48","0","0","0","44","720"
"*056iw*","Allan Saint-Maximin","NEW","M","156","thomas","NEW 1<br/>@CHE 1 F","197.9","7.92","0%","0%","25","12","1,095","1","5","0","31","1","13","0","3","0","30","16","1","0","5","5","0","0","56","0","2","0","0","0","14","351"
"*03u2b*","Adama Traore","WOL","F","157","YUM","WOL 0<br/>@ARS 5 F","197.5","5.81","9%","0%","34","12","1,460","2","1","0","24","3","8","0","7","0","27","34","2","0","20","3","0","17","46","1","39","0","0","0","30","269"
"*03arh*","Kurt Zouma","WHU","D","158","FA","WHU 1<br/>@LEI 2 F","196.97","7.88","0%","0%","25","24","1,987","2","0","0","1","1","6","0","4","0","1","7","0","0","0","30","8","118","2","14","56","0","0","0","29","630"
"*05ylw*","Rodrigo Bentancur","TOT","M","159","FA","TOT 4<br/>@LEE 1 F","196.45","10.91","19%","-1%","18","17","1,496","5","2","0","11","0","9","0","28","0","17","8","8","0","4","20","3","21","20","15","15","0","0","0","24","536"
"*062p9*","Kalidou Koulibaly","CHE","D","160","AUTO REL","NEW 1<br/>@CHE 1 F","194.5","8.46","0%","0%","23","20","1,796","2","1","0","7","0","4","0","31","3","2","9","5","1","1","29","4","72","4","13","33","0","0","0","22","580"
"*062pl*","Lisandro Martinez","MUN","D","161","FA","FUL 1<br/>@MUN 2 F","193.16","7.15","12%","+3%","27","24","2,110","1","0","0","6","0","1","1","28","0","9","10","6","0","0","33","7","96","14","27","32","0","0","0","33","837"
"*04rhd*","Fabinho","LIV","M","162","FA","LIV 4<br/>@SOU 4 F","193.03","5.36","0%","0%","36","31","2,661","0","2","1","17","0","4","0","38","0","12","24","11","0","1","37","6","38","7","11","30","0","0","0","34","1,016"
"*05uor*","Yoane Wissa","BRF","F","163","FA","MCI 0<br/>@BRF 1 F","192","5.05","45%","-1%","38","16","1,561","7","3","0","13","1","15","1","12","0","25","26","3","0","0","6","0","14","19","0","24","0","1","0","17","568"
"*05ojg*","Nelson Semedo","WOL","D","164","RyRob","WOL 0<br/>@ARS 5 F","191.76","5.33","1%","0%","36","31","2,624","0","1","0","11","0","0","0","42","0","19","24","11","1","8","29","3","76","33","15","30","0","0","0","42","704"
"*04rf1*","Mohamed Elyounoussi","SOU","M","165","FA","LIV 4<br/>@SOU 4 F","191.64","5.81","0%","0%","33","27","2,156","1","1","0","18","0","11","0","28","0","38","18","4","0","10","27","2","34","24","3","37","0","0","0","45","215"
"*05a6e*","Neco Williams","NOT","D","167","FA","NOT 1<br/>@CRY 1 F","190.83","6.16","98%","0%","31","20","1,860","1","0","0","15","1","7","0","47","1","17","27","7","0","13","33","3","37","18","8","17","0","1","0","41","351"
"*052cd*","Mason Mount","CHE","M","168","thomas","NEW 1<br/>@CHE 1 F","189.89","7.91","17%","0%","24","20","1,640","3","2","0","29","2","9","0","20","0","29","27","4","0","7","8","0","6","15","6","9","0","0","0","21","621"
"*02lk5*","Jordan Henderson","LIV","M","169","AUTO REL","LIV 4<br/>@SOU 4 F","188.99","5.4","5%","0%","35","23","2,049","0","2","0","31","1","6","1","23","0","9","9","2","0","15","21","0","12","12","3","11","0","0","0","30","765"
"*04qr8*","Diogo Jota","LIV","F","170","RK U8","LIV 4<br/>@SOU 4 F","188.5","8.57","0%","0%","22","12","1,113","7","4","0","17","0","11","1","15","0","19","15","2","0","3","3","0","9","14","0","18","0","1","0","19","485"
"*04qqv*","Fred","MUN","M","171","Laeka B","FUL 1<br/>@MUN 2 F","187.94","5.37","0%","0%","35","12","1,207","2","2","0","30","1","5","1","30","0","16","22","6","0","2","19","1","13","12","2","11","0","0","0","22","468"
"*03vll*","Michail Antonio","WHU","F","172","KFFC","WHU 1<br/>@LEI 2 F","187.5","5.68","0%","0%","33","21","1,805","5","3","0","15","0","13","2","7","0","45","44","2","0","5","5","0","9","26","5","50","0","0","0","29","402"
"*05unu*","Romeo Lavia","SOU","M","173","YUM","LIV 4<br/>@SOU 4 F","185.2","6.39","2%","-1%","29","26","2,217","1","0","1","16","1","3","0","35","0","31","48","9","0","0","33","4","23","28","11","8","0","1","0","50","266"
"*043c1*","Oleksandr Zinchenko","ARS","D,M","174","FA","WOL 0<br/>@ARS 5 F","184.01","6.82","1%","0%","27","26","2,114","1","2","1","19","0","7","0","18","0","15","11","3","0","7","22","1","31","15","2","51","0","0","0","28","812"
"*063e7*","Marcos Senesi","BOU","D","175","FA","BOU 0<br/>@EVE 1 F","183.96","5.93","91%","0%","31","29","2,487","2","0","0","5","0","3","0","35","0","4","13","7","0","2","43","12","140","8","20","27","0","0","0","55","427"
"*04t3s*","Joao Moutinho","WOL","M","176","RK U8","WOL 0<br/>@ARS 5 F","183.48","5.92","0%","0%","31","20","1,761","0","2","0","36","0","3","0","30","0","7","15","3","0","6","18","3","18","8","6","8","0","0","0","28","426"
"*03dxq*","Danny Ings","AVL/WHU","F","177","FA","WHU 1<br/>@LEI 2 F","183.25","5.24","0%","0%","35","15","1,557","8","2","0","15","0","18","0","13","0","27","14","4","0","0","4","0","15","14","3","25","0","0","0","26","356"
"*03v6t*","Ben Chilwell","CHE","D","178","AUTO REL","NEW 1<br/>@CHE 1 F","183.22","7.97","0%","0%","23","15","1,397","2","2","0","21","1","4","1","17","0","18","23","3","0","10","18","1","23","7","2","26","0","1","0","19","326"
"*05mxa*","Joel Veltman","BHA","D","179","FA","BHA 1<br/>@AVL 2 F","182.89","5.9","3%","0%","31","25","2,179","1","1","0","10","0","6","0","32","0","10","38","6","0","6","19","1","49","5","8","26","0","0","0","29","769"
"*04s8k*","Jorginho","CHE/ARS","M","182","RK U8","WOL 0<br/>@ARS 5 F","180.48","5.64","0%","0%","32","24","2,116","2","1","0","12","1","3","1","36","0","17","41","4","0","0","30","1","14","7","5","18","0","0","0","23","877"
"*04rd0*","Bobby De Cordova-Reid","FUL","F","183","FA","FUL 1<br/>@MUN 2 F","179.75","4.99","0%","0%","36","29","2,457","4","1","0","19","0","10","2","24","0","32","21","8","0","14","20","3","26","18","3","12","0","2","0","40","666"
"*051k7*","Reece James","CHE","D","185","FA","NEW 1<br/>@CHE 1 F","178.68","11.17","95%","+3%","16","14","1,240","1","1","0","21","1","4","1","20","0","14","18","4","0","16","12","4","20","20","2","23","0","1","0","17","308"
"*05n5p*","Mohammed Salisu","SOU","D","186","FA","LIV 4<br/>@SOU 4 F","178","8.09","0%","0%","22","21","1,969","0","1","1","7","0","5","0","29","1","9","3","5","0","4","32","2","118","7","25","55","0","0","1","41","90"
"*05rl4*","Crysencio Summerville","LEE","M","187","FA","TOT 4<br/>@LEE 1 F","177.38","6.34","79%","-2%","28","12","1,393","4","2","0","16","2","9","0","20","0","36","41","4","0","2","13","2","8","23","2","5","0","1","0","38","57"
"*062h7*","Tyler Adams","LEE","M","188","FA","TOT 4<br/>@LEE 1 F","177.24","7.39","8%","0%","24","24","2,156","0","0","0","24","0","0","0","46","0","18","21","4","1","0","35","3","25","7","8","26","0","0","0","36","450"
"*0620j*","Armel Bella Kotchap","SOU","D","189","FA","LIV 4<br/>@SOU 4 F","174.24","7.26","0%","0%","24","24","1,880","0","2","0","6","0","2","0","17","3","6","33","4","0","0","44","7","108","4","12","40","0","0","0","39","270"
"*0687b*","Alex Moreno","AVL","D","190","FA","BHA 1<br/>@AVL 2 F","174.07","9.16","0%","0%","19","14","1,322","0","3","0","22","0","3","1","14","0","15","11","3","0","15","7","1","30","23","3","9","0","0","0","10","621"
"*05n07*","Pedro Porro","MCI/TOT","D","191","DDT","TOT 4<br/>@LEE 1 F","174.04","11.6","99%","0%","15","13","1,126","3","3","0","25","0","7","1","16","0","7","16","0","0","16","15","1","20","14","2","1","0","0","0","26","91"
"*03yu2*","Abdoulaye Doucoure","EVE","M","192","thomas","BOU 0<br/>@EVE 1 F","172.87","6.91","0%","0%","25","17","1,521","5","2","0","22","0","8","0","20","0","13","4","6","1","2","13","0","10","20","3","13","0","0","0","26","371"
"*04qos*","Issa Diop","WHU/FUL","D","193","FA","FUL 1<br/>@MUN 2 F","172.78","6.91","2%","+1%","25","21","2,003","1","0","0","2","0","2","0","19","0","1","8","2","0","0","35","4","86","3","17","33","0","0","0","26","637"
"*04xjr*","Harvey Elliott","LIV","M","194","FA","LIV 4<br/>@SOU 4 F","172.02","5.38","8%","0%","32","18","1,588","1","2","1","26","0","12","0","18","0","23","25","2","0","6","15","0","6","18","1","4","0","0","0","20","565"
"*04rzl*","Taiwo Awoniyi","NOT","F","195","DF","NOT 1<br/>@CRY 1 F","171.5","6.35","20%","+1%","27","17","1,384","10","1","0","10","0","15","2","10","0","29","19","2","0","0","4","0","20","5","4","20","0","0","0","29","285"
"*062ed*","Rasmus Kristensen","LEE","D","196","FA","TOT 4<br/>@LEE 1 F","169.81","6.53","0%","0%","26","21","1,954","3","1","0","9","0","5","0","35","3","5","6","4","0","6","35","4","55","6","14","34","0","0","0","53","176"
"*02lny*","Ashley Young","AVL","D","197","FA","BHA 1<br/>@AVL 2 F","168.95","5.83","0%","0%","29","23","2,026","1","0","0","14","0","3","0","27","0","5","28","7","0","7","21","1","60","8","11","14","0","0","0","28","804"
"*068yj*","Felipe","NOT","D","198","KFFC","NOT 1<br/>@CRY 1 F","168.21","10.51","0%","0%","16","15","1,416","0","1","0","7","0","1","0","23","1","4","11","4","0","0","36","6","89","14","13","52","0","0","0","32","78"
"*03zsq*","Kyle Walker-Peters","SOU","D","199","Noah B","LIV 4<br/>@SOU 4 F","167.63","5.41","8%","-5%","31","30","2,647","1","0","0","15","0","5","1","32","1","43","41","4","0","11","27","8","41","49","8","16","0","0","0","58","245"
"*04mdn*","Anthony Gordon","EVE/NEW","M","200","011","NEW 1<br/>@CHE 1 F","167.35","5.23","96%","-1%","32","16","1,554","4","0","0","14","0","18","1","34","0","28","23","7","0","4","6","0","10","17","1","9","0","0","0","18","347"
"*03yeg*","Tosin Adarabioyo","FUL","D","201","YUM","FUL 1<br/>@MUN 2 F","166.99","6.68","7%","-3%","25","23","2,083","1","0","0","6","0","4","0","13","1","4","5","4","0","1","26","6","138","5","15","59","0","0","0","39","270"
"*061xw*","Joe Worrall","NOT","D","202","FA","NOT 1<br/>@CRY 1 F","166.97","5.57","0%","0%","30","21","2,206","1","0","0","5","0","2","0","25","1","4","4","6","0","0","26","7","108","3","23","55","0","0","0","44","478"
"*04adp*","Aaron Wan-Bissaka","MUN","D","203","thomas","FUL 1<br/>@MUN 2 F","166.84","8.78","46%","0%","19","16","1,429","0","0","0","15","0","2","0","25","1","10","2","2","0","3","22","4","35","17","8","13","0","0","0","10","734"
"*02m4d*","Craig Dawson","WHU/WOL","D","204","FA","WOL 0<br/>@ARS 5 F","165.47","6.62","0%","0%","25","25","2,134","1","0","0","2","1","3","0","12","1","6","13","6","0","0","18","4","99","3","29","48","0","1","0","31","630"
"*063zh*","Thilo Kehrer","WHU","D","205","FA","WHU 1<br/>@LEI 2 F","165.25","6.12","0%","0%","27","25","2,228","0","2","0","8","1","1","0","24","0","6","12","4","0","4","34","3","73","8","6","36","0","0","1","34","456"
"*03g40*","Kelechi Iheanacho","LEI","F","206","DDT","WHU 1<br/>@LEI 2 F","163.5","5.84","0%","0%","28","11","1,097","5","5","0","22","0","14","2","2","0","36","5","0","0","0","0","0","8","20","1","15","0","0","0","23","53"
"*068lx*","Dango Ouattara","BOU","F","208","RyRob","BOU 0<br/>@EVE 1 F","162.5","8.55","95%","0%","19","15","1,234","1","3","0","18","0","5","0","15","0","14","15","1","0","10","13","0","29","31","3","30","0","0","0","23","185"
"*05u4m*","Patson Daka","LEI","F","207","FA","WHU 1<br/>@LEI 2 F","162.5","5.42","0%","0%","30","13","1,152","4","4","0","17","0","16","0","8","0","19","15","2","0","1","7","1","7","7","2","26","0","1","0","24","339"
"*05u5e*","Romain Perraud","SOU","D","209","FA","LIV 4<br/>@SOU 4 F","161.35","5.56","0%","0%","29","22","1,822","2","2","0","15","0","6","0","33","0","14","15","4","0","12","20","3","34","9","6","14","0","0","1","35","267"
"*064a0*","Wilfried Gnonto","LEE","F","210","FA","TOT 4<br/>@LEE 1 F","160.5","6.69","13%","0%","24","14","1,334","2","4","1","22","0","8","0","17","0","19","39","7","0","8","5","0","3","21","1","8","0","0","0","28","219"
"*02y6o*","Nathan Ake","MCI","D","211","FA","MCI 0<br/>@BRF 1 F","160.1","6.16","24%","+1%","26","22","1,869","1","0","0","9","0","2","2","12","0","0","14","2","0","1","20","0","47","3","10","36","0","0","0","15","661"
"*0647l*","Renan Lodi","NOT","D","212","FA","NOT 1<br/>@CRY 1 F","158.16","5.65","0%","0%","28","26","2,209","0","1","0","13","1","0","0","39","0","13","42","7","0","10","33","2","60","14","6","18","0","0","0","48","454"
"*02yl5*","John Stones","MCI","D","213","FA","MCI 0<br/>@BRF 1 F","157.2","6.83","4%","0%","23","21","1,842","2","2","0","8","0","3","1","13","1","4","8","2","0","0","9","1","38","6","10","33","0","0","1","17","669"
"*05omu*","Ruben Dias","MCI","D","214","RK U8","MCI 0<br/>@BRF 1 F","156.68","6.03","73%","0%","26","22","1,993","0","0","0","3","0","2","0","13","1","4","7","3","0","0","18","5","54","8","13","44","0","0","0","16","798"
"*05w9i*","Marc Cucurella","CHE","D","215","FA","NEW 1<br/>@CHE 1 F","156.45","6.52","97%","0%","24","21","1,663","0","2","0","11","0","0","0","33","1","6","21","4","0","9","16","1","37","5","8","16","0","0","0","20","562"
"*03dyk*","Jamie Vardy","LEI","F","216","KFFC","WHU 1<br/>@LEI 2 F","154.75","4.18","0%","0%","37","19","1,824","3","4","1","14","1","15","1","5","0","16","7","1","0","1","2","0","30","12","3","47","1","2","0","38","277"
"*04aiz*","Wilfred Ndidi","LEI","M","217","FA","WHU 1<br/>@LEI 2 F","154.56","5.72","0%","0%","27","19","1,665","0","0","0","3","0","2","0","42","1","10","14","4","0","0","37","4","42","9","14","25","0","0","0","39","186"
"*061xs*","Julio Enciso","BHA","F","218","Laeka B","BHA 1<br/>@AVL 2 F","154.5","7.72","1%","0%","20","7","783","4","2","0","13","1","18","1","4","0","20","15","1","0","0","4","0","1","31","0","6","0","0","0","12","281"
"*05w9q*","Odsonne Edouard","CRY","F","219","Noah B","NOT 1<br/>@CRY 1 F","153.5","4.39","0%","0%","35","20","1,772","5","2","0","17","0","15","0","13","0","51","17","3","0","0","3","0","22","15","5","41","0","0","0","25","466"
"*04fk9*","Jan Bednarek","SOU/AVL","D","220","FA","LIV 4<br/>@SOU 4 F","153.3","6.67","0%","0%","23","21","1,769","0","0","0","3","0","0","0","24","0","1","8","5","0","0","51","5","92","1","28","41","0","0","1","40","322"
"*056ir*","Adam Webster","BHA","D","221","FA","BHA 1<br/>@AVL 2 F","153.1","5.67","0%","0%","27","23","1,981","0","0","0","6","0","2","0","12","1","5","6","2","0","1","19","3","51","3","19","60","0","0","1","27","723"
"*02lp5*","Adam Smith","BOU","D","222","FA","BOU 0<br/>@EVE 1 F","152.97","4.13","2%","+1%","37","34","2,937","0","1","0","16","0","1","0","29","1","4","27","11","0","19","25","3","68","6","13","29","0","0","0","58","630"
"*03am7*","Jacob Murphy","NEW","M","223","j.l.","NEW 1<br/>@CHE 1 F","152.1","4.23","56%","0%","36","14","1,209","4","2","1","19","0","10","2","7","0","23","14","0","0","11","7","1","2","12","0","3","0","0","0","12","302"
"*043qy*","Lewis Cook","BOU","M","224","FA","BOU 0<br/>@EVE 1 F","151.86","5.42","12%","0%","28","18","1,701","0","2","0","24","0","0","0","22","0","16","10","4","0","11","23","7","29","6","10","7","0","0","0","39","325"
"*02lpl*","Seamus Coleman","EVE","D","225","FA","BOU 0<br/>@EVE 1 F","151.03","6.57","0%","0%","23","20","1,650","1","0","0","4","0","2","0","26","0","6","21","1","0","9","22","2","45","16","7","18","0","0","0","25","423"
"*0649j*","Manuel Akanji","MCI","D","226","AUTO REL","MCI 0<br/>@BRF 1 F","149.9","5.17","2%","0%","29","24","2,282","0","1","0","7","0","3","0","25","0","3","12","2","0","1","16","2","30","6","9","24","0","0","0","23","724"
"*03ek4*","Patrick Bamford","LEE","F","227","FA","TOT 4<br/>@LEE 1 F","149.75","5.35","0%","0%","28","18","1,497","4","2","0","12","3","17","0","6","0","21","27","3","0","0","5","0","13","11","5","36","2","0","0","31","116"
"*048xg*","Josh Dasilva","BRF","M","228","FA","MCI 0<br/>@BRF 1 F","149.06","4.14","0%","0%","36","14","1,351","4","2","1","12","0","6","0","9","0","28","23","1","0","6","5","0","6","29","6","6","0","0","0","17","411"
"*062ir*","Clement Lenglet","TOT","D","229","FA","TOT 4<br/>@LEE 1 F","148.8","5.72","0%","0%","26","24","2,014","0","2","1","6","0","2","0","23","0","8","17","4","0","6","18","3","67","7","11","43","0","0","0","35","339"
"*05mzx*","Liam Cooper","LEE","D","230","thomas","TOT 4<br/>@LEE 1 F","148.74","8.26","0%","0%","18","16","1,424","1","0","0","5","0","3","0","23","1","1","10","5","0","1","34","3","56","1","8","56","0","0","0","32","180"
"*03r93*","Joseph Gomez","LIV","D","231","RyRob","LIV 4<br/>@SOU 4 F","148.72","7.08","3%","+1%","21","15","1,456","0","0","0","1","0","2","0","21","0","5","4","3","0","0","24","3","47","4","11","46","0","0","0","16","720"
"*051lc*","Pablo Fornals","WHU","M","232","DDT","WHU 1<br/>@LEI 2 F","148.39","4.64","0%","0%","32","17","1,474","3","1","0","20","0","7","1","15","0","15","7","0","0","6","14","0","8","10","2","11","0","0","0","28","238"
"*04io4*","Richarlison","TOT","F","234","j.l.","TOT 4<br/>@LEE 1 F","147.25","5.45","80%","+1%","27","12","980","1","3","0","16","2","14","1","16","0","18","22","3","0","5","5","0","9","11","1","18","0","2","0","18","344"
"*0620k*","Nayef Aguerd","WHU","D","235","KFFC","WHU 1<br/>@LEI 2 F","146.73","8.15","0%","0%","18","17","1,593","2","0","0","6","0","2","0","18","1","7","8","4","0","0","18","4","78","4","24","32","0","0","0","28","450"
"*05o4b*","Matty Cash","AVL","D","236","j.l.","BHA 1<br/>@AVL 2 F","146.17","5.62","80%","-1%","26","20","1,811","0","1","0","8","1","1","0","32","0","7","15","4","0","12","26","2","37","16","5","12","0","0","0","29","381"
"*05u7f*","Ibrahima Konate","LIV","D","237","AUTO REL","LIV 4<br/>@SOU 4 F","145.72","8.1","95%","-1%","18","17","1,550","0","0","0","1","0","3","0","26","0","4","15","5","0","0","26","3","56","9","5","46","0","0","1","22","630"
"*051k5*","Lloyd Kelly","BOU","D","238","FA","BOU 0<br/>@EVE 1 F","145.48","6.33","0%","0%","23","23","2,040","0","2","0","7","0","0","0","18","1","4","5","3","0","3","26","10","99","1","15","36","0","0","0","38","450"
"*03vlm*","Anthony Martial","MUN","F","239","thomas","FUL 1<br/>@MUN 2 F","143","6.81","0%","0%","21","11","960","6","2","0","12","1","13","0","3","0","20","14","0","0","0","1","0","4","14","2","10","0","1","0","8","457"
"*04rd1*","Stuart Armstrong","SOU","M","240","FA","LIV 4<br/>@SOU 4 F","140.63","4.39","0%","0%","32","14","1,376","2","1","0","18","1","7","1","21","0","28","20","6","0","9","10","3","9","21","0","6","0","0","0","34","124"
"*05opl*","Wesley Fofana","LEI/CHE","D","241","Noah B","NEW 1<br/>@CHE 1 F","140.24","8.25","26%","+1%","17","14","1,361","1","0","0","2","0","3","1","20","1","6","25","4","0","1","29","6","37","9","11","35","0","0","0","24","180"
"*068ym*","Enzo Fernandez","CHE","M","242","Noah B","NEW 1<br/>@CHE 1 F","140.17","7.79","100%","0%","18","18","1,547","0","2","0","20","0","3","0","27","0","13","22","3","0","1","16","1","11","17","2","7","0","0","0","25","263"
"*05yld*","Luis Diaz","LIV","F","243","YUM","LIV 4<br/>@SOU 4 F","139.75","8.22","5%","0%","17","11","986","4","2","0","13","0","8","2","11","0","37","24","2","0","1","6","0","1","32","0","8","0","0","0","11","342"
"*04ylt*","Chris Mepham","BOU","D","245","FA","BOU 0<br/>@EVE 1 F","139.34","5.36","0%","0%","26","24","2,195","0","0","0","4","0","4","0","22","0","3","7","7","0","0","30","10","146","2","27","53","0","0","2","52","458"
"*0327r*","Michael Keane","EVE","D","246","FA","BOU 0<br/>@EVE 1 F","138.99","11.58","71%","+3%","12","10","981","1","2","0","3","0","4","0","4","0","2","4","0","0","1","14","1","55","4","7","67","0","0","0","22","180"
"*05up6*","Raphael Varane","MUN","D","247","FA","FUL 1<br/>@MUN 2 F","138.89","5.79","0%","0%","24","22","1,910","0","0","0","4","0","4","0","9","0","1","3","1","0","0","11","1","89","5","17","42","0","0","1","22","876"
"*062ft*","Tyrell Malacia","MUN","D","248","j.l.","FUL 1<br/>@MUN 2 F","138.2","6.28","0%","0%","22","14","1,384","0","0","0","9","0","2","0","33","0","8","13","6","0","2","25","3","44","6","3","8","0","0","0","14","652"
"*02vlk*","Cesar Azpilicueta","CHE","D","249","FA","NEW 1<br/>@CHE 1 F","137.27","5.49","0%","0%","25","16","1,514","0","0","0","13","0","1","0","25","1","5","7","3","0","7","19","1","46","7","5","29","0","0","1","21","389"
"*04u41*","Mateo Kovacic","CHE","M","250","FA","NEW 1<br/>@CHE 1 F","136.12","5.04","2%","0%","27","17","1,691","1","2","0","23","0","2","0","24","0","26","12","8","0","1","19","1","16","19","1","10","0","0","0","25","326"
"*05vyj*","Evan Ferguson","BHA","F","251","DDT","BHA 1<br/>@AVL 2 F","134.25","7.07","94%","0%","19","10","934","6","2","0","11","0","17","1","3","0","20","11","1","0","0","2","0","6","7","1","9","0","0","0","12","305"
"*063u9*","Remo Freuler","NOT","M","252","FA","NOT 1<br/>@CRY 1 F","133.74","4.78","0%","0%","28","24","2,154","0","0","0","12","0","1","0","23","0","8","12","4","0","3","29","2","41","6","9","26","0","0","0","47","540"
"*03rxs*","Harry Wilson","FUL","M","253","thomas","FUL 1<br/>@MUN 2 F","133.61","4.61","98%","0%","29","13","1,070","2","3","0","12","2","4","1","13","0","15","32","1","0","1","6","0","12","12","2","4","0","2","0","15","213"
"*04tm0*","Lucas Digne","AVL","D","254","011","BHA 1<br/>@AVL 2 F","133.33","4.76","60%","-3%","28","18","1,483","1","0","0","18","0","3","0","12","0","12","23","5","0","18","18","2","39","3","5","26","0","0","1","25","272"
"*061vk*","Jaidon Anthony","BOU","F","255","FA","BOU 0<br/>@EVE 1 F","131.25","4.38","82%","+1%","30","11","1,224","3","1","0","12","0","13","0","17","0","27","12","2","0","8","10","0","15","13","3","10","0","0","0","29","144"
"*061y6*","Ryan Yates","NOT","M","256","FA","NOT 1<br/>@CRY 1 F","131.24","5.05","1%","0%","26","21","1,830","0","2","0","7","1","5","0","19","0","15","53","5","0","1","10","0","44","3","8","31","0","1","0","36","495"
"*02ljr*","Conor Coady","WOL/EVE","D","257","FA","BOU 0<br/>@EVE 1 F","130.97","5.46","0%","0%","24","23","2,093","1","1","0","4","0","3","0","9","0","2","13","2","0","1","14","2","85","0","17","25","0","0","0","28","630"
"*061va*","Boubacar Kamara","AVL","M","258","FA","BHA 1<br/>@AVL 2 F","129.87","5.41","7%","0%","24","21","1,770","0","1","0","7","0","1","0","25","0","14","31","4","0","0","19","4","23","16","12","22","0","0","0","30","416"
"*062h9*","Luis Sinisterra","LEE","F","259","FA","TOT 4<br/>@LEE 1 F","129.75","6.83","0%","0%","19","13","858","5","0","0","9","0","11","1","14","0","23","12","1","1","2","8","1","2","19","1","18","0","0","0","23","86"
"*03m3q*","Ainsley Maitland-Niles","ARS/SOU","M","260","FA","LIV 4<br/>@SOU 4 F","129.69","5.9","0%","0%","22","13","1,388","0","0","0","10","1","1","0","24","0","13","8","3","0","6","22","3","40","17","7","15","0","1","0","31","265"
"*05vys*","Lyanco","SOU","D","261","FA","LIV 4<br/>@SOU 4 F","129.4","6.16","0%","0%","21","11","1,167","1","1","0","4","0","4","0","16","0","4","10","4","0","1","20","4","61","8","25","25","0","0","0","26","26"
"*04fk8*","Victor Lindelof","MUN","D","262","DDT","FUL 1<br/>@MUN 2 F","129.23","6.46","1%","0%","20","14","1,353","0","0","0","3","0","0","0","17","0","2","4","1","0","0","21","4","63","2","9","33","0","0","0","16","540"
"*05oh2*","Thiago Alcantara","LIV","M","263","DF","LIV 4<br/>@SOU 4 F","127.88","7.1","0%","0%","18","14","1,247","0","0","0","17","0","1","0","24","0","22","25","2","0","1","21","6","12","17","3","14","0","0","0","23","237"
"*05u5d*","Boubakary Soumare","LEI","M","264","FA","WHU 1<br/>@LEI 2 F","126.09","4.85","0%","0%","26","20","1,618","0","0","0","11","0","0","0","34","0","22","22","9","0","1","33","1","26","12","4","18","0","0","0","30","459"
"*03m5c*","Ruben Loftus-Cheek","CHE","M","265","FA","NEW 1<br/>@CHE 1 F","125.91","5.04","0%","0%","25","19","1,525","0","1","0","16","0","2","0","14","0","23","34","1","0","2","12","2","22","27","2","22","0","0","1","23","352"
"*068yo*","Kamaldeen Sulemana","SOU","M","266","011","LIV 4<br/>@SOU 4 F","125.35","6.96","0%","0%","18","10","952","2","1","0","14","0","7","0","9","0","16","12","1","0","2","6","1","4","36","0","5","0","0","0","20","212"
"*04ge9*","Eddie Nketiah","ARS","F","267","011","WOL 0<br/>@ARS 5 F","125","4.17","3%","0%","30","9","1,050","4","1","0","9","1","14","1","9","0","20","25","3","0","1","1","0","6","15","1","10","0","1","0","16","278"
"*062og*","Aaron Hickey","BRF","D","268","FA","MCI 0<br/>@BRF 1 F","124.75","4.8","0%","0%","26","23","1,913","0","1","0","6","2","2","0","26","0","13","35","7","0","4","17","2","21","17","7","14","0","0","0","30","411"
"*0637b*","Orel Mangala","NOT","M","269","FA","NOT 1<br/>@CRY 1 F","122.11","4.52","0%","0%","27","20","1,536","1","1","0","3","0","3","0","20","0","9","23","3","0","1","23","5","14","15","7","11","0","0","0","24","415"
"*056at*","Jordan Zemura","BOU","D","270","FA","BOU 0<br/>@EVE 1 F","120.49","6.34","0%","0%","19","17","1,450","0","1","0","18","0","1","0","24","0","16","14","1","0","6","16","0","27","17","9","7","0","0","0","31","422"
"*06873*","Joao Felix","CHE","F","271","DF","NEW 1<br/>@CHE 1 F","120","7.5","0%","0%","16","11","931","4","0","0","7","0","16","2","7","0","8","29","1","1","1","1","0","1","22","0","3","0","0","0","15","151"
"*05u1m*","Nathan Collins","WOL","D","272","FA","WOL 0<br/>@ARS 5 F","118.84","4.57","82%","+1%","26","19","1,809","0","0","0","2","0","0","0","15","2","8","9","2","1","0","21","5","83","7","28","37","0","0","0","36","413"
"*04mup*","Trevoh Chalobah","CHE","D","273","FA","NEW 1<br/>@CHE 1 F","117.8","4.71","60%","-7%","25","18","1,594","0","0","0","4","0","2","1","20","0","5","8","4","0","2","24","1","55","7","7","31","0","0","1","24","446"
"*062oq*","Joe Ayodele-Aribo","SOU","M","274","FA","LIV 4<br/>@SOU 4 F","117.45","5.59","0%","0%","21","13","1,212","2","0","0","9","0","8","0","20","0","22","13","2","0","0","10","0","11","17","1","30","0","0","0","24","63"
"*05n3v*","Konstantinos Tsimikas","LIV","D","275","Laeka B","LIV 4<br/>@SOU 4 F","116.89","5.84","1%","0%","20","9","752","0","4","0","18","0","2","0","9","0","7","9","3","0","7","12","0","14","4","1","7","0","0","0","11","386"
"*04civ*","Scott McTominay","MUN","M","276","FA","FUL 1<br/>@MUN 2 F","115.07","4.79","0%","0%","24","10","1,136","1","0","0","8","0","6","0","19","0","19","16","8","0","1","14","1","45","13","6","34","0","0","0","20","479"
"*067zu*","Maximilian Wober","LEE","D","277","FA","TOT 4<br/>@LEE 1 F","113.74","7.11","0%","0%","16","14","1,261","0","0","0","6","0","2","0","18","0","2","1","3","0","2","27","4","64","0","14","27","0","0","0","23","180"
"*0521z*","James Justin","LEI","D","278","FA","WHU 1<br/>@LEI 2 F","113.6","8.11","32%","-5%","14","14","1,252","0","0","0","7","2","0","0","18","0","6","29","0","0","7","15","0","36","4","6","23","0","1","0","25","447"
"*061vj*","Kieffer Moore","BOU","F","279","FA","BOU 0<br/>@EVE 1 F","113.5","4.2","0%","0%","27","12","1,262","4","0","0","5","0","9","0","11","0","31","30","1","0","2","1","0","26","1","5","68","0","0","0","34","240"
"*05os4*","Rayan Ait-Nouri","WOL","D","280","FA","WOL 0<br/>@ARS 5 F","112.73","5.37","79%","-4%","21","9","1,054","1","0","0","7","0","5","0","20","0","12","11","4","0","5","9","0","24","25","0","14","0","0","1","18","405"
"*02lzn*","Theo Walcott","SOU","M","281","FA","LIV 4<br/>@SOU 4 F","112.7","5.64","0%","0%","20","13","1,116","2","2","0","15","0","8","0","6","0","12","10","1","0","4","9","1","7","12","1","9","0","0","1","30","176"
"*049tq*","Dominic Calvert-Lewin","EVE","F","282","Noah B","BOU 0<br/>@EVE 1 F","112.5","6.62","82%","0%","17","15","1,161","2","1","0","9","0","10","0","2","0","13","14","3","0","0","3","1","18","14","1","66","0","1","0","22","316"
"*02lp9*","Kyle Walker","MCI","D","283","FA","MCI 0<br/>@BRF 1 F","111.86","4.14","11%","0%","27","22","1,949","0","0","0","6","0","1","0","9","0","6","10","3","0","4","18","0","22","12","2","23","0","0","0","20","667"
"*062p5*","Levi Colwill","BHA","D","284","Noah B","BHA 1<br/>@AVL 2 F","110.8","6.52","20%","+3%","17","13","1,216","0","2","0","7","0","0","0","7","1","4","10","1","0","0","15","3","37","1","3","45","0","0","0","21","294"
"*04o82*","Curtis Jones","LIV","M","286","AUTO REL","LIV 4<br/>@SOU 4 F","108.33","6.02","19%","0%","18","12","1,023","3","1","0","14","0","5","0","17","0","29","16","2","0","2","3","0","9","11","2","3","0","0","0","15","368"
"*068a3*","Danilo","NOT","M","287","FA","NOT 1<br/>@CRY 1 F","108.3","8.33","0%","0%","13","12","972","3","2","0","9","0","4","0","7","0","8","3","1","0","0","9","0","18","14","6","4","0","0","0","17","117"
"*05opn*","Carlos Vinicius","TOT/FUL","F","289","FA","FUL 1<br/>@MUN 2 F","107.75","3.85","0%","0%","28","11","1,085","5","2","0","8","0","12","0","1","0","23","15","3","0","1","0","0","9","5","0","27","0","0","0","20","106"
"*04mqv*","Emerson","CHE/WHU","D","290","FA","WHU 1<br/>@LEI 2 F","107.12","4.87","0%","0%","22","16","1,313","1","0","1","13","0","5","0","14","1","11","15","2","0","5","15","5","29","6","4","18","0","0","0","28","228"
"*06804*","Benoit Badiashile","CHE","D","291","FA","NEW 1<br/>@CHE 1 F","105.23","9.57","1%","0%","11","10","903","1","0","0","3","0","2","0","8","0","3","6","2","0","0","16","2","33","1","2","35","0","0","0","9","360"
"*05w91*","Hwang Hee-Chan","WOL","F","292","j.l.","WOL 0<br/>@ARS 5 F","103.5","3.83","3%","0%","27","12","1,106","3","1","0","10","1","7","0","9","0","20","19","1","0","2","5","0","4","12","2","7","0","0","0","18","334"
"*0687c*","Carlos Alcaraz","SOU","M","293","FA","LIV 4<br/>@SOU 4 F","102.42","5.69","23%","0%","18","13","1,019","4","2","0","5","0","10","1","5","0","24","17","3","0","0","1","0","11","13","5","7","0","0","0","25","105"
"*02lv9*","James Milner","LIV","M","294","FA","LIV 4<br/>@SOU 4 F","102.15","3.3","1%","0%","31","7","865","0","1","0","13","0","1","0","16","0","14","15","2","0","9","12","1","12","11","2","13","0","0","0","12","396"
"*05mxb*","Hakim Ziyech","CHE","M","295","FA","NEW 1<br/>@CHE 1 F","101.66","5.65","0%","0%","18","6","637","0","3","0","15","0","3","0","12","0","13","14","1","0","10","5","0","5","14","0","0","0","0","0","7","240"
"*06329*","Manor Solomon","FUL","F","296","FA","FUL 1<br/>@MUN 2 F","101.25","5.33","1%","0%","19","4","547","4","0","0","6","0","7","0","12","0","11","4","0","0","1","5","0","2","19","0","3","0","0","0","11","49"
"*05ue7*","Frank Onyeka","BRF","M","297","FA","MCI 0<br/>@BRF 1 F","100.36","4.78","0%","0%","21","8","827","0","2","0","7","1","4","0","14","0","10","26","0","0","0","10","0","16","10","3","7","0","0","0","11","348"
"*03ysm*","Daniel Amartey","LEI","D","298","FA","WHU 1<br/>@LEI 2 F","99.98","5","0%","0%","20","18","1,606","0","0","0","5","0","2","0","8","2","4","3","1","0","0","8","2","70","1","17","34","0","0","0","27","450"
"*068n8*","Noni Madueke","CHE","F","299","Laeka B","NEW 1<br/>@CHE 1 F","99","8.25","66%","-3%","12","7","635","1","0","0","13","0","6","0","8","0","13","15","0","0","2","4","0","7","33","2","2","0","0","0","13","50"
"*05u7a*","Junior Firpo","LEE","D","300","FA","TOT 4<br/>@LEE 1 F","97.87","5.15","0%","0%","19","14","1,357","1","1","0","8","1","1","0","25","0","9","8","5","1","5","24","2","29","6","7","17","0","1","0","33","121"
"*04t95*","Oliver Skipp","TOT","M","301","FA","TOT 4<br/>@LEE 1 F","97.22","4.23","0%","0%","23","18","1,483","1","0","0","10","0","3","0","17","0","16","17","7","0","1","17","2","18","11","8","7","0","0","0","28","335"
"*03rxb*","Angelo Ogbonna","WHU","D","302","FA","WHU 1<br/>@LEI 2 F","96.73","6.05","0%","0%","16","13","1,231","0","0","0","3","0","0","0","4","1","3","4","0","0","0","17","4","73","0","7","35","0","0","0","19","360"
"*04tcc*","Jonny","WOL","D","303","FA","WOL 0<br/>@ARS 5 F","96.62","5.37","0%","0%","18","14","1,254","1","0","0","5","0","2","0","15","0","13","19","3","1","4","14","2","25","13","5","15","0","0","0","20","442"
"*068yf*","Weston McKennie","LEE","M","304","FA","TOT 4<br/>@LEE 1 F","96.5","5.08","0%","0%","19","16","1,429","0","1","0","13","0","2","0","13","0","25","5","7","0","3","22","5","26","11","3","25","0","0","0","35","90"
"*03ar4*","Adam Armstrong","SOU","F","305","FA","LIV 4<br/>@SOU 4 F","96.25","3.21","5%","0%","30","14","1,306","2","1","0","11","0","12","1","9","0","22","9","2","0","2","5","1","5","13","3","5","0","0","0","24","156"
"*05tz8*","Emmanuel Dennis","WAT/NOT","F","306","FA","NOT 1<br/>@CRY 1 F","95.75","5.04","0%","0%","19","6","697","2","2","0","7","0","7","1","11","0","25","29","3","0","2","2","0","3","16","1","13","0","0","0","17","0"
"*04io3*","Mario Lemina","SOU/WOL","M","307","FA","WOL 0<br/>@ARS 5 F","95.62","5.03","0%","0%","19","17","1,295","0","1","0","3","0","2","0","24","1","8","9","2","1","1","14","3","23","11","8","17","0","0","0","28","484"
"*05yly*","Deniz Undav","BHA","F","308","Laeka B","BHA 1<br/>@AVL 2 F","95.5","4.34","0%","0%","22","6","600","5","0","0","8","2","12","2","4","0","8","4","2","0","0","0","0","1","4","1","5","0","0","1","9","179"
"*0522r*","Moussa Djenepo","SOU","M","309","FA","LIV 4<br/>@SOU 4 F","94.51","5.91","0%","0%","16","7","691","0","2","0","9","0","2","0","11","0","7","19","1","0","4","11","1","7","19","2","3","0","0","0","14","1"
"*067yz*","Matheus Cunha","WOL","F","310","FA","WOL 0<br/>@ARS 5 F","93.75","5.51","100%","0%","17","12","957","2","0","0","7","0","7","0","4","0","13","21","1","0","0","9","0","9","26","3","7","0","0","0","12","440"
"*056iy*","Pedro Neto","WOL","F","311","FA","WOL 0<br/>@ARS 5 F","93.5","5.19","95%","-2%","18","13","960","0","0","1","20","2","3","0","6","0","13","15","1","0","6","4","0","3","18","1","0","0","1","0","15","379"
"*03eki*","Cheikhou Kouyate","CRY/NOT","M","312","FA","NOT 1<br/>@CRY 1 F","93.14","4.44","0%","0%","21","10","859","1","0","0","7","0","5","0","22","0","9","12","3","0","0","10","1","23","5","2","18","0","0","0","23","193"
"*061y0*","Scott McKenna","NOT","D","313","FA","NOT 1<br/>@CRY 1 F","92.73","4.64","0%","0%","20","19","1,569","0","0","0","8","0","0","0","7","0","2","4","4","0","1","12","3","83","5","14","37","0","0","0","32","450"
"*05y9n*","Lewis Hall","CHE","M","314","011","NEW 1<br/>@CHE 1 F","92.7","10.3","77%","0%","9","8","652","0","0","0","15","0","5","0","12","0","7","11","1","0","6","11","2","10","9","0","7","0","0","0","11","131"
"*05yg5*","Toti","WOL","D","315","FA","WOL 0<br/>@ARS 5 F","92.44","5.44","2%","0%","17","10","972","1","0","0","4","0","2","0","9","0","3","5","6","0","4","11","1","44","9","8","17","0","0","0","14","376"
"*063q8*","Mikkel Damsgaard","BRF","M","316","FA","MCI 0<br/>@BRF 1 F","91.6","3.52","92%","+1%","26","9","956","0","0","0","11","0","6","0","21","0","6","11","4","0","3","10","0","10","9","2","10","0","0","0","14","257"
"*04k4n*","Harry Souttar","STK/LEI","D","317","FA","WHU 1<br/>@LEI 2 F","91.25","7.6","0%","0%","12","11","991","0","1","0","3","0","2","2","9","0","0","5","2","0","0","12","3","45","3","12","38","0","0","1","19","90"
"*0435s*","Joel Matip","LIV","D","318","Laeka B","LIV 4<br/>@SOU 4 F","90.64","6.47","0%","0%","14","12","1,090","1","0","0","4","0","3","0","8","0","1","5","3","0","0","21","6","42","4","3","25","0","0","1","20","279"
"*0633p*","Gianluca Scamacca","WHU","F","319","FA","WHU 1<br/>@LEI 2 F","89.75","5.61","0%","0%","16","11","916","3","0","0","13","0","10","0","5","0","18","10","3","0","1","4","0","5","6","0","17","0","0","0","12","202"
"*05yct*","Nathan Patterson","EVE","D","320","FA","BOU 0<br/>@EVE 1 F","89.1","4.69","1%","0%","19","14","1,270","0","0","0","6","0","1","0","24","0","9","13","3","0","4","15","3","36","10","4","10","0","0","0","22","205"
"*05raa*","Hugo Bueno","WOL","D","321","FA","WOL 0<br/>@ARS 5 F","88.19","4.2","54%","-1%","21","16","1,305","0","1","0","16","0","1","0","16","0","11","7","1","0","12","10","0","30","13","1","10","0","0","0","29","162"
"*0649n*","Duje Caleta-Car","SOU","D","322","FA","LIV 4<br/>@SOU 4 F","87.75","6.75","0%","0%","13","9","938","1","0","0","1","0","2","0","10","0","2","1","2","0","0","15","1","65","2","11","19","0","0","0","15","90"
"*0328q*","Tom Cairney","FUL","M","323","FA","FUL 1<br/>@MUN 2 F","87.61","2.65","1%","0%","33","6","945","2","0","0","12","1","3","0","6","0","21","22","2","0","5","5","0","3","9","3","8","0","1","0","13","145"
"*05tr5*","Mads Roerslev","BRF","D","324","FA","MCI 0<br/>@BRF 1 F","86.79","4.34","0%","0%","20","12","1,096","0","0","0","8","0","1","0","12","0","9","3","0","0","5","9","2","32","3","5","8","0","0","0","12","519"
"*04qfo*","Neeskens Kebano","FUL","M","325","FA","FUL 1<br/>@MUN 2 F","86.2","5.07","0%","0%","17","9","752","0","3","0","13","1","2","1","9","0","12","16","0","0","5","1","0","4","9","0","2","0","0","0","10","243"
"*03yr0*","Daniel James","LEE/FUL","M","326","FA","FUL 1<br/>@MUN 2 F","85.53","3.56","18%","0%","24","7","785","2","1","1","8","0","4","2","7","0","14","20","0","0","6","3","0","6","6","1","1","0","1","0","18","93"
"*04ge8*","Reiss Nelson","ARS","F","327","FA","WOL 0<br/>@ARS 5 F","84.75","7.7","9%","0%","11","0","192","3","2","0","9","1","7","0","1","0","9","4","0","0","3","0","0","4","7","0","2","0","0","0","3","111"
"*04jyc*","Davinson Sanchez","TOT","D","328","FA","TOT 4<br/>@LEE 1 F","84.63","4.7","0%","0%","18","8","839","0","0","0","2","0","2","0","11","0","2","4","1","0","1","12","2","41","2","10","28","0","0","0","17","183"
"*02oq7*","Jack Stephens","SOU/BOU","D","329","FA","BOU 0<br/>@EVE 1 F","84.48","4.97","0%","0%","17","13","1,218","0","0","0","3","0","1","0","13","1","2","2","3","0","2","17","2","55","3","17","17","0","0","0","24","360"
"*04yim*","Christian Pulisic","CHE","M","330","FA","NEW 1<br/>@CHE 1 F","83.76","3.49","0%","0%","24","8","789","1","1","0","12","0","6","1","6","0","12","15","1","0","2","4","0","4","11","1","5","0","0","0","11","204"
"*04f6o*","Will Hughes","CRY","M","331","DDT","NOT 1<br/>@CRY 1 F","83.39","3.09","2%","0%","27","7","801","1","1","0","6","0","4","0","16","0","10","7","4","0","1","16","1","8","3","7","5","0","0","0","11","148"
"*04fyg*","Zanka","BRF","D","332","FA","MCI 0<br/>@BRF 1 F","81.72","4.54","0%","0%","18","11","1,090","0","0","0","3","1","1","0","8","0","1","4","2","0","0","16","1","39","0","12","17","0","0","1","15","399"
"*03gu4*","Harry Maguire","MUN","D","333","KFFC","FUL 1<br/>@MUN 2 F","81.09","5.07","43%","+3%","16","8","757","0","0","0","1","0","0","0","6","0","0","4","4","0","0","13","0","41","2","11","25","0","0","0","7","475"
"*02opy*","Adam Lallana","BHA","M","334","FA","BHA 1<br/>@AVL 2 F","79.57","4.97","0%","0%","16","12","712","2","1","0","14","0","5","0","4","0","11","7","0","0","2","2","0","1","3","0","8","0","0","0","10","254"
"*05m46*","Luke Thomas","LEI","D","335","FA","WHU 1<br/>@LEI 2 F","79.54","4.68","0%","0%","17","11","1,063","0","0","0","5","1","0","0","19","0","8","7","3","0","3","26","1","28","5","4","11","0","0","1","20","181"
"*067zv*","Kevin Schade","BRF","M","336","FA","MCI 0<br/>@BRF 1 F","79.43","4.41","97%","-2%","18","7","713","0","1","1","8","0","4","0","8","0","9","8","2","0","4","4","1","4","12","0","30","0","1","0","7","196"
"*060wh*","Alejandro Garnacho","MUN","M,F","337","YUM","FUL 1<br/>@MUN 2 F","79.25","4.17","28%","-1%","19","5","546","3","2","0","3","0","10","2","2","0","14","8","3","0","0","5","0","2","11","0","3","0","0","0","13","226"
"*04qfm*","Ryan Sessegnon","TOT","D","338","FA","TOT 4<br/>@LEE 1 F","79.22","4.66","25%","-1%","17","9","797","2","0","0","6","1","6","0","11","0","10","6","4","0","4","6","1","16","4","1","10","0","0","0","15","140"
"*04u6k*","Yerry Mina","EVE","D","339","YUM","BOU 0<br/>@EVE 1 F","79","11.29","0%","0%","7","7","594","2","0","0","1","0","4","0","8","0","0","10","2","0","0","6","2","28","1","4","19","0","0","0","9","90"
"*04mqu*","Aymeric Laporte","MCI","D","340","FA","MCI 0<br/>@BRF 1 F","78.91","6.58","0%","0%","12","11","991","0","0","0","5","0","1","0","8","0","0","7","0","0","0","3","1","30","2","4","24","0","0","0","10","347"
"*02yhi*","Philippe Coutinho","AVL","M","341","FA","BHA 1<br/>@AVL 2 F","78.21","3.91","0%","0%","20","7","765","1","0","0","8","0","8","1","14","0","17","14","3","0","2","4","0","1","14","1","3","0","0","0","9","222"
"*04spw*","James Garner","MUN/EVE","M","342","FA","BOU 0<br/>@EVE 1 F","77.89","4.87","84%","0%","16","7","788","0","1","0","7","0","3","0","13","0","3","10","3","0","3","12","2","13","6","1","12","0","0","0","13","215"
"*05w9r*","Takehiro Tomiyasu","ARS","D","343","FA","WOL 0<br/>@ARS 5 F","77.45","3.69","0%","0%","21","6","641","0","1","0","4","0","0","0","18","0","4","3","2","0","4","14","1","14","1","0","17","0","0","0","11","196"
"*04u6i*","Leander Dendoncker","WOL/AVL","M","344","FA","BHA 1<br/>@AVL 2 F","77.12","3.21","0%","0%","24","9","883","0","0","0","7","0","2","0","11","0","5","1","0","0","1","19","2","16","3","4","12","0","0","0","14","371"
"*02t1k*","Nathaniel Clyne","CRY","D","345","FA","NOT 1<br/>@CRY 1 F","76.95","3.5","1%","0%","22","19","1,635","0","0","0","7","0","0","0","16","0","3","8","3","0","5","19","0","27","5","4","6","0","0","0","23","224"
"*062h8*","Moussa Niakhate","NOT","D","346","FA","NOT 1<br/>@CRY 1 F","76.71","5.48","0%","0%","14","14","1,158","0","0","0","1","0","3","0","9","1","1","6","1","0","0","19","6","54","0","8","19","0","0","0","21","168"
"*02m5b*","Chris Wood","NEW/NOT","F","348","FA","NOT 1<br/>@CRY 1 F","76.5","3.06","63%","-7%","25","9","797","3","0","0","6","0","5","0","4","0","11","7","0","0","0","2","0","9","1","3","42","0","0","0","9","339"
"*056mf*","Neal Maupay","BHA/EVE","F","347","FA","BOU 0<br/>@EVE 1 F","76.5","2.83","0%","0%","27","11","1,092","1","0","0","7","0","16","0","5","0","16","21","4","0","0","5","0","0","7","0","15","0","0","0","19","303"
"*04mcg*","Ben Johnson","WHU","D","349","FA","WHU 1<br/>@LEI 2 F","75.62","4.45","0%","0%","17","9","855","0","0","0","3","0","1","0","14","0","7","5","0","0","7","9","2","24","8","4","16","0","0","0","13","211"
"*03z3w*","Joe Rothwell","BOU","M","350","FA","BOU 0<br/>@EVE 1 F","74.39","3.72","0%","0%","20","12","1,002","0","1","0","8","0","2","0","13","0","4","3","2","0","1","9","0","7","16","3","1","0","0","0","15","283"
"*0632a*","Sekou Mara","SOU","F","351","FA","LIV 4<br/>@SOU 4 F","74.25","3.38","0%","0%","22","4","521","1","2","0","6","0","5","0","10","0","18","6","1","0","0","1","0","5","13","0","25","0","0","0","10","69"
"*062x7*","Rico Lewis","MCI","D","352","011","MCI 0<br/>@BRF 1 F","74.16","5.3","6%","0%","14","10","897","0","0","0","12","0","2","0","9","0","13","18","1","0","3","6","2","12","8","4","0","0","0","0","8","212"
"*068a1*","Mykhailo Mudryk","CHE","M","353","FA","NEW 1<br/>@CHE 1 F","73.75","4.92","1%","0%","15","7","643","0","2","0","10","0","5","0","9","0","11","12","1","0","4","0","0","2","13","1","5","0","0","0","10","90"
"*068ye*","Matias Vina","BOU","D","356","FA","BOU 0<br/>@EVE 1 F","72.72","6.06","0%","0%","12","5","446","2","0","0","2","0","6","0","11","0","6","11","1","0","0","4","0","17","10","1","4","0","0","0","10","95"
"*04qrc*","Raul Jimenez","WOL","F","357","FA","WOL 0<br/>@ARS 5 F","72.5","4.83","86%","-5%","15","8","832","0","1","0","9","1","9","0","6","0","14","14","0","0","2","0","0","7","5","0","24","0","0","0","18","205"
"*061z3*","Fabio Vieira","ARS","M","358","FA","WOL 0<br/>@ARS 5 F","72.23","3.28","0%","0%","22","3","479","1","2","0","12","0","2","0","4","0","8","5","0","0","4","4","0","2","6","0","3","0","0","0","5","246"
"*05749*","Kieran Tierney","ARS","D","359","FA","WOL 0<br/>@ARS 5 F","71.1","2.63","0%","0%","27","6","754","0","1","0","4","0","2","0","11","0","0","9","0","0","3","11","0","20","3","2","6","0","0","0","10","205"
"*05opj*","Elliot Anderson","NEW","M","360","FA","NEW 1<br/>@CHE 1 F","70.56","3.21","99%","0%","22","3","380","0","1","0","9","0","4","1","5","0","10","10","0","0","4","6","1","1","10","2","11","0","0","0","7","118"
"*068yn*","Marcel Sabitzer","MUN","M","361","FA","FUL 1<br/>@MUN 2 F","70.18","6.38","0%","0%","11","7","618","0","1","0","10","0","3","0","8","0","5","10","1","0","1","8","0","11","1","2","13","0","0","0","7","399"
"*04qr0*","Willy Boly","WOL/NOT","D","362","DDT","NOT 1<br/>@CRY 1 F","69.93","6.36","0%","0%","11","9","681","0","1","0","1","0","1","0","6","0","0","5","2","0","0","12","3","45","1","4","15","0","0","0","10","280"
"*03srm*","N'Golo Kante","CHE","M","363","DF","NEW 1<br/>@CHE 1 F","69.51","9.93","0%","0%","7","6","516","0","1","0","13","0","1","0","10","0","5","2","1","0","3","6","1","2","12","0","2","0","0","0","7","159"
"*0372y*","Matt Targett","NEW","D","364","KFFC","NEW 1<br/>@CHE 1 F","69.34","4.08","0%","0%","17","6","590","0","0","0","10","0","0","0","10","0","6","3","1","0","3","9","0","13","2","3","11","0","0","0","6","199"
"*05ylv*","Wout Weghorst","BUR/MUN","F","366","FA","FUL 1<br/>@MUN 2 F","67.5","3.97","0%","0%","17","10","783","0","1","0","14","0","5","0","5","0","12","9","1","0","0","7","0","9","4","2","16","0","0","0","11","300"
"*05tr2*","Pontus Jansson","BRF","D","367","FA","MCI 0<br/>@BRF 1 F","67.33","5.61","0%","0%","12","9","721","1","0","0","0","0","2","0","3","0","1","1","0","0","0","9","2","38","2","9","25","0","0","0","14","165"
"*05uhw*","Samuel Edozie","MCI/SOU","F","368","FA","LIV 4<br/>@SOU 4 F","66.75","3.93","0%","0%","17","5","542","0","0","0","8","0","3","0","10","0","12","22","0","0","2","6","1","6","12","0","6","0","1","0","9","0"
"*03rvw*","Harry Toffolo","NOT","D","369","FA","NOT 1<br/>@CRY 1 F","64.93","3.42","0%","0%","19","9","925","0","0","0","5","0","2","0","8","1","6","5","2","0","5","10","1","30","3","8","13","0","0","0","17","111"
"*068yr*","Hamed Traore","BOU","M","370","FA","BOU 0<br/>@EVE 1 F","64.39","9.2","1%","0%","7","5","423","0","0","1","14","0","0","0","11","0","13","4","0","0","4","2","0","1","16","0","3","0","0","0","8","80"
"*05trd*","Shandon Baptiste","BRF","M","371","FA","MCI 0<br/>@BRF 1 F","64.38","2.8","0%","0%","23","4","580","0","1","0","10","1","1","0","9","0","8","12","1","1","3","7","1","10","6","2","6","0","0","0","6","192"
"*05r4r*","Sam Greenwood","LEE","F","372","FA","TOT 4<br/>@LEE 1 F","63.5","3.53","0%","0%","18","3","398","1","2","0","13","0","2","0","7","0","7","3","1","0","3","1","0","0","3","2","1","0","0","0","11","9"
"*068ya*","Tete","LEI","F","373","FA","WHU 1<br/>@LEI 2 F","63","4.85","0%","0%","13","9","728","1","0","0","6","0","2","0","8","0","13","17","0","0","1","2","0","2","20","0","5","0","0","0","15","0"
"*043by*","Nampalys Mendy","LEI","M","374","FA","WHU 1<br/>@LEI 2 F","61.85","3.26","0%","0%","19","7","737","1","0","0","2","0","1","0","9","0","1","10","1","0","0","13","3","2","7","4","4","0","0","0","13","99"
"*04u6q*","Caglar Soyuncu","LEI","D","375","FA","WHU 1<br/>@LEI 2 F","61","8.71","0%","0%","7","6","527","1","0","0","1","0","2","0","9","0","0","4","2","0","0","7","1","29","1","8","24","0","0","0","13","0"
"*068yd*","Joao Gomes","WOL","M","376","FA","WOL 0<br/>@ARS 5 F","60.03","5.46","43%","-2%","11","7","644","1","0","0","5","0","2","0","13","0","5","16","5","0","1","4","0","11","8","3","7","0","0","0","18","183"
"*03ekk*","Diego Costa","CHE/WOL","F","378","FA","WOL 0<br/>@ARS 5 F","59.75","2.6","0%","0%","23","16","1,225","1","0","0","11","0","15","0","1","0","26","10","5","1","0","2","0","17","5","1","30","0","0","0","17","412"
"*04sft*","Yves Bissouma","TOT","M","379","FA","TOT 4<br/>@LEE 1 F","59.34","2.58","2%","0%","23","10","986","0","0","0","8","0","0","0","13","0","8","10","6","0","1","12","3","10","7","6","6","0","0","0","20","121"
"*051ki*","Ben Godfrey","EVE","D","380","FA","BOU 0<br/>@EVE 1 F","59.1","4.55","0%","0%","13","10","796","0","1","0","3","0","1","0","11","1","3","5","2","0","1","8","2","31","3","6","15","0","0","0","18","98"
"*02ln2*","Jonny Evans","LEI","D","381","FA","WHU 1<br/>@LEI 2 F","58.75","4.52","0%","0%","13","12","1,051","0","0","0","1","0","1","0","5","0","0","7","1","0","0","18","6","49","0","11","26","0","0","0","28","152"
"*068n9*","Victor Kristiansen","LEI","D","382","FA","WHU 1<br/>@LEI 2 F","58.5","4.88","0%","0%","12","11","890","0","1","0","7","0","0","0","23","0","10","9","2","0","4","3","0","22","7","4","9","0","0","0","21","0"
"*062p0*","Stefan Bajcetic","LIV","M","383","FA","LIV 4<br/>@SOU 4 F","56.52","5.14","1%","0%","11","6","516","1","0","0","4","0","3","0","6","0","6","9","2","0","1","9","0","4","7","0","9","0","0","0","4","340"
"*04qfy*","Ricardo Pereira","LEI","D","384","FA","WHU 1<br/>@LEI 2 F","56.5","5.65","0%","0%","10","5","448","1","1","0","7","0","1","0","7","0","3","4","2","0","4","4","1","18","5","2","5","0","0","0","11","0"
"*03r8i*","Steve Cook","NOT","D","385","FA","NOT 1<br/>@CRY 1 F","54.94","4.58","0%","0%","12","11","954","0","0","0","3","0","0","0","4","0","2","2","4","0","1","12","0","50","1","11","27","0","0","0","21","190"
"*05r8o*","Jean-Philippe Mateta","CRY","F","386","FA","NOT 1<br/>@CRY 1 F","54","1.86","93%","-2%","29","6","727","2","0","0","5","0","7","1","1","0","18","8","3","0","1","3","0","18","3","1","26","0","0","0","10","202"
"*068a7*","Pablo Sarabia","WOL","M","387","FA","WOL 0<br/>@ARS 5 F","53.74","4.13","0%","0%","13","9","763","1","0","0","11","0","5","0","6","0","14","8","3","0","5","2","0","4","2","0","3","0","0","0","9","202"
"*067yu*","Facundo Buonanotte","BHA","M","389","DDT","BHA 1<br/>@AVL 2 F","52.75","4.06","2%","0%","13","6","553","1","1","0","6","0","3","0","1","0","2","7","2","0","3","4","0","2","7","2","2","0","0","0","12","135"
"*05ojh*","Diego Llorente","LEE","D","390","FA","TOT 4<br/>@LEE 1 F","52.75","6.59","0%","0%","8","7","647","0","0","0","0","0","0","0","10","0","1","2","1","0","0","15","4","24","2","2","18","0","0","0","12","90"
"*05795*","Dennis Praet","LEI","M","391","FA","WHU 1<br/>@LEI 2 F","52.7","2.4","0%","0%","22","6","619","1","0","0","3","1","2","0","9","0","10","8","1","0","2","5","2","5","6","2","1","0","0","0","10","176"
"*05ojf*","Fabio Carvalho","LIV","M","392","FA","LIV 4<br/>@SOU 4 F","52.6","4.05","4%","0%","13","4","331","2","0","0","1","1","4","0","8","0","15","6","0","0","1","6","1","0","2","0","4","0","0","0","3","167"
"*04mlb*","Lewis O'Brien","NOT","M","393","FA","NOT 1<br/>@CRY 1 F","52.49","4.04","0%","0%","13","6","572","1","0","0","4","0","2","0","9","0","7","15","2","0","0","5","1","8","7","2","2","0","0","0","14","112"
"*02lni*","Jesse Lingard","NOT","M","394","FA","NOT 1<br/>@CRY 1 F","50.78","2.99","0%","0%","17","12","913","0","0","0","11","1","2","0","4","0","10","9","1","0","1","5","0","4","6","0","1","0","0","0","17","318"
"*05ue3*","Albert Sambi Lokonga","ARS/CRY","M","395","FA","NOT 1<br/>@CRY 1 F","49.44","3.3","0%","0%","15","8","722","0","0","0","2","0","1","0","11","0","7","17","2","0","0","12","1","11","2","3","8","0","0","0","8","107"
"*05a6d*","Tariq Lamptey","BHA","D","396","FA","BHA 1<br/>@AVL 2 F","48.07","2.4","0%","0%","20","3","425","0","0","0","4","0","0","0","6","0","2","14","1","0","5","7","1","2","8","3","2","0","0","0","7","148"
"*068yp*","Paul Onuachu","SOU","F","397","FA","LIV 4<br/>@SOU 4 F","47.5","4.32","0%","0%","11","4","395","0","0","0","4","0","5","1","2","0","9","6","0","0","0","0","0","4","9","1","37","0","0","0","7","62"
"*044nm*","Rob Holding","ARS","D","398","FA","WOL 0<br/>@ARS 5 F","46.61","3.33","0%","0%","14","6","558","1","0","0","0","0","2","0","5","1","0","2","0","0","0","3","0","26","1","5","22","0","0","0","13","8"
"*068sd*","Jakub Kiwior","ARS","D","399","FA","WOL 0<br/>@ARS 5 F","46.25","6.61","1%","0%","7","5","423","1","0","0","1","0","1","0","5","0","0","1","0","0","0","6","0","10","1","3","8","0","0","0","6","169"
"*02lpu*","Adam Forshaw","LEE","M","400","FA","TOT 4<br/>@LEE 1 F","46.06","3.84","0%","0%","12","5","468","0","0","0","8","0","0","0","9","0","8","5","0","0","4","4","0","2","8","1","2","0","0","0","13","73"
"*05os3*","Ibrahima Diallo","SOU","M","401","FA","LIV 4<br/>@SOU 4 F","45.28","2.52","0%","0%","18","11","806","0","0","0","4","0","0","0","15","0","9","7","4","0","0","6","1","11","8","1","15","0","0","0","19","3"
"*05uel*","Kristoffer Ajer","BRF","D","402","FA","MCI 0<br/>@BRF 1 F","44.5","4.94","6%","+1%","9","9","763","0","0","0","1","0","0","0","8","1","8","8","0","0","1","7","2","17","0","5","15","0","0","0","14","321"
"*05re5*","Carney Chukwuemeka","CHE","M","404","FA","NEW 1<br/>@CHE 1 F","44.25","3.16","0%","0%","14","2","330","0","0","0","8","0","1","0","7","0","3","5","0","0","2","6","0","1","5","0","1","0","0","0","7","113"
"*05l8q*","Cole Palmer","MCI","M","405","Laeka B","MCI 0<br/>@BRF 1 F","43.32","3.09","100%","0%","14","2","348","0","1","0","5","0","4","0","1","0","8","6","1","0","2","1","0","2","14","1","1","0","0","0","4","164"
"*03v6s*","Mason Holgate","EVE","D","406","FA","BOU 0<br/>@EVE 1 F","40.51","5.06","0%","0%","8","5","504","0","0","0","6","0","1","0","7","0","0","4","1","1","1","7","0","26","1","3","9","0","0","0","9","79"
"*0689w*","Georginio Rutter","LEE","F","408","FA","TOT 4<br/>@LEE 1 F","39.5","3.59","49%","-3%","11","1","253","0","1","0","4","0","0","0","9","0","14","6","0","0","0","3","0","3","9","0","11","0","0","0","9","14"
"*05ogb*","Anthony Elanga","MUN","F","407","FA","FUL 1<br/>@MUN 2 F","39.5","2.47","36%","-1%","16","5","409","0","1","0","6","0","4","1","0","0","7","7","0","0","1","2","0","3","5","0","8","0","0","0","2","244"
"*04ami*","Luka Milivojevic","CRY","M","409","FA","NOT 1<br/>@CRY 1 F","39.28","2.18","0%","0%","18","5","488","0","0","0","2","0","0","0","7","0","6","3","2","0","2","12","4","10","1","4","6","0","0","0","7","138"
"*05gvx*","Armando Broja","CHE","F","410","FA","NEW 1<br/>@CHE 1 F","38.5","3.21","2%","0%","12","2","277","1","0","0","1","1","5","0","1","0","9","6","0","0","0","1","0","1","6","1","9","0","1","0","5","93"
"*02m5i*","Jack Colback","NOT","M","411","FA","NOT 1<br/>@CRY 1 F","37.52","3.41","0%","0%","11","4","487","0","0","0","2","0","0","0","13","0","1","8","0","0","1","3","1","7","3","0","4","0","0","0","11","137"
"*062hb*","Flynn Downes","WHU","M","412","FA","WHU 1<br/>@LEI 2 F","36.73","1.75","0%","0%","21","7","742","0","0","0","2","0","1","0","9","0","6","12","2","0","0","7","2","4","1","2","9","0","0","0","14","156"
"*04mqy*","Pierre-Emerick Aubameyang","ARS/CHE","F","413","FA","NEW 1<br/>@CHE 1 F","36.25","2.42","0%","0%","15","5","537","1","0","0","4","0","7","0","0","0","4","1","1","0","1","2","1","4","3","0","3","0","0","0","8","106"
"*02lz9*","Alex Oxlade-Chamberlain","LIV","M","414","FA","LIV 4<br/>@SOU 4 F","35.5","3.94","0%","0%","9","4","327","1","0","0","5","0","3","0","4","0","10","4","0","0","0","1","0","3","4","2","1","0","0","0","7","0"
"*0635j*","Chris Richards","CRY","D","415","FA","NOT 1<br/>@CRY 1 F","35.5","3.94","89%","-1%","9","4","439","0","0","0","1","0","0","0","6","0","2","1","0","0","0","8","0","30","0","1","14","0","0","0","11","90"
"*035n1*","Bertrand Traore","AVL","M,F","416","FA","BHA 1<br/>@AVL 2 F","33.25","4.16","1%","0%","8","1","219","2","0","0","1","0","3","0","1","0","7","8","1","0","3","2","0","0","1","0","2","0","0","0","1","97"
"*063w0*","Sergio Gomez","MCI","M","417","FA","MCI 0<br/>@BRF 1 F","31.9","2.66","0%","0%","12","2","331","0","1","0","5","0","0","0","4","0","3","2","0","0","1","2","0","8","0","3","3","0","0","0","6","126"
"*052cc*","Billy Gilmour","CHE/BHA","M","418","FA","BHA 1<br/>@AVL 2 F","31.6","2.26","0%","0%","14","7","499","0","1","0","2","0","1","1","2","0","5","3","1","0","0","6","1","5","2","2","5","0","0","0","8","279"
"*05w7t*","Pape Sarr","TOT","M","419","FA","TOT 4<br/>@LEE 1 F","31.27","2.84","16%","0%","11","2","204","0","1","0","2","0","0","0","6","1","2","3","1","0","0","6","1","6","1","2","3","0","0","0","11","24"
"*040ah*","Tom Davies","EVE","M","420","FA","BOU 0<br/>@EVE 1 F","30.98","1.63","0%","0%","19","4","511","0","0","0","2","0","2","1","9","0","4","6","3","0","0","4","2","7","2","1","7","0","0","0","9","88"
"*02lkm*","Jonjo Shelvey","NEW/NOT","M","421","FA","NOT 1<br/>@CRY 1 F","29.32","2.67","0%","0%","11","6","567","0","0","0","6","0","0","0","1","0","4","1","2","0","4","5","1","10","4","2","4","0","0","0","11","6"
"*064a1*","Boubacar Traore","WOL","M","422","FA","WOL 0<br/>@ARS 5 F","29.08","2.91","0%","0%","10","4","397","0","1","0","1","0","0","0","5","0","3","2","2","0","0","7","1","1","4","2","7","0","0","0","9","7"
"*04mqz*","Lucas Moura","TOT","M","423","FA","TOT 4<br/>@LEE 1 F","28.27","1.88","0%","0%","15","0","136","1","0","0","4","0","1","0","5","0","5","3","0","1","1","2","0","0","5","0","5","0","0","0","4","2"
"*04sat*","Emile Smith Rowe","ARS","M","424","FA","WOL 0<br/>@ARS 5 F","27.91","2.33","33%","+2%","12","0","152","0","2","0","6","0","1","0","1","0","4","0","0","0","0","0","0","1","2","0","0","0","0","0","5","37"
"*02t1j*","Calum Chambers","AVL","D","425","FA","BHA 1<br/>@AVL 2 F","27.65","1.97","0%","0%","14","2","336","0","0","0","2","0","0","0","6","0","1","2","2","0","1","7","0","10","0","4","3","0","0","0","4","99"
"*05x9k*","Jeremy Sarmiento","BHA","F","426","FA","BHA 1<br/>@AVL 2 F","27.5","3.06","0%","0%","9","1","160","0","1","0","2","1","2","0","3","0","7","4","1","0","2","1","0","0","6","0","0","0","0","0","2","45"
"*05n03*","Kalvin Phillips","MCI","M","427","thomas","MCI 0<br/>@BRF 1 F","26.45","2.2","0%","0%","12","2","283","0","0","0","3","0","0","1","4","0","1","2","1","0","0","5","0","8","1","3","5","0","0","0","3","108"
"*04rhe*","Naby Keita","LIV","M","429","FA","LIV 4<br/>@SOU 4 F","25.45","3.18","0%","0%","8","3","287","0","0","0","8","0","0","0","4","0","7","2","1","0","0","2","0","3","3","0","3","0","0","0","4","108"
"*068yt*","Sasa Lukic","FUL","M","430","FA","FUL 1<br/>@MUN 2 F","25.14","2.1","12%","+1%","12","4","400","0","0","0","0","0","1","0","3","0","1","10","1","0","1","5","1","3","4","2","4","0","0","0","10","13"
"*062p3*","Keane Lewis-Potter","BRF","F","431","FA","MCI 0<br/>@BRF 1 F","25","2.5","39%","0%","10","3","308","0","1","0","5","0","2","0","0","0","8","4","0","0","1","0","0","2","4","1","4","0","0","0","4","1"
"*03r9c*","Cedric Soares","ARS/FUL","D","432","FA","FUL 1<br/>@MUN 2 F","24.99","3.12","0%","0%","8","2","219","0","0","0","2","0","0","0","5","0","2","2","0","0","5","1","1","6","2","1","2","0","0","0","3","28"
"*068y0*","Antoine Semenyo","BOU","F","435","FA","BOU 0<br/>@EVE 1 F","24.5","2.23","100%","0%","11","2","242","1","0","0","2","0","1","0","0","0","6","5","0","0","0","2","0","4","3","1","9","0","0","0","6","33"
"*05n3u*","Joe Gelhardt","LEE","F","434","FA","TOT 4<br/>@LEE 1 F","24.5","1.63","0%","0%","15","1","192","0","2","0","2","0","2","0","2","0","7","8","1","0","0","0","0","4","1","0","5","0","0","0","3","13"
"*03r8r*","Ryan Fraser","NEW","M","436","FA","NEW 1<br/>@CHE 1 F","24.37","3.05","0%","0%","8","3","303","0","0","0","5","0","1","0","2","0","1","10","1","0","3","0","0","2","1","1","1","0","0","0","3","123"
"*0522a*","James Bree","AVL/SOU","D","437","FA","LIV 4<br/>@SOU 4 F","23","4.6","0%","0%","5","4","365","0","0","0","4","0","1","0","3","0","2","0","1","0","4","6","0","11","2","1","9","0","0","0","12","0"
"*05m9r*","Ellis Simms","EVE","F","439","FA","BOU 0<br/>@EVE 1 F","23","2.09","0%","0%","11","2","210","1","0","0","2","0","1","0","0","0","2","1","0","0","1","0","0","1","2","0","11","0","0","0","4","10"
"*03wpc*","Sam Surridge","NOT","F","440","FA","NOT 1<br/>@CRY 1 F","22.5","1.12","0%","0%","20","1","291","1","0","0","1","0","2","0","0","0","4","10","2","0","0","0","0","7","2","2","13","0","0","0","5","93"
"*02rn6*","James Tomkins","CRY","D","441","FA","NOT 1<br/>@CRY 1 F","21.54","3.59","0%","0%","6","3","333","1","0","0","0","0","2","0","2","0","1","1","1","1","0","5","0","19","1","2","6","0","0","0","8","1"
"*055sf*","Arnaut Danjuma Groeneveld","BOU/TOT","M,F","442","FA","TOT 4<br/>@LEE 1 F","21.51","2.39","0%","0%","9","1","156","1","0","0","1","0","3","0","0","0","3","1","0","0","2","0","0","0","3","0","1","0","0","0","5","1"
"*05trk*","Saman Ghoddos","BRF","F","443","FA","MCI 0<br/>@BRF 1 F","21.5","1.43","0%","0%","15","0","110","0","0","0","4","0","1","0","1","0","1","3","0","0","1","4","1","2","0","1","5","0","0","0","5","29"
"*061vg*","Siriki Dembele","BOU","M","445","FA","BOU 0<br/>@EVE 1 F","19.25","3.21","0%","0%","6","0","98","0","0","0","4","0","2","0","1","0","5","2","0","0","2","1","0","1","4","0","0","0","0","0","2","0"
"*03sd5*","Manuel Lanzini","WHU","M","446","FA","WHU 1<br/>@LEI 2 F","19.07","1.91","0%","0%","10","2","236","1","0","0","1","0","1","0","2","0","3","2","0","0","0","2","0","0","1","0","1","0","0","0","5","6"
"*05w90*","Maxwel Cornet","BUR/WHU","M","447","FA","WHU 1<br/>@LEI 2 F","19.02","1.36","17%","0%","14","2","222","0","0","0","1","0","2","1","3","0","5","2","0","0","1","2","0","3","2","0","6","0","0","0","5","47"
"*05oh0*","Jan-Paul van Hecke","BHA","D","448","FA","BHA 1<br/>@AVL 2 F","18.29","2.29","86%","0%","8","3","287","0","0","0","0","0","0","0","6","0","0","4","2","0","0","6","0","9","0","5","6","0","0","0","7","1"
"*03pih*","Kevin Mbabu","FUL","D","449","FA","FUL 1<br/>@MUN 2 F","17.79","2.97","0%","0%","6","1","137","0","1","0","2","0","0","0","2","0","2","0","1","0","3","3","0","2","4","0","2","0","0","0","7","1"
"*064a3*","Denis Zakaria","CHE","M","450","FA","NEW 1<br/>@CHE 1 F","17.63","2.52","0%","0%","7","5","407","0","0","0","1","0","0","0","5","0","9","2","0","0","0","3","0","8","5","1","0","0","0","0","5","102"
"*067z4*","David Datro Fofana","CHE","F","452","FA","NEW 1<br/>@CHE 1 F","16.25","5.42","0%","0%","3","1","66","0","0","0","3","0","2","0","1","0","3","3","0","0","0","0","0","0","5","0","0","0","0","0","1","14"
"*064a2*","Juan Larios","SOU","D","453","FA","LIV 4<br/>@SOU 4 F","15.79","3.16","0%","0%","5","2","148","0","0","0","0","0","0","0","6","0","2","0","0","0","1","3","1","3","3","0","2","0","0","0","2","1"
"*068se*","Jhon Duran","AVL","F","457","FA","BHA 1<br/>@AVL 2 F","14.5","1.21","0%","0%","12","0","116","0","0","0","1","0","2","1","2","0","3","3","1","0","0","2","0","2","1","0","7","0","0","0","4","6"
"*03rlg*","Andre Ayew","SWA/NOT","F","458","FA","NOT 1<br/>@CRY 1 F","13.75","1.06","0%","0%","13","1","297","0","0","0","1","0","2","0","3","0","4","8","1","0","0","0","0","7","1","1","14","1","0","0","10","1"
"*068yi*","Illia Zabarnyi","BOU","D","459","FA","BOU 0<br/>@EVE 1 F","13.43","2.69","2%","0%","5","3","295","0","0","0","0","0","0","0","2","0","2","2","0","0","0","3","1","14","1","2","1","0","0","0","5","21"
"*05o2l*","Donny van de Beek","MUN","M","461","FA","FUL 1<br/>@MUN 2 F","11.85","1.69","0%","0%","7","2","158","0","0","0","3","0","0","0","0","0","2","2","0","0","0","1","0","1","1","1","3","0","0","0","3","77"
"*02lof*","Ryan Fredericks","BOU","D","462","FA","BOU 0<br/>@EVE 1 F","11.54","0.96","0%","0%","12","5","521","0","0","0","1","0","0","0","2","0","3","1","1","0","1","1","0","26","1","2","5","0","0","0","11","29"
"*067yx*","Gustavo Scarpa","NOT","M","463","FA","NOT 1<br/>@CRY 1 F","11.3","1.88","0%","0%","6","2","174","0","0","0","1","0","1","0","2","0","0","8","1","0","0","0","0","2","1","0","1","0","0","0","1","72"
"*061vf*","Ben Pearson","BOU","M","464","FA","BOU 0<br/>@EVE 1 F","10.8","1.54","0%","0%","7","3","279","0","0","0","0","0","1","0","3","0","0","2","1","0","0","2","1","4","0","0","2","0","0","0","10","72"
"*03tip*","Salomon Rondon","EVE","F","465","FA","BOU 0<br/>@EVE 1 F","10","1.43","0%","0%","7","1","99","0","0","0","2","0","1","0","0","0","1","0","0","0","0","0","0","0","1","1","7","0","0","0","2","1"
"*061v9*","Diego Carlos","AVL","D","466","FA","BHA 1<br/>@AVL 2 F","9.75","3.25","0%","0%","3","2","202","0","0","0","1","0","0","0","0","0","0","0","0","0","0","1","0","2","0","2","6","0","0","0","3","0"
"*04tsd*","Japhet Tanganga","TOT","D","467","FA","TOT 4<br/>@LEE 1 F","9.5","2.38","0%","0%","4","2","144","0","0","0","0","0","0","0","2","0","1","3","0","0","1","2","0","6","1","0","6","0","0","0","5","0"
"*04rh9*","David Brooks","BOU","M","468","FA","BOU 0<br/>@EVE 1 F","9","1.5","8%","0%","6","2","167","0","0","0","2","0","1","0","0","0","4","1","1","0","0","2","0","4","2","0","2","0","0","0","4","0"
"*03r8t*","Matt Ritchie","NEW","D","469","FA","NEW 1<br/>@CHE 1 F","8.29","1.18","0%","0%","7","0","31","0","0","0","1","0","0","0","1","0","0","0","0","0","1","1","1","0","1","0","1","0","0","0","0","1"
"*068yc*","Yasin Ayari","BHA","M","470","DDT","BHA 1<br/>@AVL 2 F","8.2","2.73","30%","-3%","3","1","63","0","0","0","2","0","0","0","2","0","0","3","0","0","0","0","0","0","0","0","0","0","0","0","2","18"
"*04rxe*","Nathaniel Phillips","LIV","D","471","FA","LIV 4<br/>@SOU 4 F","8","4","0%","0%","2","1","64","0","0","0","0","0","0","0","1","0","0","0","0","0","0","2","0","1","0","0","4","0","0","0","1","0"
"*05292*","Jack Stacey","BOU","D","472","FA","BOU 0<br/>@EVE 1 F","8","0.8","0%","0%","10","3","289","0","0","0","0","0","0","0","4","0","4","0","2","0","1","5","1","12","2","1","5","0","0","0","10","0"
"*05s08*","Valentino Livramento","SOU","D","473","FA","LIV 4<br/>@SOU 4 F","7.5","3.75","42%","-1%","2","0","24","0","0","0","0","0","0","0","1","0","0","2","0","0","0","2","0","3","2","0","0","0","0","0","0","0"
"*061vo*","Jay Stansfield","FUL","F","475","FA","FUL 1<br/>@MUN 2 F","6.75","2.25","0%","0%","3","1","83","0","0","0","1","1","0","0","0","0","2","1","0","0","0","1","0","1","0","1","0","0","0","0","2","6"
"*03pig*","Jamaal Lascelles","NEW","D","477","FA","NEW 1<br/>@CHE 1 F","5.56","0.79","0%","0%","7","2","210","0","0","0","0","0","0","0","0","0","0","2","2","0","0","0","0","17","0","2","6","0","0","0","5","7"
"*06byb*","Samuel Amo-Ameyaw","SOU","F","478","FA","LIV 4<br/>@SOU 4 F","5","5","0%","0%","1","0","2","0","0","0","1","0","0","0","0","0","0","0","0","0","0","0","0","0","3","0","0","0","0","0","0","0"
"*066ni*","Thomas Cannon","EVE","F","479","FA","BOU 0<br/>@EVE 1 F","5","2.5","0%","0%","2","0","21","0","0","0","1","0","1","0","0","0","0","2","0","0","0","0","0","0","0","0","0","0","0","0","1","0"
"*03hvn*","Javier Manquillo","NEW","D","480","FA","NEW 1<br/>@CHE 1 F","5","1.25","0%","0%","4","0","31","0","0","0","0","0","0","0","2","0","0","0","0","0","1","1","0","1","0","0","0","0","0","0","1","0"
"*0645x*","Divin Mubama","WHU","F","481","FA","WHU 1<br/>@LEI 2 F","4.75","1.58","0%","0%","3","0","34","0","0","0","1","0","0","0","1","0","2","1","0","0","0","0","0","0","1","0","2","0","0","0","0","0"
"*04qr3*","Ruben Vinagre","EVE","D","482","FA","BOU 0<br/>@EVE 1 F","4.75","2.38","0%","0%","2","0","22","0","0","0","0","0","0","0","2","0","1","3","0","0","0","0","0","1","1","0","0","0","0","0","0","0"
"*062dp*","Giulian Biancone","NOT","D","483","FA","NOT 1<br/>@CRY 1 F","4.63","2.32","0%","0%","2","0","14","0","0","0","0","0","0","0","1","0","0","0","0","0","0","1","0","0","0","0","2","0","0","0","1","3"
"*02rn4*","Junior Stanislas","BOU","M","484","FA","BOU 0<br/>@EVE 1 F","4.51","1.13","0%","0%","4","0","55","0","0","0","2","0","0","0","0","0","1","0","0","0","0","0","0","0","0","1","0","0","0","0","1","1"
"*04gyz*","Jairo Riedewald","CRY","M","485","FA","NOT 1<br/>@CRY 1 F","4.28","0.71","0%","0%","6","0","56","0","0","0","0","0","0","0","1","0","0","1","0","0","0","0","0","4","0","0","2","0","0","0","0","48"
"*05ou8*","Facundo Pellistri","MUN","M","486","FA","FUL 1<br/>@MUN 2 F","4.17","1.04","0%","0%","4","0","56","0","0","0","0","0","0","0","1","0","1","2","0","0","0","0","0","1","2","0","0","0","0","0","1","15"
"*05roa*","Cody Drameh","LEE","D","487","FA","TOT 4<br/>@LEE 1 F","4","4","0%","0%","1","1","69","0","0","0","0","0","0","0","4","0","1","0","0","0","0","1","0","1","1","0","1","0","0","0","3","0"
"*02lla*","James McArthur","CRY","M","488","FA","NOT 1<br/>@CRY 1 F","3.84","0.96","0%","0%","4","0","47","0","0","0","0","0","0","0","1","0","3","1","0","0","0","1","0","1","1","1","0","0","0","0","0","8"
"*062ck*","Malcolm Ebiowei","CRY","M,F","489","FA","NOT 1<br/>@CRY 1 F","3.75","1.25","0%","0%","3","0","29","0","0","0","0","0","0","0","1","0","0","1","0","0","0","0","0","0","2","0","0","0","0","0","1","0"
"*05u44*","Halil Dervisoglu","BRF","F","490","FA","MCI 0<br/>@BRF 1 F","3.5","3.5","0%","0%","1","0","6","0","0","0","0","1","0","0","0","0","1","0","0","0","0","0","0","0","0","0","0","0","0","0","0","0"
"*0649l*","Layvin Kurzawa","FUL","D","491","FA","FUL 1<br/>@MUN 2 F","3.04","1.01","0%","0%","3","2","136","0","0","0","0","0","0","0","2","0","1","0","1","0","1","2","0","2","2","1","0","0","0","0","4","1"
"*062z5*","Joseph Hodge","WOL","M","492","FA","WOL 0<br/>@ARS 5 F","3.01","0.5","0%","0%","6","1","170","0","0","0","1","0","0","0","2","0","2","1","1","0","0","0","0","2","0","0","1","0","0","0","5","1"
"*066nn*","Ben Doak","LIV","F","496","FA","LIV 4<br/>@SOU 4 F","3","1.5","1%","0%","2","0","22","0","0","0","0","0","0","0","2","0","0","1","0","0","0","0","0","0","0","0","0","0","0","0","1","0"
"*068ys*","Naouirou Ahamada","CRY","M","493","FA","NOT 1<br/>@CRY 1 F","3","0.38","0%","0%","8","0","80","0","0","0","1","0","0","0","2","0","1","0","1","0","0","0","0","0","1","0","0","0","0","0","2","0"
"*062du*","Darko Gyabi","LEE","M","497","FA","TOT 4<br/>@LEE 1 F","3","3","0%","0%","1","0","6","0","0","0","0","0","0","0","2","0","0","1","0","0","0","0","0","0","0","0","0","0","0","0","0","0"
"*05a6j*","Chem Campbell","WOL","M,F","494","FA","WOL 0<br/>@ARS 5 F","3","0.6","0%","0%","5","0","64","0","0","0","0","0","0","0","1","0","6","1","0","0","0","1","0","0","2","0","2","0","0","0","2","0"
"*05uhq*","Shea Charles","MCI","D,M","495","FA","MCI 0<br/>@BRF 1 F","3","3","0%","0%","1","0","26","0","0","0","0","0","0","0","0","0","1","0","0","0","0","1","1","2","0","0","2","0","0","0","1","0"
"*05rkb*","Isaac Price","EVE","M","498","FA","BOU 0<br/>@EVE 1 F","3","3","0%","0%","1","0","31","0","0","0","1","0","0","0","0","0","0","0","1","0","1","0","0","0","1","1","0","0","0","0","0","0"
"*05tr4*","Mads Bech Sorensen","BRF","D","499","FA","MCI 0<br/>@BRF 1 F","2.9","0.72","0%","0%","4","0","17","0","0","0","0","0","0","0","0","0","0","0","0","0","0","1","0","1","0","0","1","0","0","0","0","9"
"*06492*","Sasa Kalajdzic","WOL","F","500","FA","WOL 0<br/>@ARS 5 F","2.25","2.25","0%","0%","1","1","45","0","0","0","0","0","0","0","0","0","0","1","0","0","0","1","0","0","0","0","1","0","0","0","0","45"
"*05r98*","Morgan Sanson","AVL","M","501","FA","BHA 1<br/>@AVL 2 F","2.25","1.12","0%","0%","2","0","9","0","0","0","0","0","0","0","1","0","0","2","0","0","0","0","0","0","0","0","0","0","0","0","1","0"
"*06awq*","George Abbott","TOT","M","502","FA","TOT 4<br/>@LEE 1 F","2","2","0%","0%","1","0","1","0","0","0","0","0","0","0","0","0","0","0","0","0","0","1","1","0","0","0","0","0","0","0","0","0"
"*03yrr*","Mohamed Elneny","ARS","M","503","FA","WOL 0<br/>@ARS 5 F","1.78","0.36","0%","0%","5","1","109","0","0","0","0","0","0","0","1","0","0","1","0","0","0","0","0","0","0","0","0","0","0","0","2","3"
"*054p3*","Harvey White","TOT","M","504","FA","TOT 4<br/>@LEE 1 F","1.53","1.53","0%","0%","1","0","3","0","0","0","0","0","0","0","0","0","0","0","0","0","1","0","0","0","0","0","1","0","0","0","0","3"
"*02lpr*","Shane Duffy","BHA/FUL","D","505","FA","FUL 1<br/>@MUN 2 F","1.5","0.3","0%","0%","5","0","16","0","0","0","0","0","0","0","0","0","0","1","0","0","0","0","0","0","1","0","2","0","0","0","4","0"
"*0680g*","Mislav Orsic","SOU","F","508","FA","LIV 4<br/>@SOU 4 F","1.25","1.25","0%","0%","1","0","5","0","0","0","0","0","0","0","1","0","0","0","0","0","0","0","0","0","0","0","0","0","0","0","0","0"
"*06448*","Dominic Ballard","SOU","F","506","FA","LIV 4<br/>@SOU 4 F","1.25","0.62","-","-","2","0","22","0","0","0","0","0","0","0","0","0","1","0","0","0","0","1","0","0","0","0","1","0","0","0","0","0"
"*05uwc*","Matthew Craig","TOT","M","507","FA","TOT 4<br/>@LEE 1 F","1.25","1.25","-","-","1","0","12","0","0","0","0","0","0","0","1","0","0","0","0","0","0","0","0","0","0","0","0","0","0","0","0","0"
"*0666p*","Kobbie Mainoo","MUN","M","509","FA","FUL 1<br/>@MUN 2 F","1.1","1.1","50%","+2%","1","0","9","0","0","0","0","0","0","0","0","0","0","0","0","0","0","0","0","0","0","1","0","0","0","0","0","9"
"*06ab3*","Lewis Miley","NEW","M","511","FA","NEW 1<br/>@CHE 1 F","1","1","13%","-13%","1","0","13","0","0","0","0","0","0","1","0","0","0","0","0","0","0","0","0","0","0","0","0","0","0","0","0","0"
"*05y63*","Lewis Brunt","LEI","M","510","FA","WHU 1<br/>@LEI 2 F","1","1","0%","0%","1","0","21","0","0","0","0","0","0","0","0","0","0","1","0","0","0","0","0","2","0","0","0","0","0","0","1","0"
"*05ubv*","Omari Hutchinson","ARS/CHE","M","512","FA","NEW 1<br/>@CHE 1 F","0.75","0.75","37%","-5%","1","0","21","0","0","0","0","0","0","0","0","0","1","0","0","0","0","1","0","0","0","0","0","0","0","0","0","0"
"*066j4*","Mateo Joseph","LEE","F","513","FA","TOT 4<br/>@LEE 1 F","0.5","0.17","0%","0%","3","0","23","0","0","0","0","0","1","0","0","0","3","0","0","0","0","0","0","1","0","0","0","0","0","0","0","0"
"*061y9*","Alex Mighten","NOT","F","514","FA","NOT 1<br/>@CRY 1 F","0.5","0.5","0%","0%","1","0","6","0","0","0","0","0","0","0","0","0","0","1","0","0","0","0","0","0","0","0","0","0","0","0","0","0"
"*05vyg*","Odeluga Offiah","BHA","D","515","FA","BHA 1<br/>@AVL 2 F","0.5","0.25","0%","0%","2","0","21","0","0","0","0","0","0","0","1","0","0","0","0","0","0","0","0","1","1","0","0","0","0","0","3","0"
"*06451*","Cameron Peupion","BHA","M","516","FA","BHA 1<br/>@AVL 2 F","0.5","0.5","0%","0%","1","0","4","0","0","0","0","0","0","0","0","0","0","0","0","0","0","0","0","0","0","0","1","0","0","0","2","0"
"*061y4*","Cafu","NOT","M","517","FA","NOT 1<br/>@CRY 1 F","0.31","0.31","0%","0%","1","0","5","0","0","0","0","0","0","0","0","0","0","0","0","0","0","0","0","1","0","0","0","0","0","0","0","5"
"*04shz*","Tyrese Francois","FUL","M","518","FA","FUL 1<br/>@MUN 2 F","0.26","0.26","0%","0%","1","0","1","0","0","0","0","0","0","0","0","0","0","0","0","0","0","0","0","1","0","0","0","0","0","0","0","1"
"*062p2*","Bobby Clark","LIV","M","519","FA","LIV 4<br/>@SOU 4 F","0.07","0.07","0%","0%","1","0","6","0","0","0","0","0","0","0","0","0","0","0","0","0","0","0","0","0","0","0","0","0","0","0","0","6"
"*065ao*","Ethan Nwaneri","ARS","M","520","FA","WOL 0<br/>@ARS 5 F","0.01","0.01","14%","0%","1","0","1","0","0","0","0","0","0","0","0","0","0","0","0","0","0","0","0","0","0","0","0","0","0","0","0","1"
"*062ow*","David Ozoh","CRY","M","521","FA","NOT 1<br/>@CRY 1 F","0.01","0.01","0%","0%","1","0","1","0","0","0","0","0","0","0","0","0","0","0","0","0","0","0","0","0","0","0","0","0","0","0","0","1"
"*05uht*","Morgan Rogers","BOU/MCI","M,F","766","FA","MCI 0<br/>@BRF 1 F","0","0","100%","0%","0","0","0","0","0","0","0","0","0","0","0","0","0","0","0","0","0","0","0","0","0","0","0","0","0","0","0","0"
"*067x8*","Nico O'Reilly","MCI","M","724","FA","MCI 0<br/>@BRF 1 F","0","0","85%","0%","0","0","0","0","0","0","0","0","0","0","0","0","0","0","0","0","0","0","0","0","0","0","0","0","0","0","0","0"
"*061vb*","James Hill","BOU","D","650","FA","BOU 0<br/>@EVE 1 F","0","0","68%","0%","0","0","0","0","0","0","0","0","0","0","0","0","0","0","0","0","0","0","0","0","0","0","0","0","0","0","0","0"
"*05220*","Sepp van den Berg","LIV","D","847","FA","LIV 4<br/>@SOU 4 F","0","0","64%","-4%","0","0","0","0","0","0","0","0","0","0","0","0","0","0","0","0","0","0","0","0","0","0","0","0","0","0","0","0"
"*066sd*","Myles Lewis-Skelly","ARS","M","682","FA","WOL 0<br/>@ARS 5 F","0","0","62%","+11%","0","0","0","0","0","0","0","0","0","0","0","0","0","0","0","0","0","0","0","0","0","0","0","0","0","0","0","0"
"*067ys*","Jack Hinshelwood","BHA","M","653","FA","BHA 1<br/>@AVL 2 F","0","0","53%","+9%","1","0","1","0","0","0","0","0","0","0","0","0","0","0","0","0","0","0","0","0","0","0","0","0","0","0","0","0"
"*05oig*","Liam Delap","MCI","F","593","FA","MCI 0<br/>@BRF 1 F","0","0","32%","0%","0","0","0","0","0","0","0","0","0","0","0","0","0","0","0","0","0","0","0","0","0","0","0","0","0","0","0","0"
"*061vn*","Rodrigo Muniz","FUL","F","716","FA","FUL 1<br/>@MUN 2 F","0","0","31%","+9%","0","0","0","0","0","0","0","0","0","0","0","0","0","0","0","0","0","0","0","0","0","0","0","0","0","0","0","0"
"*05ye7*","Oscar Bobb","MCI","M","550","FA","MCI 0<br/>@BRF 1 F","0","0","26%","+4%","0","0","0","0","0","0","0","0","0","0","0","0","0","0","0","0","0","0","0","0","0","0","0","0","0","0","0","0"
"*063y7*","Destiny Udogie","TOT","D","814","FA","TOT 4<br/>@LEE 1 F","0","0","19%","0%","0","0","0","0","0","0","0","0","0","0","0","0","0","0","0","0","0","0","0","0","0","0","0","0","0","0","0","0"
"*066r9*","Ehor Yarmolyuk","BRF","M","837","FA","MCI 0<br/>@BRF 1 F","0","0","12%","+1%","0","0","0","0","0","0","0","0","0","0","0","0","0","0","0","0","0","0","0","0","0","0","0","0","0","0","0","0"
"*05y7c*","Archie Gray","LEE","M","637","FA","TOT 4<br/>@LEE 1 F","0","0","4%","0%","0","0","0","0","0","0","0","0","0","0","0","0","0","0","0","0","0","0","0","0","0","0","0","0","0","0","0","0"
"*05ts6*","Yerson Mosquera","WOL","D","710","FA","WOL 0<br/>@ARS 5 F","0","0","3%","0%","0","0","0","0","0","0","0","0","0","0","0","0","0","0","0","0","0","0","0","0","0","0","0","0","0","0","0","0"
"*05t6z*","Tim Iroegbunam","AVL","M","659","FA","BHA 1<br/>@AVL 2 F","0","0","3%","0%","0","0","0","0","0","0","0","0","0","0","0","0","0","0","0","0","0","0","0","0","0","0","0","0","0","0","0","0"
"*068a0*","Andrey Santos","CHE","M","720","FA","NEW 1<br/>@CHE 1 F","0","0","2%","0%","0","0","0","0","0","0","0","0","0","0","0","0","0","0","0","0","0","0","0","0","0","0","0","0","0","0","0","0"
"*066sh*","Bashir Humphreys","CHE","D","656","FA","NEW 1<br/>@CHE 1 F","0","0","1%","0%","0","0","0","0","0","0","0","0","0","0","0","0","0","0","0","0","0","0","0","0","0","0","0","0","0","0","0","0"
"*05y5b*","Freddie Potts","WHU","M","747","FA","WHU 1<br/>@LEI 2 F","0","0","1%","0%","0","0","0","0","0","0","0","0","0","0","0","0","0","0","0","0","0","0","0","0","0","0","0","0","0","0","0","0"
"*05r4h*","Lamare Bogarde","AVL","M","551","FA","BHA 1<br/>@AVL 2 F","0","0","1%","0%","0","0","0","0","0","0","0","0","0","0","0","0","0","0","0","0","0","0","0","0","0","0","0","0","0","0","0","0"
"*06635*","Oliver Scarles","WHU","D","779","FA","WHU 1<br/>@LEI 2 F","0","0","1%","0%","0","0","0","0","0","0","0","0","0","0","0","0","0","0","0","0","0","0","0","0","0","0","0","0","0","0","0","0"
"*067x6*","Max Alleyne","MCI","D","527","FA","MCI 0<br/>@BRF 1 F","0","0","1%","0%","0","0","0","0","0","0","0","0","0","0","0","0","0","0","0","0","0","0","0","0","0","0","0","0","0","0","0","0"
"*03xrs*","Axel Tuanzebe","MUN","D","811","FA","FUL 1<br/>@MUN 2 F","0","0","1%","0%","0","0","0","0","0","0","0","0","0","0","0","0","0","0","0","0","0","0","0","0","0","0","0","0","0","0","0","0"
"*06442*","Zach Abbott","NOT","D","522","FA","NOT 1<br/>@CRY 1 F","0","0","0%","0%","0","0","0","0","0","0","0","0","0","0","0","0","0","0","0","0","0","0","0","0","0","0","0","0","0","0","0","0"
"*05746*","Emil Krafth","NEW","D","674","FA","NEW 1<br/>@CHE 1 F","0","0","0%","0%","1","0","1","0","0","0","0","0","0","0","0","0","0","0","0","0","0","0","0","0","0","0","0","0","0","0","0","0"
"*066t2*","Will Lankshear","TOT","F","677","FA","TOT 4<br/>@LEE 1 F","0","0","0%","0%","0","0","0","0","0","0","0","0","0","0","0","0","0","0","0","0","0","0","0","0","0","0","0","0","0","0","0","0"
"*05ogh*","Harrison Ashby","WHU/NEW","D","535","FA","NEW 1<br/>@CHE 1 F","0","0","0%","0%","0","0","0","0","0","0","0","0","0","0","0","0","0","0","0","0","0","0","0","0","0","0","0","0","0","0","0","0"
"*064op*","Tyler Fredricson","MUN","D","619","FA","FUL 1<br/>@MUN 2 F","0","0","0%","0%","0","0","0","0","0","0","0","0","0","0","0","0","0","0","0","0","0","0","0","0","0","0","0","0","0","0","0","0"
"*05udw*","Romaine Mundle","TOT","M","715","FA","TOT 4<br/>@LEE 1 F","0","0","0%","0%","0","0","0","0","0","0","0","0","0","0","0","0","0","0","0","0","0","0","0","0","0","0","0","0","0","0","0","0"
"*05rjn*","Jesurun Rak-Sakyi","CRY","M","753","FA","NOT 1<br/>@CRY 1 F","0","0","0%","0%","0","0","0","0","0","0","0","0","0","0","0","0","0","0","0","0","0","0","0","0","0","0","0","0","0","0","0","0"
"*066iz*","Lewis Orford","WHU","M","732","FA","WHU 1<br/>@LEI 2 F","0","0","0%","0%","0","0","0","0","0","0","0","0","0","0","0","0","0","0","0","0","0","0","0","0","0","0","0","0","0","0","0","0"
"*05oji*","Rhys Williams","LIV","D","831","FA","LIV 4<br/>@SOU 4 F","0","0","0%","0%","0","0","0","0","0","0","0","0","0","0","0","0","0","0","0","0","0","0","0","0","0","0","0","0","0","0","0","0"
"*05wwd*","Joshua Wilson-Esbrand","MCI","D","833","FA","MCI 0<br/>@BRF 1 F","0","0","0%","0%","0","0","0","0","0","0","0","0","0","0","0","0","0","0","0","0","0","0","0","0","0","0","0","0","0","0","0","0"
"*066si*","Alfie Gilchrist","CHE","D","627","FA","NEW 1<br/>@CHE 1 F","0","0","0%","0%","0","0","0","0","0","0","0","0","0","0","0","0","0","0","0","0","0","0","0","0","0","0","0","0","0","0","0","0"
"*05x12*","Leo Fuhr Hjelde","LEE","D","654","FA","TOT 4<br/>@LEE 1 F","0","0","0%","0%","0","0","0","0","0","0","0","0","0","0","0","0","0","0","0","0","0","0","0","0","0","0","0","0","0","0","0","0"
"*061z5*","Calvin Ramsay","LIV","D","755","FA","LIV 4<br/>@SOU 4 F","0","0","0%","0%","0","0","0","0","0","0","0","0","0","0","0","0","0","0","0","0","0","0","0","0","0","0","0","0","0","0","0","0"
"*067y2*","Daniel Adu-Addei","BOU","M","525","FA","BOU 0<br/>@EVE 1 F","0","0","0%","0%","0","0","0","0","0","0","0","0","0","0","0","0","0","0","0","0","0","0","0","0","0","0","0","0","0","0","0","0"
"*0643r*","Owen Bevan","BOU","D","547","FA","BOU 0<br/>@EVE 1 F","0","0","0%","0%","1","0","7","0","0","0","0","0","0","0","0","0","0","0","0","0","0","0","0","0","0","0","0","0","0","0","1","0"
"*066t3*","Jamie Donley","TOT","F","598","FA","TOT 4<br/>@LEE 1 F","0","0","0%","0%","0","0","0","0","0","0","0","0","0","0","0","0","0","0","0","0","0","0","0","0","0","0","0","0","0","0","0","0"
"*06441*","Martial Godo","FUL","F","629","FA","FUL 1<br/>@MUN 2 F","0","0","0%","0%","0","0","0","0","0","0","0","0","0","0","0","0","0","0","0","0","0","0","0","0","0","0","0","0","0","0","0","0"
"*05uhl*","Kaide Gordon","LIV","F","634","FA","LIV 4<br/>@SOU 4 F","0","0","0%","0%","0","0","0","0","0","0","0","0","0","0","0","0","0","0","0","0","0","0","0","0","0","0","0","0","0","0","0","0"
"*05r93*","Tyler Onyango","EVE","M","731","FA","BOU 0<br/>@EVE 1 F","0","0","0%","0%","0","0","0","0","0","0","0","0","0","0","0","0","0","0","0","0","0","0","0","0","0","0","0","0","0","0","0","0"
"*04ym3*","Ian Poveda-Ocampo","LEE","F","748","FA","TOT 4<br/>@LEE 1 F","0","0","0%","0%","0","0","0","0","0","0","0","0","0","0","0","0","0","0","0","0","0","0","0","0","0","0","0","0","0","0","0","0"
"*062op*","Omar Richards","NOT","D","761","FA","NOT 1<br/>@CRY 1 F","0","0","0%","0%","0","0","0","0","0","0","0","0","0","0","0","0","0","0","0","0","0","0","0","0","0","0","0","0","0","0","0","0"
"*062oi*","Kaden Rodney","CRY","D,M","765","FA","NOT 1<br/>@CRY 1 F","0","0","0%","0%","0","0","0","0","0","0","0","0","0","0","0","0","0","0","0","0","0","0","0","0","0","0","0","0","0","0","0","0"
"*066se*","Charles Sagoe Junior","ARS","F","770","FA","WOL 0<br/>@ARS 5 F","0","0","0%","0%","0","0","0","0","0","0","0","0","0","0","0","0","0","0","0","0","0","0","0","0","0","0","0","0","0","0","0","0"
"*05nio*","Alfie Devine","TOT","M","595","FA","TOT 4<br/>@LEE 1 F","0","0","0%","0%","0","0","0","0","0","0","0","0","0","0","0","0","0","0","0","0","0","0","0","0","0","0","0","0","0","0","0","0"
"*05vyh*","Andy Moran","BHA","M","708","FA","BHA 1<br/>@AVL 2 F","0","0","0%","0%","1","0","10","0","0","0","0","0","0","0","0","0","0","0","0","0","0","0","0","0","0","0","0","0","0","0","1","0"
"*0643v*","Dominic Sadi","BOU","F","769","FA","BOU 0<br/>@EVE 1 F","0","0","0%","0%","0","0","0","0","0","0","0","0","0","0","0","0","0","0","0","0","0","0","0","0","0","0","0","0","0","0","0","0"
"*05uh0*","Joseph Anderson","EVE","D","531","FA","BOU 0<br/>@EVE 1 F","0","0","0%","0%","0","0","0","0","0","0","0","0","0","0","0","0","0","0","0","0","0","0","0","0","0","0","0","0","0","0","0","0"
"*066iy*","Kaelan Casey","WHU","D","566","FA","WHU 1<br/>@LEI 2 F","0","0","0%","0%","0","0","0","0","0","0","0","0","0","0","0","0","0","0","0","0","0","0","0","0","0","0","0","0","0","0","0","0"
"*06awp*","Travis Patterson","AVL","M","738","FA","BHA 1<br/>@AVL 2 F","0","0","0%","0%","0","0","0","0","0","0","0","0","0","0","0","0","0","0","0","0","0","0","0","0","0","0","0","0","0","0","0","0"
"*0643w*","Ryan Trevitt","BRF","M","808","FA","MCI 0<br/>@BRF 1 F","0","0","0%","0%","0","0","0","0","0","0","0","0","0","0","0","0","0","0","0","0","0","0","0","0","0","0","0","0","0","0","0","0"
"*066tb*","Kadan Young","AVL","M","840","FA","BHA 1<br/>@AVL 2 F","0","0","0%","0%","0","0","0","0","0","0","0","0","0","0","0","0","0","0","0","0","0","0","0","0","0","0","0","0","0","0","0","0"
"*05ymb*","Tayo Adaramola","CRY","D","524","FA","NOT 1<br/>@CRY 1 F","0","0","0%","0%","0","0","0","0","0","0","0","0","0","0","0","0","0","0","0","0","0","0","0","0","0","0","0","0","0","0","0","0"
"*0689t*","Michael Dacosta Gonzalez","BOU","F","587","FA","BOU 0<br/>@EVE 1 F","0","0","0%","0%","0","0","0","0","0","0","0","0","0","0","0","0","0","0","0","0","0","0","0","0","0","0","0","0","0","0","0","0"
"*05yf8*","Pierre Ekwah","WHU","D,M","604","FA","WHU 1<br/>@LEI 2 F","0","0","0%","0%","0","0","0","0","0","0","0","0","0","0","0","0","0","0","0","0","0","0","0","0","0","0","0","0","0","0","0","0"
"*05rka*","Reece Welch","EVE","D","825","FA","BOU 0<br/>@EVE 1 F","0","0","0%","0%","0","0","0","0","0","0","0","0","0","0","0","0","0","0","0","0","0","0","0","0","0","0","0","0","0","0","0","0"
"*05ye6*","Will Alves","LEI","M,F","528","FA","WHU 1<br/>@LEI 2 F","0","0","0%","0%","0","0","0","0","0","0","0","0","0","0","0","0","0","0","0","0","0","0","0","0","0","0","0","0","0","0","0","0"
"*058vf*","Steven Alzate","BHA","M","529","FA","BHA 1<br/>@AVL 2 F","0","0","0%","0%","0","0","0","0","0","0","0","0","0","0","0","0","0","0","0","0","0","0","0","0","0","0","0","0","0","0","0","0"
"*04qez*","Florin Andone","BHA","F","532","FA","BHA 1<br/>@AVL 2 F","0","0","0%","0%","0","0","0","0","0","0","0","0","0","0","0","0","0","0","0","0","0","0","0","0","0","0","0","0","0","0","0","0"
"*03r8p*","Harry Arter","NOT","M","534","FA","NOT 1<br/>@CRY 1 F","0","0","0%","0%","0","0","0","0","0","0","0","0","0","0","0","0","0","0","0","0","0","0","0","0","0","0","0","0","0","0","0","0"
"*02m79*","Ryan Bertrand","LEI","D","545","FA","WHU 1<br/>@LEI 2 F","0","0","0%","0%","0","0","0","0","0","0","0","0","0","0","0","0","0","0","0","0","0","0","0","0","0","0","0","0","0","0","0","0"
"*067xc*","Carlos Borges","MCI","F","553","FA","MCI 0<br/>@BRF 1 F","0","0","0%","0%","0","0","0","0","0","0","0","0","0","0","0","0","0","0","0","0","0","0","0","0","0","0","0","0","0","0","0","0"
"*04mdj*","Nathan Broadhead","EVE","F","555","FA","BOU 0<br/>@EVE 1 F","0","0","0%","0%","0","0","0","0","0","0","0","0","0","0","0","0","0","0","0","0","0","0","0","0","0","0","0","0","0","0","0","0"
"*04u6o*","Joe Bryan","FUL","D","557","FA","FUL 1<br/>@MUN 2 F","0","0","0%","0%","0","0","0","0","0","0","0","0","0","0","0","0","0","0","0","0","0","0","0","0","0","0","0","0","0","0","0","0"
"*066sm*","Mason Burstow","CHE","F","558","FA","NEW 1<br/>@CHE 1 F","0","0","0%","0%","0","0","0","0","0","0","0","0","0","0","0","0","0","0","0","0","0","0","0","0","0","0","0","0","0","0","0","0"
"*066sc*","Nathan Butler-Oyedeji","ARS","M,F","560","FA","WOL 0<br/>@ARS 5 F","0","0","0%","0%","0","0","0","0","0","0","0","0","0","0","0","0","0","0","0","0","0","0","0","0","0","0","0","0","0","0","0","0"
"*05gbo*","Leonardo Campana","WOL","F","563","FA","WOL 0<br/>@ARS 5 F","0","0","0%","0%","0","0","0","0","0","0","0","0","0","0","0","0","0","0","0","0","0","0","0","0","0","0","0","0","0","0","0","0"
"*0641g*","Cesare Casadei","CHE","M","565","FA","NEW 1<br/>@CHE 1 F","0","0","0%","0%","0","0","0","0","0","0","0","0","0","0","0","0","0","0","0","0","0","0","0","0","0","0","0","0","0","0","0","0"
"*056ix*","Bruno Jordao","WOL","M","567","FA","WOL 0<br/>@ARS 5 F","0","0","0%","0%","0","0","0","0","0","0","0","0","0","0","0","0","0","0","0","0","0","0","0","0","0","0","0","0","0","0","0","0"
"*05xsd*","Daniel Chesters","WHU","M","570","FA","WHU 1<br/>@LEI 2 F","0","0","0%","0%","0","0","0","0","0","0","0","0","0","0","0","0","0","0","0","0","0","0","0","0","0","0","0","0","0","0","0","0"
"*04spx*","Tahith Chong","MUN","M","572","FA","FUL 1<br/>@MUN 2 F","0","0","0%","0%","0","0","0","0","0","0","0","0","0","0","0","0","0","0","0","0","0","0","0","0","0","0","0","0","0","0","0","0"
"*04lax*","Hamza Choudhury","LEI","M","573","FA","WHU 1<br/>@LEI 2 F","0","0","0%","0%","0","0","0","0","0","0","0","0","0","0","0","0","0","0","0","0","0","0","0","0","0","0","0","0","0","0","0","0"
"*04xjt*","Conor Coventry","WHU","M","579","FA","WHU 1<br/>@LEI 2 F","0","0","0%","0%","1","0","1","0","0","0","0","0","0","0","0","0","0","0","0","0","0","0","0","0","0","0","0","0","0","0","0","0"
"*064oo*","Amario Cozier-Duberry","ARS","M","581","FA","WOL 0<br/>@ARS 5 F","0","0","0%","0%","0","0","0","0","0","0","0","0","0","0","0","0","0","0","0","0","0","0","0","0","0","0","0","0","0","0","0","0"
"*052k1*","Luke Cundle","WOL","M","584","FA","WOL 0<br/>@ARS 5 F","0","0","0%","0%","0","0","0","0","0","0","0","0","0","0","0","0","0","0","0","0","0","0","0","0","0","0","0","0","0","0","0","0"
"*055om*","Patrick Cutrone","WOL","F","585","FA","WOL 0<br/>@ARS 5 F","0","0","0%","0%","0","0","0","0","0","0","0","0","0","0","0","0","0","0","0","0","0","0","0","0","0","0","0","0","0","0","0","0"
"*05n02*","Stuart Dallas","LEE","D,M","588","FA","TOT 4<br/>@LEE 1 F","0","0","0%","0%","0","0","0","0","0","0","0","0","0","0","0","0","0","0","0","0","0","0","0","0","0","0","0","0","0","0","0","0"
"*03yuo*","Keinan Davis","AVL","F","591","FA","BHA 1<br/>@AVL 2 F","0","0","0%","0%","0","0","0","0","0","0","0","0","0","0","0","0","0","0","0","0","0","0","0","0","0","0","0","0","0","0","0","0"
"*066sz*","Alfie Dorrington","TOT","D","600","FA","TOT 4<br/>@LEE 1 F","0","0","0%","0%","0","0","0","0","0","0","0","0","0","0","0","0","0","0","0","0","0","0","0","0","0","0","0","0","0","0","0","0"
"*032f5*","Paul Dummett","NEW","D","601","FA","NEW 1<br/>@CHE 1 F","0","0","0%","0%","0","0","0","0","0","0","0","0","0","0","0","0","0","0","0","0","0","0","0","0","0","0","0","0","0","0","0","0"
"*05yc5*","Josh Feeney","AVL","D,M","608","FA","BHA 1<br/>@AVL 2 F","0","0","0%","0%","0","0","0","0","0","0","0","0","0","0","0","0","0","0","0","0","0","0","0","0","0","0","0","0","0","0","0","0"
"*04mf8*","Nathan Ferguson","CRY","D","609","FA","NOT 1<br/>@CRY 1 F","0","0","0%","0%","0","0","0","0","0","0","0","0","0","0","0","0","0","0","0","0","0","0","0","0","0","0","0","0","0","0","0","0"
"*05trc*","Tariqe Fosu-Henry","BRF","M","615","FA","MCI 0<br/>@BRF 1 F","0","0","0%","0%","0","0","0","0","0","0","0","0","0","0","0","0","0","0","0","0","0","0","0","0","0","0","0","0","0","0","0","0"
"*066j7*","Nathan Fraser","WOL","F","617","FA","WOL 0<br/>@ARS 5 F","0","0","0%","0%","0","0","0","0","0","0","0","0","0","0","0","0","0","0","0","0","0","0","0","0","0","0","0","0","0","0","0","0"
"*067x7*","Tomas Galvez","MCI","D","621","FA","MCI 0<br/>@BRF 1 F","0","0","0%","0%","0","0","0","0","0","0","0","0","0","0","0","0","0","0","0","0","0","0","0","0","0","0","0","0","0","0","0","0"
"*056iu*","Jean-Philippe Gbamin","EVE","M","623","FA","BOU 0<br/>@EVE 1 F","0","0","0%","0%","0","0","0","0","0","0","0","0","0","0","0","0","0","0","0","0","0","0","0","0","0","0","0","0","0","0","0","0"
"*05tr0*","Charlie Goode","BRF","D","631","FA","MCI 0<br/>@BRF 1 F","0","0","0%","0%","0","0","0","0","0","0","0","0","0","0","0","0","0","0","0","0","0","0","0","0","0","0","0","0","0","0","0","0"
"*066rn*","Daniel Gore","MUN","M","635","FA","FUL 1<br/>@MUN 2 F","0","0","0%","0%","0","0","0","0","0","0","0","0","0","0","0","0","0","0","0","0","0","0","0","0","0","0","0","0","0","0","0","0"
"*05229*","Frederic Guilbert","AVL","D","641","FA","BHA 1<br/>@AVL 2 F","0","0","0%","0%","0","0","0","0","0","0","0","0","0","0","0","0","0","0","0","0","0","0","0","0","0","0","0","0","0","0","0","0"
"*04qr4*","Kortney Hause","AVL","D","645","FA","BHA 1<br/>@AVL 2 F","0","0","0%","0%","0","0","0","0","0","0","0","0","0","0","0","0","0","0","0","0","0","0","0","0","0","0","0","0","0","0","0","0"
"*05rey*","Kaine Hayden","AVL","D","646","FA","BHA 1<br/>@AVL 2 F","0","0","0%","0%","0","0","0","0","0","0","0","0","0","0","0","0","0","0","0","0","0","0","0","0","0","0","0","0","0","0","0","0"
"*02lnd*","Phil Jones","MUN","D","663","FA","FUL 1<br/>@MUN 2 F","0","0","0%","0%","0","0","0","0","0","0","0","0","0","0","0","0","0","0","0","0","0","0","0","0","0","0","0","0","0","0","0","0"
"*03dyo*","Anthony Knockaert","FUL","M","670","FA","FUL 1<br/>@MUN 2 F","0","0","0%","0%","0","0","0","0","0","0","0","0","0","0","0","0","0","0","0","0","0","0","0","0","0","0","0","0","0","0","0","0"
"*04mks*","Terence Kongolo","FUL","D","671","FA","FUL 1<br/>@MUN 2 F","0","0","0%","0%","0","0","0","0","0","0","0","0","0","0","0","0","0","0","0","0","0","0","0","0","0","0","0","0","0","0","0","0"
"*067yw*","Garang Kuol","NEW","F","675","FA","NEW 1<br/>@CHE 1 F","0","0","0%","0%","0","0","0","0","0","0","0","0","0","0","0","0","0","0","0","0","0","0","0","0","0","0","0","0","0","0","0","0"
"*05yf3*","Dexter Lembikisa","WOL","D","680","FA","WOL 0<br/>@ARS 5 F","0","0","0%","0%","1","0","21","0","0","0","0","0","0","0","0","0","0","0","0","0","0","0","0","0","0","0","0","0","0","0","1","0"
"*051kd*","Jamal Lewis","NEW","D","681","FA","NEW 1<br/>@CHE 1 F","0","0","0%","0%","2","0","7","0","0","0","0","0","0","0","0","0","0","0","0","0","0","0","0","0","0","0","0","0","0","0","1","0"
"*04qrh*","Leo Bonatini","WOL","F","684","FA","WOL 0<br/>@ARS 5 F","0","0","0%","0%","0","0","0","0","0","0","0","0","0","0","0","0","0","0","0","0","0","0","0","0","0","0","0","0","0","0","0","0"
"*04f6d*","Joe Lolley","NOT","F","685","FA","NOT 1<br/>@CRY 1 F","0","0","0%","0%","0","0","0","0","0","0","0","0","0","0","0","0","0","0","0","0","0","0","0","0","0","0","0","0","0","0","0","0"
"*052ju*","Matty Longstaff","NEW","M","687","FA","NEW 1<br/>@CHE 1 F","0","0","0%","0%","0","0","0","0","0","0","0","0","0","0","0","0","0","0","0","0","0","0","0","0","0","0","0","0","0","0","0","0"
"*061vi*","Jamal Lowe","BOU","F","688","FA","BOU 0<br/>@EVE 1 F","0","0","0%","0%","2","0","10","0","0","0","0","0","0","0","0","0","0","0","0","0","0","0","0","0","0","0","0","0","0","0","0","0"
"*05o6w*","Allan","EVE","M","690","FA","BOU 0<br/>@EVE 1 F","0","0","0%","0%","0","0","0","0","0","0","0","0","0","0","0","0","0","0","0","0","0","0","0","0","0","0","0","0","0","0","0","0"
"*05r33*","Luke Mbete","MCI","D","693","FA","MCI 0<br/>@BRF 1 F","0","0","0%","0%","0","0","0","0","0","0","0","0","0","0","0","0","0","0","0","0","0","0","0","0","0","0","0","0","0","0","0","0"
"*05y55*","Kasey McAteer","LEI","M","695","FA","WHU 1<br/>@LEI 2 F","0","0","0%","0%","0","0","0","0","0","0","0","0","0","0","0","0","0","0","0","0","0","0","0","0","0","0","0","0","0","0","0","0"
"*05afe*","Teden Mengi","MUN","D","702","FA","FUL 1<br/>@MUN 2 F","0","0","0%","0%","0","0","0","0","0","0","0","0","0","0","0","0","0","0","0","0","0","0","0","0","0","0","0","0","0","0","0","0"
"*05r37*","Jakub Moder","BHA","M","705","FA","BHA 1<br/>@AVL 2 F","0","0","0%","0%","0","0","0","0","0","0","0","0","0","0","0","0","0","0","0","0","0","0","0","0","0","0","0","0","0","0","0","0"
"*055se*","Marvelous Nakamba","AVL","M","719","FA","BHA 1<br/>@AVL 2 F","0","0","0%","0%","0","0","0","0","0","0","0","0","0","0","0","0","0","0","0","0","0","0","0","0","0","0","0","0","0","0","0","0"
"*05oel*","Niels Nkounkou","EVE","D","722","FA","BOU 0<br/>@EVE 1 F","0","0","0%","0%","0","0","0","0","0","0","0","0","0","0","0","0","0","0","0","0","0","0","0","0","0","0","0","0","0","0","0","0"
"*06avl*","Michael Olakigbe","BRF","F","729","FA","MCI 0<br/>@BRF 1 F","0","0","0%","0%","0","0","0","0","0","0","0","0","0","0","0","0","0","0","0","0","0","0","0","0","0","0","0","0","0","0","0","0"
"*05y2h*","Sonny Perkins","LEE","M,F","740","FA","TOT 4<br/>@LEE 1 F","0","0","0%","0%","0","0","0","0","0","0","0","0","0","0","0","0","0","0","0","0","0","0","0","0","0","0","0","0","0","0","0","0"
"*068sf*","Maximo Perrone","MCI","M","741","FA","MCI 0<br/>@BRF 1 F","0","0","0%","0%","1","0","17","0","0","0","0","0","0","0","0","0","0","0","0","0","0","0","0","0","0","0","0","0","0","0","1","0"
"*05ylz*","Luke Plange","CRY","F","745","FA","NOT 1<br/>@CRY 1 F","0","0","0%","0%","0","0","0","0","0","0","0","0","0","0","0","0","0","0","0","0","0","0","0","0","0","0","0","0","0","0","0","0"
"*05y7i*","Jarell Quansah","LIV","D","749","FA","LIV 4<br/>@SOU 4 F","0","0","0%","0%","0","0","0","0","0","0","0","0","0","0","0","0","0","0","0","0","0","0","0","0","0","0","0","0","0","0","0","0"
"*05udh*","Luka Racic","BRF","D","751","FA","MCI 0<br/>@BRF 1 F","0","0","0%","0%","0","0","0","0","0","0","0","0","0","0","0","0","0","0","0","0","0","0","0","0","0","0","0","0","0","0","0","0"
"*05r44*","Arjan Raikhy","AVL","M","752","FA","BHA 1<br/>@AVL 2 F","0","0","0%","0%","0","0","0","0","0","0","0","0","0","0","0","0","0","0","0","0","0","0","0","0","0","0","0","0","0","0","0","0"
"*0649m*","Arthur","LIV","M","754","FA","LIV 4<br/>@SOU 4 F","0","0","0%","0%","0","0","0","0","0","0","0","0","0","0","0","0","0","0","0","0","0","0","0","0","0","0","0","0","0","0","0","0"
"*04rf7*","Connor Ronan","WOL","M","767","FA","WOL 0<br/>@ARS 5 F","0","0","0%","0%","1","0","1","0","0","0","0","0","0","0","0","0","0","0","0","0","0","0","0","0","0","0","0","0","0","0","0","0"
"*066nh*","Ishe Samuels-Smith","EVE","D","773","FA","BOU 0<br/>@EVE 1 F","0","0","0%","0%","0","0","0","0","0","0","0","0","0","0","0","0","0","0","0","0","0","0","0","0","0","0","0","0","0","0","0","0"
"*05agd*","Christian Saydee","BOU","F","777","FA","BOU 0<br/>@EVE 1 F","0","0","0%","0%","0","0","0","0","0","0","0","0","0","0","0","0","0","0","0","0","0","0","0","0","0","0","0","0","0","0","0","0"
"*062os*","Charlie Sayers","TOT","D","778","FA","TOT 4<br/>@LEE 1 F","0","0","0%","0%","0","0","0","0","0","0","0","0","0","0","0","0","0","0","0","0","0","0","0","0","0","0","0","0","0","0","0","0"
"*05rdx*","Shola Shoretire","MUN","F","783","FA","FUL 1<br/>@MUN 2 F","0","0","0%","0%","0","0","0","0","0","0","0","0","0","0","0","0","0","0","0","0","0","0","0","0","0","0","0","0","0","0","0","0"
"*04qrf*","Helder Costa","LEE","F","795","FA","TOT 4<br/>@LEE 1 F","0","0","0%","0%","0","0","0","0","0","0","0","0","0","0","0","0","0","0","0","0","0","0","0","0","0","0","0","0","0","0","0","0"
"*05trg*","Finley Stevens","BRF","D","799","FA","MCI 0<br/>@BRF 1 F","0","0","0%","0%","0","0","0","0","0","0","0","0","0","0","0","0","0","0","0","0","0","0","0","0","0","0","0","0","0","0","0","0"
"*05r3z*","Sil Swinkels","AVL","D","802","FA","BHA 1<br/>@AVL 2 F","0","0","0%","0%","0","0","0","0","0","0","0","0","0","0","0","0","0","0","0","0","0","0","0","0","0","0","0","0","0","0","0","0"
"*04u6l*","Andre Gomes","EVE","M","803","FA","BOU 0<br/>@EVE 1 F","0","0","0%","0%","0","0","0","0","0","0","0","0","0","0","0","0","0","0","0","0","0","0","0","0","0","0","0","0","0","0","0","0"
"*061yb*","Dale Taylor","NOT","F","804","FA","NOT 1<br/>@CRY 1 F","0","0","0%","0%","0","0","0","0","0","0","0","0","0","0","0","0","0","0","0","0","0","0","0","0","0","0","0","0","0","0","0","0"
"*05ygj*","Chiquinho","WOL","F","806","FA","WOL 0<br/>@ARS 5 F","0","0","0%","0%","0","0","0","0","0","0","0","0","0","0","0","0","0","0","0","0","0","0","0","0","0","0","0","0","0","0","0","0"
"*02lp7*","Andros Townsend","EVE","M","807","FA","BOU 0<br/>@EVE 1 F","0","0","0%","0%","0","0","0","0","0","0","0","0","0","0","0","0","0","0","0","0","0","0","0","0","0","0","0","0","0","0","0","0"
"*05nue*","Harvey Vale","CHE","M","815","FA","NEW 1<br/>@CHE 1 F","0","0","0%","0%","0","0","0","0","0","0","0","0","0","0","0","0","0","0","0","0","0","0","0","0","0","0","0","0","0","0","0","0"
"*05u43*","Cesar Joel Valencia Castillo","BRF","F","816","FA","MCI 0<br/>@BRF 1 F","0","0","0%","0%","0","0","0","0","0","0","0","0","0","0","0","0","0","0","0","0","0","0","0","0","0","0","0","0","0","0","0","0"
"*04s60*","Jannik Vestergaard","LEI","D","817","FA","WHU 1<br/>@LEI 2 F","0","0","0%","0%","0","0","0","0","0","0","0","0","0","0","0","0","0","0","0","0","0","0","0","0","0","0","0","0","0","0","0","0"
"*062i1*","Reuell Walters","ARS","D","821","FA","WOL 0<br/>@ARS 5 F","0","0","0%","0%","0","0","0","0","0","0","0","0","0","0","0","0","0","0","0","0","0","0","0","0","0","0","0","0","0","0","0","0"
"*062p7*","Lewis Warrington","EVE","M","822","FA","BOU 0<br/>@EVE 1 F","0","0","0%","0%","0","0","0","0","0","0","0","0","0","0","0","0","0","0","0","0","0","0","0","0","0","0","0","0","0","0","0","0"
"*050js*","Kelland Watts","NEW","D","823","FA","NEW 1<br/>@CHE 1 F","0","0","0%","0%","0","0","0","0","0","0","0","0","0","0","0","0","0","0","0","0","0","0","0","0","0","0","0","0","0","0","0","0"
"*059j3*","Brandon Williams","MUN","D","830","FA","FUL 1<br/>@MUN 2 F","0","0","0%","0%","0","0","0","0","0","0","0","0","0","0","0","0","0","0","0","0","0","0","0","0","0","0","0","0","0","0","0","0"
"*05y3r*","Nathan Young-Coombes","BRF","F","841","FA","MCI 0<br/>@BRF 1 F","0","0","0%","0%","0","0","0","0","0","0","0","0","0","0","0","0","0","0","0","0","0","0","0","0","0","0","0","0","0","0","0","0"
"*062cq*","Nuno da Costa","NOT","F","843","FA","NOT 1<br/>@CRY 1 F","0","0","0%","0%","0","0","0","0","0","0","0","0","0","0","0","0","0","0","0","0","0","0","0","0","0","0","0","0","0","0","0","0"
"*06420*","Terry Ablade","FUL","F","523","FA","FUL 1<br/>@MUN 2 F","0","0","-","-","0","0","0","0","0","0","0","0","0","0","0","0","0","0","0","0","0","0","0","0","0","0","0","0","0","0","0","0"
"*066nl*","Charlie Allen","LEE","M","526","FA","TOT 4<br/>@LEE 1 F","0","0","-","-","0","0","0","0","0","0","0","0","0","0","0","0","0","0","0","0","0","0","0","0","0","0","0","0","0","0","0","0"
"*05y5a*","Keenan Appiah-Forson","WHU","M","533","FA","WHU 1<br/>@LEI 2 F","0","0","-","-","0","0","0","0","0","0","0","0","0","0","0","0","0","0","0","0","0","0","0","0","0","0","0","0","0","0","0","0"
"*0649q*","Loic Bade","NOT","D","537","FA","NOT 1<br/>@CRY 1 F","0","0","-","-","0","0","0","0","0","0","0","0","0","0","0","0","0","0","0","0","0","0","0","0","0","0","0","0","0","0","0","0"
"*0666i*","Kofi Balmer","CRY","M","538","FA","NOT 1<br/>@CRY 1 F","0","0","-","-","0","0","0","0","0","0","0","0","0","0","0","0","0","0","0","0","0","0","0","0","0","0","0","0","0","0","0","0"
"*06al6*","Mauro Bandeira","ARS","M","539","FA","WOL 0<br/>@ARS 5 F","0","0","-","-","0","0","0","0","0","0","0","0","0","0","0","0","0","0","0","0","0","0","0","0","0","0","0","0","0","0","0","0"
"*05r4v*","Jamal Baptiste","WHU","D","540","FA","WHU 1<br/>@LEI 2 F","0","0","-","-","0","0","0","0","0","0","0","0","0","0","0","0","0","0","0","0","0","0","0","0","0","0","0","0","0","0","0","0"
"*066rl*","Rhys Bennett","MUN","D","542","FA","FUL 1<br/>@MUN 2 F","0","0","-","-","0","0","0","0","0","0","0","0","0","0","0","0","0","0","0","0","0","0","0","0","0","0","0","0","0","0","0","0"
"*05afd*","Di'Shon Bernard","MUN","D","544","FA","FUL 1<br/>@MUN 2 F","0","0","-","-","0","0","0","0","0","0","0","0","0","0","0","0","0","0","0","0","0","0","0","0","0","0","0","0","0","0","0","0"
"*062dk*","David Boateng","CRY","D","549","FA","NOT 1<br/>@CRY 1 F","0","0","-","-","0","0","0","0","0","0","0","0","0","0","0","0","0","0","0","0","0","0","0","0","0","0","0","0","0","0","0","0"
"*05ogn*","Mateusz Bogusz","LEE","M","552","FA","TOT 4<br/>@LEE 1 F","0","0","-","-","0","0","0","0","0","0","0","0","0","0","0","0","0","0","0","0","0","0","0","0","0","0","0","0","0","0","0","0"
"*05ye5*","Sammy Braybrooke","LEI","M","554","FA","WHU 1<br/>@LEI 2 F","0","0","-","-","0","0","0","0","0","0","0","0","0","0","0","0","0","0","0","0","0","0","0","0","0","0","0","0","0","0","0","0"
"*066sg*","Josh Brooking","CHE","D","556","FA","NEW 1<br/>@CHE 1 F","0","0","-","-","0","0","0","0","0","0","0","0","0","0","0","0","0","0","0","0","0","0","0","0","0","0","0","0","0","0","0","0"
"*05gdm*","Jake Cain","LIV","M","562","FA","LIV 4<br/>@SOU 4 F","0","0","-","-","0","0","0","0","0","0","0","0","0","0","0","0","0","0","0","0","0","0","0","0","0","0","0","0","0","0","0","0"
"*05udv*","Kallum Cesay","TOT","D","568","FA","TOT 4<br/>@LEE 1 F","0","0","-","-","0","0","0","0","0","0","0","0","0","0","0","0","0","0","0","0","0","0","0","0","0","0","0","0","0","0","0","0"
"*062p1*","Luke Chambers","LIV","D","569","FA","LIV 4<br/>@SOU 4 F","0","0","-","-","0","0","0","0","0","0","0","0","0","0","0","0","0","0","0","0","0","0","0","0","0","0","0","0","0","0","0","0"
"*06ab5*","Jeremiah Chilokoa-Mullen","LEE","D","571","FA","TOT 4<br/>@LEE 1 F","0","0","-","-","0","0","0","0","0","0","0","0","0","0","0","0","0","0","0","0","0","0","0","0","0","0","0","0","0","0","0","0"
"*064on*","Catalin Cirjan","ARS","M","575","FA","WOL 0<br/>@ARS 5 F","0","0","-","-","0","0","0","0","0","0","0","0","0","0","0","0","0","0","0","0","0","0","0","0","0","0","0","0","0","0","0","0"
"*051wk*","Matthew Clarke","BHA","D","576","FA","BHA 1<br/>@AVL 2 F","0","0","-","-","0","0","0","0","0","0","0","0","0","0","0","0","0","0","0","0","0","0","0","0","0","0","0","0","0","0","0","0"
"*064oq*","Regan Clayton","WHU","D","577","FA","WHU 1<br/>@LEI 2 F","0","0","-","-","0","0","0","0","0","0","0","0","0","0","0","0","0","0","0","0","0","0","0","0","0","0","0","0","0","0","0","0"
"*066sn*","Dominic Corness","LIV","M","578","FA","LIV 4<br/>@SOU 4 F","0","0","-","-","0","0","0","0","0","0","0","0","0","0","0","0","0","0","0","0","0","0","0","0","0","0","0","0","0","0","0","0"
"*0669c*","Tristan Crama","BRF","D","582","FA","MCI 0<br/>@BRF 1 F","0","0","-","-","0","0","0","0","0","0","0","0","0","0","0","0","0","0","0","0","0","0","0","0","0","0","0","0","0","0","0","0"
"*0643x*","Luciano D'Auria-Henry","FUL","D","586","FA","FUL 1<br/>@MUN 2 F","0","0","-","-","0","0","0","0","0","0","0","0","0","0","0","0","0","0","0","0","0","0","0","0","0","0","0","0","0","0","0","0"
"*066nj*","James Debayo","LEE","D","592","FA","TOT 4<br/>@LEE 1 F","0","0","-","-","0","0","0","0","0","0","0","0","0","0","0","0","0","0","0","0","0","0","0","0","0","0","0","0","0","0","0","0"
"*06bdb*","Matthew Dibley-Dias","FUL","M","596","FA","FUL 1<br/>@MUN 2 F","0","0","-","-","0","0","0","0","0","0","0","0","0","0","0","0","0","0","0","0","0","0","0","0","0","0","0","0","0","0","0","0"
"*067xb*","William Dickson","MCI","F","597","FA","MCI 0<br/>@BRF 1 F","0","0","-","-","0","0","0","0","0","0","0","0","0","0","0","0","0","0","0","0","0","0","0","0","0","0","0","0","0","0","0","0"
"*06443*","Aaron Donnelly","NOT","D","599","FA","NOT 1<br/>@CRY 1 F","0","0","-","-","0","0","0","0","0","0","0","0","0","0","0","0","0","0","0","0","0","0","0","0","0","0","0","0","0","0","0","0"
"*06447*","Diamond Edwards","SOU","M","602","FA","LIV 4<br/>@SOU 4 F","0","0","-","-","0","0","0","0","0","0","0","0","0","0","0","0","0","0","0","0","0","0","0","0","0","0","0","0","0","0","0","0"
"*06663*","Khayon Edwards","ARS","F","603","FA","WOL 0<br/>@ARS 5 F","0","0","-","-","0","0","0","0","0","0","0","0","0","0","0","0","0","0","0","0","0","0","0","0","0","0","0","0","0","0","0","0"
"*066sj*","Benjamin Elliott","CHE","M","605","FA","NEW 1<br/>@CHE 1 F","0","0","-","-","0","0","0","0","0","0","0","0","0","0","0","0","0","0","0","0","0","0","0","0","0","0","0","0","0","0","0","0"
"*066rp*","Noam Emeran","MUN","F","606","FA","FUL 1<br/>@MUN 2 F","0","0","-","-","0","0","0","0","0","0","0","0","0","0","0","0","0","0","0","0","0","0","0","0","0","0","0","0","0","0","0","0"
"*05h02*","Malachi Fagan-Walcott","TOT","D","607","FA","TOT 4<br/>@LEE 1 F","0","0","-","-","0","0","0","0","0","0","0","0","0","0","0","0","0","0","0","0","0","0","0","0","0","0","0","0","0","0","0","0"
"*06445*","Billy Fewster","NOT","M","610","FA","NOT 1<br/>@CRY 1 F","0","0","-","-","0","0","0","0","0","0","0","0","0","0","0","0","0","0","0","0","0","0","0","0","0","0","0","0","0","0","0","0"
"*05r8j*","Ryan Finnigan","SOU","M","611","FA","LIV 4<br/>@SOU 4 F","0","0","-","-","0","0","0","0","0","0","0","0","0","0","0","0","0","0","0","0","0","0","0","0","0","0","0","0","0","0","0","0"
"*066sa*","Taylor Foran","ARS","D","612","FA","WOL 0<br/>@ARS 5 F","0","0","-","-","0","0","0","0","0","0","0","0","0","0","0","0","0","0","0","0","0","0","0","0","0","0","0","0","0","0","0","0"
"*066ix*","Michael Forbes","WHU","D","613","FA","WHU 1<br/>@LEI 2 F","0","0","-","-","0","0","0","0","0","0","0","0","0","0","0","0","0","0","0","0","0","0","0","0","0","0","0","0","0","0","0","0"
"*04shx*","Marlon Fossey","FUL","D","614","FA","FUL 1<br/>@MUN 2 F","0","0","-","-","0","0","0","0","0","0","0","0","0","0","0","0","0","0","0","0","0","0","0","0","0","0","0","0","0","0","0","0"
"*0643s*","Chris Francis","BOU","D","616","FA","BOU 0<br/>@EVE 1 F","0","0","-","-","0","0","0","0","0","0","0","0","0","0","0","0","0","0","0","0","0","0","0","0","0","0","0","0","0","0","0","0"
"*05yf1*","Melkamu Frauendorf","LIV","M","618","FA","LIV 4<br/>@SOU 4 F","0","0","-","-","0","0","0","0","0","0","0","0","0","0","0","0","0","0","0","0","0","0","0","0","0","0","0","0","0","0","0","0"
"*05vyf*","James Furlong","BHA","D","620","FA","BHA 1<br/>@AVL 2 F","0","0","-","-","0","0","0","0","0","0","0","0","0","0","0","0","0","0","0","0","0","0","0","0","0","0","0","0","0","0","0","0"
"*05gcf*","Brooklyn Genesini","BOU","D","624","FA","BOU 0<br/>@EVE 1 F","0","0","-","-","0","0","0","0","0","0","0","0","0","0","0","0","0","0","0","0","0","0","0","0","0","0","0","0","0","0","0","0"
"*06444*","Alexander Gibson-Hammond","NOT","D,M","625","FA","NOT 1<br/>@CRY 1 F","0","0","-","-","0","0","0","0","0","0","0","0","0","0","0","0","0","0","0","0","0","0","0","0","0","0","0","0","0","0","0","0"
"*05trm*","Alex Gilbert","BRF","F","626","FA","MCI 0<br/>@BRF 1 F","0","0","-","-","0","0","0","0","0","0","0","0","0","0","0","0","0","0","0","0","0","0","0","0","0","0","0","0","0","0","0","0"
"*04tc9*","Claudio Gomes","MCI","M","630","FA","MCI 0<br/>@BRF 1 F","0","0","-","-","0","0","0","0","0","0","0","0","0","0","0","0","0","0","0","0","0","0","0","0","0","0","0","0","0","0","0","0"
"*05m9s*","John-Kymani Gordon","CRY","F","633","FA","NOT 1<br/>@CRY 1 F","0","0","-","-","0","0","0","0","0","0","0","0","0","0","0","0","0","0","0","0","0","0","0","0","0","0","0","0","0","0","0","0"
"*061vc*","Ben Greenwood","BOU","D","638","FA","BOU 0<br/>@EVE 1 F","0","0","-","-","0","0","0","0","0","0","0","0","0","0","0","0","0","0","0","0","0","0","0","0","0","0","0","0","0","0","0","0"
"*066rj*","Sean Grehan","CRY","D","639","FA","NOT 1<br/>@CRY 1 F","0","0","-","-","0","0","0","0","0","0","0","0","0","0","0","0","0","0","0","0","0","0","0","0","0","0","0","0","0","0","0","0"
"*062z6*","Harvey Griffiths","WOL","M","640","FA","WOL 0<br/>@ARS 5 F","0","0","-","-","0","0","0","0","0","0","0","0","0","0","0","0","0","0","0","0","0","0","0","0","0","0","0","0","0","0","0","0"
"*061y7*","Oliver Hammond","NOT","M","642","FA","NOT 1<br/>@CRY 1 F","0","0","-","-","0","0","0","0","0","0","0","0","0","0","0","0","0","0","0","0","0","0","0","0","0","0","0","0","0","0","0","0"
"*06378*","Isak Hansen-Aaroen","MUN","M","643","FA","FUL 1<br/>@MUN 2 F","0","0","-","-","0","0","0","0","0","0","0","0","0","0","0","0","0","0","0","0","0","0","0","0","0","0","0","0","0","0","0","0"
"*05y57*","Bjorn Hardley","MUN","D","644","FA","FUL 1<br/>@MUN 2 F","0","0","-","-","0","0","0","0","0","0","0","0","0","0","0","0","0","0","0","0","0","0","0","0","0","0","0","0","0","0","0","0"
"*06450*","Jack Hinchy","BHA","M","652","FA","BHA 1<br/>@AVL 2 F","0","0","-","-","0","0","0","0","0","0","0","0","0","0","0","0","0","0","0","0","0","0","0","0","0","0","0","0","0","0","0","0"
"*05ue2*","Joe Hugill","MUN","F","655","FA","FUL 1<br/>@MUN 2 F","0","0","-","-","0","0","0","0","0","0","0","0","0","0","0","0","0","0","0","0","0","0","0","0","0","0","0","0","0","0","0","0"
"*06662*","Bradley Ibrahim","ARS","M","657","FA","WOL 0<br/>@ARS 5 F","0","0","-","-","0","0","0","0","0","0","0","0","0","0","0","0","0","0","0","0","0","0","0","0","0","0","0","0","0","0","0","0"
"*05y59*","Zidane Iqbal","MUN","M","658","FA","FUL 1<br/>@MUN 2 F","0","0","-","-","0","0","0","0","0","0","0","0","0","0","0","0","0","0","0","0","0","0","0","0","0","0","0","0","0","0","0","0"
"*05reu*","Kyle John","EVE","D","661","FA","BOU 0<br/>@EVE 1 F","0","0","-","-","0","0","0","0","0","0","0","0","0","0","0","0","0","0","0","0","0","0","0","0","0","0","0","0","0","0","0","0"
"*05rei*","Nile John","TOT","M","662","FA","TOT 4<br/>@LEE 1 F","0","0","-","-","0","0","0","0","0","0","0","0","0","0","0","0","0","0","0","0","0","0","0","0","0","0","0","0","0","0","0","0"
"*066rk*","Marc Jurado Gomez","MUN","D","664","FA","FUL 1<br/>@MUN 2 F","0","0","-","-","0","0","0","0","0","0","0","0","0","0","0","0","0","0","0","0","0","0","0","0","0","0","0","0","0","0","0","0"
"*067x5*","Jadel Katongo","MCI","D","666","FA","MCI 0<br/>@BRF 1 F","0","0","-","-","0","0","0","0","0","0","0","0","0","0","0","0","0","0","0","0","0","0","0","0","0","0","0","0","0","0","0","0"
"*068z2*","Max Kinsey-Wellings","BOU","D","667","FA","BOU 0<br/>@EVE 1 F","0","0","-","-","0","0","0","0","0","0","0","0","0","0","0","0","0","0","0","0","0","0","0","0","0","0","0","0","0","0","0","0"
"*052k9*","Ben Knight","MCI","M","669","FA","MCI 0<br/>@BRF 1 F","0","0","-","-","0","0","0","0","0","0","0","0","0","0","0","0","0","0","0","0","0","0","0","0","0","0","0","0","0","0","0","0"
"*062ch*","Kacper Kozlowski","BHA","M","673","FA","BHA 1<br/>@AVL 2 F","0","0","-","-","0","0","0","0","0","0","0","0","0","0","0","0","0","0","0","0","0","0","0","0","0","0","0","0","0","0","0","0"
"*02m5r*","Louis Laing","SUN/WHU","D,M","676","FA","WHU 1<br/>@LEI 2 F","0","0","-","-","0","0","0","0","0","0","0","0","0","0","0","0","0","0","0","0","0","0","0","0","0","0","0","0","0","0","0","0"
"*061xy*","Richie Laryea","NOT","D","678","FA","NOT 1<br/>@CRY 1 F","0","0","-","-","0","0","0","0","0","0","0","0","0","0","0","0","0","0","0","0","0","0","0","0","0","0","0","0","0","0","0","0"
"*066no*","Nico Lawrence","SOU","D","679","FA","LIV 4<br/>@SOU 4 F","0","0","-","-","0","0","0","0","0","0","0","0","0","0","0","0","0","0","0","0","0","0","0","0","0","0","0","0","0","0","0","0"
"*05xts*","Wanya Marcal-Madivadua","LEI","M","689","FA","WHU 1<br/>@LEI 2 F","0","0","-","-","0","0","0","0","0","0","0","0","0","0","0","0","0","0","0","0","0","0","0","0","0","0","0","0","0","0","0","0"
"*061xx*","Loic Mbe Soh","NOT","D","692","FA","NOT 1<br/>@CRY 1 F","0","0","-","-","0","0","0","0","0","0","0","0","0","0","0","0","0","0","0","0","0","0","0","0","0","0","0","0","0","0","0","0"
"*06bs3*","Sean McAllister","EVE","M","694","FA","BOU 0<br/>@EVE 1 F","0","0","-","-","0","0","0","0","0","0","0","0","0","0","0","0","0","0","0","0","0","0","0","0","0","0","0","0","0","0","0","0"
"*0643z*","Connor McAvoy","FUL","D","696","FA","FUL 1<br/>@MUN 2 F","0","0","-","-","0","0","0","0","0","0","0","0","0","0","0","0","0","0","0","0","0","0","0","0","0","0","0","0","0","0","0","0"
"*05ogm*","Alfie McCalmont","LEE","M","697","FA","TOT 4<br/>@LEE 1 F","0","0","-","-","0","0","0","0","0","0","0","0","0","0","0","0","0","0","0","0","0","0","0","0","0","0","0","0","0","0","0","0"
"*067x9*","Rowan McDonald","MCI","M","698","FA","MCI 0<br/>@BRF 1 F","0","0","-","-","0","0","0","0","0","0","0","0","0","0","0","0","0","0","0","0","0","0","0","0","0","0","0","0","0","0","0","0"
"*0680m*","Callum McFarlane","FUL","F","699","FA","FUL 1<br/>@MUN 2 F","0","0","-","-","0","0","0","0","0","0","0","0","0","0","0","0","0","0","0","0","0","0","0","0","0","0","0","0","0","0","0","0"
"*0637a*","Charlie McNeill","MUN","F","701","FA","FUL 1<br/>@MUN 2 F","0","0","-","-","0","0","0","0","0","0","0","0","0","0","0","0","0","0","0","0","0","0","0","0","0","0","0","0","0","0","0","0"
"*066nk*","Amari Miller","LEE","M","703","FA","TOT 4<br/>@LEE 1 F","0","0","-","-","0","0","0","0","0","0","0","0","0","0","0","0","0","0","0","0","0","0","0","0","0","0","0","0","0","0","0","0"
"*062p8*","Stanley Mills","EVE","M","704","FA","BOU 0<br/>@EVE 1 F","0","0","-","-","0","0","0","0","0","0","0","0","0","0","0","0","0","0","0","0","0","0","0","0","0","0","0","0","0","0","0","0"
"*066sb*","Zane Monlouis","ARS","D","706","FA","WOL 0<br/>@ARS 5 F","0","0","-","-","0","0","0","0","0","0","0","0","0","0","0","0","0","0","0","0","0","0","0","0","0","0","0","0","0","0","0","0"
"*05y7b*","Kris Moore","LEE","D","707","FA","TOT 4<br/>@LEE 1 F","0","0","-","-","0","0","0","0","0","0","0","0","0","0","0","0","0","0","0","0","0","0","0","0","0","0","0","0","0","0","0","0"
"*066np*","Jimmy Morgan","SOU","F","709","FA","LIV 4<br/>@SOU 4 F","0","0","-","-","0","0","0","0","0","0","0","0","0","0","0","0","0","0","0","0","0","0","0","0","0","0","0","0","0","0","0","0"
"*066sl*","Malik Mothersille","CHE","F","711","FA","NEW 1<br/>@CHE 1 F","0","0","-","-","0","0","0","0","0","0","0","0","0","0","0","0","0","0","0","0","0","0","0","0","0","0","0","0","0","0","0","0"
"*066sy*","Marqes Muir","TOT","D","714","FA","TOT 4<br/>@LEE 1 F","0","0","-","-","0","0","0","0","0","0","0","0","0","0","0","0","0","0","0","0","0","0","0","0","0","0","0","0","0","0","0","0"
"*066rm*","Sam Murray","MUN","D","717","FA","FUL 1<br/>@MUN 2 F","0","0","-","-","0","0","0","0","0","0","0","0","0","0","0","0","0","0","0","0","0","0","0","0","0","0","0","0","0","0","0","0"
"*06377*","Mateusz Musialowski","LIV","F","718","FA","LIV 4<br/>@SOU 4 F","0","0","-","-","0","0","0","0","0","0","0","0","0","0","0","0","0","0","0","0","0","0","0","0","0","0","0","0","0","0","0","0"
"*066ng*","Adler Nascimento","CRY","F","721","FA","NOT 1<br/>@CRY 1 F","0","0","-","-","0","0","0","0","0","0","0","0","0","0","0","0","0","0","0","0","0","0","0","0","0","0","0","0","0","0","0","0"
"*061vl*","Oliver O'Neill","FUL","M","723","FA","FUL 1<br/>@MUN 2 F","0","0","-","-","0","0","0","0","0","0","0","0","0","0","0","0","0","0","0","0","0","0","0","0","0","0","0","0","0","0","0","0"
"*060g4*","Tommi O'Reilly","AVL","M","725","FA","BHA 1<br/>@AVL 2 F","0","0","-","-","0","0","0","0","0","0","0","0","0","0","0","0","0","0","0","0","0","0","0","0","0","0","0","0","0","0","0","0"
"*061y5*","Braian Ojeda","NOT","M","726","FA","NOT 1<br/>@CRY 1 F","0","0","-","-","0","0","0","0","0","0","0","0","0","0","0","0","0","0","0","0","0","0","0","0","0","0","0","0","0","0","0","0"
"*05y6s*","Armstrong Oko-Flex","WHU","F","727","FA","WHU 1<br/>@LEI 2 F","0","0","-","-","0","0","0","0","0","0","0","0","0","0","0","0","0","0","0","0","0","0","0","0","0","0","0","0","0","0","0","0"
"*0643u*","Ferdinand Okoh","BOU","M","728","FA","BOU 0<br/>@EVE 1 F","0","0","-","-","0","0","0","0","0","0","0","0","0","0","0","0","0","0","0","0","0","0","0","0","0","0","0","0","0","0","0","0"
"*067yy*","Luizao","WHU","D","730","FA","WHU 1<br/>@LEI 2 F","0","0","-","-","0","0","0","0","0","0","0","0","0","0","0","0","0","0","0","0","0","0","0","0","0","0","0","0","0","0","0","0"
"*0680n*","Detlef Esapa Osong","NOT","F","733","FA","NOT 1<br/>@CRY 1 F","0","0","-","-","0","0","0","0","0","0","0","0","0","0","0","0","0","0","0","0","0","0","0","0","0","0","0","0","0","0","0","0"
"*066ro*","Maximillian Oyedele","MUN","M","734","FA","FUL 1<br/>@MUN 2 F","0","0","-","-","0","0","0","0","0","0","0","0","0","0","0","0","0","0","0","0","0","0","0","0","0","0","0","0","0","0","0","0"
"*061vm*","Adrion Pajaziti","FUL","M","735","FA","FUL 1<br/>@MUN 2 F","0","0","-","-","0","0","0","0","0","0","0","0","0","0","0","0","0","0","0","0","0","0","0","0","0","0","0","0","0","0","0","0"
"*0661g*","Stefan Parkes","FUL","D","736","FA","FUL 1<br/>@MUN 2 F","0","0","-","-","0","0","0","0","0","0","0","0","0","0","0","0","0","0","0","0","0","0","0","0","0","0","0","0","0","0","0","0"
"*05udt*","Maksim Paskotsi","TOT","D","737","FA","TOT 4<br/>@LEE 1 F","0","0","-","-","0","0","0","0","0","0","0","0","0","0","0","0","0","0","0","0","0","0","0","0","0","0","0","0","0","0","0","0"
"*06446*","Lewis Payne","SOU","M","739","FA","LIV 4<br/>@SOU 4 F","0","0","-","-","0","0","0","0","0","0","0","0","0","0","0","0","0","0","0","0","0","0","0","0","0","0","0","0","0","0","0","0"
"*062dl*","Killian Phillips","CRY","M","742","FA","NOT 1<br/>@CRY 1 F","0","0","-","-","0","0","0","0","0","0","0","0","0","0","0","0","0","0","0","0","0","0","0","0","0","0","0","0","0","0","0","0"
"*06ab4*","Diogo Monteiro","LEE","D","743","FA","TOT 4<br/>@LEE 1 F","0","0","-","-","0","0","0","0","0","0","0","0","0","0","0","0","0","0","0","0","0","0","0","0","0","0","0","0","0","0","0","0"
"*068na*","Euan Pollock","BOU","F","746","FA","BOU 0<br/>@EVE 1 F","0","0","-","-","0","0","0","0","0","0","0","0","0","0","0","0","0","0","0","0","0","0","0","0","0","0","0","0","0","0","0","0"
"*066pc*","Sebastian Quirk","EVE","M","750","FA","BOU 0<br/>@EVE 1 F","0","0","-","-","0","0","0","0","0","0","0","0","0","0","0","0","0","0","0","0","0","0","0","0","0","0","0","0","0","0","0","0"
"*066sk*","Dion Rankine","CHE","M","757","FA","NEW 1<br/>@CHE 1 F","0","0","-","-","0","0","0","0","0","0","0","0","0","0","0","0","0","0","0","0","0","0","0","0","0","0","0","0","0","0","0","0"
"*051jz*","Dominic Revan","AVL","D","758","FA","BHA 1<br/>@AVL 2 F","0","0","-","-","0","0","0","0","0","0","0","0","0","0","0","0","0","0","0","0","0","0","0","0","0","0","0","0","0","0","0","0"
"*068nb*","Sebastian Revan","AVL","D","759","FA","BHA 1<br/>@AVL 2 F","0","0","-","-","0","0","0","0","0","0","0","0","0","0","0","0","0","0","0","0","0","0","0","0","0","0","0","0","0","0","0","0"
"*05a6i*","Lewis Richards","WOL","D","760","FA","WOL 0<br/>@ARS 5 F","0","0","-","-","0","0","0","0","0","0","0","0","0","0","0","0","0","0","0","0","0","0","0","0","0","0","0","0","0","0","0","0"
"*067xa*","Alex Robertson","MCI","M","762","FA","MCI 0<br/>@BRF 1 F","0","0","-","-","0","0","0","0","0","0","0","0","0","0","0","0","0","0","0","0","0","0","0","0","0","0","0","0","0","0","0","0"
"*0643y*","Charlie Robinson","FUL","D","763","FA","FUL 1<br/>@MUN 2 F","0","0","-","-","0","0","0","0","0","0","0","0","0","0","0","0","0","0","0","0","0","0","0","0","0","0","0","0","0","0","0","0"
"*066t0*","Max Robson","TOT","M","764","FA","TOT 4<br/>@LEE 1 F","0","0","-","-","0","0","0","0","0","0","0","0","0","0","0","0","0","0","0","0","0","0","0","0","0","0","0","0","0","0","0","0"
"*067x3*","Lakyle Samuel","MCI","D","771","FA","MCI 0<br/>@BRF 1 F","0","0","-","-","0","0","0","0","0","0","0","0","0","0","0","0","0","0","0","0","0","0","0","0","0","0","0","0","0","0","0","0"
"*06bq0*","Imari Samuels","BHA","D","772","FA","BHA 1<br/>@AVL 2 F","0","0","-","-","0","0","0","0","0","0","0","0","0","0","0","0","0","0","0","0","0","0","0","0","0","0","0","0","0","0","0","0"
"*05y58*","Charlie Savage","MUN","M","776","FA","FUL 1<br/>@MUN 2 F","0","0","-","-","0","0","0","0","0","0","0","0","0","0","0","0","0","0","0","0","0","0","0","0","0","0","0","0","0","0","0","0"
"*06440*","Kristian Sekularac","FUL","M","781","FA","FUL 1<br/>@MUN 2 F","0","0","-","-","0","0","0","0","0","0","0","0","0","0","0","0","0","0","0","0","0","0","0","0","0","0","0","0","0","0","0","0"
"*05n3t*","Dynel Simeu","SOU","D","784","FA","LIV 4<br/>@SOU 4 F","0","0","-","-","0","0","0","0","0","0","0","0","0","0","0","0","0","0","0","0","0","0","0","0","0","0","0","0","0","0","0","0"
"*05y5c*","Kamarai Simon-Swyer","WHU","M,F","785","FA","WHU 1<br/>@LEI 2 F","0","0","-","-","0","0","0","0","0","0","0","0","0","0","0","0","0","0","0","0","0","0","0","0","0","0","0","0","0","0","0","0"
"*067x4*","Isaac Smith","MCI","D","788","FA","MCI 0<br/>@BRF 1 F","0","0","-","-","0","0","0","0","0","0","0","0","0","0","0","0","0","0","0","0","0","0","0","0","0","0","0","0","0","0","0","0"
"*05l8p*","Matthew Smith","ARS","D,M","791","FA","WOL 0<br/>@ARS 5 F","0","0","-","-","0","0","0","0","0","0","0","0","0","0","0","0","0","0","0","0","0","0","0","0","0","0","0","0","0","0","0","0"
"*066nm*","Joe Snowdon","LEE","M","793","FA","TOT 4<br/>@LEE 1 F","0","0","-","-","0","0","0","0","0","0","0","0","0","0","0","0","0","0","0","0","0","0","0","0","0","0","0","0","0","0","0","0"
"*066o9*","Joseph Snowdon","LEE","M","794","FA","TOT 4<br/>@LEE 1 F","0","0","-","-","0","0","0","0","0","0","0","0","0","0","0","0","0","0","0","0","0","0","0","0","0","0","0","0","0","0","0","0"
"*062i0*","Lino Sousa","ARS","D","796","FA","WOL 0<br/>@ARS 5 F","0","0","-","-","0","0","0","0","0","0","0","0","0","0","0","0","0","0","0","0","0","0","0","0","0","0","0","0","0","0","0","0"
"*059ix*","Jack Spong","BHA","M","797","FA","BHA 1<br/>@AVL 2 F","0","0","-","-","0","0","0","0","0","0","0","0","0","0","0","0","0","0","0","0","0","0","0","0","0","0","0","0","0","0","0","0"
"*05am0*","Layton Stewart","LIV","F","800","FA","LIV 4<br/>@SOU 4 F","0","0","-","-","0","0","0","0","0","0","0","0","0","0","0","0","0","0","0","0","0","0","0","0","0","0","0","0","0","0","0","0"
"*062cr*","Lyle Taylor","NOT","F","805","FA","NOT 1<br/>@CRY 1 F","0","0","-","-","0","0","0","0","0","0","0","0","0","0","0","0","0","0","0","0","0","0","0","0","0","0","0","0","0","0","0","0"
"*05vye*","Antef Tsoungui","BHA","D","810","FA","BHA 1<br/>@AVL 2 F","0","0","-","-","0","0","0","0","0","0","0","0","0","0","0","0","0","0","0","0","0","0","0","0","0","0","0","0","0","0","0","0"
"*05x9j*","Ed Turns","BHA","D","813","FA","BHA 1<br/>@AVL 2 F","0","0","-","-","0","0","0","0","0","0","0","0","0","0","0","0","0","0","0","0","0","0","0","0","0","0","0","0","0","0","0","0"
"*0643t*","Jack Wadham","BOU","M","819","FA","BOU 0<br/>@EVE 1 F","0","0","-","-","0","0","0","0","0","0","0","0","0","0","0","0","0","0","0","0","0","0","0","0","0","0","0","0","0","0","0","0"
"*05y9m*","Charlie Webster","CHE","M","824","FA","NEW 1<br/>@CHE 1 F","0","0","-","-","0","0","0","0","0","0","0","0","0","0","0","0","0","0","0","0","0","0","0","0","0","0","0","0","0","0","0","0"
"*06379*","Charlie Wellens","MUN","M","826","FA","FUL 1<br/>@MUN 2 F","0","0","-","-","0","0","0","0","0","0","0","0","0","0","0","0","0","0","0","0","0","0","0","0","0","0","0","0","0","0","0","0"
"*05ye4*","Jack Wells-Morrison","CRY","M","827","FA","NOT 1<br/>@CRY 1 F","0","0","-","-","0","0","0","0","0","0","0","0","0","0","0","0","0","0","0","0","0","0","0","0","0","0","0","0","0","0","0","0"
"*05y4x*","Max Woltman","LIV","F","834","FA","LIV 4<br/>@SOU 4 F","0","0","-","-","0","0","0","0","0","0","0","0","0","0","0","0","0","0","0","0","0","0","0","0","0","0","0","0","0","0","0","0"
"*062on*","Joe Wormleighton","LEI","D,M","835","FA","WHU 1<br/>@LEI 2 F","0","0","-","-","0","0","0","0","0","0","0","0","0","0","0","0","0","0","0","0","0","0","0","0","0","0","0","0","0","0","0","0"
"*066e7*","Yegor Yarmolyuk","BRF","M","838","FA","MCI 0<br/>@BRF 1 F","0","0","-","-","0","0","0","0","0","0","0","0","0","0","0","0","0","0","0","0","0","0","0","0","0","0","0","0","0","0","0","0"
"*05r45*","Brad Young","AVL","M,F","839","FA","BHA 1<br/>@AVL 2 F","0","0","-","-","0","0","0","0","0","0","0","0","0","0","0","0","0","0","0","0","0","0","0","0","0","0","0","0","0","0","0","0"
"*066t1*","Yago Alonso","TOT","F","845","FA","TOT 4<br/>@LEE 1 F","0","0","-","-","0","0","0","0","0","0","0","0","0","0","0","0","0","0","0","0","0","0","0","0","0","0","0","0","0","0","0","0"
"*063dz*","Luke Harris","FUL","M","849","FA","FUL 1<br/>@MUN 2 F","-0.43","-0.14","0%","0%","3","0","7","0","0","0","0","0","0","0","0","0","1","0","0","0","0","0","0","0","0","0","0","0","0","0","1","6"
"*06ajj*","Kamari Doyle","SOU","M","850","FA","LIV 4<br/>@SOU 4 F","-0.5","-0.5","-","-","1","0","5","0","0","0","0","0","0","0","0","0","1","0","0","0","0","0","0","0","0","0","0","0","0","0","0","0"
"*0452p*","Yan Valery","SOU","D","851","FA","LIV 4<br/>@SOU 4 F","-1.75","-1.75","0%","0%","1","1","45","0","0","0","0","0","0","0","0","0","3","0","0","0","0","0","0","3","0","0","1","0","0","0","2","0"
"*02m7d*","Nathaniel Chalobah","FUL","M","852","FA","FUL 1<br/>@MUN 2 F","-3.25","-0.81","0%","0%","4","1","10","0","0","0","0","0","1","0","1","0","1","0","0","1","0","0","0","2","0","0","1","0","0","0","0","0"
