"Player","Team","Position","Type","Team","Date (EDT)","Gameweek"
"Matt Targett","NEW","D","Claim","1- KFFC","Sun May 28, 2023, 11:10AM","38"
"Alex Moreno","AVL","D","Drop","1- KFFC","Sun May 28, 2023, 11:10AM","38"
"Kamaldeen Sulemana","SOU","M","Claim","1-Vecna's Møst Hated XI","Sun May 28, 2023, 11:09AM","38"
"Kevin Schade","BRF","M","Drop","1-Vecna's Møst Hated XI","Sun May 28, 2023, 11:09AM","38"
"Anthony Gordon","EVE/NEW","M","Claim","1-Vecna's Møst Hated XI","Sun May 28, 2023, 11:08AM","38"
"Fabio Vieira","ARS","M","Drop","1-Vecna's Møst Hated XI","Sun May 28, 2023, 11:08AM","38"
"Daniel Iversen","LEI","G","Claim","1-Vecna's Møst Hated XI","Sun May 28, 2023, 11:01AM","38"
"Neto","BOU","G","Drop","1-Vecna's Møst Hated XI","Sun May 28, 2023, 11:01AM","38"
"Kiernan Dewsbury-Hall","LEI","M","Claim","1-Mystery Box U0s","Sun May 28, 2023, 11:01AM","38"
"Tomas Soucek","WHU","M","Drop","1-Mystery Box U0s","Sun May 28, 2023, 11:01AM","38"
"Kiernan Dewsbury-Hall","LEI","M","Drop","1-Leo Gerard U3s Team","Sun May 28, 2023, 11:00AM","38"
"Matheus Nunes","WOL","M","Claim","1-Mystery Box U0s","Sun May 28, 2023, 10:58AM","38"
"Raphael Varane","MUN","D","Drop","1-Mystery Box U0s","Sun May 28, 2023, 10:58AM","38"
"Harry Maguire","MUN","D","Claim","1- KFFC","Sun May 28, 2023, 10:44AM","38"
"Luke Ayling","LEE","D","Drop","1- KFFC","Sun May 28, 2023, 10:44AM","38"
"Harry Maguire","MUN","D","Drop","1-Leo Gerard U3s Team","Sun May 28, 2023, 10:44AM","38"
"Facundo Buonanotte","BHA","M","Claim","1-Commissioner Gordon & the Tark Knight","Sun May 28, 2023, 10:43AM","38"
"Danny Welbeck","BHA","F","Drop","1-Commissioner Gordon & the Tark Knight","Sun May 28, 2023, 10:43AM","38"
"Yasin Ayari","BHA","M","Claim","1-Commissioner Gordon & the Tark Knight","Sun May 28, 2023, 10:41AM","38"
"Danny Ings","AVL/WHU","F","Drop","1-Commissioner Gordon & the Tark Knight","Sun May 28, 2023, 10:41AM","38"
"Jefferson Lerma","BOU","M","Claim","1- KFFC","Sun May 28, 2023, 10:40AM","38"
"Danilo","NOT","M","Drop","1- KFFC","Sun May 28, 2023, 10:40AM","38"
"Luke Ayling","LEE","D","Claim","1- KFFC","Sun May 28, 2023, 10:39AM","38"
"Harry Souttar","STK/LEI","D","Drop","1- KFFC","Sun May 28, 2023, 10:39AM","38"
"Kepa","CHE","G","Claim","1- KFFC","Sun May 28, 2023, 10:38AM","38"
"Fraser Forster","TOT","G","Drop","1- KFFC","Sun May 28, 2023, 10:38AM","38"
"Willy Boly","WOL/NOT","D","Claim","1-Commissioner Gordon & the Tark Knight","Sun May 28, 2023, 10:38AM","38"
"Michael Keane","EVE","D","Drop","1-Commissioner Gordon & the Tark Knight","Sun May 28, 2023, 10:38AM","38"
"Pablo Fornals","WHU","M","Claim","1-Commissioner Gordon & the Tark Knight","Sun May 28, 2023, 10:35AM","38"
"Carlos Vinicius","TOT/FUL","F","Drop","1-TAAp in Merchants","Sun May 28, 2023, 10:35AM","38"
"Joseph Gomez","LIV","D","Claim","1-TAAp in Merchants","Sun May 28, 2023, 10:34AM","38"
"Christian Eriksen","MUN","M","Drop","1-TAAp in Merchants","Sun May 28, 2023, 10:34AM","38"
"Lukasz Fabianski","WHU","G","Claim","1-Commissioner Gordon & the Tark Knight","Sun May 28, 2023, 10:34AM","38"
"Daniel Bentley","WOL","G","Drop","1-Commissioner Gordon & the Tark Knight","Sun May 28, 2023, 10:34AM","38"
"Hwang Hee-Chan","WOL","F","Claim","1-john lim","Sun May 28, 2023, 10:33AM","38"
"Harrison Reed","FUL","M","Drop","1-john lim","Sun May 28, 2023, 10:33AM","38"
"Luke Shaw","MUN","D","Drop","1-john lim","Sun May 28, 2023, 10:33AM","38"
"Reiss Nelson","ARS","F","Drop","1-Commissioner Gordon & the Tark Knight","Sun May 28, 2023, 10:33AM","38"
"Matty Cash","AVL","D","Claim","1-john lim","Sun May 28, 2023, 10:33AM","38"
"Fraser Forster","TOT","G","Claim","1- KFFC","Sun May 28, 2023, 10:33AM","38"
"Stefan Ortega","MCI","G","Drop","1- KFFC","Sun May 28, 2023, 10:33AM","38"
"Aaron Cresswell","WHU","D","Claim","1-TAAp in Merchants","Sun May 28, 2023, 10:22AM","38"
"Che Adams","SOU","F","Drop","1-TAAp in Merchants","Sun May 28, 2023, 10:21AM","38"
"Kalvin Phillips","MCI","M","Claim","1-Jesus live at Red Rocks","Sun May 28, 2023, 10:11AM","38"
"Mason Mount","CHE","M","Claim","1-Jesus live at Red Rocks","Sun May 28, 2023, 10:01AM","38"
"Kieran Tierney","ARS","D","Drop","1-Jesus live at Red Rocks","Sun May 28, 2023, 10:01AM","38"
"Liam Cooper","LEE","D","Claim","1-Jesus live at Red Rocks","Sun May 28, 2023, 9:34AM","38"
"Wilfried Gnonto","LEE","F","Drop","1-Jesus live at Red Rocks","Sun May 28, 2023, 9:34AM","38"
"Caoimhin Kelleher","LIV","G","Claim","1-Leo Gerard U3s Team","Sun May 28, 2023, 9:17AM","38"
"Kepa","CHE","G","Drop","1-Leo Gerard U3s Team","Sun May 28, 2023, 9:17AM","38"
"Fred","MUN","M","Claim","1-Leo Gerard U3s Team","Sun May 28, 2023, 9:14AM","38"
"Sven Botman","NEW","D","Drop","1-Leo Gerard U3s Team","Sun May 28, 2023, 9:14AM","38"
"Kieran Tierney","ARS","D","Claim","1-Jesus live at Red Rocks","Sun May 28, 2023, 7:36AM","38"
"Kiernan Dewsbury-Hall","LEI","M","Claim","1-Leo Gerard U3s Team","Sun May 28, 2023, 7:35AM","38"
"Emiliano Buendia","AVL","M","Drop","1-Leo Gerard U3s Team","Sun May 28, 2023, 7:35AM","38"
"Harry Maguire","MUN","D","Claim","1-Leo Gerard U3s Team","Sun May 28, 2023, 7:25AM","38"
"Fred","MUN","M","Drop","1-Leo Gerard U3s Team","Sun May 28, 2023, 7:25AM","38"
"Joel Matip","LIV","D","Claim","1-Leo Gerard U3s Team","Sun May 28, 2023, 7:22AM","38"
"Vitalii Mykolenko","EVE","D","Drop","1-Leo Gerard U3s Team","Sun May 28, 2023, 7:22AM","38"
"Emiliano Buendia","AVL","M","Claim","1-Leo Gerard U3s Team","Sun May 28, 2023, 7:18AM","38"
"David de Gea","MUN","G","Drop","1-Leo Gerard U3s Team","Sun May 28, 2023, 7:18AM","38"
"Jose Sa","WOL","G","Claim","1-Midtable Merchant","Sun May 28, 2023, 7:15AM","38"
"Nick Pope","NEW","G","Lineup Change","1-Midtable Merchant","Sun May 28, 2023, 7:15AM","38"
"Vicente Guaita","CRY","G","Claim","1-Roy Kent's U8 Girls","Sat May 27, 2023, 6:02PM","38"
"Ederson","MCI","G","Drop","1-Roy Kent's U8 Girls","Sat May 27, 2023, 6:02PM","38"
"Wilfried Gnonto","LEE","F","Claim","1-Jesus live at Red Rocks","Sat May 27, 2023, 11:33AM","38"
"Ben Davies","TOT","D","Claim","1- KFFC","Fri May 26, 2023, 4:55PM","38"
"Nayef Aguerd","WHU","D","Lineup Change","1- KFFC","Fri May 26, 2023, 4:55PM","38"
"Harry Souttar","STK/LEI","D","Claim","1- KFFC","Fri May 26, 2023, 4:54PM","38"
"Cristian Romero","TOT","D","Drop","1- KFFC","Fri May 26, 2023, 4:54PM","38"
"Alejandro Garnacho","MUN","M,F","Claim","1-Mystery Box U0s","Fri May 26, 2023, 4:43PM","38"
"Jason Steele","BHA","G","Drop","1-Mystery Box U0s","Fri May 26, 2023, 4:43PM","38"
"Kepa","CHE","G","Claim","1-Leo Gerard U3s Team","Fri May 26, 2023, 1:34PM","38"
"Joelinton","NEW","M","Drop","1-Leo Gerard U3s Team","Fri May 26, 2023, 1:28PM","38"
"Neto","BOU","G","Claim","1-Vecna's Møst Hated XI","Fri May 26, 2023, 12:01PM","38"
"Issa Diop","WHU/FUL","D","Drop","1-Vecna's Møst Hated XI","Fri May 26, 2023, 12:01PM","38"
"Lucas Digne","AVL","D","Claim","1-Mystery Box U0s","Fri May 26, 2023, 11:23AM","38"
"Carlos Vinicius","TOT/FUL","F","Claim","1-TAAp in Merchants","Fri May 26, 2023, 8:14AM","38"
"Trevoh Chalobah","CHE","D","Drop","1-TAAp in Merchants","Fri May 26, 2023, 8:14AM","38"
"Cristian Romero","TOT","D","Claim","1- KFFC","Thu May 25, 2023, 9:17PM","38"
"Patson Daka","LEI","F","Drop","1- KFFC","Thu May 25, 2023, 9:17PM","38"
"Fabio Vieira","ARS","M","Claim","1-Vecna's Møst Hated XI","Thu May 25, 2023, 9:05PM","38"
"Ruben Loftus-Cheek","CHE","M","Drop","1-Vecna's Møst Hated XI","Thu May 25, 2023, 9:05PM","38"
"Eddie Nketiah","ARS","F","Claim","1-Vecna's Møst Hated XI","Thu May 25, 2023, 9:05PM","38"
"Fred","MUN","M","Claim","1-Leo Gerard U3s Team","Thu May 25, 2023, 9:04PM","38"
"Yoane Wissa","BRF","F","Drop","1-Leo Gerard U3s Team","Thu May 25, 2023, 9:02PM","38"
"Vitalii Mykolenko","EVE","D","Claim","1-Leo Gerard U3s Team","Thu May 25, 2023, 9:01PM","38"
"Konstantinos Tsimikas","LIV","D","Claim","1-Leo Gerard U3s Team","Thu May 25, 2023, 9:00PM","38"
"Reiss Nelson","ARS","F","Claim","1-Commissioner Gordon & the Tark Knight","Thu May 25, 2023, 9:00PM","38"
"Danny Ings","AVL/WHU","F","Claim","1-Commissioner Gordon & the Tark Knight","Thu May 25, 2023, 9:00PM","38"
"Martin Dubravka","NEW/MUN","G","Claim","1-Mystery Box U0s","Thu May 25, 2023, 9:00PM","38"
"Amadou Onana","EVE","M","Claim","1-Commissioner Gordon & the Tark Knight","Thu May 25, 2023, 9:00PM","38"
"Romeo Lavia","SOU","M","Claim","1-Mystery Box U0s","Thu May 25, 2023, 9:00PM","38"
"Danilo","NOT","M","Claim","1- KFFC","Thu May 25, 2023, 9:00PM","38"
"Joel Veltman","BHA","D","Drop","1- KFFC","Thu May 25, 2023, 9:00PM","38"
"Michael Keane","EVE","D","Claim","1-Commissioner Gordon & the Tark Knight","Thu May 25, 2023, 9:00PM","38"
"Adama Traore","WOL","F","Claim","1-Mystery Box U0s","Thu May 25, 2023, 9:00PM","38"
"Stefan Ortega","MCI","G","Claim","1- KFFC","Thu May 25, 2023, 9:00PM","38"
"Sam Johnstone","CRY","G","Drop","1- KFFC","Thu May 25, 2023, 9:00PM","38"
"Lewis Dunk","BHA","D","Drop","1-Commissioner Gordon & the Tark Knight","Thu May 25, 2023, 8:37PM","38"
"Daniel Podence","WOL","F","Drop","1-Commissioner Gordon & the Tark Knight","Thu May 25, 2023, 8:37PM","38"
"Wilfred Ndidi","LEI","M","Drop","1-Commissioner Gordon & the Tark Knight","Thu May 25, 2023, 8:31PM","38"
"Mohammed Salisu","SOU","D","Drop","1-Mystery Box U0s","Thu May 25, 2023, 8:20PM","38"
"Arnaut Danjuma Groeneveld","BOU/TOT","M,F","Drop","1-Jesus live at Red Rocks","Thu May 25, 2023, 8:05PM","38"
"Kyle Walker","MCI","D","Drop","1- KFFC","Thu May 25, 2023, 5:11PM","38"
"Boubakary Soumare","LEI","M","Drop","1-Mystery Box U0s","Wed May 24, 2023, 6:15PM","38"
"Luke Ayling","LEE","D","Drop","1-Leo Gerard U3s Team","Wed May 24, 2023, 10:33AM","38"
"James Bree","AVL/SOU","D","Drop","1-Leo Gerard U3s Team","Wed May 24, 2023, 10:33AM","38"
"Boubakary Soumare","LEI","M","Claim","1-Mystery Box U0s","Mon May 22, 2023, 2:35PM","37"
"Kelechi Iheanacho","LEI","F","Claim","1-Commissioner Gordon & the Tark Knight","Mon May 22, 2023, 2:13PM","37"
"Wilfred Ndidi","LEI","M","Claim","1-Commissioner Gordon & the Tark Knight","Mon May 22, 2023, 2:12PM","37"
"Elliot Anderson","NEW","M","Drop","1-Commissioner Gordon & the Tark Knight","Mon May 22, 2023, 2:12PM","37"
"Lewis Hall","CHE","M","Claim","1- KFFC","Sun May 21, 2023, 10:09AM","37"
"Sergio Gomez","MCI","M","Drop","1- KFFC","Sun May 21, 2023, 10:09AM","37"
"Sergio Gomez","MCI","M","Claim","1- KFFC","Sun May 21, 2023, 10:07AM","37"
"Kepa","CHE","G","Drop","1- KFFC","Sun May 21, 2023, 10:07AM","37"
"Kyle Walker","MCI","D","Claim","1- KFFC","Sun May 21, 2023, 10:04AM","37"
"John Stones","MCI","D","Drop","1- KFFC","Sun May 21, 2023, 10:04AM","37"
"Ruben Loftus-Cheek","CHE","M","Claim","1-Vecna's Møst Hated XI","Sun May 21, 2023, 8:56AM","37"
"Mohamed Elyounoussi","SOU","M","Drop","1-Vecna's Møst Hated XI","Sun May 21, 2023, 8:56AM","37"
"Mohamed Elyounoussi","SOU","M","Claim","1-Vecna's Møst Hated XI","Sun May 21, 2023, 8:55AM","37"
"Joel Veltman","BHA","D","Claim","1- KFFC","Sun May 21, 2023, 8:33AM","37"
"Jan-Paul van Hecke","BHA","D","Drop","1-Vecna's Møst Hated XI","Sun May 21, 2023, 8:21AM","37"
"James Bree","AVL/SOU","D","Claim","1-Leo Gerard U3s Team","Sun May 21, 2023, 8:14AM","37"
"Cole Palmer","MCI","M","Claim","1-Leo Gerard U3s Team","Sat May 20, 2023, 3:42PM","37"
"Reiss Nelson","ARS","F","Drop","1-Jesus live at Red Rocks","Sat May 20, 2023, 11:33AM","37"
"Jan-Paul van Hecke","BHA","D","Claim","1-Vecna's Møst Hated XI","Sat May 20, 2023, 11:32AM","37"
"Kieran Tierney","ARS","D","Drop","1-Vecna's Møst Hated XI","Sat May 20, 2023, 11:32AM","37"
"Lucas Digne","AVL","D","Drop","1-Commissioner Gordon & the Tark Knight","Sat May 20, 2023, 11:17AM","38"
"Tyrell Malacia","MUN","D","Claim","1-john lim","Sat May 20, 2023, 9:55AM","37"
"Adama Traore","WOL","F","Drop","1-Leo Gerard U3s Team","Sat May 20, 2023, 9:55AM","37"
"Reiss Nelson","ARS","F","Claim","1-Jesus live at Red Rocks","Sat May 20, 2023, 9:52AM","37"
"Kyle Walker","MCI","D","Drop","1-Jesus live at Red Rocks","Sat May 20, 2023, 9:52AM","37"
"Kyle Walker","MCI","D","Claim","1-Jesus live at Red Rocks","Sat May 20, 2023, 9:49AM","37"
"Emiliano Buendia","AVL","M","Drop","1-Commissioner Gordon & the Tark Knight","Sat May 20, 2023, 9:47AM","37"
"Matty Cash","AVL","D","Drop","1-Leo Gerard U3s Team","Sat May 20, 2023, 9:42AM","37"
"Adama Traore","WOL","F","Claim","1-Leo Gerard U3s Team","Sat May 20, 2023, 9:41AM","37"
"Lyanco","SOU","D","Drop","1-Leo Gerard U3s Team","Sat May 20, 2023, 9:41AM","37"
"Adama Traore","WOL","F","Drop","1-Jesus live at Red Rocks","Sat May 20, 2023, 9:39AM","37"
"Pedro Neto","WOL","F","Drop","1-Mystery Box U0s","Sat May 20, 2023, 9:23AM","37"
"Matheus Nunes","WOL","M","Drop","1-Mystery Box U0s","Sat May 20, 2023, 9:23AM","37"
"David Brooks","BOU","M","Drop","1-Midtable Merchant","Sat May 20, 2023, 9:10AM","37"
"David Brooks","BOU","M","Claim","1-Midtable Merchant","Sat May 20, 2023, 9:09AM","37"
"Gabriel Martinelli","ARS","M","Drop","1-Midtable Merchant","Sat May 20, 2023, 9:08AM","37"
"Alejandro Garnacho","MUN","M,F","Drop","1-Midtable Merchant","Sat May 20, 2023, 9:07AM","37"
"Odsonne Edouard","CRY","F","Claim","1-Midtable Merchant","Sat May 20, 2023, 9:07AM","37"
"Carlos Vinicius","TOT/FUL","F","Drop","1-Midtable Merchant","Sat May 20, 2023, 9:07AM","37"
"Tyrell Malacia","MUN","D","Drop","1-Vecna's Møst Hated XI","Sat May 20, 2023, 9:03AM","37"
"Adama Traore","WOL","F","Claim","1-Jesus live at Red Rocks","Sat May 20, 2023, 9:03AM","37"
"Tom Cairney","FUL","M","Drop","1-Jesus live at Red Rocks","Sat May 20, 2023, 9:03AM","37"
"Daniel Podence","WOL","F","Claim","1-Commissioner Gordon & the Tark Knight","Sat May 20, 2023, 9:02AM","37"
"Cheick Doucoure","CRY","M","Drop","1-Commissioner Gordon & the Tark Knight","Sat May 20, 2023, 9:02AM","37"
"Lucas Digne","AVL","D","Claim","1-Commissioner Gordon & the Tark Knight","Sat May 20, 2023, 9:00AM","37"
"Jose Sa","WOL","G","Drop","1-Commissioner Gordon & the Tark Knight","Sat May 20, 2023, 9:00AM","37"
"Arnaut Danjuma Groeneveld","BOU/TOT","M,F","Claim","1-Jesus live at Red Rocks","Sat May 20, 2023, 6:35AM","37"
"Cristian Romero","TOT","D","Drop","1-Jesus live at Red Rocks","Sat May 20, 2023, 6:35AM","37"
"Yoane Wissa","BRF","F","Claim","1-Leo Gerard U3s Team","Fri May 19, 2023, 8:28PM","37"
"Lyanco","SOU","D","Claim","1-Leo Gerard U3s Team","Fri May 19, 2023, 8:27PM","37"
"Luke Ayling","LEE","D","Claim","1-Leo Gerard U3s Team","Fri May 19, 2023, 8:27PM","37"
"Billy Gilmour","CHE/BHA","M","Drop","1-Leo Gerard U3s Team","Fri May 19, 2023, 8:26PM","37"
"Jan-Paul van Hecke","BHA","D","Drop","1-Leo Gerard U3s Team","Fri May 19, 2023, 8:26PM","37"
"Rico Lewis","MCI","D","Claim","1-Vecna's Møst Hated XI","Fri May 19, 2023, 8:12PM","37"
"Benoit Badiashile","CHE","D","Drop","1-Vecna's Møst Hated XI","Fri May 19, 2023, 8:12PM","37"
"Elliot Anderson","NEW","M","Claim","1-Commissioner Gordon & the Tark Knight","Fri May 19, 2023, 2:50PM","37"
"Facundo Buonanotte","BHA","M","Drop","1-Commissioner Gordon & the Tark Knight","Fri May 19, 2023, 2:50PM","37"
"Daniel Bentley","WOL","G","Claim","1-Commissioner Gordon & the Tark Knight","Fri May 19, 2023, 2:31PM","37"
"Neto","BOU","G","Drop","1-Commissioner Gordon & the Tark Knight","Fri May 19, 2023, 2:31PM","37"
"Jefferson Lerma","BOU","M","Drop","1- KFFC","Fri May 19, 2023, 12:47PM","37"
"Kepa","CHE","G","Claim","1- KFFC","Fri May 19, 2023, 12:45PM","37"
"Wilfried Zaha","CRY","F","Drop","1- KFFC","Fri May 19, 2023, 12:45PM","37"
"Levi Colwill","BHA","D","Claim","1-Midtable Merchant","Fri May 19, 2023, 12:34PM","37"
"Anthony Gordon","EVE/NEW","M","Drop","1-Midtable Merchant","Fri May 19, 2023, 12:34PM","37"
"Alejandro Garnacho","MUN","M,F","Claim","1-Midtable Merchant","Fri May 19, 2023, 12:33PM","37"
"Chris Mepham","BOU","D","Drop","1-Midtable Merchant","Fri May 19, 2023, 12:33PM","37"
"Tyrell Malacia","MUN","D","Claim","1-Vecna's Møst Hated XI","Thu May 18, 2023, 9:13PM","37"
"Billy Gilmour","CHE/BHA","M","Claim","1-Leo Gerard U3s Team","Thu May 18, 2023, 9:00PM","37"
"Jan-Paul van Hecke","BHA","D","Claim","1-Leo Gerard U3s Team","Thu May 18, 2023, 9:00PM","37"
"Will Hughes","CRY","M","Claim","1-Commissioner Gordon & the Tark Knight","Thu May 18, 2023, 9:00PM","37"
"Trevoh Chalobah","CHE","D","Claim","1-TAAp in Merchants","Thu May 18, 2023, 9:00PM","37"
"Ben Davies","TOT","D","Drop","1-TAAp in Merchants","Thu May 18, 2023, 9:00PM","37"
"Boubakary Soumare","LEI","M","Drop","1-Vecna's Møst Hated XI","Thu May 18, 2023, 4:36PM","37"
"Mateo Kovacic","CHE","M","Drop","1-Midtable Merchant","Thu May 18, 2023, 8:47AM","37"
"Ivan Toney","BRF","F","Drop","1-Commissioner Gordon & the Tark Knight","Wed May 17, 2023, 2:08PM","37"
"Boubakary Soumare","LEI","M","Claim","1-Vecna's Møst Hated XI","Mon May 15, 2023, 2:20PM","36"
"Kiernan Dewsbury-Hall","LEI","M","Drop","1-Vecna's Møst Hated XI","Mon May 15, 2023, 2:20PM","36"
"Jordan Henderson","LIV","M","Claim","1-Autodraft Relegated FC","Mon May 15, 2023, 2:04PM","36"
"Harvey Elliott","LIV","M","Drop","1-Autodraft Relegated FC","Mon May 15, 2023, 2:04PM","36"
"Kiernan Dewsbury-Hall","LEI","M","Claim","1-Vecna's Møst Hated XI","Sun May 14, 2023, 11:40PM","36"
"Emerson","CHE/WHU","D","Drop","1-Leo Gerard U3s Team","Sun May 14, 2023, 8:56AM","36"
"Aaron Hickey","BRF","D","Drop","1-Leo Gerard U3s Team","Sun May 14, 2023, 8:50AM","36"
"Emerson","CHE/WHU","D","Claim","1-Leo Gerard U3s Team","Sun May 14, 2023, 8:42AM","36"
"Aaron Hickey","BRF","D","Claim","1-Leo Gerard U3s Team","Sun May 14, 2023, 8:42AM","36"
"Nayef Aguerd","WHU","D","Claim","1- KFFC","Sun May 14, 2023, 8:40AM","36"
"Kurt Zouma","WHU","D","Drop","1- KFFC","Sun May 14, 2023, 8:40AM","36"
"Manuel Akanji","MCI","D","Claim","1-Autodraft Relegated FC","Sun May 14, 2023, 8:06AM","36"
"Vitalii Mykolenko","EVE","D","Drop","1-Autodraft Relegated FC","Sun May 14, 2023, 8:06AM","36"
"Sam Johnstone","CRY","G","Claim","1- KFFC","Sat May 13, 2023, 9:32AM","36"
"Kepa","CHE","G","Drop","1- KFFC","Sat May 13, 2023, 9:32AM","36"
"Mohammed Salisu","SOU","D","Claim","1-Mystery Box U0s","Sat May 13, 2023, 9:23AM","36"
"Cheick Doucoure","CRY","M","Claim","1-Commissioner Gordon & the Tark Knight","Sat May 13, 2023, 9:20AM","36"
"Danilo","NOT","M","Drop","1-Commissioner Gordon & the Tark Knight","Sat May 13, 2023, 9:20AM","36"
"Danilo","NOT","M","Claim","1-Commissioner Gordon & the Tark Knight","Sat May 13, 2023, 9:09AM","36"
"Ainsley Maitland-Niles","ARS/SOU","M","Drop","1-Commissioner Gordon & the Tark Knight","Sat May 13, 2023, 9:09AM","36"
"Oleksandr Zinchenko","ARS","D,M","Drop","1-john lim","Sat May 13, 2023, 9:09AM","36"
"Cheick Doucoure","CRY","M","Drop","1-john lim","Sat May 13, 2023, 9:06AM","36"
"Leon Bailey","AVL","F","Claim","1-john lim","Sat May 13, 2023, 9:06AM","36"
"Michael Keane","EVE","D","Drop","1-Mystery Box U0s","Sat May 13, 2023, 9:05AM","36"
"Jakub Kiwior","ARS","D","Drop","1-Mystery Box U0s","Sat May 13, 2023, 9:05AM","36"
"Marcel Sabitzer","MUN","M","Drop","1-john lim","Sat May 13, 2023, 9:05AM","36"
"Neto","BOU","G","Claim","1-Commissioner Gordon & the Tark Knight","Sat May 13, 2023, 9:04AM","36"
"Kamaldeen Sulemana","SOU","M","Drop","1-Commissioner Gordon & the Tark Knight","Sat May 13, 2023, 9:04AM","36"
"Kyle Walker-Peters","SOU","D","Claim","1-Midtable Merchant","Sat May 13, 2023, 9:04AM","36"
"Victor Kristiansen","LEI","D","Drop","1-Midtable Merchant","Sat May 13, 2023, 9:04AM","36"
"Ainsley Maitland-Niles","ARS/SOU","M","Claim","1-Commissioner Gordon & the Tark Knight","Sat May 13, 2023, 9:03AM","36"
"Carlos Vinicius","TOT/FUL","F","Claim","1-Midtable Merchant","Sat May 13, 2023, 9:03AM","36"
"Mateo Kovacic","CHE","M","Claim","1-Midtable Merchant","Sat May 13, 2023, 9:02AM","36"
"Pablo Fornals","WHU","M","Drop","1-Midtable Merchant","Sat May 13, 2023, 9:02AM","36"
"Harrison Reed","FUL","M","Claim","1-john lim","Sat May 13, 2023, 9:02AM","36"
"Cheick Doucoure","CRY","M","Claim","1-john lim","Sat May 13, 2023, 9:02AM","36"
"Hakim Ziyech","CHE","M","Drop","1-Vecna's Møst Hated XI","Sat May 13, 2023, 9:01AM","36"
"Jeffrey Schlupp","CRY","M","Drop","1-john lim","Sat May 13, 2023, 9:01AM","36"
"Chris Mepham","BOU","D","Claim","1-Midtable Merchant","Sat May 13, 2023, 9:00AM","36"
"Adam Webster","BHA","D","Drop","1-Midtable Merchant","Sat May 13, 2023, 9:00AM","36"
"Nathan Ake","MCI","D","Drop","1-john lim","Sat May 13, 2023, 8:50AM","36"
"Raphael Varane","MUN","D","Claim","1-Mystery Box U0s","Fri May 12, 2023, 11:19AM","36"
"Mohammed Salisu","SOU","D","Drop","1-Mystery Box U0s","Fri May 12, 2023, 11:19AM","36"
"Jakub Kiwior","ARS","D","Claim","1-Mystery Box U0s","Thu May 11, 2023, 1:27PM","36"
"Mykhailo Mudryk","CHE","M","Drop","1-Mystery Box U0s","Thu May 11, 2023, 1:27PM","36"
"Kieran Tierney","ARS","D","Claim","1-Vecna's Møst Hated XI","Thu May 11, 2023, 1:05PM","36"
"Wilfried Gnonto","LEE","F","Drop","1-Vecna's Møst Hated XI","Thu May 11, 2023, 1:05PM","36"
"Hakim Ziyech","CHE","M","Claim","1-Vecna's Møst Hated XI","Thu May 11, 2023, 11:31AM","36"
"Romeo Lavia","SOU","M","Drop","1-Vecna's Møst Hated XI","Thu May 11, 2023, 11:31AM","36"
"Issa Diop","WHU/FUL","D","Claim","1-Vecna's Møst Hated XI","Thu May 11, 2023, 11:31AM","36"
"Lyanco","SOU","D","Drop","1-Vecna's Møst Hated XI","Thu May 11, 2023, 11:31AM","36"
"Mohammed Salisu","SOU","D","Claim","1-Mystery Box U0s","Wed May 10, 2023, 9:40AM","36"
"Kevin Schade","BRF","M","Claim","1-Vecna's Møst Hated XI","Wed May 10, 2023, 12:05AM","36"
"Bertrand Traore","AVL","M,F","Drop","1-Vecna's Møst Hated XI","Wed May 10, 2023, 12:05AM","36"
"Lyanco","SOU","D","Claim","1-Vecna's Møst Hated XI","Wed May 10, 2023, 12:05AM","36"
"Aaron Cresswell","WHU","D","Drop","1-Vecna's Møst Hated XI","Wed May 10, 2023, 12:05AM","36"
"Carlos Vinicius","TOT/FUL","F","Drop","1-Jesus live at Red Rocks","Tue May 9, 2023, 11:40PM","36"
"Victor Lindelof","MUN","D","Claim","1-Commissioner Gordon & the Tark Knight","Tue May 9, 2023, 9:37PM","36"
"Rodrigo","LEE","F","Claim","1-Vecna's Møst Hated XI","Tue May 9, 2023, 9:14PM","36"
"Renan Lodi","NOT","D","Drop","1-Vecna's Møst Hated XI","Tue May 9, 2023, 9:14PM","36"
"Matheus Nunes","WOL","M","Claim","1-Mystery Box U0s","Tue May 9, 2023, 9:00PM","36"
"Tom Cairney","FUL","M","Claim","1-Jesus live at Red Rocks","Tue May 9, 2023, 9:00PM","36"
"Dan Burn","NEW","D","Claim","1-Drafted@3am FC","Tue May 9, 2023, 9:00PM","36"
"Harry Souttar","STK/LEI","D","Drop","1-Drafted@3am FC","Tue May 9, 2023, 9:00PM","36"
"Caglar Soyuncu","LEI","D","Drop","1-Jesus live at Red Rocks","Tue May 9, 2023, 9:58AM","36"
"Jan Bednarek","SOU/AVL","D","Drop","1-Mystery Box U0s","Tue May 9, 2023, 5:49AM","36"
"Aymeric Laporte","MCI","D","Drop","1-Leo Gerard U3s Team","Tue May 9, 2023, 1:15AM","36"
"Manuel Akanji","MCI","D","Drop","1-Leo Gerard U3s Team","Tue May 9, 2023, 1:14AM","36"
"Armel Bella Kotchap","SOU","D","Drop","1-Commissioner Gordon & the Tark Knight","Mon May 8, 2023, 4:39PM","36"
"Romeo Lavia","SOU","M","Claim","1-Vecna's Møst Hated XI","Mon May 8, 2023, 2:03PM","35"
"Emmanuel Dennis","WAT/NOT","F","Drop","1-Vecna's Møst Hated XI","Mon May 8, 2023, 2:03PM","35"
"Jan Bednarek","SOU/AVL","D","Claim","1-Mystery Box U0s","Mon May 8, 2023, 11:36AM","35"
"Yerry Mina","EVE","D","Claim","1-Mystery Box U0s","Mon May 8, 2023, 11:33AM","35"
"Levi Colwill","BHA","D","Drop","1-Leo Gerard U3s Team","Mon May 8, 2023, 11:31AM","35"
"Joel Ward","CRY","D","Claim","1-Jesus live at Red Rocks","Sat May 6, 2023, 9:28AM","35"
"Dan Burn","NEW","D","Drop","1-Jesus live at Red Rocks","Sat May 6, 2023, 9:28AM","35"
"Patson Daka","LEI","F","Claim","1- KFFC","Sat May 6, 2023, 9:25AM","35"
"Joel Ward","CRY","D","Drop","1- KFFC","Sat May 6, 2023, 9:25AM","35"
"Bertrand Traore","AVL","M,F","Claim","1-Vecna's Møst Hated XI","Sat May 6, 2023, 9:09AM","35"
"Romeo Lavia","SOU","M","Drop","1-Vecna's Møst Hated XI","Sat May 6, 2023, 9:09AM","35"
"Adama Traore","WOL","F","Drop","1-Mystery Box U0s","Sat May 6, 2023, 9:09AM","35"
"Emmanuel Dennis","WAT/NOT","F","Claim","1-Vecna's Møst Hated XI","Sat May 6, 2023, 9:05AM","35"
"Matias Vina","BOU","D","Drop","1-Vecna's Møst Hated XI","Sat May 6, 2023, 9:05AM","35"
"Matheus Nunes","WOL","M","Drop","1-Commissioner Gordon & the Tark Knight","Sat May 6, 2023, 9:04AM","35"
"Nathan Ake","MCI","D","Claim","1-john lim","Sat May 6, 2023, 9:02AM","35"
"Jeffrey Schlupp","CRY","M","Claim","1-john lim","Sat May 6, 2023, 9:02AM","35"
"Robin Koch","LEE","D","Drop","1-john lim","Sat May 6, 2023, 9:01AM","35"
"Emerson Royal","TOT","D","Claim","1-Commissioner Gordon & the Tark Knight","Sat May 6, 2023, 9:00AM","35"
"Chris Mepham","BOU","D","Drop","1-Commissioner Gordon & the Tark Knight","Sat May 6, 2023, 9:00AM","35"
"Manuel Akanji","MCI","D","Claim","1-Leo Gerard U3s Team","Fri May 5, 2023, 9:55PM","35"
"Matty Cash","AVL","D","Claim","1-Leo Gerard U3s Team","Fri May 5, 2023, 9:54PM","35"
"Manuel Akanji","MCI","D","Drop","1-Leo Gerard U3s Team","Fri May 5, 2023, 9:54PM","35"
"Renan Lodi","NOT","D","Claim","1-Vecna's Møst Hated XI","Fri May 5, 2023, 8:40PM","35"
"Matty Cash","AVL","D","Drop","1-Vecna's Møst Hated XI","Fri May 5, 2023, 8:39PM","35"
"Aymeric Laporte","MCI","D","Claim","1-Leo Gerard U3s Team","Fri May 5, 2023, 2:05PM","35"
"Levi Colwill","BHA","D","Claim","1-Leo Gerard U3s Team","Fri May 5, 2023, 2:04PM","35"
"Hamed Traore","BOU","M","Drop","1-Leo Gerard U3s Team","Fri May 5, 2023, 2:04PM","35"
"Deniz Undav","BHA","F","Claim","1-Leo Gerard U3s Team","Fri May 5, 2023, 2:04PM","35"
"Amadou Onana","EVE","M","Drop","1-Leo Gerard U3s Team","Fri May 5, 2023, 2:03PM","35"
"Duje Caleta-Car","SOU","D","Drop","1-Leo Gerard U3s Team","Fri May 5, 2023, 2:02PM","35"
"Joel Matip","LIV","D","Drop","1-Leo Gerard U3s Team","Fri May 5, 2023, 2:02PM","35"
"Taiwo Awoniyi","NOT","F","Claim","1-Drafted@3am FC","Fri May 5, 2023, 7:19AM","35"
"Manor Solomon","FUL","F","Drop","1-Drafted@3am FC","Fri May 5, 2023, 7:19AM","35"
"Wout Faes","LEI","D","Claim","1-Drafted@3am FC","Fri May 5, 2023, 7:18AM","35"
"Thiago Alcântara","LIV","M","Lineup Change","1-Drafted@3am FC","Fri May 5, 2023, 7:18AM","35"
"Matty Cash","AVL","D","Claim","1-Vecna's Møst Hated XI","Fri May 5, 2023, 5:28AM","35"
"Sean Longstaff","NEW","M","Drop","1-Vecna's Møst Hated XI","Fri May 5, 2023, 5:28AM","35"
"Aaron Cresswell","WHU","D","Claim","1-Vecna's Møst Hated XI","Fri May 5, 2023, 5:26AM","35"
"Tyrell Malacia","MUN","D","Drop","1-Vecna's Møst Hated XI","Fri May 5, 2023, 5:26AM","35"
"Romeo Lavia","SOU","M","Claim","1-Vecna's Møst Hated XI","Fri May 5, 2023, 5:24AM","35"
"Joel Veltman","BHA","D","Drop","1-Vecna's Møst Hated XI","Fri May 5, 2023, 5:22AM","35"
"Armel Bella Kotchap","SOU","D","Claim","1-Commissioner Gordon & the Tark Knight","Thu May 4, 2023, 9:11PM","35"
"Kiernan Dewsbury-Hall","LEI","M","Drop","1-Commissioner Gordon & the Tark Knight","Thu May 4, 2023, 9:11PM","35"
"Manuel Akanji","MCI","D","Claim","1-Leo Gerard U3s Team","Thu May 4, 2023, 9:08PM","35"
"Victor Lindelof","MUN","D","Drop","1-Leo Gerard U3s Team","Thu May 4, 2023, 9:08PM","35"
"Amadou Onana","EVE","M","Claim","1-Leo Gerard U3s Team","Thu May 4, 2023, 9:07PM","35"
"Konstantinos Tsimikas","LIV","D","Drop","1-Leo Gerard U3s Team","Thu May 4, 2023, 9:07PM","35"
"Duje Caleta-Car","SOU","D","Claim","1-Leo Gerard U3s Team","Thu May 4, 2023, 9:07PM","35"
"Boubakary Soumare","LEI","M","Drop","1-Leo Gerard U3s Team","Thu May 4, 2023, 9:07PM","35"
"Jefferson Lerma","BOU","M","Claim","1- KFFC","Thu May 4, 2023, 9:00PM","35"
"Mykhailo Mudryk","CHE","M","Claim","1-Mystery Box U0s","Thu May 4, 2023, 9:00PM","35"
"Carlos Vinicius","TOT/FUL","F","Claim","1-Jesus live at Red Rocks","Thu May 4, 2023, 9:00PM","35"
"Joel Ward","CRY","D","Claim","1- KFFC","Thu May 4, 2023, 9:00PM","35"
"Kamaldeen Sulemana","SOU","M","Claim","1-Commissioner Gordon & the Tark Knight","Thu May 4, 2023, 9:00PM","35"
"Ben Davies","TOT","D","Claim","1-TAAp in Merchants","Thu May 4, 2023, 9:00PM","35"
"Kyle Walker","MCI","D","Drop","1-Mystery Box U0s","Thu May 4, 2023, 8:38PM","35"
"Harrison Reed","FUL","M","Drop","1-Mystery Box U0s","Thu May 4, 2023, 8:36PM","35"
"Liam Cooper","LEE","D","Drop","1-Jesus live at Red Rocks","Thu May 4, 2023, 7:07PM","35"
"Fabinho","LIV","M","Drop","1-Commissioner Gordon & the Tark Knight","Thu May 4, 2023, 5:14PM","35"
"Noni Madueke","CHE","F","Claim","1-Leo Gerard U3s Team","Tue May 2, 2023, 2:14PM","34"
"Andreas Pereira","FUL","M","Drop","1- KFFC","Mon May 1, 2023, 5:04PM","35"
"Benoit Badiashile","CHE","D","Claim","1-Vecna's Møst Hated XI","Mon May 1, 2023, 3:31PM","34"
"Boubakary Soumare","LEI","M","Claim","1-Leo Gerard U3s Team","Mon May 1, 2023, 2:34PM","34"
"Konstantinos Tsimikas","LIV","D","Claim","1-Leo Gerard U3s Team","Sun Apr 30, 2023, 11:06AM","34"
"Harvey Elliott","LIV","M","Claim","1-Autodraft Relegated FC","Sun Apr 30, 2023, 10:41AM","34"
"Jordan Henderson","LIV","M","Drop","1-Autodraft Relegated FC","Sun Apr 30, 2023, 10:41AM","34"
"Manuel Akanji","MCI","D","Drop","1-Mystery Box U0s","Sun Apr 30, 2023, 8:53AM","34"
"Cristian Romero","TOT","D","Claim","1-Jesus live at Red Rocks","Sun Apr 30, 2023, 8:16AM","34"
"Brenden Aaronson","LEE","M","Drop","1-Vecna's Møst Hated XI","Sun Apr 30, 2023, 8:05AM","34"
"Anthony Gordon","EVE/NEW","M","Claim","1-Midtable Merchant","Sun Apr 30, 2023, 8:04AM","34"
"Rodrigo","LEE","F","Drop","1-Midtable Merchant","Sun Apr 30, 2023, 8:04AM","34"
"Kyle Walker","MCI","D","Claim","1-Mystery Box U0s","Sun Apr 30, 2023, 8:01AM","34"
"Daniel James","LEE/FUL","M","Drop","1-Mystery Box U0s","Sun Apr 30, 2023, 8:01AM","34"
"Manuel Akanji","MCI","D","Claim","1-Mystery Box U0s","Sun Apr 30, 2023, 1:12AM","34"
"Neto","BOU","G","Drop","1-Mystery Box U0s","Sun Apr 30, 2023, 1:12AM","34"
"Deniz Undav","BHA","F","Drop","1-Jesus live at Red Rocks","Sat Apr 29, 2023, 9:58AM","34"
"Sam Johnstone","CRY","G","Drop","1- KFFC","Sat Apr 29, 2023, 9:52AM","35"
"Daniel James","LEE/FUL","M","Claim","1-Mystery Box U0s","Sat Apr 29, 2023, 9:17AM","34"
"Harrison Reed","FUL","M","Claim","1-Mystery Box U0s","Sat Apr 29, 2023, 9:17AM","34"
"Kelechi Iheanacho","LEI","F","Drop","1-Mystery Box U0s","Sat Apr 29, 2023, 9:16AM","34"
"Pedro Neto","WOL","F","Claim","1-Mystery Box U0s","Sat Apr 29, 2023, 9:13AM","34"
"Wilfried Gnonto","LEE","F","Claim","1-Vecna's Møst Hated XI","Sat Apr 29, 2023, 9:08AM","34"
"Yoane Wissa","BRF","F","Drop","1-Vecna's Møst Hated XI","Sat Apr 29, 2023, 9:04AM","34"
"Deniz Undav","BHA","F","Claim","1-Jesus live at Red Rocks","Sat Apr 29, 2023, 9:02AM","34"
"Cristian Romero","TOT","D","Drop","1-Jesus live at Red Rocks","Sat Apr 29, 2023, 9:02AM","34"
"Adam Webster","BHA","D","Claim","1-Midtable Merchant","Sat Apr 29, 2023, 9:02AM","34"
"Mykhailo Mudryk","CHE","M","Drop","1-Midtable Merchant","Sat Apr 29, 2023, 9:02AM","34"
"Tyrell Malacia","MUN","D","Claim","1-Vecna's Møst Hated XI","Sat Apr 29, 2023, 8:38AM","34"
"Amadou Onana","EVE","M","Drop","1-Vecna's Møst Hated XI","Sat Apr 29, 2023, 8:38AM","34"
"Joel Veltman","BHA","D","Claim","1-Vecna's Møst Hated XI","Sat Apr 29, 2023, 6:40AM","34"
"Aaron Cresswell","WHU","D","Drop","1-Vecna's Møst Hated XI","Sat Apr 29, 2023, 6:40AM","34"
"Pablo Fornals","WHU","M","Claim","1-Midtable Merchant","Sat Apr 29, 2023, 6:40AM","34"
"Tim Ream","FUL","D","Drop","1-Midtable Merchant","Sat Apr 29, 2023, 6:40AM","34"
"Nayef Aguerd","WHU","D","Drop","1-Mystery Box U0s","Sat Apr 29, 2023, 3:49AM","34"
"Lukasz Fabianski","WHU","G","Drop","1-Mystery Box U0s","Sat Apr 29, 2023, 3:49AM","34"
"Neco Williams","NOT","D","Drop","1-Drafted@3am FC","Fri Apr 28, 2023, 11:08PM","34"
"Ben White","ARS","D","Claim","1-Drafted@3am FC","Fri Apr 28, 2023, 11:02PM","34"
"Neco Williams","NOT","D","Lineup Change","1-Drafted@3am FC","Fri Apr 28, 2023, 11:02PM","34"
"Chris Mepham","BOU","D","Claim","1-Commissioner Gordon & the Tark Knight","Fri Apr 28, 2023, 9:04PM","34"
"Fabinho","LIV","M","Claim","1-Commissioner Gordon & the Tark Knight","Fri Apr 28, 2023, 9:04PM","34"
"Nayef Aguerd","WHU","D","Claim","1-Mystery Box U0s","Fri Apr 28, 2023, 9:00PM","34"
"Wout Faes","LEI","D","Drop","1-Mystery Box U0s","Fri Apr 28, 2023, 9:00PM","34"
"Cristian Romero","TOT","D","Claim","1-Jesus live at Red Rocks","Fri Apr 28, 2023, 9:00PM","34"
"Lukasz Fabianski","WHU","G","Claim","1-Mystery Box U0s","Fri Apr 28, 2023, 9:00PM","34"
"Carlos Alcaraz","SOU","M","Drop","1-Mystery Box U0s","Fri Apr 28, 2023, 9:00PM","34"
"Julio Enciso","BHA","F","Claim","1-Leo Gerard U3s Team","Fri Apr 28, 2023, 9:00PM","34"
"Abdoulaye Doucoure","EVE","M","Claim","1-Jesus live at Red Rocks","Fri Apr 28, 2023, 9:00PM","34"
"John Stones","MCI","D","Claim","1- KFFC","Fri Apr 28, 2023, 9:00PM","34"
"Toti","WOL","D","Drop","1- KFFC","Fri Apr 28, 2023, 9:00PM","34"
"Jason Steele","BHA","G","Claim","1-Mystery Box U0s","Fri Apr 28, 2023, 9:00PM","34"
"Matheus Cunha","WOL","F","Drop","1-Mystery Box U0s","Fri Apr 28, 2023, 9:00PM","34"
"Joel Matip","LIV","D","Claim","1-Leo Gerard U3s Team","Fri Apr 28, 2023, 9:00PM","34"
"Mohamed Elyounoussi","SOU","M","Drop","1-Jesus live at Red Rocks","Fri Apr 28, 2023, 9:31AM","34"
"Tetê","LEI","F","Drop","1-Jesus live at Red Rocks","Fri Apr 28, 2023, 9:31AM","34"
"Harry Maguire","MUN","D","Drop","1-Leo Gerard U3s Team","Fri Apr 28, 2023, 8:39AM","34"
"Arnaut Danjuma Groeneveld","BOU/TOT","M,F","Drop","1-Leo Gerard U3s Team","Fri Apr 28, 2023, 8:38AM","34"
"Romain Perraud","SOU","D","Drop","1-TAAp in Merchants","Fri Apr 28, 2023, 8:30AM","34"
"Matt Targett","NEW","D","Drop","1-Commissioner Gordon & the Tark Knight","Thu Apr 27, 2023, 4:39PM","34"
"Amadou Onana","EVE","M","Claim","1-Vecna's Møst Hated XI","Thu Apr 27, 2023, 2:25PM","33"
"Carlos Alcaraz","SOU","M","Claim","1-Mystery Box U0s","Thu Apr 27, 2023, 2:21PM","33"
"Romain Perraud","SOU","D","Claim","1-TAAp in Merchants","Thu Apr 27, 2023, 2:10PM","33"
"Kamaldeen Sulemana","SOU","M","Drop","1-john lim","Thu Apr 27, 2023, 1:54PM","33"
"Ainsley Maitland-Niles","ARS/SOU","M","Drop","1-Mystery Box U0s","Thu Apr 27, 2023, 1:48PM","33"
"Matt Targett","NEW","D","Claim","1-Commissioner Gordon & the Tark Knight","Thu Apr 27, 2023, 1:46PM","33"
"Armel Bella Kotchap","SOU","D","Drop","1-Commissioner Gordon & the Tark Knight","Thu Apr 27, 2023, 1:46PM","33"
"Emmanuel Dennis","WAT/NOT","F","Drop","1-TAAp in Merchants","Wed Apr 26, 2023, 2:25PM","33"
"Levi Colwill","BHA","D","Drop","1-Commissioner Gordon & the Tark Knight","Wed Apr 26, 2023, 2:14PM","33"
"N'Golo Kante","CHE","M","Claim","1-Drafted@3am FC","Wed Apr 26, 2023, 1:53PM","33"
"Jefferson Lerma","BOU","M","Drop","1-Drafted@3am FC","Wed Apr 26, 2023, 1:53PM","33"
"Chris Mepham","BOU","D","Drop","1-Drafted@3am FC","Wed Apr 26, 2023, 1:51PM","33"
"Deniz Undav","BHA","F","Drop","1-Leo Gerard U3s Team","Wed Apr 26, 2023, 1:50PM","33"
"Marc Cucurella","CHE","D","Drop","1-Vecna's Møst Hated XI","Wed Apr 26, 2023, 1:46PM","33"
"Levi Colwill","BHA","D","Claim","1-Commissioner Gordon & the Tark Knight","Wed Apr 26, 2023, 1:32PM","33"
"Jamaal Lascelles","NEW","D","Drop","1-Commissioner Gordon & the Tark Knight","Wed Apr 26, 2023, 1:32PM","33"
"Victor Lindelof","MUN","D","Claim","1-Leo Gerard U3s Team","Tue Apr 25, 2023, 8:42PM","33"
"Julio Enciso","BHA","F","Drop","1-Leo Gerard U3s Team","Tue Apr 25, 2023, 8:42PM","33"
"Illan Meslier","LEE","G","Drop","1-Leo Gerard U3s Team","Tue Apr 25, 2023, 8:39PM","34"
"Harry Maguire","MUN","D","Claim","1-Leo Gerard U3s Team","Tue Apr 25, 2023, 8:38PM","33"
"David de Gea","MUN","G","Claim","1-Leo Gerard U3s Team","Tue Apr 25, 2023, 8:36PM","33"
"Luis Sinisterra","LEE","F","Drop","1-Leo Gerard U3s Team","Tue Apr 25, 2023, 8:31PM","34"
"Kurt Zouma","WHU","D","Claim","1- KFFC","Tue Apr 25, 2023, 3:41PM","33"
"Thilo Kehrer","WHU","D","Drop","1- KFFC","Tue Apr 25, 2023, 3:41PM","33"
"Wout Weghorst","BUR/MUN","F","Drop","1-Midtable Merchant","Tue Apr 25, 2023, 2:36PM","33"
"Luke Ayling","LEE","D","Drop","1-Leo Gerard U3s Team","Tue Apr 25, 2023, 2:26PM","33"
"Patrick Bamford","LEE","F","Drop","1-Leo Gerard U3s Team","Tue Apr 25, 2023, 2:25PM","33"
"Jamaal Lascelles","NEW","D","Claim","1-Commissioner Gordon & the Tark Knight","Tue Apr 25, 2023, 2:22PM","33"
"Brennan Johnson","NOT","F","Claim","1-Drafted@3am FC","Tue Apr 25, 2023, 2:21PM","33"
"Leander Dendoncker","WOL/AVL","M","Drop","1-Drafted@3am FC","Tue Apr 25, 2023, 2:21PM","33"
"Facundo Buonanotte","BHA","M","Claim","1-Commissioner Gordon & the Tark Knight","Tue Apr 25, 2023, 2:17PM","33"
"Yoane Wissa","BRF","F","Claim","1-Vecna's Møst Hated XI","Tue Apr 25, 2023, 2:07PM","33"
"Marc Cucurella","CHE","D","Claim","1-Vecna's Møst Hated XI","Tue Apr 25, 2023, 2:06PM","33"
"Wilfried Gnonto","LEE","F","Drop","1-Vecna's Møst Hated XI","Tue Apr 25, 2023, 2:06PM","33"
"Maximilian Wober","LEE","D","Drop","1-Commissioner Gordon & the Tark Knight","Tue Apr 25, 2023, 2:05PM","33"
"Tetê","LEI","F","Claim","1-Jesus live at Red Rocks","Tue Apr 25, 2023, 2:04PM","33"
"James Garner","MUN/EVE","M","Drop","1-Jesus live at Red Rocks","Tue Apr 25, 2023, 2:04PM","33"
"Patrick Bamford","LEE","F","Claim","1-Leo Gerard U3s Team","Tue Apr 25, 2023, 1:56PM","33"
"Roberto Firmino","LIV","F","Claim","1-Vecna's Møst Hated XI","Tue Apr 25, 2023, 1:52PM","33"
"Maximilian Wober","LEE","D","Claim","1-Commissioner Gordon & the Tark Knight","Tue Apr 25, 2023, 1:48PM","33"
"Lucas Digne","AVL","D","Drop","1-Leo Gerard U3s Team","Tue Apr 25, 2023, 1:46PM","33"
"Jeffrey Schlupp","CRY","M","Drop","1-Commissioner Gordon & the Tark Knight","Tue Apr 25, 2023, 1:46PM","33"
"Cheick Doucoure","CRY","M","Drop","1-Vecna's Møst Hated XI","Tue Apr 25, 2023, 1:45PM","33"
"Matheus Cunha","WOL","F","Claim","1-Mystery Box U0s","Tue Apr 25, 2023, 1:43PM","33"
"Daniel Podence","WOL","F","Drop","1-Mystery Box U0s","Tue Apr 25, 2023, 1:43PM","33"
"Mason Mount","CHE","M","Drop","1-Commissioner Gordon & the Tark Knight","Tue Apr 25, 2023, 1:31PM","33"
"Daniel Podence","WOL","F","Claim","1-Mystery Box U0s","Tue Apr 25, 2023, 12:59PM","33"
"Harrison Reed","FUL","M","Drop","1-Mystery Box U0s","Tue Apr 25, 2023, 12:59PM","33"
"Lucas Digne","AVL","D","Claim","1-Leo Gerard U3s Team","Tue Apr 25, 2023, 12:33PM","33"
"Ben White","ARS","D","Drop","1-Leo Gerard U3s Team","Tue Apr 25, 2023, 12:33PM","33"
"Luke Ayling","LEE","D","Claim","1-Leo Gerard U3s Team","Tue Apr 25, 2023, 11:57AM","33"
"Reece James","CHE","D","Drop","1-Leo Gerard U3s Team","Tue Apr 25, 2023, 11:55AM","33"
"Arnaut Danjuma Groeneveld","BOU/TOT","M,F","Claim","1-Leo Gerard U3s Team","Tue Apr 25, 2023, 11:44AM","33"
"Deniz Undav","BHA","F","Claim","1-Leo Gerard U3s Team","Tue Apr 25, 2023, 11:44AM","33"
"Victor Kristiansen","LEI","D","Claim","1-Midtable Merchant","Mon Apr 24, 2023, 11:22PM","33"
"Konstantinos Tsimikas","LIV","D","Drop","1-Midtable Merchant","Mon Apr 24, 2023, 11:22PM","33"
"Matias Vina","BOU","D","Claim","1-Vecna's Møst Hated XI","Mon Apr 24, 2023, 10:47PM","33"
"Cristian Romero","TOT","D","Drop","1-Vecna's Møst Hated XI","Mon Apr 24, 2023, 10:47PM","33"
"Wilfried Gnonto","LEE","F","Claim","1-Vecna's Møst Hated XI","Mon Apr 24, 2023, 10:45PM","33"
"Illan Meslier","LEE","G","Claim","1-Leo Gerard U3s Team","Mon Apr 24, 2023, 9:18PM","33"
"Armel Bella Kotchap","SOU","D","Claim","1-Commissioner Gordon & the Tark Knight","Mon Apr 24, 2023, 9:00PM","33"
"Mohamed Elyounoussi","SOU","M","Claim","1-Jesus live at Red Rocks","Mon Apr 24, 2023, 9:00PM","33"
"Danny Welbeck","BHA","F","Claim","1-Commissioner Gordon & the Tark Knight","Mon Apr 24, 2023, 9:00PM","33"
"Odsonne Edouard","CRY","F","Drop","1-Commissioner Gordon & the Tark Knight","Mon Apr 24, 2023, 9:00PM","33"
"Caglar Soyuncu","LEI","D","Claim","1-Jesus live at Red Rocks","Mon Apr 24, 2023, 9:00PM","33"
"Joe Willock","NEW","M","Claim","1-Commissioner Gordon & the Tark Knight","Mon Apr 24, 2023, 9:00PM","33"
"Kurt Zouma","WHU","D","Drop","1-Commissioner Gordon & the Tark Knight","Mon Apr 24, 2023, 8:41PM","33"
"Matty Cash","AVL","D","Drop","1-Commissioner Gordon & the Tark Knight","Mon Apr 24, 2023, 8:34PM","33"
"Maximilian Wober","LEE","D","Drop","1-Jesus live at Red Rocks","Mon Apr 24, 2023, 6:32PM","33"
"Fabio Vieira","ARS","M","Drop","1-Jesus live at Red Rocks","Mon Apr 24, 2023, 1:46PM","33"
"Crysencio Summerville","LEE","M","Drop","1-Vecna's Møst Hated XI","Sun Apr 23, 2023, 11:59PM","33"
"Bobby De Cordova-Reid","FUL","F","Drop","1-Vecna's Møst Hated XI","Sun Apr 23, 2023, 11:57PM","33"
"Christian Norgaard","BRF","M","Drop","1-Leo Gerard U3s Team","Sun Apr 23, 2023, 1:24PM","33"
"Rob Holding","ARS","D","Drop","1-Leo Gerard U3s Team","Sun Apr 23, 2023, 1:23PM","33"
"Hugo Lloris","TOT","G","Drop","1-Leo Gerard U3s Team","Sun Apr 23, 2023, 1:23PM","33"
"Sean Longstaff","NEW","M","Claim","1-Vecna's Møst Hated XI","Sun Apr 23, 2023, 8:54AM","32"
"Marcos Senesi","BOU","D","Drop","1-Vecna's Møst Hated XI","Sun Apr 23, 2023, 8:54AM","32"
"Chris Mepham","BOU","D","Claim","1-Drafted@3am FC","Sun Apr 23, 2023, 8:07AM","32"
"Arnaut Danjuma Groeneveld","BOU/TOT","M,F","Drop","1-Drafted@3am FC","Sun Apr 23, 2023, 8:07AM","32"
"James Garner","MUN/EVE","M","Claim","1-Jesus live at Red Rocks","Sat Apr 22, 2023, 9:20AM","32"
"Brennan Johnson","NOT","F","Drop","1-Jesus live at Red Rocks","Sat Apr 22, 2023, 9:20AM","32"
"Jamie Vardy","LEI","F","Claim","1- KFFC","Sat Apr 22, 2023, 9:08AM","32"
"Daniel Podence","WOL","F","Drop","1- KFFC","Sat Apr 22, 2023, 9:08AM","32"
"Leander Dendoncker","WOL/AVL","M","Claim","1-Drafted@3am FC","Sat Apr 22, 2023, 9:07AM","32"
"Wilfred Ndidi","LEI","M","Drop","1-Drafted@3am FC","Sat Apr 22, 2023, 9:07AM","32"
"Marc Guehi","CRY","D","Claim","1-Drafted@3am FC","Sat Apr 22, 2023, 9:04AM","32"
"Clement Lenglet","TOT","D","Drop","1-Drafted@3am FC","Sat Apr 22, 2023, 9:04AM","32"
"Kelechi Iheanacho","LEI","F","Claim","1-Mystery Box U0s","Sat Apr 22, 2023, 9:04AM","32"
"Patson Daka","LEI","F","Drop","1-Mystery Box U0s","Sat Apr 22, 2023, 9:04AM","32"
"Patson Daka","LEI","F","Claim","1-Mystery Box U0s","Sat Apr 22, 2023, 9:02AM","32"
"Pedro Neto","WOL","F","Drop","1-Mystery Box U0s","Sat Apr 22, 2023, 9:02AM","32"
"Cristian Romero","TOT","D","Claim","1-Vecna's Møst Hated XI","Sat Apr 22, 2023, 6:51AM","32"
"Kevin Schade","BRF","M","Drop","1-Vecna's Møst Hated XI","Sat Apr 22, 2023, 6:51AM","32"
"Crysencio Summerville","LEE","M","Claim","1-Vecna's Møst Hated XI","Sat Apr 22, 2023, 6:46AM","32"
"Weston McKennie","LEE","M","Drop","1-Vecna's Møst Hated XI","Sat Apr 22, 2023, 6:46AM","32"
"Bobby De Cordova-Reid","FUL","F","Claim","1-Vecna's Møst Hated XI","Sat Apr 22, 2023, 6:33AM","32"
"Wilfried Gnonto","LEE","F","Drop","1-Vecna's Møst Hated XI","Sat Apr 22, 2023, 6:33AM","32"
"Liam Cooper","LEE","D","Claim","1-Jesus live at Red Rocks","Sat Apr 22, 2023, 6:32AM","32"
"Joe Willock","NEW","M","Drop","1-Jesus live at Red Rocks","Sat Apr 22, 2023, 6:32AM","32"
"Arnaut Danjuma Groeneveld","BOU/TOT","M,F","Claim","1-Drafted@3am FC","Sat Apr 22, 2023, 12:17AM","32"
"Joao Gomes","WOL","M","Drop","1-Drafted@3am FC","Sat Apr 22, 2023, 12:17AM","32"
"Kurt Zouma","WHU","D","Claim","1-Commissioner Gordon & the Tark Knight","Fri Apr 21, 2023, 7:47PM","32"
"Romeo Lavia","SOU","M","Drop","1-Commissioner Gordon & the Tark Knight","Fri Apr 21, 2023, 2:01PM","32"
"Fabio Vieira","ARS","M","Claim","1-Jesus live at Red Rocks","Fri Apr 21, 2023, 2:01PM","32"
"Michail Antonio","WHU","F","Claim","1- KFFC","Fri Apr 21, 2023, 1:03PM","32"
"Roberto Firmino","LIV","F","Drop","1- KFFC","Fri Apr 21, 2023, 1:03PM","32"
"William Saliba","ARS","D","Drop","1-Jesus live at Red Rocks","Fri Apr 21, 2023, 7:41AM","32"
"Rob Holding","ARS","D","Claim","1-Leo Gerard U3s Team","Thu Apr 20, 2023, 2:04PM","32"
"Arnaut Danjuma Groeneveld","BOU/TOT","M,F","Drop","1-Leo Gerard U3s Team","Thu Apr 20, 2023, 2:04PM","32"
"Konstantinos Tsimikas","LIV","D","Claim","1-Midtable Merchant","Wed Apr 19, 2023, 5:54AM","32"
"Christian Pulisic","CHE","M","Drop","1-Midtable Merchant","Wed Apr 19, 2023, 5:54AM","32"
"Matty Cash","AVL","D","Claim","1-Commissioner Gordon & the Tark Knight","Tue Apr 18, 2023, 11:13PM","32"
"Mohammed Salisu","SOU","D","Drop","1-Commissioner Gordon & the Tark Knight","Tue Apr 18, 2023, 11:13PM","32"
"Julio Enciso","BHA","F","Claim","1-Leo Gerard U3s Team","Tue Apr 18, 2023, 9:45PM","32"
"Rob Holding","ARS","D","Drop","1-Leo Gerard U3s Team","Tue Apr 18, 2023, 9:45PM","32"
"Arnaut Danjuma Groeneveld","BOU/TOT","M,F","Claim","1-Leo Gerard U3s Team","Tue Apr 18, 2023, 9:40PM","32"
"Rob Holding","ARS","D","Claim","1-Leo Gerard U3s Team","Tue Apr 18, 2023, 9:39PM","32"
"Harrison Reed","FUL","M","Claim","1-Mystery Box U0s","Tue Apr 18, 2023, 9:31PM","32"
"Armel Bella Kotchap","SOU","D","Drop","1-Mystery Box U0s","Tue Apr 18, 2023, 9:31PM","32"
"William Saliba","ARS","D","Claim","1-Jesus live at Red Rocks","Tue Apr 18, 2023, 9:02PM","32"
"Luke Ayling","LEE","D","Drop","1-Jesus live at Red Rocks","Tue Apr 18, 2023, 9:02PM","32"
"Marcos Senesi","BOU","D","Claim","1-Vecna's Møst Hated XI","Tue Apr 18, 2023, 9:01PM","32"
"Joel Veltman","BHA","D","Drop","1-Vecna's Møst Hated XI","Tue Apr 18, 2023, 9:01PM","32"
"Daniel Podence","WOL","F","Claim","1- KFFC","Tue Apr 18, 2023, 9:00PM","32"
"Bobby De Cordova-Reid","FUL","F","Drop","1- KFFC","Tue Apr 18, 2023, 9:00PM","32"
"Raheem Sterling","CHE","F","Claim","1-TAAp in Merchants","Tue Apr 18, 2023, 9:00PM","32"
"Neal Maupay","BHA/EVE","F","Drop","1-TAAp in Merchants","Tue Apr 18, 2023, 9:00PM","32"
"Tosin Adarabioyo","FUL","D","Claim","1-Mystery Box U0s","Tue Apr 18, 2023, 9:00PM","32"
"Cristian Romero","TOT","D","Drop","1-Mystery Box U0s","Tue Apr 18, 2023, 9:00PM","32"
"Harry Wilson","FUL","M","Claim","1-Jesus live at Red Rocks","Tue Apr 18, 2023, 9:00PM","32"
"Sam Johnstone","CRY","G","Claim","1- KFFC","Tue Apr 18, 2023, 9:00PM","32"
"N'Golo Kante","CHE","M","Drop","1- KFFC","Tue Apr 18, 2023, 9:00PM","32"
"Vladimir Coufal","WHU","D","Claim","1-TAAp in Merchants","Tue Apr 18, 2023, 9:00PM","32"
"Taiwo Awoniyi","NOT","F","Drop","1-TAAp in Merchants","Tue Apr 18, 2023, 9:00PM","32"
"Ainsley Maitland-Niles","ARS/SOU","M","Claim","1-Mystery Box U0s","Tue Apr 18, 2023, 9:00PM","32"
"Raheem Sterling","CHE","F","Drop","1-Leo Gerard U3s Team","Mon Apr 17, 2023, 7:16PM","32"
"Benoit Badiashile","CHE","D","Drop","1-Leo Gerard U3s Team","Mon Apr 17, 2023, 7:16PM","32"
"Maximilian Wober","LEE","D","Claim","1-Jesus live at Red Rocks","Mon Apr 17, 2023, 2:25PM","31"
"Rasmus Kristensen","LEE","D","Drop","1-Jesus live at Red Rocks","Mon Apr 17, 2023, 2:25PM","31"
"Weston McKennie","LEE","M","Claim","1-Vecna's Møst Hated XI","Mon Apr 17, 2023, 2:03PM","31"
"Harvey Elliott","LIV","M","Drop","1-Vecna's Møst Hated XI","Mon Apr 17, 2023, 2:03PM","31"
"Rasmus Kristensen","LEE","D","Claim","1-Jesus live at Red Rocks","Mon Apr 17, 2023, 2:01PM","31"
"Crysencio Summerville","LEE","M","Drop","1-Jesus live at Red Rocks","Mon Apr 17, 2023, 2:01PM","31"
"Tyrell Malacia","MUN","D","Drop","1-Jesus live at Red Rocks","Sun Apr 16, 2023, 11:29AM","32"
"Taiwo Awoniyi","NOT","F","Claim","1-TAAp in Merchants","Sun Apr 16, 2023, 10:37AM","31"
"Crysencio Summerville","LEE","M","Claim","1-Jesus live at Red Rocks","Sun Apr 16, 2023, 8:05AM","31"
"Harry Wilson","FUL","M","Drop","1-Jesus live at Red Rocks","Thu Apr 13, 2023, 11:05PM","31"
"Harry Wilson","FUL","M","Drop","1-Jesus live at Red Rocks","Sat Apr 15, 2023, 10:08AM","32"
"Vitalii Mykolenko","EVE","D","Claim","1-Autodraft Relegated FC","Sat Apr 15, 2023, 9:54AM","31"
"Leon Bailey","AVL","F","Drop","1-Autodraft Relegated FC","Sat Apr 15, 2023, 9:49AM","32"
"Tyler Adams","LEE","M","Drop","1-Autodraft Relegated FC","Sat Apr 15, 2023, 9:48AM","31"
"Harry Wilson","FUL","M","Claim","1-Jesus live at Red Rocks","Sat Apr 15, 2023, 9:40AM","31"
"Tetê","LEI","F","Drop","1-Jesus live at Red Rocks","Sat Apr 15, 2023, 9:40AM","31"
"Ricardo Pereira","LEI","D","Drop","1-TAAp in Merchants","Sat Apr 15, 2023, 9:06AM","31"
"Jefferson Lerma","BOU","M","Claim","1-Drafted@3am FC","Sat Apr 15, 2023, 9:05AM","31"
"Matheus Cunha","WOL","F","Drop","1-Drafted@3am FC","Sat Apr 15, 2023, 9:05AM","31"
"Christian Pulisic","CHE","M","Claim","1-Midtable Merchant","Sat Apr 15, 2023, 9:02AM","31"
"Neal Maupay","BHA/EVE","F","Claim","1-TAAp in Merchants","Sat Apr 15, 2023, 9:02AM","31"
"Raul Jimenez","WOL","F","Drop","1-TAAp in Merchants","Sat Apr 15, 2023, 9:02AM","31"
"Patrick Bamford","LEE","F","Drop","1-Midtable Merchant","Sat Apr 15, 2023, 9:02AM","31"
"Joao Gomes","WOL","M","Claim","1-Drafted@3am FC","Sat Apr 15, 2023, 9:02AM","31"
"Mateo Kovacic","CHE","M","Drop","1-Drafted@3am FC","Sat Apr 15, 2023, 9:02AM","31"
"Benoit Badiashile","CHE","D","Claim","1-Leo Gerard U3s Team","Sat Apr 15, 2023, 9:01AM","31"
"Tim Ream","FUL","D","Claim","1-Midtable Merchant","Sat Apr 15, 2023, 9:01AM","31"
"Marc Cucurella","CHE","D","Drop","1-Midtable Merchant","Sat Apr 15, 2023, 9:01AM","31"
"Daniel Podence","WOL","F","Drop","1-Mystery Box U0s","Sat Apr 15, 2023, 9:00AM","31"
"Tetê","LEI","F","Claim","1-Jesus live at Red Rocks","Sat Apr 15, 2023, 7:23AM","31"
"Anthony Gordon","EVE/NEW","M","Drop","1-Leo Gerard U3s Team","Sat Apr 15, 2023, 6:53AM","31"
"Anthony Gordon","EVE/NEW","M","Claim","1-Leo Gerard U3s Team","Sat Apr 15, 2023, 6:43AM","31"
"Benoit Badiashile","CHE","D","Drop","1-Leo Gerard U3s Team","Sat Apr 15, 2023, 6:43AM","31"
"Bertrand Traore","AVL","M,F","Drop","1-Jesus live at Red Rocks","Sat Apr 15, 2023, 6:31AM","31"
"Harvey Elliott","LIV","M","Claim","1-Vecna's Møst Hated XI","Fri Apr 14, 2023, 8:17PM","31"
"William Saliba","ARS","D","Drop","1-Vecna's Møst Hated XI","Fri Apr 14, 2023, 8:17PM","31"
"Toti","WOL","D","Claim","1- KFFC","Fri Apr 14, 2023, 12:52PM","31"
"Jamie Vardy","LEI","F","Drop","1- KFFC","Fri Apr 14, 2023, 12:52PM","31"
"Benoit Badiashile","CHE","D","Claim","1-Leo Gerard U3s Team","Fri Apr 14, 2023, 9:44AM","31"
"William Saliba","ARS","D","Claim","1-Vecna's Møst Hated XI","Thu Apr 13, 2023, 6:51PM","31"
"Lisandro Martinez","MUN","D","Drop","1-Vecna's Møst Hated XI","Thu Apr 13, 2023, 6:51PM","31"
"Anthony Martial","MUN","F","Claim","1-Jesus live at Red Rocks","Wed Apr 12, 2023, 8:23AM","31"
"Tetê","LEI","F","Drop","1-Jesus live at Red Rocks","Wed Apr 12, 2023, 8:23AM","31"
"Jordan Pickford","EVE","G","Claim","1-TAAp in Merchants","Tue Apr 11, 2023, 9:07PM","31"
"Illan Meslier","LEE","G","Drop","1-TAAp in Merchants","Tue Apr 11, 2023, 9:07PM","31"
"Hugo Lloris","TOT","G","Claim","1-Leo Gerard U3s Team","Tue Apr 11, 2023, 9:06PM","31"
"Jason Steele","BHA","G","Drop","1-Leo Gerard U3s Team","Tue Apr 11, 2023, 9:06PM","31"
"Romeo Lavia","SOU","M","Claim","1-Commissioner Gordon & the Tark Knight","Tue Apr 11, 2023, 9:06PM","31"
"Abdoulaye Doucoure","EVE","M","Drop","1-Commissioner Gordon & the Tark Knight","Tue Apr 11, 2023, 9:06PM","31"
"Tetê","LEI","F","Claim","1-Jesus live at Red Rocks","Tue Apr 11, 2023, 9:00PM","31"
"Mykhailo Mudryk","CHE","M","Claim","1-Midtable Merchant","Tue Apr 11, 2023, 9:00PM","31"
"Marcos Senesi","BOU","D","Drop","1-Midtable Merchant","Tue Apr 11, 2023, 9:00PM","31"
"Matheus Nunes","WOL","M","Claim","1-Commissioner Gordon & the Tark Knight","Tue Apr 11, 2023, 9:00PM","31"
"Roberto Firmino","LIV","F","Claim","1- KFFC","Tue Apr 11, 2023, 9:00PM","31"
"Michail Antonio","WHU","F","Drop","1- KFFC","Tue Apr 11, 2023, 9:00PM","31"
"Bertrand Traore","AVL","M,F","Claim","1-Jesus live at Red Rocks","Tue Apr 11, 2023, 9:00PM","31"
"Nick Pope","NEW","G","Claim","1-Midtable Merchant","Tue Apr 11, 2023, 9:00PM","31"
"David de Gea","MUN","G","Drop","1-Midtable Merchant","Tue Apr 11, 2023, 9:00PM","31"
"Clement Lenglet","TOT","D","Claim","1-Drafted@3am FC","Tue Apr 11, 2023, 9:00PM","31"
"Tim Ream","FUL","D","Drop","1-Drafted@3am FC","Tue Apr 11, 2023, 9:00PM","31"
"Lewis Dunk","BHA","D","Claim","1-Commissioner Gordon & the Tark Knight","Tue Apr 11, 2023, 9:00PM","31"
"Emmanuel Dennis","WAT/NOT","F","Claim","1-TAAp in Merchants","Tue Apr 11, 2023, 9:00PM","31"
"Carlos Vinicius","TOT/FUL","F","Drop","1-Jesus live at Red Rocks","Tue Apr 11, 2023, 8:55AM","31"
"Crysencio Summerville","LEE","M","Drop","1-Commissioner Gordon & the Tark Knight","Mon Apr 10, 2023, 2:22PM","31"
"Ashley Young","AVL","D","Drop","1-Commissioner Gordon & the Tark Knight","Mon Apr 10, 2023, 2:21PM","31"
"Curtis Jones","LIV","M","Claim","1-Autodraft Relegated FC","Sun Apr 9, 2023, 11:17AM","30"
"Harvey Elliott","LIV","M","Drop","1-Autodraft Relegated FC","Sun Apr 9, 2023, 11:17AM","30"
"Jordan Henderson","LIV","M","Claim","1-Autodraft Relegated FC","Sun Apr 9, 2023, 11:16AM","30"
"Emile Smith Rowe","ARS","M","Drop","1-Autodraft Relegated FC","Sun Apr 9, 2023, 11:16AM","30"
"Odsonne Edouard","CRY","F","Claim","1-Commissioner Gordon & the Tark Knight","Sat Apr 8, 2023, 12:11PM","30"
"Tim Ream","FUL","D","Claim","1-Drafted@3am FC","Sat Apr 8, 2023, 9:54AM","30"
"Roberto Firmino","LIV","F","Drop","1-Drafted@3am FC","Sat Apr 8, 2023, 9:54AM","30"
"Matheus Cunha","WOL","F","Claim","1-Drafted@3am FC","Sat Apr 8, 2023, 9:53AM","30"
"Jaidon Anthony","BOU","F","Drop","1-Drafted@3am FC","Sat Apr 8, 2023, 9:53AM","30"
"Wilfried Gnonto","LEE","F","Claim","1-Vecna's Møst Hated XI","Sat Apr 8, 2023, 9:53AM","30"
"Pablo Fornals","WHU","M","Drop","1-Vecna's Møst Hated XI","Sat Apr 8, 2023, 9:53AM","30"
"Carlos Vinicius","TOT/FUL","F","Claim","1-Jesus live at Red Rocks","Sat Apr 8, 2023, 9:50AM","30"
"Mykhailo Mudryk","CHE","M","Drop","1-Jesus live at Red Rocks","Sat Apr 8, 2023, 9:50AM","30"
"Michail Antonio","WHU","F","Claim","1- KFFC","Sat Apr 8, 2023, 9:15AM","30"
"Noni Madueke","CHE","F","Drop","1- KFFC","Sat Apr 8, 2023, 9:15AM","30"
"Jeffrey Schlupp","CRY","M","Claim","1-Commissioner Gordon & the Tark Knight","Sat Apr 8, 2023, 9:08AM","30"
"Jefferson Lerma","BOU","M","Drop","1-Commissioner Gordon & the Tark Knight","Sat Apr 8, 2023, 9:08AM","30"
"Jamie Vardy","LEI","F","Claim","1- KFFC","Sat Apr 8, 2023, 9:07AM","30"
"Carlos Vinicius","TOT/FUL","F","Drop","1- KFFC","Sat Apr 8, 2023, 9:07AM","30"
"Ashley Young","AVL","D","Claim","1-Commissioner Gordon & the Tark Knight","Sat Apr 8, 2023, 9:06AM","30"
"Moussa Niakhate","NOT","D","Drop","1-Commissioner Gordon & the Tark Knight","Sat Apr 8, 2023, 9:06AM","30"
"Kevin Schade","BRF","M","Claim","1-Vecna's Møst Hated XI","Sat Apr 8, 2023, 9:04AM","30"
"Benoit Badiashile","CHE","D","Drop","1-TAAp in Merchants","Sat Apr 8, 2023, 9:03AM","30"
"Pablo Fornals","WHU","M","Claim","1-Vecna's Møst Hated XI","Sat Apr 8, 2023, 9:02AM","30"
"Daniel Podence","WOL","F","Claim","1-Mystery Box U0s","Sat Apr 8, 2023, 9:01AM","30"
"Emmanuel Dennis","WAT/NOT","F","Drop","1-Mystery Box U0s","Sat Apr 8, 2023, 9:01AM","30"
"Jeffrey Schlupp","CRY","M","Drop","1-Commissioner Gordon & the Tark Knight","Sat Apr 8, 2023, 9:01AM","30"
"Patson Daka","LEI","F","Drop","1-Vecna's Møst Hated XI","Sat Apr 8, 2023, 9:01AM","30"
"Ryan Christie","BOU","M","Claim","1-Commissioner Gordon & the Tark Knight","Sat Apr 8, 2023, 9:01AM","30"
"Rob Holding","ARS","D","Drop","1-Commissioner Gordon & the Tark Knight","Sat Apr 8, 2023, 9:01AM","30"
"Tetê","LEI","F","Drop","1-Vecna's Møst Hated XI","Sat Apr 8, 2023, 9:01AM","30"
"Cristian Romero","TOT","D","Claim","1-Mystery Box U0s","Sat Apr 8, 2023, 6:40AM","30"
"Rasmus Kristensen","LEE","D","Drop","1-Mystery Box U0s","Sat Apr 8, 2023, 6:40AM","30"
"Bobby De Cordova-Reid","FUL","F","Claim","1- KFFC","Sat Apr 8, 2023, 1:31AM","30"
"Tyrell Malacia","MUN","D","Claim","1-Jesus live at Red Rocks","Fri Apr 7, 2023, 10:03PM","30"
"Emerson","CHE/WHU","D","Drop","1-Jesus live at Red Rocks","Fri Apr 7, 2023, 10:03PM","30"
"Rob Holding","ARS","D","Claim","1-Commissioner Gordon & the Tark Knight","Thu Apr 6, 2023, 10:17PM","30"
"Nick Pope","NEW","G","Drop","1-Commissioner Gordon & the Tark Knight","Thu Apr 6, 2023, 10:13PM","30"
"Jeffrey Schlupp","CRY","M","Claim","1-Commissioner Gordon & the Tark Knight","Thu Apr 6, 2023, 10:11PM","30"
"Jefferson Lerma","BOU","M","Claim","1-Commissioner Gordon & the Tark Knight","Thu Apr 6, 2023, 10:11PM","30"
"Kepa","CHE","G","Claim","1- KFFC","Thu Apr 6, 2023, 9:40PM","30"
"Lukasz Fabianski","WHU","G","Drop","1- KFFC","Thu Apr 6, 2023, 9:40PM","30"
"Carlos Vinicius","TOT/FUL","F","Claim","1- KFFC","Thu Apr 6, 2023, 9:34PM","30"
"Bobby De Cordova-Reid","FUL","F","Drop","1- KFFC","Thu Apr 6, 2023, 9:34PM","30"
"Bobby De Cordova-Reid","FUL","F","Claim","1- KFFC","Thu Apr 6, 2023, 9:33PM","30"
"Danny Ings","AVL/WHU","F","Drop","1- KFFC","Thu Apr 6, 2023, 9:33PM","30"
"Conor Gallagher","CHE","M","Claim","1-Mystery Box U0s","Thu Apr 6, 2023, 9:10PM","30"
"Danny Welbeck","BHA","F","Drop","1-Mystery Box U0s","Thu Apr 6, 2023, 9:10PM","30"
"Aaron Cresswell","WHU","D","Claim","1-Vecna's Møst Hated XI","Thu Apr 6, 2023, 9:06PM","30"
"Jason Steele","BHA","G","Claim","1-Leo Gerard U3s Team","Thu Apr 6, 2023, 9:04PM","30"
"Hugo Lloris","TOT","G","Drop","1-Leo Gerard U3s Team","Thu Apr 6, 2023, 9:04PM","30"
"Cheick Doucoure","CRY","M","Claim","1-Vecna's Møst Hated XI","Thu Apr 6, 2023, 9:04PM","30"
"Thilo Kehrer","WHU","D","Claim","1- KFFC","Thu Apr 6, 2023, 9:00PM","30"
"Aaron Hickey","BRF","D","Drop","1- KFFC","Thu Apr 6, 2023, 9:00PM","30"
"Michael Keane","EVE","D","Claim","1-Mystery Box U0s","Thu Apr 6, 2023, 9:00PM","30"
"Matheus Nunes","WOL","M","Drop","1-Mystery Box U0s","Thu Apr 6, 2023, 9:00PM","30"
"Luis Sinisterra","LEE","F","Claim","1-Leo Gerard U3s Team","Thu Apr 6, 2023, 9:00PM","30"
"Raphael Varane","MUN","D","Drop","1-Leo Gerard U3s Team","Wed Apr 5, 2023, 9:28PM","30"
"Matheus Cunha","WOL","F","Drop","1-Vecna's Møst Hated XI","Wed Apr 5, 2023, 5:58PM","30"
"Levi Colwill","BHA","D","Drop","1-Commissioner Gordon & the Tark Knight","Wed Apr 5, 2023, 5:20PM","30"
"Vladimir Coufal","WHU","D","Drop","1-Vecna's Møst Hated XI","Wed Apr 5, 2023, 5:06PM","30"
"Kepa","CHE","G","Drop","1-Leo Gerard U3s Team","Tue Apr 4, 2023, 10:37AM","30"
"Fred","MUN","M","Drop","1-Commissioner Gordon & the Tark Knight","Sun Apr 2, 2023, 11:21AM","29"
"Lewis Dunk","BHA","D","Drop","1- KFFC","Sun Apr 2, 2023, 10:59AM","30"
"Hugo Lloris","TOT","G","Claim","1-Leo Gerard U3s Team","Sun Apr 2, 2023, 8:33AM","29"
"Vladimir Coufal","WHU","D","Claim","1-Vecna's Møst Hated XI","Sat Apr 1, 2023, 11:37AM","29"
"Wilfred Ndidi","LEI","M","Claim","1-Drafted@3am FC","Sat Apr 1, 2023, 9:56AM","29"
"Ben Davies","TOT","D","Drop","1-Drafted@3am FC","Sat Apr 1, 2023, 9:56AM","29"
"Clement Lenglet","TOT","D","Drop","1-Jesus live at Red Rocks","Sat Apr 1, 2023, 9:16AM","29"
"Mason Mount","CHE","M","Claim","1-Commissioner Gordon & the Tark Knight","Sat Apr 1, 2023, 9:09AM","29"
"Jefferson Lerma","BOU","M","Drop","1-Commissioner Gordon & the Tark Knight","Sat Apr 1, 2023, 9:09AM","29"
"Wout Faes","LEI","D","Claim","1-Mystery Box U0s","Sat Apr 1, 2023, 9:03AM","29"
"Junior Firpo","LEE","D","Drop","1-Mystery Box U0s","Sat Apr 1, 2023, 9:03AM","29"
"Rasmus Kristensen","LEE","D","Claim","1-Mystery Box U0s","Sat Apr 1, 2023, 9:01AM","29"
"Liam Cooper","LEE","D","Drop","1-Mystery Box U0s","Sat Apr 1, 2023, 9:01AM","29"
"Kevin Schade","BRF","M","Drop","1-Vecna's Møst Hated XI","Sat Apr 1, 2023, 9:00AM","29"
"Levi Colwill","BHA","D","Claim","1-Commissioner Gordon & the Tark Knight","Sat Apr 1, 2023, 9:00AM","29"
"Mason Mount","CHE","M","Drop","1-Commissioner Gordon & the Tark Knight","Sat Apr 1, 2023, 9:00AM","29"
"Aaron Ramsdale","ARS","G","Claim","1-john lim","Sat Apr 1, 2023, 7:21AM","29"
"Fraser Forster","TOT","G","Drop","1-john lim","Sat Apr 1, 2023, 7:21AM","29"
"Aaron Wan-Bissaka","MUN","D","Claim","1-Jesus live at Red Rocks","Fri Mar 31, 2023, 2:18PM","29"
"Armel Bella Kotchap","SOU","D","Claim","1-Mystery Box U0s","Fri Mar 31, 2023, 2:02PM","29"
"William Saliba","ARS","D","Drop","1-Mystery Box U0s","Fri Mar 31, 2023, 2:02PM","29"
"Cheick Doucoure","CRY","M","Drop","1-Leo Gerard U3s Team","Fri Mar 31, 2023, 1:30PM","29"
"William Saliba","ARS","D","Claim","1-Mystery Box U0s","Fri Mar 31, 2023, 1:19PM","29"
"Emmanuel Dennis","WAT/NOT","F","Claim","1-Mystery Box U0s","Fri Mar 31, 2023, 1:14PM","29"
"Maximilian Wober","LEE","D","Drop","1-Mystery Box U0s","Fri Mar 31, 2023, 1:05PM","29"
"Jason Steele","BHA","G","Drop","1-Mystery Box U0s","Fri Mar 31, 2023, 1:04PM","29"
"Jose Sa","WOL","G","Claim","1-Commissioner Gordon & the Tark Knight","Thu Mar 30, 2023, 11:34AM","29"
"Matty Cash","AVL","D","Drop","1-Commissioner Gordon & the Tark Knight","Thu Mar 30, 2023, 11:34AM","29"
"Liam Cooper","LEE","D","Claim","1-Leo Gerard U3s Team","Thu Mar 30, 2023, 9:38AM","29"
"Jose Sa","WOL","G","Drop","1-Leo Gerard U3s Team","Thu Mar 30, 2023, 9:38AM","29"
"Mason Mount","CHE","M","Claim","1-Commissioner Gordon & the Tark Knight","Wed Mar 29, 2023, 12:02AM","29"
"Raphael Varane","MUN","D","Claim","1-Leo Gerard U3s Team","Tue Mar 28, 2023, 2:35PM","29"
"Luis Sinisterra","LEE","F","Drop","1-Leo Gerard U3s Team","Tue Mar 28, 2023, 2:33PM","29"
"Emerson Royal","TOT","D","Drop","1-Commissioner Gordon & the Tark Knight","Tue Mar 28, 2023, 10:37AM","29"
"Luis Sinisterra","LEE","F","Claim","1-Leo Gerard U3s Team","Tue Mar 28, 2023, 9:59AM","29"
"Wilfried Gnonto","LEE","F","Drop","1-Leo Gerard U3s Team","Tue Mar 28, 2023, 8:05AM","29"
"Patson Daka","LEI","F","Claim","1-Vecna's Møst Hated XI","Mon Mar 27, 2023, 10:44AM","29"
"Armel Bella Kotchap","SOU","D","Drop","1-Vecna's Møst Hated XI","Mon Mar 27, 2023, 10:44AM","29"
"Jose Sa","WOL","G","Claim","1-Leo Gerard U3s Team","Thu Mar 23, 2023, 9:30PM","29"
"Yoane Wissa","BRF","F","Drop","1-Leo Gerard U3s Team","Thu Mar 23, 2023, 9:30PM","29"
"Ben White","ARS","D","Claim","1-Leo Gerard U3s Team","Thu Mar 23, 2023, 9:26PM","29"
"Pablo Sarabia","WOL","M","Drop","1-Leo Gerard U3s Team","Thu Mar 23, 2023, 9:26PM","29"
"Yoane Wissa","BRF","F","Claim","1-Leo Gerard U3s Team","Wed Mar 22, 2023, 9:52PM","29"
"Pablo Sarabia","WOL","M","Claim","1-Leo Gerard U3s Team","Wed Mar 22, 2023, 9:50PM","29"
"Aaron Hickey","BRF","D","Claim","1- KFFC","Wed Mar 22, 2023, 3:52PM","29"
"Mason Mount","CHE","M","Drop","1- KFFC","Wed Mar 22, 2023, 3:52PM","29"
"Lukasz Fabianski","WHU","G","Claim","1- KFFC","Wed Mar 22, 2023, 3:48PM","29"
"Jordan Pickford","EVE","G","Drop","1- KFFC","Wed Mar 22, 2023, 3:48PM","29"
"Danny Welbeck","BHA","F","Claim","1-Mystery Box U0s","Tue Mar 21, 2023, 9:14PM","29"
"Amadou Onana","EVE","M","Drop","1-Mystery Box U0s","Tue Mar 21, 2023, 9:14PM","29"
"Matheus Cunha","WOL","F","Claim","1-Vecna's Møst Hated XI","Tue Mar 21, 2023, 9:01PM","29"
"Mikkel Damsgaard","BRF","M","Drop","1-Vecna's Møst Hated XI","Tue Mar 21, 2023, 9:01PM","29"
"Kevin Schade","BRF","M","Claim","1-Vecna's Møst Hated XI","Tue Mar 21, 2023, 9:01PM","29"
"Daniel Podence","WOL","F","Drop","1-Vecna's Møst Hated XI","Tue Mar 21, 2023, 9:01PM","29"
"Joel Veltman","BHA","D","Claim","1-Vecna's Møst Hated XI","Tue Mar 21, 2023, 9:00PM","29"
"Cristian Romero","TOT","D","Drop","1-Vecna's Møst Hated XI","Tue Mar 21, 2023, 9:00PM","29"
"Lisandro Martinez","MUN","D","Claim","1-Vecna's Møst Hated XI","Tue Mar 21, 2023, 9:00PM","29"
"Mykhailo Mudryk","CHE","M","Claim","1-Jesus live at Red Rocks","Tue Mar 21, 2023, 9:00PM","29"
"Marc Cucurella","CHE","D","Claim","1-Midtable Merchant","Tue Mar 21, 2023, 9:00PM","29"
"Ben White","ARS","D","Drop","1-Midtable Merchant","Tue Mar 21, 2023, 9:00PM","29"
"Lewis Dunk","BHA","D","Claim","1- KFFC","Tue Mar 21, 2023, 9:00PM","29"
"William Saliba","ARS","D","Drop","1- KFFC","Tue Mar 21, 2023, 9:00PM","29"
"Jacob Ramsey","AVL","M","Claim","1-Jesus live at Red Rocks","Tue Mar 21, 2023, 9:00PM","29"
"David de Gea","MUN","G","Claim","1-Midtable Merchant","Tue Mar 21, 2023, 9:00PM","29"
"Aaron Ramsdale","ARS","G","Drop","1-Midtable Merchant","Tue Mar 21, 2023, 9:00PM","29"
"Danny Ings","AVL/WHU","F","Claim","1- KFFC","Tue Mar 21, 2023, 9:00PM","29"
"Paul Onuachu","SOU","F","Drop","1- KFFC","Tue Mar 21, 2023, 9:00PM","29"
"Bernd Leno","FUL","G","Claim","1-Drafted@3am FC","Tue Mar 21, 2023, 9:00PM","29"
"Jose Sa","WOL","G","Drop","1-Drafted@3am FC","Tue Mar 21, 2023, 9:00PM","29"
"Fred","MUN","M","Claim","1-Commissioner Gordon & the Tark Knight","Tue Mar 21, 2023, 9:00PM","29"
"Patson Daka","LEI","F","Drop","1-Commissioner Gordon & the Tark Knight","Tue Mar 21, 2023, 9:00PM","29"
"Christian Eriksen","MUN","M","Claim","1-TAAp in Merchants","Tue Mar 21, 2023, 9:00PM","29"
"Marc Guehi","CRY","D","Drop","1-Drafted@3am FC","Tue Mar 21, 2023, 8:19PM","29"
"Romain Perraud","SOU","D","Drop","1-TAAp in Merchants","Mon Mar 20, 2023, 8:24PM","29"
"Jan Bednarek","SOU/AVL","D","Drop","1-Jesus live at Red Rocks","Mon Mar 20, 2023, 7:52AM","29"
"Joao Gomes","WOL","M","Drop","1-Jesus live at Red Rocks","Mon Mar 20, 2023, 7:52AM","29"
"Christian Pulisic","CHE","M","Drop","1-Leo Gerard U3s Team","Sun Mar 19, 2023, 12:38PM","29"
"Amadou Onana","EVE","M","Claim","1-Mystery Box U0s","Sat Mar 18, 2023, 12:59PM","28"
"Vitalii Mykolenko","EVE","D","Drop","1-Mystery Box U0s","Sat Mar 18, 2023, 12:59PM","28"
"Mateo Kovacic","CHE","M","Claim","1-Leo Gerard U3s Team","Sat Mar 18, 2023, 12:32PM","28"
"Mykhailo Mudryk","CHE","M","Drop","1-Leo Gerard U3s Team","Sat Mar 18, 2023, 12:32PM","28"
"Christian Pulisic","CHE","M","Claim","1-Leo Gerard U3s Team","Sat Mar 18, 2023, 12:31PM","28"
"Conor Gallagher","CHE","M","Drop","1-Leo Gerard U3s Team","Sat Mar 18, 2023, 12:31PM","28"
"Marc Roca","LEE","M","Claim","1-Autodraft Relegated FC","Sat Mar 18, 2023, 10:50AM","28"
"Vitaly Janelt","BRF","M","Drop","1-Autodraft Relegated FC","Sat Mar 18, 2023, 10:50AM","28"
"Marcos Senesi","BOU","D","Claim","1-Midtable Merchant","Sat Mar 18, 2023, 10:30AM","28"
"Marc Cucurella","CHE","D","Drop","1-Midtable Merchant","Sat Mar 18, 2023, 10:30AM","28"
"Dominic Solanke","BOU","F","Claim","1-Midtable Merchant","Sat Mar 18, 2023, 10:26AM","28"
"Anthony Martial","MUN","F","Drop","1-Midtable Merchant","Sat Mar 18, 2023, 10:26AM","28"
"Joao Gomes","WOL","M","Claim","1-Jesus live at Red Rocks","Sat Mar 18, 2023, 10:14AM","28"
"Mohamed Elyounoussi","SOU","M","Drop","1-Jesus live at Red Rocks","Sat Mar 18, 2023, 10:14AM","28"
"Mohamed Elyounoussi","SOU","M","Claim","1-Jesus live at Red Rocks","Sat Mar 18, 2023, 10:06AM","28"
"Carlos Alcaraz","SOU","M","Drop","1-Jesus live at Red Rocks","Sat Mar 18, 2023, 10:06AM","28"
"Patson Daka","LEI","F","Claim","1-Commissioner Gordon & the Tark Knight","Sat Mar 18, 2023, 10:02AM","28"
"Kelechi Iheanacho","LEI","F","Drop","1-Commissioner Gordon & the Tark Knight","Sat Mar 18, 2023, 10:02AM","28"
"Mikkel Damsgaard","BRF","M","Claim","1-Vecna's Møst Hated XI","Sat Mar 18, 2023, 10:02AM","28"
"Kevin Schade","BRF","M","Drop","1-Vecna's Møst Hated XI","Sat Mar 18, 2023, 10:02AM","28"
"Ricardo Pereira","LEI","D","Claim","1-TAAp in Merchants","Sat Mar 18, 2023, 10:01AM","28"
"Lucas Digne","AVL","D","Drop","1-TAAp in Merchants","Sat Mar 18, 2023, 10:01AM","28"
"Jacob Murphy","NEW","M","Claim","1-john lim","Fri Mar 17, 2023, 3:03PM","28"
"Moussa Niakhate","NOT","D","Claim","1-Commissioner Gordon & the Tark Knight","Fri Mar 17, 2023, 3:01PM","28"
"Lisandro Martinez","MUN","D","Drop","1-Commissioner Gordon & the Tark Knight","Fri Mar 17, 2023, 3:01PM","28"
"Dominic Solanke","BOU","F","Drop","1-Jesus live at Red Rocks","Fri Mar 17, 2023, 3:00PM","28"
"Clement Lenglet","TOT","D","Claim","1-Jesus live at Red Rocks","Fri Mar 17, 2023, 2:11PM","28"
"James Bree","AVL/SOU","D","Drop","1-Jesus live at Red Rocks","Fri Mar 17, 2023, 2:11PM","28"
"Fraser Forster","TOT","G","Claim","1-john lim","Fri Mar 17, 2023, 10:50AM","28"
"Vicente Guaita","CRY","G","Drop","1-john lim","Fri Mar 17, 2023, 10:50AM","28"
"Illan Meslier","LEE","G","Claim","1-TAAp in Merchants","Fri Mar 17, 2023, 9:17AM","28"
"David de Gea","MUN","G","Drop","1-TAAp in Merchants","Fri Mar 17, 2023, 9:17AM","28"
"Vitalii Mykolenko","EVE","D","Claim","1-Mystery Box U0s","Thu Mar 16, 2023, 11:48PM","28"
"Cheick Doucoure","CRY","M","Claim","1-Mystery Box U0s","Thu Mar 16, 2023, 11:47PM","28"
"Dominic Solanke","BOU","F","Claim","1-Jesus live at Red Rocks","Thu Mar 16, 2023, 10:47PM","28"
"Fred","MUN","M","Drop","1-Jesus live at Red Rocks","Thu Mar 16, 2023, 10:47PM","28"
"James Bree","AVL/SOU","D","Claim","1-Jesus live at Red Rocks","Thu Mar 16, 2023, 10:41PM","28"
"Amadou Onana","EVE","M","Drop","1-Jesus live at Red Rocks","Thu Mar 16, 2023, 10:41PM","28"
"Jefferson Lerma","BOU","M","Claim","1-Commissioner Gordon & the Tark Knight","Thu Mar 16, 2023, 10:20PM","28"
"Romeo Lavia","SOU","M","Drop","1-Commissioner Gordon & the Tark Knight","Thu Mar 16, 2023, 10:18PM","28"
"Lisandro Martinez","MUN","D","Claim","1-Commissioner Gordon & the Tark Knight","Thu Mar 16, 2023, 10:16PM","28"
"Brenden Aaronson","LEE","M","Claim","1-Vecna's Møst Hated XI","Thu Mar 16, 2023, 9:29PM","28"
"Wilfried Gnonto","LEE","F","Claim","1-Leo Gerard U3s Team","Thu Mar 16, 2023, 9:06PM","28"
"Craig Dawson","WHU/WOL","D","Drop","1-Leo Gerard U3s Team","Thu Mar 16, 2023, 9:05PM","28"
"Jaidon Anthony","BOU","F","Claim","1-Drafted@3am FC","Thu Mar 16, 2023, 9:04PM","28"
"Jefferson Lerma","BOU","M","Drop","1-Drafted@3am FC","Thu Mar 16, 2023, 9:04PM","28"
"Jefferson Lerma","BOU","M","Claim","1-Drafted@3am FC","Thu Mar 16, 2023, 9:04PM","28"
"Kyle Walker-Peters","SOU","D","Drop","1-Drafted@3am FC","Thu Mar 16, 2023, 9:04PM","28"
"Conor Gallagher","CHE","M","Claim","1-Leo Gerard U3s Team","Thu Mar 16, 2023, 9:01PM","28"
"Lewis Dunk","BHA","D","Drop","1-Leo Gerard U3s Team","Thu Mar 16, 2023, 9:01PM","28"
"Luke Ayling","LEE","D","Claim","1-Jesus live at Red Rocks","Thu Mar 16, 2023, 9:00PM","28"
"Amadou Onana","EVE","M","Claim","1-Jesus live at Red Rocks","Thu Mar 16, 2023, 9:00PM","28"
"Patrick Bamford","LEE","F","Claim","1-Midtable Merchant","Thu Mar 16, 2023, 9:00PM","28"
"Aaron Hickey","BRF","D","Drop","1-Midtable Merchant","Thu Mar 16, 2023, 9:00PM","28"
"Alex Moreno","AVL","D","Claim","1- KFFC","Thu Mar 16, 2023, 9:00PM","28"
"Stefan Bajcetic","LIV","M","Drop","1- KFFC","Thu Mar 16, 2023, 9:00PM","28"
"Neto","BOU","G","Claim","1-Mystery Box U0s","Thu Mar 16, 2023, 9:00PM","28"
"Harry Souttar","STK/LEI","D","Claim","1-Drafted@3am FC","Thu Mar 16, 2023, 9:00PM","28"
"Jacob Ramsey","AVL","M","Drop","1-Drafted@3am FC","Thu Mar 16, 2023, 9:00PM","28"
"Crysencio Summerville","LEE","M","Claim","1-Commissioner Gordon & the Tark Knight","Thu Mar 16, 2023, 9:00PM","28"
"Joe Willock","NEW","M","Claim","1-Jesus live at Red Rocks","Thu Mar 16, 2023, 9:00PM","28"
"Lisandro Martinez","MUN","D","Drop","1-Mystery Box U0s","Wed Mar 15, 2023, 9:38PM","28"
"Wout Faes","LEI","D","Drop","1-Mystery Box U0s","Wed Mar 15, 2023, 9:37PM","28"
"Alejandro Garnacho","MUN","M,F","Drop","1-Jesus live at Red Rocks","Wed Mar 15, 2023, 8:23PM","28"
"Mikkel Damsgaard","BRF","M","Drop","1-Jesus live at Red Rocks","Wed Mar 15, 2023, 8:22PM","28"
"Danny Ings","AVL/WHU","F","Drop","1-Jesus live at Red Rocks","Wed Mar 15, 2023, 8:22PM","28"
"Bernd Leno","FUL","G","Drop","1-Commissioner Gordon & the Tark Knight","Wed Mar 15, 2023, 6:24PM","28"
"Joel Veltman","BHA","D","Drop","1-Commissioner Gordon & the Tark Knight","Wed Mar 15, 2023, 6:21PM","28"
"Adam Webster","BHA","D","Drop","1-Vecna's Møst Hated XI","Wed Mar 15, 2023, 5:32PM","28"
"Aaron Hickey","BRF","D","Claim","1-Midtable Merchant","Thu Mar 16, 2023, 11:05PM","28"
"Patrick Bamford","LEE","F","Drop","1-Midtable Merchant","Thu Mar 16, 2023, 11:05PM","28"
"Jordan Pickford","EVE","G","Claim","1- KFFC","Thu Mar 16, 2023, 11:05PM","28"
"Neto","BOU","G","Drop","1- KFFC","Thu Mar 16, 2023, 11:05PM","28"
"Stefan Bajcetic","LIV","M","Claim","1- KFFC","Thu Mar 16, 2023, 11:05PM","28"
"Alex Moreno","AVL","D","Drop","1- KFFC","Thu Mar 16, 2023, 11:05PM","28"
"Alex Moreno","AVL","D","Claim","1- KFFC","Tue Mar 14, 2023, 9:00PM","28"
"Stefan Bajcetic","LIV","M","Drop","1- KFFC","Tue Mar 14, 2023, 9:00PM","28"
"Patrick Bamford","LEE","F","Claim","1-Midtable Merchant","Tue Mar 14, 2023, 9:00PM","28"
"Aaron Hickey","BRF","D","Drop","1-Midtable Merchant","Tue Mar 14, 2023, 9:00PM","28"
"Neto","BOU","G","Claim","1- KFFC","Tue Mar 14, 2023, 9:00PM","28"
"Jordan Pickford","EVE","G","Drop","1- KFFC","Tue Mar 14, 2023, 9:00PM","28"
"Lisandro Martinez","MUN","D","Claim","1-Mystery Box U0s","Sun Mar 12, 2023, 9:46AM","27"
"Harrison Reed","FUL","M","Drop","1-Vecna's Møst Hated XI","Sun Mar 12, 2023, 9:33AM","27"
"Kyle Walker-Peters","SOU","D","Claim","1-Drafted@3am FC","Sun Mar 12, 2023, 9:26AM","27"
"Ainsley Maitland-Niles","ARS/SOU","M","Drop","1-Drafted@3am FC","Sun Mar 12, 2023, 9:26AM","27"
"Romain Perraud","SOU","D","Claim","1-TAAp in Merchants","Sun Mar 12, 2023, 9:09AM","27"
"Pablo Sarabia","WOL","M","Drop","1-TAAp in Merchants","Sun Mar 12, 2023, 9:09AM","27"
"Danny Ings","AVL/WHU","F","Claim","1-Jesus live at Red Rocks","Sun Mar 12, 2023, 9:07AM","27"
"Aaron Wan-Bissaka","MUN","D","Drop","1-Jesus live at Red Rocks","Sun Mar 12, 2023, 9:07AM","27"
"Aaron Wan-Bissaka","MUN","D","Claim","1-Jesus live at Red Rocks","Sun Mar 12, 2023, 9:06AM","27"
"Reiss Nelson","ARS","F","Drop","1-Jesus live at Red Rocks","Sun Mar 12, 2023, 9:06AM","27"
"Marc Cucurella","CHE","D","Claim","1-Midtable Merchant","Sat Mar 11, 2023, 9:48AM","27"
"Yoane Wissa","BRF","F","Drop","1-Midtable Merchant","Sat Mar 11, 2023, 9:48AM","27"
"Daniel Podence","WOL","F","Claim","1-Vecna's Møst Hated XI","Sat Mar 11, 2023, 9:14AM","27"
"Georginio Rutter","LEE","F","Drop","1-Vecna's Møst Hated XI","Sat Mar 11, 2023, 9:14AM","27"
"Bernd Leno","FUL","G","Claim","1-Commissioner Gordon & the Tark Knight","Sat Mar 11, 2023, 9:07AM","27"
"Harrison Reed","FUL","M","Claim","1-Vecna's Møst Hated XI","Sat Mar 11, 2023, 9:05AM","27"
"Arnaut Danjuma Groeneveld","BOU/TOT","M,F","Drop","1-Vecna's Møst Hated XI","Sat Mar 11, 2023, 9:05AM","27"
"Crysencio Summerville","LEE","M","Drop","1-john lim","Sat Mar 11, 2023, 9:04AM","27"
"Facundo Buonanotte","BHA","M","Drop","1-Commissioner Gordon & the Tark Knight","Sat Mar 11, 2023, 9:04AM","27"
"Crysencio Summerville","LEE","M","Claim","1-john lim","Sat Mar 11, 2023, 9:03AM","27"
"Amadou Onana","EVE","M","Drop","1-john lim","Sat Mar 11, 2023, 9:02AM","27"
"Cheick Doucoure","CRY","M","Drop","1-Mystery Box U0s","Sat Mar 11, 2023, 9:01AM","27"
"Craig Dawson","WHU/WOL","D","Claim","1-Leo Gerard U3s Team","Sat Mar 11, 2023, 7:25AM","27"
"Konstantinos Tsimikas","LIV","D","Drop","1-Mystery Box U0s","Sat Mar 11, 2023, 7:20AM","27"
"Aaron Wan-Bissaka","MUN","D","Drop","1-Leo Gerard U3s Team","Sat Mar 11, 2023, 7:20AM","27"
"Stefan Bajcetic","LIV","M","Claim","1- KFFC","Sat Mar 11, 2023, 6:54AM","27"
"Liam Cooper","LEE","D","Drop","1- KFFC","Sat Mar 11, 2023, 6:54AM","27"
"Emiliano Martinez","AVL","G","Claim","1-Vecna's Møst Hated XI","Sat Mar 11, 2023, 2:56AM","27"
"Neto","BOU","G","Drop","1-Vecna's Møst Hated XI","Sat Mar 11, 2023, 2:56AM","27"
"Konstantinos Tsimikas","LIV","D","Claim","1-Mystery Box U0s","Sat Mar 11, 2023, 1:06AM","27"
"Carlos Alcaraz","SOU","M","Claim","1-Jesus live at Red Rocks","Thu Mar 9, 2023, 6:56PM","27"
"Fabio Vieira","ARS","M","Drop","1-Jesus live at Red Rocks","Thu Mar 9, 2023, 6:56PM","27"
"Aaron Wan-Bissaka","MUN","D","Claim","1-Leo Gerard U3s Team","Thu Mar 9, 2023, 5:16PM","27"
"Wout Faes","LEI","D","Claim","1-Mystery Box U0s","Thu Mar 9, 2023, 4:51PM","27"
"Vitalii Mykolenko","EVE","D","Drop","1-Mystery Box U0s","Thu Mar 9, 2023, 4:51PM","27"
"Arnaut Danjuma Groeneveld","BOU/TOT","M,F","Claim","1-Vecna's Møst Hated XI","Thu Mar 9, 2023, 11:49AM","27"
"Eddie Nketiah","ARS","F","Drop","1-Vecna's Møst Hated XI","Thu Mar 9, 2023, 11:49AM","27"
"Neto","BOU","G","Claim","1-Vecna's Møst Hated XI","Wed Mar 8, 2023, 12:27PM","27"
"Bernd Leno","FUL","G","Drop","1-Vecna's Møst Hated XI","Wed Mar 8, 2023, 12:27PM","27"
"Romeo Lavia","SOU","M","Claim","1-Commissioner Gordon & the Tark Knight","Wed Mar 8, 2023, 10:51AM","27"
"Ricardo Pereira","LEI","D","Drop","1-Leo Gerard U3s Team","Wed Mar 8, 2023, 9:41AM","27"
"Reiss Nelson","ARS","F","Claim","1-Jesus live at Red Rocks","Wed Mar 8, 2023, 9:18AM","27"
"Anthony Gordon","EVE/NEW","M","Drop","1-Jesus live at Red Rocks","Wed Mar 8, 2023, 9:18AM","27"
"Kevin Schade","BRF","M","Claim","1-Vecna's Møst Hated XI","Tue Mar 7, 2023, 10:11PM","27"
"Lisandro Martinez","MUN","D","Drop","1-Vecna's Møst Hated XI","Tue Mar 7, 2023, 10:11PM","27"
"Facundo Buonanotte","BHA","M","Claim","1-Commissioner Gordon & the Tark Knight","Tue Mar 7, 2023, 9:59PM","27"
"Marc Guehi","CRY","D","Claim","1-Drafted@3am FC","Tue Mar 7, 2023, 9:57PM","27"
"Seamus Coleman","EVE","D","Drop","1-Drafted@3am FC","Tue Mar 7, 2023, 9:57PM","27"
"Tyrick Mitchell","CRY","D","Claim","1-john lim","Tue Mar 7, 2023, 9:03PM","27"
"Amadou Onana","EVE","M","Claim","1-john lim","Tue Mar 7, 2023, 9:02PM","27"
"Robin Koch","LEE","D","Claim","1-john lim","Tue Mar 7, 2023, 9:00PM","27"
"Aaron Hickey","BRF","D","Claim","1-Midtable Merchant","Tue Mar 7, 2023, 9:00PM","27"
"Issa Diop","WHU/FUL","D","Drop","1-Midtable Merchant","Tue Mar 7, 2023, 9:00PM","27"
"Rodrigo","LEE","F","Claim","1-Midtable Merchant","Tue Mar 7, 2023, 9:00PM","27"
"Patrick Bamford","LEE","F","Drop","1-Midtable Merchant","Tue Mar 7, 2023, 9:00PM","27"
"Liam Cooper","LEE","D","Claim","1- KFFC","Tue Mar 7, 2023, 9:00PM","27"
"Alex Moreno","AVL","D","Drop","1- KFFC","Tue Mar 7, 2023, 9:00PM","27"
"Yoane Wissa","BRF","F","Claim","1-Midtable Merchant","Tue Mar 7, 2023, 9:00PM","27"
"Nayef Aguerd","WHU","D","Drop","1-Midtable Merchant","Tue Mar 7, 2023, 9:00PM","27"
"Raul Jimenez","WOL","F","Claim","1-TAAp in Merchants","Tue Mar 7, 2023, 9:00PM","27"
"Gianluca Scamacca","WHU","F","Drop","1-TAAp in Merchants","Tue Mar 7, 2023, 9:00PM","27"
"Jason Steele","BHA","G","Claim","1-Mystery Box U0s","Tue Mar 7, 2023, 9:00PM","27"
"Keylor Navas","NOT","G","Drop","1-Mystery Box U0s","Tue Mar 7, 2023, 9:00PM","27"
"Ainsley Maitland-Niles","ARS/SOU","M","Claim","1-Drafted@3am FC","Tue Mar 7, 2023, 9:00PM","27"
"Danny Ings","AVL/WHU","F","Drop","1-Drafted@3am FC","Tue Mar 7, 2023, 9:00PM","27"
"Mason Mount","CHE","M","Claim","1- KFFC","Tue Mar 7, 2023, 9:00PM","27"
"Tim Ream","FUL","D","Drop","1- KFFC","Tue Mar 7, 2023, 9:00PM","27"
"Takehiro Tomiyasu","ARS","D","Drop","1-Commissioner Gordon & the Tark Knight","Mon Mar 6, 2023, 3:48PM","27"
"Mikkel Damsgaard","BRF","M","Claim","1-Jesus live at Red Rocks","Mon Mar 6, 2023, 2:06PM","26"
"Carlos Alcaraz","SOU","M","Drop","1-john lim","Sun Mar 5, 2023, 11:58AM","27"
"Neal Maupay","BHA/EVE","F","Drop","1-Mystery Box U0s","Sun Mar 5, 2023, 8:36AM","26"
"Seamus Coleman","EVE","D","Claim","1-Drafted@3am FC","Sun Mar 5, 2023, 8:03AM","26"
"Conor Coady","WOL/EVE","D","Drop","1-Drafted@3am FC","Sun Mar 5, 2023, 8:03AM","26"
"Ricardo Pereira","LEI","D","Claim","1-Leo Gerard U3s Team","Sat Mar 4, 2023, 12:06PM","26"
"Victor Kristiansen","LEI","D","Drop","1-Leo Gerard U3s Team","Sat Mar 4, 2023, 12:04PM","26"
"Mohamed Elyounoussi","SOU","M","Drop","1-Jesus live at Red Rocks","Sat Mar 4, 2023, 11:44AM","26"
"Brenden Aaronson","LEE","M","Drop","1-john lim","Sat Mar 4, 2023, 11:43AM","27"
"Carlos Alcaraz","SOU","M","Claim","1-john lim","Sat Mar 4, 2023, 11:43AM","26"
"Tariq Lamptey","BHA","D","Drop","1-Commissioner Gordon & the Tark Knight","Sat Mar 4, 2023, 9:58AM","26"
"Adam Webster","BHA","D","Claim","1-Vecna's Møst Hated XI","Sat Mar 4, 2023, 9:42AM","26"
"Amadou Onana","EVE","M","Drop","1-Vecna's Møst Hated XI","Sat Mar 4, 2023, 9:42AM","26"
"Tyrone Mings","AVL","D","Claim","1-Roy Kent's U8 Girls","Sat Mar 4, 2023, 9:36AM","26"
"Jacob Ramsey","AVL","M","Claim","1-Drafted@3am FC","Sat Mar 4, 2023, 9:19AM","26"
"Jefferson Lerma","BOU","M","Drop","1-Drafted@3am FC","Sat Mar 4, 2023, 9:19AM","26"
"Lewis Dunk","BHA","D","Claim","1-Leo Gerard U3s Team","Sat Mar 4, 2023, 9:08AM","26"
"Luke Ayling","LEE","D","Drop","1-Leo Gerard U3s Team","Sat Mar 4, 2023, 9:08AM","26"
"Dominic Solanke","BOU","F","Drop","1-john lim","Sat Mar 4, 2023, 9:06AM","26"
"Takehiro Tomiyasu","ARS","D","Claim","1-Commissioner Gordon & the Tark Knight","Sat Mar 4, 2023, 9:03AM","26"
"Craig Dawson","WHU/WOL","D","Drop","1-Commissioner Gordon & the Tark Knight","Sat Mar 4, 2023, 9:03AM","26"
"Fabio Vieira","ARS","M","Claim","1-Jesus live at Red Rocks","Sat Mar 4, 2023, 9:02AM","26"
"Wilfried Gnonto","LEE","F","Drop","1-Jesus live at Red Rocks","Sat Mar 4, 2023, 9:02AM","26"
"Crysencio Summerville","LEE","M","Drop","1-john lim","Sat Mar 4, 2023, 9:02AM","26"
"Tariq Lamptey","BHA","D","Claim","1-Commissioner Gordon & the Tark Knight","Sat Mar 4, 2023, 9:02AM","26"
"Daniel Podence","WOL","F","Drop","1-Commissioner Gordon & the Tark Knight","Sat Mar 4, 2023, 9:02AM","26"
"Crysencio Summerville","LEE","M","Claim","1-john lim","Sat Mar 4, 2023, 9:01AM","26"
"Dominic Solanke","BOU","F","Claim","1-john lim","Sat Mar 4, 2023, 9:01AM","26"
"Aaron Ramsdale","ARS","G","Claim","1-Midtable Merchant","Sat Mar 4, 2023, 9:01AM","26"
"Emiliano Martinez","AVL","G","Drop","1-Midtable Merchant","Sat Mar 4, 2023, 9:01AM","26"
"Raul Jimenez","WOL","F","Drop","1-john lim","Sat Mar 4, 2023, 9:00AM","26"
"Anthony Gordon","EVE/NEW","M","Claim","1-Jesus live at Red Rocks","Sat Mar 4, 2023, 6:34AM","26"
"Dominic Solanke","BOU","F","Drop","1-Jesus live at Red Rocks","Sat Mar 4, 2023, 6:34AM","26"
"Dominic Solanke","BOU","F","Claim","1-Jesus live at Red Rocks","Fri Mar 3, 2023, 11:12PM","26"
"Mason Mount","CHE","M","Drop","1-Jesus live at Red Rocks","Fri Mar 3, 2023, 11:12PM","26"
"Conor Coady","WOL/EVE","D","Claim","1-Drafted@3am FC","Fri Mar 3, 2023, 10:54PM","26"
"Jordan Henderson","LIV","M","Drop","1-Drafted@3am FC","Fri Mar 3, 2023, 10:54PM","26"
"Victor Kristiansen","LEI","D","Claim","1-Leo Gerard U3s Team","Fri Mar 3, 2023, 8:54PM","26"
"James Bree","AVL/SOU","D","Drop","1-Leo Gerard U3s Team","Fri Mar 3, 2023, 8:48PM","26"
"James Bree","AVL/SOU","D","Claim","1-Leo Gerard U3s Team","Fri Mar 3, 2023, 8:11PM","26"
"Amadou Onana","EVE","M","Claim","1-Vecna's Møst Hated XI","Fri Mar 3, 2023, 12:57PM","26"
"Rico Henry","BRF","D","Claim","1-Leo Gerard U3s Team","Fri Mar 3, 2023, 6:50AM","26"
"Alejandro Garnacho","MUN","M,F","Claim","1-Jesus live at Red Rocks","Fri Mar 3, 2023, 12:01AM","26"
"Sean Longstaff","NEW","M","Drop","1-Jesus live at Red Rocks","Fri Mar 3, 2023, 12:01AM","26"
"Hakim Ziyech","CHE","M","Drop","1-john lim","Thu Mar 2, 2023, 11:48PM","26"
"Raul Jimenez","WOL","F","Claim","1-john lim","Thu Mar 2, 2023, 11:47PM","26"
"Naby Keita","LIV","M","Drop","1-john lim","Thu Mar 2, 2023, 11:45PM","26"
"Issa Diop","WHU/FUL","D","Claim","1-Midtable Merchant","Thu Mar 2, 2023, 9:03PM","26"
"Matheus Cunha","WOL","F","Drop","1-Midtable Merchant","Thu Mar 2, 2023, 9:03PM","26"
"Joel Veltman","BHA","D","Claim","1-Commissioner Gordon & the Tark Knight","Thu Mar 2, 2023, 9:00PM","26"
"Mohamed Elyounoussi","SOU","M","Claim","1-Jesus live at Red Rocks","Thu Mar 2, 2023, 9:00PM","26"
"Emiliano Buendia","AVL","M","Claim","1-Commissioner Gordon & the Tark Knight","Thu Mar 2, 2023, 9:00PM","26"
"Sean Longstaff","NEW","M","Claim","1-Jesus live at Red Rocks","Thu Mar 2, 2023, 9:00PM","26"
"Nayef Aguerd","WHU","D","Claim","1-Midtable Merchant","Thu Mar 2, 2023, 9:00PM","26"
"Joel Matip","LIV","D","Drop","1-Midtable Merchant","Thu Mar 2, 2023, 9:00PM","26"
"David de Gea","MUN","G","Claim","1-TAAp in Merchants","Thu Mar 2, 2023, 9:00PM","26"
"Lukasz Fabianski","WHU","G","Drop","1-TAAp in Merchants","Thu Mar 2, 2023, 9:00PM","26"
"Junior Firpo","LEE","D","Claim","1-Mystery Box U0s","Thu Mar 2, 2023, 9:00PM","26"
"Harry Souttar","STK/LEI","D","Drop","1-Mystery Box U0s","Thu Mar 2, 2023, 9:00PM","26"
"Kelechi Iheanacho","LEI","F","Claim","1-Commissioner Gordon & the Tark Knight","Thu Mar 2, 2023, 9:00PM","26"
"Fred","MUN","M","Claim","1-Jesus live at Red Rocks","Thu Mar 2, 2023, 9:00PM","26"
"Wesley Fofana","LEI/CHE","D","Claim","1-Midtable Merchant","Thu Mar 2, 2023, 9:00PM","26"
"Vladimir Coufal","WHU","D","Drop","1-Midtable Merchant","Thu Mar 2, 2023, 9:00PM","26"
"Manor Solomon","FUL","F","Claim","1-Drafted@3am FC","Thu Mar 2, 2023, 9:00PM","26"
"Rico Lewis","MCI","D","Drop","1-Drafted@3am FC","Thu Mar 2, 2023, 9:00PM","26"
"Benoit Badiashile","CHE","D","Claim","1-TAAp in Merchants","Thu Mar 2, 2023, 9:00PM","26"
"Clement Lenglet","TOT","D","Drop","1-TAAp in Merchants","Thu Mar 2, 2023, 9:00PM","26"
"Raul Jimenez","WOL","F","Drop","1-Jesus live at Red Rocks","Thu Mar 2, 2023, 2:27PM","26"
"Konstantinos Tsimikas","LIV","D","Drop","1-Jesus live at Red Rocks","Thu Mar 2, 2023, 10:22AM","26"
"David Datro Fofana","CHE","F","Drop","1-Commissioner Gordon & the Tark Knight","Thu Mar 2, 2023, 9:36AM","26"
"Aaron Ramsdale","ARS","G","Drop","1-Commissioner Gordon & the Tark Knight","Thu Mar 2, 2023, 9:36AM","26"
"Amadou Onana","EVE","M","Drop","1-Commissioner Gordon & the Tark Knight","Thu Mar 2, 2023, 9:29AM","26"
"Seamus Coleman","EVE","D","Drop","1-Jesus live at Red Rocks","Thu Mar 2, 2023, 8:46AM","26"
"Nayef Aguerd","WHU","D","Drop","1-Vecna's Møst Hated XI","Tue Feb 28, 2023, 2:15PM","26"
"Clement Lenglet","TOT","D","Claim","1-TAAp in Merchants","Sun Feb 26, 2023, 7:46AM","25"
"Ben Davies","TOT","D","Claim","1-Drafted@3am FC","Sun Feb 26, 2023, 7:37AM","25"
"Benoit Badiashile","CHE","D","Drop","1-Drafted@3am FC","Sun Feb 26, 2023, 7:37AM","25"
"Hakim Ziyech","CHE","M","Claim","1-john lim","Sun Feb 26, 2023, 7:34AM","25"
"Marc Cucurella","CHE","D","Drop","1-john lim","Sun Feb 26, 2023, 7:34AM","25"
"Naby Keita","LIV","M","Claim","1-john lim","Sat Feb 25, 2023, 2:00PM","25"
"Jordan Henderson","LIV","M","Claim","1-Drafted@3am FC","Sat Feb 25, 2023, 1:57PM","25"
"Marc Guehi","CRY","D","Drop","1-Drafted@3am FC","Sat Feb 25, 2023, 1:57PM","25"
"Marc Guehi","CRY","D","Claim","1-Drafted@3am FC","Sat Feb 25, 2023, 1:56PM","25"
"Joseph Gomez","LIV","D","Drop","1-Drafted@3am FC","Sat Feb 25, 2023, 1:56PM","25"
"Kelechi Iheanacho","LEI","F","Drop","1-Leo Gerard U3s Team","Sat Feb 25, 2023, 11:51AM","26"
"Rico Lewis","MCI","D","Claim","1-Drafted@3am FC","Sat Feb 25, 2023, 11:43AM","25"
"Jaidon Anthony","BOU","F","Drop","1-Drafted@3am FC","Sat Feb 25, 2023, 11:43AM","25"
"Kyle Walker","MCI","D","Drop","1-TAAp in Merchants","Sat Feb 25, 2023, 11:39AM","25"
"Antoine Semenyo","BOU","F","Drop","1-john lim","Sat Feb 25, 2023, 11:31AM","25"
"Brenden Aaronson","LEE","M","Claim","1-john lim","Sat Feb 25, 2023, 9:37AM","25"
"Pape Sarr","TOT","M","Drop","1-john lim","Sat Feb 25, 2023, 9:37AM","25"
"Maximilian Wober","LEE","D","Claim","1-Mystery Box U0s","Sat Feb 25, 2023, 9:36AM","25"
"Stefan Bajcetic","LIV","M","Drop","1-Mystery Box U0s","Sat Feb 25, 2023, 9:36AM","25"
"Nick Pope","NEW","G","Claim","1-Commissioner Gordon & the Tark Knight","Sat Feb 25, 2023, 9:24AM","25"
"Emiliano Buendia","AVL","M","Drop","1-Commissioner Gordon & the Tark Knight","Sat Feb 25, 2023, 9:23AM","25"
"Matty Cash","AVL","D","Claim","1-Commissioner Gordon & the Tark Knight","Sat Feb 25, 2023, 9:14AM","25"
"Wesley Fofana","LEI/CHE","D","Drop","1-Commissioner Gordon & the Tark Knight","Sat Feb 25, 2023, 9:14AM","25"
"Kyle Walker","MCI","D","Claim","1-TAAp in Merchants","Sat Feb 25, 2023, 9:12AM","25"
"Abdoulaye Doucoure","EVE","M","Claim","1-Commissioner Gordon & the Tark Knight","Sat Feb 25, 2023, 9:11AM","25"
"Crysencio Summerville","LEE","M","Drop","1-Commissioner Gordon & the Tark Knight","Sat Feb 25, 2023, 9:11AM","25"
"Jack Harrison","LEE","M","Claim","1-Midtable Merchant","Sat Feb 25, 2023, 9:08AM","25"
"Victor Kristiansen","LEI","D","Drop","1-Midtable Merchant","Sat Feb 25, 2023, 9:08AM","25"
"Michail Antonio","WHU","F","Drop","1-TAAp in Merchants","Sat Feb 25, 2023, 9:06AM","25"
"John McGinn","AVL","M","Claim","1-TAAp in Merchants","Sat Feb 25, 2023, 9:03AM","25"
"Danny Ings","AVL/WHU","F","Claim","1-Drafted@3am FC","Sat Feb 25, 2023, 9:03AM","25"
"Sean Longstaff","NEW","M","Drop","1-Drafted@3am FC","Sat Feb 25, 2023, 9:03AM","25"
"Aaron Cresswell","WHU","D","Drop","1-TAAp in Merchants","Sat Feb 25, 2023, 9:01AM","25"
"Raul Jimenez","WOL","F","Claim","1-Jesus live at Red Rocks","Fri Feb 24, 2023, 2:48PM","25"
"Fabio Vieira","ARS","M","Drop","1-Jesus live at Red Rocks","Fri Feb 24, 2023, 2:48PM","25"
"Liam Cooper","LEE","D","Drop","1-Leo Gerard U3s Team","Thu Feb 23, 2023, 8:45PM","25"
"Odsonne Edouard","CRY","F","Drop","1-Roy Kent's U8 Girls","Thu Feb 23, 2023, 11:56AM","25"
"Jan Bednarek","SOU/AVL","D","Claim","1-Jesus live at Red Rocks","Thu Feb 23, 2023, 8:44AM","25"
"James Bree","AVL/SOU","D","Drop","1-Jesus live at Red Rocks","Thu Feb 23, 2023, 8:44AM","25"
"Konstantinos Tsimikas","LIV","D","Claim","1-Jesus live at Red Rocks","Thu Feb 23, 2023, 8:42AM","25"
"Dominic Solanke","BOU","F","Drop","1-Jesus live at Red Rocks","Thu Feb 23, 2023, 8:42AM","25"
"Fabio Vieira","ARS","M","Claim","1-Jesus live at Red Rocks","Thu Feb 23, 2023, 8:41AM","25"
"Alejandro Garnacho","MUN","M,F","Drop","1-Jesus live at Red Rocks","Thu Feb 23, 2023, 8:41AM","25"
"Jefferson Lerma","BOU","M","Claim","1-Drafted@3am FC","Wed Feb 22, 2023, 3:14PM","25"
"Arnaut Danjuma Groeneveld","BOU/TOT","M,F","Drop","1-Drafted@3am FC","Wed Feb 22, 2023, 3:14PM","25"
"Seamus Coleman","EVE","D","Claim","1-Jesus live at Red Rocks","Tue Feb 21, 2023, 11:43PM","25"
"Fred","MUN","M","Drop","1-Jesus live at Red Rocks","Tue Feb 21, 2023, 11:43PM","25"
"Emiliano Martinez","AVL","G","Claim","1-Midtable Merchant","Tue Feb 21, 2023, 11:41PM","25"
"Robert Sanchez","BHA","G","Drop","1-Midtable Merchant","Tue Feb 21, 2023, 11:41PM","25"
"Joel Matip","LIV","D","Claim","1-Midtable Merchant","Tue Feb 21, 2023, 11:40PM","25"
"Deniz Undav","BHA","F","Drop","1-Midtable Merchant","Tue Feb 21, 2023, 11:40PM","25"
"Armel Bella Kotchap","SOU","D","Claim","1-Vecna's Møst Hated XI","Tue Feb 21, 2023, 9:06PM","25"
"Wout Faes","LEI","D","Drop","1-Vecna's Møst Hated XI","Tue Feb 21, 2023, 9:06PM","25"
"Cristian Romero","TOT","D","Claim","1-Vecna's Møst Hated XI","Tue Feb 21, 2023, 9:00PM","25"
"Joel Veltman","BHA","D","Drop","1-Vecna's Møst Hated XI","Tue Feb 21, 2023, 9:00PM","25"
"Nayef Aguerd","WHU","D","Claim","1-Vecna's Møst Hated XI","Tue Feb 21, 2023, 9:00PM","25"
"Neal Maupay","BHA/EVE","F","Claim","1-Mystery Box U0s","Tue Feb 21, 2023, 9:00PM","25"
"Vicente Guaita","CRY","G","Claim","1-john lim","Tue Feb 21, 2023, 9:00PM","25"
"Nick Pope","NEW","G","Drop","1-john lim","Tue Feb 21, 2023, 9:00PM","25"
"Emerson Royal","TOT","D","Claim","1-Commissioner Gordon & the Tark Knight","Tue Feb 21, 2023, 9:00PM","25"
"John Stones","MCI","D","Drop","1-Vecna's Møst Hated XI","Tue Feb 21, 2023, 11:42AM","25"
"Cesar Azpilicueta","CHE","D","Drop","1-Commissioner Gordon & the Tark Knight","Mon Feb 20, 2023, 11:26AM","25"
"Bobby De Cordova-Reid","FUL","F","Drop","1-Mystery Box U0s","Sun Feb 19, 2023, 1:40PM","25"
"Wout Faes","LEI","D","Claim","1-Vecna's Møst Hated XI","Sat Feb 18, 2023, 11:35AM","24"
"Anthony Gordon","EVE/NEW","M","Drop","1-Vecna's Møst Hated XI","Sat Feb 18, 2023, 11:35AM","24"
"Sean Longstaff","NEW","M","Claim","1-Drafted@3am FC","Sat Feb 18, 2023, 11:34AM","24"
"Joel Matip","LIV","D","Drop","1-Drafted@3am FC","Sat Feb 18, 2023, 11:34AM","24"
"Tim Ream","FUL","D","Claim","1- KFFC","Sat Feb 18, 2023, 9:53AM","24"
"Weston McKennie","LEE","M","Drop","1- KFFC","Sat Feb 18, 2023, 9:53AM","24"
"Cesar Azpilicueta","CHE","D","Claim","1-Commissioner Gordon & the Tark Knight","Sat Feb 18, 2023, 9:51AM","24"
"Jack Harrison","LEE","M","Drop","1-Commissioner Gordon & the Tark Knight","Sat Feb 18, 2023, 9:51AM","24"
"Craig Dawson","WHU/WOL","D","Claim","1-Commissioner Gordon & the Tark Knight","Sat Feb 18, 2023, 9:27AM","24"
"Cesar Azpilicueta","CHE","D","Drop","1-Commissioner Gordon & the Tark Knight","Sat Feb 18, 2023, 9:27AM","24"
"Dominic Solanke","BOU","F","Claim","1-Jesus live at Red Rocks","Sat Feb 18, 2023, 9:11AM","24"
"Craig Dawson","WHU/WOL","D","Drop","1-Jesus live at Red Rocks","Sat Feb 18, 2023, 9:11AM","24"
"David Datro Fofana","CHE","F","Claim","1-Commissioner Gordon & the Tark Knight","Sat Feb 18, 2023, 9:09AM","24"
"Dominic Solanke","BOU","F","Drop","1-Commissioner Gordon & the Tark Knight","Sat Feb 18, 2023, 9:09AM","24"
"Bobby De Cordova-Reid","FUL","F","Claim","1-Mystery Box U0s","Sat Feb 18, 2023, 9:08AM","24"
"Nayef Aguerd","WHU","D","Drop","1-Mystery Box U0s","Sat Feb 18, 2023, 9:08AM","24"
"Cesar Azpilicueta","CHE","D","Claim","1-Commissioner Gordon & the Tark Knight","Sat Feb 18, 2023, 9:05AM","24"
"Conor Gallagher","CHE","M","Drop","1-Commissioner Gordon & the Tark Knight","Sat Feb 18, 2023, 9:05AM","24"
"Joseph Gomez","LIV","D","Claim","1-Drafted@3am FC","Fri Feb 17, 2023, 11:45AM","24"
"Rodrigo Bentancur","TOT","M","Drop","1-Drafted@3am FC","Fri Feb 17, 2023, 11:45AM","24"
"Joel Veltman","BHA","D","Claim","1-Vecna's Møst Hated XI","Thu Feb 16, 2023, 9:02PM","24"
"Rayan Ait-Nouri","WOL","D","Drop","1-Vecna's Møst Hated XI","Thu Feb 16, 2023, 9:02PM","24"
"Dominic Solanke","BOU","F","Claim","1-Commissioner Gordon & the Tark Knight","Thu Feb 16, 2023, 9:01PM","24"
"Deniz Undav","BHA","F","Claim","1-Midtable Merchant","Thu Feb 16, 2023, 9:01PM","24"
"Rico Lewis","MCI","D","Drop","1-Midtable Merchant","Thu Feb 16, 2023, 9:01PM","24"
"Craig Dawson","WHU/WOL","D","Claim","1-Jesus live at Red Rocks","Thu Feb 16, 2023, 9:00PM","24"
"Maximilian Wober","LEE","D","Drop","1-Jesus live at Red Rocks","Thu Feb 16, 2023, 9:00PM","24"
"Vitalii Mykolenko","EVE","D","Claim","1-Mystery Box U0s","Thu Feb 16, 2023, 9:00PM","24"
"Jan Bednarek","SOU/AVL","D","Drop","1-Mystery Box U0s","Thu Feb 16, 2023, 9:00PM","24"
"N'Golo Kante","CHE","M","Claim","1- KFFC","Thu Feb 16, 2023, 9:00PM","24"
"Danny Ings","AVL/WHU","F","Drop","1- KFFC","Thu Feb 16, 2023, 9:00PM","24"
"Alejandro Garnacho","MUN","M,F","Claim","1-Jesus live at Red Rocks","Thu Feb 16, 2023, 9:00PM","24"
"Moises Caicedo","BHA","M","Claim","1-Mystery Box U0s","Thu Feb 16, 2023, 9:00PM","24"
"Gustavo Scarpa","NOT","M","Drop","1-Mystery Box U0s","Thu Feb 16, 2023, 9:00PM","24"
"Pape Sarr","TOT","M","Claim","1-john lim","Thu Feb 16, 2023, 9:00PM","24"
"Adama Traore","WOL","F","Claim","1-Leo Gerard U3s Team","Thu Feb 16, 2023, 9:00PM","24"
"Felipe","NOT","D","Claim","1- KFFC","Thu Feb 16, 2023, 9:00PM","24"
"Kyle Walker","MCI","D","Drop","1- KFFC","Thu Feb 16, 2023, 9:00PM","24"
"Deniz Undav","BHA","F","Drop","1-Jesus live at Red Rocks","Thu Feb 16, 2023, 8:46AM","24"
"Willy Boly","WOL/NOT","D","Drop","1-Commissioner Gordon & the Tark Knight","Wed Feb 15, 2023, 6:15PM","24"
"Manuel Akanji","MCI","D","Drop","1-Leo Gerard U3s Team","Wed Feb 15, 2023, 4:54PM","24"
"Kyle Walker","MCI","D","Claim","1- KFFC","Sun Feb 12, 2023, 10:33AM","23"
"Ashley Young","AVL","D","Drop","1- KFFC","Sun Feb 12, 2023, 10:33AM","23"
"John Stones","MCI","D","Claim","1-Vecna's Møst Hated XI","Sat Feb 11, 2023, 9:45AM","23"
"Tariq Lamptey","BHA","D","Drop","1-Vecna's Møst Hated XI","Sat Feb 11, 2023, 9:36AM","23"
"Emiliano Buendia","AVL","M","Claim","1-Commissioner Gordon & the Tark Knight","Sat Feb 11, 2023, 9:12AM","23"
"Emerson Royal","TOT","D","Drop","1-john lim","Sat Feb 11, 2023, 9:02AM","23"
"Adama Traore","WOL","F","Drop","1-Commissioner Gordon & the Tark Knight","Sat Feb 11, 2023, 9:01AM","23"
"Rayan Ait-Nouri","WOL","D","Claim","1-Vecna's Møst Hated XI","Sat Feb 11, 2023, 2:03AM","23"
"Brenden Aaronson","LEE","M","Drop","1-Vecna's Møst Hated XI","Sat Feb 11, 2023, 2:02AM","23"
"Nayef Aguerd","WHU","D","Claim","1-Mystery Box U0s","Sat Feb 11, 2023, 1:56AM","23"
"Marc Roca","LEE","M","Drop","1-Mystery Box U0s","Sat Feb 11, 2023, 1:56AM","23"
"Nelson Semedo","WOL","D","Claim","1-TAAp in Merchants","Fri Feb 10, 2023, 8:52PM","23"
"Raphael Varane","MUN","D","Drop","1-TAAp in Merchants","Fri Feb 10, 2023, 8:52PM","23"
"Robert Sanchez","BHA","G","Claim","1-Midtable Merchant","Fri Feb 10, 2023, 4:48PM","23"
"Illan Meslier","LEE","G","Drop","1-Midtable Merchant","Fri Feb 10, 2023, 4:48PM","23"
"Antonee Robinson","FUL","D","Claim","1-Midtable Merchant","Fri Feb 10, 2023, 4:47PM","23"
"Conor Coady","WOL/EVE","D","Drop","1-Midtable Merchant","Fri Feb 10, 2023, 4:47PM","23"
"Adama Traore","WOL","F","Claim","1-Commissioner Gordon & the Tark Knight","Thu Feb 9, 2023, 9:01PM","23"
"John McGinn","AVL","M","Drop","1-Commissioner Gordon & the Tark Knight","Thu Feb 9, 2023, 9:01PM","23"
"Aaron Ramsdale","ARS","G","Claim","1-Commissioner Gordon & the Tark Knight","Thu Feb 9, 2023, 9:00PM","23"
"Kelechi Iheanacho","LEI","F","Claim","1-Leo Gerard U3s Team","Thu Feb 9, 2023, 9:00PM","23"
"Crysencio Summerville","LEE","M","Claim","1-Commissioner Gordon & the Tark Knight","Thu Feb 9, 2023, 9:00PM","23"
"Deniz Undav","BHA","F","Claim","1-Jesus live at Red Rocks","Thu Feb 9, 2023, 9:00PM","23"
"Moises Caicedo","BHA","M","Drop","1-Jesus live at Red Rocks","Thu Feb 9, 2023, 9:00PM","23"
"Jan Bednarek","SOU/AVL","D","Claim","1-Mystery Box U0s","Thu Feb 9, 2023, 9:00PM","23"
"Luke Thomas","LEI","D","Drop","1-Mystery Box U0s","Thu Feb 9, 2023, 9:00PM","23"
"Emerson Royal","TOT","D","Claim","1-john lim","Thu Feb 9, 2023, 9:00PM","23"
"Sasa Lukic","FUL","M","Drop","1-john lim","Thu Feb 9, 2023, 9:00PM","23"
"Amadou Onana","EVE","M","Claim","1-Commissioner Gordon & the Tark Knight","Thu Feb 9, 2023, 9:00PM","23"
"Emerson","CHE/WHU","D","Claim","1-Jesus live at Red Rocks","Thu Feb 9, 2023, 9:00PM","23"
"Dominic Solanke","BOU","F","Drop","1-Jesus live at Red Rocks","Thu Feb 9, 2023, 9:00PM","23"
"Manuel Akanji","MCI","D","Claim","1-Leo Gerard U3s Team","Thu Feb 9, 2023, 9:00PM","23"
"Luis Sinisterra","LEE","F","Drop","1-Leo Gerard U3s Team","Thu Feb 9, 2023, 8:58PM","23"
"Aaron Wan-Bissaka","MUN","D","Drop","1-Leo Gerard U3s Team","Thu Feb 9, 2023, 8:57PM","23"
"Hakim Ziyech","CHE","M","Drop","1-Commissioner Gordon & the Tark Knight","Thu Feb 9, 2023, 8:39PM","23"
"David de Gea","MUN","G","Drop","1-Commissioner Gordon & the Tark Knight","Wed Feb 8, 2023, 3:37PM","23"
"Joseph Gomez","LIV","D","Drop","1-Commissioner Gordon & the Tark Knight","Sat Feb 4, 2023, 11:40AM","23"
"Bryan Mbeumo","BRF","F","Claim","1-Drafted@3am FC","Sat Feb 4, 2023, 9:26AM","22"
"Rodrigo","LEE","F","Drop","1-Drafted@3am FC","Sat Feb 4, 2023, 9:26AM","22"
"Antoine Semenyo","BOU","F","Claim","1-john lim","Sat Feb 4, 2023, 9:05AM","22"
"Albert Sambi Lokonga","ARS/CRY","M","Drop","1-john lim","Sat Feb 4, 2023, 9:05AM","22"
"Raphael Varane","MUN","D","Claim","1-TAAp in Merchants","Sat Feb 4, 2023, 9:04AM","22"
"Lyanco","SOU","D","Drop","1-TAAp in Merchants","Sat Feb 4, 2023, 9:04AM","22"
"Victor Kristiansen","LEI","D","Claim","1-Midtable Merchant","Sat Feb 4, 2023, 9:00AM","22"
"Tyrell Malacia","MUN","D","Drop","1-Midtable Merchant","Sat Feb 4, 2023, 9:00AM","22"
"Tariq Lamptey","BHA","D","Claim","1-Vecna's Møst Hated XI","Fri Feb 3, 2023, 11:23AM","22"
"Armel Bella Kotchap","SOU","D","Drop","1-Vecna's Møst Hated XI","Fri Feb 3, 2023, 11:23AM","22"
"Sasa Lukic","FUL","M","Claim","1-john lim","Thu Feb 2, 2023, 9:06PM","22"
"Keylor Navas","NOT","G","Claim","1-Mystery Box U0s","Thu Feb 2, 2023, 9:00PM","22"
"Aaron Ramsdale","ARS","G","Drop","1-Mystery Box U0s","Thu Feb 2, 2023, 9:00PM","22"
"Paul Onuachu","SOU","F","Claim","1- KFFC","Thu Feb 2, 2023, 9:00PM","22"
"Emerson Royal","TOT","D","Drop","1- KFFC","Thu Feb 2, 2023, 9:00PM","22"
"Hamed Traore","BOU","M","Claim","1-Mystery Box U0s","Thu Feb 2, 2023, 9:00PM","22"
"Kamaldeen Sulemana","SOU","M","Claim","1-john lim","Thu Feb 2, 2023, 9:00PM","22"
"Weston McKennie","LEE","M","Claim","1- KFFC","Thu Feb 2, 2023, 9:00PM","22"
"Joe Willock","NEW","M","Drop","1- KFFC","Thu Feb 2, 2023, 9:00PM","22"
"Enzo Fernandez","CHE","M","Claim","1-Midtable Merchant","Thu Feb 2, 2023, 9:00PM","22"
"Renan Lodi","NOT","D","Drop","1-Midtable Merchant","Thu Feb 2, 2023, 9:00PM","22"
"Harry Souttar","STK/LEI","D","Claim","1-Mystery Box U0s","Thu Feb 2, 2023, 9:00PM","22"
"Marcel Sabitzer","MUN","M","Claim","1-john lim","Thu Feb 2, 2023, 9:00PM","22"
"Pedro Porro","MCI/TOT","D","Claim","1-Commissioner Gordon & the Tark Knight","Thu Feb 2, 2023, 9:00PM","22"
"Emerson Royal","TOT","D","Claim","1- KFFC","Thu Feb 2, 2023, 8:25PM","22"
"Jamie Vardy","LEI","F","Drop","1- KFFC","Thu Feb 2, 2023, 8:25PM","22"
"Chris Wood","NEW/NOT","F","Drop","1-Mystery Box U0s","Thu Feb 2, 2023, 10:33AM","22"
"Tyrone Mings","AVL","D","Drop","1-Commissioner Gordon & the Tark Knight","Wed Feb 1, 2023, 11:24AM","22"
"Samuel Edozie","MCI/SOU","F","Drop","1-john lim","Wed Feb 1, 2023, 11:18AM","22"
"Ben White","ARS","D","Claim","1-Midtable Merchant","Wed Feb 1, 2023, 3:16AM","22"
"Antonee Robinson","FUL","D","Drop","1-Midtable Merchant","Wed Feb 1, 2023, 3:16AM","22"
"Albert Sambi Lokonga","ARS/CRY","M","Claim","1-john lim","Tue Jan 31, 2023, 9:02PM","22"
"James Bree","AVL/SOU","D","Claim","1-Jesus live at Red Rocks","Tue Jan 31, 2023, 9:00PM","22"
"Emerson","CHE/WHU","D","Drop","1-Jesus live at Red Rocks","Tue Jan 31, 2023, 9:00PM","22"
"Tetê","LEI","F","Claim","1-Vecna's Møst Hated XI","Tue Jan 31, 2023, 9:00PM","22"
"Arnaut Danjuma Groeneveld","BOU/TOT","M,F","Claim","1-Drafted@3am FC","Tue Jan 31, 2023, 9:00PM","22"
"Tim Ream","FUL","D","Drop","1-Drafted@3am FC","Tue Jan 31, 2023, 9:00PM","22"
"Joseph Gomez","LIV","D","Claim","1-Commissioner Gordon & the Tark Knight","Tue Jan 31, 2023, 7:52PM","22"
"Nathan Ake","MCI","D","Drop","1-Commissioner Gordon & the Tark Knight","Tue Jan 31, 2023, 7:52PM","22"
"Crysencio Summerville","LEE","M","Drop","1-Vecna's Møst Hated XI","Tue Jan 31, 2023, 5:35PM","22"
"Joao Cancelo","MCI","D","Drop","1-Mystery Box U0s","Tue Jan 31, 2023, 9:40AM","22"
"Emerson","CHE/WHU","D","Claim","1-Jesus live at Red Rocks","Tue Jan 31, 2023, 8:43AM","22"
"Matt Doherty","TOT","D","Drop","1-Jesus live at Red Rocks","Tue Jan 31, 2023, 8:40AM","22"
"Alex Oxlade-Chamberlain","LIV","M","Drop","1-john lim","Tue Jan 31, 2023, 7:58AM","22"
"Christian Eriksen","MUN","M","Drop","1-john lim","Tue Jan 31, 2023, 7:58AM","22"
"Djed Spence","TOT","D","Drop","1-john lim","Mon Jan 30, 2023, 5:04PM","22"
"Antonee Robinson","FUL","D","Claim","1-Midtable Merchant","Mon Jan 30, 2023, 11:59AM","22"
"Jacob Ramsey","AVL","M","Drop","1-Midtable Merchant","Mon Jan 30, 2023, 11:59AM","22"
"Rico Lewis","MCI","D","Claim","1-Midtable Merchant","Mon Jan 30, 2023, 7:41AM","22"
"Ben White","ARS","D","Drop","1-Midtable Merchant","Mon Jan 30, 2023, 7:41AM","22"
"Fred","MUN","M","Claim","1-Jesus live at Red Rocks","Mon Jan 30, 2023, 7:38AM","22"
"Ryan Christie","BOU","M","Drop","1-Jesus live at Red Rocks","Mon Jan 30, 2023, 7:38AM","22"
"Conor Coady","WOL/EVE","D","Claim","1-Midtable Merchant","Fri Jan 27, 2023, 7:32AM","22"
"Cédric Soares","ARS/FUL","D","Drop","1-Midtable Merchant","Fri Jan 27, 2023, 7:32AM","22"
"Anthony Gordon","EVE/NEW","M","Claim","1-Vecna's Møst Hated XI","Thu Jan 26, 2023, 9:18PM","22"
"Danny Welbeck","BHA","F","Drop","1-Vecna's Møst Hated XI","Thu Jan 26, 2023, 9:18PM","22"
"Ryan Christie","BOU","M","Claim","1-Jesus live at Red Rocks","Thu Jan 26, 2023, 9:00PM","22"
"Antonee Robinson","FUL","D","Drop","1-Jesus live at Red Rocks","Thu Jan 26, 2023, 9:00PM","22"
"Danny Welbeck","BHA","F","Claim","1-Vecna's Møst Hated XI","Thu Jan 26, 2023, 2:44AM","22"
"Noni Madueke","CHE","F","Claim","1- KFFC","Wed Jan 25, 2023, 11:24PM","22"
"Ben Davies","TOT","D","Drop","1- KFFC","Wed Jan 25, 2023, 11:24PM","22"
"Vitalii Mykolenko","EVE","D","Drop","1- KFFC","Wed Jan 25, 2023, 10:43PM","22"
"Pedro Neto","WOL","F","Claim","1-Leo Gerard U3s Team","Wed Jan 25, 2023, 8:48PM","22"
"Bryan Mbeumo","BRF","F","Drop","1-Leo Gerard U3s Team","Wed Jan 25, 2023, 8:48PM","22"
"Stefan Bajcetic","LIV","M","Claim","1-Mystery Box U0s","Wed Jan 25, 2023, 3:23PM","22"
"Amadou Onana","EVE","M","Drop","1-Mystery Box U0s","Wed Jan 25, 2023, 3:23PM","22"
"Djed Spence","TOT","D","Claim","1-john lim","Wed Jan 25, 2023, 9:32AM","22"
"Trevoh Chalobah","CHE","D","Drop","1-john lim","Wed Jan 25, 2023, 9:32AM","22"
"Cédric Soares","ARS/FUL","D","Claim","1-Midtable Merchant","Wed Jan 25, 2023, 6:02AM","22"
"Raphael Varane","MUN","D","Drop","1-Midtable Merchant","Wed Jan 25, 2023, 6:02AM","22"
"Illan Meslier","LEE","G","Claim","1-Midtable Merchant","Wed Jan 25, 2023, 2:58AM","22"
"Emiliano Martinez","AVL","G","Drop","1-Midtable Merchant","Wed Jan 25, 2023, 2:58AM","22"
"Raphael Varane","MUN","D","Claim","1-Midtable Merchant","Wed Jan 25, 2023, 12:23AM","22"
"Renan Lodi","NOT","D","Claim","1-Midtable Merchant","Wed Jan 25, 2023, 12:23AM","22"
"Armel Bella Kotchap","SOU","D","Claim","1-Vecna's Møst Hated XI","Tue Jan 24, 2023, 9:23PM","22"
"Dwight McNeil","EVE","M,F","Claim","1-john lim","Tue Jan 24, 2023, 9:06PM","22"
"Nathan Ake","MCI","D","Claim","1-Commissioner Gordon & the Tark Knight","Tue Jan 24, 2023, 9:05PM","22"
"Willy Boly","WOL/NOT","D","Claim","1-Commissioner Gordon & the Tark Knight","Tue Jan 24, 2023, 9:00PM","22"
"David de Gea","MUN","G","Claim","1-Commissioner Gordon & the Tark Knight","Tue Jan 24, 2023, 9:00PM","22"
"Antonee Robinson","FUL","D","Claim","1-Jesus live at Red Rocks","Tue Jan 24, 2023, 9:00PM","22"
"Maximilian Wober","LEE","D","Claim","1-Jesus live at Red Rocks","Tue Jan 24, 2023, 9:00PM","22"
"Dango Ouattara","BOU","F","Claim","1-TAAp in Merchants","Tue Jan 24, 2023, 9:00PM","22"
"Joe Worrall","NOT","D","Drop","1-TAAp in Merchants","Tue Jan 24, 2023, 9:00PM","22"
"Aaron Wan-Bissaka","MUN","D","Claim","1-Leo Gerard U3s Team","Tue Jan 24, 2023, 9:00PM","22"
"Ryan Christie","BOU","M","Drop","1-Jesus live at Red Rocks","Tue Jan 24, 2023, 8:56PM","22"
"Cristian Romero","TOT","D","Drop","1-Commissioner Gordon & the Tark Knight","Tue Jan 24, 2023, 8:52PM","22"
"Vicente Guaita","CRY","G","Drop","1-Commissioner Gordon & the Tark Knight","Tue Jan 24, 2023, 8:52PM","22"
"Anthony Gordon","EVE/NEW","M","Drop","1-Commissioner Gordon & the Tark Knight","Tue Jan 24, 2023, 8:48PM","22"
"Raul Jimenez","WOL","F","Drop","1-Jesus live at Red Rocks","Tue Jan 24, 2023, 1:31PM","22"
"Adama Traore","WOL","F","Drop","1-Midtable Merchant","Mon Jan 23, 2023, 6:13PM","22"
"James Milner","LIV","M","Drop","1-Midtable Merchant","Mon Jan 23, 2023, 6:13PM","22"
"Emerson Royal","TOT","D","Drop","1-Vecna's Møst Hated XI","Mon Jan 23, 2023, 5:21PM","22"
"Tim Ream","FUL","D","Claim","1-Drafted@3am FC","Mon Jan 23, 2023, 3:10PM","21"
"Tosin Adarabioyo","FUL","D","Drop","1-Drafted@3am FC","Mon Jan 23, 2023, 3:10PM","21"
"Emerson Royal","TOT","D","Claim","1-Vecna's Møst Hated XI","Sun Jan 22, 2023, 1:36PM","21"
"Adama Traore","WOL","F","Claim","1-Midtable Merchant","Sun Jan 22, 2023, 8:04AM","21"
"Aaron Wan-Bissaka","MUN","D","Drop","1-Midtable Merchant","Sun Jan 22, 2023, 8:04AM","21"
"Raul Jimenez","WOL","F","Claim","1-Jesus live at Red Rocks","Sun Jan 22, 2023, 8:03AM","21"
"Maximilian Wober","LEE","D","Drop","1-Jesus live at Red Rocks","Sun Jan 22, 2023, 8:03AM","21"
"Emiliano Buendia","AVL","M","Drop","1-Leo Gerard U3s Team","Sat Jan 21, 2023, 12:00PM","22"
"Hwang Hee-Chan","WOL","F","Drop","1-john lim","Sat Jan 21, 2023, 11:45AM","21"
"Crysencio Summerville","LEE","M","Claim","1-Vecna's Møst Hated XI","Sat Jan 21, 2023, 10:01AM","21"
"Matty Cash","AVL","D","Drop","1-Vecna's Møst Hated XI","Sat Jan 21, 2023, 9:55AM","21"
"Amadou Onana","EVE","M","Claim","1-Mystery Box U0s","Sat Jan 21, 2023, 9:07AM","21"
"Mislav Orsic","SOU","F","Drop","1-Mystery Box U0s","Sat Jan 21, 2023, 9:07AM","21"
"Lyanco","SOU","D","Claim","1-TAAp in Merchants","Sat Jan 21, 2023, 9:06AM","21"
"Romain Perraud","SOU","D","Drop","1-TAAp in Merchants","Sat Jan 21, 2023, 9:06AM","21"
"Chris Wood","NEW/NOT","F","Claim","1-Mystery Box U0s","Sat Jan 21, 2023, 9:04AM","21"
"Amadou Onana","EVE","M","Drop","1-Mystery Box U0s","Sat Jan 21, 2023, 9:04AM","21"
"Joe Worrall","NOT","D","Claim","1-TAAp in Merchants","Sat Jan 21, 2023, 9:03AM","21"
"Ryan Sessegnon","TOT","D","Drop","1-TAAp in Merchants","Sat Jan 21, 2023, 9:03AM","21"
"Amadou Onana","EVE","M","Claim","1-Mystery Box U0s","Sat Jan 21, 2023, 9:02AM","21"
"Pedro Neto","WOL","F","Drop","1-Mystery Box U0s","Sat Jan 21, 2023, 9:01AM","21"
"Michail Antonio","WHU","F","Claim","1-TAAp in Merchants","Sat Jan 21, 2023, 9:01AM","21"
"Danny Welbeck","BHA","F","Drop","1-TAAp in Merchants","Sat Jan 21, 2023, 9:01AM","21"
"James Milner","LIV","M","Claim","1-Midtable Merchant","Sat Jan 21, 2023, 7:04AM","21"
"Stefan Bajcetic","LIV","M","Drop","1-Midtable Merchant","Sat Jan 21, 2023, 7:04AM","21"
"Stefan Bajcetic","LIV","M","Claim","1-Midtable Merchant","Sat Jan 21, 2023, 6:53AM","21"
"Willy Boly","WOL/NOT","D","Drop","1-Midtable Merchant","Sat Jan 21, 2023, 6:53AM","21"
"Kevin Schade","BRF","M","Drop","1-Vecna's Møst Hated XI","Fri Jan 20, 2023, 10:35PM","21"
"João Moutinho","WOL","M","Claim","1-Roy Kent's U8 Girls","Fri Jan 20, 2023, 10:24PM","21"
"Christian Pulisic","CHE","M","Drop","1-Roy Kent's U8 Girls","Fri Jan 20, 2023, 10:24PM","21"
"Marc Roca","LEE","M","Claim","1-Mystery Box U0s","Thu Jan 19, 2023, 9:17PM","21"
"Ayoze Perez","LEI","M","Drop","1-Mystery Box U0s","Thu Jan 19, 2023, 9:17PM","21"
"Tyrone Mings","AVL","D","Claim","1-Commissioner Gordon & the Tark Knight","Thu Jan 19, 2023, 9:08PM","21"
"Carlos Alcaraz","SOU","M","Drop","1-Commissioner Gordon & the Tark Knight","Thu Jan 19, 2023, 9:08PM","21"
"Jacob Ramsey","AVL","M","Claim","1-Midtable Merchant","Thu Jan 19, 2023, 9:03PM","21"
"Matheus Cunha","WOL","F","Claim","1-Midtable Merchant","Thu Jan 19, 2023, 9:03PM","21"
"Pierre-Emerick Aubameyang","ARS/CHE","F","Drop","1-Midtable Merchant","Thu Jan 19, 2023, 9:03PM","21"
"Vicente Guaita","CRY","G","Claim","1-Commissioner Gordon & the Tark Knight","Thu Jan 19, 2023, 9:02PM","21"
"Pedro Neto","WOL","F","Claim","1-Mystery Box U0s","Thu Jan 19, 2023, 9:02PM","21"
"David de Gea","MUN","G","Drop","1-Mystery Box U0s","Thu Jan 19, 2023, 9:01PM","21"
"Hakim Ziyech","CHE","M","Claim","1-Commissioner Gordon & the Tark Knight","Thu Jan 19, 2023, 9:00PM","21"
"Luke Ayling","LEE","D","Claim","1-Leo Gerard U3s Team","Thu Jan 19, 2023, 9:00PM","21"
"Conor Gallagher","CHE","M","Claim","1-Commissioner Gordon & the Tark Knight","Thu Jan 19, 2023, 9:00PM","21"
"Aaron Ramsdale","ARS","G","Claim","1-Mystery Box U0s","Thu Jan 19, 2023, 9:00PM","21"
"Joe Willock","NEW","M","Claim","1- KFFC","Thu Jan 19, 2023, 9:00PM","21"
"Armel Bella Kotchap","SOU","D","Drop","1- KFFC","Thu Jan 19, 2023, 9:00PM","21"
"Brennan Johnson","NOT","F","Claim","1-Jesus live at Red Rocks","Thu Jan 19, 2023, 9:00PM","21"
"Wout Weghorst","BUR/MUN","F","Claim","1-Vecna's Møst Hated XI","Thu Jan 19, 2023, 9:00PM","21"
"Renan Lodi","NOT","D","Drop","1-Vecna's Møst Hated XI","Thu Jan 19, 2023, 9:00PM","21"
"Georginio Rutter","LEE","F","Claim","1- KFFC","Thu Jan 19, 2023, 9:00PM","21"
"Clement Lenglet","TOT","D","Drop","1- KFFC","Thu Jan 19, 2023, 9:00PM","21"
"Pablo Sarabia","WOL","M","Claim","1-TAAp in Merchants","Thu Jan 19, 2023, 9:00PM","21"
"Mykhailo Mudryk","CHE","M","Claim","1-Drafted@3am FC","Thu Jan 19, 2023, 9:00PM","21"
"Rico Henry","BRF","D","Drop","1-Drafted@3am FC","Thu Jan 19, 2023, 9:00PM","21"
"Lewis Hall","CHE","M","Drop","1-Commissioner Gordon & the Tark Knight","Thu Jan 19, 2023, 8:59PM","21"
"Matheus Cunha","WOL","F","Drop","1-Leo Gerard U3s Team","Thu Jan 19, 2023, 7:57PM","21"
"Dwight McNeil","EVE","M,F","Drop","1-TAAp in Merchants","Thu Jan 19, 2023, 7:07PM","21"
"Hugo Lloris","TOT","G","Drop","1-Commissioner Gordon & the Tark Knight","Thu Jan 19, 2023, 5:46PM","21"
"Michail Antonio","WHU","F","Drop","1-Jesus live at Red Rocks","Wed Jan 18, 2023, 8:36AM","21"
"Clement Lenglet","TOT","D","Claim","1- KFFC","Sun Jan 15, 2023, 11:00AM","20"
"Emerson Royal","TOT","D","Drop","1- KFFC","Sun Jan 15, 2023, 11:00AM","20"
"Benoit Badiashile","CHE","D","Claim","1-Drafted@3am FC","Sun Jan 15, 2023, 8:36AM","20"
"Bobby De Cordova-Reid","FUL","F","Drop","1-Drafted@3am FC","Sun Jan 15, 2023, 8:36AM","20"
"João Moutinho","WOL","M","Drop","1-Midtable Merchant","Sat Jan 14, 2023, 5:06PM","21"
"Mohamed Elyounoussi","SOU","M","Drop","1-Commissioner Gordon & the Tark Knight","Sat Jan 14, 2023, 12:14PM","21"
"Ryan Christie","BOU","M","Claim","1-Jesus live at Red Rocks","Sat Jan 14, 2023, 11:35AM","20"
"Jeremy Sarmiento","BHA","F","Drop","1-Mystery Box U0s","Sat Jan 14, 2023, 9:52AM","20"
"Patson Daka","LEI","F","Drop","1-Jesus live at Red Rocks","Sat Jan 14, 2023, 9:32AM","20"
"Lewis Hall","CHE","M","Claim","1-Commissioner Gordon & the Tark Knight","Sat Jan 14, 2023, 9:25AM","20"
"Brennan Johnson","NOT","F","Drop","1-Commissioner Gordon & the Tark Knight","Sat Jan 14, 2023, 9:25AM","20"
"João Moutinho","WOL","M","Claim","1-Midtable Merchant","Sat Jan 14, 2023, 9:17AM","20"
"Joel Veltman","BHA","D","Drop","1-Midtable Merchant","Sat Jan 14, 2023, 9:17AM","20"
"Vladimir Coufal","WHU","D","Claim","1-Vecna's Møst Hated XI","Sat Jan 14, 2023, 9:16AM","20"
"Thilo Kehrer","WHU","D","Drop","1-Vecna's Møst Hated XI","Sat Jan 14, 2023, 9:16AM","20"
"Samuel Edozie","MCI/SOU","F","Claim","1-john lim","Sat Jan 14, 2023, 9:08AM","20"
"Michail Antonio","WHU","F","Claim","1-Jesus live at Red Rocks","Sat Jan 14, 2023, 9:03AM","20"
"Raul Jimenez","WOL","F","Drop","1-Jesus live at Red Rocks","Sat Jan 14, 2023, 9:03AM","20"
"Hwang Hee-Chan","WOL","F","Claim","1-john lim","Sat Jan 14, 2023, 9:02AM","20"
"Joe Ayodele-Aribo","SOU","M","Drop","1-john lim","Sat Jan 14, 2023, 9:01AM","20"
"Konstantinos Tsimikas","LIV","D","Drop","1-john lim","Sat Jan 14, 2023, 9:01AM","20"
"Rico Henry","BRF","D","Claim","1-Drafted@3am FC","Fri Jan 13, 2023, 9:49PM","20"
"Antonee Robinson","FUL","D","Drop","1-Drafted@3am FC","Fri Jan 13, 2023, 9:49PM","20"
"Emiliano Buendia","AVL","M","Claim","1-Leo Gerard U3s Team","Fri Jan 13, 2023, 2:52PM","20"
"Vicente Guaita","CRY","G","Drop","1-Leo Gerard U3s Team","Fri Jan 13, 2023, 2:52PM","20"
"Thilo Kehrer","WHU","D","Claim","1-Vecna's Møst Hated XI","Fri Jan 13, 2023, 9:47AM","20"
"John Stones","MCI","D","Drop","1-Vecna's Møst Hated XI","Fri Jan 13, 2023, 9:47AM","20"
"Wilfried Gnonto","LEE","F","Claim","1-Jesus live at Red Rocks","Fri Jan 13, 2023, 8:49AM","20"
"Joe Willock","NEW","M","Drop","1-Jesus live at Red Rocks","Fri Jan 13, 2023, 8:49AM","20"
"Vicente Guaita","CRY","G","Claim","1-Leo Gerard U3s Team","Fri Jan 13, 2023, 7:43AM","20"
"Emiliano Buendia","AVL","M","Drop","1-Leo Gerard U3s Team","Fri Jan 13, 2023, 7:43AM","20"
"Lisandro Martinez","MUN","D","Claim","1-Vecna's Møst Hated XI","Thu Jan 12, 2023, 9:25PM","20"
"Hakim Ziyech","CHE","M","Drop","1-Vecna's Møst Hated XI","Thu Jan 12, 2023, 9:25PM","20"
"Kevin Schade","BRF","M","Claim","1-Vecna's Møst Hated XI","Thu Jan 12, 2023, 9:24PM","20"
"Aaron Wan-Bissaka","MUN","D","Claim","1-Midtable Merchant","Thu Jan 12, 2023, 9:06PM","20"
"Willy Boly","WOL/NOT","D","Claim","1-Midtable Merchant","Thu Jan 12, 2023, 9:06PM","20"
"Emiliano Buendia","AVL","M","Claim","1-Leo Gerard U3s Team","Thu Jan 12, 2023, 9:01PM","20"
"Carlos Alcaraz","SOU","M","Claim","1-Commissioner Gordon & the Tark Knight","Thu Jan 12, 2023, 9:01PM","20"
"Danny Ward","LEI","G","Drop","1-Commissioner Gordon & the Tark Knight","Thu Jan 12, 2023, 9:01PM","20"
"Brennan Johnson","NOT","F","Claim","1-Commissioner Gordon & the Tark Knight","Thu Jan 12, 2023, 9:00PM","20"
"Hugo Lloris","TOT","G","Claim","1-Commissioner Gordon & the Tark Knight","Thu Jan 12, 2023, 9:00PM","20"
"Maximilian Wober","LEE","D","Claim","1-Jesus live at Red Rocks","Thu Jan 12, 2023, 9:00PM","20"
"Moises Caicedo","BHA","M","Claim","1-Jesus live at Red Rocks","Thu Jan 12, 2023, 9:00PM","20"
"Pervis Estupinan","BHA","D","Claim","1-Jesus live at Red Rocks","Thu Jan 12, 2023, 9:00PM","20"
"Alex Moreno","AVL","D","Claim","1-Midtable Merchant","Thu Jan 12, 2023, 9:00PM","20"
"Mislav Orsic","SOU","F","Claim","1-Mystery Box U0s","Thu Jan 12, 2023, 9:00PM","20"
"João Félix","CHE","F","Claim","1-Leo Gerard U3s Team","Thu Jan 12, 2023, 9:00PM","20"
"Clement Lenglet","TOT","D","Drop","1-Jesus live at Red Rocks","Thu Jan 12, 2023, 8:15PM","20"
"Harrison Reed","FUL","M","Drop","1-Jesus live at Red Rocks","Thu Jan 12, 2023, 8:10PM","20"
"Mateo Kovacic","CHE","M","Drop","1-Jesus live at Red Rocks","Thu Jan 12, 2023, 8:01PM","20"
"Pablo Fornals","WHU","M","Drop","1-Commissioner Gordon & the Tark Knight","Thu Jan 12, 2023, 3:38PM","20"
"Pervis Estupinan","BHA","D","Drop","1-Leo Gerard U3s Team","Thu Jan 12, 2023, 8:48AM","20"
"Crysencio Summerville","LEE","M","Drop","1-Leo Gerard U3s Team","Thu Jan 12, 2023, 8:47AM","20"
"Conor Gallagher","CHE","M","Drop","1-Midtable Merchant","Sat Jan 7, 2023, 10:09PM","20"
"Mateo Kovacic","CHE","M","Claim","1-Jesus live at Red Rocks","Thu Jan 5, 2023, 2:53PM","19"
"Cesar Azpilicueta","CHE","D","Drop","1-Jesus live at Red Rocks","Thu Jan 5, 2023, 2:53PM","19"
"John Stones","MCI","D","Claim","1-Vecna's Møst Hated XI","Thu Jan 5, 2023, 2:03PM","19"
"Mateo Kovacic","CHE","M","Drop","1-Vecna's Møst Hated XI","Thu Jan 5, 2023, 2:03PM","19"
"Tariq Lamptey","BHA","D","Drop","1-Midtable Merchant","Thu Jan 5, 2023, 12:43PM","20"
"Alejandro Garnacho","MUN","M,F","Drop","1-Midtable Merchant","Thu Jan 5, 2023, 12:43PM","20"
"Aaron Ramsdale","ARS","G","Drop","1-Midtable Merchant","Thu Jan 5, 2023, 12:43PM","20"
"Mateo Kovacic","CHE","M","Claim","1-Vecna's Møst Hated XI","Wed Jan 4, 2023, 2:07PM","19"
"Emiliano Martinez","AVL","G","Claim","1-Midtable Merchant","Wed Jan 4, 2023, 2:06PM","19"
"Rico Lewis","MCI","D","Drop","1-Midtable Merchant","Wed Jan 4, 2023, 2:06PM","19"
"Pablo Fornals","WHU","M","Claim","1-Commissioner Gordon & the Tark Knight","Wed Jan 4, 2023, 2:03PM","19"
"Clement Lenglet","TOT","D","Claim","1-Jesus live at Red Rocks","Wed Jan 4, 2023, 2:01PM","19"
"Willy Boly","WOL/NOT","D","Drop","1-Jesus live at Red Rocks","Wed Jan 4, 2023, 2:01PM","19"
"Adama Traore","WOL","F","Drop","1-Commissioner Gordon & the Tark Knight","Wed Jan 4, 2023, 2:01PM","19"
"Willy Boly","WOL/NOT","D","Claim","1-Jesus live at Red Rocks","Wed Jan 4, 2023, 1:48PM","19"
"Rasmus Kristensen","LEE","D","Drop","1-Jesus live at Red Rocks","Wed Jan 4, 2023, 1:47PM","19"
"Samuel Edozie","MCI/SOU","F","Drop","1-Vecna's Møst Hated XI","Wed Jan 4, 2023, 1:46PM","19"
"Goncalo Guedes","WOL","F","Drop","1-Vecna's Møst Hated XI","Wed Jan 4, 2023, 1:30PM","19"
"Aaron Wan-Bissaka","MUN","D","Drop","1-Commissioner Gordon & the Tark Knight","Wed Jan 4, 2023, 1:40AM","20"
"Jeremy Sarmiento","BHA","F","Claim","1-Mystery Box U0s","Tue Jan 3, 2023, 2:26PM","19"
"João Moutinho","WOL","M","Drop","1-Mystery Box U0s","Tue Jan 3, 2023, 2:26PM","19"
"Hakim Ziyech","CHE","M","Claim","1-Vecna's Møst Hated XI","Tue Jan 3, 2023, 2:25PM","19"
"Matheus Nunes","WOL","M","Claim","1-Mystery Box U0s","Tue Jan 3, 2023, 2:12PM","19"
"Lewis Cook","BOU","M","Drop","1-Mystery Box U0s","Tue Jan 3, 2023, 2:12PM","19"
"Harrison Reed","FUL","M","Claim","1-Jesus live at Red Rocks","Tue Jan 3, 2023, 2:12PM","19"
"Raphael Varane","MUN","D","Drop","1-Jesus live at Red Rocks","Tue Jan 3, 2023, 2:09PM","19"
"Joel Veltman","BHA","D","Claim","1-Mystery Box U0s","Tue Jan 3, 2023, 2:07PM","19"
"Issa Diop","WHU/FUL","D","Drop","1-Mystery Box U0s","Tue Jan 3, 2023, 2:07PM","19"
"Lisandro Martinez","MUN","D","Drop","1-Vecna's Møst Hated XI","Tue Jan 3, 2023, 2:07PM","19"
"David de Gea","MUN","G","Claim","1-Mystery Box U0s","Tue Jan 3, 2023, 2:06PM","19"
"Dean Henderson","NOT","G","Drop","1-Mystery Box U0s","Tue Jan 3, 2023, 2:06PM","19"
"Ayoze Perez","LEI","M","Claim","1-Mystery Box U0s","Tue Jan 3, 2023, 2:03PM","19"
"Takehiro Tomiyasu","ARS","D","Drop","1-Mystery Box U0s","Tue Jan 3, 2023, 2:03PM","19"
"Evan Ferguson","BHA","F","Claim","1-Commissioner Gordon & the Tark Knight","Tue Jan 3, 2023, 1:48PM","19"
"Rasmus Kristensen","LEE","D","Claim","1-Jesus live at Red Rocks","Tue Jan 3, 2023, 1:12PM","19"
"Kyle Walker-Peters","SOU","D","Drop","1-Jesus live at Red Rocks","Tue Jan 3, 2023, 1:12PM","19"
"Goncalo Guedes","WOL","F","Claim","1-Vecna's Møst Hated XI","Tue Jan 3, 2023, 3:20AM","19"
"Matheus Nunes","WOL","M","Drop","1-Vecna's Møst Hated XI","Tue Jan 3, 2023, 3:20AM","19"
"Conor Gallagher","CHE","M","Claim","1-Midtable Merchant","Mon Jan 2, 2023, 1:15PM","19"
"Alex Oxlade-Chamberlain","LIV","M","Claim","1-john lim","Mon Jan 2, 2023, 11:36AM","19"
"Amadou Onana","EVE","M","Drop","1-john lim","Mon Jan 2, 2023, 11:36AM","19"
"Tosin Adarabioyo","FUL","D","Claim","1-Drafted@3am FC","Mon Jan 2, 2023, 11:35AM","19"
"Emiliano Buendia","AVL","M","Drop","1-Drafted@3am FC","Mon Jan 2, 2023, 11:35AM","19"
"Vitalii Mykolenko","EVE","D","Claim","1- KFFC","Sun Jan 1, 2023, 9:48PM","19"
"Emmanuel Dennis","WAT/NOT","F","Drop","1- KFFC","Sun Jan 1, 2023, 9:48PM","19"
"Raphael Varane","MUN","D","Claim","1-Jesus live at Red Rocks","Sun Jan 1, 2023, 9:41PM","19"
"Wilfried Gnonto","LEE","F","Drop","1-Jesus live at Red Rocks","Sun Jan 1, 2023, 9:41PM","19"
"Matheus Nunes","WOL","M","Claim","1-Vecna's Møst Hated XI","Sun Jan 1, 2023, 9:30PM","19"
"Gustavo Scarpa","NOT","M","Claim","1-Mystery Box U0s","Sun Jan 1, 2023, 9:24PM","19"
"Tim Ream","FUL","D","Drop","1-Mystery Box U0s","Sun Jan 1, 2023, 9:24PM","19"
"Matheus Cunha","WOL","F","Claim","1-Leo Gerard U3s Team","Sun Jan 1, 2023, 9:21PM","19"
"Pervis Estupinan","BHA","D","Claim","1-Leo Gerard U3s Team","Sun Jan 1, 2023, 9:15PM","19"
"Vladimir Coufal","WHU","D","Drop","1-Leo Gerard U3s Team","Sun Jan 1, 2023, 9:14PM","19"
"Konstantinos Tsimikas","LIV","D","Claim","1-john lim","Sun Jan 1, 2023, 9:00PM","19"
"Bryan Gil","TOT","F","Drop","1-john lim","Sun Jan 1, 2023, 9:00PM","19"
"Cody Gakpo","LIV","F","Claim","1-Autodraft Relegated FC","Sun Jan 1, 2023, 9:00PM","19"
"Lloyd Kelly","BOU","D","Drop","1-Leo Gerard U3s Team","Sun Jan 1, 2023, 2:18PM","19"
"Lyanco","SOU","D","Drop","1-Vecna's Møst Hated XI","Sun Jan 1, 2023, 1:55PM","19"
"Jordan Henderson","LIV","M","Drop","1-Autodraft Relegated FC","Sun Jan 1, 2023, 1:28PM","19"
"Denis Zakaria","CHE","M","Drop","1-Autodraft Relegated FC","Sun Jan 1, 2023, 1:26PM","19"
"Denis Zakaria","CHE","M","Claim","1-Autodraft Relegated FC","Sun Jan 1, 2023, 11:16AM","18"
"Conor Gallagher","CHE","M","Drop","1-Autodraft Relegated FC","Sun Jan 1, 2023, 11:16AM","18"
"Serge Aurier","TOT/NOT","D","Claim","1-Drafted@3am FC","Sun Jan 1, 2023, 10:33AM","18"
"Emiliano Buendia","AVL","M","Claim","1-Drafted@3am FC","Sun Jan 1, 2023, 8:36AM","18"
"Philippe Coutinho","AVL","M","Drop","1-Drafted@3am FC","Sun Jan 1, 2023, 8:36AM","18"
"Bryan Gil","TOT","F","Claim","1-john lim","Sun Jan 1, 2023, 8:01AM","18"
"Hakim Ziyech","CHE","M","Drop","1-john lim","Sun Jan 1, 2023, 8:01AM","18"
"Tariq Lamptey","BHA","D","Claim","1-Midtable Merchant","Sat Dec 31, 2022, 12:04PM","18"
"Jacob Ramsey","AVL","M","Drop","1-Midtable Merchant","Sat Dec 31, 2022, 12:04PM","18"
"Harrison Reed","FUL","M","Drop","1-Commissioner Gordon & the Tark Knight","Sat Dec 31, 2022, 11:43AM","19"
"Lyanco","SOU","D","Claim","1-Vecna's Møst Hated XI","Sat Dec 31, 2022, 9:33AM","18"
"Moises Caicedo","BHA","M","Drop","1-Vecna's Møst Hated XI","Sat Dec 31, 2022, 9:33AM","18"
"Tyler Adams","LEE","M","Claim","1-Autodraft Relegated FC","Sat Dec 31, 2022, 9:25AM","18"
"Moussa Djenepo","SOU","M","Drop","1-Autodraft Relegated FC","Sat Dec 31, 2022, 9:25AM","18"
"Wilfried Gnonto","LEE","F","Claim","1-Jesus live at Red Rocks","Sat Dec 31, 2022, 9:10AM","18"
"Rasmus Kristensen","LEE","D","Drop","1-Jesus live at Red Rocks","Sat Dec 31, 2022, 9:05AM","18"
"Tim Ream","FUL","D","Claim","1-Mystery Box U0s","Sat Dec 31, 2022, 9:04AM","18"
"Vitalii Mykolenko","EVE","D","Drop","1-Mystery Box U0s","Sat Dec 31, 2022, 9:04AM","18"
"Cheick Doucoure","CRY","M","Claim","1-Mystery Box U0s","Sat Dec 31, 2022, 9:04AM","18"
"Aymeric Laporte","MCI","D","Drop","1-Mystery Box U0s","Sat Dec 31, 2022, 9:04AM","18"
"Rico Lewis","MCI","D","Claim","1-Midtable Merchant","Sat Dec 31, 2022, 9:01AM","18"
"Chris Wood","NEW/NOT","F","Drop","1-Midtable Merchant","Sat Dec 31, 2022, 9:01AM","18"
"Trevoh Chalobah","CHE","D","Claim","1-john lim","Fri Dec 30, 2022, 7:45PM","18"
"Kieffer Moore","BOU","F","Drop","1-john lim","Fri Dec 30, 2022, 7:45PM","18"
"Joe Ayodele-Aribo","SOU","M","Claim","1-john lim","Fri Dec 30, 2022, 7:43PM","18"
"Jesse Lingard","NOT","M","Drop","1-john lim","Fri Dec 30, 2022, 7:43PM","18"
"Emmanuel Dennis","WAT/NOT","F","Claim","1- KFFC","Fri Dec 30, 2022, 2:40PM","18"
"Cristiano Ronaldo","MUN","F","Drop","1- KFFC","Fri Dec 30, 2022, 2:40PM","18"
"Renan Lodi","NOT","D","Claim","1-Vecna's Møst Hated XI","Fri Dec 30, 2022, 11:41AM","18"
"Jacob Ramsey","AVL","M","Claim","1-Midtable Merchant","Thu Dec 29, 2022, 10:58PM","18"
"Diego Costa","CHE/WOL","F","Drop","1-Midtable Merchant","Thu Dec 29, 2022, 10:58PM","18"
"Issa Diop","WHU/FUL","D","Claim","1-Mystery Box U0s","Thu Dec 29, 2022, 10:24PM","18"
"Vladimir Coufal","WHU","D","Claim","1-Leo Gerard U3s Team","Thu Dec 29, 2022, 10:03PM","18"
"Wout Faes","LEI","D","Drop","1-Leo Gerard U3s Team","Thu Dec 29, 2022, 10:03PM","18"
"Kieffer Moore","BOU","F","Claim","1-john lim","Thu Dec 29, 2022, 9:26PM","18"
"Michail Antonio","WHU","F","Drop","1-john lim","Thu Dec 29, 2022, 9:26PM","18"
"Lisandro Martinez","MUN","D","Claim","1-Vecna's Møst Hated XI","Thu Dec 29, 2022, 9:08PM","18"
"Nathan Ake","MCI","D","Drop","1-Vecna's Møst Hated XI","Thu Dec 29, 2022, 9:08PM","18"
"Jaidon Anthony","BOU","F","Claim","1-Drafted@3am FC","Thu Dec 29, 2022, 9:07PM","18"
"Aaron Wan-Bissaka","MUN","D","Claim","1-Commissioner Gordon & the Tark Knight","Thu Dec 29, 2022, 9:00PM","18"
"Pervis Estupinan","BHA","D","Drop","1-Commissioner Gordon & the Tark Knight","Thu Dec 29, 2022, 9:00PM","18"
"Luis Sinisterra","LEE","F","Claim","1-Leo Gerard U3s Team","Thu Dec 29, 2022, 9:00PM","18"
"Lloyd Kelly","BOU","D","Claim","1-Leo Gerard U3s Team","Thu Dec 29, 2022, 9:00PM","18"
"Rasmus Kristensen","LEE","D","Claim","1-Jesus live at Red Rocks","Thu Dec 29, 2022, 9:00PM","18"
"Jesse Lingard","NOT","M","Claim","1-john lim","Thu Dec 29, 2022, 9:00PM","18"
"Sean Longstaff","NEW","M","Drop","1-john lim","Thu Dec 29, 2022, 9:00PM","18"
"Cesar Azpilicueta","CHE","D","Claim","1-Jesus live at Red Rocks","Thu Dec 29, 2022, 9:00PM","18"
"Brennan Johnson","NOT","F","Drop","1-Jesus live at Red Rocks","Thu Dec 29, 2022, 8:27AM","18"
"Daniel Amartey","LEI","D","Drop","1-Jesus live at Red Rocks","Thu Dec 29, 2022, 8:27AM","18"
"Nathan Patterson","EVE","D","Drop","1-Vecna's Møst Hated XI","Wed Dec 28, 2022, 4:59PM","18"
"Nathan Ake","MCI","D","Claim","1-Vecna's Møst Hated XI","Wed Dec 28, 2022, 2:02PM","17"
"Manuel Akanji","MCI","D","Drop","1-Vecna's Møst Hated XI","Wed Dec 28, 2022, 2:02PM","17"
"Robin Olsen","AVL","G","Drop","1-Mystery Box U0s","Tue Dec 27, 2022, 4:54PM","18"
"Tyrick Mitchell","CRY","D","Drop","1-Drafted@3am FC","Tue Dec 27, 2022, 2:24PM","18"
"Luis Sinisterra","LEE","F","Drop","1-Drafted@3am FC","Tue Dec 27, 2022, 2:24PM","17"
"Brennan Johnson","NOT","F","Claim","1-Jesus live at Red Rocks","Tue Dec 27, 2022, 2:08PM","17"
"Anthony Elanga","MUN","F","Drop","1-Jesus live at Red Rocks","Tue Dec 27, 2022, 2:08PM","17"
"Anthony Elanga","MUN","F","Claim","1-Jesus live at Red Rocks","Tue Dec 27, 2022, 11:39AM","17"
"Cesar Azpilicueta","CHE","D","Drop","1-Jesus live at Red Rocks","Tue Dec 27, 2022, 11:39AM","17"
"Alex Oxlade-Chamberlain","LIV","M","Drop","1-Leo Gerard U3s Team","Tue Dec 27, 2022, 11:34AM","18"
"Levi Colwill","BHA","D","Drop","1-Leo Gerard U3s Team","Tue Dec 27, 2022, 11:34AM","18"
"Michail Antonio","WHU","F","Claim","1-john lim","Mon Dec 26, 2022, 2:02PM","17"
"Mateo Kovacic","CHE","M","Drop","1-john lim","Mon Dec 26, 2022, 2:02PM","17"
"Jordan Henderson","LIV","M","Claim","1-Autodraft Relegated FC","Mon Dec 26, 2022, 12:01PM","17"
"Robin Olsen","AVL","G","Claim","1-Mystery Box U0s","Mon Dec 26, 2022, 11:51AM","17"
"David de Gea","MUN","G","Drop","1-Mystery Box U0s","Mon Dec 26, 2022, 11:51AM","17"
"Ashley Young","AVL","D","Claim","1- KFFC","Mon Dec 26, 2022, 11:51AM","17"
"Joseph Gomez","LIV","D","Drop","1- KFFC","Mon Dec 26, 2022, 11:51AM","17"
"Alex Oxlade-Chamberlain","LIV","M","Claim","1-Leo Gerard U3s Team","Mon Dec 26, 2022, 10:24AM","17"
"Manuel Akanji","MCI","D","Claim","1-Vecna's Møst Hated XI","Mon Dec 26, 2022, 9:44AM","17"
"Pedro Neto","WOL","F","Drop","1-Vecna's Møst Hated XI","Mon Dec 26, 2022, 9:44AM","17"
"Lewis Dunk","BHA","D","Drop","1-Autodraft Relegated FC","Mon Dec 26, 2022, 9:30AM","17"
"Moussa Djenepo","SOU","M","Claim","1-Autodraft Relegated FC","Mon Dec 26, 2022, 9:25AM","17"
"Fabinho","LIV","M","Drop","1-Autodraft Relegated FC","Mon Dec 26, 2022, 9:25AM","17"
"Idrissa Gueye","EVE","M","Claim","1-Autodraft Relegated FC","Mon Dec 26, 2022, 9:24AM","17"
"Jesse Lingard","NOT","M","Drop","1-Autodraft Relegated FC","Mon Dec 26, 2022, 9:24AM","17"
"Harry Wilson","FUL","M","Drop","1-Leo Gerard U3s Team","Mon Dec 26, 2022, 9:20AM","17"
"João Moutinho","WOL","M","Claim","1-Mystery Box U0s","Mon Dec 26, 2022, 9:15AM","17"
"Mohamed Elyounoussi","SOU","M","Claim","1-Commissioner Gordon & the Tark Knight","Mon Dec 26, 2022, 9:13AM","17"
"Emiliano Buendia","AVL","M","Drop","1-Commissioner Gordon & the Tark Knight","Mon Dec 26, 2022, 9:13AM","17"
"David de Gea","MUN","G","Claim","1-Mystery Box U0s","Mon Dec 26, 2022, 9:13AM","17"
"Goncalo Guedes","WOL","F","Drop","1-Mystery Box U0s","Mon Dec 26, 2022, 9:10AM","17"
"Matheus Nunes","WOL","M","Drop","1-Mystery Box U0s","Mon Dec 26, 2022, 9:10AM","17"
"Diego Costa","CHE/WOL","F","Claim","1-Midtable Merchant","Mon Dec 26, 2022, 9:09AM","17"
"Romeo Lavia","SOU","M","Drop","1-Midtable Merchant","Mon Dec 26, 2022, 9:09AM","17"
"Chris Wood","NEW/NOT","F","Claim","1-Midtable Merchant","Mon Dec 26, 2022, 9:06AM","17"
"Deniz Undav","BHA","F","Drop","1-Midtable Merchant","Mon Dec 26, 2022, 9:06AM","17"
"Antonee Robinson","FUL","D","Claim","1-Drafted@3am FC","Mon Dec 26, 2022, 9:04AM","17"
"Yerry Mina","EVE","D","Drop","1-Drafted@3am FC","Mon Dec 26, 2022, 9:04AM","17"
"Sean Longstaff","NEW","M","Claim","1-john lim","Mon Dec 26, 2022, 9:03AM","17"
"Antonee Robinson","FUL","D","Drop","1-john lim","Mon Dec 26, 2022, 9:03AM","17"
"Yerry Mina","EVE","D","Claim","1-Drafted@3am FC","Mon Dec 26, 2022, 9:02AM","17"
"Conor Coady","WOL/EVE","D","Drop","1-Drafted@3am FC","Mon Dec 26, 2022, 9:02AM","17"
"Antonee Robinson","FUL","D","Claim","1-john lim","Mon Dec 26, 2022, 9:01AM","17"
"Bobby De Cordova-Reid","FUL","F","Claim","1-Drafted@3am FC","Mon Dec 26, 2022, 8:02AM","17"
"Craig Dawson","WHU/WOL","D","Drop","1-Drafted@3am FC","Mon Dec 26, 2022, 8:02AM","17"
"Djed Spence","TOT","D","Drop","1-john lim","Mon Dec 26, 2022, 6:55AM","17"
"Djed Spence","TOT","D","Claim","1-john lim","Sun Dec 25, 2022, 10:26PM","17"
"Levi Colwill","BHA","D","Claim","1-Leo Gerard U3s Team","Sun Dec 25, 2022, 9:54PM","17"
"Idrissa Gueye","EVE","M","Drop","1-Leo Gerard U3s Team","Sun Dec 25, 2022, 9:54PM","17"
"Idrissa Gueye","EVE","M","Claim","1-Leo Gerard U3s Team","Sun Dec 25, 2022, 9:22PM","17"
"Hugo Lloris","TOT","G","Drop","1-Leo Gerard U3s Team","Sun Dec 25, 2022, 8:35PM","17"
"Aaron Ramsdale","ARS","G","Claim","1-Midtable Merchant","Sat Dec 24, 2022, 7:07PM","17"
"Emiliano Martinez","AVL","G","Drop","1-Midtable Merchant","Sat Dec 24, 2022, 7:07PM","17"
"Kepa","CHE","G","Claim","1-Leo Gerard U3s Team","Fri Dec 23, 2022, 9:48AM","17"
"Neal Maupay","BHA/EVE","F","Drop","1-Leo Gerard U3s Team","Fri Dec 23, 2022, 9:48AM","17"
"Deniz Undav","BHA","F","Claim","1-Midtable Merchant","Fri Dec 23, 2022, 8:25AM","17"
"Rasmus Kristensen","LEE","D","Drop","1-Midtable Merchant","Fri Dec 23, 2022, 8:25AM","17"
"Tyrell Malacia","MUN","D","Claim","1-Midtable Merchant","Fri Dec 23, 2022, 7:44AM","17"
"Joe Ayodele-Aribo","SOU","M","Drop","1-Midtable Merchant","Fri Dec 23, 2022, 7:44AM","17"
"Mateo Kovacic","CHE","M","Claim","1-john lim","Thu Dec 22, 2022, 10:45PM","17"
"Jacob Ramsey","AVL","M","Drop","1-john lim","Thu Dec 22, 2022, 10:44PM","17"
"Raul Jimenez","WOL","F","Claim","1-Jesus live at Red Rocks","Thu Dec 22, 2022, 9:06PM","17"
"Fabio Vieira","ARS","M","Drop","1-Jesus live at Red Rocks","Thu Dec 22, 2022, 9:06PM","17"
"Cesar Azpilicueta","CHE","D","Claim","1-Jesus live at Red Rocks","Thu Dec 22, 2022, 9:03PM","17"
"Reiss Nelson","ARS","F","Drop","1-Jesus live at Red Rocks","Thu Dec 22, 2022, 9:03PM","17"
"Hakim Ziyech","CHE","M","Claim","1-john lim","Thu Dec 22, 2022, 9:00PM","17"
"Kieffer Moore","BOU","F","Drop","1-john lim","Thu Dec 22, 2022, 9:00PM","17"
"Eddie Nketiah","ARS","F","Claim","1-Vecna's Møst Hated XI","Thu Dec 22, 2022, 9:00PM","17"
"Lisandro Martinez","MUN","D","Drop","1-Vecna's Møst Hated XI","Thu Dec 22, 2022, 9:00PM","17"
"Lewis Hall","CHE","M","Drop","1-john lim","Tue Dec 6, 2022, 8:15PM","17"
"Aymeric Laporte","MCI","D","Claim","1-Mystery Box U0s","Wed Nov 16, 2022, 12:35AM","17"
"João Moutinho","WOL","M","Drop","1-Mystery Box U0s","Wed Nov 16, 2022, 12:35AM","17"
"Pedro Neto","WOL","F","Claim","1-Vecna's Møst Hated XI","Tue Nov 15, 2022, 10:39PM","17"
"Samuel Edozie","MCI/SOU","F","Claim","1-Vecna's Møst Hated XI","Tue Nov 15, 2022, 10:38PM","17"
"Emiliano Buendia","AVL","M","Claim","1-Commissioner Gordon & the Tark Knight","Tue Nov 15, 2022, 9:01PM","17"
"Harrison Reed","FUL","M","Claim","1-Commissioner Gordon & the Tark Knight","Tue Nov 15, 2022, 9:00PM","17"
"Kyle Walker-Peters","SOU","D","Claim","1-Jesus live at Red Rocks","Tue Nov 15, 2022, 9:00PM","17"
"Fabio Vieira","ARS","M","Claim","1-Jesus live at Red Rocks","Tue Nov 15, 2022, 9:00PM","17"
"Serge Aurier","TOT/NOT","D","Drop","1-Commissioner Gordon & the Tark Knight","Tue Nov 15, 2022, 8:09PM","17"
"Tyler Adams","LEE","M","Drop","1-Commissioner Gordon & the Tark Knight","Tue Nov 15, 2022, 8:02PM","17"
"Cesar Azpilicueta","CHE","D","Drop","1-Jesus live at Red Rocks","Tue Nov 15, 2022, 7:01PM","17"
"Wilfried Gnonto","LEE","F","Drop","1-Vecna's Møst Hated XI","Mon Nov 14, 2022, 3:01PM","17"
"Pedro Neto","WOL","F","Drop","1-Vecna's Møst Hated XI","Sun Nov 13, 2022, 8:37AM","17"
"Danny Ings","AVL/WHU","F","Claim","1- KFFC","Sun Nov 13, 2022, 8:34AM","16"
"Ashley Young","AVL","D","Drop","1- KFFC","Sun Nov 13, 2022, 8:34AM","16"
"Jorginho","CHE/ARS","M","Claim","1-Roy Kent's U8 Girls","Sat Nov 12, 2022, 12:26PM","16"
"Harry Maguire","MUN","D","Drop","1-Roy Kent's U8 Girls","Sat Nov 12, 2022, 12:26PM","16"
"Reiss Nelson","ARS","F","Claim","1-Jesus live at Red Rocks","Sat Nov 12, 2022, 11:32AM","16"
"Lewis Hall","CHE","M","Claim","1-john lim","Sat Nov 12, 2022, 10:54AM","16"
"Sean Longstaff","NEW","M","Drop","1-john lim","Sat Nov 12, 2022, 10:54AM","16"
"Craig Dawson","WHU/WOL","D","Claim","1-Drafted@3am FC","Sat Nov 12, 2022, 9:54AM","16"
"Kurt Zouma","WHU","D","Drop","1-Drafted@3am FC","Sat Nov 12, 2022, 9:54AM","16"
"Issa Diop","WHU/FUL","D","Drop","1-Jesus live at Red Rocks","Sat Nov 12, 2022, 9:42AM","16"
"Jesse Lingard","NOT","M","Claim","1-Autodraft Relegated FC","Sat Nov 12, 2022, 9:07AM","16"
"Ryan Christie","BOU","M","Drop","1-Autodraft Relegated FC","Sat Nov 12, 2022, 9:07AM","16"
"Daniel Amartey","LEI","D","Claim","1-Jesus live at Red Rocks","Sat Nov 12, 2022, 9:07AM","16"
"Fabinho","LIV","M","Claim","1-Autodraft Relegated FC","Sat Nov 12, 2022, 9:06AM","16"
"Pablo Fornals","WHU","M","Drop","1-Autodraft Relegated FC","Sat Nov 12, 2022, 9:06AM","16"
"Wilfried Gnonto","LEE","F","Claim","1-Vecna's Møst Hated XI","Sat Nov 12, 2022, 9:04AM","16"
"Emmanuel Dennis","WAT/NOT","F","Drop","1-Jesus live at Red Rocks","Sat Nov 12, 2022, 9:03AM","16"
"Tyrick Mitchell","CRY","D","Claim","1-Drafted@3am FC","Sat Nov 12, 2022, 9:03AM","16"
"Bobby De Cordova-Reid","FUL","F","Drop","1-Drafted@3am FC","Sat Nov 12, 2022, 9:03AM","16"
"Michail Antonio","WHU","F","Drop","1-Vecna's Møst Hated XI","Sat Nov 12, 2022, 9:00AM","16"
"Matheus Nunes","WOL","M","Claim","1-Mystery Box U0s","Fri Nov 11, 2022, 9:48AM","16"
"Ainsley Maitland-Niles","ARS/SOU","M","Drop","1-Mystery Box U0s","Fri Nov 11, 2022, 9:48AM","16"
"Alejandro Garnacho","MUN","M,F","Claim","1-Midtable Merchant","Thu Nov 10, 2022, 9:00PM","16"
"Marc Roca","LEE","M","Drop","1-Midtable Merchant","Thu Nov 10, 2022, 9:00PM","16"
"Luke Thomas","LEI","D","Claim","1-Mystery Box U0s","Thu Nov 10, 2022, 3:58PM","16"
"James Justin","LEI","D","Drop","1-Mystery Box U0s","Thu Nov 10, 2022, 3:55PM","16"
"Neal Maupay","BHA/EVE","F","Claim","1-Leo Gerard U3s Team","Thu Nov 10, 2022, 1:55PM","16"
"Armando Broja","CHE","F","Drop","1-Leo Gerard U3s Team","Thu Nov 10, 2022, 1:55PM","16"
"Lewis Cook","BOU","M","Claim","1-Mystery Box U0s","Tue Nov 8, 2022, 11:18PM","16"
"Ainsley Maitland-Niles","ARS/SOU","M","Claim","1-Mystery Box U0s","Tue Nov 8, 2022, 11:17PM","16"
"N'Golo Kante","CHE","M","Drop","1-Mystery Box U0s","Tue Nov 8, 2022, 11:16PM","16"
"Ryan Christie","BOU","M","Claim","1-Autodraft Relegated FC","Tue Nov 8, 2022, 9:06PM","16"
"Joel Matip","LIV","D","Claim","1-Leo Gerard U3s Team","Tue Nov 8, 2022, 9:05PM","16"
"Nathan Patterson","EVE","D","Claim","1-Vecna's Møst Hated XI","Tue Nov 8, 2022, 9:03PM","16"
"Emiliano Buendia","AVL","M","Drop","1-Vecna's Møst Hated XI","Tue Nov 8, 2022, 9:03PM","16"
"Armando Broja","CHE","F","Claim","1-Leo Gerard U3s Team","Tue Nov 8, 2022, 9:02PM","16"
"Jacob Ramsey","AVL","M","Claim","1-john lim","Tue Nov 8, 2022, 9:01PM","16"
"Danny Ward","LEI","G","Claim","1-Commissioner Gordon & the Tark Knight","Tue Nov 8, 2022, 9:01PM","16"
"Vicente Guaita","CRY","G","Drop","1-Commissioner Gordon & the Tark Knight","Tue Nov 8, 2022, 9:01PM","16"
"Bernd Leno","FUL","G","Claim","1-Vecna's Møst Hated XI","Tue Nov 8, 2022, 9:00PM","16"
"Robert Sanchez","BHA","G","Drop","1-Vecna's Møst Hated XI","Tue Nov 8, 2022, 9:00PM","16"
"Tyler Adams","LEE","M","Claim","1-Commissioner Gordon & the Tark Knight","Tue Nov 8, 2022, 9:00PM","16"
"Issa Diop","WHU/FUL","D","Claim","1-Jesus live at Red Rocks","Tue Nov 8, 2022, 9:00PM","16"
"Cesar Azpilicueta","CHE","D","Claim","1-Jesus live at Red Rocks","Tue Nov 8, 2022, 9:00PM","16"
"Joe Ayodele-Aribo","SOU","M","Claim","1-Midtable Merchant","Tue Nov 8, 2022, 9:00PM","16"
"Hwang Hee-Chan","WOL","F","Drop","1-Midtable Merchant","Tue Nov 8, 2022, 9:00PM","16"
"Dan Burn","NEW","D","Claim","1-Jesus live at Red Rocks","Tue Nov 8, 2022, 9:00PM","16"
"Ben White","ARS","D","Claim","1-Midtable Merchant","Tue Nov 8, 2022, 9:00PM","16"
"David de Gea","MUN","G","Drop","1-Midtable Merchant","Tue Nov 8, 2022, 9:00PM","16"
"Harrison Reed","FUL","M","Drop","1-Commissioner Gordon & the Tark Knight","Tue Nov 8, 2022, 7:57PM","16"
"Alejandro Garnacho","MUN","M,F","Drop","1-Jesus live at Red Rocks","Tue Nov 8, 2022, 5:55PM","16"
"Adam Webster","BHA","D","Drop","1-Jesus live at Red Rocks","Tue Nov 8, 2022, 5:54PM","16"
"Manuel Akanji","MCI","D","Drop","1-Jesus live at Red Rocks","Tue Nov 8, 2022, 5:54PM","16"
"Rico Henry","BRF","D","Drop","1-john lim","Tue Nov 8, 2022, 8:54AM","16"
"Jordan Henderson","LIV","M","Drop","1-Leo Gerard U3s Team","Mon Nov 7, 2022, 9:46PM","16"
"Nathan Patterson","EVE","D","Drop","1-Leo Gerard U3s Team","Mon Nov 7, 2022, 9:46PM","16"
"Jordan Henderson","LIV","M","Claim","1-Leo Gerard U3s Team","Sun Nov 6, 2022, 10:47AM","15"
"Bryan Gil","TOT","F","Drop","1-Leo Gerard U3s Team","Sun Nov 6, 2022, 10:47AM","15"
"Sean Longstaff","NEW","M","Claim","1-john lim","Sun Nov 6, 2022, 8:56AM","15"
"Joe Ayodele-Aribo","SOU","M","Drop","1-john lim","Sun Nov 6, 2022, 8:56AM","15"
"Alejandro Garnacho","MUN","M,F","Claim","1-Jesus live at Red Rocks","Sun Nov 6, 2022, 8:03AM","15"
"Michail Antonio","WHU","F","Claim","1-Vecna's Møst Hated XI","Sun Nov 6, 2022, 8:02AM","15"
"Vladimir Coufal","WHU","D","Drop","1-Vecna's Møst Hated XI","Sun Nov 6, 2022, 8:02AM","15"
"Emiliano Buendia","AVL","M","Claim","1-Vecna's Møst Hated XI","Sun Nov 6, 2022, 8:00AM","15"
"Danny Ings","AVL/WHU","F","Drop","1-Vecna's Møst Hated XI","Sun Nov 6, 2022, 8:00AM","15"
"Dwight McNeil","EVE","M,F","Claim","1-TAAp in Merchants","Sat Nov 5, 2022, 12:30PM","15"
"Dan Burn","NEW","D","Drop","1-TAAp in Merchants","Sat Nov 5, 2022, 12:30PM","15"
"Manuel Akanji","MCI","D","Claim","1-Jesus live at Red Rocks","Sat Nov 5, 2022, 10:54AM","15"
"Mads Roerslev","BRF","D","Drop","1-Jesus live at Red Rocks","Sat Nov 5, 2022, 10:54AM","15"
"Matheus Nunes","WOL","M","Drop","1-Mystery Box U0s","Sat Nov 5, 2022, 10:25AM","15"
"Emmanuel Dennis","WAT/NOT","F","Claim","1-Jesus live at Red Rocks","Sat Nov 5, 2022, 10:18AM","15"
"Tyler Adams","LEE","M","Drop","1-Jesus live at Red Rocks","Sat Nov 5, 2022, 10:17AM","15"
"Serge Aurier","TOT/NOT","D","Claim","1-Commissioner Gordon & the Tark Knight","Sat Nov 5, 2022, 10:12AM","15"
"Joel Matip","LIV","D","Drop","1-Commissioner Gordon & the Tark Knight","Sat Nov 5, 2022, 10:12AM","15"
"Rico Henry","BRF","D","Claim","1-john lim","Sat Nov 5, 2022, 10:09AM","15"
"Mads Roerslev","BRF","D","Claim","1-Jesus live at Red Rocks","Sat Nov 5, 2022, 10:05AM","15"
"Mikkel Damsgaard","BRF","M","Drop","1-Jesus live at Red Rocks","Sat Nov 5, 2022, 10:04AM","15"
"Aymeric Laporte","MCI","D","Drop","1-Jesus live at Red Rocks","Sat Nov 5, 2022, 10:03AM","15"
"Hwang Hee-Chan","WOL","F","Claim","1-Midtable Merchant","Sat Nov 5, 2022, 10:02AM","15"
"Taiwo Awoniyi","NOT","F","Drop","1-Midtable Merchant","Sat Nov 5, 2022, 10:02AM","15"
"Lukasz Fabianski","WHU","G","Claim","1-TAAp in Merchants","Sat Nov 5, 2022, 3:04AM","15"
"Kepa","CHE","G","Drop","1-TAAp in Merchants","Sat Nov 5, 2022, 3:04AM","15"
"Vladimir Coufal","WHU","D","Claim","1-Vecna's Møst Hated XI","Fri Nov 4, 2022, 9:18PM","15"
"Rico Henry","BRF","D","Drop","1-Vecna's Møst Hated XI","Fri Nov 4, 2022, 9:18PM","15"
"Bryan Gil","TOT","F","Claim","1-Leo Gerard U3s Team","Fri Nov 4, 2022, 2:32PM","15"
"Lucas Moura","TOT","M","Drop","1-Leo Gerard U3s Team","Fri Nov 4, 2022, 2:31PM","15"
"David de Gea","MUN","G","Claim","1-Midtable Merchant","Fri Nov 4, 2022, 11:07AM","15"
"Trevoh Chalobah","CHE","D","Drop","1-Midtable Merchant","Fri Nov 4, 2022, 11:07AM","15"
"Takehiro Tomiyasu","ARS","D","Claim","1-Mystery Box U0s","Thu Nov 3, 2022, 9:03PM","15"
"Anthony Elanga","MUN","F","Drop","1-Mystery Box U0s","Thu Nov 3, 2022, 9:03PM","15"
"Adam Webster","BHA","D","Claim","1-Jesus live at Red Rocks","Thu Nov 3, 2022, 8:11PM","15"
"Fabio Vieira","ARS","M","Drop","1-Jesus live at Red Rocks","Thu Nov 3, 2022, 8:11PM","15"
"Kieffer Moore","BOU","F","Claim","1-john lim","Wed Nov 2, 2022, 11:37PM","15"
"Nathan Patterson","EVE","D","Claim","1-Leo Gerard U3s Team","Wed Nov 2, 2022, 9:06PM","15"
"Dwight McNeil","EVE","M,F","Drop","1-Leo Gerard U3s Team","Wed Nov 2, 2022, 9:04PM","15"
"Lucas Moura","TOT","M","Claim","1-Leo Gerard U3s Team","Wed Nov 2, 2022, 5:24PM","15"
"Reiss Nelson","ARS","F","Drop","1-Leo Gerard U3s Team","Wed Nov 2, 2022, 5:24PM","15"
"Tyler Adams","LEE","M","Claim","1-Jesus live at Red Rocks","Wed Nov 2, 2022, 8:55AM","15"
"Ben White","ARS","D","Drop","1-Jesus live at Red Rocks","Wed Nov 2, 2022, 8:55AM","15"
"Robert Sanchez","BHA","G","Claim","1-Vecna's Møst Hated XI","Tue Nov 1, 2022, 11:19PM","15"
"Bernd Leno","FUL","G","Drop","1-Vecna's Møst Hated XI","Tue Nov 1, 2022, 11:19PM","15"
"Hugo Bueno","WOL","D","Drop","1-john lim","Tue Nov 1, 2022, 10:32PM","15"
"Rico Henry","BRF","D","Claim","1-Vecna's Møst Hated XI","Tue Nov 1, 2022, 9:49PM","15"
"Matheus Nunes","WOL","M","Claim","1-Mystery Box U0s","Tue Nov 1, 2022, 9:16PM","15"
"Lewis Cook","BOU","M","Drop","1-Mystery Box U0s","Tue Nov 1, 2022, 9:16PM","15"
"Joel Matip","LIV","D","Claim","1-Commissioner Gordon & the Tark Knight","Tue Nov 1, 2022, 9:09PM","15"
"Romeo Lavia","SOU","M","Claim","1-Midtable Merchant","Tue Nov 1, 2022, 9:08PM","15"
"Dwight McNeil","EVE","M,F","Claim","1-Leo Gerard U3s Team","Tue Nov 1, 2022, 9:06PM","15"
"Takehiro Tomiyasu","ARS","D","Drop","1-Leo Gerard U3s Team","Tue Nov 1, 2022, 9:06PM","15"
"Aymeric Laporte","MCI","D","Claim","1-Jesus live at Red Rocks","Tue Nov 1, 2022, 9:00PM","15"
"Fabio Vieira","ARS","M","Claim","1-Jesus live at Red Rocks","Tue Nov 1, 2022, 9:00PM","15"
"Crysencio Summerville","LEE","M","Claim","1-Leo Gerard U3s Team","Tue Nov 1, 2022, 9:00PM","15"
"Mikkel Damsgaard","BRF","M","Claim","1-Jesus live at Red Rocks","Tue Nov 1, 2022, 9:00PM","15"
"Reiss Nelson","ARS","F","Claim","1-Leo Gerard U3s Team","Tue Nov 1, 2022, 9:00PM","15"
"Harry Maguire","MUN","D","Claim","1-Roy Kent's U8 Girls","Tue Nov 1, 2022, 9:00PM","15"
"Fred","MUN","M","Drop","1-Roy Kent's U8 Girls","Tue Nov 1, 2022, 9:00PM","15"
"Davinson Sanchez","TOT","D","Drop","1-Jesus live at Red Rocks","Tue Nov 1, 2022, 8:53PM","15"
"Yoane Wissa","BRF","F","Drop","1-Jesus live at Red Rocks","Tue Nov 1, 2022, 8:52PM","15"
"Stuart Armstrong","SOU","M","Drop","1-Jesus live at Red Rocks","Tue Nov 1, 2022, 4:37PM","15"
"Flynn Downes","WHU","M","Drop","1-Jesus live at Red Rocks","Tue Nov 1, 2022, 4:37PM","15"
"Stuart Dallas","LEE","D,M","Drop","1-Leo Gerard U3s Team","Tue Nov 1, 2022, 12:40PM","15"
"Cesar Azpilicueta","CHE","D","Drop","1-Commissioner Gordon & the Tark Knight","Mon Oct 31, 2022, 6:30PM","15"
"Ben Johnson","WHU","D","Drop","1-Vecna's Møst Hated XI","Mon Oct 31, 2022, 2:49AM","15"
"Flynn Downes","WHU","M","Claim","1-Jesus live at Red Rocks","Sun Oct 30, 2022, 11:55AM","14"
"Anthony Elanga","MUN","F","Claim","1-Mystery Box U0s","Sun Oct 30, 2022, 11:16AM","14"
"Taiwo Awoniyi","NOT","F","Claim","1-Midtable Merchant","Sun Oct 30, 2022, 9:22AM","14"
"Vladimir Coufal","WHU","D","Drop","1-Midtable Merchant","Sun Oct 30, 2022, 9:22AM","14"
"Emiliano Buendia","AVL","M","Drop","1-john lim","Sun Oct 30, 2022, 9:06AM","15"
"Eddie Nketiah","ARS","F","Drop","1-Jesus live at Red Rocks","Sun Oct 30, 2022, 9:01AM","14"
"Diego Costa","CHE/WOL","F","Drop","1-Midtable Merchant","Sat Oct 29, 2022, 10:00PM","15"
"Stuart Dallas","LEE","D,M","Claim","1-Leo Gerard U3s Team","Sat Oct 29, 2022, 1:56PM","14"
"Tosin Adarabioyo","FUL","D","Drop","1-Mystery Box U0s","Sat Oct 29, 2022, 11:53AM","14"
"Matheus Nunes","WOL","M","Drop","1-Leo Gerard U3s Team","Sat Oct 29, 2022, 10:51AM","15"
"Bobby De Cordova-Reid","FUL","F","Claim","1-Drafted@3am FC","Sat Oct 29, 2022, 9:48AM","14"
"Joel Matip","LIV","D","Drop","1-Drafted@3am FC","Sat Oct 29, 2022, 9:48AM","14"
"Diego Costa","CHE/WOL","F","Claim","1-Midtable Merchant","Sat Oct 29, 2022, 9:32AM","14"
"Antonee Robinson","FUL","D","Drop","1-Midtable Merchant","Sat Oct 29, 2022, 9:32AM","14"
"Yoane Wissa","BRF","F","Claim","1-Jesus live at Red Rocks","Sat Oct 29, 2022, 9:24AM","14"
"Jeffrey Schlupp","CRY","M","Drop","1-Jesus live at Red Rocks","Sat Oct 29, 2022, 9:24AM","14"
"Jeffrey Schlupp","CRY","M","Claim","1-Jesus live at Red Rocks","Sat Oct 29, 2022, 9:22AM","14"
"Ezri Konsa","AVL","D","Drop","1-Jesus live at Red Rocks","Sat Oct 29, 2022, 9:21AM","14"
"Hugo Bueno","WOL","D","Claim","1-john lim","Sat Oct 29, 2022, 9:09AM","14"
"Ruben Loftus-Cheek","CHE","M","Drop","1-john lim","Sat Oct 29, 2022, 9:09AM","14"
"Ruben Loftus-Cheek","CHE","M","Claim","1-john lim","Sat Oct 29, 2022, 9:06AM","14"
"Jacob Ramsey","AVL","M","Drop","1-john lim","Sat Oct 29, 2022, 9:06AM","14"
"Bryan Gil","TOT","F","Drop","1-Leo Gerard U3s Team","Sat Oct 29, 2022, 9:03AM","14"
"Stuart Armstrong","SOU","M","Claim","1-Jesus live at Red Rocks","Sat Oct 29, 2022, 9:03AM","14"
"Mikkel Damsgaard","BRF","M","Drop","1-Jesus live at Red Rocks","Sat Oct 29, 2022, 9:02AM","14"
"Bryan Gil","TOT","F","Claim","1-Leo Gerard U3s Team","Sat Oct 29, 2022, 8:22AM","14"
"John Stones","MCI","D","Drop","1-Leo Gerard U3s Team","Sat Oct 29, 2022, 6:59AM","14"
"John Stones","MCI","D","Claim","1-Leo Gerard U3s Team","Sat Oct 29, 2022, 6:47AM","14"
"Nathan Patterson","EVE","D","Drop","1-Leo Gerard U3s Team","Sat Oct 29, 2022, 6:47AM","14"
"Kaoru Mitoma","BHA","M","Claim","1-Leo Gerard U3s Team","Fri Oct 28, 2022, 7:01PM","14"
"Lucas Moura","TOT","M","Drop","1-Leo Gerard U3s Team","Fri Oct 28, 2022, 7:01PM","14"
"Lucas Moura","TOT","M","Claim","1-Leo Gerard U3s Team","Fri Oct 28, 2022, 10:04AM","14"
"Jordan Henderson","LIV","M","Drop","1-Leo Gerard U3s Team","Fri Oct 28, 2022, 10:04AM","14"
"Cristiano Ronaldo","MUN","F","Claim","1- KFFC","Thu Oct 27, 2022, 9:00PM","14"
"Michail Antonio","WHU","F","Drop","1- KFFC","Thu Oct 27, 2022, 9:00PM","14"
"Marcus Tavernier","BOU","M","Claim","1-john lim","Thu Oct 27, 2022, 8:41AM","14"
"Manuel Akanji","MCI","D","Drop","1-john lim","Thu Oct 27, 2022, 8:41AM","14"
"Marc Roca","LEE","M","Claim","1-Midtable Merchant","Thu Oct 27, 2022, 4:12AM","14"
"Dwight McNeil","EVE","M,F","Drop","1-Midtable Merchant","Thu Oct 27, 2022, 4:12AM","14"
"Vladimir Coufal","WHU","D","Claim","1-Midtable Merchant","Thu Oct 27, 2022, 4:10AM","14"
"Tyrell Malacia","MUN","D","Drop","1-Midtable Merchant","Thu Oct 27, 2022, 4:10AM","14"
"Rasmus Kristensen","LEE","D","Claim","1-Midtable Merchant","Thu Oct 27, 2022, 4:08AM","14"
"Konstantinos Tsimikas","LIV","D","Drop","1-Midtable Merchant","Thu Oct 27, 2022, 4:08AM","14"
"Jordan Henderson","LIV","M","Claim","1-Leo Gerard U3s Team","Tue Oct 25, 2022, 10:01PM","14"
"Kaoru Mitoma","BHA","M","Drop","1-Leo Gerard U3s Team","Tue Oct 25, 2022, 10:01PM","14"
"Matheus Nunes","WOL","M","Claim","1-Leo Gerard U3s Team","Tue Oct 25, 2022, 9:57PM","14"
"Rico Henry","BRF","D","Drop","1-Leo Gerard U3s Team","Tue Oct 25, 2022, 9:57PM","14"
"Jacob Ramsey","AVL","M","Claim","1-john lim","Tue Oct 25, 2022, 9:29PM","14"
"Tosin Adarabioyo","FUL","D","Claim","1-Mystery Box U0s","Tue Oct 25, 2022, 9:20PM","14"
"Luke Ayling","LEE","D","Drop","1-Mystery Box U0s","Tue Oct 25, 2022, 9:19PM","14"
"Lisandro Martinez","MUN","D","Claim","1-Vecna's Møst Hated XI","Tue Oct 25, 2022, 9:02PM","14"
"Rico Henry","BRF","D","Claim","1-Leo Gerard U3s Team","Tue Oct 25, 2022, 9:01PM","14"
"Nathan Patterson","EVE","D","Claim","1-Leo Gerard U3s Team","Tue Oct 25, 2022, 9:01PM","14"
"Ezri Konsa","AVL","D","Claim","1-Jesus live at Red Rocks","Tue Oct 25, 2022, 9:00PM","14"
"Davinson Sanchez","TOT","D","Claim","1-Jesus live at Red Rocks","Tue Oct 25, 2022, 9:00PM","14"
"Dwight McNeil","EVE","M,F","Claim","1-Midtable Merchant","Tue Oct 25, 2022, 9:00PM","14"
"Curtis Jones","LIV","M","Drop","1-Midtable Merchant","Tue Oct 25, 2022, 9:00PM","14"
"Harry Wilson","FUL","M","Claim","1-Leo Gerard U3s Team","Tue Oct 25, 2022, 9:00PM","14"
"Eddie Nketiah","ARS","F","Claim","1-Jesus live at Red Rocks","Tue Oct 25, 2022, 9:00PM","14"
"Michail Antonio","WHU","F","Claim","1- KFFC","Tue Oct 25, 2022, 9:00PM","14"
"Cheick Doucoure","CRY","M","Drop","1- KFFC","Tue Oct 25, 2022, 9:00PM","14"
"Leon Bailey","AVL","F","Claim","1-Midtable Merchant","Tue Oct 25, 2022, 9:00PM","14"
"Cristiano Ronaldo","MUN","F","Drop","1-Midtable Merchant","Tue Oct 25, 2022, 9:00PM","14"
"Mads Roerslev","BRF","D","Drop","1-Jesus live at Red Rocks","Mon Oct 24, 2022, 8:03PM","14"
"Ben Johnson","WHU","D","Claim","1-Vecna's Møst Hated XI","Mon Oct 24, 2022, 2:01PM","13"
"Thilo Kehrer","WHU","D","Drop","1-Vecna's Møst Hated XI","Mon Oct 24, 2022, 2:01PM","13"
"James Milner","LIV","M","Drop","1-Leo Gerard U3s Team","Sun Oct 23, 2022, 2:40PM","14"
"Hugo Bueno","WOL","D","Drop","1-Leo Gerard U3s Team","Sun Oct 23, 2022, 2:34PM","14"
"Lucas Moura","TOT","M","Drop","1-Jesus live at Red Rocks","Sun Oct 23, 2022, 10:32AM","13"
"Harrison Reed","FUL","M","Claim","1-Commissioner Gordon & the Tark Knight","Sun Oct 23, 2022, 8:57AM","13"
"Rasmus Kristensen","LEE","D","Drop","1-Commissioner Gordon & the Tark Knight","Sun Oct 23, 2022, 8:57AM","13"
"Rayan Ait-Nouri","WOL","D","Drop","1-Vecna's Møst Hated XI","Sun Oct 23, 2022, 8:55AM","13"
"Luke Ayling","LEE","D","Claim","1-Mystery Box U0s","Sun Oct 23, 2022, 8:54AM","13"
"Zanka","BRF","D","Drop","1-Mystery Box U0s","Sun Oct 23, 2022, 8:54AM","13"
"Zanka","BRF","D","Claim","1-Mystery Box U0s","Sun Oct 23, 2022, 8:48AM","13"
"Tyler Adams","LEE","M","Drop","1-Mystery Box U0s","Sun Oct 23, 2022, 8:48AM","13"
"Lucas Moura","TOT","M","Claim","1-Jesus live at Red Rocks","Sun Oct 23, 2022, 8:09AM","13"
"Fabio Vieira","ARS","M","Drop","1-Jesus live at Red Rocks","Sun Oct 23, 2022, 8:02AM","13"
"Takehiro Tomiyasu","ARS","D","Claim","1-Leo Gerard U3s Team","Sun Oct 23, 2022, 8:01AM","13"
"Marcus Tavernier","BOU","M","Drop","1-Leo Gerard U3s Team","Sun Oct 23, 2022, 8:01AM","13"
"Hugo Bueno","WOL","D","Claim","1-Leo Gerard U3s Team","Sun Oct 23, 2022, 8:00AM","13"
"Aymeric Laporte","MCI","D","Drop","1-Leo Gerard U3s Team","Sun Oct 23, 2022, 7:53AM","14"
"Ruben Loftus-Cheek","CHE","M","Drop","1-john lim","Sat Oct 22, 2022, 11:40AM","13"
"Ruben Loftus-Cheek","CHE","M","Claim","1-john lim","Sat Oct 22, 2022, 11:38AM","13"
"Ryan Christie","BOU","M","Drop","1-john lim","Sat Oct 22, 2022, 11:37AM","13"
"Marc Guehi","CRY","D","Drop","1-Jesus live at Red Rocks","Sat Oct 22, 2022, 11:25AM","14"
"Nathan Ake","MCI","D","Drop","1-Leo Gerard U3s Team","Sat Oct 22, 2022, 9:28AM","13"
"Said Benrahma","WHU","M","Claim","1-TAAp in Merchants","Sat Oct 22, 2022, 9:25AM","13"
"Manuel Akanji","MCI","D","Claim","1-john lim","Sat Oct 22, 2022, 9:11AM","13"
"Neal Maupay","BHA/EVE","F","Drop","1-john lim","Sat Oct 22, 2022, 9:11AM","13"
"Dwight McNeil","EVE","M,F","Drop","1-TAAp in Merchants","Sat Oct 22, 2022, 9:01AM","13"
"Aymeric Laporte","MCI","D","Claim","1-Leo Gerard U3s Team","Sat Oct 22, 2022, 7:53AM","13"
"Said Benrahma","WHU","M","Drop","1-Leo Gerard U3s Team","Sat Oct 22, 2022, 7:53AM","13"
"Jordan Henderson","LIV","M","Drop","1-Autodraft Relegated FC","Sat Oct 22, 2022, 7:03AM","13"
"Curtis Jones","LIV","M","Claim","1-Midtable Merchant","Sat Oct 22, 2022, 6:31AM","13"
"Taiwo Awoniyi","NOT","F","Drop","1-Midtable Merchant","Sat Oct 22, 2022, 6:31AM","13"
"Taiwo Awoniyi","NOT","F","Claim","1-Midtable Merchant","Sat Oct 22, 2022, 6:31AM","13"
"Brennan Johnson","NOT","F","Drop","1-Midtable Merchant","Sat Oct 22, 2022, 6:31AM","13"
"Fabio Vieira","ARS","M","Claim","1-Jesus live at Red Rocks","Sat Oct 22, 2022, 2:37AM","13"
"Fabio Carvalho","LIV","M","Drop","1-Jesus live at Red Rocks","Sat Oct 22, 2022, 2:37AM","13"
"Neal Maupay","BHA/EVE","F","Claim","1-john lim","Fri Oct 21, 2022, 10:47PM","13"
"Adam Webster","BHA","D","Drop","1-john lim","Fri Oct 21, 2022, 10:41PM","13"
"James Milner","LIV","M","Claim","1-Leo Gerard U3s Team","Fri Oct 21, 2022, 9:43PM","13"
"Manuel Akanji","MCI","D","Drop","1-Leo Gerard U3s Team","Fri Oct 21, 2022, 9:43PM","13"
"Said Benrahma","WHU","M","Claim","1-Leo Gerard U3s Team","Fri Oct 21, 2022, 9:12PM","13"
"Leon Bailey","AVL","F","Drop","1-Leo Gerard U3s Team","Fri Oct 21, 2022, 9:09PM","13"
"Thilo Kehrer","WHU","D","Claim","1-Vecna's Møst Hated XI","Fri Oct 21, 2022, 9:02PM","13"
"Rayan Ait-Nouri","WOL","D","Claim","1-Vecna's Møst Hated XI","Fri Oct 21, 2022, 9:00PM","13"
"Kyle Walker-Peters","SOU","D","Drop","1-Vecna's Møst Hated XI","Fri Oct 21, 2022, 9:00PM","13"
"Manuel Akanji","MCI","D","Claim","1-Leo Gerard U3s Team","Fri Oct 21, 2022, 9:00PM","13"
"Nathan Ake","MCI","D","Claim","1-Leo Gerard U3s Team","Fri Oct 21, 2022, 9:00PM","13"
"Ben White","ARS","D","Claim","1-Jesus live at Red Rocks","Fri Oct 21, 2022, 9:00PM","13"
"Ryan Christie","BOU","M","Claim","1-john lim","Fri Oct 21, 2022, 9:00PM","13"
"Michail Antonio","WHU","F","Drop","1-john lim","Fri Oct 21, 2022, 9:00PM","13"
"Leon Bailey","AVL","F","Claim","1-Leo Gerard U3s Team","Fri Oct 21, 2022, 9:00PM","13"
"Mads Roerslev","BRF","D","Claim","1-Jesus live at Red Rocks","Fri Oct 21, 2022, 9:00PM","13"
"William Saliba","ARS","D","Claim","1- KFFC","Fri Oct 21, 2022, 9:00PM","13"
"Jefferson Lerma","BOU","M","Drop","1- KFFC","Fri Oct 21, 2022, 9:00PM","13"
"Pervis Estupinan","BHA","D","Claim","1-Commissioner Gordon & the Tark Knight","Fri Oct 21, 2022, 9:00PM","13"
"Jacob Ramsey","AVL","M","Drop","1-Commissioner Gordon & the Tark Knight","Fri Oct 21, 2022, 9:00PM","13"
"Emiliano Buendia","AVL","M","Claim","1-john lim","Fri Oct 21, 2022, 9:00PM","13"
"Matheus Nunes","WOL","M","Drop","1-john lim","Fri Oct 21, 2022, 9:00PM","13"
"Fred","MUN","M","Claim","1-Roy Kent's U8 Girls","Fri Oct 21, 2022, 9:00PM","13"
"Harry Wilson","FUL","M","Drop","1-Roy Kent's U8 Girls","Fri Oct 21, 2022, 9:00PM","13"
"Ruben Loftus-Cheek","CHE","M","Drop","1-Jesus live at Red Rocks","Fri Oct 21, 2022, 7:16PM","13"
"Leon Bailey","AVL","F","Drop","1-Jesus live at Red Rocks","Fri Oct 21, 2022, 7:16PM","13"
"Jesse Lingard","NOT","M","Drop","1-Vecna's Møst Hated XI","Thu Oct 20, 2022, 5:27PM","13"
"Adam Lallana","BHA","M","Drop","1-Leo Gerard U3s Team","Wed Oct 19, 2022, 9:05PM","13"
"Armando Broja","CHE","F","Drop","1-Leo Gerard U3s Team","Wed Oct 19, 2022, 9:02PM","13"
"Lewis Cook","BOU","M","Claim","1-Mystery Box U0s","Wed Oct 19, 2022, 1:53PM","12"
"Takehiro Tomiyasu","ARS","D","Drop","1-Mystery Box U0s","Wed Oct 19, 2022, 1:53PM","12"
"Pablo Fornals","WHU","M","Claim","1-Autodraft Relegated FC","Wed Oct 19, 2022, 1:50PM","12"
"William Saliba","ARS","D","Drop","1-Autodraft Relegated FC","Wed Oct 19, 2022, 1:50PM","12"
"Jordan Henderson","LIV","M","Claim","1-Autodraft Relegated FC","Wed Oct 19, 2022, 1:43PM","12"
"Fred","MUN","M","Drop","1-Autodraft Relegated FC","Wed Oct 19, 2022, 1:43PM","12"
"Vitaly Janelt","BRF","M","Claim","1-Autodraft Relegated FC","Wed Oct 19, 2022, 1:39PM","12"
"Mateo Kovacic","CHE","M","Drop","1-Autodraft Relegated FC","Wed Oct 19, 2022, 1:39PM","12"
"Jefferson Lerma","BOU","M","Claim","1- KFFC","Wed Oct 19, 2022, 1:39PM","12"
"Matt Targett","NEW","D","Drop","1- KFFC","Wed Oct 19, 2022, 1:39PM","12"
"Kurt Zouma","WHU","D","Claim","1-Drafted@3am FC","Wed Oct 19, 2022, 1:38PM","12"
"Vladimir Coufal","WHU","D","Drop","1-Drafted@3am FC","Wed Oct 19, 2022, 1:38PM","12"
"Ruben Loftus-Cheek","CHE","M","Claim","1-Jesus live at Red Rocks","Wed Oct 19, 2022, 1:33PM","12"
"Ben White","ARS","D","Drop","1-Jesus live at Red Rocks","Wed Oct 19, 2022, 1:33PM","12"
"Armando Broja","CHE","F","Claim","1-Leo Gerard U3s Team","Wed Oct 19, 2022, 1:27PM","12"
"Ryan Christie","BOU","M","Drop","1-Leo Gerard U3s Team","Wed Oct 19, 2022, 1:27PM","12"
"Nathan Collins","WOL","D","Drop","1-Leo Gerard U3s Team","Tue Oct 18, 2022, 4:53PM","13"
"Marc Guehi","CRY","D","Claim","1-Jesus live at Red Rocks","Tue Oct 18, 2022, 2:23PM","12"
"Nelson Semedo","WOL","D","Drop","1-Jesus live at Red Rocks","Tue Oct 18, 2022, 2:23PM","12"
"Danny Ings","AVL/WHU","F","Claim","1-Vecna's Møst Hated XI","Tue Oct 18, 2022, 2:17PM","12"
"Jean-Philippe Mateta","CRY","F","Drop","1-Vecna's Møst Hated XI","Tue Oct 18, 2022, 2:17PM","12"
"Nathan Collins","WOL","D","Claim","1-Leo Gerard U3s Team","Tue Oct 18, 2022, 2:16PM","12"
"Nelson Semedo","WOL","D","Claim","1-Jesus live at Red Rocks","Tue Oct 18, 2022, 2:16PM","12"
"Rayan Ait-Nouri","WOL","D","Drop","1-Jesus live at Red Rocks","Tue Oct 18, 2022, 2:16PM","12"
"Joel Veltman","BHA","D","Drop","1-Leo Gerard U3s Team","Tue Oct 18, 2022, 2:07PM","12"
"Jesse Lingard","NOT","M","Claim","1-Vecna's Møst Hated XI","Tue Oct 18, 2022, 1:36PM","12"
"Pervis Estupinan","BHA","D","Drop","1-Vecna's Møst Hated XI","Tue Oct 18, 2022, 1:36PM","12"
"Joel Veltman","BHA","D","Claim","1-Leo Gerard U3s Team","Tue Oct 18, 2022, 1:31PM","12"
"Deniz Undav","BHA","F","Drop","1-Leo Gerard U3s Team","Tue Oct 18, 2022, 1:30PM","12"
"Jean-Philippe Mateta","CRY","F","Claim","1-Vecna's Møst Hated XI","Tue Oct 18, 2022, 12:18PM","12"
"Jonny","WOL","D","Drop","1-Vecna's Møst Hated XI","Tue Oct 18, 2022, 12:18PM","12"
"Joe Ayodele-Aribo","SOU","M","Claim","1-john lim","Tue Oct 18, 2022, 11:14AM","12"
"Diego Costa","CHE/WOL","F","Drop","1-john lim","Tue Oct 18, 2022, 11:14AM","12"
"Adam Lallana","BHA","M","Claim","1-Leo Gerard U3s Team","Tue Oct 18, 2022, 8:11AM","12"
"Joe Ayodele-Aribo","SOU","M","Drop","1-Leo Gerard U3s Team","Tue Oct 18, 2022, 8:11AM","12"
"Joe Ayodele-Aribo","SOU","M","Claim","1-Leo Gerard U3s Team","Mon Oct 17, 2022, 9:04PM","12"
"Deniz Undav","BHA","F","Claim","1-Leo Gerard U3s Team","Mon Oct 17, 2022, 9:04PM","12"
"Trevoh Chalobah","CHE","D","Claim","1-Midtable Merchant","Mon Oct 17, 2022, 9:02PM","12"
"Renan Lodi","NOT","D","Drop","1-Midtable Merchant","Mon Oct 17, 2022, 9:02PM","12"
"Adam Webster","BHA","D","Claim","1-john lim","Mon Oct 17, 2022, 9:01PM","12"
"Vicente Guaita","CRY","G","Claim","1-Commissioner Gordon & the Tark Knight","Mon Oct 17, 2022, 9:00PM","12"
"Robert Sanchez","BHA","G","Drop","1-Commissioner Gordon & the Tark Knight","Mon Oct 17, 2022, 9:00PM","12"
"Marcus Tavernier","BOU","M","Claim","1-Leo Gerard U3s Team","Mon Oct 17, 2022, 9:00PM","12"
"Leon Bailey","AVL","F","Claim","1-Jesus live at Red Rocks","Mon Oct 17, 2022, 9:00PM","12"
"Bobby De Cordova-Reid","FUL","F","Drop","1-john lim","Mon Oct 17, 2022, 8:28PM","12"
"Emerson","CHE/WHU","D","Drop","1-Jesus live at Red Rocks","Mon Oct 17, 2022, 6:38PM","12"
"Trevoh Chalobah","CHE","D","Drop","1-Leo Gerard U3s Team","Sun Oct 16, 2022, 8:20PM","12"
"Ruben Loftus-Cheek","CHE","M","Drop","1-Leo Gerard U3s Team","Sun Oct 16, 2022, 8:19PM","12"
"Fabio Carvalho","LIV","M","Claim","1-Jesus live at Red Rocks","Sun Oct 16, 2022, 8:57AM","11"
"Sergio Gomez","MCI","M","Drop","1-Jesus live at Red Rocks","Sun Oct 16, 2022, 8:57AM","11"
"Mateo Kovacic","CHE","M","Claim","1-Autodraft Relegated FC","Sun Oct 16, 2022, 8:46AM","11"
"Pablo Fornals","WHU","M","Drop","1-Autodraft Relegated FC","Sun Oct 16, 2022, 8:46AM","11"
"Fred","MUN","M","Claim","1-Autodraft Relegated FC","Sun Oct 16, 2022, 8:44AM","11"
"Jorginho","CHE/ARS","M","Drop","1-Autodraft Relegated FC","Sun Oct 16, 2022, 8:44AM","11"
"Vladimir Coufal","WHU","D","Claim","1-Drafted@3am FC","Sun Oct 16, 2022, 8:07AM","11"
"Kurt Zouma","WHU","D","Drop","1-Drafted@3am FC","Sun Oct 16, 2022, 8:07AM","11"
"Emerson","CHE/WHU","D","Claim","1-Jesus live at Red Rocks","Sun Oct 16, 2022, 8:06AM","11"
"Nathan Ake","MCI","D","Drop","1-Jesus live at Red Rocks","Sun Oct 16, 2022, 8:06AM","11"
"Kepa","CHE","G","Claim","1-TAAp in Merchants","Sun Oct 16, 2022, 8:05AM","11"
"Lukasz Fabianski","WHU","G","Drop","1-TAAp in Merchants","Sun Oct 16, 2022, 8:05AM","11"
"Ruben Loftus-Cheek","CHE","M","Claim","1-Leo Gerard U3s Team","Sun Oct 16, 2022, 8:01AM","11"
"Eddie Nketiah","ARS","F","Drop","1-Leo Gerard U3s Team","Sun Oct 16, 2022, 8:00AM","11"
"Emmanuel Dennis","WAT/NOT","F","Drop","1-Leo Gerard U3s Team","Sat Oct 15, 2022, 4:55PM","12"
"Eddie Nketiah","ARS","F","Claim","1-Leo Gerard U3s Team","Sat Oct 15, 2022, 12:28PM","11"
"Joe Ayodele-Aribo","SOU","M","Drop","1-Leo Gerard U3s Team","Sat Oct 15, 2022, 12:28PM","11"
"Sergio Gomez","MCI","M","Claim","1-Jesus live at Red Rocks","Sat Oct 15, 2022, 9:06AM","11"
"Jonny","WOL","D","Claim","1-Vecna's Møst Hated XI","Sat Oct 15, 2022, 9:04AM","11"
"Tosin Adarabioyo","FUL","D","Drop","1-Vecna's Møst Hated XI","Sat Oct 15, 2022, 9:04AM","11"
"Nelson Semedo","WOL","D","Drop","1-Jesus live at Red Rocks","Sat Oct 15, 2022, 9:03AM","11"
"Tosin Adarabioyo","FUL","D","Claim","1-Vecna's Møst Hated XI","Fri Oct 14, 2022, 2:45PM","11"
"Pedro Neto","WOL","F","Claim","1-Vecna's Møst Hated XI","Fri Oct 14, 2022, 2:45PM","11"
"Manuel Akanji","MCI","D","Drop","1-Vecna's Møst Hated XI","Fri Oct 14, 2022, 2:45PM","11"
"Timothy Castagne","LEI","D","Claim","1-Leo Gerard U3s Team","Thu Oct 13, 2022, 9:00PM","11"
"Fabio Carvalho","LIV","M","Drop","1-Leo Gerard U3s Team","Thu Oct 13, 2022, 9:00PM","11"
"Fabio Carvalho","LIV","M","Claim","1-Leo Gerard U3s Team","Thu Oct 13, 2022, 12:11PM","11"
"Kieran Tierney","ARS","D","Drop","1-Leo Gerard U3s Team","Thu Oct 13, 2022, 12:07PM","11"
"Joe Ayodele-Aribo","SOU","M","Claim","1-Leo Gerard U3s Team","Thu Oct 13, 2022, 11:21AM","11"
"Emiliano Buendia","AVL","M","Drop","1-Leo Gerard U3s Team","Thu Oct 13, 2022, 11:21AM","11"
"Ryan Christie","BOU","M","Claim","1-john lim","Thu Oct 13, 2022, 11:20AM","11"
"Leon Bailey","AVL","F","Drop","1-john lim","Thu Oct 13, 2022, 11:20AM","11"
"Konstantinos Tsimikas","LIV","D","Claim","1-Midtable Merchant","Wed Oct 12, 2022, 4:05PM","11"
"Morgan Gibbs-White","WOL/NOT","M","Claim","1-Leo Gerard U3s Team","Wed Oct 12, 2022, 2:08PM","11"
"Morgan Gibbs-White","WOL/NOT","M","Drop","1-Drafted@3am FC","Wed Oct 12, 2022, 2:08PM","11"
"Kieran Tierney","ARS","D","Claim","1-Leo Gerard U3s Team","Wed Oct 12, 2022, 9:05AM","11"
"Fabio Carvalho","LIV","M","Drop","1-Leo Gerard U3s Team","Wed Oct 12, 2022, 9:05AM","11"
"Conor Coady","WOL/EVE","D","Claim","1-Drafted@3am FC","Wed Oct 12, 2022, 7:00AM","11"
"Timothy Castagne","LEI","D","Drop","1-Drafted@3am FC","Wed Oct 12, 2022, 7:00AM","11"
"Tyler Adams","LEE","M","Claim","1-Mystery Box U0s","Tue Oct 11, 2022, 10:14PM","11"
"Neal Maupay","BHA/EVE","F","Drop","1-Mystery Box U0s","Tue Oct 11, 2022, 10:14PM","11"
"Fabio Carvalho","LIV","M","Claim","1-Leo Gerard U3s Team","Tue Oct 11, 2022, 9:06PM","11"
"Idrissa Gueye","EVE","M","Drop","1-Leo Gerard U3s Team","Tue Oct 11, 2022, 9:06PM","11"
"Trevoh Chalobah","CHE","D","Claim","1-Leo Gerard U3s Team","Tue Oct 11, 2022, 9:01PM","11"
"Kaoru Mitoma","BHA","M","Claim","1-Leo Gerard U3s Team","Tue Oct 11, 2022, 9:00PM","11"
"Joseph Gomez","LIV","D","Claim","1- KFFC","Tue Oct 11, 2022, 9:00PM","11"
"Marc Roca","LEE","M","Drop","1- KFFC","Tue Oct 11, 2022, 9:00PM","11"
"Romain Perraud","SOU","D","Claim","1-TAAp in Merchants","Tue Oct 11, 2022, 9:00PM","11"
"Andreas Pereira","FUL","M","Claim","1-Vecna's Møst Hated XI","Tue Oct 11, 2022, 9:00PM","11"
"Morgan Gibbs-White","WOL/NOT","M","Claim","1-Drafted@3am FC","Tue Oct 11, 2022, 9:00PM","11"
"Vladimir Coufal","WHU","D","Drop","1-Drafted@3am FC","Tue Oct 11, 2022, 9:00PM","11"
"Serge Aurier","TOT/NOT","D","Drop","1-Leo Gerard U3s Team","Tue Oct 11, 2022, 11:58AM","11"
"Rico Henry","BRF","D","Drop","1-Vecna's Møst Hated XI","Mon Oct 10, 2022, 4:53PM","11"
"Emmanuel Dennis","WAT/NOT","F","Claim","1-Leo Gerard U3s Team","Mon Oct 10, 2022, 2:01PM","10"
"Serge Aurier","TOT/NOT","D","Claim","1-Leo Gerard U3s Team","Mon Oct 10, 2022, 2:00PM","10"
"Danny Ings","AVL/WHU","F","Drop","1-Leo Gerard U3s Team","Mon Oct 10, 2022, 2:00PM","10"
"Konstantinos Tsimikas","LIV","D","Drop","1-Leo Gerard U3s Team","Sun Oct 9, 2022, 2:48PM","11"
"Casemiro","MUN","M","Claim","1-Jesus live at Red Rocks","Sun Oct 9, 2022, 1:01PM","10"
"Morgan Gibbs-White","WOL/NOT","M","Drop","1-Jesus live at Red Rocks","Sun Oct 9, 2022, 1:01PM","10"
"Bobby De Cordova-Reid","FUL","F","Claim","1-john lim","Sun Oct 9, 2022, 8:08AM","10"
"Emerson","CHE/WHU","D","Drop","1-Midtable Merchant","Sun Oct 9, 2022, 8:01AM","10"
"Ezri Konsa","AVL","D","Drop","1-Vecna's Møst Hated XI","Sat Oct 8, 2022, 11:57AM","10"
"Yves Bissouma","TOT","M","Drop","1-TAAp in Merchants","Sat Oct 8, 2022, 11:32AM","10"
"Yves Bissouma","TOT","M","Claim","1-TAAp in Merchants","Sat Oct 8, 2022, 11:31AM","10"
"Djed Spence","TOT","D","Drop","1-TAAp in Merchants","Sat Oct 8, 2022, 11:31AM","10"
"Djed Spence","TOT","D","Claim","1-TAAp in Merchants","Sat Oct 8, 2022, 11:05AM","10"
"Wout Faes","LEI","D","Claim","1-Mystery Box U0s","Sat Oct 8, 2022, 9:18AM","10"
"Tyler Adams","LEE","M","Drop","1-Mystery Box U0s","Sat Oct 8, 2022, 9:18AM","10"
"Cole Palmer","MCI","M","Drop","1-john lim","Sat Oct 8, 2022, 9:17AM","10"
"Trevoh Chalobah","CHE","D","Drop","1-Leo Gerard U3s Team","Sat Oct 8, 2022, 9:14AM","10"
"Trevoh Chalobah","CHE","D","Claim","1-Leo Gerard U3s Team","Sat Oct 8, 2022, 9:03AM","10"
"Casemiro","MUN","M","Drop","1-Leo Gerard U3s Team","Sat Oct 8, 2022, 9:03AM","10"
"Nathan Ake","MCI","D","Claim","1-Jesus live at Red Rocks","Sat Oct 8, 2022, 9:01AM","10"
"Sergio Gomez","MCI","M","Drop","1-Jesus live at Red Rocks","Sat Oct 8, 2022, 9:01AM","10"
"Hwang Hee-Chan","WOL","F","Drop","1-TAAp in Merchants","Sat Oct 8, 2022, 9:01AM","10"
"Hwang Hee-Chan","WOL","F","Claim","1-TAAp in Merchants","Fri Oct 7, 2022, 7:08AM","10"
"Pedro Neto","WOL","F","Drop","1-TAAp in Merchants","Fri Oct 7, 2022, 7:08AM","10"
"Rodri","MCI","M","Claim","1-Leo Gerard U3s Team","Thu Oct 6, 2022, 4:13PM","10"
"Said Benrahma","WHU","M","Drop","1-Roy Kent's U8 Girls","Thu Oct 6, 2022, 4:04PM","10"
"Thomas Partey","ARS","M","Claim","1-Roy Kent's U8 Girls","Thu Oct 6, 2022, 2:43PM","10"
"Odsonne Edouard","CRY","F","Claim","1-Roy Kent's U8 Girls","Thu Oct 6, 2022, 2:42PM","10"
"Jesse Lingard","NOT","M","Drop","1-Roy Kent's U8 Girls","Thu Oct 6, 2022, 2:38PM","10"
"Boubacar Kamara","AVL","M","Drop","1-Roy Kent's U8 Girls","Thu Oct 6, 2022, 2:37PM","10"
"Luke Shaw","MUN","D","Claim","1-Leo Gerard U3s Team","Thu Oct 6, 2022, 2:05PM","10"
"Serge Aurier","TOT/NOT","D","Drop","1-Leo Gerard U3s Team","Thu Oct 6, 2022, 2:05PM","10"
"Casemiro","MUN","M","Claim","1-Leo Gerard U3s Team","Thu Oct 6, 2022, 12:07PM","10"
"Serge Aurier","TOT/NOT","D","Claim","1-Leo Gerard U3s Team","Thu Oct 6, 2022, 11:44AM","10"
"Luke Shaw","MUN","D","Drop","1-Leo Gerard U3s Team","Thu Oct 6, 2022, 11:36AM","10"
"Casemiro","MUN","M","Drop","1-Leo Gerard U3s Team","Thu Oct 6, 2022, 11:36AM","10"
"Danny Ings","AVL/WHU","F","Claim","1-Leo Gerard U3s Team","Thu Oct 6, 2022, 9:14AM","10"
"Andreas Pereira","FUL","M","Drop","1-Leo Gerard U3s Team","Thu Oct 6, 2022, 9:14AM","10"
"Luke Shaw","MUN","D","Claim","1-Leo Gerard U3s Team","Wed Oct 5, 2022, 10:35PM","10"
"Trevoh Chalobah","CHE","D","Drop","1-Leo Gerard U3s Team","Wed Oct 5, 2022, 10:35PM","10"
"Cole Palmer","MCI","M","Claim","1-john lim","Wed Oct 5, 2022, 7:24PM","10"
"Cesar Azpilicueta","CHE","D","Claim","1-Commissioner Gordon & the Tark Knight","Wed Oct 5, 2022, 6:12PM","10"
"Romeo Lavia","SOU","M","Drop","1-Commissioner Gordon & the Tark Knight","Wed Oct 5, 2022, 6:11PM","10"
"Trevoh Chalobah","CHE","D","Claim","1-Leo Gerard U3s Team","Wed Oct 5, 2022, 3:40PM","10"
"Danny Ings","AVL/WHU","F","Drop","1-Leo Gerard U3s Team","Wed Oct 5, 2022, 3:40PM","10"
"Fabio Carvalho","LIV","M","Drop","1-john lim","Wed Oct 5, 2022, 8:51AM","10"
"Rico Henry","BRF","D","Claim","1-Vecna's Møst Hated XI","Tue Oct 4, 2022, 9:18PM","10"
"Bernd Leno","FUL","G","Claim","1-Vecna's Møst Hated XI","Tue Oct 4, 2022, 9:17PM","10"
"Aaron Ramsdale","ARS","G","Drop","1-Vecna's Møst Hated XI","Tue Oct 4, 2022, 9:17PM","10"
"Ezri Konsa","AVL","D","Claim","1-Vecna's Møst Hated XI","Tue Oct 4, 2022, 9:16PM","10"
"Fabio Carvalho","LIV","M","Claim","1-john lim","Tue Oct 4, 2022, 9:14PM","10"
"Maxwel Cornet","BUR/WHU","M","Drop","1-john lim","Tue Oct 4, 2022, 9:14PM","10"
"Danny Ings","AVL/WHU","F","Claim","1-Leo Gerard U3s Team","Tue Oct 4, 2022, 9:08PM","10"
"Odsonne Edouard","CRY","F","Drop","1-Leo Gerard U3s Team","Tue Oct 4, 2022, 9:08PM","10"
"Emiliano Buendia","AVL","M","Claim","1-Leo Gerard U3s Team","Tue Oct 4, 2022, 9:05PM","10"
"Miguel Almiron","NEW","M","Claim","1-Leo Gerard U3s Team","Tue Oct 4, 2022, 9:04PM","10"
"Odsonne Edouard","CRY","F","Claim","1-Leo Gerard U3s Team","Tue Oct 4, 2022, 9:03PM","10"
"Casemiro","MUN","M","Claim","1-Leo Gerard U3s Team","Tue Oct 4, 2022, 9:01PM","10"
"Kepa","CHE","G","Drop","1-Leo Gerard U3s Team","Tue Oct 4, 2022, 9:00PM","10"
"Ben White","ARS","D","Claim","1-Jesus live at Red Rocks","Tue Oct 4, 2022, 9:00PM","10"
"Hugo Lloris","TOT","G","Claim","1-Leo Gerard U3s Team","Tue Oct 4, 2022, 9:00PM","10"
"Ashley Young","AVL","D","Claim","1- KFFC","Tue Oct 4, 2022, 9:00PM","10"
"Joseph Gomez","LIV","D","Drop","1- KFFC","Tue Oct 4, 2022, 9:00PM","10"
"Sergio Gomez","MCI","M","Claim","1-Jesus live at Red Rocks","Tue Oct 4, 2022, 9:00PM","10"
"Adama Traore","WOL","F","Claim","1-Commissioner Gordon & the Tark Knight","Tue Oct 4, 2022, 9:00PM","10"
"Danny Welbeck","BHA","F","Claim","1-TAAp in Merchants","Tue Oct 4, 2022, 9:00PM","10"
"Joel Veltman","BHA","D","Drop","1-TAAp in Merchants","Tue Oct 4, 2022, 9:00PM","10"
"Douglas Luiz","AVL","M","Claim","1-Mystery Box U0s","Tue Oct 4, 2022, 9:00PM","10"
"Diego Llorente","LEE","D","Drop","1-Mystery Box U0s","Tue Oct 4, 2022, 9:00PM","10"
"Taiwo Awoniyi","NOT","F","Drop","1-Vecna's Møst Hated XI","Mon Oct 3, 2022, 5:05PM","10"
"Ludwig Augustinsson","AVL","D","Drop","1-Vecna's Møst Hated XI","Mon Oct 3, 2022, 5:05PM","10"
"Raphael Varane","MUN","D","Drop","1-Jesus live at Red Rocks","Sun Oct 2, 2022, 9:42AM","10"
"Lisandro Martinez","MUN","D","Drop","1-Jesus live at Red Rocks","Sun Oct 2, 2022, 9:42AM","10"
"Taiwo Awoniyi","NOT","F","Claim","1-Vecna's Møst Hated XI","Sun Oct 2, 2022, 8:40AM","9"
"Rodri","MCI","M","Drop","1-Vecna's Møst Hated XI","Sun Oct 2, 2022, 8:40AM","9"
"Raphael Varane","MUN","D","Claim","1-Jesus live at Red Rocks","Sun Oct 2, 2022, 8:03AM","9"
"Marcus Tavernier","BOU","M","Drop","1-Leo Gerard U3s Team","Sat Oct 1, 2022, 12:43PM","10"
"Fabio Carvalho","LIV","M","Drop","1-Leo Gerard U3s Team","Sat Oct 1, 2022, 12:32PM","10"
"Kieffer Moore","BOU","F","Drop","1-Leo Gerard U3s Team","Sat Oct 1, 2022, 12:32PM","10"
"Mateo Kovacic","CHE","M","Drop","1-Leo Gerard U3s Team","Sat Oct 1, 2022, 12:31PM","10"
"Kevin Mbabu","FUL","D","Drop","1-Commissioner Gordon & the Tark Knight","Sat Oct 1, 2022, 12:02PM","10"
"Kevin Mbabu","FUL","D","Claim","1-Commissioner Gordon & the Tark Knight","Sat Oct 1, 2022, 9:30AM","9"
"Casemiro","MUN","M","Drop","1-Commissioner Gordon & the Tark Knight","Sat Oct 1, 2022, 9:30AM","9"
"Romeo Lavia","SOU","M","Claim","1-Commissioner Gordon & the Tark Knight","Sat Oct 1, 2022, 9:14AM","9"
"Lisandro Martinez","MUN","D","Claim","1-Jesus live at Red Rocks","Sat Oct 1, 2022, 9:08AM","9"
"Rico Henry","BRF","D","Drop","1-Jesus live at Red Rocks","Sat Oct 1, 2022, 9:08AM","9"
"Moussa Djenepo","SOU","M","Drop","1-Commissioner Gordon & the Tark Knight","Sat Oct 1, 2022, 9:06AM","9"
"Mateo Kovacic","CHE","M","Claim","1-Leo Gerard U3s Team","Sat Oct 1, 2022, 9:05AM","9"
"Danny Welbeck","BHA","F","Drop","1-Leo Gerard U3s Team","Sat Oct 1, 2022, 9:05AM","9"
"Rico Henry","BRF","D","Claim","1-Jesus live at Red Rocks","Sat Oct 1, 2022, 9:04AM","9"
"Aaron Hickey","BRF","D","Drop","1-Jesus live at Red Rocks","Sat Oct 1, 2022, 9:04AM","9"
"Kieffer Moore","BOU","F","Claim","1-Leo Gerard U3s Team","Sat Oct 1, 2022, 9:02AM","9"
"Emiliano Buendia","AVL","M","Drop","1-Leo Gerard U3s Team","Sat Oct 1, 2022, 9:01AM","9"
"Fabio Carvalho","LIV","M","Claim","1-Leo Gerard U3s Team","Sat Oct 1, 2022, 9:01AM","9"
"Romain Perraud","SOU","D","Drop","1-Leo Gerard U3s Team","Sat Oct 1, 2022, 9:01AM","9"
"Dwight McNeil","EVE","M,F","Claim","1-TAAp in Merchants","Sat Oct 1, 2022, 7:25AM","9"
"Raul Jimenez","WOL","F","Drop","1-TAAp in Merchants","Sat Oct 1, 2022, 7:24AM","9"
"William Saliba","ARS","D","Claim","1-Autodraft Relegated FC","Sat Oct 1, 2022, 7:11AM","9"
"Wilfred Ndidi","LEI","M","Drop","1-Autodraft Relegated FC","Sat Oct 1, 2022, 7:11AM","9"
"Fabio Vieira","ARS","M","Drop","1-Jesus live at Red Rocks","Sat Oct 1, 2022, 6:34AM","9"
"Kepa","CHE","G","Claim","1-Leo Gerard U3s Team","Fri Sep 30, 2022, 10:57AM","9"
"Edouard Mendy","CHE","G","Drop","1-Leo Gerard U3s Team","Fri Sep 30, 2022, 10:57AM","9"
"Edouard Mendy","CHE","G","Claim","1-Leo Gerard U3s Team","Thu Sep 29, 2022, 12:08PM","9"
"Hugo Lloris","TOT","G","Drop","1-Leo Gerard U3s Team","Thu Sep 29, 2022, 12:08PM","9"
"Emiliano Buendia","AVL","M","Claim","1-Leo Gerard U3s Team","Mon Sep 26, 2022, 3:31PM","9"
"John Stones","MCI","D","Drop","1-Leo Gerard U3s Team","Mon Sep 26, 2022, 3:31PM","9"
"Manuel Akanji","MCI","D","Claim","1-Vecna's Møst Hated XI","Mon Sep 26, 2022, 3:31PM","9"
"Tosin Adarabioyo","FUL","D","Drop","1-Vecna's Møst Hated XI","Mon Sep 26, 2022, 3:31PM","9"
"John Stones","MCI","D","Claim","1-Leo Gerard U3s Team","Mon Sep 26, 2022, 12:46PM","9"
"Emiliano Buendia","AVL","M","Drop","1-Leo Gerard U3s Team","Mon Sep 26, 2022, 12:46PM","9"
"Tosin Adarabioyo","FUL","D","Claim","1-Vecna's Møst Hated XI","Mon Sep 26, 2022, 12:29PM","9"
"William Saliba","ARS","D","Drop","1-Vecna's Møst Hated XI","Mon Sep 26, 2022, 12:29PM","9"
"Emiliano Buendia","AVL","M","Claim","1-Leo Gerard U3s Team","Mon Sep 26, 2022, 11:54AM","9"
"Luke Ayling","LEE","D","Drop","1-Leo Gerard U3s Team","Mon Sep 26, 2022, 11:54AM","9"
"Ludwig Augustinsson","AVL","D","Claim","1-Vecna's Møst Hated XI","Wed Sep 21, 2022, 1:10PM","9"
"Timothy Castagne","LEI","D","Claim","1-Drafted@3am FC","Wed Sep 21, 2022, 10:49AM","9"
"Rico Henry","BRF","D","Drop","1-Drafted@3am FC","Wed Sep 21, 2022, 10:46AM","9"
"Rodrigo Bentancur","TOT","M","Claim","1-Drafted@3am FC","Wed Sep 21, 2022, 10:03AM","9"
"Nathan Collins","WOL","D","Drop","1-Drafted@3am FC","Wed Sep 21, 2022, 10:03AM","9"
"Casemiro","MUN","M","Claim","1-Commissioner Gordon & the Tark Knight","Tue Sep 20, 2022, 9:18PM","9"
"Nathan Patterson","EVE","D","Drop","1-Commissioner Gordon & the Tark Knight","Tue Sep 20, 2022, 9:18PM","9"
"Aaron Hickey","BRF","D","Claim","1-Jesus live at Red Rocks","Tue Sep 20, 2022, 9:18PM","9"
"Timothy Castagne","LEI","D","Drop","1-Jesus live at Red Rocks","Tue Sep 20, 2022, 9:18PM","9"
"Tyler Adams","LEE","M","Claim","1-Mystery Box U0s","Tue Sep 20, 2022, 9:03PM","9"
"Luke Ayling","LEE","D","Claim","1-Leo Gerard U3s Team","Tue Sep 20, 2022, 9:00PM","9"
"Idrissa Gueye","EVE","M","Claim","1-Leo Gerard U3s Team","Tue Sep 20, 2022, 9:00PM","9"
"Joseph Gomez","LIV","D","Claim","1- KFFC","Tue Sep 20, 2022, 9:00PM","9"
"Conor Coady","WOL/EVE","D","Drop","1- KFFC","Tue Sep 20, 2022, 9:00PM","9"
"Timothy Castagne","LEI","D","Claim","1-Jesus live at Red Rocks","Tue Sep 20, 2022, 9:00PM","9"
"Emerson","CHE/WHU","D","Claim","1-Midtable Merchant","Tue Sep 20, 2022, 9:00PM","9"
"Thilo Kehrer","WHU","D","Drop","1-Midtable Merchant","Tue Sep 20, 2022, 9:00PM","9"
"Gabriel Magalhaes","ARS","D","Claim","1-john lim","Tue Sep 20, 2022, 9:00PM","9"
"Cristian Romero","TOT","D","Claim","1-Commissioner Gordon & the Tark Knight","Tue Sep 20, 2022, 9:00PM","9"
"Rasmus Kristensen","LEE","D","Lineup Change","1-Commissioner Gordon & the Tark Knight","Tue Sep 20, 2022, 9:00PM","9"
"Liam Cooper","LEE","D","Claim","1-Leo Gerard U3s Team","Tue Sep 20, 2022, 9:00PM","9"
"Jordan Pickford","EVE","G","Claim","1- KFFC","Tue Sep 20, 2022, 9:00PM","9"
"Bernd Leno","FUL","G","Drop","1- KFFC","Tue Sep 20, 2022, 9:00PM","9"
"Mikkel Damsgaard","BRF","M","Claim","1-Jesus live at Red Rocks","Tue Sep 20, 2022, 9:00PM","9"
"Raul Jimenez","WOL","F","Claim","1-TAAp in Merchants","Tue Sep 20, 2022, 9:00PM","9"
"Tyrell Malacia","MUN","D","Claim","1-Midtable Merchant","Tue Sep 20, 2022, 9:00PM","9"
"Thomas Partey","ARS","M","Drop","1-Midtable Merchant","Tue Sep 20, 2022, 9:00PM","9"
"Konstantinos Tsimikas","LIV","D","Claim","1-Vecna's Møst Hated XI","Tue Sep 20, 2022, 9:00PM","9"
"Rodrigo","LEE","F","Claim","1-Drafted@3am FC","Tue Sep 20, 2022, 9:00PM","9"
"Lloyd Kelly","BOU","D","Drop","1-Drafted@3am FC","Tue Sep 20, 2022, 9:00PM","9"
"Kieran Tierney","ARS","D","Drop","1-Leo Gerard U3s Team","Tue Sep 20, 2022, 8:58PM","9"
"Miguel Almiron","NEW","M","Drop","1-TAAp in Merchants","Tue Sep 20, 2022, 8:08PM","9"
"John Stones","MCI","D","Drop","1-Jesus live at Red Rocks","Tue Sep 20, 2022, 6:02PM","9"
"Manuel Akanji","MCI","D","Drop","1-Jesus live at Red Rocks","Tue Sep 20, 2022, 6:02PM","9"
"Davinson Sanchez","TOT","D","Drop","1-Vecna's Møst Hated XI","Mon Sep 19, 2022, 1:16PM","9"
"Ryan Fraser","NEW","M","Drop","1-Vecna's Møst Hated XI","Sun Sep 18, 2022, 11:19AM","9"
"Wout Faes","LEI","D","Drop","1-john lim","Sun Sep 18, 2022, 10:41AM","9"
"Thilo Kehrer","WHU","D","Claim","1-Midtable Merchant","Sun Sep 18, 2022, 8:28AM","8"
"Dwight McNeil","EVE","M,F","Drop","1-Midtable Merchant","Sun Sep 18, 2022, 8:28AM","8"
"Tyler Adams","LEE","M","Drop","1-Mystery Box U0s","Thu Sep 15, 2022, 11:05PM","8"
"Thomas Partey","ARS","M","Claim","1-Midtable Merchant","Sun Sep 18, 2022, 6:32AM","8"
"Rodrigo","LEE","F","Drop","1-Midtable Merchant","Sun Sep 18, 2022, 6:32AM","8"
"Fabio Vieira","ARS","M","Claim","1-Jesus live at Red Rocks","Sun Sep 18, 2022, 6:21AM","8"
"Vitaly Janelt","BRF","M","Drop","1-Jesus live at Red Rocks","Sun Sep 18, 2022, 6:21AM","8"
"Clement Lenglet","TOT","D","Drop","1-Leo Gerard U3s Team","Sat Sep 17, 2022, 4:53PM","9"
"Bobby De Cordova-Reid","FUL","F","Drop","1-Leo Gerard U3s Team","Sat Sep 17, 2022, 4:53PM","9"
"Conor Coady","WOL/EVE","D","Claim","1- KFFC","Sat Sep 17, 2022, 12:11PM","8"
"Idrissa Gueye","EVE","M","Drop","1- KFFC","Sat Sep 17, 2022, 12:11PM","8"
"Wout Faes","LEI","D","Claim","1-john lim","Sat Sep 17, 2022, 12:02PM","8"
"Cristian Romero","TOT","D","Drop","1-john lim","Sat Sep 17, 2022, 12:02PM","8"
"Clement Lenglet","TOT","D","Claim","1-Leo Gerard U3s Team","Sat Sep 17, 2022, 11:43AM","8"
"Casemiro","MUN","M","Drop","1-Leo Gerard U3s Team","Sat Sep 17, 2022, 11:43AM","8"
"Ryan Fraser","NEW","M","Claim","1-Vecna's Møst Hated XI","Sat Sep 17, 2022, 9:03AM","8"
"Ben White","ARS","D","Drop","1-Vecna's Møst Hated XI","Sat Sep 17, 2022, 9:03AM","8"
"Lloyd Kelly","BOU","D","Claim","1-Drafted@3am FC","Sat Sep 17, 2022, 7:50AM","8"
"Joseph Gomez","LIV","D","Drop","1-Drafted@3am FC","Sat Sep 17, 2022, 7:50AM","8"
"Manuel Akanji","MCI","D","Claim","1-Jesus live at Red Rocks","Sat Sep 17, 2022, 6:33AM","8"
"Gabriel Magalhaes","ARS","D","Drop","1-Jesus live at Red Rocks","Sat Sep 17, 2022, 6:33AM","8"
"Gavin Bazunu","SOU","G","Drop","1-Commissioner Gordon & the Tark Knight","Fri Sep 16, 2022, 4:56PM","9"
"Nathan Collins","WOL","D","Claim","1-Drafted@3am FC","Fri Sep 16, 2022, 3:39PM","8"
"Luke Ayling","LEE","D","Drop","1-Drafted@3am FC","Fri Sep 16, 2022, 3:39PM","8"
"Rico Henry","BRF","D","Claim","1-Drafted@3am FC","Fri Sep 16, 2022, 3:38PM","8"
"Philip Billing","BOU","M","Claim","1-Drafted@3am FC","Fri Sep 16, 2022, 3:38PM","8"
"Fabinho","LIV","M","Drop","1-Drafted@3am FC","Fri Sep 16, 2022, 3:37PM","8"
"Ruben Loftus-Cheek","CHE","M","Drop","1-Drafted@3am FC","Fri Sep 16, 2022, 3:37PM","8"
"Kurt Zouma","WHU","D","Claim","1-Drafted@3am FC","Fri Sep 16, 2022, 3:37PM","8"
"Adam Webster","BHA","D","Drop","1-Drafted@3am FC","Fri Sep 16, 2022, 3:37PM","8"
"Cheick Doucoure","CRY","M","Claim","1- KFFC","Fri Sep 16, 2022, 2:54PM","8"
"Ainsley Maitland-Niles","ARS/SOU","M","Drop","1- KFFC","Fri Sep 16, 2022, 2:54PM","8"
"Gavin Bazunu","SOU","G","Claim","1-Commissioner Gordon & the Tark Knight","Fri Sep 16, 2022, 2:50PM","8"
"Konstantinos Tsimikas","LIV","D","Drop","1-Commissioner Gordon & the Tark Knight","Fri Sep 16, 2022, 2:50PM","8"
"Rasmus Kristensen","LEE","D","Claim","1-Commissioner Gordon & the Tark Knight","Fri Sep 16, 2022, 2:43PM","8"
"Thomas Partey","ARS","M","Drop","1-Commissioner Gordon & the Tark Knight","Fri Sep 16, 2022, 2:43PM","8"
"John Stones","MCI","D","Claim","1-Jesus live at Red Rocks","Thu Sep 15, 2022, 11:05PM","8"
"Ashley Young","AVL","D","Drop","1-Jesus live at Red Rocks","Thu Sep 15, 2022, 11:05PM","8"
"William Saliba","ARS","D","Claim","1-Vecna's Møst Hated XI","Fri Sep 16, 2022, 2:05PM","8"
"Danny Ings","AVL/WHU","F","Drop","1-Vecna's Møst Hated XI","Fri Sep 16, 2022, 2:04PM","8"
"Ashley Young","AVL","D","Claim","1-Jesus live at Red Rocks","Fri Sep 16, 2022, 2:02PM","8"
"John Stones","MCI","D","Drop","1-Jesus live at Red Rocks","Fri Sep 16, 2022, 2:02PM","8"
"Moussa Djenepo","SOU","M","Claim","1-Commissioner Gordon & the Tark Knight","Fri Sep 16, 2022, 2:01PM","8"
"Emmanuel Dennis","WAT/NOT","F","Drop","1-Commissioner Gordon & the Tark Knight","Fri Sep 16, 2022, 2:00PM","8"
"Bobby De Cordova-Reid","FUL","F","Claim","1-Leo Gerard U3s Team","Thu Sep 15, 2022, 11:05PM","8"
"Adam Armstrong","SOU","F","Drop","1-Leo Gerard U3s Team","Thu Sep 15, 2022, 11:05PM","8"
"Adam Armstrong","SOU","F","Claim","1-Leo Gerard U3s Team","Fri Sep 16, 2022, 11:15AM","8"
"Ethan Pinnock","BRF","D","Claim","1-Leo Gerard U3s Team","Fri Sep 16, 2022, 11:14AM","8"
"Raul Jimenez","WOL","F","Drop","1-Leo Gerard U3s Team","Fri Sep 16, 2022, 11:14AM","8"
"Bobby De Cordova-Reid","FUL","F","Drop","1-Leo Gerard U3s Team","Fri Sep 16, 2022, 11:14AM","8"
"Kieran Tierney","ARS","D","Claim","1-Leo Gerard U3s Team","Fri Sep 16, 2022, 7:44AM","8"
"Cesar Azpilicueta","CHE","D","Drop","1-Leo Gerard U3s Team","Fri Sep 16, 2022, 7:44AM","8"
"Danny Ings","AVL/WHU","F","Claim","1-Vecna's Møst Hated XI","Thu Sep 15, 2022, 11:11AM","7"
"Bobby De Cordova-Reid","FUL","F","Claim","1-Leo Gerard U3s Team","Thu Sep 15, 2022, 11:11AM","7"
"Danny Ings","AVL/WHU","F","Drop","1-Leo Gerard U3s Team","Thu Sep 15, 2022, 11:11AM","7"
"Danny Ings","AVL/WHU","F","Claim","1-Leo Gerard U3s Team","Thu Sep 15, 2022, 11:11AM","7"
"Bobby De Cordova-Reid","FUL","F","Drop","1-Leo Gerard U3s Team","Thu Sep 15, 2022, 11:11AM","7"
"Jordan Pickford","EVE","G","Drop","1-Vecna's Møst Hated XI","Thu Sep 15, 2022, 11:02AM","7"
"Jacob Ramsey","AVL","M","Claim","1-Commissioner Gordon & the Tark Knight","Thu Sep 15, 2022, 10:44AM","7"
"Liam Cooper","LEE","D","Drop","1-Commissioner Gordon & the Tark Knight","Thu Sep 15, 2022, 10:44AM","7"
"Thomas Partey","ARS","M","Claim","1-Commissioner Gordon & the Tark Knight","Thu Sep 15, 2022, 2:06AM","8"
"John Stones","MCI","D","Claim","1-Jesus live at Red Rocks","Wed Sep 14, 2022, 4:44PM","7"
"Sergio Gomez","MCI","M","Drop","1-Jesus live at Red Rocks","Wed Sep 14, 2022, 4:44PM","7"
"Cesar Azpilicueta","CHE","D","Claim","1-Leo Gerard U3s Team","Wed Sep 14, 2022, 2:02PM","7"
"Ethan Pinnock","BRF","D","Drop","1-Leo Gerard U3s Team","Wed Sep 14, 2022, 2:02PM","7"
"Bobby De Cordova-Reid","FUL","F","Claim","1-Leo Gerard U3s Team","Wed Sep 14, 2022, 12:51PM","7"
"Nathan Collins","WOL","D","Drop","1-Leo Gerard U3s Team","Wed Sep 14, 2022, 12:48PM","7"
"Diego Costa","CHE/WOL","F","Claim","1-john lim","Tue Sep 13, 2022, 9:00PM","7"
"Lukasz Fabianski","WHU","G","Claim","1-TAAp in Merchants","Tue Sep 13, 2022, 1:47PM","7"
"Edouard Mendy","CHE","G","Drop","1-TAAp in Merchants","Tue Sep 13, 2022, 1:47PM","7"
"Davinson Sanchez","TOT","D","Claim","1-Vecna's Møst Hated XI","Tue Sep 13, 2022, 12:48PM","7"
"Rasmus Kristensen","LEE","D","Drop","1-Vecna's Møst Hated XI","Tue Sep 13, 2022, 12:48PM","7"
"Miguel Almiron","NEW","M","Claim","1-TAAp in Merchants","Mon Sep 12, 2022, 8:47PM","7"
"Danny Ings","AVL/WHU","F","Drop","1-TAAp in Merchants","Mon Sep 12, 2022, 8:47PM","7"
"Nathan Patterson","EVE","D","Claim","1-Commissioner Gordon & the Tark Knight","Mon Sep 12, 2022, 12:46PM","8"
"Cheick Doucoure","CRY","M","Drop","1-Commissioner Gordon & the Tark Knight","Mon Sep 12, 2022, 12:46PM","8"
"Aaron Ramsdale","ARS","G","Claim","1-Vecna's Møst Hated XI","Mon Sep 12, 2022, 12:42PM","8"
"Illan Meslier","LEE","G","Drop","1-Vecna's Møst Hated XI","Mon Sep 12, 2022, 12:42PM","8"
"Nathan Collins","WOL","D","Claim","1-Leo Gerard U3s Team","Sat Sep 10, 2022, 8:15PM","7"
"Hakim Ziyech","CHE","M","Drop","1-Leo Gerard U3s Team","Sat Sep 10, 2022, 8:15PM","7"
"Liam Cooper","LEE","D","Claim","1-Commissioner Gordon & the Tark Knight","Thu Sep 8, 2022, 9:00PM","7"
"Steve Cook","NOT","D","Drop","1-Commissioner Gordon & the Tark Knight","Thu Sep 8, 2022, 9:00PM","7"
"Takehiro Tomiyasu","ARS","D","Claim","1-Mystery Box U0s","Thu Sep 8, 2022, 1:59PM","7"
"Wout Faes","LEI","D","Drop","1-Mystery Box U0s","Thu Sep 8, 2022, 1:59PM","7"
"Hakim Ziyech","CHE","M","Claim","1-Leo Gerard U3s Team","Thu Sep 8, 2022, 1:49PM","7"
"Takehiro Tomiyasu","ARS","D","Drop","1-Leo Gerard U3s Team","Thu Sep 8, 2022, 1:49PM","7"
"Neal Maupay","BHA/EVE","F","Claim","1-Mystery Box U0s","Thu Sep 8, 2022, 1:47PM","7"
"Denis Zakaria","CHE","M","Drop","1-Mystery Box U0s","Thu Sep 8, 2022, 1:47PM","7"
"Ethan Pinnock","BRF","D","Claim","1-Leo Gerard U3s Team","Thu Sep 8, 2022, 1:40PM","7"
"Neal Maupay","BHA/EVE","F","Drop","1-Leo Gerard U3s Team","Thu Sep 8, 2022, 1:40PM","7"
"Illan Meslier","LEE","G","Claim","1-Vecna's Møst Hated XI","Wed Sep 7, 2022, 2:31PM","7"
"Nathan Collins","WOL","D","Drop","1-Vecna's Møst Hated XI","Wed Sep 7, 2022, 2:30PM","7"
"Sergio Gomez","MCI","M","Claim","1-Jesus live at Red Rocks","Wed Sep 7, 2022, 5:51AM","7"
"Tyrell Malacia","MUN","D","Drop","1-Jesus live at Red Rocks","Wed Sep 7, 2022, 5:51AM","7"
"Brennan Johnson","NOT","F","Claim","1-Midtable Merchant","Tue Sep 6, 2022, 9:18PM","7"
"Liam Cooper","LEE","D","Drop","1-Midtable Merchant","Tue Sep 6, 2022, 9:18PM","7"
"Luke Ayling","LEE","D","Claim","1-Drafted@3am FC","Tue Sep 6, 2022, 9:11PM","7"
"Emerson","CHE/WHU","D","Drop","1-Drafted@3am FC","Tue Sep 6, 2022, 9:11PM","7"
"Denis Zakaria","CHE","M","Claim","1-Mystery Box U0s","Tue Sep 6, 2022, 9:02PM","7"
"Tyler Adams","LEE","M","Claim","1-Mystery Box U0s","Tue Sep 6, 2022, 9:00PM","7"
"Neal Maupay","BHA/EVE","F","Claim","1-Leo Gerard U3s Team","Tue Sep 6, 2022, 9:00PM","7"
"Casemiro","MUN","M","Claim","1-Leo Gerard U3s Team","Tue Sep 6, 2022, 9:00PM","7"
"Bernd Leno","FUL","G","Claim","1- KFFC","Tue Sep 6, 2022, 9:00PM","7"
"Neto","BOU","G","Drop","1- KFFC","Tue Sep 6, 2022, 9:00PM","7"
"Gabriel Magalhaes","ARS","D","Claim","1-Jesus live at Red Rocks","Tue Sep 6, 2022, 9:00PM","7"
"Takehiro Tomiyasu","ARS","D","Claim","1-Leo Gerard U3s Team","Tue Sep 6, 2022, 9:00PM","7"
"Danny Ings","AVL/WHU","F","Claim","1-TAAp in Merchants","Tue Sep 6, 2022, 9:00PM","7"
"Marc Roca","LEE","M","Claim","1- KFFC","Tue Sep 6, 2022, 9:00PM","7"
"Luke Thomas","LEI","D","Drop","1- KFFC","Tue Sep 6, 2022, 9:00PM","7"
"Patson Daka","LEI","F","Claim","1-Jesus live at Red Rocks","Tue Sep 6, 2022, 9:00PM","7"
"Rodrigo","LEE","F","Claim","1-Midtable Merchant","Tue Sep 6, 2022, 9:00PM","7"
"Adam Armstrong","SOU","F","Drop","1-Midtable Merchant","Tue Sep 6, 2022, 9:00PM","7"
"Marcus Tavernier","BOU","M","Claim","1-Leo Gerard U3s Team","Tue Sep 6, 2022, 9:00PM","7"
"Cheick Doucoure","CRY","M","Claim","1-Commissioner Gordon & the Tark Knight","Tue Sep 6, 2022, 9:00PM","7"
"Mateo Kovacic","CHE","M","Drop","1-Commissioner Gordon & the Tark Knight","Tue Sep 6, 2022, 9:00PM","7"
"Rasmus Kristensen","LEE","D","Claim","1-Vecna's Møst Hated XI","Tue Sep 6, 2022, 9:00PM","7"
"Aaron Cresswell","WHU","D","Claim","1-TAAp in Merchants","Tue Sep 6, 2022, 9:00PM","7"
"Fabio Carvalho","LIV","M","Drop","1-TAAp in Merchants","Tue Sep 6, 2022, 8:33PM","7"
"William Saliba","ARS","D","Drop","1-Mystery Box U0s","Tue Sep 6, 2022, 8:09PM","7"
"Bobby De Cordova-Reid","FUL","F","Drop","1-Mystery Box U0s","Tue Sep 6, 2022, 8:02PM","7"
"Scott McTominay","MUN","M","Drop","1-Midtable Merchant","Tue Sep 6, 2022, 2:26PM","7"
"Gabriel Magalhaes","ARS","D","Drop","1-john lim","Mon Sep 5, 2022, 9:08PM","7"
"Lisandro Martinez","MUN","D","Drop","1-Jesus live at Red Rocks","Sun Sep 4, 2022, 2:54PM","7"
"Lloyd Kelly","BOU","D","Drop","1-Jesus live at Red Rocks","Sun Sep 4, 2022, 2:54PM","7"
"Stuart Dallas","LEE","D,M","Drop","1-Leo Gerard U3s Team","Sun Sep 4, 2022, 2:18PM","7"
"Raphael Varane","MUN","D","Drop","1-Leo Gerard U3s Team","Sun Sep 4, 2022, 2:07PM","7"
"Sasa Kalajdzic","WOL","F","Drop","1-Commissioner Gordon & the Tark Knight","Sun Sep 4, 2022, 1:49PM","7"
"Albert Sambi Lokonga","ARS/CRY","M","Drop","1-Leo Gerard U3s Team","Sun Sep 4, 2022, 1:21PM","7"
"Ben White","ARS","D","Claim","1-Vecna's Møst Hated XI","Sun Sep 4, 2022, 10:33AM","6"
"Takehiro Tomiyasu","ARS","D","Drop","1-Vecna's Møst Hated XI","Sun Sep 4, 2022, 10:33AM","6"
"Scott McTominay","MUN","M","Claim","1-Midtable Merchant","Sun Sep 4, 2022, 10:31AM","6"
"Anthony Elanga","MUN","F","Drop","1-Midtable Merchant","Sun Sep 4, 2022, 10:31AM","6"
"Luke Thomas","LEI","D","Claim","1- KFFC","Sun Sep 4, 2022, 8:23AM","6"
"Timothy Castagne","LEI","D","Drop","1- KFFC","Sun Sep 4, 2022, 8:23AM","6"
"Robin Koch","LEE","D","Drop","1-Leo Gerard U3s Team","Sat Sep 3, 2022, 8:50PM","7"
"Albert Sambi Lokonga","ARS/CRY","M","Claim","1-Leo Gerard U3s Team","Sat Sep 3, 2022, 12:10PM","6"
"Eddie Nketiah","ARS","F","Drop","1-Leo Gerard U3s Team","Sat Sep 3, 2022, 12:10PM","6"
"Timothy Castagne","LEI","D","Claim","1- KFFC","Sat Sep 3, 2022, 11:40AM","6"
"Emiliano Buendia","AVL","M","Drop","1- KFFC","Sat Sep 3, 2022, 11:40AM","6"
"Eddie Nketiah","ARS","F","Claim","1-Leo Gerard U3s Team","Sat Sep 3, 2022, 10:07AM","6"
"Alexis Mac Allister","BHA","M","Claim","1-Leo Gerard U3s Team","Sat Sep 3, 2022, 10:06AM","6"
"Clement Lenglet","TOT","D","Drop","1-Leo Gerard U3s Team","Thu Sep 1, 2022, 11:05PM","6"
"Clement Lenglet","TOT","D","Drop","1-Leo Gerard U3s Team","Sat Sep 3, 2022, 9:59AM","7"
"Lloyd Kelly","BOU","D","Claim","1-Jesus live at Red Rocks","Sat Sep 3, 2022, 9:33AM","6"
"Rasmus Kristensen","LEE","D","Drop","1-Jesus live at Red Rocks","Sat Sep 3, 2022, 9:30AM","6"
"Vitaly Janelt","BRF","M","Claim","1-Jesus live at Red Rocks","Sat Sep 3, 2022, 9:12AM","6"
"Tariq Lamptey","BHA","D","Drop","1-Jesus live at Red Rocks","Sat Sep 3, 2022, 9:12AM","6"
"Cesar Azpilicueta","CHE","D","Drop","1-Leo Gerard U3s Team","Sat Sep 3, 2022, 9:09AM","6"
"Hakim Ziyech","CHE","M","Drop","1-TAAp in Merchants","Sat Sep 3, 2022, 9:02AM","6"
"Clement Lenglet","TOT","D","Claim","1-Leo Gerard U3s Team","Sat Sep 3, 2022, 9:01AM","6"
"Moussa Djenepo","SOU","M","Drop","1-Leo Gerard U3s Team","Sat Sep 3, 2022, 9:01AM","6"
"Tariq Lamptey","BHA","D","Claim","1-Jesus live at Red Rocks","Sat Sep 3, 2022, 7:36AM","6"
"Vitaly Janelt","BRF","M","Drop","1-Jesus live at Red Rocks","Sat Sep 3, 2022, 7:36AM","6"
"Vitaly Janelt","BRF","M","Claim","1-Jesus live at Red Rocks","Sat Sep 3, 2022, 6:51AM","6"
"Lloyd Kelly","BOU","D","Drop","1-Jesus live at Red Rocks","Sat Sep 3, 2022, 6:51AM","6"
"Fabio Carvalho","LIV","M","Claim","1-TAAp in Merchants","Fri Sep 2, 2022, 11:20PM","6"
"Lloyd Kelly","BOU","D","Claim","1-Jesus live at Red Rocks","Fri Sep 2, 2022, 10:40PM","6"
"Ethan Pinnock","BRF","D","Drop","1-Jesus live at Red Rocks","Fri Sep 2, 2022, 10:40PM","6"
"Emerson","CHE/WHU","D","Claim","1-Drafted@3am FC","Fri Sep 2, 2022, 10:18PM","6"
"Marcus Tavernier","BOU","M","Drop","1-Drafted@3am FC","Fri Sep 2, 2022, 10:18PM","6"
"Casemiro","MUN","M","Drop","1-Drafted@3am FC","Fri Sep 2, 2022, 10:10PM","6"
"Stuart Dallas","LEE","D,M","Claim","1-Leo Gerard U3s Team","Fri Sep 2, 2022, 9:10PM","6"
"Manuel Akanji","MCI","D","Drop","1-Leo Gerard U3s Team","Fri Sep 2, 2022, 9:09PM","6"
"Romain Perraud","SOU","D","Claim","1-Leo Gerard U3s Team","Fri Sep 2, 2022, 9:02PM","6"
"Wout Faes","LEI","D","Claim","1-Mystery Box U0s","Fri Sep 2, 2022, 9:01PM","6"
"Rodrigo","LEE","F","Drop","1-Mystery Box U0s","Fri Sep 2, 2022, 9:01PM","6"
"Mikkel Damsgaard","BRF","M","Drop","1-Leo Gerard U3s Team","Fri Sep 2, 2022, 9:01PM","6"
"Manuel Akanji","MCI","D","Claim","1-Leo Gerard U3s Team","Fri Sep 2, 2022, 9:01PM","6"
"Mateo Kovacic","CHE","M","Claim","1-Commissioner Gordon & the Tark Knight","Fri Sep 2, 2022, 9:00PM","6"
"John Stones","MCI","D","Drop","1-Commissioner Gordon & the Tark Knight","Fri Sep 2, 2022, 9:00PM","6"
"Robin Koch","LEE","D","Claim","1-Leo Gerard U3s Team","Fri Sep 2, 2022, 9:00PM","6"
"Neto","BOU","G","Claim","1- KFFC","Fri Sep 2, 2022, 9:00PM","6"
"Illan Meslier","LEE","G","Drop","1- KFFC","Fri Sep 2, 2022, 9:00PM","6"
"Idrissa Gueye","EVE","M","Claim","1- KFFC","Fri Sep 2, 2022, 9:00PM","6"
"Aaron Cresswell","WHU","D","Drop","1- KFFC","Fri Sep 2, 2022, 9:00PM","6"
"Ethan Pinnock","BRF","D","Claim","1-Jesus live at Red Rocks","Fri Sep 2, 2022, 9:00PM","6"
"Sven Botman","NEW","D","Claim","1-Midtable Merchant","Fri Sep 2, 2022, 9:00PM","6"
"Brennan Johnson","NOT","F","Drop","1-Midtable Merchant","Fri Sep 2, 2022, 9:00PM","6"
"Ainsley Maitland-Niles","ARS/SOU","M","Claim","1- KFFC","Fri Sep 2, 2022, 9:00PM","6"
"Harry Toffolo","NOT","D","Drop","1- KFFC","Fri Sep 2, 2022, 9:00PM","6"
"Joe Willock","NEW","M","Claim","1-Jesus live at Red Rocks","Fri Sep 2, 2022, 9:00PM","6"
"Renan Lodi","NOT","D","Claim","1-Midtable Merchant","Fri Sep 2, 2022, 9:00PM","6"
"Davinson Sanchez","TOT","D","Drop","1-Midtable Merchant","Fri Sep 2, 2022, 9:00PM","6"
"Moussa Djenepo","SOU","M","Claim","1-Leo Gerard U3s Team","Fri Sep 2, 2022, 9:00PM","6"
"Sasa Kalajdzic","WOL","F","Claim","1-Commissioner Gordon & the Tark Knight","Fri Sep 2, 2022, 9:00PM","6"
"Kieran Tierney","ARS","D","Drop","1-Commissioner Gordon & the Tark Knight","Fri Sep 2, 2022, 9:00PM","6"
"Pierre-Emerick Aubameyang","ARS/CHE","F","Claim","1-Vecna's Møst Hated XI","Fri Sep 2, 2022, 9:00PM","6"
"Willian","ARS/FUL","F","Claim","1-Roy Kent's U8 Girls","Fri Sep 2, 2022, 9:00PM","6"
"Jordan Henderson","LIV","M","Drop","1-Roy Kent's U8 Girls","Fri Sep 2, 2022, 9:00PM","6"
"Antony","MUN","F","Claim","1-Mystery Box U0s","Fri Sep 2, 2022, 9:00PM","6"
"Lucas Paqueta","WHU","M","Claim","1-TAAp in Merchants","Fri Sep 2, 2022, 9:00PM","6"
"Tyler Adams","LEE","M","Drop","1-Jesus live at Red Rocks","Fri Sep 2, 2022, 7:37AM","6"
"Kelechi Iheanacho","LEI","F","Drop","1-Vecna's Møst Hated XI","Thu Sep 1, 2022, 11:19PM","6"
"James Garner","MUN/EVE","M","Drop","1-Jesus live at Red Rocks","Thu Sep 1, 2022, 2:28PM","5"
"Kelechi Iheanacho","LEI","F","Claim","1-Vecna's Møst Hated XI","Thu Sep 1, 2022, 2:05PM","5"
"Timothy Castagne","LEI","D","Drop","1-Vecna's Møst Hated XI","Thu Sep 1, 2022, 2:05PM","5"
"James Garner","MUN/EVE","M","Claim","1-Jesus live at Red Rocks","Thu Sep 1, 2022, 9:14AM","5"
"Jonny","WOL","D","Drop","1-Vecna's Møst Hated XI","Wed Aug 31, 2022, 5:17PM","6"
"Jordan Henderson","LIV","M","Claim","1-Roy Kent's U8 Girls","Wed Aug 31, 2022, 2:12PM","5"
"Danny Ings","AVL/WHU","F","Drop","1-Roy Kent's U8 Girls","Wed Aug 31, 2022, 2:12PM","5"
"Fabinho","LIV","M","Claim","1-Drafted@3am FC","Wed Aug 31, 2022, 2:03PM","5"
"Joe Willock","NEW","M","Drop","1-Drafted@3am FC","Wed Aug 31, 2022, 2:03PM","5"
"Konstantinos Tsimikas","LIV","D","Claim","1-Commissioner Gordon & the Tark Knight","Wed Aug 31, 2022, 2:01PM","5"
"Fabio Carvalho","LIV","M","Drop","1-Commissioner Gordon & the Tark Knight","Wed Aug 31, 2022, 2:01PM","5"
"Konstantinos Tsimikas","LIV","D","Drop","1-Mystery Box U0s","Wed Aug 31, 2022, 2:00PM","5"
"Boubacar Kamara","AVL","M","Claim","1-Roy Kent's U8 Girls","Wed Aug 31, 2022, 1:38PM","5"
"Adama Traore","WOL","F","Drop","1-Roy Kent's U8 Girls","Wed Aug 31, 2022, 1:38PM","5"
"Jonny","WOL","D","Claim","1-Vecna's Møst Hated XI","Wed Aug 31, 2022, 1:33PM","5"
"Kieffer Moore","BOU","F","Drop","1-Vecna's Møst Hated XI","Wed Aug 31, 2022, 1:33PM","5"
"Keane Lewis-Potter","BRF","F","Drop","1-Leo Gerard U3s Team","Tue Aug 30, 2022, 6:07PM","6"
"Enock Mwepu","BHA","M","Drop","1-Leo Gerard U3s Team","Tue Aug 30, 2022, 6:07PM","6"
"Deniz Undav","BHA","F","Drop","1-Jesus live at Red Rocks","Tue Aug 30, 2022, 2:23PM","5"
"Nathan Collins","WOL","D","Claim","1-Vecna's Møst Hated XI","Tue Aug 30, 2022, 2:08PM","5"
"Amadou Onana","EVE","M","Claim","1-john lim","Tue Aug 30, 2022, 2:03PM","5"
"Josh Dasilva","BRF","M","Drop","1-john lim","Tue Aug 30, 2022, 2:03PM","5"
"Miguel Almiron","NEW","M","Drop","1-TAAp in Merchants","Tue Aug 30, 2022, 2:03PM","5"
"João Palhinha","FUL","M","Claim","1-Roy Kent's U8 Girls","Tue Aug 30, 2022, 1:56PM","5"
"Sergio Reguilon","TOT","D","Drop","1-Roy Kent's U8 Girls","Tue Aug 30, 2022, 1:56PM","5"
"Adam Armstrong","SOU","F","Claim","1-Midtable Merchant","Tue Aug 30, 2022, 1:48PM","5"
"Moussa Djenepo","SOU","M","Drop","1-Midtable Merchant","Tue Aug 30, 2022, 1:48PM","5"
"Hakim Ziyech","CHE","M","Claim","1-TAAp in Merchants","Tue Aug 30, 2022, 1:45PM","5"
"Armando Broja","CHE","F","Drop","1-TAAp in Merchants","Tue Aug 30, 2022, 1:45PM","5"
"Keane Lewis-Potter","BRF","F","Claim","1-Leo Gerard U3s Team","Tue Aug 30, 2022, 1:37PM","5"
"Neal Maupay","BHA/EVE","F","Drop","1-Leo Gerard U3s Team","Tue Aug 30, 2022, 1:37PM","5"
"Kevin Mbabu","FUL","D","Drop","1-Vecna's Møst Hated XI","Tue Aug 30, 2022, 1:31PM","5"
"Enock Mwepu","BHA","M","Claim","1-Leo Gerard U3s Team","Tue Aug 30, 2022, 1:30PM","5"
"Nathan Collins","WOL","D","Drop","1-Leo Gerard U3s Team","Tue Aug 30, 2022, 1:30PM","5"
"Deniz Undav","BHA","F","Claim","1-Jesus live at Red Rocks","Tue Aug 30, 2022, 1:08PM","5"
"Ben White","ARS","D","Drop","1-Jesus live at Red Rocks","Tue Aug 30, 2022, 1:08PM","5"
"Kevin Mbabu","FUL","D","Claim","1-Vecna's Møst Hated XI","Tue Aug 30, 2022, 12:26PM","5"
"Sven Botman","NEW","D","Drop","1-Vecna's Møst Hated XI","Tue Aug 30, 2022, 12:26PM","5"
"Cesar Azpilicueta","CHE","D","Claim","1-Leo Gerard U3s Team","Tue Aug 30, 2022, 8:09AM","5"
"Nathan Collins","WOL","D","Claim","1-Leo Gerard U3s Team","Mon Aug 29, 2022, 9:25PM","5"
"Timothy Castagne","LEI","D","Claim","1-Vecna's Møst Hated XI","Mon Aug 29, 2022, 9:24PM","5"
"Konstantinos Tsimikas","LIV","D","Claim","1-Mystery Box U0s","Mon Aug 29, 2022, 9:04PM","5"
"Emerson","CHE/WHU","D","Drop","1-Mystery Box U0s","Mon Aug 29, 2022, 9:04PM","5"
"James Justin","LEI","D","Claim","1-Mystery Box U0s","Mon Aug 29, 2022, 9:00PM","5"
"Fabio Carvalho","LIV","M","Claim","1-Commissioner Gordon & the Tark Knight","Mon Aug 29, 2022, 9:00PM","5"
"Harry Toffolo","NOT","D","Claim","1- KFFC","Mon Aug 29, 2022, 9:00PM","5"
"Leander Dendoncker","WOL/AVL","M","Drop","1- KFFC","Mon Aug 29, 2022, 9:00PM","5"
"Lisandro Martinez","MUN","D","Claim","1-Jesus live at Red Rocks","Mon Aug 29, 2022, 9:00PM","5"
"Joachim Andersen","CRY","D","Claim","1- KFFC","Mon Aug 29, 2022, 9:00PM","5"
"Aaron Ramsdale","ARS","G","Drop","1- KFFC","Mon Aug 29, 2022, 9:00PM","5"
"Alexander Isak","NEW","F","Claim","1-Autodraft Relegated FC","Mon Aug 29, 2022, 9:00PM","5"
"Kyle Walker","MCI","D","Drop","1-Autodraft Relegated FC","Mon Aug 29, 2022, 9:00PM","5"
"Ethan Pinnock","BRF","D","Drop","1-Jesus live at Red Rocks","Mon Aug 29, 2022, 11:06AM","5"
"Callum Hudson-Odoi","CHE","M","Drop","1-Commissioner Gordon & the Tark Knight","Mon Aug 29, 2022, 10:24AM","5"
"Pontus Jansson","BRF","D","Drop","1-Drafted@3am FC","Sun Aug 28, 2022, 6:16PM","5"
"Mason Holgate","EVE","D","Drop","1-Vecna's Møst Hated XI","Sun Aug 28, 2022, 6:15PM","5"
"Joe Willock","NEW","M","Claim","1-Drafted@3am FC","Sun Aug 28, 2022, 8:07AM","4"
"Taiwo Awoniyi","NOT","F","Drop","1-Drafted@3am FC","Sun Aug 28, 2022, 8:07AM","4"
"Nelson Semedo","WOL","D","Claim","1-john lim","Sun Aug 28, 2022, 8:04AM","4"
"Joe Willock","NEW","M","Drop","1-john lim","Sun Aug 28, 2022, 8:04AM","4"
"Joe Willock","NEW","M","Claim","1-john lim","Sun Aug 28, 2022, 8:03AM","4"
"Jacob Ramsey","AVL","M","Drop","1-john lim","Sun Aug 28, 2022, 8:03AM","4"
"Emerson","CHE/WHU","D","Claim","1-Mystery Box U0s","Sun Aug 28, 2022, 8:03AM","4"
"Harrison Reed","FUL","M","Drop","1-Mystery Box U0s","Sat Aug 27, 2022, 2:48PM","5"
"Trevoh Chalobah","CHE","D","Drop","1-Leo Gerard U3s Team","Sat Aug 27, 2022, 12:24PM","5"
"William Saliba","ARS","D","Claim","1-Mystery Box U0s","Sat Aug 27, 2022, 11:59AM","4"
"Kieran Tierney","ARS","D","Claim","1-Commissioner Gordon & the Tark Knight","Sat Aug 27, 2022, 11:30AM","4"
"William Saliba","ARS","D","Drop","1-Commissioner Gordon & the Tark Knight","Sat Aug 27, 2022, 11:30AM","4"
"Kieffer Moore","BOU","F","Claim","1-Vecna's Møst Hated XI","Sat Aug 27, 2022, 9:53AM","4"
"Rico Henry","BRF","D","Drop","1-Vecna's Møst Hated XI","Sat Aug 27, 2022, 9:50AM","4"
"Lewis Dunk","BHA","D","Claim","1-Autodraft Relegated FC","Sat Aug 27, 2022, 9:15AM","4"
"Marcos Alonso","CHE","D","Drop","1-Autodraft Relegated FC","Sat Aug 27, 2022, 9:15AM","4"
"William Saliba","ARS","D","Claim","1-Commissioner Gordon & the Tark Knight","Sat Aug 27, 2022, 9:10AM","4"
"Cesar Azpilicueta","CHE","D","Drop","1-Commissioner Gordon & the Tark Knight","Sat Aug 27, 2022, 9:10AM","4"
"Lloyd Kelly","BOU","D","Drop","1-Mystery Box U0s","Sat Aug 27, 2022, 9:06AM","4"
"Konstantinos Tsimikas","LIV","D","Drop","1-Mystery Box U0s","Sat Aug 27, 2022, 9:02AM","4"
"Trevoh Chalobah","CHE","D","Claim","1-Leo Gerard U3s Team","Sat Aug 27, 2022, 9:02AM","4"
"Fabio Carvalho","LIV","M","Drop","1-Leo Gerard U3s Team","Sat Aug 27, 2022, 9:02AM","4"
"Anthony Elanga","MUN","F","Claim","1-Midtable Merchant","Sat Aug 27, 2022, 6:26AM","4"
"Harry Toffolo","NOT","D","Drop","1-Midtable Merchant","Sat Aug 27, 2022, 6:26AM","4"
"Neal Maupay","BHA/EVE","F","Claim","1-Leo Gerard U3s Team","Thu Aug 25, 2022, 9:36PM","4"
"Mateo Kovacic","CHE","M","Drop","1-Leo Gerard U3s Team","Thu Aug 25, 2022, 9:36PM","4"
"Mateo Kovacic","CHE","M","Claim","1-Leo Gerard U3s Team","Thu Aug 25, 2022, 9:15PM","4"
"Lisandro Martinez","MUN","D","Drop","1-Leo Gerard U3s Team","Thu Aug 25, 2022, 9:15PM","4"
"John Stones","MCI","D","Claim","1-Commissioner Gordon & the Tark Knight","Thu Aug 25, 2022, 9:01PM","4"
"William Saliba","ARS","D","Drop","1-Commissioner Gordon & the Tark Knight","Thu Aug 25, 2022, 8:28PM","4"
"Dominic Solanke","BOU","F","Claim","1-Jesus live at Red Rocks","Thu Aug 25, 2022, 7:14PM","4"
"Jonny","WOL","D","Drop","1-Jesus live at Red Rocks","Thu Aug 25, 2022, 7:14PM","4"
"Konstantinos Tsimikas","LIV","D","Claim","1-Mystery Box U0s","Thu Aug 25, 2022, 3:56PM","4"
"Sekou Mara","SOU","F","Drop","1-Mystery Box U0s","Thu Aug 25, 2022, 3:56PM","4"
"Julian Alvarez","MCI","F","Claim","1-Vecna's Møst Hated XI","Wed Aug 24, 2022, 4:35PM","4"
"Philip Billing","BOU","M","Drop","1-Vecna's Møst Hated XI","Wed Aug 24, 2022, 4:35PM","4"
"Fabio Carvalho","LIV","M","Claim","1-Leo Gerard U3s Team","Wed Aug 24, 2022, 2:21PM","4"
"Julian Alvarez","MCI","F","Drop","1-Leo Gerard U3s Team","Wed Aug 24, 2022, 2:21PM","4"
"Julian Alvarez","MCI","F","Claim","1-Leo Gerard U3s Team","Wed Aug 24, 2022, 7:00AM","4"
"Fabio Carvalho","LIV","M","Drop","1-Leo Gerard U3s Team","Wed Aug 24, 2022, 7:00AM","4"
"Fabio Carvalho","LIV","M","Claim","1-Leo Gerard U3s Team","Tue Aug 23, 2022, 11:01PM","4"
"Julian Alvarez","MCI","F","Drop","1-Leo Gerard U3s Team","Tue Aug 23, 2022, 11:01PM","4"
"Lisandro Martinez","MUN","D","Claim","1-Leo Gerard U3s Team","Tue Aug 23, 2022, 9:31PM","4"
"Aaron Wan-Bissaka","MUN","D","Drop","1-Leo Gerard U3s Team","Tue Aug 23, 2022, 9:31PM","4"
"Philip Billing","BOU","M","Claim","1-Vecna's Møst Hated XI","Tue Aug 23, 2022, 9:14PM","4"
"Rico Henry","BRF","D","Claim","1-Vecna's Møst Hated XI","Tue Aug 23, 2022, 9:13PM","4"
"Raphael Varane","MUN","D","Claim","1-Leo Gerard U3s Team","Tue Aug 23, 2022, 9:08PM","4"
"Thomas Partey","ARS","M","Drop","1-Leo Gerard U3s Team","Tue Aug 23, 2022, 9:08PM","4"
"Lloyd Kelly","BOU","D","Claim","1-Mystery Box U0s","Tue Aug 23, 2022, 9:04PM","4"
"Jeffrey Schlupp","CRY","M","Drop","1-Mystery Box U0s","Tue Aug 23, 2022, 9:04PM","4"
"Julian Alvarez","MCI","F","Claim","1-Leo Gerard U3s Team","Tue Aug 23, 2022, 9:04PM","4"
"Armando Broja","CHE","F","Claim","1-TAAp in Merchants","Tue Aug 23, 2022, 9:04PM","4"
"Andros Townsend","EVE","M","Drop","1-TAAp in Merchants","Tue Aug 23, 2022, 9:03PM","4"
"William Saliba","ARS","D","Claim","1-Commissioner Gordon & the Tark Knight","Tue Aug 23, 2022, 9:03PM","4"
"João Moutinho","WOL","M","Claim","1-Mystery Box U0s","Tue Aug 23, 2022, 9:01PM","4"
"Miguel Almiron","NEW","M","Claim","1-TAAp in Merchants","Tue Aug 23, 2022, 9:01PM","4"
"Ben White","ARS","D","Claim","1-Jesus live at Red Rocks","Tue Aug 23, 2022, 9:00PM","4"
"Joe Ayodele-Aribo","SOU","M","Drop","1-Jesus live at Red Rocks","Tue Aug 23, 2022, 9:00PM","4"
"Illan Meslier","LEE","G","Claim","1- KFFC","Tue Aug 23, 2022, 9:00PM","4"
"Kaoru Mitoma","BHA","M","Drop","1- KFFC","Tue Aug 23, 2022, 9:00PM","4"
"Tyler Adams","LEE","M","Claim","1-Jesus live at Red Rocks","Tue Aug 23, 2022, 9:00PM","4"
"Armel Bella Kotchap","SOU","D","Claim","1- KFFC","Tue Aug 23, 2022, 9:00PM","4"
"Jan Bednarek","SOU/AVL","D","Drop","1- KFFC","Tue Aug 23, 2022, 9:00PM","4"
"Casemiro","MUN","M","Claim","1-Drafted@3am FC","Tue Aug 23, 2022, 9:00PM","4"
"Adam Lallana","BHA","M","Drop","1-Drafted@3am FC","Tue Aug 23, 2022, 9:00PM","4"
"Harry Toffolo","NOT","D","Claim","1-Midtable Merchant","Tue Aug 23, 2022, 9:00PM","4"
"Joachim Andersen","CRY","D","Drop","1-Midtable Merchant","Tue Aug 23, 2022, 9:00PM","4"
"Rasmus Kristensen","LEE","D","Claim","1-Jesus live at Red Rocks","Tue Aug 23, 2022, 9:00PM","4"
"Ruben Dias","MCI","D","Claim","1- KFFC","Tue Aug 23, 2022, 9:00PM","4"
"John Stones","MCI","D","Drop","1- KFFC","Tue Aug 23, 2022, 9:00PM","4"
"Alex Iwobi","EVE","M","Claim","1-Leo Gerard U3s Team","Tue Aug 23, 2022, 9:00PM","4"
"Matheus Nunes","WOL","M","Claim","1-john lim","Tue Aug 23, 2022, 9:00PM","4"
"Tariq Lamptey","BHA","D","Drop","1-john lim","Tue Aug 23, 2022, 9:00PM","4"
"Nathaniel Phillips","LIV","D","Drop","1-Commissioner Gordon & the Tark Knight","Tue Aug 23, 2022, 4:47PM","4"
"Odsonne Edouard","CRY","F","Drop","1-Vecna's Møst Hated XI","Tue Aug 23, 2022, 1:16PM","4"
"Timothy Castagne","LEI","D","Drop","1-Vecna's Møst Hated XI","Tue Aug 23, 2022, 1:16PM","4"
"Nathan Ake","MCI","D","Drop","1-Jesus live at Red Rocks","Mon Aug 22, 2022, 7:10PM","4"
"Kurt Zouma","WHU","D","Drop","1-Jesus live at Red Rocks","Mon Aug 22, 2022, 7:10PM","4"
"James Justin","LEI","D","Drop","1-Leo Gerard U3s Team","Mon Aug 22, 2022, 5:20PM","4"
"John Stones","MCI","D","Claim","1- KFFC","Sun Aug 21, 2022, 10:34AM","3"
"Ruben Dias","MCI","D","Drop","1- KFFC","Sun Aug 21, 2022, 10:34AM","3"
"Hakim Ziyech","CHE","M","Drop","1-TAAp in Merchants","Sun Aug 21, 2022, 8:13AM","3"
"Kurt Zouma","WHU","D","Claim","1-Jesus live at Red Rocks","Sun Aug 21, 2022, 7:32AM","3"
"Kieran Tierney","ARS","D","Drop","1-Jesus live at Red Rocks","Sat Aug 20, 2022, 11:32AM","3"
"Jordan Ayew","CRY","F","Claim","1-Roy Kent's U8 Girls","Sat Aug 20, 2022, 9:29AM","3"
"Aymeric Laporte","MCI","D","Drop","1-Roy Kent's U8 Girls","Sat Aug 20, 2022, 9:29AM","3"
"Kieran Tierney","ARS","D","Claim","1-Jesus live at Red Rocks","Sat Aug 20, 2022, 9:24AM","3"
"Steve Cook","NOT","D","Claim","1-Commissioner Gordon & the Tark Knight","Sat Aug 20, 2022, 9:13AM","3"
"Harry Toffolo","NOT","D","Drop","1-Commissioner Gordon & the Tark Knight","Sat Aug 20, 2022, 9:13AM","3"
"Moussa Niakhate","NOT","D","Drop","1-Leo Gerard U3s Team","Sat Aug 20, 2022, 9:11AM","3"
"Shane Duffy","BHA/FUL","D","Drop","1-Jesus live at Red Rocks","Sat Aug 20, 2022, 9:10AM","3"
"Julian Alvarez","MCI","F","Drop","1-Mystery Box U0s","Sat Aug 20, 2022, 9:10AM","3"
"Odsonne Edouard","CRY","F","Claim","1-Vecna's Møst Hated XI","Sat Aug 20, 2022, 9:09AM","3"
"Patson Daka","LEI","F","Drop","1-Vecna's Møst Hated XI","Sat Aug 20, 2022, 9:04AM","3"
"Sekou Mara","SOU","F","Claim","1-Mystery Box U0s","Sat Aug 20, 2022, 9:02AM","3"
"Nelson Semedo","WOL","D","Drop","1-Mystery Box U0s","Sat Aug 20, 2022, 6:45AM","3"
"Jonny","WOL","D","Claim","1-Jesus live at Red Rocks","Sat Aug 20, 2022, 6:36AM","3"
"Hwang Hee-Chan","WOL","F","Drop","1-Jesus live at Red Rocks","Sat Aug 20, 2022, 6:33AM","3"
"Harry Toffolo","NOT","D","Claim","1-Commissioner Gordon & the Tark Knight","Fri Aug 19, 2022, 10:23AM","3"
"Stuart Dallas","LEE","D,M","Drop","1-Commissioner Gordon & the Tark Knight","Fri Aug 19, 2022, 10:18AM","3"
"Marcus Tavernier","BOU","M","Claim","1-Drafted@3am FC","Fri Aug 19, 2022, 7:37AM","3"
"Lisandro Martinez","MUN","D","Drop","1-Drafted@3am FC","Fri Aug 19, 2022, 7:37AM","3"
"Joseph Gomez","LIV","D","Claim","1-Drafted@3am FC","Fri Aug 19, 2022, 7:35AM","3"
"Conor Coady","WOL/EVE","D","Drop","1-Drafted@3am FC","Fri Aug 19, 2022, 7:35AM","3"
"Brennan Johnson","NOT","F","Claim","1-Midtable Merchant","Thu Aug 18, 2022, 10:22PM","3"
"Miguel Almiron","NEW","M","Drop","1-Midtable Merchant","Thu Aug 18, 2022, 10:22PM","3"
"Emiliano Martinez","AVL","G","Claim","1-Midtable Merchant","Thu Aug 18, 2022, 10:21PM","3"
"Illan Meslier","LEE","G","Drop","1-Midtable Merchant","Thu Aug 18, 2022, 10:21PM","3"
"Pervis Estupinan","BHA","D","Claim","1-Vecna's Møst Hated XI","Thu Aug 18, 2022, 9:00PM","3"
"Ben White","ARS","D","Drop","1-Vecna's Møst Hated XI","Thu Aug 18, 2022, 9:00PM","3"
"Roberto Firmino","LIV","F","Claim","1-Drafted@3am FC","Thu Aug 18, 2022, 9:00PM","3"
"Amadou Onana","EVE","M","Drop","1-Drafted@3am FC","Thu Aug 18, 2022, 9:00PM","3"
"Davinson Sanchez","TOT","D","Claim","1-Midtable Merchant","Wed Aug 17, 2022, 3:19PM","3"
"Marcus Tavernier","BOU","M","Drop","1-Midtable Merchant","Wed Aug 17, 2022, 3:19PM","3"
"Andros Townsend","EVE","M","Claim","1-TAAp in Merchants","Wed Aug 17, 2022, 3:08PM","3"
"Aaron Wan-Bissaka","MUN","D","Claim","1-Leo Gerard U3s Team","Wed Aug 17, 2022, 12:31PM","3"
"Rodrigo Bentancur","TOT","M","Drop","1-Leo Gerard U3s Team","Wed Aug 17, 2022, 12:31PM","3"
"Adam Webster","BHA","D","Claim","1-Drafted@3am FC","Wed Aug 17, 2022, 10:28AM","3"
"James Milner","LIV","M","Drop","1-Drafted@3am FC","Wed Aug 17, 2022, 10:22AM","3"
"Kaoru Mitoma","BHA","M","Claim","1- KFFC","Wed Aug 17, 2022, 1:50AM","3"
"Patson Daka","LEI","F","Claim","1-Vecna's Møst Hated XI","Tue Aug 16, 2022, 11:10PM","3"
"Jonny","WOL","D","Drop","1-Vecna's Møst Hated XI","Tue Aug 16, 2022, 11:10PM","3"
"Jeffrey Schlupp","CRY","M","Claim","1-Mystery Box U0s","Tue Aug 16, 2022, 10:04PM","3"
"Sekou Mara","SOU","F","Drop","1-Mystery Box U0s","Tue Aug 16, 2022, 10:04PM","3"
"Sekou Mara","SOU","F","Claim","1-Mystery Box U0s","Tue Aug 16, 2022, 10:03PM","3"
"Nathan Collins","WOL","D","Drop","1-Mystery Box U0s","Tue Aug 16, 2022, 10:03PM","3"
"Rodrigo Bentancur","TOT","M","Claim","1-Leo Gerard U3s Team","Tue Aug 16, 2022, 9:53PM","3"
"Moussa Niakhate","NOT","D","Claim","1-Leo Gerard U3s Team","Tue Aug 16, 2022, 9:50PM","3"
"Rasmus Kristensen","LEE","D","Drop","1-Leo Gerard U3s Team","Tue Aug 16, 2022, 9:50PM","3"
"Bobby De Cordova-Reid","FUL","F","Claim","1-Mystery Box U0s","Tue Aug 16, 2022, 9:49PM","3"
"Roberto Firmino","LIV","F","Drop","1-Mystery Box U0s","Tue Aug 16, 2022, 9:49PM","3"
"Mathias Jensen","BRF","M","Claim","1-john lim","Tue Aug 16, 2022, 9:05PM","3"
"Jordan Henderson","LIV","M","Drop","1-john lim","Tue Aug 16, 2022, 9:05PM","3"
"Mason Holgate","EVE","D","Claim","1-Vecna's Møst Hated XI","Tue Aug 16, 2022, 9:02PM","3"
"Nathaniel Phillips","LIV","D","Claim","1-Commissioner Gordon & the Tark Knight","Tue Aug 16, 2022, 9:01PM","3"
"Luke Shaw","MUN","D","Drop","1-Commissioner Gordon & the Tark Knight","Tue Aug 16, 2022, 9:01PM","3"
"Moussa Djenepo","SOU","M","Claim","1-Midtable Merchant","Tue Aug 16, 2022, 9:00PM","3"
"Dominic Solanke","BOU","F","Drop","1-Midtable Merchant","Tue Aug 16, 2022, 9:00PM","3"
"Joe Ayodele-Aribo","SOU","M","Claim","1-Jesus live at Red Rocks","Tue Aug 16, 2022, 9:00PM","3"
"Granit Xhaka","ARS","M","Claim","1- KFFC","Tue Aug 16, 2022, 9:00PM","3"
"William Saliba","ARS","D","Drop","1- KFFC","Tue Aug 16, 2022, 9:00PM","3"
"Mikkel Damsgaard","BRF","M","Claim","1-Leo Gerard U3s Team","Tue Aug 16, 2022, 9:00PM","3"
"Naby Keita","LIV","M","Drop","1-Leo Gerard U3s Team","Tue Aug 16, 2022, 9:00PM","3"
"Emmanuel Dennis","WAT/NOT","F","Claim","1-Commissioner Gordon & the Tark Knight","Tue Aug 16, 2022, 9:00PM","3"
"Odsonne Edouard","CRY","F","Drop","1-Commissioner Gordon & the Tark Knight","Tue Aug 16, 2022, 9:00PM","3"
"Jordan Ayew","CRY","F","Drop","1-Jesus live at Red Rocks","Tue Aug 16, 2022, 5:48PM","3"
"Brennan Johnson","NOT","F","Drop","1-Leo Gerard U3s Team","Tue Aug 16, 2022, 9:33AM","3"
"Nathaniel Phillips","LIV","D","Drop","1-Vecna's Møst Hated XI","Mon Aug 15, 2022, 9:22PM","3"
"James Milner","LIV","M","Claim","1-Drafted@3am FC","Mon Aug 15, 2022, 2:47PM","2"
"Joseph Gomez","LIV","D","Drop","1-Drafted@3am FC","Mon Aug 15, 2022, 2:47PM","2"
"Nathaniel Phillips","LIV","D","Claim","1-Vecna's Møst Hated XI","Mon Aug 15, 2022, 2:00PM","2"
"Fabio Carvalho","LIV","M","Drop","1-Vecna's Møst Hated XI","Mon Aug 15, 2022, 2:00PM","2"
"Fabio Carvalho","LIV","M","Claim","1-Vecna's Møst Hated XI","Sun Aug 14, 2022, 11:06AM","2"
"Armando Broja","CHE","F","Drop","1-Vecna's Møst Hated XI","Sun Aug 14, 2022, 11:06AM","2"
"Odsonne Edouard","CRY","F","Claim","1-Commissioner Gordon & the Tark Knight","Sun Aug 14, 2022, 10:37AM","2"
"Ruben Loftus-Cheek","CHE","M","Claim","1-TAAp in Merchants","Sun Aug 14, 2022, 10:35AM","2"
"Rodrigo Bentancur","TOT","M","Drop","1-TAAp in Merchants","Sun Aug 14, 2022, 10:35AM","2"
"Taiwo Awoniyi","NOT","F","Claim","1-Drafted@3am FC","Sun Aug 14, 2022, 8:53AM","2"
"Fabinho","LIV","M","Drop","1-Drafted@3am FC","Sun Aug 14, 2022, 8:53AM","2"
"Rodrigo Bentancur","TOT","M","Claim","1-TAAp in Merchants","Sun Aug 14, 2022, 8:05AM","2"
"Keane Lewis-Potter","BRF","F","Drop","1-TAAp in Merchants","Sat Aug 13, 2022, 11:39AM","2"
"Harry Maguire","MUN","D","Drop","1-Commissioner Gordon & the Tark Knight","Sat Aug 13, 2022, 11:31AM","2"
"Jan Bednarek","SOU/AVL","D","Claim","1- KFFC","Sat Aug 13, 2022, 9:57AM","2"
"Kieran Tierney","ARS","D","Drop","1- KFFC","Sat Aug 13, 2022, 9:57AM","2"
"Diego Llorente","LEE","D","Claim","1-Mystery Box U0s","Sat Aug 13, 2022, 9:45AM","2"
"Lewis Dunk","BHA","D","Drop","1-Mystery Box U0s","Sat Aug 13, 2022, 9:45AM","2"
"Armando Broja","CHE","F","Claim","1-Vecna's Møst Hated XI","Sat Aug 13, 2022, 9:31AM","2"
"Harry Maguire","MUN","D","Claim","1-Commissioner Gordon & the Tark Knight","Sat Aug 13, 2022, 9:15AM","2"
"Joe Ayodele-Aribo","SOU","M","Drop","1-Commissioner Gordon & the Tark Knight","Sat Aug 13, 2022, 9:13AM","2"
"Pascal Struijk","LEE","D","Claim","1-john lim","Sat Aug 13, 2022, 8:53AM","2"
"Kalvin Phillips","MCI","M","Drop","1-john lim","Sat Aug 13, 2022, 8:48AM","2"
"Adam Lallana","BHA","M","Claim","1-Drafted@3am FC","Fri Aug 12, 2022, 7:25PM","2"
"Joseph Gomez","LIV","D","Claim","1-Drafted@3am FC","Fri Aug 12, 2022, 7:24PM","2"
"Yoane Wissa","BRF","F","Drop","1-Vecna's Møst Hated XI","Fri Aug 12, 2022, 2:54PM","2"
"Amadou Onana","EVE","M","Claim","1-Drafted@3am FC","Thu Aug 11, 2022, 9:00PM","2"
"Fabio Vieira","ARS","M","Drop","1-Drafted@3am FC","Thu Aug 11, 2022, 9:00PM","2"
"Stuart Dallas","LEE","D,M","Claim","1-Commissioner Gordon & the Tark Knight","Thu Aug 11, 2022, 9:57AM","2"
"Thomas Partey","ARS","M","Claim","1-Leo Gerard U3s Team","Wed Aug 10, 2022, 6:14PM","2"
"Naby Keita","LIV","M","Claim","1-Leo Gerard U3s Team","Wed Aug 10, 2022, 6:14PM","2"
"Thomas Partey","ARS","M","Drop","1-Leo Gerard U3s Team","Wed Aug 10, 2022, 6:13PM","2"
"Joachim Andersen","CRY","D","Claim","1-Midtable Merchant","Wed Aug 10, 2022, 12:38AM","2"
"Konstantinos Tsimikas","LIV","D","Drop","1-Midtable Merchant","Wed Aug 10, 2022, 12:38AM","2"
"Thomas Partey","ARS","M","Claim","1-Leo Gerard U3s Team","Tue Aug 9, 2022, 10:19PM","2"
"Jordan Ayew","CRY","F","Claim","1-Jesus live at Red Rocks","Tue Aug 9, 2022, 9:09PM","2"
"Joachim Andersen","CRY","D","Drop","1-Jesus live at Red Rocks","Tue Aug 9, 2022, 9:09PM","2"
"Harrison Reed","FUL","M","Claim","1-Mystery Box U0s","Tue Aug 9, 2022, 9:06PM","2"
"Fabio Carvalho","LIV","M","Drop","1-Mystery Box U0s","Tue Aug 9, 2022, 9:05PM","2"
"Callum Hudson-Odoi","CHE","M","Claim","1-Commissioner Gordon & the Tark Knight","Tue Aug 9, 2022, 9:00PM","2"
"Enock Mwepu","BHA","M","Drop","1-Commissioner Gordon & the Tark Knight","Tue Aug 9, 2022, 9:00PM","2"
"Illan Meslier","LEE","G","Claim","1-Midtable Merchant","Tue Aug 9, 2022, 9:00PM","2"
"David de Gea","MUN","G","Drop","1-Midtable Merchant","Tue Aug 9, 2022, 9:00PM","2"
"Joachim Andersen","CRY","D","Claim","1-Jesus live at Red Rocks","Tue Aug 9, 2022, 9:00PM","2"
"Kyle Walker-Peters","SOU","D","Claim","1-Midtable Merchant","Tue Aug 9, 2022, 9:00PM","2"
"John Stones","MCI","D","Drop","1-Midtable Merchant","Tue Aug 9, 2022, 9:00PM","2"
"Shane Duffy","BHA/FUL","D","Claim","1-Jesus live at Red Rocks","Tue Aug 9, 2022, 9:00PM","2"
"Miguel Almiron","NEW","M","Claim","1-Midtable Merchant","Tue Aug 9, 2022, 9:00PM","2"
"Jaidon Anthony","BOU","F","Drop","1-Midtable Merchant","Tue Aug 9, 2022, 9:00PM","2"
"Josh Dasilva","BRF","M","Claim","1-john lim","Tue Aug 9, 2022, 9:00PM","2"
"Patson Daka","LEI","F","Drop","1-john lim","Tue Aug 9, 2022, 9:00PM","2"
"Hwang Hee-Chan","WOL","F","Claim","1-Jesus live at Red Rocks","Tue Aug 9, 2022, 9:00PM","2"
"Marcus Tavernier","BOU","M","Claim","1-Midtable Merchant","Tue Aug 9, 2022, 9:00PM","2"
"Rodrigo Bentancur","TOT","M","Drop","1-Midtable Merchant","Tue Aug 9, 2022, 9:00PM","2"
"Conor Coady","WOL/EVE","D","Claim","1-Drafted@3am FC","Tue Aug 9, 2022, 9:00PM","2"
"Fred","MUN","M","Drop","1-Drafted@3am FC","Tue Aug 9, 2022, 9:00PM","2"
"Moises Caicedo","BHA","M","Claim","1-Vecna's Møst Hated XI","Tue Aug 9, 2022, 9:00PM","2"
"Odsonne Edouard","CRY","F","Drop","1-Vecna's Møst Hated XI","Tue Aug 9, 2022, 9:00PM","2"
"Kenny Tete","FUL","D","Claim","1-john lim","Tue Aug 9, 2022, 9:00PM","2"
"Adam Webster","BHA","D","Drop","1-john lim","Tue Aug 9, 2022, 9:00PM","2"
"Leander Dendoncker","WOL/AVL","M","Claim","1- KFFC","Tue Aug 9, 2022, 9:00PM","2"
"Emiliano Martinez","AVL","G","Drop","1- KFFC","Tue Aug 9, 2022, 9:00PM","2"
"Fabian Schar","NEW","D","Claim","1-Roy Kent's U8 Girls","Tue Aug 9, 2022, 9:00PM","2"
"Harry Wilson","FUL","M","Lineup Change","1-Roy Kent's U8 Girls","Tue Aug 9, 2022, 9:00PM","2"
"Maxwel Cornet","BUR/WHU","M","Claim","1-Jesus live at Red Rocks","Tue Aug 9, 2022, 9:00PM","2"
"Danny Welbeck","BHA","F","Claim","1-Leo Gerard U3s Team","Tue Aug 9, 2022, 9:00PM","2"
"Goncalo Guedes","WOL","F","Claim","1-Mystery Box U0s","Tue Aug 9, 2022, 9:00PM","2"
"Taiwo Awoniyi","NOT","F","Drop","1-Jesus live at Red Rocks","Tue Aug 9, 2022, 3:45PM","2"
"Joe Willock","NEW","M","Drop","1-TAAp in Merchants","Mon Aug 8, 2022, 6:42PM","2"
"Douglas Luiz","AVL","M","Drop","1-Drafted@3am FC","Mon Aug 8, 2022, 2:00PM","2"
"Harry Maguire","MUN","D","Drop","1-Jesus live at Red Rocks","Mon Aug 8, 2022, 10:11AM","2"
"Djed Spence","TOT","D","Drop","1-Jesus live at Red Rocks","Sun Aug 7, 2022, 8:52PM","2"
"Aaron Hickey","BRF","D","Drop","1-Jesus live at Red Rocks","Sun Aug 7, 2022, 7:22PM","2"
"Diego Carlos","AVL","D","Drop","1-Mystery Box U0s","Sun Aug 7, 2022, 4:13PM","2"
"Alexis Mac Allister","BHA","M","Drop","1-Leo Gerard U3s Team","Sun Aug 7, 2022, 1:47PM","2"
"Mathias Jensen","BRF","M","Drop","1-Leo Gerard U3s Team","Sun Aug 7, 2022, 1:46PM","2"
"Riyad Mahrez","MCI","F","Claim","1-Drafted@3am FC","Thu Aug 4, 2022, 11:05PM","1"
"Manuel Lanzini","WHU","M","Drop","1-Drafted@3am FC","Thu Aug 4, 2022, 11:05PM","1"
"Manuel Lanzini","WHU","M","Claim","1-Drafted@3am FC","Sun Aug 7, 2022, 10:39AM","1"
"Riyad Mahrez","MCI","F","Drop","1-Drafted@3am FC","Sun Aug 7, 2022, 10:39AM","1"
"Adam Webster","BHA","D","Claim","1-john lim","Sun Aug 7, 2022, 8:46AM","1"
"Raphael Varane","MUN","D","Drop","1-john lim","Sun Aug 7, 2022, 8:46AM","1"
"Mathias Jensen","BRF","M","Claim","1-Leo Gerard U3s Team","Sun Aug 7, 2022, 8:01AM","1"
"Kelechi Iheanacho","LEI","F","Drop","1-Leo Gerard U3s Team","Sun Aug 7, 2022, 8:01AM","1"
"Craig Dawson","WHU/WOL","D","Drop","1-Leo Gerard U3s Team","Sun Aug 7, 2022, 7:27AM","1"
"Craig Dawson","WHU/WOL","D","Claim","1-Leo Gerard U3s Team","Sun Aug 7, 2022, 7:21AM","1"
"Scott McTominay","MUN","M","Drop","1-Leo Gerard U3s Team","Sun Aug 7, 2022, 7:21AM","1"
"Kelechi Iheanacho","LEI","F","Claim","1-Leo Gerard U3s Team","Sun Aug 7, 2022, 7:18AM","1"
"Philip Billing","BOU","M","Drop","1-Leo Gerard U3s Team","Thu Aug 4, 2022, 11:05PM","1"
"Scott McTominay","MUN","M","Claim","1-Leo Gerard U3s Team","Sat Aug 6, 2022, 10:18AM","1"
"Philip Billing","BOU","M","Drop","1-Leo Gerard U3s Team","Sat Aug 6, 2022, 9:59AM","2"
"Miguel Almiron","NEW","M","Drop","1-Leo Gerard U3s Team","Sat Aug 6, 2022, 9:58AM","1"
"Max Kilman","WOL","D","Claim","1-Roy Kent's U8 Girls","Sat Aug 6, 2022, 9:44AM","1"
"Hwang Hee-Chan","WOL","F","Drop","1-Roy Kent's U8 Girls","Sat Aug 6, 2022, 9:44AM","1"
"Hwang Hee-Chan","WOL","F","Claim","1-Roy Kent's U8 Girls","Sat Aug 6, 2022, 9:42AM","1"
"Chris Wood","NEW/NOT","F","Drop","1-Roy Kent's U8 Girls","Sat Aug 6, 2022, 9:42AM","1"
"Ben Davies","TOT","D","Claim","1-Jesus live at Red Rocks","Sat Aug 6, 2022, 9:20AM","1"
"Kyle Walker-Peters","SOU","D","Drop","1-Jesus live at Red Rocks","Sat Aug 6, 2022, 9:20AM","1"
"Joe Willock","NEW","M","Claim","1-TAAp in Merchants","Sat Aug 6, 2022, 9:02AM","1"
"Stuart Armstrong","SOU","M","Drop","1-TAAp in Merchants","Sat Aug 6, 2022, 9:01AM","1"
"Miguel Almiron","NEW","M","Claim","1-Leo Gerard U3s Team","Sat Aug 6, 2022, 9:01AM","1"
"Armando Broja","CHE","F","Drop","1-Leo Gerard U3s Team","Sat Aug 6, 2022, 9:01AM","1"
"Emerson Royal","TOT","D","Claim","1-Leo Gerard U3s Team","Fri Aug 5, 2022, 2:42PM","1"
"Thomas Partey","ARS","M","Drop","1-Leo Gerard U3s Team","Fri Aug 5, 2022, 2:39PM","1"
"Keane Lewis-Potter","BRF","F","Claim","1-TAAp in Merchants","Fri Aug 5, 2022, 2:08PM","1"
"Eddie Nketiah","ARS","F","Drop","1-TAAp in Merchants","Fri Aug 5, 2022, 2:08PM","1"
"William Saliba","ARS","D","Claim","1- KFFC","Fri Aug 5, 2022, 2:03PM","1"
"Jan Bednarek","SOU/AVL","D","Drop","1- KFFC","Fri Aug 5, 2022, 2:03PM","1"
"Eddie Nketiah","ARS","F","Claim","1-TAAp in Merchants","Fri Aug 5, 2022, 12:07PM","1"
"Timo Werner","CHE","F","Drop","1-TAAp in Merchants","Fri Aug 5, 2022, 12:07PM","1"
"Thomas Partey","ARS","M","Claim","1-Leo Gerard U3s Team","Fri Aug 5, 2022, 11:33AM","1"
"Aaron Hickey","BRF","D","Claim","1-Jesus live at Red Rocks","Fri Aug 5, 2022, 11:01AM","1"
"Callum Hudson-Odoi","CHE","M","Drop","1-Jesus live at Red Rocks","Fri Aug 5, 2022, 11:01AM","1"
"Nelson Semedo","WOL","D","Claim","1-Mystery Box U0s","Fri Aug 5, 2022, 11:01AM","1"
"Hakim Ziyech","CHE","M","Claim","1-TAAp in Merchants","Fri Aug 5, 2022, 11:00AM","1"
"Konstantinos Tsimikas","LIV","D","Claim","1-Midtable Merchant","Fri Aug 5, 2022, 11:00AM","1"
"Tyler Adams","LEE","M","Drop","1-Midtable Merchant","Fri Aug 5, 2022, 11:00AM","1"
"Fabio Vieira","ARS","M","Claim","1-Drafted@3am FC","Fri Aug 5, 2022, 11:00AM","1"
"Danny Welbeck","BHA","F","Drop","1-Drafted@3am FC","Fri Aug 5, 2022, 11:00AM","1"
"Timothy Castagne","LEI","D","Claim","1-Vecna's Møst Hated XI","Fri Aug 5, 2022, 11:00AM","1"
"Pablo Fornals","WHU","M","Claim","1-Autodraft Relegated FC","Fri Aug 5, 2022, 11:00AM","1"
"Patson Daka","LEI","F","Claim","1-john lim","Fri Aug 5, 2022, 11:00AM","1"
"Emiliano Martinez","AVL","G","Claim","1- KFFC","Fri Aug 5, 2022, 11:00AM","1"
"David de Gea","MUN","G","Claim","1-Midtable Merchant","Fri Aug 5, 2022, 11:00AM","1"
