"ID","Player","Team","Position","RkOv","Status","Opponent","FPts","FP/G","Ros","+/-","GP","GS","Min","G","A","A2","KP","AF","SOT","SOP","TkW","TLM","DIS","FS","YC","RC","ACNC","Int","IntB","CLR","CoS","BS","AER","BR","PKM","PKD","OG","GAO","MCS"
"*04y92*","Bukayo Saka","ARS","M,F","1","j.l.","EVE 1<br/>@ARS 2 F","650","18.57","100%","0%","35","35","2,916","16","8","0","91","4","37","2","35","0","53","69","4","0","19","15","1","19","49","2","24","155","0","1","0","27","1,247"
"*05gcr*","Bruno Fernandes","MUN","M","2","RyRob","MUN 2<br/>@BHA 0 F","638.65","18.25","100%","0%","35","35","3,117","10","8","2","114","1","41","3","38","0","35","28","9","0","17","27","3","46","19","6","21","200","1","0","0","52","689"
"*05l8q*","Cole Palmer","MCI/CHE","M","3","Noah B","BOU 1<br/>@CHE 2 F","627.3","18.45","100%","0%","34","29","2,604","22","11","0","72","2","46","1","12","0","44","26","7","0","9","20","1","11","52","2","1","105","0","1","0","46","545"
"*04abb*","Phil Foden","MCI","M","4","Noah B","WHU 1<br/>@MCI 3 F","616.54","17.62","97%","+5%","35","33","2,850","19","8","0","73","0","48","1","20","0","49","60","2","0","14","13","1","16","47","0","6","127","0","0","0","27","1,017"
"*05ylj*","Bruno Guimaraes","NEW","M","5","Noah B","NEW 4<br/>@BRF 2 F","564.11","15.25","100%","0%","37","37","3,262","7","8","0","62","1","16","1","53","1","70","108","9","0","10","34","5","19","72","14","17","236","0","0","0","60","866"
"*04fk1*","Pascal Gross","BHA","M","6","MID","MUN 2<br/>@BHA 0 F","545.49","15.15","74%","0%","36","34","3,110","4","10","1","104","1","20","1","46","0","28","27","6","0","40","22","3","27","16","8","14","144","0","0","0","50","540"
"*05r9b*","Martin Odegaard","ARS","M","7","CC FC","EVE 1<br/>@ARS 2 F","532.14","15.2","96%","0%","35","35","3,085","8","10","0","102","1","23","0","17","0","58","36","2","0","22","15","0","5","37","1","3","158","0","1","0","23","1,522"
"*03aqp*","Mohamed Salah","LIV","F","8","BBFC","WOL 0<br/>@LIV 2 F","530.75","16.59","97%","0%","32","28","2,525","18","10","2","66","2","56","2","11","0","59","26","2","0","10","2","0","1","27","1","6","84","2","1","0","30","696"
"*05ocl*","Ollie Watkins","AVL","F","9","Laeka B","AVL 0<br/>@CRY 5 F","527.75","14.26","99%","0%","37","37","3,212","19","13","0","45","5","47","4","7","0","57","41","4","0","2","4","0","19","26","4","50","64","0","2","0","56","654"
"*0427d*","James Tarkowski","EVE","D","10","BBFC","EVE 1<br/>@ARS 2 F","525.29","13.82","99%","0%","38","38","3,418","1","1","1","22","0","5","0","42","3","16","25","11","0","3","56","8","186","16","56","145","186","0","0","0","51","1,170"
"*04mdn*","Anthony Gordon","NEW","M","11","RyRob","NEW 4<br/>@BRF 2 F","524.97","15","96%","-1%","35","34","2,881","11","10","0","57","6","31","2","34","0","40","67","10","1","15","7","0","4","53","0","9","125","0","6","0","48","853"
"*03v9d*","Son Heung-Min","TOT","F","12","MID","TOT 3<br/>@SHU 0 F","520.5","14.87","10%","0%","35","34","2,930","17","10","1","68","0","40","2","13","0","41","39","1","0","5","8","1","4","39","1","5","80","0","1","1","51","600"
"*061vq*","Erling Haaland","MCI","F","13","Slab","WHU 1<br/>@MCI 3 F","515.5","16.63","100%","0%","31","29","2,546","27","5","0","29","3","59","1","3","0","19","31","1","0","0","2","0","16","12","1","39","47","1","2","0","25","889"
"*0524k*","Rodri","MCI","M","14","j.l.","WHU 1<br/>@MCI 3 F","504.6","14.84","76%","-2%","34","34","2,931","8","9","1","49","1","22","0","43","1","32","35","8","1","0","26","6","40","42","8","55","235","0","1","0","26","1,113"
"*04qr9*","Morgan Gibbs-White","NOT","M","15","RDN","NOT 2<br/>@BUR 1 F","502.47","13.58","99%","0%","37","35","3,151","5","10","1","74","2","15","2","24","0","44","57","9","0","32","17","0","18","44","8","61","179","0","0","0","59","358"
"*04agz*","Declan Rice","ARS","M","16","W’s","EVE 1<br/>@ARS 2 F","486.81","12.81","100%","0%","38","37","3,222","7","8","0","47","1","20","1","51","0","22","13","5","0","6","44","2","51","21","11","39","178","0","0","0","28","1,469"
"*051k8*","Conor Gallagher","CHE","M","17","RyRob","BOU 1<br/>@CHE 2 F","486.24","13.14","50%","+1%","37","37","3,128","5","7","0","53","1","18","3","52","0","39","64","7","1","7","43","1","30","38","11","25","221","0","0","0","55","720"
"*06fv8*","Mohammed Kudus","WHU","M","18","CmBk","WHU 1<br/>@MCI 3 F","476.12","14.43","48%","-1%","33","27","2,470","8","6","0","28","3","17","2","47","0","93","75","6","0","21","11","0","8","124","0","15","212","0","1","0","61","281"
"*03rzp*","Antonee Robinson","FUL","D","19","CmBk","FUL 4<br/>@LUT 2 F","471.94","12.76","72%","+7%","37","37","3,265","0","6","1","33","0","7","0","58","0","16","20","6","0","30","80","9","109","37","8","42","227","0","0","2","60","775"
"*06c6a*","Alfie Doughty","LUT","M","20","thomas","FUL 4<br/>@LUT 2 F","471.25","12.74","0%","0%","37","34","2,919","2","8","1","70","2","8","0","40","0","13","9","5","0","48","31","5","36","33","9","23","185","0","0","0","74","180"
"*05nt6*","Eberechi Eze","CRY","M","21","MID","AVL 0<br/>@CRY 5 F","471.21","17.45","98%","0%","27","24","2,051","11","4","0","54","1","34","0","17","0","48","48","3","0","17","11","2","4","69","2","12","135","0","1","0","28","627"
"*05n07*","Pedro Porro","TOT","D","22","thomas","TOT 3<br/>@SHU 0 F","468.32","13.38","99%","0%","35","35","3,088","3","7","0","51","1","12","2","63","1","15","27","3","0","15","34","1","80","26","18","17","199","0","0","0","54","612"
"*046c5*","Jarrod Bowen","WHU","M","23","FA","WHU 1<br/>@MCI 3 F","466.68","13.73","100%","0%","34","34","3,017","16","6","0","32","0","37","4","28","0","58","42","2","0","5","19","0","12","34","5","33","118","0","0","0","63","444"
"*02oq8*","James Ward-Prowse","SOU/WHU","M","24","thomas","WHU 1<br/>@MCI 3 F","463.75","12.53","32%","-6%","37","34","2,998","7","7","0","64","0","18","1","29","0","11","20","4","0","26","38","3","44","11","9","26","145","0","0","0","65","450"
"*03fgo*","Dominic Solanke","BOU","F","25","CC FC","BOU 1<br/>@CHE 2 F","457.75","12.05","62%","-4%","38","37","3,321","19","3","0","39","0","38","3","11","0","81","45","3","0","3","7","0","43","39","5","98","97","1","1","0","61","799"
"*05o6h*","Kai Havertz","ARS","F","26","j.l.","EVE 1<br/>@ARS 2 F","449.25","12.14","76%","-1%","37","30","2,621","13","7","0","46","3","28","1","15","0","35","44","11","0","2","20","0","22","16","1","105","122","0","1","0","22","1,296"
"*062cn*","Julian Alvarez","MCI","F","27","Noah B","WHU 1<br/>@MCI 3 F","442.25","12.28","0%","0%","36","31","2,637","11","9","0","67","2","40","2","13","0","36","13","2","0","11","2","0","13","20","0","5","98","0","2","0","24","776"
"*05yld*","Luis Diaz","LIV","F","28","CC FC","WOL 0<br/>@LIV 2 F","441.25","11.93","5%","0%","37","32","2,620","8","5","1","64","2","32","3","25","0","72","42","3","0","6","3","0","7","67","0","27","127","0","1","0","33","537"
"*03vlj*","Virgil van Dijk","LIV","D","29","CC FC","WOL 0<br/>@LIV 2 F","440.78","12.24","100%","0%","36","36","3,177","2","2","0","11","0","14","2","23","3","4","13","3","1","0","39","2","142","2","34","140","170","0","0","0","40","810"
"*04e1e*","Ben White","ARS","D","30","CC FC","EVE 1<br/>@ARS 2 F","434.31","11.74","70%","-1%","37","35","2,986","4","4","0","39","1","8","0","28","0","9","12","8","0","13","32","1","67","9","22","36","120","0","0","0","26","1,444"
"*061ve*","Ryan Christie","BOU","M","31","Noah B","BOU 1<br/>@CHE 2 F","433.71","11.72","15%","-1%","37","35","2,901","0","5","0","55","0","13","0","44","0","47","38","6","0","11","52","3","50","51","11","22","231","0","0","0","56","695"
"*04p0d*","Dwight McNeil","EVE","M","32","RDN","EVE 1<br/>@ARS 2 F","433.03","12.37","40%","-5%","35","33","2,887","3","6","1","69","2","15","2","27","0","60","33","2","0","36","22","3","27","30","7","16","177","0","0","0","39","1,084"
"*04spp*","Douglas Luiz","AVL","M","33","W’s","AVL 0<br/>@CRY 5 F","427.19","12.21","11%","-1%","35","35","2,993","9","5","0","53","0","17","1","38","0","31","41","12","0","14","23","4","17","24","8","25","184","0","0","0","57","558"
"*05ylx*","Dejan Kulusevski","TOT","M","34","j.l.","TOT 3<br/>@SHU 0 F","423.67","11.77","30%","0%","36","31","2,749","8","3","0","66","0","24","1","33","0","65","29","7","0","22","18","0","1","54","1","7","133","0","0","0","46","623"
"*05os8*","Joachim Andersen","CRY","D","35","CmBk","AVL 0<br/>@CRY 5 F","420.13","11.06","50%","-1%","38","38","3,414","2","3","0","20","0","8","0","35","0","6","23","7","0","10","41","3","202","14","18","91","193","0","0","0","58","894"
"*03srg*","Trent Alexander-Arnold","LIV","D","36","W’s","WOL 0<br/>@LIV 2 F","419.09","14.97","0%","0%","28","25","2,148","3","4","0","64","1","8","3","26","3","6","9","6","0","26","31","2","42","28","2","8","176","0","0","0","28","676"
"*03dx3*","Kieran Trippier","NEW","D","37","FA","NEW 4<br/>@BRF 2 F","412.05","14.72","36%","+2%","28","26","2,234","1","10","0","65","0","2","2","27","1","9","21","5","0","37","24","4","46","16","8","31","162","0","0","0","43","548"
"*02lpf*","Ross Barkley","CHE/LUT","M","38","RDN","FUL 4<br/>@LUT 2 F","411.65","12.86","11%","-2%","32","30","2,614","5","4","2","44","1","19","3","19","0","56","40","6","0","8","25","2","48","66","9","44","201","0","0","0","66","171"
"*05l27*","Jarrad Branthwaite","EVE","D","39","j.l.","EVE 1<br/>@ARS 2 F","409.04","11.69","23%","-1%","35","35","3,116","3","0","0","4","1","4","0","32","2","2","19","8","0","1","50","12","157","5","36","95","181","0","1","0","44","1,080"
"*06cm1*","Nicolas Jackson","CHE","F","40","Laeka B","BOU 1<br/>@CHE 2 F","406","11.6","23%","0%","35","31","2,787","14","5","0","39","1","41","2","13","0","67","40","10","0","0","4","0","17","54","5","35","99","0","0","0","48","525"
"*05uns*","Leon Bailey","AVL","M,F","41","RDN","AVL 0<br/>@CRY 5 F","405.67","11.59","2%","0%","35","22","2,045","10","9","0","52","2","18","1","7","0","41","26","5","0","12","9","0","4","57","1","15","107","0","0","0","32","443"
"*0646f*","Alexander Isak","NEW","F","42","W’s","NEW 4<br/>@BRF 2 F","405.5","13.52","90%","-3%","30","27","2,248","21","2","0","27","2","43","1","0","0","23","15","1","0","0","6","0","12","42","1","9","38","1","1","0","41","465"
"*067yz*","Matheus Cunha","WOL","F","43","RDN","WOL 0<br/>@LIV 2 F","405.25","12.66","100%","0%","32","29","2,433","12","7","0","28","0","38","2","16","0","53","50","9","0","2","13","0","20","64","7","16","114","0","1","0","46","339"
"*04qfz*","Diogo Dalot","MUN","D","44","Slab","MUN 2<br/>@BHA 0 F","403.14","11.2","83%","-2%","36","35","3,171","2","3","0","38","0","7","2","51","0","11","14","4","1","24","37","6","94","31","16","32","195","0","0","0","55","718"
"*0414o*","James Maddison","TOT","M","45","MID","TOT 3<br/>@SHU 0 F","399.7","14.28","43%","+6%","28","26","2,129","4","9","1","67","2","23","0","19","0","34","74","5","0","10","13","1","8","32","3","3","60","0","0","0","31","491"
"*05nzu*","Gabriel Magalhaes","ARS","D","46","RDN","EVE 1<br/>@ARS 2 F","397.65","11.05","100%","0%","36","34","3,040","3","0","0","3","1","10","0","28","2","3","34","4","0","1","31","8","97","2","33","79","136","0","0","1","26","1,449"
"*06fg0*","Gustavo Hamer","SHU","M","47","RDN","TOT 3<br/>@SHU 0 F","397.25","11.03","0%","0%","36","34","2,906","4","6","1","70","1","15","0","21","1","17","17","9","0","13","29","2","32","28","9","6","162","0","0","0","83","90"
"*04fk6*","Bernardo Silva","MCI","M","48","Noah B","WHU 1<br/>@MCI 3 F","395.98","12","94%","0%","33","29","2,571","6","9","0","64","0","15","0","23","0","34","26","8","0","17","17","2","12","38","4","2","102","0","0","0","26","899"
"*0522h*","Alexis Mac Allister","LIV","M","49","CC FC","WOL 0<br/>@LIV 2 F","395.11","11.97","85%","-2%","33","31","2,596","5","5","0","47","0","9","0","55","2","35","47","7","1","4","35","3","25","18","8","31","195","0","0","0","34","573"
"*05gcp*","Tomas Soucek","WHU","M","50","MID","WHU 1<br/>@MCI 3 F","393.75","10.64","43%","-3%","37","34","2,864","7","2","0","20","0","15","1","35","0","12","24","7","0","2","37","11","107","4","28","108","151","0","0","0","64","450"
"*051k0*","John McGinn","AVL","M","51","thomas","AVL 0<br/>@CRY 5 F","388.07","11.09","69%","0%","35","35","2,998","6","4","1","44","1","16","0","35","0","61","69","9","1","18","21","3","18","55","4","9","161","0","0","0","52","592"
"*0647t*","Lucas Paqueta","WHU","M","52","Slab","WHU 1<br/>@MCI 3 F","384.04","12.39","32%","0%","31","31","2,619","4","6","1","43","0","11","2","48","0","81","66","10","0","10","21","1","25","41","1","61","194","0","0","0","52","296"
"*060wh*","Alejandro Garnacho","MUN","M","53","MID","MUN 2<br/>@BHA 0 F","383.69","10.66","28%","-1%","36","30","2,550","7","4","0","46","3","28","0","15","0","49","54","4","0","7","18","0","12","48","2","7","106","0","2","0","39","625"
"*0558w*","William Saliba","ARS","D","54","CC FC","EVE 1<br/>@ARS 2 F","380.3","10.01","99%","0%","38","38","3,420","2","1","0","6","0","4","0","26","4","13","16","4","0","1","29","7","78","10","17","72","213","0","0","0","29","1,620"
"*05uoc*","Cristian Romero","TOT","D","55","Laeka B","TOT 3<br/>@SHU 0 F","375.77","11.39","50%","-1%","33","33","2,790","5","0","0","7","0","10","2","40","3","4","24","7","1","0","44","7","100","5","22","90","189","0","0","1","42","630"
"*043qy*","Lewis Cook","BOU","M","56","RDN","BOU 1<br/>@CHE 2 F","373.96","11.33","12%","0%","33","32","2,786","0","3","1","46","0","4","0","41","1","19","16","5","1","6","65","6","43","21","11","42","228","0","0","0","50","717"
"*05r8o*","Jean-Philippe Mateta","CRY","F","57","Noah B","AVL 0<br/>@CRY 5 F","372","10.63","93%","-2%","35","25","2,262","16","5","0","32","2","29","0","15","0","78","22","3","0","4","4","0","14","25","4","50","81","0","2","0","44","609"
"*04spw*","James Garner","EVE","M","58","RyRob","EVE 1<br/>@ARS 2 F","368.48","9.96","84%","0%","37","34","2,998","1","2","0","44","0","11","4","44","0","10","44","7","0","6","45","3","45","19","14","25","172","0","0","0","47","1,012"
"*06fup*","Jeremy Doku","MCI","F","59","Laeka B","WHU 1<br/>@MCI 3 F","367.25","12.66","99%","0%","29","18","1,572","3","8","0","45","2","19","2","22","0","37","33","3","0","12","9","1","2","87","0","2","75","0","2","0","19","310"
"*061x2*","Darwin Nunez","LIV","F","60","FA","WOL 0<br/>@LIV 2 F","364.75","10.13","2%","0%","36","22","2,020","11","8","0","33","3","46","7","12","0","29","15","9","0","3","3","0","9","15","6","34","56","1","1","0","25","579"
"*03jly*","Andreas Pereira","FUL","M","61","FA","FUL 4<br/>@LUT 2 F","364.73","9.86","7%","0%","37","34","2,607","3","7","1","84","2","16","3","12","0","41","27","6","0","18","4","0","11","19","2","14","99","0","0","0","40","741"
"*04tig*","Fabian Schar","NEW","D","62","CmBk","NEW 4<br/>@BRF 2 F","364.26","10.12","28%","0%","36","35","3,050","4","1","0","10","2","9","0","24","1","12","26","5","0","3","36","4","129","13","38","71","174","0","2","0","58","821"
"*0414p*","Carlton Morris","LUT","F","64","j.l.","FUL 4<br/>@LUT 2 F","354","9.32","0%","0%","38","32","2,851","11","4","0","22","2","31","3","8","0","53","43","4","0","0","1","0","53","31","5","134","71","0","0","0","72","90"
"*06ex4*","Josko Gvardiol","MCI","D","65","j.l.","WHU 1<br/>@MCI 3 F","353.69","12.63","67%","+21%","28","26","2,323","4","1","0","18","1","14","0","33","0","14","22","3","0","4","27","4","26","26","12","32","150","0","1","0","23","820"
"*05u94*","Michael Olise","CRY","M","66","BBFC","AVL 0<br/>@CRY 5 F","352.85","18.57","0%","0%","19","14","1,267","10","6","0","36","0","21","0","10","0","33","43","0","0","16","11","0","9","40","0","7","68","0","0","0","19","257"
"*02lsa*","Dan Burn","NEW","D","67","CmBk","NEW 4<br/>@BRF 2 F","352.81","10.69","75%","+1%","33","32","2,724","2","2","0","10","0","6","0","33","0","10","11","4","0","4","37","6","119","4","25","102","124","0","0","0","45","758"
"*062dt*","Joao Palhinha","FUL","M","68","BBFC","FUL 4<br/>@LUT 2 F","352.21","10.67","42%","0%","33","31","2,693","4","1","0","13","0","14","0","75","0","26","56","13","0","1","46","6","54","11","9","41","195","0","0","0","46","695"
"*061ya*","Brennan Johnson","NOT/TOT","F","69","Slab","TOT 3<br/>@SHU 0 F","351.5","10.04","54%","-1%","35","26","2,305","5","10","0","46","2","21","2","16","0","21","36","3","0","17","10","0","9","27","2","6","86","0","0","0","42","216"
"*052h5*","Gabriel Martinelli","ARS","M","70","MID","EVE 1<br/>@ARS 2 F","347.8","9.94","45%","0%","35","24","1,999","6","4","0","46","1","22","1","24","0","41","24","1","0","20","5","0","7","40","1","17","95","0","0","0","23","725"
"*05uor*","Yoane Wissa","BRF","F","71","Slab","NEW 4<br/>@BRF 2 F","347.5","10.22","45%","-1%","34","29","2,483","12","3","0","30","1","26","2","16","0","20","51","7","0","5","9","0","13","20","3","38","99","0","1","0","40","426"
"*05g2o*","Joao Pedro","BHA","F","73","RDN","MUN 2<br/>@BHA 0 F","343.5","11.08","100%","0%","31","19","2,026","9","3","0","38","0","26","1","14","0","63","60","2","0","10","11","0","25","43","2","41","65","1","2","0","38","360"
"*03sgc*","Jordan Ayew","CRY","F","72","FA","AVL 0<br/>@CRY 5 F","343.5","9.81","0%","0%","35","30","2,531","4","7","0","25","0","20","1","36","0","80","94","7","1","15","16","1","13","52","2","34","155","0","0","0","37","636"
"*04io3*","Mario Lemina","WOL","M","74","CmBk","WOL 0<br/>@LIV 2 F","342.5","9.79","0%","0%","35","34","2,966","4","1","0","20","0","18","1","58","0","22","24","10","1","4","40","5","56","25","9","35","199","0","0","0","55","360"
"*063e7*","Marcos Senesi","BOU","D","75","W’s","BOU 1<br/>@CHE 2 F","339.92","10.97","91%","0%","31","26","2,234","4","5","0","22","0","4","1","32","2","11","11","13","0","11","35","8","105","11","23","41","164","0","0","0","44","561"
"*05akv*","Tyrick Mitchell","CRY","D","76","Slab","AVL 0<br/>@CRY 5 F","332.78","8.99","97%","0%","37","37","3,202","2","3","0","24","0","4","0","60","1","28","16","6","0","17","26","3","85","18","10","21","208","0","0","0","55","900"
"*05tre*","Vitaly Janelt","BRF","M","77","CC FC","NEW 4<br/>@BRF 2 F","332.73","8.76","10%","+1%","38","37","3,049","1","3","0","37","1","7","1","38","0","10","28","8","0","18","36","7","57","8","9","34","189","0","1","0","52","584"
"*068y0*","Antoine Semenyo","BOU","F","78","BBFC","BOU 1<br/>@CHE 2 F","329.75","9.99","100%","0%","33","25","2,089","8","2","0","29","2","31","1","17","0","53","24","6","0","8","6","1","20","50","2","52","111","0","1","0","33","582"
"*038ze*","Alex Iwobi","EVE/FUL","M","79","RDN","FUL 4<br/>@LUT 2 F","328.83","10.28","83%","+7%","32","27","2,322","5","2","0","53","0","20","1","18","0","29","5","2","0","12","15","0","6","40","0","6","150","0","0","0","41","503"
"*06cmm*","Dominik Szoboszlai","LIV","M","80","FA","WOL 0<br/>@LIV 2 F","328.62","9.96","100%","0%","33","25","2,090","3","2","0","56","2","15","0","19","0","27","29","1","0","9","15","0","13","24","2","14","171","0","2","0","23","551"
"*05tr1*","Ethan Pinnock","BRF","D","81","RyRob","NEW 4<br/>@BRF 2 F","327.83","11.3","3%","0%","29","28","2,521","2","0","0","4","0","4","0","23","0","4","11","1","0","0","43","7","167","6","24","114","131","0","0","0","46","451"
"*04yey*","Max Kilman","WOL","D","82","CC FC","WOL 0<br/>@LIV 2 F","327.51","8.62","19%","0%","38","38","3,420","2","0","0","17","0","6","0","21","0","10","18","7","0","1","39","6","179","10","37","89","177","0","0","0","65","450"
"*05tr8*","Christian Norgaard","BRF","M","83","CmBk","NEW 4<br/>@BRF 2 F","323.2","10.43","7%","0%","31","30","2,502","2","1","0","24","0","7","0","50","0","15","32","8","0","6","54","7","49","6","6","41","216","0","0","0","51","423"
"*0639x*","Marcus Tavernier","BOU","M","84","j.l.","BOU 1<br/>@CHE 2 F","321.01","10.7","98%","0%","30","25","2,108","3","4","1","44","0","16","1","34","0","41","22","3","0","14","5","0","19","44","3","13","142","0","0","0","38","541"
"*05opk*","Vladimir Coufal","WHU","D","85","Laeka B","WHU 1<br/>@MCI 3 F","320.63","8.91","0%","0%","36","36","3,129","0","7","0","33","0","2","0","41","0","13","26","5","1","25","43","8","83","12","15","40","154","0","0","0","69","358"
"*06dq8*","Moussa Diaby","AVL","F","86","BBFC","AVL 0<br/>@CRY 5 F","320","8.42","0%","0%","38","25","2,155","6","8","0","47","3","23","0","5","0","30","15","1","0","11","9","2","5","29","1","2","62","0","0","0","40","431"
"*04gpx*","Dara O'Shea","BUR","D","87","Laeka B","NOT 2<br/>@BUR 1 F","319.47","9.68","0%","0%","33","32","2,891","3","4","0","13","0","5","0","20","1","1","15","5","1","3","35","4","158","1","30","128","140","0","0","1","71","172"
"*05trb*","Bryan Mbeumo","BRF","F","88","RyRob","NEW 4<br/>@BRF 2 F","319.25","12.77","100%","0%","25","22","1,952","9","6","0","32","1","20","2","10","0","39","42","2","0","12","7","1","12","26","2","23","93","0","0","0","31","464"
"*03gu5*","Andrew Robertson","LIV","D","89","j.l.","WOL 0<br/>@LIV 2 F","318.69","13.86","22%","-8%","23","18","1,682","3","2","3","62","0","7","0","24","0","6","5","2","0","24","13","2","34","5","6","14","104","0","0","0","22","239"
"*05ogb*","Anthony Elanga","NOT","F","91","thomas","NOT 2<br/>@BUR 1 F","316.25","8.78","36%","-1%","36","25","2,415","5","9","1","32","0","23","2","19","0","22","26","1","0","7","8","2","16","28","2","18","96","0","0","0","47","248"
"*02lkp*","Raheem Sterling","CHE","F","92","j.l.","BOU 1<br/>@CHE 2 F","316.25","10.2","1%","0%","31","22","1,959","8","4","0","30","4","22","2","10","0","44","41","7","0","10","13","0","8","45","0","2","92","0","3","0","38","352"
"*067yv*","Cody Gakpo","LIV","F","93","MID","WOL 0<br/>@LIV 2 F","313.25","8.95","100%","0%","35","17","1,616","8","5","0","25","0","24","0","17","0","32","38","1","0","6","13","2","7","31","4","32","81","0","0","0","20","504"
"*04mqv*","Emerson","WHU","D","94","RyRob","WHU 1<br/>@MCI 3 F","312.51","8.68","0%","0%","36","35","3,136","1","2","0","25","2","4","1","68","1","17","33","10","0","8","43","10","88","24","15","25","142","0","2","1","67","450"
"*02lp9*","Kyle Walker","MCI","D","95","RDN","WHU 1<br/>@MCI 3 F","311.91","9.75","11%","0%","32","30","2,762","0","4","0","25","1","3","0","24","1","13","18","2","0","19","27","0","35","21","6","26","152","0","0","0","29","872"
"*02oox*","Kevin De Bruyne","MCI","M","96","Noah B","WHU 1<br/>@MCI 3 F","311.25","17.29","0%","0%","18","15","1,214","4","10","0","59","0","17","0","9","0","20","13","2","0","22","4","0","4","10","0","6","54","0","0","0","8","450"
"*05rb8*","Moises Caicedo","BHA/CHE","M","97","CmBk","BOU 1<br/>@CHE 2 F","311.22","8.89","80%","0%","35","33","2,860","1","3","0","23","0","4","0","46","0","24","49","11","0","0","37","6","33","26","25","31","199","0","0","0","50","628"
"*0626q*","Simon Adingra","BHA","F","98","RDN","MUN 2<br/>@BHA 0 F","311","10.03","23%","0%","31","25","2,213","6","1","0","33","0","22","1","20","0","28","19","3","0","14","19","3","22","50","1","8","118","0","1","0","38","330"
"*03yu2*","Abdoulaye Doucoure","EVE","M","99","FA","EVE 1<br/>@ARS 2 F","307.72","9.62","0%","0%","32","32","2,623","7","1","0","33","2","23","1","27","0","42","8","7","0","3","15","2","18","25","3","24","144","0","0","0","36","1,011"
"*05ybq*","Vitalii Mykolenko","EVE","D","102","FA","EVE 1<br/>@ARS 2 F","302.28","10.8","61%","0%","28","28","2,469","2","0","0","13","1","5","2","38","0","11","9","1","0","13","36","5","82","18","11","30","142","0","0","0","37","855"
"*05u1m*","Nathan Collins","BRF","D","103","W’s","NEW 4<br/>@BRF 2 F","300.27","9.38","82%","+1%","32","29","2,644","1","1","0","11","0","2","0","20","1","13","23","3","0","1","44","11","129","11","30","73","136","0","0","0","51","630"
"*068a7*","Pablo Sarabia","WOL","M","104","FA","WOL 0<br/>@LIV 2 F","298.9","9.96","0%","0%","30","20","1,723","4","7","0","51","0","18","0","13","0","23","25","5","0","14","10","0","6","17","1","7","90","0","0","0","27","329"
"*05tr9*","Mathias Jensen","BRF","M","105","j.l.","NEW 4<br/>@BRF 2 F","298.46","9.33","51%","0%","32","27","2,190","3","3","0","41","1","7","0","32","1","18","19","5","0","21","23","2","24","18","6","6","123","0","1","0","45","469"
"*0520r*","Leandro Trossard","ARS","M","106","j.l.","EVE 1<br/>@ARS 2 F","297.36","8.75","91%","+3%","34","18","1,617","12","1","0","24","1","22","0","16","0","39","20","2","0","7","8","0","5","25","1","6","88","0","1","0","10","866"
"*05gcx*","Josh Brownhill","BUR","M","107","W’s","NOT 2<br/>@BUR 1 F","293","8.88","3%","0%","33","23","2,241","4","2","0","34","0","11","0","35","0","14","24","4","1","2","34","1","40","7","8","36","124","0","0","0","53","180"
"*06cm4*","Chiedozie Ogbene","LUT","F","108","Laeka B","FUL 4<br/>@LUT 2 F","292.25","9.74","0%","0%","30","20","1,978","4","1","1","26","3","14","0","10","1","21","50","1","0","11","7","0","31","61","3","29","125","0","2","0","47","98"
"*04mi4*","Callum Hudson-Odoi","CHE/NOT","F","109","thomas","NOT 2<br/>@BUR 1 F","291.75","10.06","51%","-2%","29","20","1,836","8","1","0","36","1","20","1","8","0","33","30","0","0","9","7","0","11","43","1","2","98","0","1","0","41","155"
"*05gcs*","Sander Berge","BUR","M","110","FA","NOT 2<br/>@BUR 1 F","291.75","7.89","14%","0%","37","34","2,997","1","2","0","29","0","3","0","47","1","23","19","8","1","1","23","4","58","20","20","65","202","0","0","0","69","180"
"*049tq*","Dominic Calvert-Lewin","EVE","F","112","RyRob","EVE 1<br/>@ARS 2 F","290.5","9.08","82%","0%","32","26","2,157","7","2","0","19","1","31","3","6","0","25","32","2","0","0","4","0","38","14","4","142","46","0","0","0","27","858"
"*05o4c*","Timothy Castagne","LEI/FUL","D","113","W’s","FUL 4<br/>@LUT 2 F","287.93","8.47","18%","+4%","34","29","2,625","1","3","0","18","0","5","1","24","0","10","10","3","0","10","38","4","57","17","10","35","119","0","0","0","40","801"
"*063y7*","Destiny Udogie","TOT","D","114","FA","TOT 3<br/>@SHU 0 F","286.58","10.24","19%","0%","28","28","2,391","2","3","0","24","0","5","0","33","1","26","36","5","1","1","37","3","67","24","8","22","169","0","0","0","40","466"
"*02m5b*","Chris Wood","NOT","F","115","W’s","NOT 2<br/>@BUR 1 F","285.75","9.22","63%","-7%","31","20","1,790","14","1","0","22","0","26","2","4","0","21","13","0","0","0","1","0","25","6","4","72","46","0","0","0","34","99"
"*06f7b*","Vinicius de Souza Costa","SHU","M","116","FA","TOT 3<br/>@SHU 0 F","285.5","7.93","0%","0%","36","29","2,660","1","0","0","4","1","6","0","76","0","25","14","3","0","2","32","2","75","17","17","67","153","0","0","0","80","90"
"*068yd*","Joao Gomes","WOL","M","118","Slab","WOL 0<br/>@LIV 2 F","282.93","8.32","43%","-2%","34","32","2,643","2","1","0","20","1","8","0","75","0","44","38","11","0","7","18","1","29","26","8","18","183","0","0","0","51","354"
"*068yi*","Illia Zabarnyi","BOU","D","119","FA","BOU 1<br/>@CHE 2 F","282.27","7.63","2%","0%","37","37","3,330","1","0","0","7","0","3","0","32","1","2","24","5","0","0","33","6","138","9","34","77","153","0","0","0","67","720"
"*04e1c*","Lewis Dunk","BHA","D","120","Slab","MUN 2<br/>@BHA 0 F","281.01","8.52","32%","+5%","33","33","2,869","3","1","0","13","0","12","1","14","0","2","12","7","1","1","31","5","88","5","37","57","180","0","0","0","52","450"
"*04tm0*","Lucas Digne","AVL","D","121","Slab","AVL 0<br/>@CRY 5 F","278.25","8.43","60%","-3%","33","27","2,395","1","3","0","38","1","4","0","19","0","15","30","7","0","24","26","3","61","10","2","42","101","0","0","0","41","461"
"*05ojg*","Nelson Semedo","WOL","D","122","MID","WOL 0<br/>@LIV 2 F","277.36","7.7","1%","0%","36","36","3,084","0","1","0","24","1","4","0","48","0","36","30","10","1","13","36","7","78","51","8","22","188","0","0","0","60","444"
"*04tzt*","Jefferson Lerma","CRY","M","123","BBFC","AVL 0<br/>@CRY 5 F","276.64","9.88","22%","-4%","28","27","2,397","1","1","0","24","0","9","2","25","2","14","25","8","0","3","36","3","64","11","12","69","174","0","0","0","46","373"
"*05os4*","Rayan Ait-Nouri","WOL","D","124","thomas","WOL 0<br/>@LIV 2 F","274.87","8.33","79%","-4%","33","29","2,324","2","1","0","25","2","8","0","44","0","56","53","7","0","5","15","0","31","62","6","20","136","0","1","0","43","193"
"*037mo*","Willian","FUL","F","125","FA","FUL 4<br/>@LUT 2 F","274","8.84","0%","0%","31","24","2,035","4","2","1","44","1","18","0","11","0","26","30","1","0","12","9","1","10","29","0","9","99","0","0","0","28","681"
"*0642l*","Casemiro","MUN","M","126","CmBk","MUN 2<br/>@BHA 0 F","274","10.96","82%","0%","25","24","1,980","1","2","0","16","1","9","0","56","2","17","10","7","0","3","17","4","66","9","33","42","133","0","0","0","34","450"
"*068ym*","Enzo Fernandez","CHE","M","127","Slab","BOU 1<br/>@CHE 2 F","273.08","9.75","100%","0%","28","26","2,204","3","2","0","32","1","16","2","22","0","24","31","7","0","6","17","3","26","23","13","21","122","1","1","0","47","368"
"*05w91*","Hwang Hee-Chan","WOL","F","128","FA","WOL 0<br/>@LIV 2 F","272.75","9.41","3%","0%","29","25","2,112","12","3","0","17","0","18","1","10","0","31","32","6","0","2","10","0","8","36","1","7","75","0","1","0","37","310"
"*04xjr*","Harvey Elliott","LIV","M","130","BBFC","WOL 0<br/>@LIV 2 F","267.75","7.87","8%","0%","34","11","1,308","3","6","0","37","3","17","1","17","0","9","13","2","0","16","6","0","6","9","0","9","78","0","1","0","13","405"
"*056iy*","Pedro Neto","WOL","F","131","MID","WOL 0<br/>@LIV 2 F","267.25","13.36","95%","-2%","20","18","1,512","2","9","0","38","2","12","1","3","0","20","21","4","0","23","5","0","2","37","1","4","79","0","1","0","27","276"
"*0649j*","Manuel Akanji","MCI","D","132","CC FC","WHU 1<br/>@MCI 3 F","267.02","8.9","2%","0%","30","28","2,510","2","0","0","13","0","5","0","28","1","9","19","2","1","2","23","0","61","2","12","28","142","0","0","0","23","1,046"
"*04qr8*","Diogo Jota","LIV","F","133","CC FC","WOL 0<br/>@LIV 2 F","265.5","12.64","0%","0%","21","14","1,133","10","3","0","22","4","20","0","13","0","18","21","1","1","0","7","0","4","15","1","18","48","0","2","0","10","347"
"*04ug0*","Sean Longstaff","NEW","M","134","BBFC","NEW 4<br/>@BRF 2 F","265.49","7.59","12%","0%","35","30","2,736","6","2","0","20","1","15","0","30","1","35","34","7","0","7","17","2","22","11","7","19","120","0","0","0","50","810"
"*043c1*","Oleksandr Zinchenko","ARS","D","135","FA","EVE 1<br/>@ARS 2 F","263.17","9.75","1%","0%","27","20","1,705","1","2","1","29","0","3","0","30","0","15","9","2","0","5","20","1","22","7","3","27","104","0","0","0","15","741"
"*05nt7*","Thiago Silva","CHE","D","136","thomas","BOU 1<br/>@CHE 2 F","263.17","8.49","0%","0%","31","28","2,522","3","1","0","9","0","4","1","15","1","1","8","4","0","1","27","4","148","2","24","53","140","0","0","0","45","621"
"*03ybi*","Marcus Rashford","MUN","F","137","thomas","MUN 2<br/>@BHA 0 F","261.5","7.92","96%","0%","33","26","2,257","7","2","1","25","1","21","0","12","0","38","21","2","0","2","4","1","19","48","1","16","81","0","1","0","37","569"
"*05w7t*","Pape Sarr","TOT","M","139","CC FC","TOT 3<br/>@SHU 0 F","256.64","7.55","16%","0%","34","27","2,057","3","3","0","20","0","14","0","24","0","15","17","9","0","5","31","3","28","19","5","24","144","0","0","0","27","508"
"*052ca*","Ezri Konsa","AVL","D","140","FA","AVL 0<br/>@CRY 5 F","254.97","7.28","34%","-1%","35","35","3,068","1","0","0","8","1","5","0","32","3","16","64","5","0","4","28","8","68","19","20","30","142","0","1","0","54","663"
"*045c8*","Gabriel Jesus","ARS","F","141","BBFC","EVE 1<br/>@ARS 2 F","254.75","9.44","10%","0%","27","17","1,461","4","5","0","29","2","19","2","17","0","38","32","6","0","1","13","0","11","35","1","15","59","0","1","0","11","693"
"*04civ*","Scott McTominay","MUN","M","142","Laeka B","MUN 2<br/>@BHA 0 F","253.53","7.92","0%","0%","32","18","1,877","7","1","0","11","0","19","0","24","0","23","21","2","0","0","14","0","53","8","12","38","90","0","0","0","30","656"
"*06exb*","Rasmus Hojlund","MUN","F","143","CmBk","MUN 2<br/>@BHA 0 F","253","8.43","4%","0%","30","25","2,147","10","2","0","28","0","21","0","7","0","29","30","2","0","1","1","0","19","18","1","25","60","0","0","0","35","452"
"*05yg5*","Toti","WOL","D","144","FA","WOL 0<br/>@LIV 2 F","252.28","7.21","2%","0%","35","31","2,765","1","3","0","6","1","5","0","25","0","6","13","7","0","1","26","4","87","23","19","56","136","0","0","0","49","364"
"*04io4*","Richarlison","TOT","F","145","RyRob","TOT 3<br/>@SHU 0 F","252.25","9.01","80%","+1%","28","18","1,471","11","4","1","15","0","25","0","11","0","40","30","3","0","1","8","0","23","10","6","26","42","0","0","0","18","324"
"*05oh0*","Jan-Paul van Hecke","BHA","D","146","FA","MUN 2<br/>@BHA 0 F","251.76","8.99","86%","0%","28","26","2,367","0","0","0","10","0","6","1","26","1","3","17","4","0","1","30","4","74","5","27","66","130","0","0","0","38","450"
"*06clz*","Malo Gusto","CHE","D","147","FA","BOU 1<br/>@CHE 2 F","250.9","9.29","49%","-3%","27","19","1,738","0","6","0","32","0","5","0","27","0","12","30","7","1","17","17","4","37","17","4","8","126","0","0","0","27","362"
"*05omu*","Ruben Dias","MCI","D","148","RyRob","WHU 1<br/>@MCI 3 F","250.18","8.34","73%","0%","30","28","2,555","0","0","0","7","0","8","0","20","0","7","15","0","0","4","30","10","75","0","17","47","108","0","0","1","28","831"
"*03gu4*","Harry Maguire","MUN","D","149","FA","MUN 2<br/>@BHA 0 F","250.01","11.36","43%","+3%","22","18","1,647","2","2","0","6","2","3","0","17","0","2","10","4","0","1","25","7","83","0","24","69","78","0","1","0","29","360"
"*068a1*","Mykhailo Mudryk","CHE","M","150","Slab","BOU 1<br/>@CHE 2 F","249.22","8.04","1%","0%","31","18","1,552","5","2","0","32","3","12","1","12","0","22","27","5","0","5","9","2","6","39","1","7","50","0","2","0","28","403"
"*02y6o*","Nathan Ake","MCI","D","151","FA","WHU 1<br/>@MCI 3 F","247.99","8.55","24%","+1%","29","24","2,036","2","2","0","10","1","5","0","16","0","2","18","0","0","1","14","3","52","5","2","47","119","0","0","0","20","607"
"*06f81*","Edson Alvarez","WHU","M","152","FA","WHU 1<br/>@MCI 3 F","247.3","7.98","0%","0%","31","28","2,373","1","1","0","12","0","3","0","39","0","30","15","11","0","1","42","6","70","27","20","30","164","0","0","0","45","410"
"*063hu*","Amadou Onana","EVE","M","153","Slab","EVE 1<br/>@ARS 2 F","246.02","8.2","16%","-2%","30","23","2,079","2","0","0","18","0","6","0","38","0","10","45","5","0","1","21","0","30","12","6","53","160","0","0","0","38","520"
"*06fwz*","Murillo","NOT","D,M","154","Noah B","NOT 2<br/>@BUR 1 F","245.76","7.68","42%","-1%","32","32","2,790","0","2","0","7","0","6","1","31","3","15","7","5","0","1","37","9","185","20","24","38","146","0","0","1","56","270"
"*05ohc*","Sergio Reguilon","TOT/MUN/BRF","D","155","thomas","NEW 4<br/>@BRF 2 F","244.48","9.78","0%","0%","25","18","1,519","0","4","0","28","2","2","1","28","1","6","26","7","1","20","21","2","38","16","6","20","96","0","0","0","28","442"
"*061vn*","Rodrigo Muniz","FUL","F","156","CmBk","FUL 4<br/>@LUT 2 F","243.25","9.36","31%","+9%","26","18","1,580","9","1","0","18","1","27","2","3","0","34","34","1","0","0","6","0","20","5","3","75","34","0","0","0","27","342"
"*03rxs*","Harry Wilson","FUL","M","157","MID","FUL 4<br/>@LUT 2 F","241.57","6.9","98%","0%","35","16","1,587","4","6","1","22","1","13","2","14","0","12","40","6","0","10","10","1","11","15","3","5","78","0","1","0","30","367"
"*03rxa*","Idrissa Gueye","EVE","M","158","FA","EVE 1<br/>@ARS 2 F","241.42","9.66","19%","-4%","25","24","1,883","4","0","0","15","0","7","0","44","0","21","31","8","0","1","28","3","16","11","7","15","174","0","0","0","25","556"
"*03hff*","Josh Cullen","BUR","M","159","W’s","NOT 2<br/>@BUR 1 F","240.75","9.63","16%","0%","25","23","2,052","2","3","0","26","1","5","0","29","1","10","49","9","0","7","15","1","24","3","19","21","141","0","0","0","48","0"
"*06fhy*","Wilson Odobert","BUR","F","160","Slab","NOT 2<br/>@BUR 1 F","240.75","8.3","5%","0%","29","25","2,091","3","2","0","31","2","14","0","13","0","30","19","3","0","11","6","0","12","53","2","8","94","0","0","0","48","79"
"*04spq*","Jack Harrison","LEE/EVE","M,F","162","FA","EVE 1<br/>@ARS 2 F","236","8.14","3%","0%","29","25","2,210","3","3","0","28","0","9","0","22","1","41","30","1","0","14","12","0","21","29","5","12","129","0","0","0","26","978"
"*02m4d*","Craig Dawson","WOL","D","163","FA","WOL 0<br/>@LIV 2 F","235.76","9.43","0%","0%","25","25","2,209","1","1","0","9","0","5","0","20","0","2","15","7","0","0","16","2","119","3","39","63","100","0","0","0","38","450"
"*04qr0*","Willy Boly","NOT","D","164","Laeka B","NOT 2<br/>@BUR 1 F","235.76","11.79","0%","0%","20","18","1,435","2","1","0","9","0","6","0","29","0","3","2","1","1","0","25","4","85","3","21","57","86","0","0","0","23","180"
"*03r93*","Joseph Gomez","LIV","D","166","CC FC","WOL 0<br/>@LIV 2 F","232.48","7.27","3%","+1%","32","17","1,760","0","1","0","22","1","2","0","31","0","11","16","5","0","7","19","0","45","15","4","31","111","0","0","0","19","487"
"*02lny*","Ashley Young","EVE","D","167","FA","EVE 1<br/>@ARS 2 F","232.24","7.49","0%","0%","31","27","2,273","0","0","0","21","1","2","0","38","0","13","24","5","1","16","22","4","45","12","6","19","120","0","1","1","32","787"
"*05afe*","Teden Mengi","MUN/LUT","D","168","BBFC","FUL 4<br/>@LUT 2 F","230.75","7.69","0%","0%","30","28","2,465","1","0","0","6","0","4","0","22","1","5","7","3","0","0","57","9","136","7","27","60","126","0","0","0","59","90"
"*05uhs*","James Mcatee","MCI/SHU","M","169","CmBk","TOT 3<br/>@SHU 0 F","227.9","7.35","3%","-1%","31","20","1,809","3","3","0","28","1","9","0","21","0","40","29","2","0","6","11","1","15","33","0","12","96","0","0","0","66","81"
"*05u7f*","Ibrahima Konate","LIV","D","170","FA","WOL 0<br/>@LIV 2 F","227.6","10.35","95%","-1%","22","17","1,563","0","0","0","8","0","2","0","22","1","5","13","3","1","0","20","4","51","6","12","77","97","0","0","0","18","515"
"*06clt*","Justin Kluivert","BOU","M,F","171","FA","BOU 1<br/>@CHE 2 F","227.25","7.1","35%","+1%","32","26","1,902","7","1","0","21","0","20","1","14","0","30","28","5","0","6","8","1","10","24","1","12","88","0","0","0","23","555"
"*062p5*","Levi Colwill","CHE","D","172","Noah B","BOU 1<br/>@CHE 2 F","225.28","9.79","20%","+3%","23","20","1,791","1","1","0","7","0","3","0","30","1","4","14","2","0","0","26","3","64","9","10","44","96","0","0","0","26","439"
"*03am7*","Jacob Murphy","NEW","M","173","BBFC","NEW 4<br/>@BRF 2 F","225.26","10.73","56%","0%","21","14","1,178","3","7","0","31","1","10","0","10","0","14","15","1","0","14","5","1","13","13","0","4","66","0","0","0","21","316"
"*062ci*","Kaoru Mitoma","BHA","M","174","FA","MUN 2<br/>@BHA 0 F","224.58","11.82","91%","-1%","19","15","1,484","3","4","0","25","3","15","0","6","0","15","23","4","0","5","5","1","11","39","1","11","68","0","0","0","27","75"
"*06dn2*","Zeki Amdouni","BUR","F","177","CmBk","NOT 2<br/>@BUR 1 F","221.75","6.52","0%","0%","34","27","1,942","5","1","0","16","0","22","1","18","0","32","39","2","0","1","9","1","10","29","10","16","79","0","1","0","41","155"
"*06ezb*","Micky van de Ven","TOT","D","178","thomas","TOT 3<br/>@SHU 0 F","221.47","8.2","71%","-2%","27","27","2,339","3","0","0","1","0","3","0","35","4","12","17","5","0","0","18","1","71","15","15","38","144","0","0","0","38","498"
"*05uel*","Kristoffer Ajer","BRF","D","179","FA","NEW 4<br/>@BRF 2 F","220.34","7.87","6%","+1%","28","21","1,821","2","1","0","12","0","4","0","21","0","6","10","5","0","5","25","0","78","10","11","65","60","0","0","0","33","305"
"*06jgi*","Daniel Munoz","CRY","D","180","thomas","AVL 0<br/>@CRY 5 F","220.13","13.76","99%","0%","16","16","1,438","0","4","0","21","0","0","0","35","1","7","8","4","0","1","24","1","34","13","7","26","76","0","0","0","22","448"
"*0666p*","Kobbie Mainoo","MUN","M","181","Slab","MUN 2<br/>@BHA 0 F","218.32","9.1","50%","+2%","24","24","1,923","3","1","0","15","0","5","0","27","0","24","23","3","0","1","22","3","27","31","12","19","96","0","0","0","31","367"
"*068a3*","Danilo","NOT","M","182","Laeka B","NOT 2<br/>@BUR 1 F","218.08","7.52","0%","0%","29","20","1,776","2","2","0","20","0","7","0","18","0","14","9","4","0","1","35","5","40","17","8","15","118","0","0","0","42","142"
"*03arh*","Kurt Zouma","WHU","D","184","FA","WHU 1<br/>@MCI 3 F","215.01","6.52","0%","0%","33","32","2,835","3","0","0","4","0","7","0","17","1","3","6","3","0","0","29","8","158","2","28","58","95","0","0","0","63","270"
"*06ew2*","Axel Disasi","CHE","D","185","FA","BOU 1<br/>@CHE 2 F","213.98","6.9","9%","-2%","31","29","2,578","2","0","0","3","0","4","0","19","1","12","17","6","0","1","18","3","97","12","19","73","150","0","0","1","50","457"
"*0635j*","Chris Richards","CRY","D","187","BBFC","AVL 0<br/>@CRY 5 F","211.46","8.13","89%","-1%","26","23","2,088","1","1","0","6","0","3","0","28","0","4","7","3","0","0","27","2","106","1","12","62","88","0","0","0","38","378"
"*0328q*","Tom Cairney","FUL","M","188","FA","FUL 4<br/>@LUT 2 F","211.1","6.21","1%","0%","34","14","1,449","1","4","0","26","2","8","1","16","0","24","23","3","0","4","13","2","6","26","4","14","105","0","1","1","27","369"
"*061y6*","Ryan Yates","NOT","M","189","FA","NOT 2<br/>@BUR 1 F","210.45","6.01","1%","0%","35","21","1,966","1","1","0","7","0","7","1","39","0","10","57","6","0","1","21","0","39","4","15","43","110","0","0","0","38","108"
"*05o4b*","Matty Cash","AVL","D","190","FA","AVL 0<br/>@CRY 5 F","209.79","7.23","80%","-1%","29","23","2,131","2","2","0","13","0","13","0","31","0","15","22","8","0","9","18","4","52","12","14","15","110","0","0","1","36","248"
"*05o8o*","Jayden Bogle","SHU","D","191","W’s","TOT 3<br/>@SHU 0 F","208.75","6.14","32%","-8%","34","32","2,783","3","0","0","10","3","11","0","36","1","27","22","9","0","10","32","3","86","25","11","50","139","0","0","1","79","90"
"*068n8*","Noni Madueke","CHE","F","192","RDN","BOU 1<br/>@CHE 2 F","208","9.04","66%","-3%","23","13","1,036","5","2","0","20","1","13","1","11","0","14","19","2","0","4","4","1","12","37","0","7","54","0","2","0","19","260"
"*04yo6*","Miguel Almiron","NEW","M","193","FA","NEW 4<br/>@BRF 2 F","206.92","6.27","0%","0%","33","23","1,917","3","1","0","24","0","12","1","24","0","27","22","2","0","4","10","1","12","23","2","6","97","0","0","0","40","443"
"*0477b*","Oliver McBurnie","SHU","F","194","FA","TOT 3<br/>@SHU 0 F","206.75","9.85","0%","0%","21","15","1,273","6","3","0","12","0","17","0","7","0","18","27","3","2","2","5","0","28","6","2","114","41","0","1","0","40","0"
"*02lp5*","Adam Smith","BOU","D","195","FA","BOU 1<br/>@CHE 2 F","205.29","7.33","2%","+1%","28","25","2,144","0","2","0","17","1","0","0","23","0","7","22","6","0","18","21","3","49","4","11","19","92","0","0","0","33","649"
"*05a6e*","Neco Williams","NOT","D","196","FA","NOT 2<br/>@BUR 1 F","204.7","7.87","98%","0%","26","18","1,623","0","1","0","11","0","4","1","40","0","27","30","4","0","12","22","4","43","19","13","31","107","0","0","0","33","93"
"*04yo7*","Youri Tielemans","AVL","M","197","RyRob","AVL 0<br/>@CRY 5 F","202.08","6.32","85%","-3%","32","17","1,596","2","6","0","18","0","6","2","20","0","22","29","3","0","1","15","0","8","15","3","13","97","0","0","0","27","458"
"*04sft*","Yves Bissouma","TOT","M","198","FA","TOT 3<br/>@SHU 0 F","201.57","7.2","2%","0%","28","26","2,063","0","0","0","11","0","5","0","52","0","30","31","8","2","0","37","3","42","27","5","14","128","0","0","0","35","367"
"*05w9i*","Marc Cucurella","CHE","D","199","Laeka B","BOU 1<br/>@CHE 2 F","201.51","9.6","97%","0%","21","20","1,781","0","2","0","19","1","4","0","38","0","6","35","10","0","5","22","4","33","4","13","24","95","0","1","1","33","360"
"*05w9q*","Odsonne Edouard","CRY","F","201","FA","AVL 0<br/>@CRY 5 F","199","6.63","0%","0%","30","17","1,530","7","0","0","18","0","19","3","12","0","26","22","4","0","2","6","0","18","19","1","32","38","0","0","0","24","453"
"*06crm*","Pau Torres","AVL","D","202","FA","AVL 0<br/>@CRY 5 F","198.77","6.85","7%","-1%","29","27","2,460","2","0","0","8","0","5","0","18","0","13","10","1","0","3","14","4","74","17","12","23","127","0","0","0","37","540"
"*04adp*","Aaron Wan-Bissaka","MUN","D","203","MID","MUN 2<br/>@BHA 0 F","198.63","9.03","46%","0%","22","20","1,775","0","2","0","12","0","1","0","25","1","9","9","4","0","4","41","6","54","17","15","21","94","0","0","0","34","283"
"*063zg*","Pervis Estupinan","BHA","D","204","FA","MUN 2<br/>@BHA 0 F","197.27","10.38","93%","0%","19","15","1,237","2","3","0","26","0","6","0","13","0","6","17","4","0","13","21","2","20","9","4","12","90","0","0","1","26","244"
"*06c6c*","Elijah Adebayo","LUT","F","205","W’s","FUL 4<br/>@LUT 2 F","196.75","7.29","0%","0%","27","16","1,396","10","0","0","14","1","14","1","1","0","34","16","1","0","0","6","0","25","18","2","43","34","0","0","0","36","149"
"*04f67*","Philip Billing","BOU","M","206","FA","BOU 1<br/>@CHE 2 F","196.2","6.77","0%","0%","29","13","1,371","2","2","0","23","1","8","0","16","0","17","12","3","1","5","20","3","27","12","5","36","76","0","0","0","36","243"
"*05tr5*","Mads Roerslev","BRF","D","207","FA","NEW 4<br/>@BRF 2 F","196.11","5.77","0%","0%","34","22","1,963","1","2","0","15","0","1","0","31","1","15","15","1","0","24","19","2","61","11","3","15","82","0","0","0","40","429"
"*04spx*","Tahith Chong","LUT","M","208","CC FC","FUL 4<br/>@LUT 2 F","195.7","5.93","0%","0%","33","20","1,960","4","0","1","10","2","7","0","22","0","40","64","4","0","8","8","2","10","25","6","10","104","0","0","0","51","18"
"*068lx*","Dango Ouattara","BOU","F","210","BBFC","BOU 1<br/>@CHE 2 F","195","6.5","95%","0%","30","12","1,198","1","2","0","17","0","7","0","27","0","12","17","3","0","8","22","6","33","21","3","35","69","0","0","0","24","339"
"*02lnx*","Danny Welbeck","BHA","F","211","FA","MUN 2<br/>@BHA 0 F","195","6.72","89%","+1%","29","21","1,681","5","1","0","22","3","16","1","17","0","21","21","4","0","0","9","0","17","8","0","16","42","0","2","0","28","341"
"*06dwm*","Jacob Bruun Larsen","BUR","F","209","Noah B","NOT 2<br/>@BUR 1 F","195","6.09","1%","0%","32","16","1,221","6","0","0","25","0","16","0","4","0","10","7","1","0","7","7","1","21","19","2","12","64","0","0","0","23","109"
"*03v6w*","Ivan Toney","BRF","F","213","CmBk","NEW 4<br/>@BRF 2 F","193.25","11.37","0%","0%","17","16","1,448","4","2","0","12","1","22","1","5","0","17","29","5","0","6","10","0","17","10","1","55","56","0","0","0","30","270"
"*02lkj*","Jack Robinson","SHU","D","214","FA","TOT 3<br/>@SHU 0 F","193","5.68","0%","0%","34","31","2,878","1","1","0","12","0","6","0","28","2","5","16","10","0","4","33","7","127","5","33","70","135","0","0","2","83","90"
"*050jq*","Marc Guehi","CRY","D","215","FA","AVL 0<br/>@CRY 5 F","191.62","7.66","98%","0%","25","23","2,016","0","1","1","7","0","0","0","19","0","2","26","2","0","0","18","5","88","7","17","29","120","0","0","0","32","534"
"*0554i*","Joelinton","NEW","M","216","BBFC","NEW 4<br/>@BRF 2 F","191.3","9.56","43%","+1%","20","15","1,270","2","1","0","23","0","9","0","27","0","28","23","6","0","0","19","1","10","17","7","17","85","0","0","0","23","297"
"*04f6o*","Will Hughes","CRY","M","217","FA","AVL 0<br/>@CRY 5 F","190.58","6.35","2%","0%","30","23","1,878","0","1","0","21","1","3","0","33","0","27","30","6","0","4","21","1","20","9","14","12","121","0","0","0","38","593"
"*03yeg*","Tosin Adarabioyo","FUL","D","218","FA","FUL 4<br/>@LUT 2 F","190.02","9.5","7%","-3%","20","18","1,616","2","0","0","2","0","5","1","11","0","4","5","2","0","0","25","5","80","1","11","57","43","0","0","0","25","540"
"*06c4o*","Lyle Foster","BUR","F","219","FA","NOT 2<br/>@BUR 1 F","190","7.92","6%","0%","24","22","1,893","5","3","0","19","0","17","0","10","0","33","11","0","1","0","3","0","33","19","3","50","51","0","0","0","43","64"
"*0554g*","Calvin Bassey","FUL","D","220","FA","FUL 4<br/>@LUT 2 F","186.83","6.44","17%","+5%","29","25","2,296","1","0","0","1","0","2","1","29","1","8","11","4","1","0","28","6","80","11","11","30","171","0","0","0","42","541"
"*0649i*","Antony","MUN","F","221","FA","MUN 2<br/>@BHA 0 F","186.75","6.44","0%","0%","29","15","1,298","1","1","0","22","0","16","1","21","0","19","32","5","0","4","12","0","8","26","1","2","96","0","1","0","26","247"
"*03amm*","Reece Burke","LUT","D","222","FA","FUL 4<br/>@LUT 2 F","185.5","8.43","0%","0%","22","20","1,656","0","4","0","13","0","4","0","23","1","5","12","5","0","4","18","3","73","4","18","46","62","0","0","0","37","90"
"*06fy7*","Nicolas Dominguez","NOT","M","223","FA","NOT 2<br/>@BUR 1 F","183.4","7.05","2%","0%","26","19","1,483","2","2","0","10","0","6","0","34","0","7","16","4","0","1","18","1","23","7","5","21","108","0","0","0","27","261"
"*04rd0*","Bobby De Cordova-Reid","FUL","F","224","FA","FUL 4<br/>@LUT 2 F","180.5","5.47","0%","0%","33","17","1,395","6","2","0","17","1","8","1","14","0","10","25","4","0","6","5","1","12","8","2","13","60","0","0","0","29","282"
"*044ej*","Johann Gudmundsson","BUR","M","225","FA","NOT 2<br/>@BUR 1 F","179.77","6.91","0%","0%","26","12","1,172","1","3","1","35","0","6","1","4","0","15","20","2","0","11","16","4","16","5","0","14","56","0","0","0","25","24"
"*03dyl*","Jeffrey Schlupp","CRY","M","226","FA","AVL 0<br/>@CRY 5 F","178.66","6.16","0%","0%","29","17","1,330","2","2","0","19","0","11","0","24","0","23","15","1","0","2","8","1","18","17","2","22","54","0","0","0","25","352"
"*04fyc*","Charlie Taylor","BUR","D","227","FA","NOT 2<br/>@BUR 1 F","176.51","6.3","0%","0%","28","25","2,328","1","1","0","15","0","1","0","20","0","10","16","8","0","14","19","2","67","9","11","41","106","0","0","0","46","180"
"*062p3*","Keane Lewis-Potter","BRF","F","228","FA","NEW 4<br/>@BRF 2 F","176.5","5.88","39%","0%","30","15","1,414","3","1","0","13","1","22","2","7","0","18","18","0","0","6","7","0","20","21","2","15","62","0","0","0","29","178"
"*056mf*","Neal Maupay","EVE/BRF","F","229","FA","NEW 4<br/>@BRF 2 F","176.5","5.69","0%","0%","31","14","1,398","6","3","1","16","0","20","1","7","0","27","26","8","0","2","2","1","4","9","0","14","64","0","0","0","37","253"
"*05mxa*","Joel Veltman","BHA","D","230","RyRob","MUN 2<br/>@BHA 0 F","175.43","6.5","3%","0%","27","17","1,570","1","1","0","4","0","3","0","41","0","7","42","4","0","0","18","2","52","1","7","30","76","0","0","0","32","265"
"*06c4i*","Vitinho","BUR","D","231","FA","NOT 2<br/>@BUR 1 F","174.26","5.45","0%","0%","32","26","2,302","0","2","0","11","1","4","0","35","1","26","28","1","0","4","12","1","43","25","6","20","109","0","1","0","44","180"
"*06do9*","Milos Kerkez","BOU","D","232","FA","BOU 1<br/>@CHE 2 F","174.11","6.22","76%","0%","28","22","1,961","0","1","0","12","1","5","1","26","0","10","21","4","1","11","20","3","56","12","11","18","93","0","1","1","37","444"
"*058vb*","Cameron Archer","AVL/SHU","F","233","FA","TOT 3<br/>@SHU 0 F","173.25","5.78","0%","0%","30","21","1,819","4","1","0","24","2","11","1","13","0","45","20","2","0","2","1","0","9","30","3","7","63","0","0","0","50","94"
"*06jgs*","Adam Wharton","CRY","M","234","MID","AVL 0<br/>@CRY 5 F","171.58","10.72","75%","-1%","16","15","1,295","0","3","0","21","0","1","0","32","0","12","21","2","0","3","20","2","24","3","3","8","76","0","0","0","16","413"
"*062cl*","Issa Kabore","LUT","D","235","Slab","FUL 4<br/>@LUT 2 F","171","7.13","0%","0%","24","21","1,723","0","2","0","16","1","1","0","28","0","8","30","7","0","14","16","4","46","18","11","18","102","0","0","1","39","45"
"*05ue7*","Frank Onyeka","BRF","M","236","FA","NEW 4<br/>@BRF 2 F","170.07","6.54","0%","0%","26","11","1,134","1","2","0","12","0","9","0","24","0","12","31","8","0","5","23","4","17","11","7","10","73","0","0","0","27","119"
"*05y7i*","Jarell Quansah","LIV","D","237","W’s","WOL 0<br/>@LIV 2 F","169.27","9.96","0%","0%","17","13","1,183","2","0","0","3","0","4","0","22","0","2","2","1","0","0","17","1","39","4","8","45","71","0","0","0","15","199"
"*03vll*","Michail Antonio","WHU","F","238","CC FC","WHU 1<br/>@MCI 3 F","168.75","6.49","0%","0%","26","21","1,688","6","2","0","8","0","14","0","8","0","39","28","6","0","2","4","0","4","29","3","33","55","0","0","0","34","71"
"*02ln2*","Jonny Evans","MUN","D","240","W’s","MUN 2<br/>@BHA 0 F","167.5","7.28","0%","0%","23","15","1,386","0","1","0","6","0","0","0","14","0","3","13","2","0","0","23","5","73","4","18","36","70","0","0","0","24","386"
"*04qrc*","Raul Jimenez","FUL","F","241","FA","FUL 4<br/>@LUT 2 F","166.25","6.93","86%","-5%","24","18","1,385","7","0","0","11","0","17","1","12","0","32","21","3","1","2","4","0","13","10","3","44","43","0","0","0","26","440"
"*05w9r*","Takehiro Tomiyasu","ARS","D","242","RyRob","EVE 1<br/>@ARS 2 F","166.22","7.56","0%","0%","22","10","1,130","2","1","0","6","0","3","0","9","0","3","8","0","1","5","18","1","30","4","4","26","54","0","0","0","10","528"
"*0329y*","Joel Ward","CRY","D","243","FA","AVL 0<br/>@CRY 5 F","165.23","6.36","0%","0%","26","23","1,976","0","1","0","3","0","0","0","28","0","3","6","4","0","3","14","3","84","8","10","46","94","0","0","1","34","442"
"*03rvw*","Harry Toffolo","NOT","D","244","RDN","NOT 2<br/>@BUR 1 F","165.17","7.18","0%","0%","23","15","1,445","1","3","0","18","0","5","0","14","0","5","2","3","0","11","14","1","44","1","13","25","57","0","0","0","29","160"
"*06c5z*","Gabriel Osho","LUT","D","245","FA","FUL 4<br/>@LUT 2 F","165.01","7.86","0%","0%","21","21","1,846","2","0","0","2","0","2","0","22","0","10","14","3","0","1","31","8","88","7","20","37","103","0","0","0","47","180"
"*03frx*","Ola Aina","NOT","D","246","FA","NOT 2<br/>@BUR 1 F","164.72","7.49","39%","-8%","22","20","1,687","1","1","0","11","0","1","0","31","0","10","25","3","0","7","18","0","41","27","3","17","97","0","0","0","39","157"
"*061va*","Boubacar Kamara","AVL","M","247","FA","AVL 0<br/>@CRY 5 F","164.44","8.22","7%","0%","20","20","1,648","0","1","0","20","0","1","0","29","0","13","29","7","1","0","21","3","15","14","7","20","97","0","0","0","22","513"
"*067yu*","Facundo Buonanotte","BHA","M","248","FA","MUN 2<br/>@BHA 0 F","164.22","6.08","2%","0%","27","17","1,347","3","1","0","18","0","9","1","22","0","33","41","7","0","1","8","3","5","18","3","6","66","0","0","0","19","335"
"*062h9*","Luis Sinisterra","LEE/BOU","F","250","FA","BOU 1<br/>@CHE 2 F","162.5","8.12","0%","0%","20","7","673","2","2","0","20","0","9","1","12","0","10","6","0","0","1","8","1","4","29","0","16","47","0","0","0","18","149"
"*05uhj*","Conor Bradley","LIV","D","251","W’s","WOL 0<br/>@LIV 2 F","161.71","14.7","21%","0%","11","10","751","1","3","0","15","0","4","0","25","0","10","12","2","0","4","10","0","13","13","1","11","50","0","0","1","7","183"
"*062ce*","Auston Trusty","SHU","D","252","FA","TOT 3<br/>@SHU 0 F","161","5.03","0%","0%","32","28","2,564","0","0","0","8","0","2","1","30","3","4","13","4","0","2","35","6","145","6","22","63","89","0","0","0","81","90"
"*03r8x*","Callum Wilson","NEW","F","253","FA","NEW 4<br/>@BRF 2 F","160.75","8.04","16%","+4%","20","9","971","9","1","0","8","0","21","1","3","0","35","17","3","0","0","2","1","4","14","0","9","17","0","0","0","15","379"
"*06fso*","Wataru Endo","LIV","M","254","FA","WOL 0<br/>@LIV 2 F","159.94","5.52","1%","0%","29","20","1,702","1","0","0","16","0","3","1","28","0","22","25","10","0","2","20","1","30","10","2","31","109","0","0","0","16","490"
"*02lnn*","Oliver Norwood","SHU","M","255","FA","TOT 3<br/>@SHU 0 F","157.75","5.84","0%","0%","27","16","1,418","1","0","0","17","0","6","0","26","0","4","9","8","0","4","21","4","36","1","9","14","98","0","0","0","47","0"
"*06f8y*","Alex Scott","BOU","M","257","FA","BOU 1<br/>@CHE 2 F","155.23","6.75","71%","-1%","23","11","992","1","1","0","22","0","4","0","15","0","11","25","3","0","2","12","3","17","13","4","17","63","0","0","0","25","336"
"*052cc*","Billy Gilmour","BHA","M","258","FA","MUN 2<br/>@BHA 0 F","155.21","5.17","0%","0%","30","24","2,109","0","1","0","22","2","5","0","16","0","9","30","8","1","3","11","0","14","8","9","11","132","0","0","0","37","357"
"*04ml6*","Konstantinos Mavropanos","ARS/WHU","D","259","FA","WHU 1<br/>@MCI 3 F","154.08","8.11","50%","-8%","19","16","1,500","1","0","0","3","0","3","0","16","2","0","10","2","0","0","23","1","78","2","13","44","70","0","0","2","27","271"
"*06c6i*","Anel Ahmedhodzic","SHU","D","260","FA","TOT 3<br/>@SHU 0 F","153.75","4.96","0%","0%","31","29","2,646","2","0","0","7","0","5","1","36","2","11","13","9","1","1","34","9","134","11","26","51","106","0","0","0","89","90"
"*02lm7*","Jack Grealish","MCI","M","261","Noah B","WHU 1<br/>@MCI 3 F","152.25","7.61","33%","-1%","20","10","990","3","1","1","26","0","5","0","8","0","22","41","6","0","3","6","0","4","18","2","4","42","0","0","0","13","338"
"*04ge9*","Eddie Nketiah","ARS","F","262","FA","EVE 1<br/>@ARS 2 F","151.75","5.62","3%","0%","27","10","1,050","5","2","0","9","2","12","2","7","0","18","28","3","0","0","4","0","4","8","0","24","24","0","2","0","10","480"
"*05s08*","Valentino Livramento","NEW","D","263","FA","NEW 4<br/>@BRF 2 F","151.16","5.81","42%","-1%","26","12","1,291","1","0","0","12","0","2","0","13","0","18","28","1","0","5","25","1","37","17","7","12","85","0","0","0","27","306"
"*051k5*","Lloyd Kelly","BOU","D","264","FA","BOU 1<br/>@CHE 2 F","150.55","6.55","0%","0%","23","17","1,547","0","1","0","9","0","1","0","19","0","6","13","2","0","5","13","2","59","2","12","28","121","0","0","0","32","368"
"*04rzl*","Taiwo Awoniyi","NOT","F","265","FA","NOT 2<br/>@BUR 1 F","149.25","7.46","20%","+1%","20","12","1,030","6","3","0","10","0","11","0","7","0","11","16","2","0","0","1","0","9","8","2","21","33","0","0","0","21","211"
"*06c5y*","Amari'i Bell","LUT","D","266","FA","FUL 4<br/>@LUT 2 F","147.76","7.04","0%","0%","21","21","1,719","0","0","0","8","0","2","0","33","0","5","16","0","0","1","25","2","55","10","15","21","98","0","0","0","41","165"
"*06igk*","Ben Brereton","SHU","F","267","FA","TOT 3<br/>@SHU 0 F","147.25","10.52","0%","0%","14","14","1,105","6","1","0","8","0","19","1","4","0","16","19","3","0","2","3","1","11","10","3","7","39","0","1","0","37","0"
"*06fxe*","Ryan Gravenberch","LIV","M","268","FA","WOL 0<br/>@LIV 2 F","145.98","5.61","93%","+1%","26","12","1,099","1","0","0","16","0","8","1","12","0","13","15","0","0","0","14","0","11","23","2","10","74","0","0","0","17","291"
"*02lp7*","Andros Townsend","EVE/LUT","M","269","FA","FUL 4<br/>@LUT 2 F","144.87","5.37","0%","0%","27","14","1,183","1","3","0","18","1","7","0","13","0","26","12","1","0","14","5","0","9","16","0","0","68","0","0","0","27","101"
"*04abn*","Harvey Barnes","NEW","M","270","RyRob","NEW 4<br/>@BRF 2 F","144.73","6.89","69%","+9%","21","7","774","5","3","0","13","0","12","0","1","0","16","21","2","0","3","5","0","2","7","0","4","43","0","0","0","10","223"
"*0620k*","Nayef Aguerd","WHU","D","271","FA","WHU 1<br/>@MCI 3 F","144.01","6.86","0%","0%","21","21","1,857","1","0","0","4","0","4","0","14","0","2","6","1","1","0","17","5","80","3","24","48","102","0","0","0","44","180"
"*04u41*","Mateo Kovacic","MCI","M","272","FA","WHU 1<br/>@MCI 3 F","143.99","4.8","2%","0%","30","16","1,528","1","0","0","21","0","5","0","25","0","24","15","4","0","0","10","1","10","20","1","4","72","0","0","0","14","675"
"*051ki*","Ben Godfrey","EVE","D","273","FA","EVE 1<br/>@ARS 2 F","141.26","9.42","0%","0%","15","13","1,119","0","0","0","3","0","4","0","20","2","6","6","2","0","4","16","5","51","5","8","26","45","0","0","0","13","360"
"*05ue3*","Albert Sambi Lokonga","ARS/LUT","M","274","FA","FUL 4<br/>@LUT 2 F","140.87","8.29","0%","0%","17","16","1,300","1","3","0","9","0","2","0","18","0","11","27","4","0","1","11","2","14","11","13","16","64","0","0","0","31","146"
"*068sd*","Jakub Kiwior","ARS","D","275","FA","EVE 1<br/>@ARS 2 F","140.33","7.02","1%","0%","20","11","941","1","3","0","6","0","3","0","12","0","2","3","1","0","3","8","0","24","2","3","16","35","0","0","0","8","526"
"*02m11*","Matt Doherty","WOL","D","276","FA","WOL 0<br/>@LIV 2 F","139.9","4.66","1%","0%","30","9","1,122","1","0","0","12","0","3","0","18","1","6","11","2","0","1","7","1","37","7","5","38","64","0","0","0","21","96"
"*05opj*","Elliot Anderson","NEW","M","277","FA","NEW 4<br/>@BRF 2 F","138.33","6.59","99%","0%","21","10","1,006","0","2","0","15","0","5","0","18","0","21","19","3","0","3","8","0","20","20","4","19","60","0","0","0","14","390"
"*05vyj*","Evan Ferguson","BHA","F","278","FA","MUN 2<br/>@BHA 0 F","138.25","5.12","94%","0%","27","15","1,345","6","0","0","6","1","20","1","6","0","31","25","1","0","0","2","0","8","7","3","14","25","0","1","0","28","128"
"*037wp*","Christian Eriksen","MUN","M","279","FA","MUN 2<br/>@BHA 0 F","137.94","6.27","0%","0%","22","12","1,124","1","2","0","27","0","4","0","13","0","14","3","1","0","5","4","0","12","3","6","2","86","0","0","0","27","152"
"*06c5x*","Tom Lockyer","LUT","D","280","FA","FUL 4<br/>@LUT 2 F","135.25","9.66","0%","0%","14","14","1,168","1","1","0","3","0","1","0","16","1","2","10","4","0","0","23","4","66","4","13","31","89","0","0","1","23","0"
"*04fk8*","Victor Lindelof","MUN","D","281","FA","MUN 2<br/>@BHA 0 F","135.15","7.11","1%","0%","19","14","1,325","1","1","0","8","0","4","0","10","0","3","2","2","0","0","12","1","38","1","9","17","75","0","0","0","16","407"
"*062a9*","Sven Botman","NEW","D","282","FA","NEW 4<br/>@BRF 2 F","135.09","7.95","49%","+5%","17","15","1,373","2","2","0","5","0","2","0","13","2","2","2","2","0","0","9","1","58","0","16","34","70","0","0","1","29","275"
"*06ab3*","Lewis Miley","NEW","M","284","FA","NEW 4<br/>@BRF 2 F","133.8","7.87","13%","-13%","17","14","1,194","1","3","0","12","0","3","0","21","0","10","6","1","0","2","8","1","16","8","3","11","78","0","0","0","29","162"
"*0574a*","Giovani Lo Celso","TOT","M","285","FA","TOT 3<br/>@SHU 0 F","133.49","6.07","0%","0%","22","4","475","2","2","0","18","0","6","0","13","0","7","26","2","0","5","5","1","2","8","1","1","46","0","0","0","12","22"
"*043qz*","Pierre-Emile Hojbjerg","TOT","M","286","FA","TOT 3<br/>@SHU 0 F","132.42","3.68","0%","0%","36","8","1,268","0","0","0","9","0","6","1","18","0","9","17","4","0","1","19","1","27","12","7","8","121","0","0","1","28","218"
"*06fwi*","Carlos Baleba","BHA","M","287","FA","MUN 2<br/>@BHA 0 F","131.01","4.85","20%","+1%","27","15","1,303","0","0","0","8","0","5","0","20","0","16","27","7","0","0","18","4","27","11","7","25","95","0","0","0","28","181"
"*06eka*","Igor Julio","BHA","D","288","FA","MUN 2<br/>@BHA 0 F","130.87","5.45","0%","0%","24","17","1,626","0","0","0","7","0","0","0","18","0","6","4","4","0","0","14","2","45","16","9","26","105","0","0","0","26","238"
"*05up6*","Raphael Varane","MUN","D","289","FA","MUN 2<br/>@BHA 0 F","130.69","5.94","0%","0%","22","16","1,365","1","0","0","1","0","2","0","11","1","2","3","2","0","0","15","9","86","1","18","21","67","0","0","0","23","329"
"*03dx7*","Ben Mee","BRF","D","290","FA","NEW 4<br/>@BRF 2 F","130.5","8.16","0%","0%","16","15","1,272","2","0","0","6","1","2","0","15","0","7","3","1","1","3","13","2","57","3","13","35","67","0","0","0","26","90"
"*06c63*","Jordan Clark","LUT","M","291","FA","FUL 4<br/>@LUT 2 F","129.49","5.63","0%","0%","23","14","1,288","1","1","0","12","0","4","0","17","0","21","26","4","0","7","11","4","14","12","3","18","59","0","0","0","41","67"
"*05n3v*","Konstantinos Tsimikas","LIV","D","292","FA","WOL 0<br/>@LIV 2 F","129.41","9.95","1%","0%","13","8","671","0","3","0","16","0","0","0","13","0","4","7","0","0","10","6","1","9","4","1","4","43","0","0","0","7","336"
"*02oo1*","Ben Davies","TOT","D","294","FA","TOT 3<br/>@SHU 0 F","127.7","7.51","1%","0%","17","12","1,079","1","0","0","4","2","2","0","17","0","3","19","2","0","1","10","1","35","4","15","29","53","0","1","0","21","123"
"*05w9m*","Emerson Royal","TOT","D","295","FA","TOT 3<br/>@SHU 0 F","126.07","5.73","0%","0%","22","11","1,145","1","0","0","3","0","3","0","24","0","12","38","4","0","2","20","3","45","10","10","16","82","0","0","0","31","61"
"*06jgv*","Lorenz Assignon","BUR","D","296","Noah B","NOT 2<br/>@BUR 1 F","126","8.4","0%","0%","15","15","1,233","1","2","0","13","0","4","0","17","0","13","16","3","1","5","19","2","41","13","7","13","67","0","0","0","30","0"
"*03pig*","Jamaal Lascelles","NEW","D","297","FA","NEW 4<br/>@BRF 2 F","125.02","7.81","0%","0%","16","13","1,073","1","0","0","2","0","1","0","9","0","4","2","4","0","0","5","1","42","1","12","47","53","0","0","0","15","450"
"*061v9*","Diego Carlos","AVL","D","299","FA","AVL 0<br/>@CRY 5 F","123.8","4.59","0%","0%","27","20","1,802","0","0","0","3","0","1","0","16","2","4","4","4","0","0","13","6","78","2","19","21","78","0","0","0","36","548"
"*06fvn*","Beto","EVE","F","300","FA","EVE 1<br/>@ARS 2 F","121.75","4.06","74%","+9%","30","9","913","3","0","0","11","0","13","0","6","0","22","19","2","0","0","1","0","13","15","0","47","36","1","0","0","20","180"
"*0687b*","Alex Moreno","AVL","D","301","FA","AVL 0<br/>@CRY 5 F","120.54","5.74","0%","0%","21","11","1,017","2","0","0","11","0","4","0","12","0","5","16","2","0","4","13","0","33","15","2","4","40","0","0","1","20","263"
"*06clx*","Jordan Beyer","BUR","D","303","FA","NOT 2<br/>@BUR 1 F","120.01","8","0%","0%","15","15","1,233","0","1","0","3","0","0","0","20","1","1","6","6","0","0","16","2","68","4","15","29","57","0","0","0","23","180"
"*06fxv*","Jean-Ricner Bellegarde","WOL","M","304","FA","WOL 0<br/>@LIV 2 F","119.71","5.44","12%","0%","22","10","940","2","1","0","12","1","5","0","10","0","19","24","0","1","2","8","1","13","17","2","8","41","0","0","0","23","41"
"*04qos*","Issa Diop","FUL","D","305","FA","FUL 4<br/>@LUT 2 F","118.2","6.57","2%","+1%","18","16","1,420","0","0","0","0","0","1","0","16","1","5","4","2","1","0","17","2","80","1","19","25","65","0","0","0","25","434"
"*037mt*","Harrison Reed","FUL","M","306","FA","FUL 4<br/>@LUT 2 F","118.12","4.37","0%","0%","27","15","1,306","0","2","1","14","0","2","0","18","0","13","10","6","0","3","11","0","22","5","9","10","72","0","0","0","23","349"
"*063q8*","Mikkel Damsgaard","BRF","M","307","FA","NEW 4<br/>@BRF 2 F","117.9","5.13","92%","+1%","23","7","815","0","2","1","10","2","4","0","17","0","8","8","2","0","2","11","0","10","9","1","12","57","0","0","0","9","194"
"*06804*","Benoit Badiashile","CHE","D","308","FA","BOU 1<br/>@CHE 2 F","117.76","6.54","1%","0%","18","15","1,333","0","1","0","6","0","1","0","15","0","4","6","3","0","0","18","1","65","0","14","28","82","0","0","1","31","270"
"*02m6x*","Tim Ream","FUL","D","309","FA","FUL 4<br/>@LUT 2 F","117.69","6.54","0%","0%","18","17","1,502","1","0","0","0","0","1","0","9","0","3","6","2","1","0","25","3","59","6","15","26","79","0","0","0","29","284"
"*0637b*","Orel Mangala","NOT","M","310","FA","NOT 2<br/>@BUR 1 F","117.45","5.87","0%","0%","20","19","1,560","1","0","0","6","0","1","0","13","0","18","21","6","0","1","26","4","28","13","6","10","74","0","0","0","31","243"
"*05mxc*","Timo Werner","CHE/TOT","F","311","FA","TOT 3<br/>@SHU 0 F","117","9","0%","0%","13","10","803","2","3","0","15","1","7","0","4","0","5","5","1","0","7","3","0","1","12","0","1","27","0","0","0","16","2"
"*068yt*","Sasa Lukic","FUL","M","312","FA","FUL 4<br/>@LUT 2 F","116.03","4.83","12%","+1%","24","13","1,103","1","0","0","11","0","3","0","19","1","10","9","3","0","0","16","0","18","5","5","11","65","0","0","0","20","431"
"*06f80*","Jacob Brown","LUT","F","313","FA","FUL 4<br/>@LUT 2 F","114","6","0%","0%","19","12","1,007","2","0","0","8","1","7","2","12","0","25","19","4","0","3","8","2","17","6","1","43","56","0","0","0","26","90"
"*04e1k*","Solly March","BHA","M","314","FA","MUN 2<br/>@BHA 0 F","113","16.14","1%","0%","7","7","553","3","1","0","7","0","6","0","14","0","10","8","1","0","3","11","1","8","8","0","6","36","0","0","0","11","0"
"*06dqv*","Luca Koleosho","BUR","F","315","FA","NOT 2<br/>@BUR 1 F","109.25","7.28","0%","0%","15","13","970","1","1","0","11","1","5","1","4","0","14","13","0","0","2","2","1","0","33","0","2","46","0","1","0","23","75"
"*02t1k*","Nathaniel Clyne","CRY","D","317","FA","AVL 0<br/>@CRY 5 F","108.73","5.72","1%","0%","19","14","1,329","0","0","0","3","1","0","0","15","0","0","3","0","0","2","10","0","28","8","6","13","50","0","0","0","16","442"
"*05ylw*","Rodrigo Bentancur","TOT","M","318","RDN","TOT 3<br/>@SHU 0 F","108.54","4.72","19%","-1%","23","13","989","1","1","0","8","0","5","1","15","0","19","17","7","0","1","17","0","16","11","4","14","54","0","0","0","25","94"
"*04kj7*","Serge Aurier","NOT","D","319","FA","NOT 2<br/>@BUR 1 F","108.44","9.04","0%","0%","12","10","829","0","2","0","4","0","1","0","14","1","8","9","2","0","5","9","0","32","3","3","30","50","0","0","0","15","134"
"*05yct*","Nathan Patterson","EVE","D","320","FA","EVE 1<br/>@ARS 2 F","107.94","5.4","1%","0%","20","9","990","0","2","0","8","0","0","1","24","1","6","5","4","0","7","9","2","28","7","3","7","60","0","0","0","21","269"
"*067z4*","David Datro Fofana","CHE/BUR","F","321","FA","NOT 2<br/>@BUR 1 F","107.75","7.18","0%","0%","15","10","869","4","1","0","8","0","10","0","5","0","20","10","1","0","1","1","1","2","16","3","12","22","0","0","0","18","0"
"*02oq6*","Luke Shaw","MUN","D","322","FA","MUN 2<br/>@BHA 0 F","104.49","8.71","54%","+3%","12","12","959","0","0","0","13","1","0","0","8","0","6","3","6","0","4","6","1","37","7","11","13","59","0","0","0","13","341"
"*056ir*","Adam Webster","BHA","D","323","MID","MUN 2<br/>@BHA 0 F","104.01","6.93","0%","0%","15","13","1,140","0","0","0","5","0","1","0","12","0","2","3","2","0","0","16","2","41","0","12","33","63","0","0","1","22","225"
"*067ys*","Jack Hinshelwood","BHA","M","324","FA","MUN 2<br/>@BHA 0 F","103.73","8.64","53%","+9%","12","8","860","3","0","0","8","0","8","0","5","0","2","3","1","0","2","14","1","16","0","2","7","33","0","0","0","17","178"
"*063zi*","Matheus Nunes","WOL/MCI","M","325","FA","WHU 1<br/>@MCI 3 F","103.26","5.43","99%","0%","19","9","820","0","2","0","12","0","4","1","5","0","16","23","0","1","6","7","2","9","20","1","7","40","0","0","0","13","226"
"*04mup*","Trevoh Chalobah","CHE","D","326","CmBk","BOU 1<br/>@CHE 2 F","103.23","7.94","60%","-7%","13","10","946","1","0","1","2","0","2","0","12","0","3","3","1","0","0","9","1","49","1","7","19","46","0","0","0","14","262"
"*062ot*","Cheick Doucoure","CRY","M","327","FA","AVL 0<br/>@CRY 5 F","103.13","9.38","1%","0%","11","11","918","0","0","0","10","0","2","0","17","0","8","1","2","0","0","20","2","9","10","2","5","74","0","0","0","12","327"
"*04fyg*","Zanka","BRF","D","328","Noah B","NEW 4<br/>@BRF 2 F","101.26","7.23","0%","0%","14","12","1,084","1","0","0","7","0","2","1","12","0","1","6","4","0","1","12","2","38","3","5","27","67","0","0","0","24","180"
"*02yl5*","John Stones","MCI","D","329","FA","WHU 1<br/>@MCI 3 F","98.01","6.13","4%","0%","16","12","1,058","1","0","0","6","0","2","0","1","0","6","5","2","0","0","10","3","20","1","7","14","46","0","0","0","9","360"
"*05y9n*","Lewis Hall","CHE/NEW","D","330","Laeka B","NEW 4<br/>@BRF 2 F","97.8","5.43","77%","0%","18","8","759","1","0","0","3","0","4","0","18","0","13","5","2","0","2","13","3","16","8","2","10","56","0","0","0","12","102"
"*06c6m*","Oliver Arblaster","SHU","M","331","FA","TOT 3<br/>@SHU 0 F","96.75","8.06","0%","0%","12","11","941","0","0","0","11","0","1","0","14","0","8","12","2","0","0","15","0","8","17","7","9","52","0","0","1","28","0"
"*03v6t*","Ben Chilwell","CHE","D","332","FA","BOU 1<br/>@CHE 2 F","95.92","7.38","0%","0%","13","9","747","0","1","0","14","1","4","0","10","0","5","12","5","0","5","4","1","17","7","3","12","33","0","0","0","14","115"
"*02lv9*","James Milner","BHA","M","333","FA","MUN 2<br/>@BHA 0 F","95.79","6.39","1%","0%","15","11","765","0","2","0","16","0","1","1","14","0","6","4","3","0","6","8","0","13","3","0","6","45","0","0","0","12","161"
"*055c0*","Ben Osborn","SHU","M","334","FA","TOT 3<br/>@SHU 0 F","95.25","3.97","0%","0%","24","14","1,345","0","2","0","13","0","0","0","9","0","10","9","3","0","9","8","0","26","7","2","6","80","0","0","1","39","0"
"*04o82*","Curtis Jones","LIV","M","335","FA","WOL 0<br/>@LIV 2 F","95.16","4.14","19%","0%","23","14","1,146","1","1","0","11","0","6","0","14","0","33","14","3","1","1","7","1","7","15","0","7","72","0","0","0","17","217"
"*05oeh*","Kenny Tete","FUL","D","336","MID","FUL 4<br/>@LUT 2 F","94.97","6.78","32%","0%","14","10","859","1","0","0","3","0","1","1","17","0","3","12","2","0","7","16","1","31","9","3","5","45","0","0","0","21","187"
"*05746*","Emil Krafth","NEW","D","337","RDN","NEW 4<br/>@BRF 2 F","94.76","5.57","0%","0%","17","8","906","0","0","0","9","0","0","1","14","0","3","7","2","0","8","9","2","18","3","3","13","44","0","0","0","15","255"
"*06fxu*","Ibrahim Sangare","NOT","M","338","FA","NOT 2<br/>@BUR 1 F","94.33","5.55","7%","-1%","17","13","1,026","0","0","0","7","0","0","0","23","0","8","9","6","0","0","16","2","19","6","7","9","70","0","0","0","16","165"
"*05a6d*","Tariq Lamptey","BHA","D","339","FA","MUN 2<br/>@BHA 0 F","94.29","4.96","0%","0%","19","10","899","0","3","0","10","0","0","0","14","0","2","18","3","0","9","6","2","5","6","3","4","32","0","0","0","20","113"
"*062x7*","Rico Lewis","MCI","D","340","FA","WHU 1<br/>@MCI 3 F","93.87","5.87","6%","0%","16","8","796","2","0","0","13","0","4","0","7","0","12","20","1","0","0","4","0","3","4","1","0","42","0","0","0","9","178"
"*062h8*","Moussa Niakhate","NOT","D","341","FA","NOT 2<br/>@BUR 1 F","91.75","4.37","0%","0%","21","15","1,450","1","0","0","3","0","1","0","25","0","3","4","3","1","1","14","1","49","3","12","16","98","0","0","0","35","90"
"*06fun*","Gonzalo Montiel","NOT","D","342","FA","NOT 2<br/>@BUR 1 F","91.39","6.53","0%","0%","14","8","791","0","2","0","9","0","0","0","19","0","3","1","5","0","1","9","3","30","1","3","12","42","0","0","0","11","62"
"*06jgr*","Maxime Esteve","BUR","D","343","FA","NOT 2<br/>@BUR 1 F","91","5.69","9%","0%","16","15","1,310","0","0","0","1","0","0","0","10","1","3","16","6","0","1","27","7","55","1","10","27","62","0","0","0","28","0"
"*052k8*","Tommy Doyle","MCI/WOL","M","344","FA","WOL 0<br/>@LIV 2 F","90.38","3.48","0%","0%","26","11","1,194","0","0","0","8","0","3","0","13","0","7","4","2","0","3","12","0","17","1","9","0","93","0","0","0","24","192"
"*04s8k*","Jorginho","ARS","M","345","FA","EVE 1<br/>@ARS 2 F","89.25","3.72","0%","0%","24","10","903","0","2","0","10","0","0","0","10","0","4","15","1","0","1","12","1","7","2","1","7","49","0","0","0","11","360"
"*0435s*","Joel Matip","LIV","D","346","FA","WOL 0<br/>@LIV 2 F","88.29","8.83","0%","0%","10","9","779","0","0","0","2","0","0","0","6","0","4","3","2","0","0","9","1","41","0","12","28","58","0","0","1","9","203"
"*055se*","Marvelous Nakamba","LUT","M","347","FA","FUL 4<br/>@LUT 2 F","87.5","6.73","0%","0%","13","13","1,131","0","0","0","7","0","0","0","24","0","4","9","5","0","1","11","0","11","3","6","4","90","0","0","0","24","0"
"*05uht*","Morgan Rogers","MCI/AVL","F","348","FA","AVL 0<br/>@CRY 5 F","87.25","7.93","100%","0%","11","8","634","3","1","0","9","0","5","0","1","0","11","9","3","0","0","3","0","8","17","0","7","31","0","0","0","13","160"
"*03u2b*","Adama Traore","WOL/FUL","F","350","Laeka B","FUL 4<br/>@LUT 2 F","85.25","5.01","9%","0%","17","1","349","2","3","0","7","0","7","1","3","0","9","4","2","0","5","1","0","2","9","0","9","13","0","0","0","13","31"
"*02oq3*","Jay Rodriguez","BUR","F","349","FA","NOT 2<br/>@BUR 1 F","85.25","4.06","0%","0%","21","7","800","2","1","0","4","0","8","1","9","0","5","6","0","0","0","1","0","7","6","1","22","25","0","0","0","18","99"
"*051kg*","Max Aarons","BOU","D","351","FA","BOU 1<br/>@CHE 2 F","84.84","4.24","0%","0%","20","13","1,226","0","1","0","7","0","0","0","19","0","8","26","1","0","3","8","1","21","14","5","5","75","0","0","0","34","170"
"*051kz*","George Baldock","SHU","D","352","FA","TOT 3<br/>@SHU 0 F","84.25","6.48","0%","0%","13","11","967","0","1","0","7","1","0","0","10","0","9","14","4","0","4","10","3","30","6","8","15","44","0","1","0","21","0"
"*068se*","Jhon Duran","AVL","F","353","Laeka B","AVL 0<br/>@CRY 5 F","84.25","3.66","0%","0%","23","3","447","5","0","0","4","1","7","0","5","0","14","8","5","0","1","1","0","9","2","0","20","15","0","1","0","12","87"
"*03sbh*","Enes Unal","MCI/BOU","F","354","CmBk","BOU 1<br/>@CHE 2 F","82.75","5.17","0%","0%","16","2","308","2","2","0","5","2","11","0","4","0","10","9","1","0","0","1","0","6","2","2","9","10","0","0","0","9","70"
"*06ftl*","Nicolo Zaniolo","AVL","M","356","FA","AVL 0<br/>@CRY 5 F","79.25","3.17","0%","0%","25","9","810","2","0","0","10","0","10","0","9","0","36","21","7","0","0","1","0","11","13","0","7","36","0","0","0","13","180"
"*051k3*","Jacob Ramsey","AVL","M","357","FA","AVL 0<br/>@CRY 5 F","78.82","4.93","12%","+1%","16","8","842","1","1","1","10","0","5","0","8","0","21","12","2","0","0","3","1","7","8","2","5","42","0","0","0","12","96"
"*05os9*","Thomas Partey","ARS","M","358","FA","EVE 1<br/>@ARS 2 F","77.52","5.54","0%","0%","14","9","779","0","0","0","6","0","2","0","11","0","8","6","3","0","2","11","3","8","9","3","7","56","0","0","0","5","475"
"*05oyq*","Said Benrahma","WHU","M","360","FA","WHU 1<br/>@MCI 3 F","76.11","5.85","0%","0%","13","5","604","0","1","0","11","0","6","0","4","0","8","6","1","0","3","5","1","5","14","0","1","43","1","0","0","8","145"
"*04ylt*","Chris Mepham","BOU","D","361","FA","BOU 1<br/>@CHE 2 F","74.39","7.44","0%","0%","10","6","609","0","1","0","3","0","1","0","11","0","2","2","2","0","0","7","1","29","0","6","30","31","0","0","0","16","77"
"*05trk*","Saman Ghoddos","BRF","M,F","362","FA","NEW 4<br/>@BRF 2 F","74.25","3.91","0%","0%","19","7","718","1","0","0","9","0","2","0","19","0","4","9","5","0","6","5","0","9","3","2","4","39","0","0","0","20","10"
"*066r9*","Ehor Yarmolyuk","BRF","M","364","FA","NEW 4<br/>@BRF 2 F","73.08","2.71","12%","+1%","27","6","652","0","0","0","3","0","5","0","11","0","10","6","2","0","1","6","0","5","17","4","9","50","0","0","0","9","142"
"*05raa*","Hugo Bueno","WOL","D","365","FA","WOL 0<br/>@LIV 2 F","72.54","3.3","54%","-1%","22","7","709","0","0","0","6","0","0","0","14","0","14","6","1","0","10","6","1","20","8","4","9","37","0","0","1","16","188"
"*05ye7*","Oscar Bobb","MCI","M","366","FA","WHU 1<br/>@MCI 3 F","72.42","5.17","26%","+4%","14","2","287","1","1","1","9","1","2","0","3","0","6","3","0","0","3","5","1","1","11","0","1","17","0","0","0","5","105"
"*051k7*","Reece James","CHE","D","368","RyRob","BOU 1<br/>@CHE 2 F","72","7.2","95%","+3%","10","5","412","0","2","1","12","0","1","0","9","0","6","5","0","2","7","3","1","7","9","4","8","28","0","0","0","11","0"
"*06fx1*","Ansu Fati","BHA","F","367","FA","MUN 2<br/>@BHA 0 F","72","3.79","0%","0%","19","3","496","2","0","0","6","1","11","0","3","0","10","13","2","0","0","3","0","3","5","0","1","22","0","0","0","12","72"
"*037mv*","Pelly Ruddock","LUT","M","369","FA","FUL 4<br/>@LUT 2 F","71.33","2.64","0%","0%","27","11","1,070","0","0","0","6","0","1","0","5","0","16","14","1","0","3","9","0","16","9","7","12","54","0","0","0","29","30"
"*06c6n*","Andre Brooks","SHU","M","370","FA","TOT 3<br/>@SHU 0 F","70.8","3.54","0%","0%","20","12","926","0","0","0","3","0","2","0","13","0","19","9","1","0","0","14","0","14","12","1","11","45","0","0","0","29","72"
"*06fxf*","Sofyan Amrabat","MUN","M","371","FA","MUN 2<br/>@BHA 0 F","70.31","3.35","0%","0%","21","10","920","0","0","0","6","0","0","1","16","0","11","10","6","0","1","8","2","19","6","7","5","60","0","0","0","15","186"
"*064a1*","Boubacar Traore","WOL","M","372","FA","WOL 0<br/>@LIV 2 F","69.32","2.89","0%","0%","24","7","786","0","0","0","6","0","1","0","23","0","18","4","4","0","3","5","0","7","10","2","6","62","0","0","0","23","6"
"*052cd*","Mason Mount","MUN","M","373","FA","MUN 2<br/>@BHA 0 F","69.15","4.94","17%","0%","14","5","501","1","0","0","6","0","1","0","14","0","6","9","2","0","2","6","3","3","4","1","6","37","0","0","0","13","126"
"*061xs*","Julio Enciso","BHA","F","374","FA","MUN 2<br/>@BHA 0 F","68.25","5.69","1%","0%","12","5","463","0","2","0","9","0","8","0","2","0","8","10","2","0","2","0","0","3","17","0","1","13","0","0","0","12","66"
"*06cm0*","Christopher Nkunku","CHE","F","375","Noah B","BOU 1<br/>@CHE 2 F","68","6.18","1%","0%","11","2","429","3","0","0","3","0","9","0","4","0","8","7","0","0","0","2","0","4","2","1","10","12","0","0","0","12","13"
"*02lpl*","Seamus Coleman","EVE","D","376","FA","EVE 1<br/>@ARS 2 F","67.66","5.64","0%","0%","12","7","657","0","0","0","3","0","0","0","14","0","4","5","0","0","2","7","1","24","6","4","1","39","0","0","1","10","336"
"*062ir*","Clement Lenglet","TOT/AVL","D","377","FA","AVL 0<br/>@CRY 5 F","67.01","4.79","0%","0%","14","14","1,153","0","1","0","2","0","2","0","9","0","3","12","3","0","0","7","2","47","3","11","15","37","0","0","0","27","180"
"*067zv*","Kevin Schade","BRF","M","378","FA","NEW 4<br/>@BRF 2 F","66.62","6.06","97%","-2%","11","3","321","2","1","0","4","1","4","0","1","0","6","6","0","0","2","1","0","4","2","0","17","23","0","0","0","5","78"
"*03bmf*","Cauley Woodrow","LUT","F","379","FA","FUL 4<br/>@LUT 2 F","66.5","2.77","0%","0%","24","2","387","1","1","0","9","0","4","1","10","0","8","4","2","0","4","1","0","13","2","1","11","21","0","0","0","11","7"
"*055sf*","Arnaut Danjuma Groeneveld","EVE","F","381","FA","EVE 1<br/>@ARS 2 F","62.5","4.46","0%","0%","14","5","575","1","0","0","6","0","9","0","4","0","7","5","0","0","0","3","0","0","8","0","3","25","0","0","0","10","150"
"*04rh9*","David Brooks","BOU","M","383","FA","BOU 1<br/>@CHE 2 F","59.77","4.6","8%","0%","13","2","261","1","1","0","8","0","5","1","4","0","1","1","1","0","3","2","0","2","4","0","1","17","0","0","0","7","2"
"*05r34*","Amad Diallo","MUN","F","385","thomas","MUN 2<br/>@BHA 0 F","57.5","6.39","95%","0%","9","3","380","1","1","0","10","0","4","0","3","0","14","4","1","0","0","1","0","6","11","1","4","14","0","0","0","6","74"
"*06329*","Manor Solomon","TOT","F","386","FA","TOT 3<br/>@SHU 0 F","56.75","11.35","1%","0%","5","2","193","0","2","0","12","0","1","0","3","0","2","1","1","0","1","3","0","1","10","0","0","11","0","0","0","2","1"
"*04ge6*","Joe Willock","NEW","M","387","FA","NEW 4<br/>@BRF 2 F","56.25","6.25","2%","-1%","9","5","409","1","0","0","7","0","4","0","7","0","6","3","0","0","1","1","0","1","7","0","1","26","0","0","0","9","135"
"*06cmv*","Mads Andersen","LUT","D","388","FA","FUL 4<br/>@LUT 2 F","55.37","6.92","0%","0%","8","4","394","1","0","0","0","0","1","0","5","0","0","2","1","0","0","8","1","29","0","6","11","25","0","0","0","6","13"
"*05tqz*","Rico Henry","BRF","D","389","FA","NEW 4<br/>@BRF 2 F","55","11","2%","0%","5","5","401","0","1","1","5","0","0","0","5","0","7","6","1","0","2","5","1","5","7","3","4","24","0","0","0","5","90"
"*05gvx*","Armando Broja","CHE/FUL","F","390","FA","FUL 4<br/>@LUT 2 F","54.5","2.6","2%","0%","21","6","517","1","1","0","4","1","2","1","0","0","18","11","0","0","0","0","0","3","15","1","10","16","0","1","0","9","149"
"*03dxq*","Danny Ings","WHU","F","391","FA","WHU 1<br/>@MCI 3 F","54.5","2.73","0%","0%","20","3","372","1","0","0","5","2","4","1","2","0","4","6","1","0","0","3","1","6","6","1","3","12","0","1","0","10","2"
"*02opy*","Adam Lallana","BHA","M","392","FA","MUN 2<br/>@BHA 0 F","54.4","2.18","0%","0%","25","13","827","0","1","0","15","0","2","0","3","0","18","11","2","0","2","3","0","1","3","1","3","22","0","0","0","13","104"
"*061z3*","Fabio Vieira","ARS","M","393","FA","EVE 1<br/>@ARS 2 F","54.04","4.91","0%","0%","11","2","284","1","2","0","5","1","2","0","2","0","5","10","0","1","2","2","0","1","2","0","1","16","0","2","0","2","161"
"*03pie*","Divock Origi","LIV/NOT","F","394","FA","NOT 2<br/>@BUR 1 F","54","2.7","0%","0%","20","6","581","0","1","0","7","0","4","0","4","0","10","8","1","0","3","2","0","2","9","0","11","16","0","0","0","6","35"
"*061y0*","Scott McKenna","NOT","D","395","FA","NOT 2<br/>@BUR 1 F","52.5","10.5","0%","0%","5","5","416","0","0","0","3","0","0","0","0","0","0","2","0","0","0","5","1","25","0","4","20","25","0","0","0","6","90"
"*04t95*","Oliver Skipp","TOT","M","396","FA","TOT 3<br/>@SHU 0 F","52.4","2.5","0%","0%","21","5","675","0","0","1","7","0","1","0","12","1","6","12","3","0","1","3","0","6","2","1","4","36","0","0","0","17","126"
"*06c4j*","Ameen Al Dakhil","BUR","D","397","FA","NOT 2<br/>@BUR 1 F","51.75","3.98","0%","0%","13","12","1,054","1","0","0","2","0","3","0","5","0","6","4","1","0","1","12","2","34","3","6","14","50","0","0","1","26","0"
"*06cms*","Sandro Tonali","NEW","M","398","FA","NEW 4<br/>@BRF 2 F","51.42","6.43","75%","-1%","8","5","432","1","0","1","7","0","2","0","7","0","2","6","2","0","3","2","0","4","3","0","1","20","0","0","0","5","60"
"*05r37*","Jakub Moder","BHA","M","399","FA","MUN 2<br/>@BHA 0 F","51.29","3.02","0%","0%","17","6","598","0","0","0","5","0","3","0","10","1","6","5","2","0","0","2","0","12","6","2","3","40","0","0","0","13","139"
"*06fwx*","Santiago Bueno","WOL","D","400","FA","WOL 0<br/>@LIV 2 F","51.25","4.27","8%","0%","12","9","816","0","0","0","2","0","0","0","7","0","2","5","1","0","0","6","1","33","1","12","16","30","0","0","0","18","0"
"*04sjv*","Ryan Giles","LUT","M,F","401","FA","FUL 4<br/>@LUT 2 F","50.25","4.57","0%","0%","11","5","493","0","0","0","5","0","2","0","6","0","1","2","0","0","7","4","0","20","4","0","3","21","0","0","0","14","45"
"*05trd*","Shandon Baptiste","BRF","M","402","FA","NEW 4<br/>@BRF 2 F","49.79","4.98","0%","0%","10","2","215","1","1","0","4","0","2","0","4","0","0","0","1","0","2","3","0","5","6","1","3","17","0","0","0","5","4"
"*0327r*","Michael Keane","EVE","D","403","FA","EVE 1<br/>@ARS 2 F","49.32","5.48","71%","+3%","9","4","435","1","0","0","0","0","4","1","3","0","3","0","2","0","0","5","1","18","2","4","16","26","0","0","0","13","91"
"*04sat*","Emile Smith Rowe","ARS","M","404","FA","EVE 1<br/>@ARS 2 F","48.61","3.74","33%","+2%","13","3","335","0","1","0","4","1","7","1","1","0","4","2","0","0","0","3","0","1","3","1","3","15","0","0","0","3","190"
"*062pl*","Lisandro Martinez","MUN","D","405","FA","MUN 2<br/>@BHA 0 F","48.54","4.41","12%","+3%","11","8","640","0","1","0","3","0","0","0","8","0","3","3","3","0","0","5","1","23","2","8","4","33","0","0","1","12","173"
"*051lc*","Pablo Fornals","WHU","M","406","FA","WHU 1<br/>@MCI 3 F","47.99","3.2","0%","0%","15","4","410","0","0","0","5","0","3","0","6","0","8","5","0","0","1","6","0","5","6","1","3","26","0","0","0","9","112"
"*06c62*","Luke Berry","LUT","M","407","FA","FUL 4<br/>@LUT 2 F","46.83","2.75","0%","0%","17","2","295","2","1","0","2","0","4","0","2","0","4","7","1","0","0","0","0","1","2","1","7","8","0","0","0","8","7"
"*04u6l*","Andre Gomes","EVE","M","409","FA","EVE 1<br/>@ARS 2 F","43.94","3.66","0%","0%","12","3","493","1","0","0","4","0","4","0","4","0","6","5","4","0","3","3","0","3","3","1","1","34","0","0","0","7","175"
"*04mcg*","Ben Johnson","WHU","D","410","FA","WHU 1<br/>@MCI 3 F","43.07","3.08","0%","0%","14","4","533","0","0","0","0","0","2","0","7","0","10","7","1","0","1","5","0","13","11","1","7","49","0","0","0","16","91"
"*052cg*","Yasser Larouci","SHU","D","411","FA","TOT 3<br/>@SHU 0 F","43","3.91","0%","0%","11","6","523","0","0","0","2","0","1","0","9","0","5","5","1","0","0","7","2","20","10","1","1","34","0","0","0","11","0"
"*03vlm*","Anthony Martial","MUN","F","412","FA","MUN 2<br/>@BHA 0 F","42.5","3.27","0%","0%","13","5","431","1","0","0","6","1","4","0","1","0","10","6","0","0","0","0","0","3","2","0","8","9","0","1","0","6","103"
"*05uog*","Lewis Dobbin","EVE","F","413","FA","EVE 1<br/>@ARS 2 F","42","3.5","0%","0%","12","1","220","1","0","0","4","0","2","0","7","0","6","6","1","0","1","1","0","0","6","1","2","20","0","0","0","3","69"
"*06ime*","Radu Dragusin","TOT","D","414","thomas","TOT 3<br/>@SHU 0 F","41.17","4.57","1%","0%","9","4","420","0","0","0","0","0","0","0","3","0","1","4","1","0","0","8","2","18","1","4","9","21","0","0","0","7","130"
"*05o8n*","Max Lowe","SHU","D","415","FA","TOT 3<br/>@SHU 0 F","41.07","4.11","0%","0%","10","4","493","0","1","0","2","0","0","0","10","0","0","3","1","0","1","5","2","14","2","4","5","7","0","0","0","12","16"
"*06fy5*","Mike Tresor","BUR","F","416","FA","NOT 2<br/>@BUR 1 F","40.75","2.55","0%","0%","16","3","398","0","0","0","7","0","0","0","6","0","6","3","0","0","1","1","0","1","11","0","1","28","0","0","0","10","56"
"*05opn*","Carlos Vinicius","FUL","F","417","FA","FUL 4<br/>@LUT 2 F","40.25","3.1","0%","0%","13","2","295","2","0","0","5","0","5","0","2","0","7","2","2","0","0","0","0","1","2","0","4","9","0","0","0","5","64"
"*06jgn*","Giovanni Reyna","NOT","M","418","FA","NOT 2<br/>@BUR 1 F","40.25","4.47","0%","0%","9","2","221","0","1","0","7","0","2","0","3","0","4","2","0","0","1","2","0","0","3","0","7","14","0","0","0","3","0"
"*03rxb*","Angelo Ogbonna","WHU","D","419","FA","WHU 1<br/>@MCI 3 F","39.01","3.55","0%","0%","11","7","630","0","0","0","0","0","0","0","5","0","0","3","1","0","0","3","1","29","1","10","12","10","0","0","0","14","180"
"*05trt*","Andrew Omobamidele","NOR/NOT","D","420","FA","NOT 2<br/>@BUR 1 F","38.57","3.51","0%","0%","11","8","781","0","0","0","2","0","0","0","3","0","0","3","2","0","0","13","3","42","0","8","8","21","0","0","1","15","1"
"*06exa*","Matheus Franca","CRY","F","422","FA","AVL 0<br/>@CRY 5 F","38.25","3.83","0%","0%","10","1","216","0","1","0","6","1","2","0","3","0","7","2","1","0","1","1","0","1","4","0","1","17","0","1","0","7","23"
"*062og*","Aaron Hickey","BRF","D","423","FA","NEW 4<br/>@BRF 2 F","38.17","4.24","0%","0%","9","9","713","0","0","0","1","0","1","0","9","0","5","16","5","0","0","3","0","10","5","3","2","42","0","0","0","12","160"
"*06492*","Sasa Kalajdzic","WOL","F","424","FA","WOL 0<br/>@LIV 2 F","37.25","3.39","0%","0%","11","1","150","2","0","0","4","0","2","0","2","0","5","4","1","0","0","1","0","6","1","0","8","4","0","0","0","2","4"
"*061xw*","Joe Worrall","NOT","D","425","FA","NOT 2<br/>@BUR 1 F","37","5.29","0%","0%","7","5","436","0","0","0","2","0","0","0","5","0","0","2","0","1","0","3","1","31","0","4","12","18","0","0","0","8","90"
"*05t6x*","William Osula","SHU","F","426","FA","TOT 3<br/>@SHU 0 F","36.5","1.74","45%","+3%","21","9","769","0","0","0","1","1","8","0","2","0","15","12","4","0","1","2","0","9","3","1","24","12","0","0","0","23","52"
"*068yj*","Felipe","NOT","D","428","FA","NOT 2<br/>@BUR 1 F","35.5","5.07","0%","0%","7","4","370","0","0","0","2","0","0","1","9","0","1","2","3","0","0","4","0","11","1","1","14","20","0","0","0","10","90"
"*06clv*","Mahmoud Dahoud","BHA","M","429","FA","MUN 2<br/>@BHA 0 F","35.25","3.92","0%","0%","9","6","446","0","1","0","10","0","1","0","4","0","5","2","1","1","1","1","0","4","2","1","0","26","0","0","0","5","0"
"*05vyc*","Aaron Ramsey","AVL/BUR","M","430","FA","NOT 2<br/>@BUR 1 F","34.75","2.48","0%","0%","14","5","511","0","0","0","1","0","2","0","14","0","10","3","1","0","0","1","0","10","3","2","4","24","0","0","0","17","0"
"*02rlq*","Chris Basham","SHU","D","431","FA","TOT 3<br/>@SHU 0 F","34","4.25","0%","0%","8","3","311","0","0","0","2","0","0","0","2","0","2","3","1","0","0","5","2","17","3","4","8","16","0","0","0","6","0"
"*05re5*","Carney Chukwuemeka","CHE","M","432","FA","BOU 1<br/>@CHE 2 F","33.7","3.74","0%","0%","9","2","217","1","1","0","4","0","2","0","4","0","4","2","2","0","0","0","0","1","2","1","1","11","0","0","0","5","18"
"*03z3w*","Joe Rothwell","BOU","M","433","FA","BOU 1<br/>@CHE 2 F","32.77","2.98","0%","0%","11","3","374","0","0","0","4","0","0","1","2","0","2","2","0","0","0","3","0","2","7","2","0","32","0","0","0","12","2"
"*04azm*","Connor Roberts","BUR","D","434","FA","NOT 2<br/>@BUR 1 F","32.35","2.31","0%","0%","14","8","811","0","1","0","7","0","0","0","5","0","1","9","3","1","2","4","0","22","0","6","7","40","0","0","0","22","9"
"*05m46*","Luke Thomas","LEI/SHU","D","435","FA","TOT 3<br/>@SHU 0 F","31.75","2.65","0%","0%","12","11","914","0","0","0","2","0","1","0","9","0","5","13","3","0","4","10","1","22","5","5","10","39","0","0","0","29","0"
"*05ou8*","Facundo Pellistri","MUN","M","436","FA","MUN 2<br/>@BHA 0 F","31.69","3.52","0%","0%","9","1","156","0","1","0","1","0","2","0","3","0","4","6","0","0","0","1","0","5","5","1","6","11","0","0","0","2","62"
"*05n03*","Kalvin Phillips","MCI/WHU","M","437","FA","WHU 1<br/>@MCI 3 F","31.42","2.62","0%","0%","12","3","386","0","0","0","0","0","2","0","9","0","5","7","1","1","1","6","0","4","2","1","7","31","0","0","0","12","38"
"*06dml*","Anis Ben Slimane","SHU","M","438","FA","TOT 3<br/>@SHU 0 F","31.15","2.08","0%","0%","15","4","399","0","0","0","3","0","3","0","6","0","12","6","2","0","0","5","0","7","2","1","7","35","0","0","1","14","36"
"*05u99*","Nuno Tavares","ARS/NOT","D","439","FA","NOT 2<br/>@BUR 1 F","31.14","3.89","0%","0%","8","5","452","0","0","0","2","0","1","0","7","0","4","2","2","0","2","1","0","15","6","0","3","33","0","0","0","9","107"
"*02m5l*","John Egan","SHU","D","440","FA","TOT 3<br/>@SHU 0 F","31","5.17","0%","0%","6","6","482","0","0","0","0","0","1","0","4","0","1","1","2","0","0","13","1","39","0","4","14","21","0","0","0","17","0"
"*06eo0*","Lesley Ugochukwu","CHE","M,F","441","FA","BOU 1<br/>@CHE 2 F","30.19","2.52","3%","0%","12","3","291","0","0","0","3","0","0","0","10","0","3","2","2","0","0","1","0","5","3","2","9","12","0","0","0","6","107"
"*04u6i*","Leander Dendoncker","AVL","M","442","FA","AVL 0<br/>@CRY 5 F","28.52","3.56","0%","0%","8","1","116","1","0","0","0","1","1","0","4","0","1","1","0","0","0","2","0","3","0","2","4","4","0","0","0","3","24"
"*04ge8*","Reiss Nelson","ARS","F","443","FA","EVE 1<br/>@ARS 2 F","28.25","1.88","9%","0%","15","1","245","0","0","0","5","0","1","0","6","0","4","6","1","0","2","1","0","5","1","1","0","22","0","0","0","1","153"
"*06c4h*","Hjalmar Ekdal","BUR","D","444","FA","NOT 2<br/>@BUR 1 F","27.65","3.46","2%","0%","8","5","430","0","0","0","1","0","1","0","2","0","1","2","2","0","0","6","0","21","2","5","4","26","0","0","0","8","6"
"*061yd*","Ivan Perisic","TOT","M","445","FA","TOT 3<br/>@SHU 0 F","27.54","5.51","0%","0%","5","0","93","0","1","0","5","0","0","0","2","0","0","1","2","0","2","2","0","1","4","0","5","3","0","0","0","1","49"
"*05uh9*","Bryan Gil","TOT","F","446","FA","TOT 3<br/>@SHU 0 F","26.75","2.43","0%","0%","11","2","192","0","0","0","4","0","1","1","0","0","7","3","0","0","2","3","0","4","8","0","0","16","0","0","0","11","0"
"*06c66*","Fred Onyedinma","LUT","M","447","FA","FUL 4<br/>@LUT 2 F","26.25","3.28","0%","0%","8","4","399","0","0","0","2","0","2","0","6","0","10","6","1","0","1","1","1","13","2","0","8","10","0","0","0","14","0"
"*05w90*","Maxwel Cornet","WHU","M","448","FA","WHU 1<br/>@MCI 3 F","25.75","3.68","17%","0%","7","1","106","1","0","0","4","0","1","0","2","0","3","2","0","0","0","2","0","1","0","0","0","8","0","0","0","3","0"
"*05t6y*","Hannibal Mejbri","MUN","M","449","FA","MUN 2<br/>@BHA 0 F","25.38","5.08","2%","0%","5","1","128","1","0","0","2","0","1","0","3","0","4","6","1","0","0","0","0","0","2","1","2","10","0","0","0","1","102"
"*06dn3*","Benie Traore","SHU","F","450","FA","TOT 3<br/>@SHU 0 F","24.75","3.09","0%","0%","8","3","380","0","0","0","4","0","1","0","2","0","7","4","0","0","1","1","0","1","5","1","2","22","0","0","0","13","0"
"*03r8t*","Matt Ritchie","NEW","D","451","FA","NEW 4<br/>@BRF 2 F","24.7","1.9","0%","0%","13","0","113","1","0","0","0","0","4","0","3","0","1","1","1","0","0","1","0","5","0","2","0","5","0","0","0","5","18"
"*06jgl*","Daiki Hashioka","LUT","D","452","FA","FUL 4<br/>@LUT 2 F","24.5","2.45","0%","0%","10","6","589","0","0","0","3","0","0","0","5","0","6","6","0","0","3","8","1","20","1","7","13","26","0","0","2","21","0"
"*05o8k*","Fabio Silva","WOL","F","453","FA","WOL 0<br/>@LIV 2 F","24.25","3.03","0%","0%","8","3","253","0","0","0","4","0","3","0","4","0","4","4","2","0","0","2","0","0","2","0","2","15","0","0","0","8","73"
"*068ys*","Naouirou Ahamada","CRY","M","454","FA","AVL 0<br/>@CRY 5 F","24.22","1.21","0%","0%","20","0","315","0","0","0","1","0","2","0","9","0","11","6","2","1","0","2","0","4","7","0","4","30","0","0","0","14","42"
"*06j20*","Valentin Barco","BHA","D","455","Laeka B","MUN 2<br/>@BHA 0 F","24.07","4.01","0%","0%","6","3","307","0","0","0","4","0","2","0","5","0","4","7","1","0","0","4","1","2","5","0","1","16","0","0","0","9","1"
"*06fuh*","Hannes Delcroix","BUR","D","456","FA","NOT 2<br/>@BUR 1 F","23.82","1.98","0%","0%","12","5","580","0","0","0","4","0","2","0","6","1","3","0","2","0","2","9","1","23","3","3","8","29","0","0","0","25","1"
"*03ena*","Aaron Cresswell","WHU","D","457","FA","WHU 1<br/>@MCI 3 F","22.75","2.07","0%","0%","11","4","426","0","0","0","5","0","0","0","2","0","2","3","1","0","2","3","1","7","0","3","6","18","0","0","0","11","0"
"*061vj*","Kieffer Moore","BOU","F","458","FA","BOU 1<br/>@CHE 2 F","22.5","2.81","0%","0%","8","0","92","1","0","0","2","0","2","0","0","0","1","2","0","0","0","0","0","0","1","0","6","4","0","0","0","2","1"
"*06few*","Youssef Chermiti","EVE","F","459","FA","EVE 1<br/>@ARS 2 F","22.25","1.24","0%","0%","18","1","183","0","0","0","4","0","2","0","2","0","6","4","3","0","0","1","1","2","3","1","15","9","0","0","0","4","109"
"*03v6s*","Mason Holgate","EVE/SHU","D","460","FA","TOT 3<br/>@SHU 0 F","21.75","2.17","0%","0%","10","9","707","0","0","0","1","0","0","1","7","0","1","4","3","1","2","11","2","39","1","5","9","30","0","0","0","22","0"
"*03eki*","Cheikhou Kouyate","NOT","M","461","FA","NOT 2<br/>@BUR 1 F","21.24","1.77","0%","0%","12","2","199","0","0","0","1","0","1","0","5","0","3","2","2","0","0","2","0","9","1","1","10","14","0","0","0","6","22"
"*066si*","Alfie Gilchrist","CHE","D","462","FA","BOU 1<br/>@CHE 2 F","21.05","1.91","0%","0%","11","2","195","1","0","0","0","0","1","0","0","0","2","0","1","0","0","3","0","9","1","3","2","9","0","0","0","6","87"
"*052cb*","Ian Maatsen","CHE","D","463","FA","BOU 1<br/>@CHE 2 F","21.05","1.75","40%","-2%","12","1","191","0","0","0","2","0","1","1","2","0","7","1","1","0","1","3","0","9","0","0","3","11","0","0","0","5","57"
"*040ah*","Tom Davies","EVE/SHU","M","464","FA","TOT 3<br/>@SHU 0 F","20","2.22","0%","0%","9","2","207","0","0","0","1","0","1","0","5","0","4","2","2","0","0","3","0","5","2","1","3","21","0","0","0","11","0"
"*05rjn*","Jesurun Rak-Sakyi","CRY","M","465","FA","AVL 0<br/>@CRY 5 F","19.96","3.33","0%","0%","6","0","128","0","0","0","2","0","1","0","1","0","3","5","0","0","0","3","0","1","4","0","3","6","0","0","0","3","64"
"*0641g*","Cesare Casadei","CHE","M","466","FA","BOU 1<br/>@CHE 2 F","17.9","1.63","0%","0%","11","0","64","0","0","0","2","0","0","0","3","0","0","1","0","0","0","0","0","4","2","0","12","1","0","0","0","3","36"
"*062h7*","Tyler Adams","LEE/BOU","M","468","FA","BOU 1<br/>@CHE 2 F","17.5","5.83","8%","0%","3","1","116","0","0","0","1","0","0","0","3","0","0","3","0","0","0","4","0","2","2","0","2","7","0","0","0","3","0"
"*05t6z*","Tim Iroegbunam","AVL","M","469","FA","AVL 0<br/>@CRY 5 F","17.21","1.91","3%","0%","9","1","150","0","0","0","0","0","0","0","5","0","3","3","0","0","0","2","0","2","3","0","2","15","0","0","0","7","19"
"*061vb*","James Hill","BOU","D","471","FA","BOU 1<br/>@CHE 2 F","16.45","3.29","68%","0%","5","1","72","0","0","0","0","0","0","0","2","0","1","0","0","0","0","3","1","8","0","2","4","7","0","0","0","1","3"
"*06c4p*","Benson Manuel","BUR","F","472","FA","NOT 2<br/>@BUR 1 F","16","2","0%","0%","8","1","104","0","0","0","1","0","2","0","2","0","4","4","0","0","2","0","0","0","4","0","0","6","0","0","0","5","0"
"*02rll*","Nathan Redmond","BUR","M","473","FA","NOT 2<br/>@BUR 1 F","15.23","1.27","0%","0%","12","0","122","0","0","0","4","0","0","0","1","0","2","2","1","0","1","0","0","3","4","0","1","6","0","0","0","5","21"
"*063w0*","Sergio Gomez","MCI","D","474","FA","WHU 1<br/>@MCI 3 F","15.17","2.53","0%","0%","6","0","43","0","1","0","1","0","0","1","0","0","0","0","0","0","1","1","0","0","2","0","0","1","0","0","0","2","10"
"*04gyz*","Jairo Riedewald","CRY","M","475","FA","AVL 0<br/>@CRY 5 F","14.15","1.57","0%","0%","9","2","220","0","0","0","0","0","0","0","3","0","2","2","0","0","0","2","0","2","1","0","3","14","0","0","0","3","126"
"*066j7*","Nathan Fraser","WOL","F","476","FA","WOL 0<br/>@LIV 2 F","13.75","1.96","0%","0%","7","1","180","0","0","0","2","0","2","0","2","0","2","3","1","0","0","1","0","2","0","1","3","8","0","0","0","3","0"
"*06dmn*","George Earthy","WHU","M","478","FA","WHU 1<br/>@MCI 3 F","13.25","4.42","0%","0%","3","0","28","1","0","0","0","0","1","0","0","0","0","0","0","0","0","1","0","0","0","0","0","4","0","0","0","0","0"
"*06fy6*","Fode Ballo-Toure","FUL","D","479","FA","FUL 4<br/>@LUT 2 F","12.32","2.05","0%","0%","6","0","59","0","0","0","0","0","0","0","2","0","0","2","1","0","0","3","0","2","3","0","0","6","0","0","0","1","31"
"*06cro*","Omari Forson","MUN","M","480","FA","MUN 2<br/>@BHA 0 F","11.5","2.88","0%","0%","4","1","64","0","1","0","2","0","0","0","0","0","0","0","0","0","0","0","0","0","1","0","0","2","0","0","0","2","0"
"*068yr*","Hamed Traore","BOU","M","481","FA","BOU 1<br/>@CHE 2 F","11","3.67","1%","0%","3","0","41","0","0","0","1","0","2","0","0","0","1","0","0","0","0","0","0","0","4","0","1","4","0","0","0","1","0"
"*06ib6*","Tawanda Chirewa","WOL","M","482","FA","WOL 0<br/>@LIV 2 F","10.76","1.35","0%","0%","8","1","131","0","0","0","1","0","1","0","3","0","3","2","1","0","2","1","0","0","1","0","1","3","0","0","0","2","1"
"*06ewu*","Willy Kambwala","MUN","D","483","FA","MUN 2<br/>@BHA 0 F","10.57","1.32","0%","0%","8","3","322","0","0","0","0","0","0","0","1","0","1","2","1","0","0","4","1","12","0","3","6","12","0","0","0","10","1"
"*06ezc*","Alejo Veliz","TOT","F","484","FA","TOT 3<br/>@SHU 0 F","10","1.25","0%","0%","8","0","39","1","0","0","0","0","1","0","0","0","2","1","1","0","0","0","0","0","1","0","1","0","0","0","0","2","9"
"*02t1j*","Calum Chambers","AVL","D","485","FA","AVL 0<br/>@CRY 5 F","9.5","1.9","0%","0%","5","1","147","0","1","0","1","0","0","0","0","0","1","1","1","0","0","2","0","4","1","1","1","8","0","0","0","6","0"
"*06avl*","Michael Olakigbe","BRF","M,F","486","FA","NEW 4<br/>@BRF 2 F","9","1.12","0%","0%","8","0","46","0","0","0","0","0","1","0","0","0","1","2","0","0","0","1","0","0","3","0","1","7","0","0","0","0","1"
"*04gw7*","Jadon Sancho","MUN","M","487","FA","MUN 2<br/>@BHA 0 F","8.98","2.99","7%","-4%","3","0","73","0","0","0","1","0","0","0","0","0","2","2","0","0","0","1","0","0","3","0","0","10","0","0","0","1","21"
"*062ow*","David Ozoh","CRY","M","488","FA","AVL 0<br/>@CRY 5 F","8.51","0.95","0%","0%","9","0","142","0","0","0","0","0","0","0","6","0","4","0","1","0","0","0","0","2","1","0","3","8","0","0","0","5","1"
"*03yrr*","Mohamed Elneny","ARS","M","489","FA","EVE 1<br/>@ARS 2 F","8.51","2.84","0%","0%","3","0","24","0","0","0","0","1","1","0","0","0","0","0","0","0","0","1","0","0","0","0","1","2","0","0","0","0","23"
"*02lpn*","Eric Dier","TOT","D","490","FA","TOT 3<br/>@SHU 0 F","8.5","2.12","0%","0%","4","1","197","0","0","0","0","0","0","0","1","0","0","1","0","0","0","2","2","12","0","3","3","7","0","0","0","8","0"
"*04c3c*","Rhian Brewster","SHU","F","491","FA","TOT 3<br/>@SHU 0 F","8.25","0.63","0%","0%","13","3","327","0","0","0","2","0","3","0","1","0","8","5","0","1","0","1","0","2","0","0","4","9","0","0","0","8","0"
"*061vk*","Jaidon Anthony","BOU","F","492","FA","BOU 1<br/>@CHE 2 F","7.75","2.58","82%","+1%","3","2","150","0","0","0","0","0","1","0","1","0","2","2","1","0","0","1","0","2","2","0","1","11","0","0","0","5","0"
"*02yhi*","Philippe Coutinho","AVL","M","493","FA","AVL 0<br/>@CRY 5 F","6.97","3.49","0%","0%","2","0","22","0","0","0","0","0","1","0","0","0","0","1","0","0","0","0","0","0","4","0","0","1","0","0","0","1","20"
"*03scr*","Aleksandar Mitrovic","FUL","F","494","FA","FUL 4<br/>@LUT 2 F","6.25","6.25","0%","0%","1","0","31","0","0","0","0","0","1","0","0","0","0","0","0","0","0","0","0","0","3","0","2","1","0","0","0","0","31"
"*05vyg*","Odeluga Offiah","BHA","D","495","FA","MUN 2<br/>@BHA 0 F","6.25","1.56","0%","0%","4","1","124","0","0","0","0","0","0","0","0","0","0","2","0","0","0","1","0","0","4","0","1","4","0","0","0","3","0"
"*051l5*","John Fleck","SHU","M","496","FA","TOT 3<br/>@SHU 0 F","5.5","1.38","0%","0%","4","1","86","0","0","0","2","0","0","0","0","0","0","2","1","0","0","0","0","1","0","0","2","5","0","0","0","5","0"
"*062p2*","Bobby Clark","LIV","M","497","FA","WOL 0<br/>@LIV 2 F","5.47","1.09","0%","0%","5","1","83","0","0","0","0","0","0","0","1","0","6","3","0","0","0","1","0","1","0","2","0","6","0","0","0","0","65"
"*063dz*","Luke Harris","FUL","M","498","FA","FUL 4<br/>@LUT 2 F","5","5","0%","0%","1","0","73","0","0","0","0","0","1","0","1","0","0","2","0","0","0","0","0","0","0","0","0","3","0","0","0","5","0"
"*03r9c*","Cedric Soares","ARS","D","499","FA","EVE 1<br/>@ARS 2 F","4.99","1.66","0%","0%","3","0","56","0","0","0","0","0","0","0","0","0","0","1","0","0","0","0","0","0","0","0","0","3","0","0","0","0","56"
"*06c4q*","Anass Zaroury","BUR","F","501","FA","NOT 2<br/>@BUR 1 F","4.5","0.75","0%","0%","6","1","142","0","0","0","2","0","1","0","0","0","2","3","0","1","1","0","0","1","2","0","0","8","0","0","0","4","0"
"*04mqu*","Aymeric Laporte","MCI","D","502","FA","WHU 1<br/>@MCI 3 F","4.42","4.42","0%","0%","1","0","10","0","0","0","0","0","1","0","0","0","0","0","0","0","0","0","0","1","0","1","0","2","0","0","0","0","10"
"*04jyc*","Davinson Sanchez","TOT","D","503","FA","TOT 3<br/>@SHU 0 F","4.25","4.25","0%","0%","1","0","75","0","0","0","0","0","0","0","0","0","0","1","1","0","0","1","0","2","0","2","3","4","0","0","0","2","0"
"*06kwf*","Leon Chiwome","WOL","F","504","FA","WOL 0<br/>@LIV 2 F","4","1.33","0%","0%","3","2","172","0","0","0","0","0","0","0","1","0","1","2","0","0","0","0","0","2","0","1","2","5","0","0","0","4","0"
"*048xg*","Josh Dasilva","BRF","M","505","FA","NEW 4<br/>@BRF 2 F","3.85","1.28","0%","0%","3","0","21","0","0","0","1","0","0","0","1","0","4","0","0","0","0","0","0","0","2","0","0","2","0","0","0","0","9"
"*06kwp*","Josh Acheampong","CHE","D","506","FA","BOU 1<br/>@CHE 2 F","3.52","3.52","4%","0%","1","0","4","0","0","0","0","0","0","0","0","0","0","0","0","0","0","0","0","0","0","3","0","1","0","0","0","0","4"
"*0645x*","Divin Mubama","WHU","F","507","FA","WHU 1<br/>@MCI 3 F","3.5","0.7","0%","0%","5","0","71","0","0","0","0","0","0","0","0","0","0","1","0","0","0","0","0","0","0","0","4","4","0","0","0","2","18"
"*065ao*","Ethan Nwaneri","ARS","M","509","FA","EVE 1<br/>@ARS 2 F","3.13","3.13","14%","0%","1","0","12","0","0","0","1","0","0","0","0","0","0","1","0","0","0","0","0","0","0","0","1","0","0","0","0","0","12"
"*03rec*","Tyrone Mings","AVL","D","512","FA","AVL 0<br/>@CRY 5 F","3","3","12%","-1%","1","1","30","0","0","0","1","0","0","0","0","0","0","0","0","0","0","1","0","1","0","0","1","2","0","0","0","2","0"
"*06ewy*","Alex Murphy","NEW","D","513","FA","NEW 4<br/>@BRF 2 F","3","1.5","0%","0%","2","0","9","0","0","0","0","0","0","0","1","0","0","0","0","0","0","1","0","0","0","0","0","2","0","0","0","0","0"
"*06l4c*","Ethan Wheatley","MUN","F","514","FA","MUN 2<br/>@BHA 0 F","3","1","0%","0%","3","0","11","0","0","0","0","0","0","0","1","0","2","0","0","0","0","2","0","0","0","0","0","1","0","0","0","0","0"
"*06jgk*","Romain Faivre","BOU","M","510","FA","BOU 1<br/>@CHE 2 F","3","0.6","0%","0%","5","0","34","0","0","0","0","0","0","0","1","0","1","4","1","0","0","0","0","0","2","0","0","1","0","0","0","1","0"
"*066rn*","Daniel Gore","MUN","M","511","FA","MUN 2<br/>@BHA 0 F","3","3","0%","0%","1","0","1","0","0","0","0","0","0","0","1","0","0","1","0","0","0","1","0","0","0","0","0","0","0","0","0","0","0"
"*062p0*","Stefan Bajcetic","LIV","M","515","FA","WOL 0<br/>@LIV 2 F","2.75","2.75","1%","0%","1","0","25","0","0","0","0","0","0","0","1","0","0","2","0","0","0","0","0","0","0","0","0","2","0","0","0","2","0"
"*04mmx*","Michael Obafemi","BUR","F","516","FA","NOT 2<br/>@BUR 1 F","2.75","1.38","0%","0%","2","0","17","0","0","0","0","0","0","0","0","0","1","0","0","0","0","0","0","0","3","0","0","1","0","0","0","0","13"
"*02opl*","Jack Cork","BUR","M","517","FA","NOT 2<br/>@BUR 1 F","2.5","0.62","0%","0%","4","0","23","0","0","0","0","0","0","0","0","0","0","1","0","0","0","1","0","1","0","0","0","2","0","0","0","0","0"
"*05nip*","Dane Scarlett","TOT","F","521","FA","TOT 3<br/>@SHU 0 F","2.25","0.56","0%","0%","4","0","17","0","0","0","0","0","0","0","1","0","0","2","0","0","0","0","0","0","0","0","0","0","0","0","0","0","1"
"*05nuf*","Myles Peart-Harris","BRF","M","519","FA","NEW 4<br/>@BRF 2 F","2.25","0.75","0%","0%","3","0","9","0","0","0","1","0","0","0","0","0","2","2","0","0","0","0","0","1","0","0","0","0","0","0","0","0","0"
"*02rn6*","James Tomkins","CRY","D","522","FA","AVL 0<br/>@CRY 5 F","2.02","0.5","0%","0%","4","0","6","0","0","0","0","0","0","0","0","0","0","0","0","0","0","1","0","0","0","0","2","2","0","0","0","2","4"
"*06jgp*","Rodrigo Duarte Ribeiro","NOT","F","523","FA","NOT 2<br/>@BUR 1 F","2","0.5","0%","0%","4","0","12","0","0","0","0","0","0","0","0","0","1","0","0","0","0","1","0","0","0","0","2","1","0","0","0","0","0"
"*05o2l*","Donny van de Beek","MUN","M","524","FA","MUN 2<br/>@BHA 0 F","2","2","0%","0%","1","0","1","0","0","0","1","0","0","0","0","0","0","0","0","0","0","0","0","0","0","0","0","0","0","0","0","0","0"
"*06do3*","James McConnell","LIV","M","525","FA","WOL 0<br/>@LIV 2 F","1.76","0.59","0%","0%","3","0","3","0","0","0","0","0","0","0","0","0","0","1","0","0","0","1","0","0","0","0","0","0","0","0","0","0","1"
"*05uhi*","Owen Beck","LIV","D","526","FA","WOL 0<br/>@LIV 2 F","1.65","1.65","0%","0%","1","0","6","0","0","0","0","0","0","0","1","0","0","0","0","0","0","0","0","0","0","0","0","0","0","0","0","0","6"
"*06fwy*","Han-Noah Massengo","BUR","M","527","FA","NOT 2<br/>@BUR 1 F","1.5","0.5","0%","0%","3","0","12","0","0","0","0","0","0","0","1","0","0","0","0","0","0","0","0","0","0","0","0","1","0","0","0","0","0"
"*032f5*","Paul Dummett","NEW","D","528","FA","NEW 4<br/>@BRF 2 F","1.38","0.28","0%","0%","5","0","16","0","0","0","0","0","0","0","0","0","0","0","0","0","0","0","0","1","0","0","1","0","0","0","0","1","2"
"*06dmj*","Jurrien Timber","ARS","D","530","FA","EVE 1<br/>@ARS 2 F","1.25","0.62","90%","-4%","2","1","69","0","0","0","0","0","0","0","2","0","1","0","2","0","0","0","0","1","1","0","1","4","0","0","0","0","0"
"*035n1*","Bertrand Traore","AVL","M","531","FA","AVL 0<br/>@CRY 5 F","1.25","0.62","1%","0%","2","0","9","0","0","0","0","0","0","0","1","0","1","0","0","0","0","0","0","0","0","0","0","2","0","0","0","0","0"
"*066iy*","Kaelan Casey","WHU","D","529","FA","WHU 1<br/>@MCI 3 F","1.25","1.25","0%","0%","1","0","1","0","0","0","0","0","0","0","0","0","0","0","0","0","0","0","0","1","0","0","1","0","0","0","0","0","0"
"*06dpr*","Benicio Baker-Boaitey","BHA","F","532","FA","MUN 2<br/>@BHA 0 F","1","0.2","0%","0%","5","0","34","0","0","0","1","0","0","0","0","0","1","0","1","0","0","0","0","1","1","0","0","2","0","0","0","1","1"
"*04tcc*","Jonny","WOL","D","533","FA","WOL 0<br/>@LIV 2 F","1","1","0%","0%","1","0","3","0","0","0","0","0","0","0","0","0","0","0","0","0","0","0","0","0","0","1","0","0","0","0","0","0","0"
"*05unu*","Romeo Lavia","SOU/CHE","M","534","FA","BOU 1<br/>@CHE 2 F","0.75","0.75","2%","-1%","1","0","31","0","0","0","0","0","0","0","0","0","0","1","0","0","0","0","0","1","0","0","0","0","0","0","0","0","0"
"*06fum*","Deivid Washington","CHE","F","535","FA","BOU 1<br/>@CHE 2 F","0.75","0.38","0%","0%","2","0","9","0","0","0","0","0","0","0","1","0","1","0","0","0","0","0","0","0","0","0","0","0","0","0","0","1","1"
"*06dpv*","Omari Kellyman","AVL","M","538","FA","AVL 0<br/>@CRY 5 F","0.5","0.25","0%","0%","2","0","33","0","0","0","0","0","0","0","0","0","0","0","0","0","0","0","0","0","0","0","0","2","0","0","0","1","0"
"*06fwo*","Enso Gonzalez","WOL","F","536","FA","WOL 0<br/>@LIV 2 F","0.5","0.5","0%","0%","1","0","1","0","0","0","0","0","0","0","0","0","0","1","0","0","0","0","0","0","0","0","0","0","0","0","0","0","0"
"*05uhl*","Kaide Gordon","LIV","F","537","FA","WOL 0<br/>@LIV 2 F","0.5","0.5","0%","0%","1","0","1","0","0","0","0","0","0","0","0","0","0","0","0","0","0","0","0","0","0","0","1","0","0","0","0","0","1"
"*06icy*","Sydie Peck","SHU","M","539","FA","TOT 3<br/>@SHU 0 F","0.34","0.34","0%","0%","1","0","8","0","0","0","0","0","0","0","0","0","0","0","0","0","0","0","0","0","0","0","0","1","0","0","0","0","8"
"*063zh*","Thilo Kehrer","WHU","D","540","FA","WHU 1<br/>@MCI 3 F","0.32","0.08","0%","0%","4","0","16","0","0","0","0","0","0","0","1","0","0","0","2","0","0","0","0","0","0","2","1","0","0","0","0","1","1"
"*06lox*","Mikey Moore","TOT","M","541","FA","TOT 3<br/>@SHU 0 F","0.26","0.13","1%","0%","2","0","2","0","0","0","0","0","0","0","0","0","0","0","0","0","0","0","0","1","0","0","0","0","0","0","0","0","1"
"*062p7*","Lewis Warrington","EVE","M","542","FA","EVE 1<br/>@ARS 2 F","0.26","0.26","0%","0%","1","0","1","0","0","0","0","0","0","0","0","0","0","0","0","0","0","0","0","0","0","0","0","1","0","0","0","0","1"
"*066nn*","Ben Doak","LIV","F","543","FA","WOL 0<br/>@LIV 2 F","0.25","0.25","1%","0%","1","0","12","0","0","0","0","0","0","0","0","0","0","0","0","0","0","0","0","0","0","0","0","1","0","0","0","0","0"
"*05s00*","Daniel Jebbison","SHU","F","544","FA","TOT 3<br/>@SHU 0 F","0.25","0.25","0%","0%","1","0","19","0","0","0","0","0","0","0","0","0","0","0","0","0","0","0","0","0","0","0","0","1","0","0","0","0","0"
"*06hrw*","Ryan One","SHU","M","545","FA","TOT 3<br/>@SHU 0 F","0.25","0.25","0%","0%","1","0","6","0","0","0","0","0","0","0","0","0","0","0","0","0","0","0","0","0","0","0","0","1","0","0","0","2","0"
"*05rff*","Jaden Philogene-Bidace","AVL","M","546","FA","AVL 0<br/>@CRY 5 F","0.25","0.25","0%","0%","1","0","2","0","0","0","0","0","0","0","0","0","0","0","0","0","0","0","0","0","0","0","0","1","0","0","0","1","0"
"*05rey*","Kaine Hayden","AVL","D","547","FA","AVL 0<br/>@CRY 5 F","0.07","0.02","0%","0%","3","0","4","0","0","0","0","0","0","0","0","0","0","0","0","0","0","0","0","0","0","0","0","0","0","0","0","0","1"
"*0643v*","Dominic Sadi","BOU","M,F","548","FA","BOU 1<br/>@CHE 2 F","0.01","0.01","0%","0%","1","0","1","0","0","0","0","0","0","0","0","0","0","0","0","0","0","0","0","0","0","0","0","0","0","0","0","0","1"
"*06ksi*","Jimi Tauriainen","CHE","M","549","FA","BOU 1<br/>@CHE 2 F","0.01","0.01","0%","0%","1","0","1","0","0","0","0","0","0","0","0","0","0","0","0","0","0","0","0","0","0","0","0","0","0","0","0","0","1"
"*06kyv*","Kosta Nedeljkovic","AVL","D","781","FA","AVL 0<br/>@CRY 5 F","0","0","86%","0%","0","0","0","0","0","0","0","0","0","0","0","0","0","0","0","0","0","0","0","0","0","0","0","0","0","0","0","0","0"
"*066sd*","Myles Lewis-Skelly","ARS","M","740","FA","EVE 1<br/>@ARS 2 F","0","0","62%","+11%","0","0","0","0","0","0","0","0","0","0","0","0","0","0","0","0","0","0","0","0","0","0","0","0","0","0","0","0","0"
"*051kl*","Emiliano Buendia","AVL","M","595","FA","AVL 0<br/>@CRY 5 F","0","0","30%","+1%","0","0","0","0","0","0","0","0","0","0","0","0","0","0","0","0","0","0","0","0","0","0","0","0","0","0","0","0","0"
"*068yc*","Yasin Ayari","BHA","M","571","FA","MUN 2<br/>@BHA 0 F","0","0","30%","-3%","0","0","0","0","0","0","0","0","0","0","0","0","0","0","0","0","0","0","0","0","0","0","0","0","0","0","0","0","0"
"*05opl*","Wesley Fofana","CHE","D","651","FA","BOU 1<br/>@CHE 2 F","0","0","26%","+1%","0","0","0","0","0","0","0","0","0","0","0","0","0","0","0","0","0","0","0","0","0","0","0","0","0","0","0","0","0"
"*062ts*","Djed Spence","TOT","D","850","FA","TOT 3<br/>@SHU 0 F","0","0","26%","-2%","0","0","0","0","0","0","0","0","0","0","0","0","0","0","0","0","0","0","0","0","0","0","0","0","0","0","0","0","0"
"*04qfm*","Ryan Sessegnon","TOT","D","842","FA","TOT 3<br/>@SHU 0 F","0","0","25%","-1%","0","0","0","0","0","0","0","0","0","0","0","0","0","0","0","0","0","0","0","0","0","0","0","0","0","0","0","0","0"
"*05ojf*","Fabio Carvalho","LIV","M","608","FA","WOL 0<br/>@LIV 2 F","0","0","4%","0%","0","0","0","0","0","0","0","0","0","0","0","0","0","0","0","0","0","0","0","0","0","0","0","0","0","0","0","0","0"
"*06kqy*","Ayden Heaven","ARS","D","695","FA","EVE 1<br/>@ARS 2 F","0","0","4%","-2%","0","0","0","0","0","0","0","0","0","0","0","0","0","0","0","0","0","0","0","0","0","0","0","0","0","0","0","0","0"
"*06jh3*","Joshua King","FUL","M","727","FA","FUL 4<br/>@LUT 2 F","0","0","4%","0%","0","0","0","0","0","0","0","0","0","0","0","0","0","0","0","0","0","0","0","0","0","0","0","0","0","0","0","0","0"
"*05ts6*","Yerson Mosquera","WOL","D","770","FA","WOL 0<br/>@LIV 2 F","0","0","3%","0%","0","0","0","0","0","0","0","0","0","0","0","0","0","0","0","0","0","0","0","0","0","0","0","0","0","0","0","0","0"
"*068a0*","Andrey Santos","CHE/NOT","M","778","FA","NOT 2<br/>@BUR 1 F","0","0","2%","0%","1","0","6","0","0","0","0","0","0","0","0","0","0","0","0","0","0","0","0","0","0","0","0","0","0","0","0","0","0"
"*06kx1*","Justin Devenny","CRY","M","634","FA","AVL 0<br/>@CRY 5 F","0","0","2%","0%","0","0","0","0","0","0","0","0","0","0","0","0","0","0","0","0","0","0","0","0","0","0","0","0","0","0","0","0","0"
"*06l4i*","Tyrique George","CHE","F","667","FA","BOU 1<br/>@CHE 2 F","0","0","2%","0%","0","0","0","0","0","0","0","0","0","0","0","0","0","0","0","0","0","0","0","0","0","0","0","0","0","0","0","0","0"
"*066sh*","Bashir Humphreys","CHE","D","711","FA","BOU 1<br/>@CHE 2 F","0","0","1%","0%","0","0","0","0","0","0","0","0","0","0","0","0","0","0","0","0","0","0","0","0","0","0","0","0","0","0","0","0","0"
"*06hze*","Treymaurice Nyoni","LIV","M","784","FA","WOL 0<br/>@LIV 2 F","0","0","1%","0%","0","0","0","0","0","0","0","0","0","0","0","0","0","0","0","0","0","0","0","0","0","0","0","0","0","0","0","0","0"
"*06635*","Oliver Scarles","WHU","D","839","FA","WHU 1<br/>@MCI 3 F","0","0","1%","0%","0","0","0","0","0","0","0","0","0","0","0","0","0","0","0","0","0","0","0","0","0","0","0","0","0","0","0","0","0"
"*067x6*","Max Alleyne","MCI","D","558","FA","WHU 1<br/>@MCI 3 F","0","0","1%","0%","0","0","0","0","0","0","0","0","0","0","0","0","0","0","0","0","0","0","0","0","0","0","0","0","0","0","0","0","0"
"*06kyw*","Claudio Echeverri","MCI","M","645","FA","WHU 1<br/>@MCI 3 F","0","0","0%","0%","0","0","0","0","0","0","0","0","0","0","0","0","0","0","0","0","0","0","0","0","0","0","0","0","0","0","0","0","0"
"*06442*","Zach Abbott","NOT","D","550","FA","NOT 2<br/>@BUR 1 F","0","0","0%","0%","0","0","0","0","0","0","0","0","0","0","0","0","0","0","0","0","0","0","0","0","0","0","0","0","0","0","0","0","0"
"*06l2r*","Harry Amass","MUN","D","561","FA","MUN 2<br/>@BHA 0 F","0","0","0%","0%","0","0","0","0","0","0","0","0","0","0","0","0","0","0","0","0","0","0","0","0","0","0","0","0","0","0","0","0","0"
"*06kyx*","Andy Irving","WHU","M","717","FA","WHU 1<br/>@MCI 3 F","0","0","0%","0%","0","0","0","0","0","0","0","0","0","0","0","0","0","0","0","0","0","0","0","0","0","0","0","0","0","0","0","0","0"
"*05x9k*","Jeremy Sarmiento","BHA","F","834","FA","MUN 2<br/>@BHA 0 F","0","0","0%","0%","0","0","0","0","0","0","0","0","0","0","0","0","0","0","0","0","0","0","0","0","0","0","0","0","0","0","0","0","0"
"*066iz*","Lewis Orford","WHU","M","795","FA","WHU 1<br/>@MCI 3 F","0","0","0%","0%","0","0","0","0","0","0","0","0","0","0","0","0","0","0","0","0","0","0","0","0","0","0","0","0","0","0","0","0","0"
"*05oji*","Rhys Williams","LIV","D","884","FA","WOL 0<br/>@LIV 2 F","0","0","0%","0%","0","0","0","0","0","0","0","0","0","0","0","0","0","0","0","0","0","0","0","0","0","0","0","0","0","0","0","0","0"
"*05wwd*","Joshua Wilson-Esbrand","MCI","D","885","FA","WHU 1<br/>@MCI 3 F","0","0","0%","0%","0","0","0","0","0","0","0","0","0","0","0","0","0","0","0","0","0","0","0","0","0","0","0","0","0","0","0","0","0"
"*06crn*","Toby Collyer","MUN","M","618","FA","MUN 2<br/>@BHA 0 F","0","0","0%","0%","0","0","0","0","0","0","0","0","0","0","0","0","0","0","0","0","0","0","0","0","0","0","0","0","0","0","0","0","0"
"*061z5*","Calvin Ramsay","LIV","D","818","FA","WOL 0<br/>@LIV 2 F","0","0","0%","0%","0","0","0","0","0","0","0","0","0","0","0","0","0","0","0","0","0","0","0","0","0","0","0","0","0","0","0","0","0"
"*067y2*","Daniel Adu-Addei","BOU","M","553","FA","BOU 1<br/>@CHE 2 F","0","0","0%","0%","0","0","0","0","0","0","0","0","0","0","0","0","0","0","0","0","0","0","0","0","0","0","0","0","0","0","0","0","0"
"*06ils*","Yunus Konak","BRF","M","732","FA","NEW 4<br/>@BRF 2 F","0","0","0%","0%","0","0","0","0","0","0","0","0","0","0","0","0","0","0","0","0","0","0","0","0","0","0","0","0","0","0","0","0","0"
"*06hcm*","Callum Marshall","WHU","F","751","FA","WHU 1<br/>@MCI 3 F","0","0","0%","0%","0","0","0","0","0","0","0","0","0","0","0","0","0","0","0","0","0","0","0","0","0","0","0","0","0","0","0","0","0"
"*05r93*","Tyler Onyango","EVE","M","794","FA","EVE 1<br/>@ARS 2 F","0","0","0%","0%","1","0","1","0","0","0","0","0","0","0","0","0","0","0","0","0","0","0","0","0","0","0","0","0","0","0","0","0","0"
"*062op*","Omar Richards","NOT","D","824","FA","NOT 2<br/>@BUR 1 F","0","0","0%","0%","0","0","0","0","0","0","0","0","0","0","0","0","0","0","0","0","0","0","0","0","0","0","0","0","0","0","0","0","0"
"*062oi*","Kaden Rodney","CRY","M","826","FA","AVL 0<br/>@CRY 5 F","0","0","0%","0%","0","0","0","0","0","0","0","0","0","0","0","0","0","0","0","0","0","0","0","0","0","0","0","0","0","0","0","0","0"
"*066se*","Charles Sagoe Junior","ARS","F","830","FA","EVE 1<br/>@ARS 2 F","0","0","0%","0%","0","0","0","0","0","0","0","0","0","0","0","0","0","0","0","0","0","0","0","0","0","0","0","0","0","0","0","0","0"
"*06cly*","Enock Agyei","BUR","F","555","FA","NOT 2<br/>@BUR 1 F","0","0","0%","0%","0","0","0","0","0","0","0","0","0","0","0","0","0","0","0","0","0","0","0","0","0","0","0","0","0","0","0","0","0"
"*06kwh*","Benjamin Arthur","BRF","D","568","FA","NEW 4<br/>@BRF 2 F","0","0","0%","0%","0","0","0","0","0","0","0","0","0","0","0","0","0","0","0","0","0","0","0","0","0","0","0","0","0","0","0","0","0"
"*05tz8*","Emmanuel Dennis","NOT","F","633","FA","NOT 2<br/>@BUR 1 F","0","0","0%","0%","0","0","0","0","0","0","0","0","0","0","0","0","0","0","0","0","0","0","0","0","0","0","0","0","0","0","0","0","0"
"*062ck*","Malcolm Ebiowei","CRY","M,F","644","FA","AVL 0<br/>@CRY 5 F","0","0","0%","0%","0","0","0","0","0","0","0","0","0","0","0","0","0","0","0","0","0","0","0","0","0","0","0","0","0","0","0","0","0"
"*06kji*","Ollie Harrison","CHE","M","690","FA","BOU 1<br/>@CHE 2 F","0","0","0%","0%","0","0","0","0","0","0","0","0","0","0","0","0","0","0","0","0","0","0","0","0","0","0","0","0","0","0","0","0","0"
"*062ft*","Tyrell Malacia","MUN","D","747","FA","MUN 2<br/>@BHA 0 F","0","0","0%","0%","0","0","0","0","0","0","0","0","0","0","0","0","0","0","0","0","0","0","0","0","0","0","0","0","0","0","0","0","0"
"*05vyh*","Andy Moran","BHA","M","769","FA","MUN 2<br/>@BHA 0 F","0","0","0%","0%","0","0","0","0","0","0","0","0","0","0","0","0","0","0","0","0","0","0","0","0","0","0","0","0","0","0","0","0","0"
"*05nsf*","Malang Sarr","CHE","D","835","FA","BOU 1<br/>@CHE 2 F","0","0","0%","0%","0","0","0","0","0","0","0","0","0","0","0","0","0","0","0","0","0","0","0","0","0","0","0","0","0","0","0","0","0"
"*063e8*","Goncalo Guedes","WOL","F","662","FA","WOL 0<br/>@LIV 2 F","0","0","0%","0%","0","0","0","0","0","0","0","0","0","0","0","0","0","0","0","0","0","0","0","0","0","0","0","0","0","0","0","0","0"
"*06lvm*","Tyrese Hall","TOT","M","682","FA","TOT 3<br/>@SHU 0 F","0","0","0%","0%","0","0","0","0","0","0","0","0","0","0","0","0","0","0","0","0","0","0","0","0","0","0","0","0","0","0","0","0","0"
"*035mq*","Isaac Hayden","NEW","M","693","FA","NEW 4<br/>@BRF 2 F","0","0","0%","0%","0","0","0","0","0","0","0","0","0","0","0","0","0","0","0","0","0","0","0","0","0","0","0","0","0","0","0","0","0"
"*06jfq*","Travis Hernes","NEW","M","699","FA","NEW 4<br/>@BRF 2 F","0","0","0%","0%","0","0","0","0","0","0","0","0","0","0","0","0","0","0","0","0","0","0","0","0","0","0","0","0","0","0","0","0","0"
"*044nm*","Rob Holding","ARS/CRY","D","705","FA","AVL 0<br/>@CRY 5 F","0","0","0%","0%","0","0","0","0","0","0","0","0","0","0","0","0","0","0","0","0","0","0","0","0","0","0","0","0","0","0","0","0","0"
"*06kud*","Amara Nallo","LIV","M","777","FA","WOL 0<br/>@LIV 2 F","0","0","0%","0%","0","0","0","0","0","0","0","0","0","0","0","0","0","0","0","0","0","0","0","0","0","0","0","0","0","0","0","0","0"
"*06awp*","Travis Patterson","AVL","M","801","FA","AVL 0<br/>@CRY 5 F","0","0","0%","0%","0","0","0","0","0","0","0","0","0","0","0","0","0","0","0","0","0","0","0","0","0","0","0","0","0","0","0","0","0"
"*06fwj*","Alfie Pond","WOL","D","813","FA","WOL 0<br/>@LIV 2 F","0","0","0%","0%","0","0","0","0","0","0","0","0","0","0","0","0","0","0","0","0","0","0","0","0","0","0","0","0","0","0","0","0","0"
"*0643w*","Ryan Trevitt","BRF","M","864","FA","NEW 4<br/>@BRF 2 F","0","0","0%","0%","0","0","0","0","0","0","0","0","0","0","0","0","0","0","0","0","0","0","0","0","0","0","0","0","0","0","0","0","0"
"*06kk4*","Franco Umeh-Chibueze","CRY","F","868","FA","AVL 0<br/>@CRY 5 F","0","0","0%","0%","0","0","0","0","0","0","0","0","0","0","0","0","0","0","0","0","0","0","0","0","0","0","0","0","0","0","0","0","0"
"*066tb*","Kadan Young","AVL","M,F","889","FA","AVL 0<br/>@CRY 5 F","0","0","0%","0%","0","0","0","0","0","0","0","0","0","0","0","0","0","0","0","0","0","0","0","0","0","0","0","0","0","0","0","0","0"
"*05ymb*","Tayo Adaramola","CRY","D","551","FA","AVL 0<br/>@CRY 5 F","0","0","0%","0%","0","0","0","0","0","0","0","0","0","0","0","0","0","0","0","0","0","0","0","0","0","0","0","0","0","0","0","0","0"
"*06ewp*","Samuel Amissah","FUL","D","563","FA","FUL 4<br/>@LUT 2 F","0","0","0%","0%","0","0","0","0","0","0","0","0","0","0","0","0","0","0","0","0","0","0","0","0","0","0","0","0","0","0","0","0","0"
"*06c4r*","Darko Churlinov","BUR","F","617","FA","NOT 2<br/>@BUR 1 F","0","0","0%","0%","0","0","0","0","0","0","0","0","0","0","0","0","0","0","0","0","0","0","0","0","0","0","0","0","0","0","0","0","0"
"*0689t*","Michael Dacosta Gonzalez","BOU","F","628","FA","BOU 1<br/>@CHE 2 F","0","0","0%","0%","0","0","0","0","0","0","0","0","0","0","0","0","0","0","0","0","0","0","0","0","0","0","0","0","0","0","0","0","0"
"*05ux0*","Owen Dodgson","BUR","D","637","FA","NOT 2<br/>@BUR 1 F","0","0","0%","0%","0","0","0","0","0","0","0","0","0","0","0","0","0","0","0","0","0","0","0","0","0","0","0","0","0","0","0","0","0"
"*05oh2*","Thiago Alcantara","LIV","M","556","FA","WOL 0<br/>@LIV 2 F","0","0","0%","0%","1","0","4","0","0","0","0","0","0","0","0","0","0","0","0","0","0","0","0","0","0","0","0","0","0","0","0","1","0"
"*06ewt*","Sonny Aljofree","MUN","D","557","FA","MUN 2<br/>@BHA 0 F","0","0","0%","0%","0","0","0","0","0","0","0","0","0","0","0","0","0","0","0","0","0","0","0","0","0","0","0","0","0","0","0","0","0"
"*03mml*","Dele Alli","EVE","M","559","FA","EVE 1<br/>@ARS 2 F","0","0","0%","0%","0","0","0","0","0","0","0","0","0","0","0","0","0","0","0","0","0","0","0","0","0","0","0","0","0","0","0","0","0"
"*058vf*","Steven Alzate","BHA","M","560","FA","MUN 2<br/>@BHA 0 F","0","0","0%","0%","0","0","0","0","0","0","0","0","0","0","0","0","0","0","0","0","0","0","0","0","0","0","0","0","0","0","0","0","0"
"*03r8p*","Harry Arter","NOT","M","567","FA","NOT 2<br/>@BUR 1 F","0","0","0%","0%","0","0","0","0","0","0","0","0","0","0","0","0","0","0","0","0","0","0","0","0","0","0","0","0","0","0","0","0","0"
"*0435u*","Eric Bailly","MUN","D","572","FA","MUN 2<br/>@BHA 0 F","0","0","0%","0%","0","0","0","0","0","0","0","0","0","0","0","0","0","0","0","0","0","0","0","0","0","0","0","0","0","0","0","0","0"
"*06fwk*","Emilio Ballard-Matthews","WOL","F","574","FA","WOL 0<br/>@LIV 2 F","0","0","0%","0%","0","0","0","0","0","0","0","0","0","0","0","0","0","0","0","0","0","0","0","0","0","0","0","0","0","0","0","0","0"
"*059iq*","Folarin Balogun","ARS","F","575","FA","EVE 1<br/>@ARS 2 F","0","0","0%","0%","0","0","0","0","0","0","0","0","0","0","0","0","0","0","0","0","0","0","0","0","0","0","0","0","0","0","0","0","0"
"*05tr4*","Mads Bech Sorensen","BRF","D","582","FA","NEW 4<br/>@BRF 2 F","0","0","0%","0%","0","0","0","0","0","0","0","0","0","0","0","0","0","0","0","0","0","0","0","0","0","0","0","0","0","0","0","0","0"
"*062dp*","Giulian Biancone","NOT","D","587","FA","NOT 2<br/>@BUR 1 F","0","0","0%","0%","0","0","0","0","0","0","0","0","0","0","0","0","0","0","0","0","0","0","0","0","0","0","0","0","0","0","0","0","0"
"*066sm*","Mason Burstow","CHE","F","597","FA","BOU 1<br/>@CHE 2 F","0","0","0%","0%","2","0","7","0","0","0","0","0","0","0","0","0","0","0","0","0","0","0","0","0","0","0","0","0","0","0","0","1","1"
"*066sc*","Nathan Butler-Oyedeji","ARS","M,F","598","FA","EVE 1<br/>@ARS 2 F","0","0","0%","0%","0","0","0","0","0","0","0","0","0","0","0","0","0","0","0","0","0","0","0","0","0","0","0","0","0","0","0","0","0"
"*05tra*","Emiliano Marcondes Camargo Hansen","BOU","M","600","FA","BOU 1<br/>@CHE 2 F","0","0","0%","0%","0","0","0","0","0","0","0","0","0","0","0","0","0","0","0","0","0","0","0","0","0","0","0","0","0","0","0","0","0"
"*05a6j*","Chem Campbell","WOL","M,F","602","FA","WOL 0<br/>@LIV 2 F","0","0","0%","0%","0","0","0","0","0","0","0","0","0","0","0","0","0","0","0","0","0","0","0","0","0","0","0","0","0","0","0","0","0"
"*06idv*","Elijah Campbell","EVE","D","603","FA","EVE 1<br/>@ARS 2 F","0","0","0%","0%","0","0","0","0","0","0","0","0","0","0","0","0","0","0","0","0","0","0","0","0","0","0","0","0","0","0","0","0","0"
"*066ni*","Thomas Cannon","EVE","F","604","FA","EVE 1<br/>@ARS 2 F","0","0","0%","0%","1","0","1","0","0","0","0","0","0","0","0","0","0","0","0","0","0","0","0","0","0","0","0","0","0","0","0","0","0"
"*0411y*","Sergi Canos","BRF","F","605","FA","NEW 4<br/>@BRF 2 F","0","0","0%","0%","0","0","0","0","0","0","0","0","0","0","0","0","0","0","0","0","0","0","0","0","0","0","0","0","0","0","0","0","0"
"*05gcq*","Daniel Podence","WOL","F","609","FA","WOL 0<br/>@LIV 2 F","0","0","0%","0%","0","0","0","0","0","0","0","0","0","0","0","0","0","0","0","0","0","0","0","0","0","0","0","0","0","0","0","0","0"
"*06hwc*","Leo Castledine","CHE","M","610","FA","BOU 1<br/>@CHE 2 F","0","0","0%","0%","0","0","0","0","0","0","0","0","0","0","0","0","0","0","0","0","0","0","0","0","0","0","0","0","0","0","0","0","0"
"*0570n*","Joao Cancelo","MCI","D","611","FA","WHU 1<br/>@MCI 3 F","0","0","0%","0%","0","0","0","0","0","0","0","0","0","0","0","0","0","0","0","0","0","0","0","0","0","0","0","0","0","0","0","0","0"
"*056ix*","Bruno Jordao","WOL","M","612","FA","WOL 0<br/>@LIV 2 F","0","0","0%","0%","0","0","0","0","0","0","0","0","0","0","0","0","0","0","0","0","0","0","0","0","0","0","0","0","0","0","0","0","0"
"*05xsd*","Daniel Chesters","WHU","M","614","FA","WHU 1<br/>@MCI 3 F","0","0","0%","0%","0","0","0","0","0","0","0","0","0","0","0","0","0","0","0","0","0","0","0","0","0","0","0","0","0","0","0","0","0"
"*06c6l*","Ismaila Coulibaly","SHU","M","621","FA","TOT 3<br/>@SHU 0 F","0","0","0%","0%","0","0","0","0","0","0","0","0","0","0","0","0","0","0","0","0","0","0","0","0","0","0","0","0","0","0","0","0","0"
"*04xjt*","Conor Coventry","WHU","M","622","FA","WHU 1<br/>@MCI 3 F","0","0","0%","0%","0","0","0","0","0","0","0","0","0","0","0","0","0","0","0","0","0","0","0","0","0","0","0","0","0","0","0","0","0"
"*064oo*","Amario Cozier-Duberry","ARS","M","623","FA","EVE 1<br/>@ARS 2 F","0","0","0%","0%","0","0","0","0","0","0","0","0","0","0","0","0","0","0","0","0","0","0","0","0","0","0","0","0","0","0","0","0","0"
"*052k1*","Luke Cundle","WOL","M","626","FA","WOL 0<br/>@LIV 2 F","0","0","0%","0%","0","0","0","0","0","0","0","0","0","0","0","0","0","0","0","0","0","0","0","0","0","0","0","0","0","0","0","0","0"
"*03yuo*","Keinan Davis","AVL","F","630","FA","AVL 0<br/>@CRY 5 F","0","0","0%","0%","0","0","0","0","0","0","0","0","0","0","0","0","0","0","0","0","0","0","0","0","0","0","0","0","0","0","0","0","0"
"*06ewn*","Luc De Fougerolles","FUL","D","632","FA","FUL 4<br/>@LUT 2 F","0","0","0%","0%","0","0","0","0","0","0","0","0","0","0","0","0","0","0","0","0","0","0","0","0","0","0","0","0","0","0","0","0","0"
"*06exh*","Amadou Diallo","NEW","F","635","FA","NEW 4<br/>@BRF 2 F","0","0","0%","0%","1","0","1","0","0","0","0","0","0","0","0","0","0","0","0","0","0","0","0","0","0","0","0","0","0","0","0","0","0"
"*066sz*","Alfie Dorrington","TOT","D","638","FA","TOT 3<br/>@SHU 0 F","0","0","0%","0%","0","0","0","0","0","0","0","0","0","0","0","0","0","0","0","0","0","0","0","0","0","0","0","0","0","0","0","0","0"
"*062hb*","Flynn Downes","WHU","M","639","FA","WHU 1<br/>@MCI 3 F","0","0","0%","0%","0","0","0","0","0","0","0","0","0","0","0","0","0","0","0","0","0","0","0","0","0","0","0","0","0","0","0","0","0"
"*06l4j*","Kiano Dyer","CHE","M","642","FA","BOU 1<br/>@CHE 2 F","0","0","0%","0%","0","0","0","0","0","0","0","0","0","0","0","0","0","0","0","0","0","0","0","0","0","0","0","0","0","0","0","0","0"
"*05uho*","CJ Egan-Riley","BUR","D","646","FA","NOT 2<br/>@BUR 1 F","0","0","0%","0%","0","0","0","0","0","0","0","0","0","0","0","0","0","0","0","0","0","0","0","0","0","0","0","0","0","0","0","0","0"
"*05yc5*","Josh Feeney","AVL","D,M","648","FA","AVL 0<br/>@CRY 5 F","0","0","0%","0%","0","0","0","0","0","0","0","0","0","0","0","0","0","0","0","0","0","0","0","0","0","0","0","0","0","0","0","0","0"
"*04mf8*","Nathan Ferguson","CRY","D","649","FA","AVL 0<br/>@CRY 5 F","0","0","0%","0%","0","0","0","0","0","0","0","0","0","0","0","0","0","0","0","0","0","0","0","0","0","0","0","0","0","0","0","0","0"
"*04shz*","Tyrese Francois","FUL","M","655","FA","FUL 4<br/>@LUT 2 F","0","0","0%","0%","0","0","0","0","0","0","0","0","0","0","0","0","0","0","0","0","0","0","0","0","0","0","0","0","0","0","0","0","0"
"*03r8r*","Ryan Fraser","NEW","M","656","FA","NEW 4<br/>@BRF 2 F","0","0","0%","0%","0","0","0","0","0","0","0","0","0","0","0","0","0","0","0","0","0","0","0","0","0","0","0","0","0","0","0","0","0"
"*02lof*","Ryan Fredericks","BOU","D","657","FA","BOU 1<br/>@CHE 2 F","0","0","0%","0%","0","0","0","0","0","0","0","0","0","0","0","0","0","0","0","0","0","0","0","0","0","0","0","0","0","0","0","0","0"
"*02lyo*","Luke Freeman","LUT","M","659","FA","FUL 4<br/>@LUT 2 F","0","0","0%","0%","0","0","0","0","0","0","0","0","0","0","0","0","0","0","0","0","0","0","0","0","0","0","0","0","0","0","0","0","0"
"*063u9*","Remo Freuler","NOT","M","660","FA","NOT 2<br/>@BUR 1 F","0","0","0%","0%","0","0","0","0","0","0","0","0","0","0","0","0","0","0","0","0","0","0","0","0","0","0","0","0","0","0","0","0","0"
"*067yx*","Gustavo Scarpa","NOT","M","661","FA","NOT 2<br/>@BUR 1 F","0","0","0%","0%","0","0","0","0","0","0","0","0","0","0","0","0","0","0","0","0","0","0","0","0","0","0","0","0","0","0","0","0","0"
"*056iu*","Jean-Philippe Gbamin","EVE","M","665","FA","EVE 1<br/>@ARS 2 F","0","0","0%","0%","0","0","0","0","0","0","0","0","0","0","0","0","0","0","0","0","0","0","0","0","0","0","0","0","0","0","0","0","0"
"*06igr*","Michael Golding","CHE","M","669","FA","BOU 1<br/>@CHE 2 F","0","0","0%","0%","0","0","0","0","0","0","0","0","0","0","0","0","0","0","0","0","0","0","0","0","0","0","0","0","0","0","0","0","0"
"*05tr0*","Charlie Goode","BRF","D","670","FA","NEW 4<br/>@BRF 2 F","0","0","0%","0%","0","0","0","0","0","0","0","0","0","0","0","0","0","0","0","0","0","0","0","0","0","0","0","0","0","0","0","0","0"
"*03yq8*","Demarai Gray","EVE","M","673","FA","EVE 1<br/>@ARS 2 F","0","0","0%","0%","0","0","0","0","0","0","0","0","0","0","0","0","0","0","0","0","0","0","0","0","0","0","0","0","0","0","0","0","0"
"*04spy*","Mason Greenwood","MUN","F","675","FA","MUN 2<br/>@BHA 0 F","0","0","0%","0%","0","0","0","0","0","0","0","0","0","0","0","0","0","0","0","0","0","0","0","0","0","0","0","0","0","0","0","0","0"
"*05o2r*","Antwoine Hackford","SHU","F","681","FA","TOT 3<br/>@SHU 0 F","0","0","0%","0%","2","0","9","0","0","0","0","0","0","0","0","0","0","0","0","0","0","0","0","0","0","0","0","0","0","0","0","1","0"
"*052k6*","Taylor Harwood-Bellis","MCI","D","691","FA","WHU 1<br/>@MCI 3 F","0","0","0%","0%","0","0","0","0","0","0","0","0","0","0","0","0","0","0","0","0","0","0","0","0","0","0","0","0","0","0","0","0","0"
"*04qr4*","Kortney Hause","AVL","D","692","FA","AVL 0<br/>@CRY 5 F","0","0","0%","0%","0","0","0","0","0","0","0","0","0","0","0","0","0","0","0","0","0","0","0","0","0","0","0","0","0","0","0","0","0"
"*047l2*","Jeff Hendrick","NEW","M","697","FA","NEW 4<br/>@BRF 2 F","0","0","0%","0%","0","0","0","0","0","0","0","0","0","0","0","0","0","0","0","0","0","0","0","0","0","0","0","0","0","0","0","0","0"
"*062z5*","Joseph Hodge","WOL","M","704","FA","WOL 0<br/>@LIV 2 F","0","0","0%","0%","0","0","0","0","0","0","0","0","0","0","0","0","0","0","0","0","0","0","0","0","0","0","0","0","0","0","0","0","0"
"*06kx0*","Danny Imray","CRY","D","716","FA","AVL 0<br/>@CRY 5 F","0","0","0%","0%","0","0","0","0","0","0","0","0","0","0","0","0","0","0","0","0","0","0","0","0","0","0","0","0","0","0","0","0","0"
"*02lol*","Harry Kane","TOT","F","722","FA","TOT 3<br/>@SHU 0 F","0","0","0%","0%","0","0","0","0","0","0","0","0","0","0","0","0","0","0","0","0","0","0","0","0","0","0","0","0","0","0","0","0","0"
"*06dpw*","Ji-Soo Kim","BRF","D","726","FA","NEW 4<br/>@BRF 2 F","0","0","0%","0%","0","0","0","0","0","0","0","0","0","0","0","0","0","0","0","0","0","0","0","0","0","0","0","0","0","0","0","0","0"
"*03dyo*","Anthony Knockaert","FUL","M","731","FA","FUL 4<br/>@LUT 2 F","0","0","0%","0%","0","0","0","0","0","0","0","0","0","0","0","0","0","0","0","0","0","0","0","0","0","0","0","0","0","0","0","0","0"
"*04mks*","Terence Kongolo","FUL","D","733","FA","FUL 4<br/>@LUT 2 F","0","0","0%","0%","0","0","0","0","0","0","0","0","0","0","0","0","0","0","0","0","0","0","0","0","0","0","0","0","0","0","0","0","0"
"*06do4*","Louie Koumas","LIV","F","734","FA","WOL 0<br/>@LIV 2 F","0","0","0%","0%","0","0","0","0","0","0","0","0","0","0","0","0","0","0","0","0","0","0","0","0","0","0","0","0","0","0","0","0","0"
"*06jgo*","Noha Lemina","WOL","F","739","FA","WOL 0<br/>@LIV 2 F","0","0","0%","0%","0","0","0","0","0","0","0","0","0","0","0","0","0","0","0","0","0","0","0","0","0","0","0","0","0","0","0","0","0"
"*061vi*","Jamal Lowe","BOU","F","743","FA","BOU 1<br/>@CHE 2 F","0","0","0%","0%","0","0","0","0","0","0","0","0","0","0","0","0","0","0","0","0","0","0","0","0","0","0","0","0","0","0","0","0","0"
"*02m7x*","Romelu Lukaku","CHE","F","744","FA","BOU 1<br/>@CHE 2 F","0","0","0%","0%","0","0","0","0","0","0","0","0","0","0","0","0","0","0","0","0","0","0","0","0","0","0","0","0","0","0","0","0","0"
"*03hvn*","Javier Manquillo","NEW","D","748","FA","NEW 4<br/>@BRF 2 F","0","0","0%","0%","0","0","0","0","0","0","0","0","0","0","0","0","0","0","0","0","0","0","0","0","0","0","0","0","0","0","0","0","0"
"*06igf*","Adrian Mazilu","BHA","F","753","FA","MUN 2<br/>@BHA 0 F","0","0","0%","0%","0","0","0","0","0","0","0","0","0","0","0","0","0","0","0","0","0","0","0","0","0","0","0","0","0","0","0","0","0"
"*03pih*","Kevin Mbabu","FUL","D","754","FA","FUL 4<br/>@LUT 2 F","0","0","0%","0%","0","0","0","0","0","0","0","0","0","0","0","0","0","0","0","0","0","0","0","0","0","0","0","0","0","0","0","0","0"
"*06idw*","Jenson Metcalfe","EVE","M","766","FA","EVE 1<br/>@ARS 2 F","0","0","0%","0%","0","0","0","0","0","0","0","0","0","0","0","0","0","0","0","0","0","0","0","0","0","0","0","0","0","0","0","0","0"
"*061y9*","Alex Mighten","NOT","F","767","FA","NOT 2<br/>@BUR 1 F","0","0","0%","0%","0","0","0","0","0","0","0","0","0","0","0","0","0","0","0","0","0","0","0","0","0","0","0","0","0","0","0","0","0"
"*06kuc*","Harrison Murray-Campbell","CHE","D","774","FA","BOU 1<br/>@CHE 2 F","0","0","0%","0%","0","0","0","0","0","0","0","0","0","0","0","0","0","0","0","0","0","0","0","0","0","0","0","0","0","0","0","0","0"
"*052i8*","Admiral Muskwe","LUT","F","776","FA","FUL 4<br/>@LUT 2 F","0","0","0%","0%","0","0","0","0","0","0","0","0","0","0","0","0","0","0","0","0","0","0","0","0","0","0","0","0","0","0","0","0","0"
"*06exi*","Michael Ndiweni","NEW","F","779","FA","NEW 4<br/>@BRF 2 F","0","0","0%","0%","1","0","1","0","0","0","0","0","0","0","0","0","0","0","0","0","0","0","0","0","0","0","0","0","0","0","0","0","0"
"*05247*","Tanguy Ndombele","TOT","M","780","FA","TOT 3<br/>@SHU 0 F","0","0","0%","0%","0","0","0","0","0","0","0","0","0","0","0","0","0","0","0","0","0","0","0","0","0","0","0","0","0","0","0","0","0"
"*06c69*","Zack Nelson","LUT","M","782","FA","FUL 4<br/>@LUT 2 F","0","0","0%","0%","2","0","2","0","0","0","0","0","0","0","0","0","0","0","0","0","0","0","0","0","0","0","0","0","0","0","0","1","0"
"*04mlb*","Lewis O'Brien","NOT","M","785","FA","NOT 2<br/>@BUR 1 F","0","0","0%","0%","0","0","0","0","0","0","0","0","0","0","0","0","0","0","0","0","0","0","0","0","0","0","0","0","0","0","0","0","0"
"*06kue*","Habeeb Ogunneye","MUN","D","788","FA","MUN 2<br/>@BHA 0 F","0","0","0%","0%","0","0","0","0","0","0","0","0","0","0","0","0","0","0","0","0","0","0","0","0","0","0","0","0","0","0","0","0","0"
"*06l53*","Temple Ojinnaka","WOL","M","789","FA","WOL 0<br/>@LIV 2 F","0","0","0%","0%","0","0","0","0","0","0","0","0","0","0","0","0","0","0","0","0","0","0","0","0","0","0","0","0","0","0","0","0","0"
"*06kum*","Wesley Okoduwa","WOL","D","790","FA","WOL 0<br/>@LIV 2 F","0","0","0%","0%","0","0","0","0","0","0","0","0","0","0","0","0","0","0","0","0","0","0","0","0","0","0","0","0","0","0","0","0","0"
"*061xr*","Marquinhos","ARS","F","793","FA","EVE 1<br/>@ARS 2 F","0","0","0%","0%","0","0","0","0","0","0","0","0","0","0","0","0","0","0","0","0","0","0","0","0","0","0","0","0","0","0","0","0","0"
"*06ex1*","Ben Parkinson","NEW","F","799","FA","NEW 4<br/>@BRF 2 F","0","0","0%","0%","1","0","23","0","0","0","0","0","0","0","0","0","0","0","0","0","0","0","0","1","0","0","0","0","0","0","0","1","0"
"*05y9e*","Charlie Patino","ARS","M","800","FA","EVE 1<br/>@ARS 2 F","0","0","0%","0%","0","0","0","0","0","0","0","0","0","0","0","0","0","0","0","0","0","0","0","0","0","0","0","0","0","0","0","0","0"
"*055sk*","Nicolas Pepe","ARS","F","802","FA","EVE 1<br/>@ARS 2 F","0","0","0%","0%","0","0","0","0","0","0","0","0","0","0","0","0","0","0","0","0","0","0","0","0","0","0","0","0","0","0","0","0","0"
"*068sf*","Maximo Perrone","MCI","M","805","FA","WHU 1<br/>@MCI 3 F","0","0","0%","0%","0","0","0","0","0","0","0","0","0","0","0","0","0","0","0","0","0","0","0","0","0","0","0","0","0","0","0","0","0"
"*06451*","Cameron Peupion","BHA","M","806","FA","MUN 2<br/>@BHA 0 F","0","0","0%","0%","0","0","0","0","0","0","0","0","0","0","0","0","0","0","0","0","0","0","0","0","0","0","0","0","0","0","0","0","0"
"*06exk*","Ashley Phillips","TOT","D","807","FA","TOT 3<br/>@SHU 0 F","0","0","0%","0%","0","0","0","0","0","0","0","0","0","0","0","0","0","0","0","0","0","0","0","0","0","0","0","0","0","0","0","0","0"
"*04rxe*","Nathaniel Phillips","LIV","D","809","FA","WOL 0<br/>@LIV 2 F","0","0","0%","0%","0","0","0","0","0","0","0","0","0","0","0","0","0","0","0","0","0","0","0","0","0","0","0","0","0","0","0","0","0"
"*05ylz*","Luke Plange","CRY","F","812","FA","AVL 0<br/>@CRY 5 F","0","0","0%","0%","0","0","0","0","0","0","0","0","0","0","0","0","0","0","0","0","0","0","0","0","0","0","0","0","0","0","0","0","0"
"*04qqv*","Fred","MUN","M","827","FA","MUN 2<br/>@BHA 0 F","0","0","0%","0%","0","0","0","0","0","0","0","0","0","0","0","0","0","0","0","0","0","0","0","0","0","0","0","0","0","0","0","0","0"
"*066nh*","Ishe Samuels-Smith","EVE/CHE","D","832","FA","BOU 1<br/>@CHE 2 F","0","0","0%","0%","0","0","0","0","0","0","0","0","0","0","0","0","0","0","0","0","0","0","0","0","0","0","0","0","0","0","0","0","0"
"*06do2*","Callum Scanlon","LIV","D","838","FA","WOL 0<br/>@LIV 2 F","0","0","0%","0%","0","0","0","0","0","0","0","0","0","0","0","0","0","0","0","0","0","0","0","0","0","0","0","0","0","0","0","0","0"
"*02lkm*","Jonjo Shelvey","NOT","M","845","FA","NOT 2<br/>@BUR 1 F","0","0","0%","0%","0","0","0","0","0","0","0","0","0","0","0","0","0","0","0","0","0","0","0","0","0","0","0","0","0","0","0","0","0"
"*05rdx*","Shola Shoretire","MUN","F","846","FA","MUN 2<br/>@BHA 0 F","0","0","0%","0%","0","0","0","0","0","0","0","0","0","0","0","0","0","0","0","0","0","0","0","0","0","0","0","0","0","0","0","0","0"
"*061vo*","Jay Stansfield","FUL","F","851","FA","FUL 4<br/>@LUT 2 F","0","0","0%","0%","0","0","0","0","0","0","0","0","0","0","0","0","0","0","0","0","0","0","0","0","0","0","0","0","0","0","0","0","0"
"*06gx9*","Ronnie Stutter","CHE","F","854","FA","BOU 1<br/>@CHE 2 F","0","0","0%","0%","0","0","0","0","0","0","0","0","0","0","0","0","0","0","0","0","0","0","0","0","0","0","0","0","0","0","0","0","0"
"*06idr*","Mahamadou Susoho","MCI","M","855","FA","WHU 1<br/>@MCI 3 F","0","0","0%","0%","0","0","0","0","0","0","0","0","0","0","0","0","0","0","0","0","0","0","0","0","0","0","0","0","0","0","0","0","0"
"*04tsd*","Japhet Tanganga","TOT","D","857","FA","TOT 3<br/>@SHU 0 F","0","0","0%","0%","0","0","0","0","0","0","0","0","0","0","0","0","0","0","0","0","0","0","0","0","0","0","0","0","0","0","0","0","0"
"*05749*","Kieran Tierney","ARS","D","862","FA","EVE 1<br/>@ARS 2 F","0","0","0%","0%","0","0","0","0","0","0","0","0","0","0","0","0","0","0","0","0","0","0","0","0","0","0","0","0","0","0","0","0","0"
"*05ygj*","Chiquinho","WOL","F","863","FA","WOL 0<br/>@LIV 2 F","0","0","0%","0%","0","0","0","0","0","0","0","0","0","0","0","0","0","0","0","0","0","0","0","0","0","0","0","0","0","0","0","0","0"
"*06c4l*","Scott Twine","BUR","M","867","FA","NOT 2<br/>@BUR 1 F","0","0","0%","0%","0","0","0","0","0","0","0","0","0","0","0","0","0","0","0","0","0","0","0","0","0","0","0","0","0","0","0","0","0"
"*062i1*","Reuell Walters","ARS","D","873","FA","EVE 1<br/>@ARS 2 F","0","0","0%","0%","0","0","0","0","0","0","0","0","0","0","0","0","0","0","0","0","0","0","0","0","0","0","0","0","0","0","0","0","0"
"*06c64*","Louie Watson","LUT","M","874","FA","FUL 4<br/>@LUT 2 F","0","0","0%","0%","0","0","0","0","0","0","0","0","0","0","0","0","0","0","0","0","0","0","0","0","0","0","0","0","0","0","0","0","0"
"*054p3*","Harvey White","TOT","M","877","FA","TOT 3<br/>@SHU 0 F","0","0","0%","0%","0","0","0","0","0","0","0","0","0","0","0","0","0","0","0","0","0","0","0","0","0","0","0","0","0","0","0","0","0"
"*059j3*","Brandon Williams","MUN","D","882","FA","MUN 2<br/>@BHA 0 F","0","0","0%","0%","0","0","0","0","0","0","0","0","0","0","0","0","0","0","0","0","0","0","0","0","0","0","0","0","0","0","0","0","0"
"*06igx*","Jacob Wright","MCI","M","887","FA","WHU 1<br/>@MCI 3 F","0","0","0%","0%","0","0","0","0","0","0","0","0","0","0","0","0","0","0","0","0","0","0","0","0","0","0","0","0","0","0","0","0","0"
"*05mxb*","Hakim Ziyech","CHE","M","891","FA","BOU 1<br/>@CHE 2 F","0","0","0%","0%","0","0","0","0","0","0","0","0","0","0","0","0","0","0","0","0","0","0","0","0","0","0","0","0","0","0","0","0","0"
"*06fwh*","Valintino Adedokun","BRF","D","552","FA","NEW 4<br/>@BRF 2 F","0","0","-","-","0","0","0","0","0","0","0","0","0","0","0","0","0","0","0","0","0","0","0","0","0","0","0","0","0","0","0","0","0"
"*06cm8*","Brandon Aguilera","NOT","M","554","FA","NOT 2<br/>@BUR 1 F","0","0","-","-","1","0","3","0","0","0","0","0","0","0","0","0","0","0","0","0","0","0","0","0","0","0","0","0","0","0","0","0","0"
"*06lvp*","Noel Atom","BHA","D","569","FA","MUN 2<br/>@BHA 0 F","0","0","-","-","0","0","0","0","0","0","0","0","0","0","0","0","0","0","0","0","0","0","0","0","0","0","0","0","0","0","0","0","0"
"*06al6*","Mauro Bandeira","ARS","M","576","FA","EVE 1<br/>@ARS 2 F","0","0","-","-","0","0","0","0","0","0","0","0","0","0","0","0","0","0","0","0","0","0","0","0","0","0","0","0","0","0","0","0","0"
"*06iel*","Ty Barnett","WOL","F","577","FA","WOL 0<br/>@LIV 2 F","0","0","-","-","0","0","0","0","0","0","0","0","0","0","0","0","0","0","0","0","0","0","0","0","0","0","0","0","0","0","0","0","0"
"*06icr*","Luca Barrington","BHA","F","578","FA","MUN 2<br/>@BHA 0 F","0","0","-","-","0","0","0","0","0","0","0","0","0","0","0","0","0","0","0","0","0","0","0","0","0","0","0","0","0","0","0","0","0"
"*06c4m*","Samuel Bastien","BUR","M","579","FA","NOT 2<br/>@BUR 1 F","0","0","-","-","0","0","0","0","0","0","0","0","0","0","0","0","0","0","0","0","0","0","0","0","0","0","0","0","0","0","0","0","0"
"*066rl*","Rhys Bennett","MUN","D","584","FA","MUN 2<br/>@BHA 0 F","0","0","-","-","0","0","0","0","0","0","0","0","0","0","0","0","0","0","0","0","0","0","0","0","0","0","0","0","0","0","0","0","0"
"*05yez*","Mika Biereth","ARS","F","588","FA","EVE 1<br/>@ARS 2 F","0","0","-","-","0","0","0","0","0","0","0","0","0","0","0","0","0","0","0","0","0","0","0","0","0","0","0","0","0","0","0","0","0"
"*06kjy*","Billy Blacker","SHU","F","589","FA","TOT 3<br/>@SHU 0 F","0","0","-","-","0","0","0","0","0","0","0","0","0","0","0","0","0","0","0","0","0","0","0","0","0","0","0","0","0","0","0","0","0"
"*062cs*","Bendeguz Bolla","WOL","D","590","FA","WOL 0<br/>@LIV 2 F","0","0","-","-","0","0","0","0","0","0","0","0","0","0","0","0","0","0","0","0","0","0","0","0","0","0","0","0","0","0","0","0","0"
"*06dpx*","Ethan Brierley","BRF","M","593","FA","NEW 4<br/>@BRF 2 F","0","0","-","-","0","0","0","0","0","0","0","0","0","0","0","0","0","0","0","0","0","0","0","0","0","0","0","0","0","0","0","0","0"
"*066sg*","Josh Brooking","CHE","D","594","FA","BOU 1<br/>@CHE 2 F","0","0","-","-","0","0","0","0","0","0","0","0","0","0","0","0","0","0","0","0","0","0","0","0","0","0","0","0","0","0","0","0","0"
"*06hcl*","Jake Burger","LUT","M","596","FA","FUL 4<br/>@LUT 2 F","0","0","-","-","0","0","0","0","0","0","0","0","0","0","0","0","0","0","0","0","0","0","0","0","0","0","0","0","0","0","0","0","0"
"*06c6j*","Jili Buyabu","SHU","D","599","FA","TOT 3<br/>@SHU 0 F","0","0","-","-","0","0","0","0","0","0","0","0","0","0","0","0","0","0","0","0","0","0","0","0","0","0","0","0","0","0","0","0","0"
"*06c65*","Allan Campbell","LUT","M","601","FA","FUL 4<br/>@LUT 2 F","0","0","-","-","0","0","0","0","0","0","0","0","0","0","0","0","0","0","0","0","0","0","0","0","0","0","0","0","0","0","0","0","0"
"*06exg*","Nathan Carlyon","NEW","M","606","FA","NEW 4<br/>@BRF 2 F","0","0","-","-","0","0","0","0","0","0","0","0","0","0","0","0","0","0","0","0","0","0","0","0","0","0","0","0","0","0","0","0","0"
"*062p1*","Luke Chambers","LIV","D","613","FA","WOL 0<br/>@LIV 2 F","0","0","-","-","0","0","0","0","0","0","0","0","0","0","0","0","0","0","0","0","0","0","0","0","0","0","0","0","0","0","0","0","0"
"*06l1g*","Christian Chigozie","LUT","D","615","FA","FUL 4<br/>@LUT 2 F","0","0","-","-","0","0","0","0","0","0","0","0","0","0","0","0","0","0","0","0","0","0","0","0","0","0","0","0","0","0","0","0","0"
"*06ib1*","Samy Chouchane","BHA","M","616","FA","MUN 2<br/>@BHA 0 F","0","0","-","-","0","0","0","0","0","0","0","0","0","0","0","0","0","0","0","0","0","0","0","0","0","0","0","0","0","0","0","0","0"
"*052k4*","Theo Corbeanu","WOL","F","619","FA","WOL 0<br/>@LIV 2 F","0","0","-","-","0","0","0","0","0","0","0","0","0","0","0","0","0","0","0","0","0","0","0","0","0","0","0","0","0","0","0","0","0"
"*060y3*","Dara Costelloe","BUR","F","620","FA","NOT 2<br/>@BUR 1 F","0","0","-","-","0","0","0","0","0","0","0","0","0","0","0","0","0","0","0","0","0","0","0","0","0","0","0","0","0","0","0","0","0"
"*05uwc*","Matthew Craig","TOT","M","624","FA","TOT 3<br/>@SHU 0 F","0","0","-","-","0","0","0","0","0","0","0","0","0","0","0","0","0","0","0","0","0","0","0","0","0","0","0","0","0","0","0","0","0"
"*05zd7*","Lucas De Bolle","NEW","M","631","FA","NEW 4<br/>@BRF 2 F","0","0","-","-","0","0","0","0","0","0","0","0","0","0","0","0","0","0","0","0","0","0","0","0","0","0","0","0","0","0","0","0","0"
"*06bdb*","Matthew Dibley-Dias","FUL","M","636","FA","FUL 4<br/>@LUT 2 F","0","0","-","-","0","0","0","0","0","0","0","0","0","0","0","0","0","0","0","0","0","0","0","0","0","0","0","0","0","0","0","0","0"
"*06f2e*","Mohamed Drager","NOT","D","640","FA","NOT 2<br/>@BUR 1 F","0","0","-","-","0","0","0","0","0","0","0","0","0","0","0","0","0","0","0","0","0","0","0","0","0","0","0","0","0","0","0","0","0"
"*06hvo*","Joshua Duffus","BHA","F","641","FA","MUN 2<br/>@BHA 0 F","0","0","-","-","0","0","0","0","0","0","0","0","0","0","0","0","0","0","0","0","0","0","0","0","0","0","0","0","0","0","0","0","0"
"*06igs*","Evan Easton","SHU","D","643","FA","TOT 3<br/>@SHU 0 F","0","0","-","-","0","0","0","0","0","0","0","0","0","0","0","0","0","0","0","0","0","0","0","0","0","0","0","0","0","0","0","0","0"
"*066rp*","Noam Emeran","MUN","F","647","FA","MUN 2<br/>@BHA 0 F","0","0","-","-","0","0","0","0","0","0","0","0","0","0","0","0","0","0","0","0","0","0","0","0","0","0","0","0","0","0","0","0","0"
"*060yz*","Alvaro Fernandez","MUN","D","650","FA","MUN 2<br/>@BHA 0 F","0","0","-","-","0","0","0","0","0","0","0","0","0","0","0","0","0","0","0","0","0","0","0","0","0","0","0","0","0","0","0","0","0"
"*06cm3*","Aidan Francis-Clarke","LUT","D","654","FA","FUL 4<br/>@LUT 2 F","0","0","-","-","0","0","0","0","0","0","0","0","0","0","0","0","0","0","0","0","0","0","0","0","0","0","0","0","0","0","0","0","0"
"*06igq*","Benjamin Fredrick","BRF","D,M","658","FA","NEW 4<br/>@BRF 2 F","0","0","-","-","0","0","0","0","0","0","0","0","0","0","0","0","0","0","0","0","0","0","0","0","0","0","0","0","0","0","0","0","0"
"*06igy*","Joe Gardner","NOT","F","663","FA","NOT 2<br/>@BUR 1 F","0","0","-","-","0","0","0","0","0","0","0","0","0","0","0","0","0","0","0","0","0","0","0","0","0","0","0","0","0","0","0","0","0"
"*06ksh*","Billy Gee","CHE","D","666","FA","BOU 1<br/>@CHE 2 F","0","0","-","-","0","0","0","0","0","0","0","0","0","0","0","0","0","0","0","0","0","0","0","0","0","0","0","0","0","0","0","0","0"
"*05m9s*","John-Kymani Gordon","CRY","F","671","FA","AVL 0<br/>@CRY 5 F","0","0","-","-","0","0","0","0","0","0","0","0","0","0","0","0","0","0","0","0","0","0","0","0","0","0","0","0","0","0","0","0","0"
"*061vc*","Ben Greenwood","BOU","D","674","FA","BOU 1<br/>@CHE 2 F","0","0","-","-","0","0","0","0","0","0","0","0","0","0","0","0","0","0","0","0","0","0","0","0","0","0","0","0","0","0","0","0","0"
"*066rj*","Sean Grehan","CRY","D","676","FA","AVL 0<br/>@CRY 5 F","0","0","-","-","0","0","0","0","0","0","0","0","0","0","0","0","0","0","0","0","0","0","0","0","0","0","0","0","0","0","0","0","0"
"*062z6*","Harvey Griffiths","WOL","M","677","FA","WOL 0<br/>@LIV 2 F","0","0","-","-","0","0","0","0","0","0","0","0","0","0","0","0","0","0","0","0","0","0","0","0","0","0","0","0","0","0","0","0","0"
"*06exd*","Jordan Hackett-Valton","NEW","D","680","FA","NEW 4<br/>@BRF 2 F","0","0","-","-","0","0","0","0","0","0","0","0","0","0","0","0","0","0","0","0","0","0","0","0","0","0","0","0","0","0","0","0","0"
"*05uhv*","Micah Hamilton","MCI","M","683","FA","WHU 1<br/>@MCI 3 F","0","0","-","-","0","0","0","0","0","0","0","0","0","0","0","0","0","0","0","0","0","0","0","0","0","0","0","0","0","0","0","0","0"
"*06l5m*","Owen Hampson","SHU","M","684","FA","TOT 3<br/>@SHU 0 F","0","0","-","-","0","0","0","0","0","0","0","0","0","0","0","0","0","0","0","0","0","0","0","0","0","0","0","0","0","0","0","0","0"
"*06378*","Isak Hansen-Aaroen","MUN","M","685","FA","MUN 2<br/>@BHA 0 F","0","0","-","-","0","0","0","0","0","0","0","0","0","0","0","0","0","0","0","0","0","0","0","0","0","0","0","0","0","0","0","0","0"
"*06l4b*","Taylan Harris","LUT","F","687","FA","FUL 4<br/>@LUT 2 F","0","0","-","-","0","0","0","0","0","0","0","0","0","0","0","0","0","0","0","0","0","0","0","0","0","0","0","0","0","0","0","0","0"
"*06iek*","Owen Hesketh","WOL","M","700","FA","WOL 0<br/>@LIV 2 F","0","0","-","-","0","0","0","0","0","0","0","0","0","0","0","0","0","0","0","0","0","0","0","0","0","0","0","0","0","0","0","0","0"
"*05am1*","Thomas Hill","LIV","M,F","701","FA","WOL 0<br/>@LIV 2 F","0","0","-","-","0","0","0","0","0","0","0","0","0","0","0","0","0","0","0","0","0","0","0","0","0","0","0","0","0","0","0","0","0"
"*06450*","Jack Hinchy","BHA","M","703","FA","MUN 2<br/>@BHA 0 F","0","0","-","-","0","0","0","0","0","0","0","0","0","0","0","0","0","0","0","0","0","0","0","0","0","0","0","0","0","0","0","0","0"
"*06kx6*","Fletcher Holman","WOL","F","706","FA","WOL 0<br/>@LIV 2 F","0","0","-","-","0","0","0","0","0","0","0","0","0","0","0","0","0","0","0","0","0","0","0","0","0","0","0","0","0","0","0","0","0"
"*06ive*","Thomas Holmes","LUT","D","707","FA","FUL 4<br/>@LUT 2 F","0","0","-","-","0","0","0","0","0","0","0","0","0","0","0","0","0","0","0","0","0","0","0","0","0","0","0","0","0","0","0","0","0"
"*06ib4*","Justin Hubner","WOL","D","709","FA","WOL 0<br/>@LIV 2 F","0","0","-","-","0","0","0","0","0","0","0","0","0","0","0","0","0","0","0","0","0","0","0","0","0","0","0","0","0","0","0","0","0"
"*05ue2*","Joe Hugill","MUN","F","710","FA","MUN 2<br/>@BHA 0 F","0","0","-","-","0","0","0","0","0","0","0","0","0","0","0","0","0","0","0","0","0","0","0","0","0","0","0","0","0","0","0","0","0"
"*05uot*","Mackenzie Hunt","EVE","M","712","FA","EVE 1<br/>@ARS 2 F","0","0","-","-","0","0","0","0","0","0","0","0","0","0","0","0","0","0","0","0","0","0","0","0","0","0","0","0","0","0","0","0","0"
"*06exf*","James Huntley","NEW","M","713","FA","NEW 4<br/>@BRF 2 F","0","0","-","-","0","0","0","0","0","0","0","0","0","0","0","0","0","0","0","0","0","0","0","0","0","0","0","0","0","0","0","0","0"
"*06cm9*","Hwang Ui-Jo","NOT","F","714","FA","NOT 2<br/>@BUR 1 F","0","0","-","-","0","0","0","0","0","0","0","0","0","0","0","0","0","0","0","0","0","0","0","0","0","0","0","0","0","0","0","0","0"
"*06662*","Bradley Ibrahim","ARS","M","715","FA","EVE 1<br/>@ARS 2 F","0","0","-","-","0","0","0","0","0","0","0","0","0","0","0","0","0","0","0","0","0","0","0","0","0","0","0","0","0","0","0","0","0"
"*06iap*","Ben Jackson","BHA","D","718","FA","MUN 2<br/>@BHA 0 F","0","0","-","-","0","0","0","0","0","0","0","0","0","0","0","0","0","0","0","0","0","0","0","0","0","0","0","0","0","0","0","0","0"
"*06l5f*","Louis Jackson","MUN","D","719","FA","MUN 2<br/>@BHA 0 F","0","0","-","-","0","0","0","0","0","0","0","0","0","0","0","0","0","0","0","0","0","0","0","0","0","0","0","0","0","0","0","0","0"
"*066rk*","Marc Jurado Gomez","MUN","D","721","FA","MUN 2<br/>@BHA 0 F","0","0","-","-","0","0","0","0","0","0","0","0","0","0","0","0","0","0","0","0","0","0","0","0","0","0","0","0","0","0","0","0","0"
"*06ib2*","Leigh Kavanagh","BHA","D","723","FA","MUN 2<br/>@BHA 0 F","0","0","-","-","0","0","0","0","0","0","0","0","0","0","0","0","0","0","0","0","0","0","0","0","0","0","0","0","0","0","0","0","0"
"*06igt*","Aaron Keto-Diyawa","WOL","D","724","FA","WOL 0<br/>@LIV 2 F","0","0","-","-","0","0","0","0","0","0","0","0","0","0","0","0","0","0","0","0","0","0","0","0","0","0","0","0","0","0","0","0","0"
"*057a1*","Gavin Kilkenny","BOU","M","725","FA","BOU 1<br/>@CHE 2 F","0","0","-","-","0","0","0","0","0","0","0","0","0","0","0","0","0","0","0","0","0","0","0","0","0","0","0","0","0","0","0","0","0"
"*068z2*","Max Kinsey-Wellings","BOU","D","729","FA","BOU 1<br/>@CHE 2 F","0","0","-","-","0","0","0","0","0","0","0","0","0","0","0","0","0","0","0","0","0","0","0","0","0","0","0","0","0","0","0","0","0"
"*02m5r*","Louis Laing","WHU","M","737","FA","WHU 1<br/>@MCI 3 F","0","0","-","-","0","0","0","0","0","0","0","0","0","0","0","0","0","0","0","0","0","0","0","0","0","0","0","0","0","0","0","0","0"
"*061xy*","Richie Laryea","NOT","D","738","FA","NOT 2<br/>@BUR 1 F","0","0","-","-","0","0","0","0","0","0","0","0","0","0","0","0","0","0","0","0","0","0","0","0","0","0","0","0","0","0","0","0","0"
"*06c6b*","Jayden Luker","LUT","M","745","FA","FUL 4<br/>@LUT 2 F","0","0","-","-","0","0","0","0","0","0","0","0","0","0","0","0","0","0","0","0","0","0","0","0","0","0","0","0","0","0","0","0","0"
"*06c6p*","Louie Marsh","SHU","F","750","FA","TOT 3<br/>@SHU 0 F","0","0","-","-","0","0","0","0","0","0","0","0","0","0","0","0","0","0","0","0","0","0","0","0","0","0","0","0","0","0","0","0","0"
"*06kz9*","Roshaun Mathurin","CRY","F","752","FA","AVL 0<br/>@CRY 5 F","0","0","-","-","0","0","0","0","0","0","0","0","0","0","0","0","0","0","0","0","0","0","0","0","0","0","0","0","0","0","0","0","0"
"*061xx*","Loic Mbe Soh","NOT","D","755","FA","NOT 2<br/>@BUR 1 F","0","0","-","-","0","0","0","0","0","0","0","0","0","0","0","0","0","0","0","0","0","0","0","0","0","0","0","0","0","0","0","0","0"
"*06exe*","Charlie McArthur","NEW","D","756","FA","NEW 4<br/>@BRF 2 F","0","0","-","-","0","0","0","0","0","0","0","0","0","0","0","0","0","0","0","0","0","0","0","0","0","0","0","0","0","0","0","0","0"
"*06cm5*","John McAtee","LUT","F","757","FA","FUL 4<br/>@LUT 2 F","0","0","-","-","0","0","0","0","0","0","0","0","0","0","0","0","0","0","0","0","0","0","0","0","0","0","0","0","0","0","0","0","0"
"*06ewq*","Delano McCoy-Splatt","FUL","M","758","FA","FUL 4<br/>@LUT 2 F","0","0","-","-","0","0","0","0","0","0","0","0","0","0","0","0","0","0","0","0","0","0","0","0","0","0","0","0","0","0","0","0","0"
"*06ivf*","Jamie McDonnell","NOT","M","759","FA","NOT 2<br/>@BUR 1 F","0","0","-","-","0","0","0","0","0","0","0","0","0","0","0","0","0","0","0","0","0","0","0","0","0","0","0","0","0","0","0","0","0"
"*0637a*","Charlie McNeill","MUN","F","762","FA","MUN 2<br/>@BHA 0 F","0","0","-","-","0","0","0","0","0","0","0","0","0","0","0","0","0","0","0","0","0","0","0","0","0","0","0","0","0","0","0","0","0"
"*06eww*","Jose Mateo Mejia Piedrahita","MUN","F","764","FA","MUN 2<br/>@BHA 0 F","0","0","-","-","0","0","0","0","0","0","0","0","0","0","0","0","0","0","0","0","0","0","0","0","0","0","0","0","0","0","0","0","0"
"*06ex0*","Jamie Miley","NEW","M","768","FA","NEW 4<br/>@BRF 2 F","0","0","-","-","0","0","0","0","0","0","0","0","0","0","0","0","0","0","0","0","0","0","0","0","0","0","0","0","0","0","0","0","0"
"*06jfg*","Finley Munroe","AVL","D","773","FA","AVL 0<br/>@CRY 5 F","0","0","-","-","1","0","2","0","0","0","0","0","0","0","0","0","0","0","0","0","0","0","0","0","0","0","0","0","0","0","0","0","0"
"*06377*","Mateusz Musialowski","LIV","F","775","FA","WOL 0<br/>@LIV 2 F","0","0","-","-","0","0","0","0","0","0","0","0","0","0","0","0","0","0","0","0","0","0","0","0","0","0","0","0","0","0","0","0","0"
"*060g4*","Tommi O'Reilly","AVL","M","786","FA","AVL 0<br/>@CRY 5 F","0","0","-","-","0","0","0","0","0","0","0","0","0","0","0","0","0","0","0","0","0","0","0","0","0","0","0","0","0","0","0","0","0"
"*06ewo*","Idris Odutayo","FUL","D","787","FA","FUL 4<br/>@LUT 2 F","0","0","-","-","0","0","0","0","0","0","0","0","0","0","0","0","0","0","0","0","0","0","0","0","0","0","0","0","0","0","0","0","0"
"*062oy*","Ademola Ola-Adebomi","CRY","F","792","FA","AVL 0<br/>@CRY 5 F","0","0","-","-","0","0","0","0","0","0","0","0","0","0","0","0","0","0","0","0","0","0","0","0","0","0","0","0","0","0","0","0","0"
"*0680n*","Detlef Esapa Osong","NOT","F","796","FA","NOT 2<br/>@BUR 1 F","0","0","-","-","0","0","0","0","0","0","0","0","0","0","0","0","0","0","0","0","0","0","0","0","0","0","0","0","0","0","0","0","0"
"*066ro*","Maximillian Oyedele","MUN","M","797","FA","MUN 2<br/>@BHA 0 F","0","0","-","-","0","0","0","0","0","0","0","0","0","0","0","0","0","0","0","0","0","0","0","0","0","0","0","0","0","0","0","0","0"
"*061xz*","Jonathan Panzo","NOT","D","798","FA","NOT 2<br/>@BUR 1 F","0","0","-","-","0","0","0","0","0","0","0","0","0","0","0","0","0","0","0","0","0","0","0","0","0","0","0","0","0","0","0","0","0"
"*06c6e*","Aribim Pepple","LUT","F","803","FA","FUL 4<br/>@LUT 2 F","0","0","-","-","0","0","0","0","0","0","0","0","0","0","0","0","0","0","0","0","0","0","0","0","0","0","0","0","0","0","0","0","0"
"*04boi*","Dion Pereira","LUT","M","804","FA","FUL 4<br/>@LUT 2 F","0","0","-","-","0","0","0","0","0","0","0","0","0","0","0","0","0","0","0","0","0","0","0","0","0","0","0","0","0","0","0","0","0"
"*062dl*","Killian Phillips","CRY","M","808","FA","AVL 0<br/>@CRY 5 F","0","0","-","-","0","0","0","0","0","0","0","0","0","0","0","0","0","0","0","0","0","0","0","0","0","0","0","0","0","0","0","0","0"
"*06c60*","Axel Piesold","LUT","D","810","FA","FUL 4<br/>@LUT 2 F","0","0","-","-","0","0","0","0","0","0","0","0","0","0","0","0","0","0","0","0","0","0","0","0","0","0","0","0","0","0","0","0","0"
"*02onn*","Daniel Potts","LUT","D","814","FA","FUL 4<br/>@LUT 2 F","0","0","-","-","0","0","0","0","0","0","0","0","0","0","0","0","0","0","0","0","0","0","0","0","0","0","0","0","0","0","0","0","0"
"*06ex3*","Josh Powell","NOT","M","815","FA","NOT 2<br/>@BUR 1 F","0","0","-","-","0","0","0","0","0","0","0","0","0","0","0","0","0","0","0","0","0","0","0","0","0","0","0","0","0","0","0","0","0"
"*06ewv*","Logan Pye","MUN","D","817","FA","MUN 2<br/>@BHA 0 F","0","0","-","-","0","0","0","0","0","0","0","0","0","0","0","0","0","0","0","0","0","0","0","0","0","0","0","0","0","0","0","0","0"
"*062dm*","Jadan Raymond","CRY","M","820","FA","AVL 0<br/>@CRY 5 F","0","0","-","-","0","0","0","0","0","0","0","0","0","0","0","0","0","0","0","0","0","0","0","0","0","0","0","0","0","0","0","0","0"
"*06cm2*","Glen Rea","LUT","D","821","FA","FUL 4<br/>@LUT 2 F","0","0","-","-","0","0","0","0","0","0","0","0","0","0","0","0","0","0","0","0","0","0","0","0","0","0","0","0","0","0","0","0","0"
"*068nb*","Sebastian Revan","AVL","D","822","FA","AVL 0<br/>@CRY 5 F","0","0","-","-","0","0","0","0","0","0","0","0","0","0","0","0","0","0","0","0","0","0","0","0","0","0","0","0","0","0","0","0","0"
"*06imk*","Dujuan Richards","CHE","F","823","FA","BOU 1<br/>@CHE 2 F","0","0","-","-","0","0","0","0","0","0","0","0","0","0","0","0","0","0","0","0","0","0","0","0","0","0","0","0","0","0","0","0","0"
"*06c6k*","Sai Sachdev","SHU","D","829","FA","TOT 3<br/>@SHU 0 F","0","0","-","-","0","0","0","0","0","0","0","0","0","0","0","0","0","0","0","0","0","0","0","0","0","0","0","0","0","0","0","0","0"
"*06bq0*","Imari Samuels","BHA","D","831","FA","MUN 2<br/>@BHA 0 F","0","0","-","-","0","0","0","0","0","0","0","0","0","0","0","0","0","0","0","0","0","0","0","0","0","0","0","0","0","0","0","0","0"
"*06kse*","Dovydas Sasnauskas","SHU","D","836","FA","TOT 3<br/>@SHU 0 F","0","0","-","-","0","0","0","0","0","0","0","0","0","0","0","0","0","0","0","0","0","0","0","0","0","0","0","0","0","0","0","0","0"
"*06ewx*","Remi Savage","NEW","D","837","FA","NEW 4<br/>@BRF 2 F","0","0","-","-","0","0","0","0","0","0","0","0","0","0","0","0","0","0","0","0","0","0","0","0","0","0","0","0","0","0","0","0","0"
"*06440*","Kristian Sekularac","FUL","M","840","FA","FUL 4<br/>@LUT 2 F","0","0","-","-","0","0","0","0","0","0","0","0","0","0","0","0","0","0","0","0","0","0","0","0","0","0","0","0","0","0","0","0","0"
"*05t6a*","Femi Seriki","SHU","D","841","FA","TOT 3<br/>@SHU 0 F","0","0","-","-","0","0","0","0","0","0","0","0","0","0","0","0","0","0","0","0","0","0","0","0","0","0","0","0","0","0","0","0","0"
"*05y5c*","Kamarai Simon-Swyer","WHU","F","847","FA","WHU 1<br/>@MCI 3 F","0","0","-","-","0","0","0","0","0","0","0","0","0","0","0","0","0","0","0","0","0","0","0","0","0","0","0","0","0","0","0","0","0"
"*062i0*","Lino Sousa","ARS/AVL","D","849","FA","AVL 0<br/>@CRY 5 F","0","0","-","-","0","0","0","0","0","0","0","0","0","0","0","0","0","0","0","0","0","0","0","0","0","0","0","0","0","0","0","0","0"
"*06low*","Zak Sturge","CHE","D","853","FA","BOU 1<br/>@CHE 2 F","0","0","-","-","0","0","0","0","0","0","0","0","0","0","0","0","0","0","0","0","0","0","0","0","0","0","0","0","0","0","0","0","0"
"*06hck*","James Sweet","ARS","D","856","FA","EVE 1<br/>@ARS 2 F","0","0","-","-","0","0","0","0","0","0","0","0","0","0","0","0","0","0","0","0","0","0","0","0","0","0","0","0","0","0","0","0","0"
"*06hvw*","Devan Tanton","FUL","D","858","FA","FUL 4<br/>@LUT 2 F","0","0","-","-","0","0","0","0","0","0","0","0","0","0","0","0","0","0","0","0","0","0","0","0","0","0","0","0","0","0","0","0","0"
"*06c6d*","Joseph Taylor","LUT","F","859","FA","FUL 4<br/>@LUT 2 F","0","0","-","-","0","0","0","0","0","0","0","0","0","0","0","0","0","0","0","0","0","0","0","0","0","0","0","0","0","0","0","0","0"
"*062cm*","Slobodan Tedic","MCI","F","860","FA","WHU 1<br/>@MCI 3 F","0","0","-","-","0","0","0","0","0","0","0","0","0","0","0","0","0","0","0","0","0","0","0","0","0","0","0","0","0","0","0","0","0"
"*06c67*","Elliot Thorpe","LUT","M","861","FA","FUL 4<br/>@LUT 2 F","0","0","-","-","0","0","0","0","0","0","0","0","0","0","0","0","0","0","0","0","0","0","0","0","0","0","0","0","0","0","0","0","0"
"*06ewz*","Jay Turner-Cooke","NEW","M","865","FA","NEW 4<br/>@BRF 2 F","0","0","-","-","0","0","0","0","0","0","0","0","0","0","0","0","0","0","0","0","0","0","0","0","0","0","0","0","0","0","0","0","0"
"*05x9j*","Ed Turns","BHA","D","866","FA","MUN 2<br/>@BHA 0 F","0","0","-","-","0","0","0","0","0","0","0","0","0","0","0","0","0","0","0","0","0","0","0","0","0","0","0","0","0","0","0","0","0"
"*0643t*","Jack Wadham","BOU","M","872","FA","BOU 1<br/>@CHE 2 F","0","0","-","-","0","0","0","0","0","0","0","0","0","0","0","0","0","0","0","0","0","0","0","0","0","0","0","0","0","0","0","0","0"
"*05r4z*","Jensen Weir","BHA","M","875","FA","MUN 2<br/>@BHA 0 F","0","0","-","-","0","0","0","0","0","0","0","0","0","0","0","0","0","0","0","0","0","0","0","0","0","0","0","0","0","0","0","0","0"
"*05ye4*","Jack Wells-Morrison","CRY","M","876","FA","AVL 0<br/>@CRY 5 F","0","0","-","-","0","0","0","0","0","0","0","0","0","0","0","0","0","0","0","0","0","0","0","0","0","0","0","0","0","0","0","0","0"
"*06ib5*","Matthew Whittingham","WOL","M","879","FA","WOL 0<br/>@LIV 2 F","0","0","-","-","0","0","0","0","0","0","0","0","0","0","0","0","0","0","0","0","0","0","0","0","0","0","0","0","0","0","0","0","0"
"*060gq*","Dylan Williams","CHE","D","883","FA","BOU 1<br/>@CHE 2 F","0","0","-","-","0","0","0","0","0","0","0","0","0","0","0","0","0","0","0","0","0","0","0","0","0","0","0","0","0","0","0","0","0"
"*05opi*","Andi Zeqiri","BHA","F","890","FA","MUN 2<br/>@BHA 0 F","0","0","-","-","0","0","0","0","0","0","0","0","0","0","0","0","0","0","0","0","0","0","0","0","0","0","0","0","0","0","0","0","0"
"*06cmd*","Diego Moreira","CHE","F","893","FA","BOU 1<br/>@CHE 2 F","0","0","-","-","0","0","0","0","0","0","0","0","0","0","0","0","0","0","0","0","0","0","0","0","0","0","0","0","0","0","0","0","0"
"*066t1*","Yago Alonso","TOT","F","895","FA","TOT 3<br/>@SHU 0 F","0","0","-","-","0","0","0","0","0","0","0","0","0","0","0","0","0","0","0","0","0","0","0","0","0","0","0","0","0","0","0","0","0"
"*06kwx*","Dominic dos Santos Martins","LUT","M","896","FA","FUL 4<br/>@LUT 2 F","0","0","-","-","0","0","0","0","0","0","0","0","0","0","0","0","0","0","0","0","0","0","0","0","0","0","0","0","0","0","0","0","0"
"*05wqy*","Joe White","NEW","M","897","FA","NEW 4<br/>@BRF 2 F","-0.24","-0.06","0%","0%","4","0","11","0","0","0","0","0","0","0","1","0","0","0","1","0","0","0","0","0","0","0","0","2","0","0","0","0","1"
"*06ksd*","Sam Curtis","SHU","D","898","FA","TOT 3<br/>@SHU 0 F","-0.25","-0.25","0%","0%","1","0","26","0","0","0","0","0","0","0","0","0","1","0","0","0","0","0","0","0","0","0","0","1","0","0","0","0","0"
"*06gxa*","Alex Matos","CHE","F","899","FA","BOU 1<br/>@CHE 2 F","-0.5","-0.5","0%","0%","1","0","1","0","0","0","0","0","0","0","0","0","1","0","0","0","0","0","0","0","0","0","0","0","0","0","0","0","1"
"*066t3*","Jamie Donley","TOT","F","900","FA","TOT 3<br/>@SHU 0 F","-1","-0.33","0%","0%","3","0","3","0","0","0","0","0","0","0","0","0","1","1","1","0","0","0","0","2","0","0","1","2","0","0","0","1","0"
"*06hzf*","Mark O'Mahony","BHA","F","901","FA","MUN 2<br/>@BHA 0 F","-1","-0.33","0%","0%","3","1","60","0","0","0","0","0","0","0","0","0","0","0","1","0","0","0","0","1","0","1","1","2","0","0","0","1","0"
"*0372y*","Matt Targett","NEW","D","902","FA","NEW 4<br/>@BRF 2 F","-1.25","-0.42","0%","0%","3","1","76","0","0","0","1","0","0","0","0","0","0","2","1","0","0","0","0","2","0","0","0","5","0","0","0","4","0"
"*06klv*","Jayden Danns","LIV","F","903","FA","WOL 0<br/>@LIV 2 F","-1.75","-0.88","0%","0%","2","0","6","0","0","0","0","0","0","0","0","0","0","0","1","0","0","0","0","0","0","0","0","1","0","0","0","0","5"
"*051l4*","Rhys Norrington-Davies","SHU","D","904","FA","TOT 3<br/>@SHU 0 F","-2.5","-0.5","0%","0%","5","2","108","0","0","0","1","0","0","0","1","0","2","1","1","0","0","1","0","2","1","0","1","4","0","0","0","6","0"
"*06c61*","Joseph Johnson","LUT","D","905","FA","FUL 4<br/>@LUT 2 F","-7.75","-3.88","0%","0%","2","0","73","0","0","0","0","0","0","0","0","0","1","0","1","0","0","0","0","0","0","0","0","3","0","0","0","5","0"
