"Player","Team","Position","Type","Team","Pr","Date (EDT)","Gameweek"
"Neto","BOU","G","Claim","1-OGBEAN'S","1","Sun May 19, 2024, 10:28AM","38"
"Guglielmo Vicario","TOT","G","Drop","1-OGBEAN'S","1","Sun May 19, 2024, 10:28AM","38"
"Kenny Tete","FUL","D","Claim","1-OGBEAN'S","1","Sun May 19, 2024, 10:27AM","38"
"Calvin Bassey","FUL","D","Drop","1-OGBEAN'S","1","Sun May 19, 2024, 10:27AM","38"
"Nelson Semedo","WOL","D","Claim","1-OGBEAN'S","1","Sun May 19, 2024, 10:25AM","38"
"Benoit Badiashile","CHE","D","Drop","1-OGBEAN'S","1","Sun May 19, 2024, 10:25AM","38"
"Ezri Konsa","AVL","D","Drop","1-john lim","1","Sun May 19, 2024, 10:14AM","38"
"Teden Mengi","MUN/LUT","D","Claim","1-Burnley and Old Trafford","1","Sun May 19, 2024, 10:12AM","38"
"Ola Aina","NOT","D","Drop","1-Burnley and Old Trafford","1","Sun May 19, 2024, 10:12AM","38"
"Jacob Bruun Larsen","BUR","F","Claim","1 - The Narrative","1","Sun May 19, 2024, 10:12AM","38"
"Malo Gusto","CHE","D","Drop","1-Burnley and Old Trafford","1","Sun May 19, 2024, 10:11AM","38"
"Kristoffer Ajer","BRF","D","Drop","1 - The Narrative","1","Sun May 19, 2024, 10:09AM","38"
"Zanka","BRF","D","Claim","1 - The Narrative","1","Sun May 19, 2024, 10:09AM","38"
"Amadou Onana","EVE","M","Claim","1-Greek Prison XI","1","Sun May 19, 2024, 10:08AM","38"
"Mikkel Damsgaard","BRF","M","Drop","1-Greek Prison XI","1","Sun May 19, 2024, 10:08AM","38"
"Tyrick Mitchell","CRY","D","Claim","1-Greek Prison XI","1","Sun May 19, 2024, 10:07AM","38"
"Lewis Miley","NEW","M","Drop","1-Greek Prison XI","1","Sun May 19, 2024, 10:07AM","38"
"Justin Kluivert","BOU","M,F","Drop","1-john lim","1","Sun May 19, 2024, 10:06AM","38"
"Vladimir Coufal","WHU","D","Claim","1-The Dentist","1","Sun May 19, 2024, 10:06AM","38"
"Dominik Szoboszlai","LIV","M","Drop","1-The Dentist","1","Sun May 19, 2024, 10:06AM","38"
"Hwang Hee-Chan","WOL","F","Drop","1-john lim","1","Sun May 19, 2024, 10:06AM","38"
"Adama Traore","WOL/FUL","F","Claim","1-The Dentist","1","Sun May 19, 2024, 10:05AM","38"
"Jarrod Bowen","WHU","M","Drop","1-The Dentist","1","Sun May 19, 2024, 10:05AM","38"
"Robin Olsen","AVL","G","Claim","1-Koke Vegas","1","Sun May 19, 2024, 10:03AM","38"
"Enes Unal","MCI/BOU","F","Claim","1-ComeBack Szn","1","Sun May 19, 2024, 10:02AM","38"
"Andreas Pereira","FUL","M","Drop","1-ComeBack Szn","1","Sun May 19, 2024, 10:02AM","38"
"Emiliano Martinez","AVL","G","Drop","1-Koke Vegas","1","Sun May 19, 2024, 10:02AM","38"
"Tariq Lamptey","BHA","D","Drop","1-Koke Vegas","1","Sun May 19, 2024, 10:02AM","38"
"Zeki Amdouni","BUR","F","Claim","1-ComeBack Szn","1","Sun May 19, 2024, 10:02AM","38"
"Willian","FUL","F","Drop","1-ComeBack Szn","1","Sun May 19, 2024, 10:02AM","38"
"Rodrigo Bentancur","TOT","M","Claim","1-Barkley’s Balls Sponsored by Baileys","1","Sun May 19, 2024, 10:02AM","38"
"Elliot Anderson","NEW","M","Drop","1-Barkley’s Balls Sponsored by Baileys","1","Sun May 19, 2024, 10:02AM","38"
"Calvin Bassey","FUL","D","Claim","1-OGBEAN'S","1","Sun May 19, 2024, 10:02AM","38"
"Antony","MUN","F","Drop","1-OGBEAN'S","1","Sun May 19, 2024, 10:02AM","38"
"Ben Godfrey","EVE","D","Drop","1-john lim","1","Sun May 19, 2024, 10:01AM","38"
"Harry Wilson","FUL","M","Claim","1-OGBEAN'S","1","Sun May 19, 2024, 10:01AM","38"
"Harry Toffolo","NOT","D","Claim","1-Barkley’s Balls Sponsored by Baileys","1","Sun May 19, 2024, 10:01AM","38"
"Nick Pope","NEW","G","Claim","1-The Dentist","1","Sun May 19, 2024, 10:01AM","38"
"Stefan Ortega","MCI","G","Drop","1-The Dentist","1","Sun May 19, 2024, 10:01AM","38"
"Kieran Trippier","NEW","D","Drop","1-Barkley’s Balls Sponsored by Baileys","1","Sun May 19, 2024, 10:01AM","38"
"Jose Sa","WOL","G","Claim","1-john lim","1","Sun May 19, 2024, 10:01AM","38"
"Martin Dubravka","NEW","G","Drop","1-john lim","1","Sun May 19, 2024, 10:01AM","38"
"Facundo Buonanotte","BHA","M","Drop","1-OGBEAN'S","1","Sun May 19, 2024, 10:01AM","38"
"Scott McTominay","MUN","M","Claim","1-The Dentist","1","Sun May 19, 2024, 10:01AM","38"
"Darwin Nunez","LIV","F","Drop","1-The Dentist","1","Sun May 19, 2024, 10:01AM","38"
"Harvey Barnes","NEW","M","Claim","1-bruNO HARD FEELINGS","1","Sun May 19, 2024, 10:01AM","38"
"Oleksandr Zinchenko","ARS","D","Drop","1-bruNO HARD FEELINGS","1","Sun May 19, 2024, 10:01AM","38"
"Micky van de Ven","TOT","D","Claim","1-Koke Vegas","1","Sun May 19, 2024, 8:16AM","38"
"Ben Brereton","SHU","F","Drop","1-Koke Vegas","1","Sun May 19, 2024, 8:16AM","38"
"Jhon Duran","AVL","F","Claim","1-The Dentist","1","Sat May 18, 2024, 8:30AM","38"
"Micky van de Ven","TOT","D","Drop","1-The Dentist","1","Sat May 18, 2024, 8:30AM","38"
"Stefan Ortega","MCI","G","Claim","1-The Dentist","1","Sat May 18, 2024, 8:29AM","38"
"Djordje Petrovic","CHE","G","Drop","1-The Dentist","1","Sat May 18, 2024, 8:29AM","38"
"Emiliano Martinez","AVL","G","Claim","1-Koke Vegas","1","Fri May 17, 2024, 7:43PM","38"
"Harry Kane","TOT","F","Drop","1-Koke Vegas","1","Fri May 17, 2024, 7:43PM","38"
"Radu Dragusin","TOT","D","Claim","1-Koke Vegas","1","Fri May 17, 2024, 10:57AM","38"
"Joao Cancelo","MCI","D","Drop","1-Koke Vegas","1","Fri May 17, 2024, 10:57AM","38"
"Pedro Neto","WOL","F","Claim","1-OGBEAN'S","1","Fri May 17, 2024, 9:29AM","38"
"Valentin Barco","BHA","D","Claim","1-The Dentist","1","Thu May 16, 2024, 10:06PM","38"
"Sander Berge","BUR","M","Drop","1-The Dentist","1","Thu May 16, 2024, 10:06PM","38"
"Carlton Morris","LUT","F","Claim","1-john lim","1","Thu May 16, 2024, 10:04PM","38"
"Abdoulaye Doucoure","EVE","M","Drop","1-john lim","1","Thu May 16, 2024, 10:04PM","38"
"Micky van de Ven","TOT","D","Claim","1-The Dentist","1","Thu May 16, 2024, 10:03PM","38"
"Joao Cancelo","MCI","D","Claim","1-Koke Vegas","1","Thu May 16, 2024, 9:30PM","38"
"Harry Kane","TOT","F","Claim","1-Koke Vegas","1","Thu May 16, 2024, 9:29PM","38"
"Bart Verbruggen","BHA","G","Drop","1-Koke Vegas","1","Thu May 16, 2024, 9:29PM","38"
"Kyle Walker","MCI","D","Claim","1-Barkley’s Balls Sponsored by Baileys","1","Thu May 16, 2024, 9:28PM","38"
"Nathan Ake","MCI","D","Drop","1-Barkley’s Balls Sponsored by Baileys","1","Thu May 16, 2024, 9:28PM","38"
"Christopher Nkunku","CHE","F","Claim","1 - The Narrative","1","Thu May 16, 2024, 9:27PM","38"
"Jack Grealish","MCI","M","Claim","1 - The Narrative","1","Thu May 16, 2024, 9:27PM","38"
"Danilo","NOT","M","Claim","1-The Dentist","1","Thu May 16, 2024, 9:05PM","38"
"Sander Berge","BUR","M","Claim","1-The Dentist","1","Thu May 16, 2024, 9:02PM","38"
"Dominik Szoboszlai","LIV","M","Claim","1-The Dentist","1","Thu May 16, 2024, 9:02PM","38"
"Amad Diallo","MUN","F","Claim","1-Koke Vegas","4","Thu May 16, 2024, 9:00PM","38"
"Dara O'Shea","BUR","D","Claim","1-The Dentist","4","Thu May 16, 2024, 9:00PM","38"
"Mathias Jensen","BRF","M","Claim","1-john lim","2","Thu May 16, 2024, 9:00PM","38"
"Mark Flekken","BRF","G","Claim","1-Burnley and Old Trafford","2","Thu May 16, 2024, 9:00PM","38"
"Ederson","MCI","G","Drop","1-Burnley and Old Trafford","2","Thu May 16, 2024, 9:00PM","38"
"Fabian Schar","NEW","D","Claim","1-ComeBack Szn","1","Thu May 16, 2024, 9:00PM","38"
"Oliver Arblaster","SHU","M","Drop","1-ComeBack Szn","1","Thu May 16, 2024, 9:00PM","38"
"Tariq Lamptey","BHA","D","Claim","1-Koke Vegas","2","Thu May 16, 2024, 9:00PM","38"
"Willy Boly","NOT","D","Claim","1-The Dentist","2","Thu May 16, 2024, 9:00PM","38"
"Marcus Tavernier","BOU","M","Claim","1-john lim","1","Thu May 16, 2024, 9:00PM","38"
"Malo Gusto","CHE","D","Claim","1-Burnley and Old Trafford","1","Thu May 16, 2024, 9:00PM","38"
"Vladimir Coufal","WHU","D","Drop","1-Burnley and Old Trafford","1","Thu May 16, 2024, 9:00PM","38"
"Scott McTominay","MUN","M","Drop","1-Koke Vegas","1","Thu May 16, 2024, 8:20PM","38"
"Christian Eriksen","MUN","M","Drop","1-Koke Vegas","1","Thu May 16, 2024, 8:19PM","38"
"Valentino Livramento","NEW","D","Drop","1-Koke Vegas","1","Thu May 16, 2024, 8:18PM","38"
"Danny Welbeck","BHA","F","Drop","1-The Dentist","1","Wed May 15, 2024, 7:39PM","38"
"Thomas Partey","ARS","M","Drop","1-The Dentist","1","Wed May 15, 2024, 7:39PM","38"
"Mateo Kovacic","MCI","M","Drop","1-The Dentist","1","Wed May 15, 2024, 7:39PM","38"
"Seamus Coleman","EVE","D","Drop","1-The Dentist","1","Wed May 15, 2024, 7:39PM","38"
"Ezri Konsa","AVL","D","Claim","1-john lim","1","Mon May 13, 2024, 2:16PM","37"
"Amad Diallo","MUN","F","Drop","1-The Dentist","1","Sun May 12, 2024, 10:45AM","37"
"Amad Diallo","MUN","F","Claim","1-The Dentist","1","Sun May 12, 2024, 10:31AM","37"
"Murillo","NOT","D,M","Claim","1 - The Narrative","1","Sat May 11, 2024, 12:16PM","37"
"Malo Gusto","CHE","D","Drop","1 - The Narrative","1","Sat May 11, 2024, 12:15PM","37"
"Axel Disasi","CHE","D","Drop","1-bruNO HARD FEELINGS","1","Sat May 11, 2024, 12:04PM","37"
"Christopher Nkunku","CHE","F","Drop","1-Koke Vegas","1","Sat May 11, 2024, 11:30AM","37"
"Christopher Nkunku","CHE","F","Claim","1-Koke Vegas","1","Sat May 11, 2024, 10:44AM","37"
"Scott McTominay","MUN","M","Claim","1-Koke Vegas","1","Sat May 11, 2024, 10:43AM","37"
"Elliot Anderson","NEW","M","Claim","1-Barkley’s Balls Sponsored by Baileys","1","Sat May 11, 2024, 9:58AM","37"
"Dara O'Shea","BUR","D","Drop","1-Barkley’s Balls Sponsored by Baileys","1","Sat May 11, 2024, 9:58AM","37"
"Danilo","NOT","M","Drop","1-The Dentist","1","Sat May 11, 2024, 9:56AM","37"
"Thomas Partey","ARS","M","Claim","1-The Dentist","1","Sat May 11, 2024, 9:52AM","37"
"Julio Enciso","BHA","F","Drop","1-The Dentist","1","Sat May 11, 2024, 9:50AM","37"
"Elliot Anderson","NEW","M","Drop","1-The Dentist","1","Sat May 11, 2024, 9:49AM","37"
"Ashley Young","EVE","D","Drop","1-Koke Vegas","1","Sat May 11, 2024, 9:48AM","37"
"Danilo","NOT","M","Claim","1-The Dentist","1","Sat May 11, 2024, 9:45AM","37"
"Bart Verbruggen","BHA","G","Claim","1-Koke Vegas","1","Sat May 11, 2024, 9:37AM","37"
"Jose Sa","WOL","G","Drop","1-Koke Vegas","1","Sat May 11, 2024, 9:37AM","37"
"Jordan Ayew","CRY","F","Drop","1-john lim","1","Sat May 11, 2024, 9:26AM","37"
"Oliver Skipp","TOT","M","Drop","1-The Dentist","1","Sat May 11, 2024, 9:26AM","37"
"Facundo Buonanotte","BHA","M","Claim","1-OGBEAN'S","1","Sat May 11, 2024, 9:19AM","37"
"Harvey Barnes","NEW","M","Drop","1-OGBEAN'S","1","Sat May 11, 2024, 9:19AM","37"
"Micky van de Ven","TOT","D","Drop","1-OGBEAN'S","1","Sat May 11, 2024, 9:17AM","37"
"Adam Webster","BHA","D","Claim","1-OGBEAN'S","1","Sat May 11, 2024, 9:16AM","37"
"Chiedozie Ogbene","LUT","F","Claim","1-The Dentist","1","Sat May 11, 2024, 9:14AM","37"
"Danilo","NOT","M","Drop","1-The Dentist","1","Sat May 11, 2024, 9:14AM","37"
"Mathias Jensen","BRF","M","Drop","1-The Dentist","1","Sat May 11, 2024, 9:14AM","37"
"Dara O'Shea","BUR","D","Claim","1-Barkley’s Balls Sponsored by Baileys","1","Sat May 11, 2024, 9:08AM","37"
"Seamus Coleman","EVE","D","Claim","1-The Dentist","1","Sat May 11, 2024, 9:06AM","37"
"Willy Boly","NOT","D","Drop","1-The Dentist","1","Sat May 11, 2024, 9:06AM","37"
"Elliot Anderson","NEW","M","Claim","1-The Dentist","1","Sat May 11, 2024, 9:04AM","37"
"Marcus Tavernier","BOU","M","Drop","1-The Dentist","1","Sat May 11, 2024, 9:04AM","37"
"Vitalii Mykolenko","EVE","D","Drop","1 - The Narrative","1","Sat May 11, 2024, 9:04AM","37"
"Mason Mount","MUN","M","Drop","1 - The Narrative","1","Sat May 11, 2024, 9:03AM","37"
"Tyrick Mitchell","CRY","D","Drop","1 - The Narrative","1","Sat May 11, 2024, 9:03AM","37"
"Edson Alvarez","WHU","M","Drop","1-john lim","1","Sat May 11, 2024, 9:02AM","37"
"Callum Wilson","NEW","F","Drop","1-Barkley’s Balls Sponsored by Baileys","1","Sat May 11, 2024, 9:02AM","37"
"Jack Harrison","LEE/EVE","M,F","Drop","1-Koke Vegas","1","Sat May 11, 2024, 9:01AM","37"
"Oliver Skipp","TOT","M","Claim","1-The Dentist","1","Sat May 11, 2024, 8:58AM","37"
"Dominik Szoboszlai","LIV","M","Drop","1-The Dentist","1","Sat May 11, 2024, 8:58AM","37"
"Kyle Walker","MCI","D","Drop","1-OGBEAN'S","1","Sat May 11, 2024, 7:06AM","37"
"Marcus Tavernier","BOU","M","Claim","1-The Dentist","1","Sat May 11, 2024, 6:38AM","37"
"Jack Grealish","MCI","M","Drop","1-The Dentist","1","Sat May 11, 2024, 6:33AM","37"
"Ola Aina","NOT","D","Claim","1-Burnley and Old Trafford","1","Sat May 11, 2024, 12:49AM","37"
"Marcus Tavernier","BOU","M","Drop","1-Burnley and Old Trafford","1","Sat May 11, 2024, 12:49AM","37"
"Oleksandr Zinchenko","ARS","D","Claim","1-bruNO HARD FEELINGS","1","Sat May 11, 2024, 12:48AM","37"
"Morgan Rogers","MCI/AVL","F","Drop","1-bruNO HARD FEELINGS","1","Sat May 11, 2024, 12:47AM","37"
"Danny Welbeck","BHA","F","Claim","1-The Dentist","1","Fri May 10, 2024, 3:26PM","37"
"Giovani Lo Celso","TOT","M","Drop","1-The Dentist","1","Fri May 10, 2024, 3:26PM","37"
"Marcus Tavernier","BOU","M","Claim","1-Burnley and Old Trafford","1","Fri May 10, 2024, 12:57PM","37"
"Neco Williams","NOT","D","Drop","1-Burnley and Old Trafford","1","Fri May 10, 2024, 12:57PM","37"
"Jack Harrison","LEE/EVE","M,F","Claim","1-Koke Vegas","1","Fri May 10, 2024, 11:28AM","37"
"Lisandro Martinez","MUN","D","Drop","1-Koke Vegas","1","Fri May 10, 2024, 11:28AM","37"
"Willian","FUL","F","Claim","1-ComeBack Szn","1","Thu May 9, 2024, 9:00PM","37"
"Rico Lewis","MCI","D","Drop","1-ComeBack Szn","1","Thu May 9, 2024, 9:00PM","37"
"Giovani Lo Celso","TOT","M","Claim","1-The Dentist","1","Thu May 9, 2024, 2:39PM","37"
"Julio Enciso","BHA","F","Claim","1-The Dentist","1","Thu May 9, 2024, 2:39PM","37"
"Idrissa Gueye","EVE","M","Drop","1-The Dentist","1","Thu May 9, 2024, 2:35PM","37"
"Lisandro Martinez","MUN","D","Claim","1-Koke Vegas","1","Thu May 9, 2024, 9:40AM","37"
"Dara O'Shea","BUR","D","Drop","1-Koke Vegas","1","Thu May 9, 2024, 9:40AM","37"
"Ruben Dias","MCI","D","Claim","1-bruNO HARD FEELINGS","1","Tue May 7, 2024, 10:06PM","37"
"Jack Harrison","LEE/EVE","M,F","Drop","1-bruNO HARD FEELINGS","1","Tue May 7, 2024, 10:06PM","37"
"Danilo","NOT","M","Claim","1-The Dentist","1","Tue May 7, 2024, 9:34PM","37"
"Ederson","MCI","G","Claim","1-Burnley and Old Trafford","1","Tue May 7, 2024, 9:31PM","37"
"Mark Flekken","BRF","G","Drop","1-Burnley and Old Trafford","1","Tue May 7, 2024, 9:31PM","37"
"Joelinton","NEW","M","Claim","1-Burnley and Old Trafford","1","Tue May 7, 2024, 9:03PM","37"
"Ola Aina","NOT","D","Drop","1-Burnley and Old Trafford","1","Tue May 7, 2024, 9:03PM","37"
"Sean Longstaff","NEW","M","Claim","1-Burnley and Old Trafford","1","Tue May 7, 2024, 9:01PM","37"
"Harvey Barnes","NEW","M","Claim","1-OGBEAN'S","2","Tue May 7, 2024, 9:00PM","37"
"Willian","FUL","F","Drop","1-OGBEAN'S","2","Tue May 7, 2024, 9:00PM","37"
"Aaron Wan-Bissaka","MUN","D","Claim","1-OGBEAN'S","1","Tue May 7, 2024, 9:00PM","37"
"Reece Burke","LUT","D","Drop","1-OGBEAN'S","1","Tue May 7, 2024, 9:00PM","37"
"Thiago Silva","CHE","D","Claim","1-Koke Vegas","1","Tue May 7, 2024, 9:00PM","37"
"Malo Gusto","CHE","D","Claim","1 - The Narrative","1","Tue May 7, 2024, 9:00PM","37"
"Nathaniel Clyne","CRY","D","Drop","1 - The Narrative","1","Tue May 7, 2024, 7:05PM","37"
"Sander Berge","BUR","M","Drop","1-The Dentist","1","Tue May 7, 2024, 6:47AM","37"
"Will Hughes","CRY","M","Drop","1-The Dentist","1","Mon May 6, 2024, 6:20PM","37"
"Gonzalo Montiel","NOT","D","Drop","1-Koke Vegas","1","Mon May 6, 2024, 5:03PM","37"
"Nathaniel Clyne","CRY","D","Claim","1 - The Narrative","1","Mon May 6, 2024, 2:29PM","36"
"Amad Diallo","MUN","F","Drop","1 - The Narrative","1","Mon May 6, 2024, 2:29PM","36"
"Will Hughes","CRY","M","Claim","1-The Dentist","1","Mon May 6, 2024, 2:02PM","36"
"Aaron Wan-Bissaka","MUN","D","Drop","1-The Dentist","1","Mon May 6, 2024, 2:02PM","36"
"Amad Diallo","MUN","F","Claim","1 - The Narrative","1","Mon May 6, 2024, 10:44AM","36"
"Mason Mount","MUN","M","Claim","1 - The Narrative","1","Mon May 6, 2024, 10:44AM","36"
"Harry Maguire","MUN","D","Drop","1-rice cooker","1","Mon May 6, 2024, 9:44AM","36"
"Jonny Evans","MUN","D","Claim","1-rice cooker","1","Sun May 5, 2024, 12:50PM","36"
"Emerson Royal","TOT","D","Drop","1 - The Narrative","1","Sun May 5, 2024, 10:48AM","36"
"Emerson Royal","TOT","D","Claim","1 - The Narrative","1","Sun May 5, 2024, 10:36AM","36"
"Joel Veltman","BHA","D","Claim","1-bruNO HARD FEELINGS","1","Sun May 5, 2024, 8:25AM","36"
"Christian Eriksen","MUN","M","Claim","1-Koke Vegas","1","Sun May 5, 2024, 8:21AM","36"
"Julio Enciso","BHA","F","Drop","1-Burnley and Old Trafford","1","Sun May 5, 2024, 8:01AM","36"
"Ruben Dias","MCI","D","Drop","1-bruNO HARD FEELINGS","1","Sat May 4, 2024, 12:21PM","36"
"Chris Richards","CRY","D","Claim","1-Burnley and Old Trafford","1","Sat May 4, 2024, 12:03PM","36"
"Malo Gusto","CHE","D","Drop","1-Burnley and Old Trafford","1","Sat May 4, 2024, 12:03PM","36"
"Harvey Elliott","LIV","M","Claim","1-Burnley and Old Trafford","1","Sat May 4, 2024, 11:39AM","36"
"Pablo Sarabia","WOL","M","Drop","1-Burnley and Old Trafford","1","Sat May 4, 2024, 11:39AM","36"
"Mateo Kovacic","MCI","M","Claim","1-The Dentist","1","Sat May 4, 2024, 11:32AM","36"
"Elliot Anderson","NEW","M","Drop","1-Koke Vegas","1","Sat May 4, 2024, 9:22AM","36"
"Gonzalo Montiel","NOT","D","Claim","1-Koke Vegas","1","Sat May 4, 2024, 9:20AM","36"
"Danilo","NOT","M","Drop","1 - The Narrative","1","Sat May 4, 2024, 9:07AM","36"
"Lorenz Assignon","BUR","D","Claim","1 - The Narrative","1","Sat May 4, 2024, 9:07AM","36"
"Zanka","BRF","D","Drop","1 - The Narrative","1","Sat May 4, 2024, 9:07AM","36"
"Sander Berge","BUR","M","Claim","1-The Dentist","1","Sat May 4, 2024, 9:03AM","36"
"Dara O'Shea","BUR","D","Claim","1-Koke Vegas","1","Sat May 4, 2024, 9:03AM","36"
"Kevin Schade","BRF","M","Drop","1-Koke Vegas","1","Sat May 4, 2024, 9:02AM","36"
"Harvey Barnes","NEW","M","Drop","1-The Dentist","1","Sat May 4, 2024, 9:02AM","36"
"Giovanni Reyna","NOT","M","Drop","1-Koke Vegas","1","Sat May 4, 2024, 9:02AM","36"
"Callum Wilson","NEW","F","Claim","1-Barkley’s Balls Sponsored by Baileys","1","Sat May 4, 2024, 7:38AM","36"
"Fabian Schar","NEW","D","Drop","1-Barkley’s Balls Sponsored by Baileys","1","Sat May 4, 2024, 7:33AM","36"
"Takehiro Tomiyasu","ARS","D","Claim","1-bruNO HARD FEELINGS","1","Sat May 4, 2024, 7:11AM","36"
"Oleksandr Zinchenko","ARS","D","Drop","1-bruNO HARD FEELINGS","1","Sat May 4, 2024, 7:10AM","36"
"Vladimir Coufal","WHU","D","Claim","1-Burnley and Old Trafford","1","Sat May 4, 2024, 1:51AM","36"
"Murillo","NOT","D,M","Drop","1-Burnley and Old Trafford","1","Sat May 4, 2024, 1:51AM","36"
"Giovanni Reyna","NOT","M","Claim","1-Koke Vegas","1","Fri May 3, 2024, 10:18PM","36"
"Kevin Schade","BRF","M","Claim","1-Koke Vegas","1","Fri May 3, 2024, 10:15PM","36"
"Lyle Foster","BUR","F","Drop","1-Koke Vegas","1","Fri May 3, 2024, 4:44PM","36"
"Ben Davies","TOT","D","Drop","1-Koke Vegas","1","Fri May 3, 2024, 4:39PM","36"
"Trevoh Chalobah","CHE","D","Claim","1-ComeBack Szn","1","Fri May 3, 2024, 4:23PM","36"
"Jacob Bruun Larsen","BUR","F","Drop","1-ComeBack Szn","1","Fri May 3, 2024, 4:23PM","36"
"Youssef Chermiti","EVE","F","Drop","1-OGBEAN'S","1","Fri May 3, 2024, 2:07PM","36"
"Amadou Onana","EVE","M","Drop","1-Check Complete FC","1","Fri May 3, 2024, 2:01PM","36"
"David Raya","BRF/ARS","G","Claim","1-Check Complete FC","1","Fri May 3, 2024, 1:58PM","36"
"Emiliano Martinez","AVL","G","Drop","1-Check Complete FC","1","Fri May 3, 2024, 1:58PM","36"
"Jurrien Timber","ARS","D","Drop","1 - The Narrative","1","Fri May 3, 2024, 1:42PM","36"
"Zanka","BRF","D","Claim","1 - The Narrative","1","Fri May 3, 2024, 12:48PM","36"
"Toti","WOL","D","Drop","1 - The Narrative","1","Fri May 3, 2024, 12:48PM","36"
"Youssef Chermiti","EVE","F","Claim","1-OGBEAN'S","1","Thu May 2, 2024, 9:31PM","36"
"Adam Smith","BOU","D","Drop","1-OGBEAN'S","1","Thu May 2, 2024, 9:31PM","36"
"Reece Burke","LUT","D","Claim","1-OGBEAN'S","1","Thu May 2, 2024, 9:30PM","36"
"Idrissa Gueye","EVE","M","Claim","1-The Dentist","3","Thu May 2, 2024, 9:00PM","36"
"Harvey Barnes","NEW","M","Claim","1-The Dentist","2","Thu May 2, 2024, 9:00PM","36"
"Willy Boly","NOT","D","Claim","1-The Dentist","1","Thu May 2, 2024, 9:00PM","36"
"Antony","MUN","F","Claim","1-OGBEAN'S","1","Thu May 2, 2024, 9:00PM","36"
"Jacob Bruun Larsen","BUR","F","Claim","1-ComeBack Szn","1","Thu May 2, 2024, 9:00PM","36"
"Timo Werner","CHE/TOT","F","Drop","1-ComeBack Szn","1","Thu May 2, 2024, 9:00PM","36"
"Emil Krafth","NEW","D","Claim","1-Barkley’s Balls Sponsored by Baileys","3","Thu May 2, 2024, 9:00PM","36"
"Igor Julio","BHA","D","Drop","1-Barkley’s Balls Sponsored by Baileys","3","Thu May 2, 2024, 9:00PM","36"
"Timothy Castagne","LEI/FUL","D","Claim","1-rice cooker","1","Thu May 2, 2024, 9:00PM","36"
"Abdoulaye Doucoure","EVE","M","Claim","1-john lim","1","Thu May 2, 2024, 9:00PM","36"
"Ola Aina","NOT","D","Claim","1-Burnley and Old Trafford","1","Thu May 2, 2024, 9:00PM","36"
"Nelson Semedo","WOL","D","Drop","1-Burnley and Old Trafford","1","Thu May 2, 2024, 9:00PM","36"
"Chiedozie Ogbene","LUT","F","Drop","1-OGBEAN'S","1","Thu May 2, 2024, 8:45PM","36"
"Alex Scott","BOU","M","Drop","1-The Dentist","1","Thu May 2, 2024, 7:02PM","36"
"Thiago Silva","CHE","D","Drop","1-The Dentist","1","Thu May 2, 2024, 7:01PM","36"
"Murillo","NOT","D,M","Claim","1-Burnley and Old Trafford","1","Sun Apr 28, 2024, 10:34AM","35"
"Danilo","NOT","M","Claim","1 - The Narrative","1","Sun Apr 28, 2024, 10:32AM","35"
"Jan-Paul van Hecke","BHA","D","Drop","1-Burnley and Old Trafford","1","Thu Apr 25, 2024, 11:05PM","35"
"Alex Scott","BOU","M","Claim","1-The Dentist","1","Sun Apr 28, 2024, 8:23AM","35"
"Yves Bissouma","TOT","M","Drop","1-The Dentist","1","Sun Apr 28, 2024, 8:22AM","35"
"Jan-Paul van Hecke","BHA","D","Claim","1-Burnley and Old Trafford","1","Sun Apr 28, 2024, 1:32AM","35"
"Alex Scott","BOU","M","Drop","1-Burnley and Old Trafford","1","Sun Apr 28, 2024, 1:32AM","35"
"Igor Julio","BHA","D","Claim","1-Barkley’s Balls Sponsored by Baileys","1","Sun Apr 28, 2024, 12:25AM","35"
"Ben Davies","TOT","D","Claim","1-Koke Vegas","1","Sat Apr 27, 2024, 11:38AM","35"
"Emerson Royal","TOT","D","Drop","1-Koke Vegas","1","Sat Apr 27, 2024, 11:38AM","35"
"Emerson Royal","TOT","D","Claim","1-Koke Vegas","1","Sat Apr 27, 2024, 11:37AM","35"
"Zanka","BRF","D","Drop","1-Koke Vegas","1","Sat Apr 27, 2024, 11:32AM","35"
"Julio Enciso","BHA","F","Claim","1-Burnley and Old Trafford","1","Sat Apr 27, 2024, 11:16AM","35"
"Matt Doherty","WOL","D","Drop","1-john lim","1","Sat Apr 27, 2024, 9:38AM","35"
"Callum Wilson","NEW","F","Drop","1-Burnley and Old Trafford","1","Sat Apr 27, 2024, 9:38AM","35"
"Lyle Foster","BUR","F","Claim","1-Koke Vegas","1","Sat Apr 27, 2024, 9:37AM","35"
"Giovanni Reyna","NOT","M","Drop","1-Koke Vegas","1","Sat Apr 27, 2024, 9:37AM","35"
"Sean Longstaff","NEW","M","Drop","1-The Dentist","1","Sat Apr 27, 2024, 9:28AM","35"
"Chris Richards","CRY","D","Drop","1-OGBEAN'S","1","Sat Apr 27, 2024, 9:21AM","35"
"Toti","WOL","D","Claim","1 - The Narrative","1","Sat Apr 27, 2024, 9:20AM","35"
"Timothy Castagne","LEI/FUL","D","Drop","1 - The Narrative","1","Sat Apr 27, 2024, 9:20AM","35"
"Antony","MUN","F","Drop","1 - The Narrative","1","Sat Apr 27, 2024, 9:19AM","35"
"Jordan Ayew","CRY","F","Claim","1-john lim","1","Sat Apr 27, 2024, 9:18AM","35"
"Jacob Bruun Larsen","BUR","F","Drop","1 - The Narrative","1","Sat Apr 27, 2024, 9:18AM","35"
"Jordan Ayew","CRY","F","Drop","1-john lim","1","Sat Apr 27, 2024, 9:18AM","35"
"Emil Krafth","NEW","D","Drop","1-Barkley’s Balls Sponsored by Baileys","1","Sat Apr 27, 2024, 9:17AM","35"
"Oliver McBurnie","SHU","F","Drop","1-john lim","1","Sat Apr 27, 2024, 9:17AM","35"
"Timothy Castagne","LEI/FUL","D","Claim","1 - The Narrative","1","Sat Apr 27, 2024, 9:15AM","35"
"Dara O'Shea","BUR","D","Drop","1 - The Narrative","1","Sat Apr 27, 2024, 9:15AM","35"
"Antony","MUN","F","Claim","1 - The Narrative","1","Sat Apr 27, 2024, 9:14AM","35"
"Tosin Adarabioyo","FUL","D","Drop","1 - The Narrative","1","Sat Apr 27, 2024, 9:14AM","35"
"Sean Longstaff","NEW","M","Claim","1-The Dentist","1","Sat Apr 27, 2024, 9:06AM","35"
"Harvey Barnes","NEW","M","Drop","1-The Dentist","1","Sat Apr 27, 2024, 9:06AM","35"
"Rico Lewis","MCI","D","Claim","1-ComeBack Szn","1","Sat Apr 27, 2024, 9:05AM","35"
"Ben Chilwell","CHE","D","Drop","1-ComeBack Szn","1","Sat Apr 27, 2024, 9:05AM","35"
"Valentino Livramento","NEW","D","Claim","1-Koke Vegas","1","Sat Apr 27, 2024, 9:01AM","35"
"Kevin Schade","BRF","M","Drop","1-Koke Vegas","1","Sat Apr 27, 2024, 9:01AM","35"
"Jarell Quansah","LIV","D","Claim","1-rice cooker","1","Sat Apr 27, 2024, 6:57AM","35"
"Nelson Semedo","WOL","D","Claim","1-Burnley and Old Trafford","1","Sat Apr 27, 2024, 3:19AM","35"
"Reece Burke","LUT","D","Drop","1-Burnley and Old Trafford","1","Sat Apr 27, 2024, 3:19AM","35"
"Jordan Ayew","CRY","F","Claim","1-john lim","1","Sat Apr 27, 2024, 1:56AM","35"
"Dara O'Shea","BUR","D","Claim","1 - The Narrative","1","Fri Apr 26, 2024, 10:22PM","35"
"Jacob Bruun Larsen","BUR","F","Claim","1 - The Narrative","1","Fri Apr 26, 2024, 10:22PM","35"
"Harvey Elliott","LIV","M","Drop","1 - The Narrative","1","Fri Apr 26, 2024, 10:19PM","35"
"Jakub Kiwior","ARS","D","Drop","1 - The Narrative","1","Fri Apr 26, 2024, 10:19PM","35"
"Alphonse Areola","WHU","G","Claim","1-rice cooker","1","Fri Apr 26, 2024, 9:03PM","35"
"Neto","BOU","G","Drop","1-rice cooker","1","Fri Apr 26, 2024, 9:03PM","35"
"Vinicius de Souza Costa","SHU","M","Drop","1-rice cooker","1","Fri Apr 26, 2024, 9:02PM","35"
"Marc Cucurella","CHE","D","Claim","1-The Dentist","1","Fri Apr 26, 2024, 9:01PM","35"
"Julio Enciso","BHA","F","Drop","1-The Dentist","1","Fri Apr 26, 2024, 9:01PM","35"
"Julio Enciso","BHA","F","Claim","1-The Dentist","1","Fri Apr 26, 2024, 12:54PM","35"
"Ben Davies","TOT","D","Drop","1-The Dentist","1","Fri Apr 26, 2024, 12:51PM","35"
"Lewis Hall","CHE/NEW","D","Claim","1-The Dentist","1","Fri Apr 26, 2024, 12:50PM","35"
"Ibrahima Konate","LIV","D","Drop","1-The Dentist","1","Fri Apr 26, 2024, 12:50PM","35"
"Callum Wilson","NEW","F","Claim","1-Burnley and Old Trafford","1","Fri Apr 26, 2024, 12:45PM","35"
"Oscar Bobb","MCI","M","Drop","1-Burnley and Old Trafford","1","Fri Apr 26, 2024, 12:45PM","35"
"Alex Scott","BOU","M","Claim","1-Burnley and Old Trafford","1","Fri Apr 26, 2024, 12:44PM","35"
"Kristoffer Ajer","BRF","D","Claim","1 - The Narrative","1","Fri Apr 26, 2024, 10:24AM","35"
"Milos Kerkez","BOU","D","Drop","1 - The Narrative","1","Fri Apr 26, 2024, 10:24AM","35"
"Kevin Schade","BRF","M","Claim","1-Koke Vegas","1","Thu Apr 25, 2024, 10:54PM","35"
"Zanka","BRF","D","Claim","1-Koke Vegas","1","Thu Apr 25, 2024, 10:50PM","35"
"Micky van de Ven","TOT","D","Claim","1-OGBEAN'S","1","Thu Apr 25, 2024, 10:18PM","35"
"Toti","WOL","D","Drop","1-OGBEAN'S","1","Thu Apr 25, 2024, 10:18PM","35"
"Kyle Walker","MCI","D","Claim","1-OGBEAN'S","1","Thu Apr 25, 2024, 10:16PM","35"
"Bobby De Cordova-Reid","FUL","F","Drop","1-OGBEAN'S","1","Thu Apr 25, 2024, 10:16PM","35"
"Chiedozie Ogbene","LUT","F","Claim","1-OGBEAN'S","1","Thu Apr 25, 2024, 10:16PM","35"
"Ben Chilwell","CHE","D","Claim","1-ComeBack Szn","1","Thu Apr 25, 2024, 9:09PM","35"
"Lloyd Kelly","BOU","D","Drop","1-ComeBack Szn","1","Thu Apr 25, 2024, 9:09PM","35"
"Noni Madueke","CHE","F","Claim","1-Barkley’s Balls Sponsored by Baileys","1","Thu Apr 25, 2024, 9:01PM","35"
"Marc Cucurella","CHE","D","Drop","1-Barkley’s Balls Sponsored by Baileys","1","Thu Apr 25, 2024, 9:01PM","35"
"Nathan Ake","MCI","D","Claim","1-Barkley’s Balls Sponsored by Baileys","1","Thu Apr 25, 2024, 9:01PM","35"
"Thiago Silva","CHE","D","Claim","1-The Dentist","3","Thu Apr 25, 2024, 9:00PM","35"
"Benoit Badiashile","CHE","D","Claim","1-OGBEAN'S","3","Thu Apr 25, 2024, 9:00PM","35"
"Abdoulaye Doucoure","EVE","M","Drop","1-OGBEAN'S","3","Thu Apr 25, 2024, 9:00PM","35"
"Djordje Petrovic","CHE","G","Claim","1-The Dentist","1","Thu Apr 25, 2024, 9:00PM","35"
"David Raya","BRF/ARS","G","Drop","1-The Dentist","1","Thu Apr 25, 2024, 9:00PM","35"
"Guglielmo Vicario","TOT","G","Claim","1-OGBEAN'S","1","Thu Apr 25, 2024, 9:00PM","35"
"Dean Henderson","MUN/CRY","G","Drop","1-OGBEAN'S","1","Thu Apr 25, 2024, 9:00PM","35"
"Illia Zabarnyi","BOU","D","Drop","1-The Dentist","1","Thu Apr 25, 2024, 8:47PM","35"
"Antony","MUN","F","Drop","1-Koke Vegas","1","Thu Apr 25, 2024, 8:46PM","35"
"Dara O'Shea","BUR","D","Drop","1-Koke Vegas","1","Thu Apr 25, 2024, 8:46PM","35"
"Pervis Estupinan","BHA","D","Drop","1-OGBEAN'S","1","Thu Apr 25, 2024, 8:17PM","35"
"Danilo","NOT","M","Drop","1-Burnley and Old Trafford","1","Thu Apr 25, 2024, 5:48PM","35"
"Jarell Quansah","LIV","D","Drop","1-Barkley’s Balls Sponsored by Baileys","1","Wed Apr 24, 2024, 8:44PM","35"
"Lloyd Kelly","BOU","D","Claim","1-ComeBack Szn","1","Thu Apr 25, 2024, 11:05PM","35"
"Benoit Badiashile","CHE","D","Drop","1-ComeBack Szn","1","Thu Apr 25, 2024, 11:05PM","35"
"Benoit Badiashile","CHE","D","Claim","1-ComeBack Szn","1","Wed Apr 24, 2024, 5:04PM","35"
"Lloyd Kelly","BOU","D","Drop","1-ComeBack Szn","1","Wed Apr 24, 2024, 5:00PM","35"
"Antony","MUN","F","Claim","1-Koke Vegas","1","Wed Apr 24, 2024, 2:09PM","34"
"Lewis Hall","CHE/NEW","D","Drop","1-Koke Vegas","1","Wed Apr 24, 2024, 2:09PM","34"
"Oscar Bobb","MCI","M","Claim","1-Burnley and Old Trafford","1","Sun Apr 21, 2024, 11:26AM","34"
"Destiny Udogie","TOT","D","Drop","1-Burnley and Old Trafford","1","Sun Apr 21, 2024, 11:26AM","34"
"Jacob Murphy","NEW","M","Claim","1-Burnley and Old Trafford","1","Sun Apr 21, 2024, 11:24AM","34"
"Bobby De Cordova-Reid","FUL","F","Claim","1-OGBEAN'S","1","Sun Apr 21, 2024, 10:44AM","34"
"Jarell Quansah","LIV","D","Claim","1-Barkley’s Balls Sponsored by Baileys","1","Sun Apr 21, 2024, 10:31AM","34"
"Konstantinos Tsimikas","LIV","D","Drop","1-Barkley’s Balls Sponsored by Baileys","1","Sun Apr 21, 2024, 10:31AM","34"
"Konstantinos Tsimikas","LIV","D","Claim","1-Barkley’s Balls Sponsored by Baileys","1","Sun Apr 21, 2024, 9:21AM","34"
"Jordan Ayew","CRY","F","Drop","1-Barkley’s Balls Sponsored by Baileys","1","Sun Apr 21, 2024, 9:04AM","34"
"Lloyd Kelly","BOU","D","Claim","1-ComeBack Szn","1","Sun Apr 21, 2024, 9:03AM","34"
"Chris Mepham","BOU","D","Drop","1-ComeBack Szn","1","Sun Apr 21, 2024, 9:03AM","34"
"Chris Richards","CRY","D","Claim","1-OGBEAN'S","1","Sun Apr 21, 2024, 9:01AM","34"
"Rico Lewis","MCI","D","Drop","1-OGBEAN'S","1","Sun Apr 21, 2024, 9:01AM","34"
"Jack Harrison","LEE/EVE","M,F","Claim","1-bruNO HARD FEELINGS","1","Sun Apr 21, 2024, 7:31AM","34"
"Guglielmo Vicario","TOT","G","Drop","1-bruNO HARD FEELINGS","1","Sun Apr 21, 2024, 7:31AM","34"
"Ben Osborn","SHU","M","Drop","1-The Dentist","1","Sat Apr 20, 2024, 10:01PM","35"
"Ben Davies","TOT","D","Claim","1-The Dentist","1","Sat Apr 20, 2024, 10:00PM","34"
"Wataru Endo","LIV","M","Drop","1-The Dentist","1","Sat Apr 20, 2024, 10:00PM","34"
"Toti","WOL","D","Claim","1-OGBEAN'S","1","Sat Apr 20, 2024, 2:11PM","34"
"Nelson Semedo","WOL","D","Drop","1-OGBEAN'S","1","Sat Apr 20, 2024, 2:11PM","34"
"Ben Osborn","SHU","M","Claim","1-The Dentist","1","Sat Apr 20, 2024, 9:55AM","34"
"Ben Osborn","SHU","M","Drop","1-The Dentist","1","Sat Apr 20, 2024, 9:54AM","34"
"David Datro Fofana","CHE/BUR","F","Drop","1-Burnley and Old Trafford","1","Sat Apr 20, 2024, 9:41AM","34"
"Mikkel Damsgaard","BRF","M","Claim","1-Greek Prison XI","1","Sat Apr 20, 2024, 9:27AM","34"
"Evan Ferguson","BHA","F","Drop","1-Greek Prison XI","1","Sat Apr 20, 2024, 9:27AM","34"
"Issa Kabore","LUT","D","Claim","1-Greek Prison XI","1","Sat Apr 20, 2024, 9:26AM","34"
"Tariq Lamptey","BHA","D","Drop","1-Greek Prison XI","1","Sat Apr 20, 2024, 9:26AM","34"
"Carlos Baleba","BHA","M","Drop","1-rice cooker","1","Sat Apr 20, 2024, 9:13AM","34"
"Jayden Bogle","SHU","D","Claim","1-rice cooker","1","Sat Apr 20, 2024, 9:13AM","34"
"Vinicius de Souza Costa","SHU","M","Claim","1-rice cooker","1","Sat Apr 20, 2024, 9:08AM","34"
"Micky van de Ven","TOT","D","Drop","1-rice cooker","1","Sat Apr 20, 2024, 9:07AM","34"
"James Mcatee","MCI/SHU","M","Claim","1-ComeBack Szn","1","Sat Apr 20, 2024, 9:06AM","34"
"Zanka","BRF","D","Drop","1-ComeBack Szn","1","Sat Apr 20, 2024, 9:06AM","34"
"Vinicius de Souza Costa","SHU","M","Drop","1-OGBEAN'S","1","Sat Apr 20, 2024, 9:01AM","34"
"Vinicius de Souza Costa","SHU","M","Claim","1-OGBEAN'S","1","Sat Apr 20, 2024, 9:00AM","34"
"Chiedozie Ogbene","LUT","F","Drop","1-OGBEAN'S","1","Sat Apr 20, 2024, 9:00AM","34"
"Cristian Romero","TOT","D","Claim","1-The Dentist","1","Fri Apr 19, 2024, 11:45AM","34"
"Mads Roerslev","BRF","D","Drop","1-The Dentist","1","Fri Apr 19, 2024, 11:40AM","34"
"Arijanet Muric","BUR","G","Claim","1 - The Narrative","1","Thu Apr 18, 2024, 10:04AM","34"
"Djordje Petrovic","CHE","G","Drop","1 - The Narrative","1","Thu Apr 18, 2024, 10:04AM","34"
"Danilo","NOT","M","Claim","1-Burnley and Old Trafford","1","Wed Apr 17, 2024, 1:22AM","34"
"Philip Billing","BOU","M","Drop","1-Burnley and Old Trafford","1","Wed Apr 17, 2024, 1:22AM","34"
"Reece Burke","LUT","D","Claim","1-Burnley and Old Trafford","1","Wed Apr 17, 2024, 1:21AM","34"
"Thiago Silva","CHE","D","Drop","1-Burnley and Old Trafford","1","Wed Apr 17, 2024, 1:21AM","34"
"Emil Krafth","NEW","D","Claim","1-Barkley’s Balls Sponsored by Baileys","1","Wed Apr 17, 2024, 1:01AM","34"
"Adam Smith","BOU","D","Claim","1-OGBEAN'S","1","Tue Apr 16, 2024, 9:42PM","34"
"Seamus Coleman","EVE","D","Drop","1-OGBEAN'S","1","Tue Apr 16, 2024, 9:42PM","34"
"Illia Zabarnyi","BOU","D","Claim","1-The Dentist","1","Tue Apr 16, 2024, 9:29PM","34"
"Yves Bissouma","TOT","M","Claim","1-The Dentist","1","Tue Apr 16, 2024, 9:25PM","34"
"Ben Osborn","SHU","M","Claim","1-The Dentist","1","Tue Apr 16, 2024, 9:21PM","34"
"Curtis Jones","LIV","M","Drop","1-The Dentist","1","Tue Apr 16, 2024, 9:19PM","34"
"Wataru Endo","LIV","M","Claim","1-The Dentist","1","Tue Apr 16, 2024, 9:18PM","34"
"Dara O'Shea","BUR","D","Claim","1-Koke Vegas","1","Tue Apr 16, 2024, 9:13PM","34"
"Cristian Romero","TOT","D","Drop","1-Koke Vegas","1","Tue Apr 16, 2024, 9:13PM","34"
"Jakub Kiwior","ARS","D","Claim","1 - The Narrative","1","Tue Apr 16, 2024, 9:09PM","34"
"Seamus Coleman","EVE","D","Claim","1-OGBEAN'S","4","Tue Apr 16, 2024, 9:00PM","34"
"Vladimir Coufal","WHU","D","Drop","1-OGBEAN'S","4","Tue Apr 16, 2024, 9:00PM","34"
"Dean Henderson","MUN/CRY","G","Claim","1-OGBEAN'S","2","Tue Apr 16, 2024, 9:00PM","34"
"Arijanet Muric","BUR","G","Drop","1-OGBEAN'S","2","Tue Apr 16, 2024, 9:00PM","34"
"Harvey Elliott","LIV","M","Claim","1 - The Narrative","2","Tue Apr 16, 2024, 9:00PM","34"
"Chris Mepham","BOU","D","Claim","1-ComeBack Szn","3","Tue Apr 16, 2024, 9:00PM","34"
"Joel Veltman","BHA","D","Drop","1-ComeBack Szn","3","Tue Apr 16, 2024, 9:00PM","34"
"Cody Gakpo","LIV","F","Claim","1-OGBEAN'S","1","Tue Apr 16, 2024, 9:00PM","34"
"Lyle Foster","BUR","F","Drop","1-OGBEAN'S","1","Tue Apr 16, 2024, 9:00PM","34"
"Bernd Leno","FUL","G","Claim","1-bruNO HARD FEELINGS","1","Tue Apr 16, 2024, 9:00PM","34"
"Tyrick Mitchell","CRY","D","Claim","1 - The Narrative","1","Tue Apr 16, 2024, 9:00PM","34"
"Julio Enciso","BHA","F","Drop","1-Barkley’s Balls Sponsored by Baileys","1","Mon Apr 15, 2024, 8:09PM","34"
"Rodrigo Bentancur","TOT","M","Drop","1-bruNO HARD FEELINGS","1","Mon Apr 15, 2024, 6:46PM","34"
"Matheus Nunes","WOL/MCI","M","Drop","1-The Dentist","1","Mon Apr 15, 2024, 4:13PM","34"
"Mikkel Damsgaard","BRF","M","Drop","1-The Dentist","1","Mon Apr 15, 2024, 4:13PM","34"
"Jan-Paul van Hecke","BHA","D","Drop","1-The Dentist","1","Mon Apr 15, 2024, 4:12PM","34"
"Moises Caicedo","BHA/CHE","M","Claim","1-ComeBack Szn","1","Sun Apr 14, 2024, 8:41AM","33"
"Caoimhin Kelleher","LIV","G","Drop","1-ComeBack Szn","1","Sun Apr 14, 2024, 8:37AM","33"
"Luis Sinisterra","LEE/BOU","F","Drop","1 - The Narrative","1","Sun Apr 14, 2024, 8:32AM","34"
"Jacob Bruun Larsen","BUR","F","Drop","1 - The Narrative","1","Sun Apr 14, 2024, 8:32AM","34"
"Adam Wharton","CRY","M","Claim","1-OGBEAN'S","1","Sun Apr 14, 2024, 8:25AM","33"
"Cody Gakpo","LIV","F","Drop","1-rice cooker","1","Sun Apr 14, 2024, 8:20AM","33"
"Curtis Jones","LIV","M","Claim","1-The Dentist","1","Sun Apr 14, 2024, 8:08AM","33"
"Jakub Kiwior","ARS","D","Drop","1-The Dentist","1","Sun Apr 14, 2024, 8:08AM","33"
"Luis Sinisterra","LEE/BOU","F","Claim","1 - The Narrative","1","Sat Apr 13, 2024, 11:42AM","33"
"Tyler Adams","LEE/BOU","M","Drop","1 - The Narrative","1","Sat Apr 13, 2024, 11:42AM","33"
"Oliver Arblaster","SHU","M","Claim","1-ComeBack Szn","1","Sat Apr 13, 2024, 9:15AM","33"
"John Stones","MCI","D","Drop","1-ComeBack Szn","1","Sat Apr 13, 2024, 9:15AM","33"
"Kristoffer Ajer","BRF","D","Drop","1-OGBEAN'S","1","Sat Apr 13, 2024, 9:06AM","33"
"Giovanni Reyna","NOT","M","Claim","1-Koke Vegas","1","Sat Apr 13, 2024, 9:06AM","33"
"Vinicius de Souza Costa","SHU","M","Drop","1-Koke Vegas","1","Sat Apr 13, 2024, 9:06AM","33"
"Matt Doherty","WOL","D","Claim","1-john lim","1","Sat Apr 13, 2024, 9:04AM","33"
"Toti","WOL","D","Drop","1-john lim","1","Sat Apr 13, 2024, 9:04AM","33"
"Toti","WOL","D","Claim","1-john lim","1","Sat Apr 13, 2024, 9:03AM","33"
"Craig Dawson","WOL","D","Drop","1-john lim","1","Sat Apr 13, 2024, 9:03AM","33"
"Carlos Baleba","BHA","M","Claim","1-rice cooker","1","Sat Apr 13, 2024, 9:02AM","33"
"Facundo Buonanotte","BHA","M","Drop","1-rice cooker","1","Sat Apr 13, 2024, 9:02AM","33"
"Cody Gakpo","LIV","F","Claim","1-rice cooker","1","Sat Apr 13, 2024, 8:05AM","33"
"Rodrigo Bentancur","TOT","M","Claim","1-bruNO HARD FEELINGS","1","Sat Apr 13, 2024, 6:31AM","33"
"Cody Gakpo","LIV","F","Drop","1-bruNO HARD FEELINGS","1","Sat Apr 13, 2024, 6:31AM","33"
"Cody Gakpo","LIV","F","Claim","1-bruNO HARD FEELINGS","1","Sat Apr 13, 2024, 12:08AM","33"
"Jose Sa","WOL","G","Claim","1-Koke Vegas","1","Fri Apr 12, 2024, 9:00PM","33"
"Bernd Leno","FUL","G","Drop","1-Koke Vegas","1","Fri Apr 12, 2024, 9:00PM","33"
"Matheus Nunes","WOL/MCI","M","Claim","1-The Dentist","1","Fri Apr 12, 2024, 3:25PM","33"
"Adam Wharton","CRY","M","Drop","1-The Dentist","1","Fri Apr 12, 2024, 3:25PM","33"
"Mikkel Damsgaard","BRF","M","Claim","1-The Dentist","1","Fri Apr 12, 2024, 3:24PM","33"
"Tyrick Mitchell","CRY","D","Drop","1-The Dentist","1","Fri Apr 12, 2024, 3:24PM","33"
"Dango Ouattara","BOU","F","Claim","1-Burnley and Old Trafford","1","Fri Apr 12, 2024, 11:59AM","33"
"Marcus Tavernier","BOU","M","Drop","1-Burnley and Old Trafford","1","Fri Apr 12, 2024, 11:59AM","33"
"Vinicius de Souza Costa","SHU","M","Claim","1-Koke Vegas","1","Fri Apr 12, 2024, 10:25AM","33"
"Cody Gakpo","LIV","F","Drop","1-Koke Vegas","1","Fri Apr 12, 2024, 10:25AM","33"
"Christopher Nkunku","CHE","F","Drop","1-rice cooker","1","Fri Apr 12, 2024, 10:16AM","33"
"Elliot Anderson","NEW","M","Claim","1-Koke Vegas","1","Fri Apr 12, 2024, 9:53AM","33"
"Alphonse Areola","WHU","G","Drop","1-Koke Vegas","1","Fri Apr 12, 2024, 9:52AM","33"
"Jurrien Timber","ARS","D","Claim","1 - The Narrative","1","Fri Apr 12, 2024, 8:48AM","33"
"Bernd Leno","FUL","G","Claim","1-Koke Vegas","1","Thu Apr 11, 2024, 2:49PM","33"
"Jacob Ramsey","AVL","M","Drop","1-Koke Vegas","1","Thu Apr 11, 2024, 2:49PM","33"
"Justin Kluivert","BOU","M,F","Claim","1-john lim","1","Thu Apr 11, 2024, 10:33AM","33"
"Tyrick Mitchell","CRY","D","Claim","1-The Dentist","1","Thu Apr 11, 2024, 10:31AM","33"
"Moises Caicedo","BHA/CHE","M","Drop","1-The Dentist","1","Thu Apr 11, 2024, 10:31AM","33"
"Beto","EVE","F","Drop","1-john lim","1","Thu Apr 11, 2024, 10:29AM","33"
"Adam Wharton","CRY","M","Claim","1-The Dentist","1","Thu Apr 11, 2024, 10:28AM","33"
"Ben Chilwell","CHE","D","Drop","1-The Dentist","1","Thu Apr 11, 2024, 10:28AM","33"
"Craig Dawson","WOL","D","Claim","1-john lim","1","Thu Apr 11, 2024, 10:26AM","33"
"Illia Zabarnyi","BOU","D","Drop","1-john lim","1","Thu Apr 11, 2024, 10:26AM","33"
"Ben Chilwell","CHE","D","Claim","1-The Dentist","1","Thu Apr 11, 2024, 10:24AM","33"
"Oliver Arblaster","SHU","M","Drop","1-The Dentist","1","Thu Apr 11, 2024, 10:24AM","33"
"Moises Caicedo","BHA/CHE","M","Claim","1-The Dentist","1","Wed Apr 10, 2024, 2:37PM","33"
"Jarell Quansah","LIV","D","Drop","1-The Dentist","1","Wed Apr 10, 2024, 2:37PM","33"
"Ashley Young","EVE","D","Claim","1-Koke Vegas","1","Tue Apr 9, 2024, 10:35PM","33"
"Alphonse Areola","WHU","G","Claim","1-Koke Vegas","1","Tue Apr 9, 2024, 10:33PM","33"
"Jose Sa","WOL","G","Drop","1-Koke Vegas","1","Tue Apr 9, 2024, 10:33PM","33"
"Philip Billing","BOU","M","Claim","1-Burnley and Old Trafford","1","Tue Apr 9, 2024, 9:29PM","33"
"Danilo","NOT","M","Drop","1-Burnley and Old Trafford","1","Tue Apr 9, 2024, 9:29PM","33"
"Joel Veltman","BHA","D","Claim","1-ComeBack Szn","1","Tue Apr 9, 2024, 9:18PM","33"
"Bart Verbruggen","BHA","G","Drop","1-ComeBack Szn","1","Tue Apr 9, 2024, 9:18PM","33"
"Facundo Buonanotte","BHA","M","Claim","1-rice cooker","1","Tue Apr 9, 2024, 9:16PM","33"
"Timothy Castagne","LEI/FUL","D","Drop","1-rice cooker","1","Tue Apr 9, 2024, 9:14PM","33"
"Bart Verbruggen","BHA","G","Claim","1-ComeBack Szn","1","Tue Apr 9, 2024, 9:14PM","33"
"Ezri Konsa","AVL","D","Drop","1-ComeBack Szn","1","Tue Apr 9, 2024, 9:14PM","33"
"Harvey Barnes","NEW","M","Claim","1-The Dentist","1","Tue Apr 9, 2024, 9:11PM","33"
"Noni Madueke","CHE","F","Drop","1-The Dentist","1","Tue Apr 9, 2024, 9:11PM","33"
"Oliver Arblaster","SHU","M","Claim","1-The Dentist","1","Tue Apr 9, 2024, 9:10PM","33"
"Jan-Paul van Hecke","BHA","D","Claim","1-The Dentist","1","Tue Apr 9, 2024, 9:09PM","33"
"Jean-Philippe Mateta","CRY","F","Claim","1 - The Narrative","1","Tue Apr 9, 2024, 9:01PM","33"
"Jarell Quansah","LIV","D","Claim","1-The Dentist","1","Tue Apr 9, 2024, 9:01PM","33"
"Mads Roerslev","BRF","D","Claim","1-The Dentist","1","Tue Apr 9, 2024, 9:01PM","33"
"Jakub Kiwior","ARS","D","Claim","1-The Dentist","1","Tue Apr 9, 2024, 9:00PM","33"
"Zanka","BRF","D","Claim","1-ComeBack Szn","1","Tue Apr 9, 2024, 9:00PM","33"
"Abdoulaye Doucoure","EVE","M","Claim","1-OGBEAN'S","1","Tue Apr 9, 2024, 9:00PM","33"
"Oscar Bobb","MCI","M","Drop","1-OGBEAN'S","1","Tue Apr 9, 2024, 9:00PM","33"
"Gustavo Hamer","SHU","M","Claim","1-Barkley’s Balls Sponsored by Baileys","1","Tue Apr 9, 2024, 9:00PM","33"
"Tom Cairney","FUL","M","Drop","1-Barkley’s Balls Sponsored by Baileys","1","Tue Apr 9, 2024, 9:00PM","33"
"Micky van de Ven","TOT","D","Claim","1-rice cooker","1","Tue Apr 9, 2024, 9:00PM","33"
"Wataru Endo","LIV","M","Drop","1-rice cooker","1","Tue Apr 9, 2024, 6:17PM","33"
"Lloyd Kelly","BOU","D","Drop","1-rice cooker","1","Tue Apr 9, 2024, 6:17PM","33"
"Justin Kluivert","BOU","M,F","Drop","1-The Dentist","1","Mon Apr 8, 2024, 11:01AM","33"
"Ashley Young","EVE","D","Drop","1-The Dentist","1","Mon Apr 8, 2024, 10:59AM","33"
"Matt Doherty","WOL","D","Drop","1-The Dentist","1","Sun Apr 7, 2024, 8:56PM","33"
"Thiago Silva","CHE","D","Claim","1-Burnley and Old Trafford","1","Sun Apr 7, 2024, 11:35AM","32"
"Carney Chukwuemeka","CHE","M","Drop","1-Koke Vegas","1","Sun Apr 7, 2024, 11:35AM","32"
"Carney Chukwuemeka","CHE","M","Claim","1-Koke Vegas","1","Sun Apr 7, 2024, 11:35AM","32"
"Oliver McBurnie","SHU","F","Claim","1-john lim","1","Sun Apr 7, 2024, 11:31AM","32"
"Harvey Elliott","LIV","M","Drop","1-Burnley and Old Trafford","1","Sun Apr 7, 2024, 9:40AM","32"
"Wataru Endo","LIV","M","Claim","1-rice cooker","1","Sun Apr 7, 2024, 9:33AM","32"
"Antony","MUN","F","Drop","1-Koke Vegas","1","Sun Apr 7, 2024, 9:31AM","32"
"Antony","MUN","F","Claim","1-Koke Vegas","1","Sun Apr 7, 2024, 8:03AM","32"
"Jacob Murphy","NEW","M","Drop","1-ComeBack Szn","1","Sat Apr 6, 2024, 12:32PM","33"
"Jakub Kiwior","ARS","D","Drop","1-bruNO HARD FEELINGS","1","Sat Apr 6, 2024, 12:17PM","32"
"Danilo","NOT","M","Claim","1-Burnley and Old Trafford","1","Sat Apr 6, 2024, 11:33AM","32"
"Joe Willock","NEW","M","Drop","1-The Dentist","1","Sat Apr 6, 2024, 11:33AM","33"
"Dara O'Shea","BUR","D","Drop","1 - The Narrative","1","Sat Apr 6, 2024, 11:33AM","33"
"Chris Richards","CRY","D","Drop","1 - The Narrative","1","Sat Apr 6, 2024, 9:52AM","33"
"Emiliano Martinez","AVL","G","Claim","1-Check Complete FC","1","Sat Apr 6, 2024, 9:42AM","32"
"James Trafford","BUR","G","Drop","1-Check Complete FC","1","Sat Apr 6, 2024, 9:42AM","32"
"Jack Harrison","LEE/EVE","M,F","Drop","1-Burnley and Old Trafford","1","Sat Apr 6, 2024, 9:32AM","32"
"Jacob Bruun Larsen","BUR","F","Claim","1 - The Narrative","1","Sat Apr 6, 2024, 9:30AM","32"
"Tom Cairney","FUL","M","Claim","1-Barkley’s Balls Sponsored by Baileys","1","Sat Apr 6, 2024, 9:14AM","32"
"Adam Smith","BOU","D","Drop","1-Barkley’s Balls Sponsored by Baileys","1","Sat Apr 6, 2024, 9:14AM","32"
"Ezri Konsa","AVL","D","Claim","1-ComeBack Szn","1","Sat Apr 6, 2024, 9:08AM","32"
"Chris Mepham","BOU","D","Drop","1-ComeBack Szn","1","Sat Apr 6, 2024, 9:08AM","32"
"Timothy Castagne","LEI/FUL","D","Claim","1-rice cooker","1","Sat Apr 6, 2024, 9:03AM","32"
"Matt Doherty","WOL","D","Claim","1-The Dentist","1","Sat Apr 6, 2024, 9:02AM","32"
"Lloyd Kelly","BOU","D","Claim","1-rice cooker","1","Sat Apr 6, 2024, 9:02AM","32"
"Elliot Anderson","NEW","M","Drop","1-Koke Vegas","1","Sat Apr 6, 2024, 9:02AM","32"
"Emile Smith Rowe","ARS","M","Drop","1-rice cooker","1","Sat Apr 6, 2024, 9:01AM","32"
"Philip Billing","BOU","M","Drop","1-rice cooker","1","Sat Apr 6, 2024, 9:01AM","32"
"Jose Sa","WOL","G","Claim","1-Koke Vegas","1","Sat Apr 6, 2024, 9:01AM","32"
"Jhon Duran","AVL","F","Drop","1-Koke Vegas","1","Sat Apr 6, 2024, 9:01AM","32"
"Harvey Barnes","NEW","M","Drop","1-The Dentist","1","Sat Apr 6, 2024, 9:01AM","32"
"Benoit Badiashile","CHE","D","Drop","1-The Dentist","1","Sat Apr 6, 2024, 8:56AM","32"
"Joe Willock","NEW","M","Claim","1-The Dentist","1","Sat Apr 6, 2024, 8:52AM","32"
"Trevoh Chalobah","CHE","D","Drop","1-The Dentist","1","Sat Apr 6, 2024, 8:52AM","32"
"Will Hughes","CRY","M","Drop","1-john lim","1","Sat Apr 6, 2024, 7:17AM","32"
"Jean-Philippe Mateta","CRY","F","Drop","1-john lim","1","Sat Apr 6, 2024, 7:15AM","32"
"Rico Lewis","MCI","D","Claim","1-OGBEAN'S","1","Sat Apr 6, 2024, 6:39AM","32"
"Jan-Paul van Hecke","BHA","D","Drop","1-OGBEAN'S","1","Sat Apr 6, 2024, 6:39AM","32"
"Oscar Bobb","MCI","M","Claim","1-OGBEAN'S","1","Sat Apr 6, 2024, 6:37AM","32"
"Adama Traore","WOL/FUL","F","Drop","1-OGBEAN'S","1","Sat Apr 6, 2024, 6:37AM","32"
"John Stones","MCI","D","Claim","1-ComeBack Szn","1","Fri Apr 5, 2024, 10:25PM","32"
"Tyrick Mitchell","CRY","D","Drop","1-ComeBack Szn","1","Fri Apr 5, 2024, 10:25PM","32"
"Adama Traore","WOL/FUL","F","Claim","1-OGBEAN'S","1","Fri Apr 5, 2024, 10:19PM","32"
"David Raya","BRF/ARS","G","Claim","1-The Dentist","1","Fri Apr 5, 2024, 9:43PM","32"
"Bernd Leno","FUL","G","Drop","1-The Dentist","1","Fri Apr 5, 2024, 9:43PM","32"
"Jack Harrison","LEE/EVE","M,F","Claim","1-Burnley and Old Trafford","1","Fri Apr 5, 2024, 9:34PM","32"
"Trevoh Chalobah","CHE","D","Claim","1-The Dentist","1","Fri Apr 5, 2024, 9:13PM","32"
"Benoit Badiashile","CHE","D","Claim","1-The Dentist","1","Fri Apr 5, 2024, 9:01PM","32"
"Adam Smith","BOU","D","Claim","1-Barkley’s Balls Sponsored by Baileys","1","Fri Apr 5, 2024, 9:00PM","32"
"Jhon Duran","AVL","F","Claim","1-Koke Vegas","2","Fri Apr 5, 2024, 9:00PM","32"
"Justin Kluivert","BOU","M,F","Claim","1-The Dentist","2","Fri Apr 5, 2024, 9:00PM","32"
"Abdoulaye Doucoure","EVE","M","Drop","1-The Dentist","2","Fri Apr 5, 2024, 9:00PM","32"
"Tyrick Mitchell","CRY","D","Claim","1-ComeBack Szn","1","Fri Apr 5, 2024, 9:00PM","32"
"Reece Burke","LUT","D","Drop","1-ComeBack Szn","1","Fri Apr 5, 2024, 9:00PM","32"
"Sergio Reguilon","TOT/MUN/BRF","D","Claim","1-Koke Vegas","1","Fri Apr 5, 2024, 9:00PM","32"
"Ashley Young","EVE","D","Claim","1-The Dentist","1","Fri Apr 5, 2024, 9:00PM","32"
"Dominic Calvert-Lewin","EVE","F","Claim","1-bruNO HARD FEELINGS","1","Fri Apr 5, 2024, 9:00PM","32"
"Joel Veltman","BHA","D","Drop","1-The Dentist","1","Fri Apr 5, 2024, 8:54PM","32"
"Ryan Gravenberch","LIV","M","Drop","1-bruNO HARD FEELINGS","1","Fri Apr 5, 2024, 8:52PM","32"
"Benoit Badiashile","CHE","D","Drop","1-The Dentist","1","Fri Apr 5, 2024, 11:30AM","32"
"Vinicius de Souza Costa","SHU","M","Drop","1-Koke Vegas","1","Fri Apr 5, 2024, 10:50AM","32"
"Bart Verbruggen","BHA","G","Drop","1-Koke Vegas","1","Fri Apr 5, 2024, 10:50AM","32"
"Leon Chiwome","WOL","F","Drop","1-rice cooker","1","Fri Apr 5, 2024, 10:13AM","32"
"Facundo Buonanotte","BHA","M","Drop","1-Burnley and Old Trafford","1","Thu Apr 4, 2024, 5:22PM","32"
"Ryan Gravenberch","LIV","M","Claim","1-bruNO HARD FEELINGS","1","Thu Apr 4, 2024, 2:08PM","31"
"Oliver McBurnie","SHU","F","Drop","1-bruNO HARD FEELINGS","1","Thu Apr 4, 2024, 2:08PM","31"
"Noni Madueke","CHE","F","Claim","1-The Dentist","1","Thu Apr 4, 2024, 1:36PM","31"
"Gustavo Hamer","SHU","M","Drop","1-The Dentist","1","Thu Apr 4, 2024, 1:36PM","31"
"Reiss Nelson","ARS","F","Drop","1-The Dentist","1","Thu Apr 4, 2024, 12:31PM","32"
"Benoit Badiashile","CHE","D","Claim","1-The Dentist","1","Thu Apr 4, 2024, 12:29PM","31"
"Konstantinos Tsimikas","LIV","D","Drop","1-The Dentist","1","Thu Apr 4, 2024, 12:29PM","31"
"Thomas Partey","ARS","M","Drop","1-OGBEAN'S","1","Thu Apr 4, 2024, 7:29AM","32"
"Kristoffer Ajer","BRF","D","Claim","1-OGBEAN'S","1","Wed Apr 3, 2024, 2:20PM","31"
"Morgan Rogers","MCI/AVL","F","Claim","1-bruNO HARD FEELINGS","1","Wed Apr 3, 2024, 2:20PM","31"
"Kyle Walker","MCI","D","Drop","1-bruNO HARD FEELINGS","1","Wed Apr 3, 2024, 2:20PM","31"
"Joel Veltman","BHA","D","Claim","1-The Dentist","1","Wed Apr 3, 2024, 2:07PM","31"
"Ben Chilwell","CHE","D","Drop","1-The Dentist","1","Wed Apr 3, 2024, 2:07PM","31"
"Emile Smith Rowe","ARS","M","Claim","1-rice cooker","1","Wed Apr 3, 2024, 1:36PM","31"
"Kristoffer Ajer","BRF","D","Drop","1-rice cooker","1","Wed Apr 3, 2024, 1:36PM","31"
"Sergio Reguilon","TOT/MUN/BRF","D","Drop","1-OGBEAN'S","1","Wed Apr 3, 2024, 1:36PM","31"
"Kristoffer Ajer","BRF","D","Claim","1-rice cooker","1","Wed Apr 3, 2024, 1:36PM","31"
"Thomas Partey","ARS","M","Claim","1-OGBEAN'S","1","Wed Apr 3, 2024, 1:35PM","31"
"Kristoffer Ajer","BRF","D","Drop","1-rice cooker","1","Wed Apr 3, 2024, 1:32PM","31"
"Reiss Nelson","ARS","F","Claim","1-The Dentist","1","Wed Apr 3, 2024, 1:22PM","31"
"Noni Madueke","CHE","F","Drop","1-The Dentist","1","Wed Apr 3, 2024, 1:22PM","31"
"Noni Madueke","CHE","F","Claim","1-The Dentist","1","Wed Apr 3, 2024, 12:58PM","31"
"Kenny Tete","FUL","D","Drop","1-Barkley’s Balls Sponsored by Baileys","1","Tue Apr 2, 2024, 3:13PM","32"
"Will Hughes","CRY","M","Claim","1-john lim","1","Tue Apr 2, 2024, 2:41PM","31"
"Micky van de Ven","TOT","D","Drop","1-john lim","1","Tue Apr 2, 2024, 2:40PM","31"
"Lyle Foster","BUR","F","Claim","1-OGBEAN'S","1","Tue Apr 2, 2024, 2:10PM","31"
"Dango Ouattara","BOU","F","Drop","1-OGBEAN'S","1","Tue Apr 2, 2024, 2:10PM","31"
"Pedro Neto","WOL","F","Drop","1-OGBEAN'S","1","Tue Apr 2, 2024, 2:08PM","31"
"Dango Ouattara","BOU","F","Claim","1-OGBEAN'S","1","Tue Apr 2, 2024, 2:07PM","31"
"Dominic Calvert-Lewin","EVE","F","Drop","1-The Dentist","1","Tue Apr 2, 2024, 2:00PM","31"
"Beto","EVE","F","Claim","1-john lim","1","Tue Apr 2, 2024, 1:50PM","31"
"Timothy Castagne","LEI/FUL","D","Drop","1-john lim","1","Tue Apr 2, 2024, 1:48PM","31"
"Philip Billing","BOU","M","Claim","1-rice cooker","1","Tue Apr 2, 2024, 1:48PM","31"
"Wataru Endo","LIV","M","Drop","1-rice cooker","1","Tue Apr 2, 2024, 1:48PM","31"
"Tosin Adarabioyo","FUL","D","Claim","1 - The Narrative","1","Tue Apr 2, 2024, 1:34PM","31"
"Kenny Tete","FUL","D","Claim","1-Barkley’s Balls Sponsored by Baileys","1","Tue Apr 2, 2024, 1:31PM","31"
"Felipe","NOT","D","Drop","1-Barkley’s Balls Sponsored by Baileys","1","Tue Apr 2, 2024, 1:31PM","31"
"Elliot Anderson","NEW","M","Claim","1-Koke Vegas","1","Tue Apr 2, 2024, 1:30PM","31"
"Jack Harrison","LEE/EVE","M,F","Drop","1-Koke Vegas","1","Tue Apr 2, 2024, 1:30PM","31"
"Micky van de Ven","TOT","D","Claim","1-john lim","1","Tue Apr 2, 2024, 1:15PM","31"
"Dara O'Shea","BUR","D","Claim","1 - The Narrative","1","Tue Apr 2, 2024, 1:10PM","31"
"Lewis Hall","CHE/NEW","D","Claim","1-Koke Vegas","1","Tue Apr 2, 2024, 10:49AM","31"
"Leon Chiwome","WOL","F","Claim","1-rice cooker","1","Tue Apr 2, 2024, 8:52AM","31"
"Oliver McBurnie","SHU","F","Claim","1-bruNO HARD FEELINGS","1","Tue Apr 2, 2024, 7:31AM","31"
"Bart Verbruggen","BHA","G","Claim","1-Koke Vegas","1","Mon Apr 1, 2024, 9:54PM","31"
"Jose Sa","WOL","G","Drop","1-Koke Vegas","1","Mon Apr 1, 2024, 9:54PM","31"
"Jose Sa","WOL","G","Claim","1-Koke Vegas","1","Mon Apr 1, 2024, 9:49PM","31"
"Alphonse Areola","WHU","G","Drop","1-Koke Vegas","1","Mon Apr 1, 2024, 9:49PM","31"
"Facundo Buonanotte","BHA","M","Claim","1-Burnley and Old Trafford","1","Mon Apr 1, 2024, 9:16PM","31"
"Nelson Semedo","WOL","D","Claim","1-OGBEAN'S","1","Mon Apr 1, 2024, 9:04PM","31"
"Victor Lindelof","MUN","D","Drop","1-OGBEAN'S","1","Mon Apr 1, 2024, 9:04PM","31"
"Konstantinos Tsimikas","LIV","D","Claim","1-The Dentist","1","Mon Apr 1, 2024, 9:02PM","31"
"Jarell Quansah","LIV","D","Drop","1-The Dentist","1","Mon Apr 1, 2024, 9:02PM","31"
"Victor Lindelof","MUN","D","Claim","1-OGBEAN'S","2","Mon Apr 1, 2024, 9:00PM","31"
"Jacob Murphy","NEW","M","Claim","1-ComeBack Szn","2","Mon Apr 1, 2024, 9:00PM","31"
"Adam Wharton","CRY","M","Drop","1-ComeBack Szn","2","Mon Apr 1, 2024, 9:00PM","31"
"Felipe","NOT","D","Claim","1-Barkley’s Balls Sponsored by Baileys","2","Mon Apr 1, 2024, 9:00PM","31"
"Arijanet Muric","BUR","G","Claim","1-OGBEAN'S","1","Mon Apr 1, 2024, 9:00PM","31"
"David Raya","BRF/ARS","G","Drop","1-OGBEAN'S","1","Mon Apr 1, 2024, 9:00PM","31"
"Ben Brereton","SHU","F","Claim","1-Koke Vegas","1","Mon Apr 1, 2024, 9:00PM","31"
"Harvey Barnes","NEW","M","Claim","1-The Dentist","1","Mon Apr 1, 2024, 9:00PM","31"
"Kristoffer Ajer","BRF","D","Claim","1-rice cooker","1","Mon Apr 1, 2024, 9:00PM","31"
"Nathan Ake","MCI","D","Drop","1-Barkley’s Balls Sponsored by Baileys","1","Mon Apr 1, 2024, 7:08PM","31"
"Valentino Livramento","NEW","D","Drop","1-OGBEAN'S","1","Mon Apr 1, 2024, 5:53PM","31"
"Benoit Badiashile","CHE","D","Drop","1-rice cooker","1","Mon Apr 1, 2024, 11:35AM","31"
"Moises Caicedo","BHA/CHE","M","Drop","1-rice cooker","1","Mon Apr 1, 2024, 11:35AM","31"
"Alex Moreno","AVL","D","Drop","1-Burnley and Old Trafford","1","Sun Mar 31, 2024, 6:52PM","31"
"Jamaal Lascelles","NEW","D","Drop","1-The Dentist","1","Sun Mar 31, 2024, 11:44AM","31"
"Jarell Quansah","LIV","D","Claim","1-The Dentist","1","Sun Mar 31, 2024, 8:21AM","30"
"Dango Ouattara","BOU","F","Drop","1-The Dentist","1","Thu Mar 28, 2024, 11:05PM","30"
"Konstantinos Tsimikas","LIV","D","Drop","1-Koke Vegas","1","Sun Mar 31, 2024, 8:01AM","30"
"Lorenz Assignon","BUR","D","Drop","1 - The Narrative","1","Sat Mar 30, 2024, 1:01PM","31"
"Calvin Bassey","FUL","D","Drop","1 - The Narrative","1","Sat Mar 30, 2024, 1:01PM","31"
"Sander Berge","BUR","M","Drop","1 - The Narrative","1","Sat Mar 30, 2024, 12:32PM","31"
"Carlton Morris","LUT","F","Drop","1 - The Narrative","1","Sat Mar 30, 2024, 12:32PM","31"
"Tosin Adarabioyo","FUL","D","Drop","1-Koke Vegas","1","Sat Mar 30, 2024, 12:26PM","31"
"Wataru Endo","LIV","M","Claim","1-rice cooker","1","Sat Mar 30, 2024, 12:25PM","30"
"Scott McTominay","MUN","M","Drop","1-rice cooker","1","Sat Mar 30, 2024, 12:25PM","30"
"Harry Wilson","FUL","M","Drop","1-OGBEAN'S","1","Sat Mar 30, 2024, 10:18AM","30"
"Tyler Adams","LEE/BOU","M","Claim","1 - The Narrative","1","Sat Mar 30, 2024, 10:09AM","30"
"Josh Cullen","BUR","M","Claim","1-rice cooker","1","Sat Mar 30, 2024, 10:08AM","30"
"Djordje Petrovic","CHE","G","Claim","1 - The Narrative","1","Sat Mar 30, 2024, 10:07AM","30"
"Matz Sels","NEW/NOT","G","Drop","1 - The Narrative","1","Sat Mar 30, 2024, 10:07AM","30"
"Benoit Badiashile","CHE","D","Claim","1-rice cooker","1","Sat Mar 30, 2024, 10:06AM","30"
"Moises Caicedo","BHA/CHE","M","Claim","1-rice cooker","1","Sat Mar 30, 2024, 10:04AM","30"
"Noni Madueke","CHE","F","Drop","1-rice cooker","1","Sat Mar 30, 2024, 10:03AM","30"
"Giovanni Reyna","NOT","M","Drop","1-rice cooker","1","Sat Mar 30, 2024, 10:03AM","30"
"Raul Jimenez","FUL","F","Drop","1-john lim","1","Sat Mar 30, 2024, 10:02AM","30"
"Marc Cucurella","CHE","D","Claim","1-Barkley’s Balls Sponsored by Baileys","1","Sat Mar 30, 2024, 10:02AM","30"
"Micky van de Ven","TOT","D","Drop","1-Barkley’s Balls Sponsored by Baileys","1","Sat Mar 30, 2024, 10:02AM","30"
"Harvey Elliott","LIV","M","Claim","1-Burnley and Old Trafford","1","Sat Mar 30, 2024, 9:15AM","30"
"Moises Caicedo","BHA/CHE","M","Drop","1-Burnley and Old Trafford","1","Sat Mar 30, 2024, 9:15AM","30"
"Martin Dubravka","NEW","G","Claim","1-john lim","1","Sat Mar 30, 2024, 7:51AM","30"
"Thomas Kaminski","LUT","G","Drop","1-john lim","1","Sat Mar 30, 2024, 7:51AM","30"
"Michail Antonio","WHU","F","Claim","1-Check Complete FC","1","Sat Mar 30, 2024, 7:43AM","30"
"Valentino Livramento","NEW","D","Claim","1-OGBEAN'S","1","Sat Mar 30, 2024, 7:25AM","30"
"Yves Bissouma","TOT","M","Drop","1-OGBEAN'S","1","Sat Mar 30, 2024, 7:25AM","30"
"Caoimhin Kelleher","LIV","G","Claim","1-ComeBack Szn","1","Fri Mar 29, 2024, 6:00PM","30"
"Nelson Semedo","WOL","D","Drop","1-ComeBack Szn","1","Fri Mar 29, 2024, 6:00PM","30"
"David Raya","BRF/ARS","G","Claim","1-OGBEAN'S","1","Fri Mar 29, 2024, 10:06AM","30"
"Arijanet Muric","BUR","G","Drop","1-OGBEAN'S","1","Fri Mar 29, 2024, 10:06AM","30"
"Raul Jimenez","FUL","F","Claim","1-john lim","1","Thu Mar 28, 2024, 10:17PM","30"
"Matty Cash","AVL","D","Drop","1-john lim","1","Thu Mar 28, 2024, 10:15PM","30"
"Neto","BOU","G","Claim","1-rice cooker","1","Wed Mar 27, 2024, 3:20PM","30"
"Emiliano Martinez","AVL","G","Drop","1-rice cooker","1","Wed Mar 27, 2024, 3:20PM","30"
"Giovanni Reyna","NOT","M","Claim","1-rice cooker","1","Wed Mar 27, 2024, 3:16PM","30"
"Aaron Wan-Bissaka","MUN","D","Claim","1-The Dentist","1","Wed Mar 27, 2024, 10:04AM","30"
"Benoit Badiashile","CHE","D","Drop","1-The Dentist","1","Wed Mar 27, 2024, 10:04AM","30"
"Dango Ouattara","BOU","F","Claim","1-The Dentist","1","Wed Mar 27, 2024, 10:01AM","30"
"Benoit Badiashile","CHE","D","Claim","1-The Dentist","1","Wed Mar 27, 2024, 9:59AM","30"
"Willy Boly","NOT","D","Drop","1-The Dentist","1","Wed Mar 27, 2024, 9:52AM","30"
"Ruben Dias","MCI","D","Claim","1-bruNO HARD FEELINGS","1","Wed Mar 27, 2024, 8:35AM","30"
"Axel Disasi","CHE","D","Claim","1-bruNO HARD FEELINGS","1","Wed Mar 27, 2024, 8:34AM","30"
"Konstantinos Tsimikas","LIV","D","Claim","1-Koke Vegas","1","Tue Mar 26, 2024, 4:45PM","30"
"Radu Dragusin","TOT","D","Drop","1-Koke Vegas","1","Tue Mar 26, 2024, 4:45PM","30"
"Noni Madueke","CHE","F","Claim","1-rice cooker","1","Tue Mar 26, 2024, 4:13PM","30"
"John Stones","MCI","D","Drop","1-The Dentist","1","Tue Mar 26, 2024, 4:11PM","30"
"Jamaal Lascelles","NEW","D","Claim","1-The Dentist","1","Thu Mar 21, 2024, 3:42PM","30"
"Kristoffer Ajer","BRF","D","Drop","1-The Dentist","1","Thu Mar 21, 2024, 3:42PM","30"
"Jean-Philippe Mateta","CRY","F","Claim","1-john lim","1","Wed Mar 20, 2024, 5:40PM","30"
"Edson Alvarez","WHU","M","Claim","1-john lim","1","Wed Mar 20, 2024, 5:40PM","30"
"Illia Zabarnyi","BOU","D","Claim","1-john lim","1","Wed Mar 20, 2024, 5:40PM","30"
"Ben Chilwell","CHE","D","Claim","1-The Dentist","1","Wed Mar 20, 2024, 3:04PM","30"
"Konstantinos Mavropanos","ARS/WHU","D","Drop","1-The Dentist","1","Wed Mar 20, 2024, 3:04PM","30"
"Dominic Calvert-Lewin","EVE","F","Claim","1-The Dentist","1","Wed Mar 20, 2024, 3:03PM","30"
"Edson Alvarez","WHU","M","Drop","1-The Dentist","1","Wed Mar 20, 2024, 3:03PM","30"
"John Stones","MCI","D","Claim","1-The Dentist","1","Wed Mar 20, 2024, 8:16AM","30"
"Edson Alvarez","WHU","M","Claim","1-The Dentist","1","Wed Mar 20, 2024, 8:15AM","30"
"Abdoulaye Doucoure","EVE","M","Claim","1-The Dentist","1","Wed Mar 20, 2024, 8:15AM","30"
"Gustavo Hamer","SHU","M","Claim","1-The Dentist","1","Wed Mar 20, 2024, 8:14AM","30"
"Alex Moreno","AVL","D","Claim","1-Burnley and Old Trafford","1","Tue Mar 19, 2024, 9:03PM","30"
"Moises Caicedo","BHA/CHE","M","Claim","1-Burnley and Old Trafford","1","Tue Mar 19, 2024, 9:01PM","30"
"Murillo","NOT","D,M","Drop","1-Burnley and Old Trafford","1","Tue Mar 19, 2024, 9:01PM","30"
"Chris Richards","CRY","D","Claim","1 - The Narrative","3","Tue Mar 19, 2024, 9:00PM","30"
"Adam Wharton","CRY","M","Claim","1-ComeBack Szn","2","Tue Mar 19, 2024, 9:00PM","30"
"Nathan Ake","MCI","D","Claim","1-Barkley’s Balls Sponsored by Baileys","2","Tue Mar 19, 2024, 9:00PM","30"
"Jan-Paul van Hecke","BHA","D","Claim","1-OGBEAN'S","1","Tue Mar 19, 2024, 9:00PM","30"
"Maxime Esteve","BUR","D","Drop","1-OGBEAN'S","1","Tue Mar 19, 2024, 9:00PM","30"
"Carlton Morris","LUT","F","Claim","1 - The Narrative","2","Tue Mar 19, 2024, 9:00PM","30"
"Chris Mepham","BOU","D","Claim","1-ComeBack Szn","1","Tue Mar 19, 2024, 9:00PM","30"
"Ezri Konsa","AVL","D","Drop","1-ComeBack Szn","1","Tue Mar 19, 2024, 9:00PM","30"
"Cody Gakpo","LIV","F","Claim","1-Koke Vegas","1","Tue Mar 19, 2024, 9:00PM","30"
"Micky van de Ven","TOT","D","Claim","1-Barkley’s Balls Sponsored by Baileys","1","Tue Mar 19, 2024, 9:00PM","30"
"Hwang Hee-Chan","WOL","F","Claim","1-john lim","1","Tue Mar 19, 2024, 9:00PM","30"
"Frank Onyeka","BRF","M","Drop","1-Barkley’s Balls Sponsored by Baileys","1","Tue Mar 19, 2024, 7:05PM","30"
"Bobby De Cordova-Reid","FUL","F","Drop","1-bruNO HARD FEELINGS","1","Tue Mar 19, 2024, 10:55AM","30"
"Ibrahim Sangare","NOT","M","Drop","1-bruNO HARD FEELINGS","1","Tue Mar 19, 2024, 10:55AM","30"
"Dara O'Shea","BUR","D","Drop","1-bruNO HARD FEELINGS","1","Tue Mar 19, 2024, 10:55AM","30"
"Vitinho","BUR","D","Drop","1-rice cooker","1","Mon Mar 18, 2024, 7:37PM","30"
"Rodrigo Bentancur","TOT","M","Drop","1-rice cooker","1","Mon Mar 18, 2024, 7:37PM","30"
"Harry Toffolo","NOT","D","Drop","1-rice cooker","1","Mon Mar 18, 2024, 7:37PM","30"
"Divock Origi","LIV/NOT","F","Drop","1 - The Narrative","1","Mon Mar 18, 2024, 6:44PM","30"
"Mads Roerslev","BRF","D","Drop","1 - The Narrative","1","Mon Mar 18, 2024, 6:44PM","30"
"Alex Moreno","AVL","D","Drop","1 - The Narrative","1","Mon Mar 18, 2024, 6:44PM","30"
"Ryan Yates","NOT","M","Drop","1-john lim","1","Mon Mar 18, 2024, 8:40AM","30"
"Morgan Rogers","MCI/AVL","F","Drop","1-The Dentist","1","Sun Mar 17, 2024, 9:27PM","30"
"Jordan Clark","LUT","M","Drop","1-The Dentist","1","Sun Mar 17, 2024, 9:26PM","30"
"Edson Alvarez","WHU","M","Drop","1-Burnley and Old Trafford","1","Sun Mar 17, 2024, 12:13PM","30"
"Jacob Bruun Larsen","BUR","F","Drop","1-john lim","1","Sun Mar 17, 2024, 12:11PM","30"
"Sasa Lukic","FUL","M","Drop","1-john lim","1","Sun Mar 17, 2024, 12:11PM","30"
"Issa Kabore","LUT","D","Drop","1-john lim","1","Sun Mar 17, 2024, 12:11PM","30"
"Kurt Zouma","WHU","D","Drop","1-Koke Vegas","1","Sun Mar 17, 2024, 12:09PM","30"
"Morgan Rogers","MCI/AVL","F","Claim","1-The Dentist","1","Sun Mar 17, 2024, 9:31AM","29"
"Jhon Duran","AVL","F","Drop","1-The Dentist","1","Sun Mar 17, 2024, 9:31AM","29"
"Jhon Duran","AVL","F","Claim","1-The Dentist","1","Sun Mar 17, 2024, 8:58AM","29"
"Michail Antonio","WHU","F","Drop","1-The Dentist","1","Sun Mar 17, 2024, 8:58AM","29"
"Michail Antonio","WHU","F","Claim","1-The Dentist","1","Sat Mar 16, 2024, 6:03PM","29"
"Aaron Cresswell","WHU","D","Drop","1-The Dentist","1","Sat Mar 16, 2024, 6:03PM","29"
"Charlie Taylor","BUR","D","Drop","1-The Dentist","1","Sat Mar 16, 2024, 4:42PM","30"
"Adama Traore","WOL/FUL","F","Drop","1-The Dentist","1","Sat Mar 16, 2024, 4:41PM","30"
"Josh Cullen","BUR","M","Drop","1-ComeBack Szn","1","Sat Mar 16, 2024, 3:35PM","30"
"Carlton Morris","LUT","F","Drop","1-Barkley’s Balls Sponsored by Baileys","1","Sat Mar 16, 2024, 1:29PM","30"
"Rodrigo Bentancur","TOT","M","Claim","1-rice cooker","1","Sat Mar 16, 2024, 12:41PM","29"
"Craig Dawson","WOL","D","Drop","1-rice cooker","1","Sat Mar 16, 2024, 12:41PM","29"
"Ezri Konsa","AVL","D","Claim","1-ComeBack Szn","1","Sat Mar 16, 2024, 12:35PM","29"
"Ben Davies","TOT","D","Drop","1-ComeBack Szn","1","Sat Mar 16, 2024, 12:35PM","29"
"Adama Traore","WOL/FUL","F","Claim","1-The Dentist","1","Sat Mar 16, 2024, 12:33PM","29"
"Harrison Reed","FUL","M","Drop","1-The Dentist","1","Sat Mar 16, 2024, 12:33PM","29"
"Ben Davies","TOT","D","Claim","1-ComeBack Szn","1","Sat Mar 16, 2024, 10:43AM","29"
"Giovani Lo Celso","TOT","M","Drop","1-ComeBack Szn","1","Sat Mar 16, 2024, 10:43AM","29"
"Aaron Cresswell","WHU","D","Claim","1-The Dentist","1","Sat Mar 16, 2024, 10:31AM","29"
"Morgan Rogers","MCI/AVL","F","Drop","1-The Dentist","1","Sat Mar 16, 2024, 10:31AM","29"
"Charlie Taylor","BUR","D","Claim","1-The Dentist","1","Sat Mar 16, 2024, 10:22AM","29"
"Taiwo Awoniyi","NOT","F","Drop","1-The Dentist","1","Sat Mar 16, 2024, 10:20AM","29"
"Vitinho","BUR","D","Claim","1-rice cooker","1","Sat Mar 16, 2024, 10:19AM","29"
"Nicolas Dominguez","NOT","M","Drop","1-rice cooker","1","Sat Mar 16, 2024, 10:19AM","29"
"Matz Sels","NEW/NOT","G","Claim","1 - The Narrative","1","Sat Mar 16, 2024, 10:16AM","29"
"Djordje Petrovic","CHE","G","Drop","1 - The Narrative","1","Sat Mar 16, 2024, 10:16AM","29"
"Giovani Lo Celso","TOT","M","Claim","1-ComeBack Szn","1","Sat Mar 16, 2024, 10:14AM","29"
"Matz Sels","NEW/NOT","G","Drop","1-ComeBack Szn","1","Sat Mar 16, 2024, 10:14AM","29"
"Divock Origi","LIV/NOT","F","Claim","1 - The Narrative","1","Sat Mar 16, 2024, 10:12AM","29"
"Danilo","NOT","M","Drop","1 - The Narrative","1","Sat Mar 16, 2024, 10:12AM","29"
"Maxime Esteve","BUR","D","Claim","1-OGBEAN'S","1","Sat Mar 16, 2024, 10:12AM","29"
"Teden Mengi","MUN/LUT","D","Drop","1-OGBEAN'S","1","Sat Mar 16, 2024, 10:12AM","29"
"Jacob Bruun Larsen","BUR","F","Claim","1-john lim","1","Sat Mar 16, 2024, 10:03AM","29"
"Ryan Yates","NOT","M","Claim","1-john lim","1","Sat Mar 16, 2024, 10:02AM","29"
"Arijanet Muric","BUR","G","Claim","1-OGBEAN'S","1","Sat Mar 16, 2024, 10:02AM","29"
"Jan-Paul van Hecke","BHA","D","Drop","1-OGBEAN'S","1","Sat Mar 16, 2024, 10:02AM","29"
"Issa Kabore","LUT","D","Claim","1-john lim","1","Sat Mar 16, 2024, 10:02AM","29"
"Zeki Amdouni","BUR","F","Drop","1-john lim","1","Sat Mar 16, 2024, 10:02AM","29"
"Felipe","NOT","D","Drop","1-john lim","1","Sat Mar 16, 2024, 10:02AM","29"
"Ibrahim Sangare","NOT","M","Claim","1-bruNO HARD FEELINGS","1","Sat Mar 16, 2024, 10:01AM","29"
"Divock Origi","LIV/NOT","F","Drop","1-bruNO HARD FEELINGS","1","Sat Mar 16, 2024, 10:01AM","29"
"Divock Origi","LIV/NOT","F","Claim","1-bruNO HARD FEELINGS","1","Sat Mar 16, 2024, 10:01AM","29"
"Neal Maupay","EVE/BRF","F","Drop","1-bruNO HARD FEELINGS","1","Sat Mar 16, 2024, 10:01AM","29"
"Zeki Amdouni","BUR","F","Claim","1-john lim","1","Sat Mar 16, 2024, 12:11AM","29"
"Harry Wilson","FUL","M","Claim","1-OGBEAN'S","1","Fri Mar 15, 2024, 9:00PM","29"
"Issa Kabore","LUT","D","Drop","1-OGBEAN'S","1","Fri Mar 15, 2024, 9:00PM","29"
"Harrison Reed","FUL","M","Claim","1-The Dentist","1","Fri Mar 15, 2024, 9:24AM","29"
"Tom Cairney","FUL","M","Drop","1-The Dentist","1","Fri Mar 15, 2024, 9:24AM","29"
"Morgan Rogers","MCI/AVL","F","Claim","1-The Dentist","1","Fri Mar 15, 2024, 9:21AM","29"
"Cody Gakpo","LIV","F","Drop","1-The Dentist","1","Fri Mar 15, 2024, 9:21AM","29"
"Neal Maupay","EVE/BRF","F","Claim","1-bruNO HARD FEELINGS","1","Fri Mar 15, 2024, 8:20AM","29"
"Keane Lewis-Potter","BRF","F","Drop","1-bruNO HARD FEELINGS","1","Fri Mar 15, 2024, 8:20AM","29"
"Dara O'Shea","BUR","D","Claim","1-bruNO HARD FEELINGS","1","Fri Mar 15, 2024, 8:17AM","29"
"Joel Veltman","BHA","D","Drop","1-bruNO HARD FEELINGS","1","Fri Mar 15, 2024, 8:17AM","29"
"Bobby De Cordova-Reid","FUL","F","Claim","1-bruNO HARD FEELINGS","1","Fri Mar 15, 2024, 8:13AM","29"
"Beto","EVE","F","Drop","1-bruNO HARD FEELINGS","1","Fri Mar 15, 2024, 8:13AM","29"
"Josh Cullen","BUR","M","Claim","1-ComeBack Szn","1","Thu Mar 14, 2024, 11:07PM","29"
"Gabriel Osho","LUT","D","Drop","1-ComeBack Szn","1","Thu Mar 14, 2024, 11:07PM","29"
"Calvin Bassey","FUL","D","Claim","1 - The Narrative","1","Thu Mar 14, 2024, 9:28PM","29"
"Dominic Calvert-Lewin","EVE","F","Drop","1 - The Narrative","1","Thu Mar 14, 2024, 9:28PM","29"
"Mads Roerslev","BRF","D","Claim","1 - The Narrative","1","Thu Mar 14, 2024, 9:26PM","29"
"Valentino Livramento","NEW","D","Drop","1 - The Narrative","1","Thu Mar 14, 2024, 9:26PM","29"
"Alex Moreno","AVL","D","Claim","1 - The Narrative","1","Thu Mar 14, 2024, 9:26PM","29"
"Chris Richards","CRY","D","Drop","1 - The Narrative","1","Thu Mar 14, 2024, 9:26PM","29"
"Radu Dragusin","TOT","D","Claim","1-Koke Vegas","1","Thu Mar 14, 2024, 9:13PM","29"
"Dara O'Shea","BUR","D","Drop","1-Koke Vegas","1","Thu Mar 14, 2024, 9:13PM","29"
"Issa Kabore","LUT","D","Claim","1-OGBEAN'S","1","Thu Mar 14, 2024, 9:13PM","29"
"Jhon Duran","AVL","F","Drop","1-OGBEAN'S","1","Thu Mar 14, 2024, 9:13PM","29"
"Kurt Zouma","WHU","D","Claim","1-Koke Vegas","1","Thu Mar 14, 2024, 9:09PM","29"
"Harry Wilson","FUL","M","Drop","1-Koke Vegas","1","Thu Mar 14, 2024, 9:09PM","29"
"Tom Cairney","FUL","M","Claim","1-The Dentist","6","Thu Mar 14, 2024, 9:00PM","29"
"Kristoffer Ajer","BRF","D","Claim","1-The Dentist","4","Thu Mar 14, 2024, 9:00PM","29"
"Lorenz Assignon","BUR","D","Claim","1 - The Narrative","5","Thu Mar 14, 2024, 9:00PM","29"
"Willy Boly","NOT","D","Claim","1-The Dentist","3","Thu Mar 14, 2024, 9:00PM","29"
"Danilo","NOT","M","Claim","1 - The Narrative","3","Thu Mar 14, 2024, 9:00PM","29"
"Reece Burke","LUT","D","Claim","1-ComeBack Szn","2","Thu Mar 14, 2024, 9:00PM","29"
"Taiwo Awoniyi","NOT","F","Claim","1-The Dentist","2","Thu Mar 14, 2024, 9:00PM","29"
"Dara O'Shea","BUR","D","Claim","1-Koke Vegas","3","Thu Mar 14, 2024, 9:00PM","29"
"Ansu Fati","BHA","F","Drop","1-Koke Vegas","3","Thu Mar 14, 2024, 9:00PM","29"
"Sander Berge","BUR","M","Claim","1 - The Narrative","2","Thu Mar 14, 2024, 9:00PM","29"
"Jean-Philippe Mateta","CRY","F","Drop","1 - The Narrative","2","Thu Mar 14, 2024, 9:00PM","29"
"David Datro Fofana","CHE/BUR","F","Claim","1-Burnley and Old Trafford","3","Thu Mar 14, 2024, 9:00PM","29"
"Jhon Duran","AVL","F","Claim","1-OGBEAN'S","1","Thu Mar 14, 2024, 9:00PM","29"
"Neto","BOU","G","Drop","1-OGBEAN'S","1","Thu Mar 14, 2024, 9:00PM","29"
"Emerson","WHU","D","Claim","1-bruNO HARD FEELINGS","1","Thu Mar 14, 2024, 9:00PM","29"
"Axel Disasi","CHE","D","Drop","1-bruNO HARD FEELINGS","1","Thu Mar 14, 2024, 9:00PM","29"
"Matz Sels","NEW/NOT","G","Claim","1-ComeBack Szn","1","Thu Mar 14, 2024, 9:00PM","29"
"Sam Johnstone","CRY","G","Drop","1-ComeBack Szn","1","Thu Mar 14, 2024, 9:00PM","29"
"Anthony Elanga","NOT","F","Claim","1-Barkley’s Balls Sponsored by Baileys","1","Thu Mar 14, 2024, 9:00PM","29"
"Micky van de Ven","TOT","D","Drop","1-Burnley and Old Trafford","1","Thu Mar 14, 2024, 3:18PM","29"
"Nathan Ake","MCI","D","Drop","1 - The Narrative","1","Thu Mar 14, 2024, 2:57PM","29"
"Ben Brereton","SHU","F","Drop","1-john lim","1","Wed Mar 13, 2024, 7:54PM","29"
"Harvey Elliott","LIV","M","Drop","1-john lim","1","Wed Mar 13, 2024, 7:54PM","29"
"Illia Zabarnyi","BOU","D","Drop","1-Barkley’s Balls Sponsored by Baileys","1","Wed Mar 13, 2024, 5:48PM","29"
"Abdoulaye Doucoure","EVE","M","Drop","1-The Dentist","1","Wed Mar 13, 2024, 5:10AM","29"
"Joe Willock","NEW","M","Drop","1-The Dentist","1","Wed Mar 13, 2024, 5:09AM","29"
"Chris Mepham","BOU","D","Drop","1-The Dentist","1","Wed Mar 13, 2024, 5:09AM","29"
"Adam Smith","BOU","D","Drop","1-The Dentist","1","Wed Mar 13, 2024, 5:09AM","29"
"Sam Johnstone","CRY","G","Claim","1-ComeBack Szn","1","Thu Mar 14, 2024, 11:05PM","29"
"Reece Burke","LUT","D","Drop","1-ComeBack Szn","1","Thu Mar 14, 2024, 11:05PM","29"
"Matz Sels","NEW/NOT","G","Drop","1-ComeBack Szn","1","Thu Mar 14, 2024, 11:05PM","29"
"Illia Zabarnyi","BOU","D","Claim","1-Barkley’s Balls Sponsored by Baileys","1","Thu Mar 14, 2024, 11:05PM","29"
"Anthony Elanga","NOT","F","Drop","1-Barkley’s Balls Sponsored by Baileys","1","Thu Mar 14, 2024, 11:05PM","29"
"Reece Burke","LUT","D","Claim","1-ComeBack Szn","2","Tue Mar 12, 2024, 9:00PM","29"
"Matz Sels","NEW/NOT","G","Claim","1-ComeBack Szn","1","Tue Mar 12, 2024, 9:00PM","29"
"Sam Johnstone","CRY","G","Drop","1-ComeBack Szn","1","Tue Mar 12, 2024, 9:00PM","29"
"Anthony Elanga","NOT","F","Claim","1-Barkley’s Balls Sponsored by Baileys","1","Tue Mar 12, 2024, 9:00PM","29"
"Illia Zabarnyi","BOU","D","Drop","1-Barkley’s Balls Sponsored by Baileys","1","Tue Mar 12, 2024, 9:00PM","29"
"Valentino Livramento","NEW","D","Claim","1 - The Narrative","1","Mon Mar 11, 2024, 3:42PM","28"
"Harvey Elliott","LIV","M","Claim","1-john lim","1","Sun Mar 10, 2024, 11:07AM","28"
"Chris Wood","NOT","F","Claim","1-rice cooker","1","Sun Mar 10, 2024, 9:18AM","28"
"Zeki Amdouni","BUR","F","Drop","1-rice cooker","1","Sun Mar 10, 2024, 9:18AM","28"
"Harry Toffolo","NOT","D","Claim","1-rice cooker","1","Sun Mar 10, 2024, 9:09AM","28"
"Willy Boly","NOT","D","Drop","1-rice cooker","1","Sun Mar 10, 2024, 9:09AM","28"
"Joel Veltman","BHA","D","Claim","1-bruNO HARD FEELINGS","1","Sun Mar 10, 2024, 9:02AM","28"
"Nayef Aguerd","WHU","D","Drop","1-bruNO HARD FEELINGS","1","Sun Mar 10, 2024, 9:02AM","28"
"Nayef Aguerd","WHU","D","Claim","1-bruNO HARD FEELINGS","1","Sun Mar 10, 2024, 9:01AM","28"
"Emerson","WHU","D","Drop","1-bruNO HARD FEELINGS","1","Sun Mar 10, 2024, 9:01AM","28"
"Ansu Fati","BHA","F","Claim","1-Koke Vegas","1","Sun Mar 10, 2024, 9:01AM","28"
"Anthony Elanga","NOT","F","Drop","1-Koke Vegas","1","Sun Mar 10, 2024, 9:01AM","28"
"Willy Boly","NOT","D","Claim","1-rice cooker","1","Sun Mar 10, 2024, 8:06AM","28"
"Emerson Royal","TOT","D","Drop","1-rice cooker","1","Sun Mar 10, 2024, 8:06AM","28"
"Emerson Royal","TOT","D","Claim","1-rice cooker","1","Sat Mar 9, 2024, 2:52PM","28"
"Facundo Buonanotte","BHA","M","Drop","1-rice cooker","1","Sat Mar 9, 2024, 2:52PM","28"
"Justin Kluivert","BOU","M,F","Drop","1-ComeBack Szn","1","Sat Mar 9, 2024, 2:48PM","29"
"Neco Williams","NOT","D","Claim","1-Burnley and Old Trafford","1","Sat Mar 9, 2024, 11:51AM","28"
"Keane Lewis-Potter","BRF","F","Claim","1-bruNO HARD FEELINGS","1","Sat Mar 9, 2024, 11:31AM","28"
"Neal Maupay","EVE/BRF","F","Drop","1-bruNO HARD FEELINGS","1","Sat Mar 9, 2024, 11:31AM","28"
"Gabriel Osho","LUT","D","Claim","1-ComeBack Szn","1","Sat Mar 9, 2024, 9:54AM","28"
"Adam Wharton","CRY","M","Drop","1-ComeBack Szn","1","Sat Mar 9, 2024, 9:54AM","28"
"Jordan Clark","LUT","M","Claim","1-The Dentist","1","Sat Mar 9, 2024, 9:52AM","28"
"Jean-Ricner Bellegarde","WOL","M","Drop","1-The Dentist","1","Sat Mar 9, 2024, 9:52AM","28"
"Jean-Ricner Bellegarde","WOL","M","Claim","1-The Dentist","1","Sat Mar 9, 2024, 9:49AM","28"
"Alex Scott","BOU","M","Drop","1-The Dentist","1","Sat Mar 9, 2024, 9:40AM","28"
"Ben Brereton","SHU","F","Claim","1-john lim","1","Sat Mar 9, 2024, 9:30AM","28"
"Toti","WOL","D","Drop","1 - The Narrative","1","Sat Mar 9, 2024, 9:29AM","28"
"Andros Townsend","EVE/LUT","M","Drop","1-Greek Prison XI","1","Sat Mar 9, 2024, 9:22AM","28"
"Luis Sinisterra","LEE/BOU","F","Drop","1-Burnley and Old Trafford","1","Sat Mar 9, 2024, 9:20AM","28"
"Yves Bissouma","TOT","M","Claim","1-OGBEAN'S","1","Sat Mar 9, 2024, 7:27AM","28"
"Ben Chilwell","CHE","D","Drop","1-OGBEAN'S","1","Sat Mar 9, 2024, 7:27AM","28"
"Dara O'Shea","BUR","D","Drop","1-Check Complete FC","1","Sat Mar 9, 2024, 6:47AM","28"
"Tahith Chong","LUT","M","Claim","1-Check Complete FC","1","Sat Mar 9, 2024, 6:40AM","28"
"Scott McTominay","MUN","M","Claim","1-rice cooker","1","Sat Mar 9, 2024, 6:36AM","28"
"Bobby Clark","LIV","M","Drop","1-rice cooker","1","Sat Mar 9, 2024, 6:34AM","28"
"Adam Smith","BOU","D","Claim","1-The Dentist","1","Fri Mar 8, 2024, 12:39PM","28"
"Kurt Zouma","WHU","D","Drop","1-The Dentist","1","Fri Mar 8, 2024, 12:39PM","28"
"Nicolas Jackson","CHE","F","Claim","1-The Dentist","1","Fri Mar 8, 2024, 11:38AM","28"
"Adam Smith","BOU","D","Drop","1-The Dentist","1","Fri Mar 8, 2024, 11:38AM","28"
"Abdoulaye Doucoure","EVE","M","Claim","1-The Dentist","1","Fri Mar 8, 2024, 11:30AM","28"
"Jean-Ricner Bellegarde","WOL","M","Drop","1-The Dentist","1","Fri Mar 8, 2024, 11:30AM","28"
"Chris Mepham","BOU","D","Claim","1-The Dentist","1","Fri Mar 8, 2024, 11:28AM","28"
"Yves Bissouma","TOT","M","Drop","1-The Dentist","1","Fri Mar 8, 2024, 11:28AM","28"
"Neal Maupay","EVE/BRF","F","Claim","1-bruNO HARD FEELINGS","1","Thu Mar 7, 2024, 8:56AM","28"
"Hwang Hee-Chan","WOL","F","Drop","1-bruNO HARD FEELINGS","1","Thu Mar 7, 2024, 8:55AM","28"
"Justin Kluivert","BOU","M,F","Claim","1-ComeBack Szn","1","Wed Mar 6, 2024, 9:05AM","28"
"Abdoulaye Doucoure","EVE","M","Drop","1-ComeBack Szn","1","Wed Mar 6, 2024, 9:05AM","28"
"Luis Sinisterra","LEE/BOU","F","Claim","1-Burnley and Old Trafford","1","Tue Mar 5, 2024, 11:16PM","28"
"Murillo","NOT","D,M","Claim","1-Burnley and Old Trafford","1","Tue Mar 5, 2024, 9:02PM","28"
"Danilo","NOT","M","Drop","1-john lim","1","Tue Mar 5, 2024, 9:02PM","28"
"Alex Scott","BOU","M","Claim","1-The Dentist","1","Tue Mar 5, 2024, 9:00PM","28"
"Sven Botman","NEW","D","Drop","1-The Dentist","1","Tue Mar 5, 2024, 9:00PM","28"
"Teden Mengi","MUN/LUT","D","Claim","1-OGBEAN'S","1","Tue Mar 5, 2024, 9:00PM","28"
"Konstantinos Mavropanos","ARS/WHU","D","Claim","1-The Dentist","3","Tue Mar 5, 2024, 9:00PM","28"
"Harry Wilson","FUL","M","Claim","1-Koke Vegas","5","Tue Mar 5, 2024, 9:00PM","28"
"Nicolas Jackson","CHE","F","Drop","1-Koke Vegas","5","Tue Mar 5, 2024, 9:00PM","28"
"Kurt Zouma","WHU","D","Claim","1-The Dentist","2","Tue Mar 5, 2024, 9:00PM","28"
"Sam Johnstone","CRY","G","Claim","1-ComeBack Szn","2","Tue Mar 5, 2024, 9:00PM","28"
"Caoimhin Kelleher","LIV","G","Drop","1-ComeBack Szn","2","Tue Mar 5, 2024, 9:00PM","28"
"Tosin Adarabioyo","FUL","D","Claim","1-Koke Vegas","1","Tue Mar 5, 2024, 9:00PM","28"
"Adam Smith","BOU","D","Claim","1-The Dentist","1","Tue Mar 5, 2024, 9:00PM","28"
"Amadou Onana","EVE","M","Claim","1-Check Complete FC","1","Tue Mar 5, 2024, 9:00PM","28"
"Taiwo Awoniyi","NOT","F","Drop","1-Check Complete FC","1","Tue Mar 5, 2024, 9:00PM","28"
"Thomas Kaminski","LUT","G","Claim","1-john lim","1","Tue Mar 5, 2024, 9:00PM","28"
"Emerson Royal","TOT","D","Drop","1-The Dentist","1","Tue Mar 5, 2024, 8:59PM","28"
"Alex Moreno","AVL","D","Drop","1-Koke Vegas","1","Tue Mar 5, 2024, 6:19PM","28"
"Thomas Partey","ARS","M","Drop","1-The Dentist","1","Mon Mar 4, 2024, 5:27PM","28"
"Gustavo Hamer","SHU","M","Drop","1-Burnley and Old Trafford","1","Mon Mar 4, 2024, 5:21PM","28"
"Scott McTominay","MUN","M","Drop","1-Burnley and Old Trafford","1","Mon Mar 4, 2024, 5:21PM","28"
"Jose Sa","WOL","G","Drop","1-john lim","1","Mon Mar 4, 2024, 5:19PM","28"
"Thomas Partey","ARS","M","Claim","1-The Dentist","1","Mon Mar 4, 2024, 1:49PM","27"
"Gustavo Hamer","SHU","M","Claim","1-Burnley and Old Trafford","1","Sun Mar 3, 2024, 10:32AM","27"
"Scott McTominay","MUN","M","Claim","1-Burnley and Old Trafford","1","Sun Mar 3, 2024, 10:26AM","27"
"Ruben Dias","MCI","D","Drop","1-Burnley and Old Trafford","1","Sun Mar 3, 2024, 10:26AM","27"
"Luis Sinisterra","LEE/BOU","F","Drop","1-Burnley and Old Trafford","1","Thu Feb 29, 2024, 11:05PM","27"
"Gustavo Hamer","SHU","M","Drop","1-The Dentist","1","Sat Mar 2, 2024, 1:25PM","27"
"Jacob Murphy","NEW","M","Drop","1-The Dentist","1","Sat Mar 2, 2024, 1:24PM","28"
"Andros Townsend","EVE/LUT","M","Claim","1-Greek Prison XI","1","Sat Mar 2, 2024, 12:27PM","27"
"Harvey Elliott","LIV","M","Drop","1-OGBEAN'S","1","Sat Mar 2, 2024, 12:06PM","28"
"Ruben Dias","MCI","D","Claim","1-Burnley and Old Trafford","1","Sat Mar 2, 2024, 11:33AM","27"
"Omari Forson","MUN","M","Drop","1-Check Complete FC","1","Sat Mar 2, 2024, 10:06AM","27"
"Keane Lewis-Potter","BRF","F","Drop","1-Burnley and Old Trafford","1","Sat Mar 2, 2024, 9:46AM","27"
"Frank Onyeka","BRF","M","Claim","1-Barkley’s Balls Sponsored by Baileys","1","Sat Mar 2, 2024, 9:20AM","27"
"Beto","EVE","F","Claim","1-bruNO HARD FEELINGS","1","Sat Mar 2, 2024, 9:14AM","27"
"Neal Maupay","EVE/BRF","F","Drop","1-bruNO HARD FEELINGS","1","Sat Mar 2, 2024, 9:14AM","27"
"Gustavo Hamer","SHU","M","Claim","1-The Dentist","1","Sat Mar 2, 2024, 9:14AM","27"
"Tom Cairney","FUL","M","Drop","1-Barkley’s Balls Sponsored by Baileys","1","Sat Mar 2, 2024, 9:13AM","27"
"Axel Disasi","CHE","D","Claim","1-bruNO HARD FEELINGS","1","Sat Mar 2, 2024, 9:11AM","27"
"Beto","EVE","F","Drop","1-The Dentist","1","Sat Mar 2, 2024, 9:11AM","27"
"Evan Ferguson","BHA","F","Claim","1-Greek Prison XI","1","Sat Mar 2, 2024, 9:09AM","27"
"Danny Welbeck","BHA","F","Drop","1-Greek Prison XI","1","Sat Mar 2, 2024, 9:09AM","27"
"Sasa Lukic","FUL","M","Claim","1-john lim","1","Sat Mar 2, 2024, 9:09AM","27"
"Mateo Kovacic","MCI","M","Drop","1-Greek Prison XI","1","Sat Mar 2, 2024, 9:07AM","27"
"Bobby Clark","LIV","M","Claim","1-rice cooker","1","Sat Mar 2, 2024, 9:04AM","27"
"Giovani Lo Celso","TOT","M","Drop","1-rice cooker","1","Sat Mar 2, 2024, 9:03AM","27"
"Harvey Barnes","NEW","M","Drop","1-bruNO HARD FEELINGS","1","Sat Mar 2, 2024, 9:03AM","27"
"Joseph Gomez","LIV","D","Claim","1-Check Complete FC","1","Sat Mar 2, 2024, 9:02AM","27"
"Miguel Almiron","NEW","M","Drop","1-Check Complete FC","1","Sat Mar 2, 2024, 9:02AM","27"
"Jacob Murphy","NEW","M","Claim","1-The Dentist","1","Sat Mar 2, 2024, 9:02AM","27"
"Johann Gudmundsson","BUR","M","Drop","1-The Dentist","1","Sat Mar 2, 2024, 9:02AM","27"
"Beto","EVE","F","Claim","1-The Dentist","1","Sat Mar 2, 2024, 9:01AM","27"
"David Datro Fofana","CHE/BUR","F","Drop","1-The Dentist","1","Sat Mar 2, 2024, 9:01AM","27"
"Nicolas Jackson","CHE","F","Claim","1-Koke Vegas","1","Sat Mar 2, 2024, 9:01AM","27"
"Ansu Fati","BHA","F","Drop","1-Koke Vegas","1","Sat Mar 2, 2024, 9:01AM","27"
"Sven Botman","NEW","D","Claim","1-The Dentist","1","Sat Mar 2, 2024, 9:00AM","27"
"Joseph Gomez","LIV","D","Drop","1-The Dentist","1","Sat Mar 2, 2024, 9:00AM","27"
"Joseph Gomez","LIV","D","Claim","1-The Dentist","1","Sat Mar 2, 2024, 8:44AM","27"
"Tosin Adarabioyo","FUL","D","Drop","1-The Dentist","1","Sat Mar 2, 2024, 8:44AM","27"
"Rayan Ait-Nouri","WOL","D","Claim","1-Koke Vegas","1","Fri Mar 1, 2024, 10:33AM","27"
"Ben Mee","BRF","D","Drop","1-Koke Vegas","1","Fri Mar 1, 2024, 10:33AM","27"
"Yves Bissouma","TOT","M","Claim","1-The Dentist","1","Thu Feb 29, 2024, 8:24PM","27"
"Ben Davies","TOT","D","Drop","1-The Dentist","1","Thu Feb 29, 2024, 8:24PM","27"
"Jean-Ricner Bellegarde","WOL","M","Claim","1-The Dentist","1","Wed Feb 28, 2024, 4:00PM","27"
"Jurrien Timber","ARS","D","Drop","1-The Dentist","1","Wed Feb 28, 2024, 4:00PM","27"
"Jurrien Timber","ARS","D","Claim","1-The Dentist","1","Wed Feb 28, 2024, 12:50PM","27"
"Elliot Anderson","NEW","M","Drop","1-The Dentist","1","Wed Feb 28, 2024, 12:50PM","27"
"Jean-Philippe Mateta","CRY","F","Claim","1 - The Narrative","1","Tue Feb 27, 2024, 9:26PM","27"
"Joe Willock","NEW","M","Claim","1-The Dentist","1","Tue Feb 27, 2024, 9:07PM","27"
"Johann Gudmundsson","BUR","M","Claim","1-The Dentist","1","Tue Feb 27, 2024, 9:06PM","27"
"Mark Flekken","BRF","G","Claim","1-Burnley and Old Trafford","1","Tue Feb 27, 2024, 9:02PM","27"
"David Raya","BRF/ARS","G","Drop","1-Burnley and Old Trafford","1","Tue Feb 27, 2024, 9:02PM","27"
"Keane Lewis-Potter","BRF","F","Claim","1-Burnley and Old Trafford","1","Tue Feb 27, 2024, 9:01PM","27"
"Konstantinos Mavropanos","ARS/WHU","D","Drop","1-Burnley and Old Trafford","1","Tue Feb 27, 2024, 9:01PM","27"
"Elliot Anderson","NEW","M","Claim","1-The Dentist","1","Tue Feb 27, 2024, 9:01PM","27"
"Rayan Ait-Nouri","WOL","D","Drop","1-The Dentist","1","Tue Feb 27, 2024, 9:01PM","27"
"David Datro Fofana","CHE/BUR","F","Claim","1-The Dentist","1","Tue Feb 27, 2024, 9:01PM","27"
"Ben Davies","TOT","D","Claim","1-The Dentist","1","Tue Feb 27, 2024, 9:01PM","27"
"Emerson Royal","TOT","D","Claim","1-The Dentist","1","Tue Feb 27, 2024, 9:01PM","27"
"Chris Richards","CRY","D","Claim","1 - The Narrative","3","Tue Feb 27, 2024, 9:00PM","27"
"Luis Sinisterra","LEE/BOU","F","Claim","1-Burnley and Old Trafford","2","Tue Feb 27, 2024, 9:00PM","27"
"Nelson Semedo","WOL","D","Claim","1-ComeBack Szn","3","Tue Feb 27, 2024, 9:00PM","27"
"Tyrick Mitchell","CRY","D","Drop","1-ComeBack Szn","3","Tue Feb 27, 2024, 9:00PM","27"
"Illia Zabarnyi","BOU","D","Claim","1-Barkley’s Balls Sponsored by Baileys","3","Tue Feb 27, 2024, 9:00PM","27"
"Neto","BOU","G","Claim","1-OGBEAN'S","3","Tue Feb 27, 2024, 9:00PM","27"
"Sam Johnstone","CRY","G","Drop","1-OGBEAN'S","3","Tue Feb 27, 2024, 9:00PM","27"
"Toti","WOL","D","Claim","1 - The Narrative","2","Tue Feb 27, 2024, 9:00PM","27"
"Micky van de Ven","TOT","D","Claim","1-Burnley and Old Trafford","1","Tue Feb 27, 2024, 9:00PM","27"
"Caoimhin Kelleher","LIV","G","Claim","1-ComeBack Szn","1","Tue Feb 27, 2024, 9:00PM","27"
"Ederson","MCI","G","Drop","1-ComeBack Szn","1","Tue Feb 27, 2024, 9:00PM","27"
"Carlton Morris","LUT","F","Claim","1-Barkley’s Balls Sponsored by Baileys","1","Tue Feb 27, 2024, 9:00PM","27"
"Nicolas Jackson","CHE","F","Drop","1-Barkley’s Balls Sponsored by Baileys","1","Tue Feb 27, 2024, 9:00PM","27"
"Ansu Fati","BHA","F","Claim","1-Koke Vegas","1","Tue Feb 27, 2024, 9:00PM","27"
"Valentino Livramento","NEW","D","Drop","1-Koke Vegas","1","Tue Feb 27, 2024, 9:00PM","27"
"Harvey Elliott","LIV","M","Claim","1-OGBEAN'S","1","Tue Feb 27, 2024, 9:00PM","27"
"Giovani Lo Celso","TOT","M","Claim","1-rice cooker","1","Tue Feb 27, 2024, 9:00PM","27"
"Kyle Walker","MCI","D","Claim","1-bruNO HARD FEELINGS","1","Tue Feb 27, 2024, 9:00PM","27"
"Milos Kerkez","BOU","D","Claim","1 - The Narrative","1","Tue Feb 27, 2024, 9:00PM","27"
"Ruben Dias","MCI","D","Drop","1-Burnley and Old Trafford","1","Tue Feb 27, 2024, 1:43PM","27"
"Odsonne Edouard","CRY","F","Drop","1-Burnley and Old Trafford","1","Tue Feb 27, 2024, 1:43PM","27"
"Kaoru Mitoma","BHA","M","Drop","1-The Dentist","1","Tue Feb 27, 2024, 9:50AM","27"
"Wes Foderingham","SHU","G","Drop","1-bruNO HARD FEELINGS","1","Mon Feb 26, 2024, 10:26PM","27"
"Matheus Nunes","WOL/MCI","M","Drop","1-The Dentist","1","Mon Feb 26, 2024, 9:52PM","27"
"John Stones","MCI","D","Drop","1-The Dentist","1","Mon Feb 26, 2024, 9:52PM","27"
"Nelson Semedo","WOL","D","Drop","1-The Dentist","1","Mon Feb 26, 2024, 9:52PM","27"
"Jean-Philippe Mateta","CRY","F","Drop","1-The Dentist","1","Mon Feb 26, 2024, 9:51PM","27"
"Evan Ferguson","BHA","F","Drop","1-OGBEAN'S","1","Mon Feb 26, 2024, 7:01PM","27"
"Clement Lenglet","TOT/AVL","D","Drop","1 - The Narrative","1","Mon Feb 26, 2024, 6:11PM","27"
"David Datro Fofana","CHE/BUR","F","Drop","1 - The Narrative","1","Mon Feb 26, 2024, 6:10PM","27"
"Neco Williams","NOT","D","Drop","1 - The Narrative","1","Mon Feb 26, 2024, 6:10PM","27"
"Bart Verbruggen","BHA","G","Drop","1 - The Narrative","1","Mon Feb 26, 2024, 6:09PM","27"
"Konstantinos Mavropanos","ARS/WHU","D","Claim","1-Burnley and Old Trafford","1","Mon Feb 26, 2024, 2:01PM","26"
"Nayef Aguerd","WHU","D","Drop","1-Burnley and Old Trafford","1","Mon Feb 26, 2024, 2:01PM","26"
"Murillo","NOT","D,M","Drop","1-john lim","1","Sun Feb 25, 2024, 12:16PM","27"
"Sander Berge","BUR","M","Drop","1-Barkley’s Balls Sponsored by Baileys","1","Sat Feb 24, 2024, 9:16PM","27"
"Valentino Livramento","NEW","D","Claim","1-Koke Vegas","1","Sat Feb 24, 2024, 2:21PM","26"
"Nayef Aguerd","WHU","D","Claim","1-Burnley and Old Trafford","1","Sat Feb 24, 2024, 12:23PM","26"
"Toti","WOL","D","Drop","1-Burnley and Old Trafford","1","Sat Feb 24, 2024, 12:23PM","26"
"Mateo Kovacic","MCI","M","Claim","1-Greek Prison XI","1","Sat Feb 24, 2024, 12:16PM","26"
"Ben Davies","TOT","D","Drop","1-Greek Prison XI","1","Sat Feb 24, 2024, 12:16PM","26"
"Matheus Nunes","WOL/MCI","M","Claim","1-The Dentist","1","Sat Feb 24, 2024, 11:31AM","26"
"Oscar Bobb","MCI","M","Drop","1-The Dentist","1","Sat Feb 24, 2024, 11:31AM","26"
"John Stones","MCI","D","Claim","1-The Dentist","1","Sat Feb 24, 2024, 11:31AM","26"
"Kyle Walker","MCI","D","Drop","1-The Dentist","1","Sat Feb 24, 2024, 11:31AM","26"
"Neco Williams","NOT","D","Claim","1 - The Narrative","1","Sat Feb 24, 2024, 9:49AM","26"
"Ben Brereton","SHU","F","Drop","1 - The Narrative","1","Sat Feb 24, 2024, 9:49AM","26"
"Nicolas Dominguez","NOT","M","Claim","1-rice cooker","1","Sat Feb 24, 2024, 9:45AM","26"
"Neco Williams","NOT","D","Drop","1-rice cooker","1","Sat Feb 24, 2024, 9:45AM","26"
"Neco Williams","NOT","D","Claim","1-rice cooker","1","Sat Feb 24, 2024, 9:43AM","26"
"Wataru Endo","LIV","M","Drop","1-rice cooker","1","Sat Feb 24, 2024, 9:43AM","26"
"Sam Johnstone","CRY","G","Claim","1-OGBEAN'S","1","Sat Feb 24, 2024, 9:39AM","26"
"Mark Flekken","BRF","G","Drop","1-OGBEAN'S","1","Sat Feb 24, 2024, 9:39AM","26"
"Neco Williams","NOT","D","Drop","1-Koke Vegas","1","Sat Feb 24, 2024, 9:36AM","26"
"Zeki Amdouni","BUR","F","Claim","1-rice cooker","1","Sat Feb 24, 2024, 9:35AM","26"
"Oscar Bobb","MCI","M","Claim","1-The Dentist","1","Sat Feb 24, 2024, 9:27AM","26"
"Johann Gudmundsson","BUR","M","Drop","1-The Dentist","1","Sat Feb 24, 2024, 9:27AM","26"
"Zeki Amdouni","BUR","F","Drop","1-john lim","1","Sat Feb 24, 2024, 9:06AM","26"
"Dara O'Shea","BUR","D","Claim","1-Check Complete FC","1","Sat Feb 24, 2024, 9:05AM","26"
"Harry Toffolo","NOT","D","Drop","1-Check Complete FC","1","Sat Feb 24, 2024, 9:05AM","26"
"Felipe","NOT","D","Claim","1-john lim","1","Sat Feb 24, 2024, 9:04AM","26"
"Omari Forson","MUN","M","Claim","1-Check Complete FC","1","Sat Feb 24, 2024, 9:03AM","26"
"Neco Williams","NOT","D","Claim","1-Koke Vegas","1","Sat Feb 24, 2024, 9:01AM","26"
"Evan Ferguson","BHA","F","Claim","1-OGBEAN'S","1","Sat Feb 24, 2024, 9:01AM","26"
"Idrissa Gueye","EVE","M","Drop","1-OGBEAN'S","1","Sat Feb 24, 2024, 9:01AM","26"
"Ansu Fati","BHA","F","Drop","1-Koke Vegas","1","Sat Feb 24, 2024, 9:01AM","26"
"Taiwo Awoniyi","NOT","F","Claim","1-Check Complete FC","1","Sat Feb 24, 2024, 9:00AM","26"
"Moises Caicedo","BHA/CHE","M","Drop","1-Check Complete FC","1","Sat Feb 24, 2024, 9:00AM","26"
"Johann Gudmundsson","BUR","M","Claim","1-The Dentist","1","Sat Feb 24, 2024, 9:00AM","26"
"Amadou Onana","EVE","M","Drop","1-The Dentist","1","Sat Feb 24, 2024, 9:00AM","26"
"Curtis Jones","LIV","M","Drop","1-Check Complete FC","1","Sat Feb 24, 2024, 8:52AM","26"
"Wes Foderingham","SHU","G","Claim","1-bruNO HARD FEELINGS","1","Sat Feb 24, 2024, 12:27AM","26"
"Gustavo Hamer","SHU","M","Drop","1-bruNO HARD FEELINGS","1","Sat Feb 24, 2024, 12:27AM","26"
"Amadou Onana","EVE","M","Claim","1-The Dentist","1","Fri Feb 23, 2024, 1:27PM","26"
"John Stones","MCI","D","Drop","1-The Dentist","1","Fri Feb 23, 2024, 12:33PM","26"
"Zeki Amdouni","BUR","F","Claim","1-john lim","1","Fri Feb 23, 2024, 10:06AM","26"
"Timothy Castagne","LEI/FUL","D","Claim","1-john lim","1","Fri Feb 23, 2024, 10:06AM","26"
"Danilo","NOT","M","Claim","1-john lim","1","Fri Feb 23, 2024, 10:05AM","26"
"Murillo","NOT","D,M","Claim","1-john lim","1","Fri Feb 23, 2024, 10:02AM","26"
"Bart Verbruggen","BHA","G","Claim","1 - The Narrative","1","Fri Feb 23, 2024, 10:02AM","26"
"Luke Shaw","MUN","D","Drop","1 - The Narrative","1","Fri Feb 23, 2024, 10:00AM","26"
"Sander Berge","BUR","M","Claim","1-Barkley’s Balls Sponsored by Baileys","1","Thu Feb 22, 2024, 9:04PM","26"
"Bernd Leno","FUL","G","Claim","1-The Dentist","1","Thu Feb 22, 2024, 9:03PM","26"
"Tosin Adarabioyo","FUL","D","Claim","1-The Dentist","1","Thu Feb 22, 2024, 9:02PM","26"
"John Stones","MCI","D","Claim","1-The Dentist","1","Thu Feb 22, 2024, 9:02PM","26"
"Edson Alvarez","WHU","M","Claim","1-Burnley and Old Trafford","3","Thu Feb 22, 2024, 9:00PM","26"
"Luis Sinisterra","LEE/BOU","F","Drop","1-Burnley and Old Trafford","3","Thu Feb 22, 2024, 9:00PM","26"
"Odsonne Edouard","CRY","F","Claim","1-Burnley and Old Trafford","2","Thu Feb 22, 2024, 9:00PM","26"
"Carlton Morris","LUT","F","Drop","1-Burnley and Old Trafford","2","Thu Feb 22, 2024, 9:00PM","26"
"Tyrick Mitchell","CRY","D","Claim","1-ComeBack Szn","1","Thu Feb 22, 2024, 9:00PM","26"
"Sven Botman","NEW","D","Drop","1-ComeBack Szn","1","Thu Feb 22, 2024, 9:00PM","26"
"Toti","WOL","D","Claim","1-Burnley and Old Trafford","1","Thu Feb 22, 2024, 9:00PM","26"
"Illia Zabarnyi","BOU","D","Drop","1-Burnley and Old Trafford","1","Thu Feb 22, 2024, 9:00PM","26"
"Lewis Cook","BOU","M","Claim","1-Barkley’s Balls Sponsored by Baileys","1","Thu Feb 22, 2024, 9:00PM","26"
"Jean-Philippe Mateta","CRY","F","Claim","1-The Dentist","1","Thu Feb 22, 2024, 9:00PM","26"
"Caoimhin Kelleher","LIV","G","Drop","1-The Dentist","1","Thu Feb 22, 2024, 7:26PM","26"
"Noni Madueke","CHE","F","Drop","1-rice cooker","1","Thu Feb 22, 2024, 6:23PM","26"
"Jarell Quansah","LIV","D","Drop","1-rice cooker","1","Thu Feb 22, 2024, 6:23PM","26"
"Callum Hudson-Odoi","CHE/NOT","F","Claim","1-Koke Vegas","1","Thu Feb 22, 2024, 11:05PM","26"
"Benoit Badiashile","CHE","D","Drop","1-john lim","1","Thu Feb 22, 2024, 9:14AM","26"
"Gabriel Osho","LUT","D","Drop","1-john lim","1","Thu Feb 22, 2024, 9:14AM","26"
"Micky van de Ven","TOT","D","Drop","1-john lim","1","Thu Feb 22, 2024, 9:13AM","26"
"Amari'i Bell","LUT","D","Drop","1-Barkley’s Balls Sponsored by Baileys","1","Wed Feb 21, 2024, 6:30PM","26"
"Albert Sambi Lokonga","ARS/LUT","M","Drop","1-The Dentist","1","Wed Feb 21, 2024, 4:24PM","26"
"Emerson Royal","TOT","D","Drop","1-The Dentist","1","Wed Feb 21, 2024, 11:34AM","26"
"Facundo Buonanotte","BHA","M","Claim","1-rice cooker","1","Sun Feb 18, 2024, 8:45AM","25"
"Ashley Young","EVE","D","Drop","1-rice cooker","1","Sun Feb 18, 2024, 8:45AM","25"
"Micky van de Ven","TOT","D","Claim","1-john lim","1","Sat Feb 17, 2024, 9:10AM","25"
"Ben Davies","TOT","D","Claim","1-Greek Prison XI","1","Sat Feb 17, 2024, 9:06AM","25"
"Aaron Wan-Bissaka","MUN","D","Drop","1-Greek Prison XI","1","Sat Feb 17, 2024, 9:06AM","25"
"Lewis Cook","BOU","M","Drop","1-Barkley’s Balls Sponsored by Baileys","1","Sat Feb 17, 2024, 9:05AM","25"
"Nelson Semedo","WOL","D","Claim","1-The Dentist","1","Sat Feb 17, 2024, 9:04AM","25"
"Rayan Ait-Nouri","WOL","D","Claim","1-The Dentist","1","Sat Feb 17, 2024, 9:04AM","25"
"Alex Scott","BOU","M","Drop","1-The Dentist","1","Sat Feb 17, 2024, 9:04AM","25"
"Tosin Adarabioyo","FUL","D","Drop","1-The Dentist","1","Sat Feb 17, 2024, 9:04AM","25"
"Callum Hudson-Odoi","CHE/NOT","F","Drop","1-Koke Vegas","1","Sat Feb 17, 2024, 9:03AM","25"
"Edson Alvarez","WHU","M","Drop","1 - The Narrative","1","Sat Feb 17, 2024, 9:01AM","25"
"Rodrigo Muniz","FUL","F","Claim","1-ComeBack Szn","1","Sat Feb 17, 2024, 7:18AM","25"
"Joseph Gomez","LIV","D","Drop","1-ComeBack Szn","1","Sat Feb 17, 2024, 7:18AM","25"
"Harvey Elliott","LIV","M","Drop","1-The Dentist","1","Sat Feb 17, 2024, 6:36AM","25"
"Ederson","MCI","G","Claim","1-ComeBack Szn","1","Fri Feb 16, 2024, 11:54PM","25"
"Rodrigo Muniz","FUL","F","Drop","1-ComeBack Szn","1","Fri Feb 16, 2024, 11:54PM","25"
"Harvey Elliott","LIV","M","Claim","1-The Dentist","1","Fri Feb 16, 2024, 6:01PM","25"
"Emerson Royal","TOT","D","Claim","1-The Dentist","1","Fri Feb 16, 2024, 5:56PM","25"
"Micky van de Ven","TOT","D","Drop","1-The Dentist","1","Fri Feb 16, 2024, 5:56PM","25"
"Bernd Leno","FUL","G","Drop","1-The Dentist","1","Fri Feb 16, 2024, 3:52PM","25"
"Caoimhin Kelleher","LIV","G","Claim","1-The Dentist","1","Fri Feb 16, 2024, 3:52PM","25"
"Ederson","MCI","G","Drop","1-The Dentist","1","Fri Feb 16, 2024, 3:52PM","25"
"Illia Zabarnyi","BOU","D","Claim","1-Burnley and Old Trafford","1","Fri Feb 16, 2024, 10:13AM","25"
"Enes Unal","MCI/BOU","F","Drop","1-Burnley and Old Trafford","1","Fri Feb 16, 2024, 10:13AM","25"
"Rodrigo Muniz","FUL","F","Claim","1-ComeBack Szn","1","Fri Feb 16, 2024, 12:08AM","25"
"Callum Wilson","NEW","F","Drop","1-ComeBack Szn","1","Fri Feb 16, 2024, 12:08AM","25"
"Ederson","MCI","G","Claim","1-The Dentist","1","Wed Feb 14, 2024, 10:55PM","25"
"Timothy Castagne","LEI/FUL","D","Drop","1-The Dentist","1","Wed Feb 14, 2024, 10:51PM","25"
"Micky van de Ven","TOT","D","Claim","1-The Dentist","1","Wed Feb 14, 2024, 10:50PM","25"
"Taiwo Awoniyi","NOT","F","Drop","1-The Dentist","1","Wed Feb 14, 2024, 10:50PM","25"
"Alex Scott","BOU","M","Claim","1-The Dentist","1","Wed Feb 14, 2024, 10:30PM","25"
"Scott McTominay","MUN","M","Drop","1-The Dentist","1","Wed Feb 14, 2024, 10:30PM","25"
"Joseph Gomez","LIV","D","Claim","1-ComeBack Szn","1","Wed Feb 14, 2024, 12:49AM","25"
"Murillo","NOT","D,M","Drop","1-ComeBack Szn","1","Wed Feb 14, 2024, 12:49AM","25"
"Amari'i Bell","LUT","D","Claim","1-Barkley’s Balls Sponsored by Baileys","1","Tue Feb 13, 2024, 11:54PM","25"
"Kyle Walker","MCI","D","Claim","1-The Dentist","1","Tue Feb 13, 2024, 9:05PM","25"
"Scott McTominay","MUN","M","Claim","1-The Dentist","1","Tue Feb 13, 2024, 9:05PM","25"
"Idrissa Gueye","EVE","M","Claim","1-OGBEAN'S","1","Tue Feb 13, 2024, 9:04PM","25"
"Lorenz Assignon","BUR","D","Drop","1-OGBEAN'S","1","Tue Feb 13, 2024, 9:04PM","25"
"Callum Hudson-Odoi","CHE/NOT","F","Claim","1-Koke Vegas","1","Tue Feb 13, 2024, 9:00PM","25"
"Mark Flekken","BRF","G","Claim","1-OGBEAN'S","1","Tue Feb 13, 2024, 9:00PM","25"
"Thomas Kaminski","LUT","G","Drop","1-OGBEAN'S","1","Tue Feb 13, 2024, 9:00PM","25"
"Sven Botman","NEW","D","Claim","1-ComeBack Szn","1","Tue Feb 13, 2024, 9:00PM","25"
"Caoimhin Kelleher","LIV","G","Drop","1-ComeBack Szn","1","Tue Feb 13, 2024, 9:00PM","25"
"Ruben Dias","MCI","D","Claim","1-Burnley and Old Trafford","1","Tue Feb 13, 2024, 9:00PM","25"
"Wataru Endo","LIV","M","Claim","1-rice cooker","1","Tue Feb 13, 2024, 9:00PM","25"
"Kalvin Phillips","MCI/WHU","M","Drop","1-rice cooker","1","Tue Feb 13, 2024, 9:00PM","25"
"Andre Onana","MUN","G","Claim","1-Barkley’s Balls Sponsored by Baileys","1","Tue Feb 13, 2024, 9:00PM","25"
"Neto","BOU","G","Drop","1-Barkley’s Balls Sponsored by Baileys","1","Tue Feb 13, 2024, 9:00PM","25"
"Cameron Archer","AVL/SHU","F","Drop","1-Koke Vegas","1","Tue Feb 13, 2024, 9:49AM","25"
"Nelson Semedo","WOL","D","Drop","1-The Dentist","1","Mon Feb 12, 2024, 9:10PM","25"
"Reece Burke","LUT","D","Drop","1-The Dentist","1","Mon Feb 12, 2024, 9:10PM","25"
"Axel Disasi","CHE","D","Drop","1-Burnley and Old Trafford","1","Mon Feb 12, 2024, 6:10PM","25"
"Noni Madueke","CHE","F","Claim","1-rice cooker","1","Sun Feb 11, 2024, 11:56AM","24"
"Matty Cash","AVL","D","Claim","1-john lim","1","Sun Feb 11, 2024, 10:49AM","24"
"Jakub Kiwior","ARS","D","Claim","1-bruNO HARD FEELINGS","1","Sun Feb 11, 2024, 8:11AM","24"
"Jurrien Timber","ARS","D","Drop","1-bruNO HARD FEELINGS","1","Sun Feb 11, 2024, 8:11AM","24"
"Axel Disasi","CHE","D","Claim","1-Burnley and Old Trafford","1","Sat Feb 10, 2024, 12:07PM","24"
"Nicolas Dominguez","NOT","M","Drop","1-Burnley and Old Trafford","1","Sat Feb 10, 2024, 12:07PM","24"
"Giovanni Reyna","NOT","M","Drop","1-Barkley’s Balls Sponsored by Baileys","1","Sat Feb 10, 2024, 12:02PM","24"
"Caoimhin Kelleher","LIV","G","Claim","1-ComeBack Szn","1","Sat Feb 10, 2024, 9:55AM","24"
"Sven Botman","NEW","D","Drop","1-ComeBack Szn","1","Sat Feb 10, 2024, 9:55AM","24"
"Lorenz Assignon","BUR","D","Claim","1-OGBEAN'S","1","Sat Feb 10, 2024, 9:36AM","24"
"Armando Broja","CHE/FUL","F","Drop","1-OGBEAN'S","1","Sat Feb 10, 2024, 9:36AM","24"
"Nelson Semedo","WOL","D","Claim","1-The Dentist","1","Sat Feb 10, 2024, 9:34AM","24"
"Harvey Elliott","LIV","M","Drop","1-The Dentist","1","Sat Feb 10, 2024, 9:29AM","24"
"Danny Welbeck","BHA","F","Claim","1-Greek Prison XI","1","Sat Feb 10, 2024, 9:22AM","24"
"Joelinton","NEW","M","Drop","1-Greek Prison XI","1","Sat Feb 10, 2024, 9:22AM","24"
"Joao Gomes","WOL","M","Claim","1-Greek Prison XI","1","Sat Feb 10, 2024, 9:12AM","24"
"Jack Hinshelwood","BHA","M","Drop","1-Greek Prison XI","1","Sat Feb 10, 2024, 9:12AM","24"
"Neal Maupay","EVE/BRF","F","Claim","1-bruNO HARD FEELINGS","1","Sat Feb 10, 2024, 9:12AM","24"
"Alphonse Areola","WHU","G","Claim","1-Koke Vegas","1","Sat Feb 10, 2024, 9:06AM","24"
"Martin Dubravka","NEW","G","Drop","1-Koke Vegas","1","Sat Feb 10, 2024, 9:06AM","24"
"Cameron Archer","AVL/SHU","F","Claim","1-Koke Vegas","1","Sat Feb 10, 2024, 9:02AM","24"
"Joseph Gomez","LIV","D","Drop","1-Koke Vegas","1","Sat Feb 10, 2024, 9:02AM","24"
"Jose Sa","WOL","G","Claim","1-john lim","1","Sat Feb 10, 2024, 9:01AM","24"
"Andre Onana","MUN","G","Drop","1-john lim","1","Sat Feb 10, 2024, 9:01AM","24"
"Kyle Walker","MCI","D","Drop","1-bruNO HARD FEELINGS","1","Sat Feb 10, 2024, 7:00AM","24"
"Lewis Cook","BOU","M","Claim","1-Barkley’s Balls Sponsored by Baileys","1","Sat Feb 10, 2024, 1:35AM","24"
"Kevin Schade","BRF","M","Drop","1-Barkley’s Balls Sponsored by Baileys","1","Sat Feb 10, 2024, 1:33AM","24"
"Reece Burke","LUT","D","Claim","1-The Dentist","1","Fri Feb 9, 2024, 5:11PM","24"
"Lewis Cook","BOU","M","Drop","1-The Dentist","1","Fri Feb 9, 2024, 5:10PM","24"
"Harvey Elliott","LIV","M","Claim","1-The Dentist","1","Fri Feb 9, 2024, 5:09PM","24"
"Teden Mengi","MUN/LUT","D","Drop","1-The Dentist","1","Fri Feb 9, 2024, 5:08PM","24"
"Antoine Semenyo","BOU","F","Claim","1-Burnley and Old Trafford","1","Fri Feb 9, 2024, 1:18PM","24"
"Illia Zabarnyi","BOU","D","Drop","1-Burnley and Old Trafford","1","Fri Feb 9, 2024, 1:18PM","24"
"Rodrigo Bentancur","TOT","M","Drop","1-john lim","1","Thu Feb 8, 2024, 6:54PM","24"
"Andre Onana","MUN","G","Claim","1-john lim","1","Thu Feb 8, 2024, 6:52PM","24"
"Matt Turner","NOT","G","Drop","1-john lim","1","Thu Feb 8, 2024, 6:52PM","24"
"Ansu Fati","BHA","F","Claim","1-Koke Vegas","1","Thu Feb 8, 2024, 3:18PM","24"
"Thiago Alcântara","LIV","M","Drop","1-Koke Vegas","1","Thu Feb 8, 2024, 3:18PM","24"
"Thomas Kaminski","LUT","G","Claim","1-OGBEAN'S","1","Wed Feb 7, 2024, 6:51PM","24"
"Mark Flekken","BRF","G","Drop","1-OGBEAN'S","1","Wed Feb 7, 2024, 6:51PM","24"
"Enes Unal","MCI/BOU","F","Claim","1-Burnley and Old Trafford","1","Wed Feb 7, 2024, 2:32PM","24"
"Matheus Franca","CRY","F","Drop","1-Burnley and Old Trafford","1","Wed Feb 7, 2024, 2:32PM","24"
"Teden Mengi","MUN/LUT","D","Claim","1-The Dentist","1","Wed Feb 7, 2024, 9:31AM","24"
"Amari'i Bell","LUT","D","Drop","1-The Dentist","1","Wed Feb 7, 2024, 9:31AM","24"
"Albert Sambi Lokonga","ARS/LUT","M","Claim","1-The Dentist","1","Wed Feb 7, 2024, 9:31AM","24"
"Alex Scott","BOU","M","Drop","1-The Dentist","1","Wed Feb 7, 2024, 9:31AM","24"
"Nicolas Dominguez","NOT","M","Claim","1-Burnley and Old Trafford","1","Tue Feb 6, 2024, 10:00PM","24"
"Justin Kluivert","BOU","M,F","Drop","1-Burnley and Old Trafford","1","Tue Feb 6, 2024, 10:00PM","24"
"David Raya","BRF/ARS","G","Claim","1-Burnley and Old Trafford","1","Tue Feb 6, 2024, 9:59PM","24"
"Alphonse Areola","WHU","G","Drop","1-Burnley and Old Trafford","1","Tue Feb 6, 2024, 9:59PM","24"
"Carlton Morris","LUT","F","Claim","1-Burnley and Old Trafford","1","Tue Feb 6, 2024, 9:59PM","24"
"Matheus Franca","CRY","F","Claim","1-Burnley and Old Trafford","1","Tue Feb 6, 2024, 9:58PM","24"
"David Datro Fofana","CHE/BUR","F","Claim","1 - The Narrative","1","Tue Feb 6, 2024, 9:58PM","24"
"Edson Alvarez","WHU","M","Claim","1 - The Narrative","1","Tue Feb 6, 2024, 9:56PM","24"
"Amari'i Bell","LUT","D","Claim","1-The Dentist","1","Tue Feb 6, 2024, 9:13PM","24"
"Lewis Cook","BOU","M","Claim","1-The Dentist","1","Tue Feb 6, 2024, 9:11PM","24"
"Joseph Gomez","LIV","D","Claim","1-Koke Vegas","2","Tue Feb 6, 2024, 9:00PM","24"
"Mark Flekken","BRF","G","Claim","1-OGBEAN'S","2","Tue Feb 6, 2024, 9:00PM","24"
"Jose Sa","WOL","G","Drop","1-OGBEAN'S","2","Tue Feb 6, 2024, 9:00PM","24"
"Vinicius de Souza Costa","SHU","M","Claim","1-Koke Vegas","1","Tue Feb 6, 2024, 9:00PM","24"
"Abdoulaye Doucoure","EVE","M","Claim","1-ComeBack Szn","1","Tue Feb 6, 2024, 9:00PM","24"
"Matty Cash","AVL","D","Drop","1-ComeBack Szn","1","Tue Feb 6, 2024, 9:00PM","24"
"Sergio Reguilon","TOT/MUN/BRF","D","Claim","1-OGBEAN'S","1","Tue Feb 6, 2024, 9:00PM","24"
"Antony","MUN","F","Drop","1-OGBEAN'S","1","Tue Feb 6, 2024, 9:00PM","24"
"Jurrien Timber","ARS","D","Claim","1-bruNO HARD FEELINGS","1","Tue Feb 6, 2024, 9:00PM","24"
"Ruben Dias","MCI","D","Drop","1-bruNO HARD FEELINGS","1","Tue Feb 6, 2024, 9:00PM","24"
"Ryan Gravenberch","LIV","M","Drop","1-The Dentist","1","Tue Feb 6, 2024, 11:47AM","24"
"Antoine Semenyo","BOU","F","Drop","1-Koke Vegas","1","Tue Feb 6, 2024, 9:03AM","24"
"Said Benrahma","WHU","M","Drop","1-rice cooker","1","Mon Feb 5, 2024, 8:45PM","24"
"Evan Ferguson","BHA","F","Drop","1-Burnley and Old Trafford","1","Mon Feb 5, 2024, 5:06PM","24"
"Lyle Foster","BUR","F","Drop","1-Burnley and Old Trafford","1","Mon Feb 5, 2024, 5:06PM","24"
"Ruben Dias","MCI","D","Claim","1-bruNO HARD FEELINGS","1","Mon Feb 5, 2024, 1:10PM","23"
"Philip Billing","BOU","M","Drop","1-john lim","1","Sun Feb 4, 2024, 11:45AM","24"
"Ryan Gravenberch","LIV","M","Claim","1-The Dentist","1","Thu Feb 1, 2024, 11:05PM","23"
"Danilo","NOT","M","Drop","1-The Dentist","1","Thu Feb 1, 2024, 11:05PM","23"
"Nelson Semedo","WOL","D","Drop","1-bruNO HARD FEELINGS","1","Sun Feb 4, 2024, 8:13AM","23"
"Illia Zabarnyi","BOU","D","Claim","1-Burnley and Old Trafford","1","Sun Feb 4, 2024, 3:01AM","23"
"Ezri Konsa","AVL","D","Drop","1-The Dentist","1","Thu Feb 1, 2024, 11:05PM","23"
"Jacob Murphy","NEW","M","Drop","1-Koke Vegas","1","Sat Feb 3, 2024, 11:52AM","24"
"Youri Tielemans","AVL","M","Claim","1-bruNO HARD FEELINGS","1","Sat Feb 3, 2024, 11:51AM","23"
"Oliver McBurnie","SHU","F","Drop","1-bruNO HARD FEELINGS","1","Sat Feb 3, 2024, 11:50AM","23"
"Dara O'Shea","BUR","D","Drop","1-Burnley and Old Trafford","1","Sat Feb 3, 2024, 9:58AM","23"
"Jacob Murphy","NEW","M","Claim","1-Koke Vegas","1","Sat Feb 3, 2024, 9:12AM","23"
"Lewis Cook","BOU","M","Drop","1-Koke Vegas","1","Sat Feb 3, 2024, 9:12AM","23"
"Tariq Lamptey","BHA","D","Claim","1-Greek Prison XI","1","Sat Feb 3, 2024, 9:08AM","23"
"Chris Wood","NOT","F","Drop","1-Greek Prison XI","1","Sat Feb 3, 2024, 9:08AM","23"
"Jack Hinshelwood","BHA","M","Claim","1-Greek Prison XI","1","Sat Feb 3, 2024, 9:07AM","23"
"Johann Gudmundsson","BUR","M","Drop","1-Greek Prison XI","1","Sat Feb 3, 2024, 9:07AM","23"
"Giovanni Reyna","NOT","M","Claim","1-Barkley’s Balls Sponsored by Baileys","1","Sat Feb 3, 2024, 9:07AM","23"
"Jordan Beyer","BUR","D","Drop","1-Barkley’s Balls Sponsored by Baileys","1","Sat Feb 3, 2024, 9:01AM","23"
"Giovanni Reyna","NOT","M","Drop","1 - The Narrative","1","Sat Feb 3, 2024, 8:15AM","23"
"Abdoulaye Doucoure","EVE","M","Drop","1 - The Narrative","1","Sat Feb 3, 2024, 8:14AM","24"
"Ashley Young","EVE","D","Claim","1-rice cooker","1","Sat Feb 3, 2024, 6:46AM","23"
"Micky van de Ven","TOT","D","Drop","1-rice cooker","1","Sat Feb 3, 2024, 6:46AM","23"
"Evan Ferguson","BHA","F","Claim","1-Burnley and Old Trafford","1","Sat Feb 3, 2024, 12:11AM","23"
"Christian Eriksen","MUN","M","Drop","1-Burnley and Old Trafford","1","Sat Feb 3, 2024, 12:11AM","23"
"Justin Kluivert","BOU","M,F","Claim","1-Burnley and Old Trafford","1","Sat Feb 3, 2024, 12:07AM","23"
"Facundo Buonanotte","BHA","M","Drop","1-Burnley and Old Trafford","1","Sat Feb 3, 2024, 12:07AM","23"
"Dara O'Shea","BUR","D","Claim","1-Burnley and Old Trafford","1","Sat Feb 3, 2024, 12:00AM","23"
"Marc Guehi","CRY","D","Drop","1-Burnley and Old Trafford","1","Sat Feb 3, 2024, 12:00AM","23"
"Danilo","NOT","M","Claim","1-The Dentist","1","Fri Feb 2, 2024, 9:01PM","23"
"Joseph Gomez","LIV","D","Drop","1-The Dentist","1","Fri Feb 2, 2024, 9:01PM","23"
"Jordan Beyer","BUR","D","Claim","1-Barkley’s Balls Sponsored by Baileys","1","Fri Feb 2, 2024, 9:00PM","23"
"Ezri Konsa","AVL","D","Claim","1-The Dentist","1","Fri Feb 2, 2024, 9:00PM","23"
"Kevin Schade","BRF","M","Claim","1-Barkley’s Balls Sponsored by Baileys","1","Fri Feb 2, 2024, 9:00PM","23"
"Martin Dubravka","NEW","G","Claim","1-Koke Vegas","6","Fri Feb 2, 2024, 9:00PM","23"
"David Raya","BRF/ARS","G","Drop","1-Koke Vegas","6","Fri Feb 2, 2024, 9:00PM","23"
"Daniel Munoz","CRY","D","Claim","1-Koke Vegas","2","Fri Feb 2, 2024, 9:00PM","23"
"Abdoulaye Doucoure","EVE","M","Claim","1 - The Narrative","4","Fri Feb 2, 2024, 9:00PM","23"
"Thiago Alcântara","LIV","M","Claim","1-Koke Vegas","1","Fri Feb 2, 2024, 9:00PM","23"
"Taiwo Awoniyi","NOT","F","Claim","1-The Dentist","1","Fri Feb 2, 2024, 9:00PM","23"
"Adam Wharton","CRY","M","Claim","1-ComeBack Szn","1","Fri Feb 2, 2024, 9:00PM","23"
"Giovanni Reyna","NOT","M","Claim","1 - The Narrative","1","Fri Feb 2, 2024, 9:00PM","23"
"Armando Broja","CHE/FUL","F","Claim","1-OGBEAN'S","1","Fri Feb 2, 2024, 9:00PM","23"
"Reece Burke","LUT","D","Drop","1-OGBEAN'S","1","Fri Feb 2, 2024, 9:00PM","23"
"Arnaut Danjuma Groeneveld","EVE","F","Drop","1-Koke Vegas","1","Fri Feb 2, 2024, 2:47PM","23"
"Kurt Zouma","WHU","D","Drop","1-Barkley’s Balls Sponsored by Baileys","1","Fri Feb 2, 2024, 10:58AM","23"
"Matheus Franca","CRY","F","Drop","1 - The Narrative","1","Fri Feb 2, 2024, 9:23AM","23"
"Neco Williams","NOT","D","Drop","1 - The Narrative","1","Fri Feb 2, 2024, 9:23AM","23"
"Andre Onana","MUN","G","Drop","1-Barkley’s Balls Sponsored by Baileys","1","Thu Feb 1, 2024, 7:33PM","23"
"Emile Smith Rowe","ARS","M","Drop","1-john lim","1","Thu Feb 1, 2024, 6:10PM","23"
"Raul Jimenez","FUL","F","Drop","1-john lim","1","Thu Feb 1, 2024, 6:10PM","23"
"Christian Eriksen","MUN","M","Claim","1-Burnley and Old Trafford","1","Thu Feb 1, 2024, 1:37PM","22"
"Lukasz Fabianski","WHU","G","Drop","1-Burnley and Old Trafford","1","Thu Feb 1, 2024, 1:33PM","22"
"Jean-Philippe Mateta","CRY","F","Drop","1-ComeBack Szn","1","Wed Jan 31, 2024, 4:04PM","23"
"Ruben Dias","MCI","D","Drop","1-The Dentist","1","Wed Jan 31, 2024, 1:58PM","22"
"Lyle Foster","BUR","F","Claim","1-Burnley and Old Trafford","1","Wed Jan 31, 2024, 1:17AM","22"
"Youri Tielemans","AVL","M","Drop","1-Koke Vegas","1","Tue Jan 30, 2024, 5:38PM","23"
"Lukasz Fabianski","WHU","G","Claim","1-Burnley and Old Trafford","1","Tue Jan 30, 2024, 4:55PM","22"
"Andre Onana","MUN","G","Claim","1-Barkley’s Balls Sponsored by Baileys","1","Tue Jan 30, 2024, 2:22PM","22"
"Youri Tielemans","AVL","M","Claim","1-Koke Vegas","1","Tue Jan 30, 2024, 2:16PM","22"
"Abdoulaye Doucoure","EVE","M","Drop","1-Koke Vegas","1","Tue Jan 30, 2024, 2:16PM","22"
"Chris Wood","NOT","F","Claim","1-Greek Prison XI","1","Tue Jan 30, 2024, 2:08PM","22"
"Issa Kabore","LUT","D","Drop","1-Greek Prison XI","1","Tue Jan 30, 2024, 2:08PM","22"
"Beto","EVE","F","Drop","1-Burnley and Old Trafford","1","Tue Jan 30, 2024, 2:01PM","22"
"Odsonne Edouard","CRY","F","Drop","1-Burnley and Old Trafford","1","Tue Jan 30, 2024, 2:01PM","22"
"Oliver McBurnie","SHU","F","Claim","1-bruNO HARD FEELINGS","1","Tue Jan 30, 2024, 2:00PM","22"
"Neal Maupay","EVE/BRF","F","Drop","1-bruNO HARD FEELINGS","1","Tue Jan 30, 2024, 2:00PM","22"
"Neal Maupay","EVE/BRF","F","Claim","1-bruNO HARD FEELINGS","1","Tue Jan 30, 2024, 1:59PM","22"
"Evan Ferguson","BHA","F","Drop","1-bruNO HARD FEELINGS","1","Tue Jan 30, 2024, 1:58PM","22"
"Neco Williams","NOT","D","Claim","1 - The Narrative","1","Tue Jan 30, 2024, 1:52PM","22"
"Amadou Onana","EVE","M","Drop","1-Barkley’s Balls Sponsored by Baileys","1","Tue Jan 30, 2024, 1:50PM","22"
"Reece Burke","LUT","D","Claim","1-OGBEAN'S","1","Tue Jan 30, 2024, 1:50PM","22"
"Sergio Reguilon","TOT/MUN/BRF","D","Drop","1-OGBEAN'S","1","Tue Jan 30, 2024, 1:50PM","22"
"Arnaut Danjuma Groeneveld","EVE","F","Claim","1-Koke Vegas","1","Tue Jan 30, 2024, 1:50PM","22"
"Neco Williams","NOT","D","Drop","1-Koke Vegas","1","Tue Jan 30, 2024, 1:50PM","22"
"Odsonne Edouard","CRY","F","Claim","1-Burnley and Old Trafford","1","Tue Jan 30, 2024, 1:48PM","22"
"Ben Godfrey","EVE","D","Claim","1-john lim","1","Tue Jan 30, 2024, 1:47PM","22"
"Emile Smith Rowe","ARS","M","Claim","1-john lim","1","Tue Jan 30, 2024, 1:46PM","22"
"Andros Townsend","EVE/LUT","M","Drop","1-john lim","1","Tue Jan 30, 2024, 1:45PM","22"
"Jack Hinshelwood","BHA","M","Drop","1-Burnley and Old Trafford","1","Tue Jan 30, 2024, 1:45PM","22"
"Ruben Dias","MCI","D","Claim","1-The Dentist","1","Tue Jan 30, 2024, 1:38PM","22"
"Harvey Elliott","LIV","M","Drop","1-The Dentist","1","Tue Jan 30, 2024, 1:37PM","22"
"Taiwo Awoniyi","NOT","F","Drop","1-The Dentist","1","Tue Jan 30, 2024, 1:34PM","22"
"Antoine Semenyo","BOU","F","Claim","1-Koke Vegas","1","Tue Jan 30, 2024, 1:33PM","22"
"Ansu Fati","BHA","F","Drop","1-Koke Vegas","1","Tue Jan 30, 2024, 1:33PM","22"
"Pau Torres","AVL","D","Drop","1-john lim","1","Tue Jan 30, 2024, 1:32PM","22"
"Neco Williams","NOT","D","Claim","1-Koke Vegas","1","Tue Jan 30, 2024, 1:32PM","22"
"Antoine Semenyo","BOU","F","Drop","1-Koke Vegas","1","Tue Jan 30, 2024, 1:32PM","22"
"Facundo Buonanotte","BHA","M","Claim","1-Burnley and Old Trafford","1","Tue Jan 30, 2024, 1:31PM","22"
"Eddie Nketiah","ARS","F","Drop","1-Burnley and Old Trafford","1","Tue Jan 30, 2024, 1:31PM","22"
"Kalvin Phillips","MCI/WHU","M","Claim","1-rice cooker","1","Mon Jan 29, 2024, 5:21PM","22"
"Harry Wilson","FUL","M","Drop","1-rice cooker","1","Mon Jan 29, 2024, 5:21PM","22"
"Antoine Semenyo","BOU","F","Claim","1-Koke Vegas","1","Sat Jan 27, 2024, 5:55PM","22"
"Valentino Livramento","NEW","D","Drop","1-Koke Vegas","1","Sat Jan 27, 2024, 5:55PM","22"
"Ansu Fati","BHA","F","Claim","1-Koke Vegas","1","Sat Jan 27, 2024, 5:50PM","22"
"James Mcatee","MCI/SHU","M","Drop","1-Koke Vegas","1","Sat Jan 27, 2024, 5:50PM","22"
"Taiwo Awoniyi","NOT","F","Claim","1-The Dentist","1","Wed Jan 24, 2024, 9:57AM","22"
"Timothy Castagne","LEI/FUL","D","Claim","1-The Dentist","1","Wed Jan 24, 2024, 9:55AM","22"
"Marc Guehi","CRY","D","Claim","1-Burnley and Old Trafford","1","Tue Jan 23, 2024, 10:54PM","22"
"Konstantinos Mavropanos","ARS/WHU","D","Drop","1-Burnley and Old Trafford","1","Tue Jan 23, 2024, 10:54PM","22"
"Sergio Reguilon","TOT/MUN/BRF","D","Claim","1-OGBEAN'S","1","Tue Jan 23, 2024, 9:47PM","22"
"Facundo Buonanotte","BHA","M","Drop","1-OGBEAN'S","1","Tue Jan 23, 2024, 9:47PM","22"
"Julio Enciso","BHA","F","Claim","1-Barkley’s Balls Sponsored by Baileys","1","Tue Jan 23, 2024, 9:00PM","22"
"David Raya","BRF/ARS","G","Claim","1-Koke Vegas","4","Tue Jan 23, 2024, 9:00PM","22"
"Dean Henderson","MUN/CRY","G","Drop","1-Koke Vegas","4","Tue Jan 23, 2024, 9:00PM","22"
"Valentino Livramento","NEW","D","Claim","1-Koke Vegas","3","Tue Jan 23, 2024, 9:00PM","22"
"Tosin Adarabioyo","FUL","D","Claim","1-The Dentist","1","Tue Jan 23, 2024, 9:00PM","22"
"James Mcatee","MCI/SHU","M","Claim","1-Koke Vegas","1","Tue Jan 23, 2024, 9:00PM","22"
"Matt Doherty","WOL","D","Drop","1-The Dentist","1","Tue Jan 23, 2024, 8:41PM","22"
"Neco Williams","NOT","D","Drop","1-Koke Vegas","1","Tue Jan 23, 2024, 8:29PM","22"
"Keane Lewis-Potter","BRF","F","Drop","1-Koke Vegas","1","Tue Jan 23, 2024, 8:29PM","22"
"Matt Doherty","WOL","D","Claim","1-The Dentist","1","Mon Jan 22, 2024, 1:46PM","21"
"Toti","WOL","D","Drop","1-The Dentist","1","Mon Jan 22, 2024, 1:46PM","21"
"Christian Eriksen","MUN","M","Drop","1-The Dentist","1","Sun Jan 21, 2024, 5:44PM","22"
"Dara O'Shea","BUR","D","Drop","1-The Dentist","1","Sun Jan 21, 2024, 5:43PM","22"
"Toti","WOL","D","Claim","1-The Dentist","1","Sun Jan 21, 2024, 1:48PM","21"
"Adam Smith","BOU","D","Drop","1 - The Narrative","1","Sun Jan 21, 2024, 10:49AM","21"
"Pablo Fornals","WHU","M","Drop","1-The Dentist","1","Thu Jan 11, 2024, 11:05PM","21"
"Ben Brereton","SHU","F","Claim","1 - The Narrative","1","Sun Jan 21, 2024, 8:28AM","21"
"Jan-Paul van Hecke","BHA","D","Claim","1-OGBEAN'S","1","Sat Jan 20, 2024, 12:25PM","21"
"Andrew Omobamidele","NOR/NOT","D","Drop","1-OGBEAN'S","1","Sat Jan 20, 2024, 12:25PM","21"
"Andrew Omobamidele","NOR/NOT","D","Claim","1-OGBEAN'S","1","Sat Jan 20, 2024, 12:10PM","21"
"Jan-Paul van Hecke","BHA","D","Drop","1-OGBEAN'S","1","Sat Jan 20, 2024, 12:10PM","21"
"Jack Hinshelwood","BHA","M","Claim","1-Burnley and Old Trafford","1","Sat Jan 20, 2024, 11:37AM","21"
"Kevin Schade","BRF","M","Drop","1-Burnley and Old Trafford","1","Sat Jan 20, 2024, 11:37AM","21"
"Murillo","NOT","D,M","Claim","1-ComeBack Szn","1","Sat Jan 20, 2024, 6:34AM","21"
"Illia Zabarnyi","BOU","D","Drop","1-ComeBack Szn","1","Sat Jan 20, 2024, 6:34AM","21"
"Kurt Zouma","WHU","D","Claim","1-Barkley’s Balls Sponsored by Baileys","1","Fri Jan 19, 2024, 10:38AM","21"
"Julio Enciso","BHA","F","Drop","1-Barkley’s Balls Sponsored by Baileys","1","Fri Jan 19, 2024, 10:38AM","21"
"Kobbie Mainoo","MUN","M","Claim","1-Greek Prison XI","1","Sun Jan 14, 2024, 10:58AM","21"
"Giovani Lo Celso","TOT","M","Drop","1-Greek Prison XI","1","Sun Jan 14, 2024, 10:58AM","21"
"Craig Dawson","WOL","D","Claim","1-rice cooker","1","Sun Jan 14, 2024, 10:40AM","21"
"Scott McTominay","MUN","M","Drop","1-rice cooker","1","Sun Jan 14, 2024, 10:40AM","21"
"Micky van de Ven","TOT","D","Claim","1-rice cooker","1","Sun Jan 14, 2024, 10:34AM","21"
"Arnaut Danjuma Groeneveld","EVE","F","Drop","1 - The Narrative","1","Sun Jan 14, 2024, 8:11AM","21"
"Arnaut Danjuma Groeneveld","EVE","F","Claim","1 - The Narrative","1","Sun Jan 14, 2024, 8:09AM","21"
"Ben Brereton","SHU","F","Drop","1 - The Narrative","1","Sun Jan 14, 2024, 8:09AM","21"
"Nathan Ake","MCI","D","Claim","1 - The Narrative","1","Sat Jan 13, 2024, 11:43AM","21"
"Toti","WOL","D","Drop","1 - The Narrative","1","Sat Jan 13, 2024, 11:43AM","21"
"Lyle Foster","BUR","F","Drop","1-Barkley’s Balls Sponsored by Baileys","1","Sat Jan 13, 2024, 10:04AM","22"
"Harry Wilson","FUL","M","Claim","1-rice cooker","1","Sat Jan 13, 2024, 7:18AM","21"
"Noni Madueke","CHE","F","Drop","1-rice cooker","1","Sat Jan 13, 2024, 7:18AM","21"
"Christian Eriksen","MUN","M","Claim","1-The Dentist","1","Fri Jan 12, 2024, 7:40PM","21"
"Taiwo Awoniyi","NOT","F","Drop","1-The Dentist","1","Fri Jan 12, 2024, 7:40PM","21"
"Pablo Fornals","WHU","M","Claim","1-The Dentist","1","Fri Jan 12, 2024, 7:39PM","21"
"Craig Dawson","WOL","D","Drop","1-The Dentist","1","Fri Jan 12, 2024, 7:39PM","21"
"Lyle Foster","BUR","F","Claim","1-Barkley’s Balls Sponsored by Baileys","1","Fri Jan 12, 2024, 2:21PM","21"
"Pierre-Emile Hojbjerg","TOT","M","Drop","1-Barkley’s Balls Sponsored by Baileys","1","Fri Jan 12, 2024, 2:21PM","21"
"Nelson Semedo","WOL","D","Claim","1-bruNO HARD FEELINGS","1","Fri Jan 12, 2024, 1:56PM","21"
"Ben Davies","TOT","D","Drop","1-bruNO HARD FEELINGS","1","Fri Jan 12, 2024, 1:55PM","21"
"Timo Werner","CHE/TOT","F","Claim","1-ComeBack Szn","1","Thu Jan 11, 2024, 9:00PM","21"
"Odsonne Edouard","CRY","F","Drop","1-ComeBack Szn","1","Thu Jan 11, 2024, 9:00PM","21"
"Ben Brereton","SHU","F","Claim","1 - The Narrative","1","Thu Jan 11, 2024, 12:38PM","21"
"James Mcatee","MCI/SHU","M","Drop","1 - The Narrative","1","Thu Jan 11, 2024, 12:38PM","21"
"Conor Bradley","LIV","D","Claim","1-rice cooker","1","Tue Jan 9, 2024, 10:26AM","21"
"Thiago Silva","CHE","D","Drop","1-rice cooker","1","Tue Jan 9, 2024, 10:26AM","21"
"Craig Dawson","WOL","D","Claim","1-The Dentist","1","Sun Jan 7, 2024, 10:31PM","21"
"Lyle Foster","BUR","F","Drop","1-The Dentist","1","Sun Jan 7, 2024, 10:27PM","21"
"Pierre-Emile Hojbjerg","TOT","M","Claim","1-Barkley’s Balls Sponsored by Baileys","1","Sun Jan 7, 2024, 11:02AM","21"
"Zeki Amdouni","BUR","F","Drop","1-Barkley’s Balls Sponsored by Baileys","1","Sun Jan 7, 2024, 11:02AM","21"
"Zeki Amdouni","BUR","F","Claim","1-Barkley’s Balls Sponsored by Baileys","1","Sun Jan 7, 2024, 10:59AM","21"
"Pierre-Emile Hojbjerg","TOT","M","Drop","1-Barkley’s Balls Sponsored by Baileys","1","Sun Jan 7, 2024, 10:59AM","21"
"Toti","WOL","D","Claim","1 - The Narrative","1","Sat Jan 6, 2024, 12:23AM","21"
"Antoine Semenyo","BOU","F","Drop","1 - The Narrative","1","Sat Jan 6, 2024, 12:21AM","21"
"Taiwo Awoniyi","NOT","F","Claim","1-The Dentist","1","Thu Jan 4, 2024, 9:29PM","21"
"Micky van de Ven","TOT","D","Drop","1-The Dentist","1","Thu Jan 4, 2024, 9:29PM","21"
"Harvey Barnes","NEW","M","Claim","1-bruNO HARD FEELINGS","1","Thu Jan 4, 2024, 9:27PM","21"
"Micky van de Ven","TOT","D","Claim","1-The Dentist","1","Thu Jan 4, 2024, 9:11PM","21"
"Chris Wood","NOT","F","Drop","1-The Dentist","1","Thu Jan 4, 2024, 9:11PM","21"
"Pierre-Emile Hojbjerg","TOT","M","Claim","1-Barkley’s Balls Sponsored by Baileys","1","Thu Jan 4, 2024, 9:11PM","21"
"James Mcatee","MCI/SHU","M","Claim","1 - The Narrative","1","Thu Jan 4, 2024, 9:07PM","21"
"Dara O'Shea","BUR","D","Claim","1-The Dentist","1","Thu Jan 4, 2024, 9:06PM","21"
"Kurt Zouma","WHU","D","Drop","1-The Dentist","1","Thu Jan 4, 2024, 9:06PM","21"
"Bernd Leno","FUL","G","Claim","1-The Dentist","1","Thu Jan 4, 2024, 9:04PM","21"
"Chiedozie Ogbene","LUT","F","Claim","1-OGBEAN'S","1","Thu Jan 4, 2024, 9:03PM","21"
"Nathan Ake","MCI","D","Drop","1-OGBEAN'S","1","Thu Jan 4, 2024, 9:03PM","21"
"Pau Torres","AVL","D","Claim","1-john lim","1","Thu Jan 4, 2024, 9:02PM","21"
"Jan-Paul van Hecke","BHA","D","Claim","1-OGBEAN'S","1","Thu Jan 4, 2024, 9:02PM","21"
"Raphael Varane","MUN","D","Drop","1-OGBEAN'S","1","Thu Jan 4, 2024, 9:02PM","21"
"Rodrigo Bentancur","TOT","M","Claim","1-john lim","1","Thu Jan 4, 2024, 9:01PM","21"
"Facundo Buonanotte","BHA","M","Claim","1-OGBEAN'S","1","Thu Jan 4, 2024, 9:01PM","21"
"Joao Gomes","WOL","M","Drop","1-OGBEAN'S","1","Thu Jan 4, 2024, 9:01PM","21"
"Matheus Franca","CRY","F","Claim","1 - The Narrative","1","Thu Jan 4, 2024, 9:00PM","21"
"Lyle Foster","BUR","F","Claim","1-The Dentist","1","Thu Jan 4, 2024, 9:00PM","21"
"Christian Eriksen","MUN","M","Drop","1-john lim","1","Wed Jan 3, 2024, 12:20PM","21"
"Dango Ouattara","BOU","F","Drop","1-bruNO HARD FEELINGS","1","Tue Jan 2, 2024, 7:31PM","21"
"Rayan Ait-Nouri","WOL","D","Drop","1-Barkley’s Balls Sponsored by Baileys","1","Tue Jan 2, 2024, 3:57PM","21"
"Christian Eriksen","MUN","M","Claim","1-john lim","1","Thu Jan 11, 2024, 11:05PM","21"
"Pau Torres","AVL","D","Drop","1-john lim","1","Thu Jan 11, 2024, 11:05PM","21"
"Rodrigo Bentancur","TOT","M","Drop","1-john lim","1","Thu Jan 11, 2024, 11:05PM","21"
"Pau Torres","AVL","D","Claim","1-john lim","1","Mon Jan 1, 2024, 11:19PM","21"
"Christian Eriksen","MUN","M","Drop","1-john lim","1","Mon Jan 1, 2024, 11:16PM","21"
"Rodrigo Bentancur","TOT","M","Claim","1-john lim","1","Mon Jan 1, 2024, 11:14PM","21"
"Kurt Zouma","WHU","D","Claim","1-The Dentist","1","Mon Jan 1, 2024, 4:01PM","20"
"Nayef Aguerd","WHU","D","Drop","1-The Dentist","1","Mon Jan 1, 2024, 4:01PM","20"
"Curtis Jones","LIV","M","Claim","1-Check Complete FC","1","Mon Jan 1, 2024, 2:01PM","20"
"Ryan Gravenberch","LIV","M","Drop","1-Check Complete FC","1","Mon Jan 1, 2024, 2:01PM","20"
"Nayef Aguerd","WHU","D","Claim","1-The Dentist","1","Mon Jan 1, 2024, 3:51AM","20"
"Pablo Fornals","WHU","M","Drop","1-The Dentist","1","Mon Jan 1, 2024, 3:51AM","20"
"Pablo Fornals","WHU","M","Claim","1-The Dentist","1","Mon Jan 1, 2024, 3:50AM","20"
"Raul Jimenez","FUL","F","Claim","1-john lim","1","Sun Dec 31, 2023, 8:34AM","20"
"Timothy Castagne","LEI/FUL","D","Drop","1-john lim","1","Sun Dec 31, 2023, 8:34AM","20"
"Timothy Castagne","LEI/FUL","D","Claim","1-john lim","1","Sun Dec 31, 2023, 8:33AM","20"
"Michael Keane","EVE","D","Drop","1-The Dentist","1","Sat Dec 30, 2023, 2:49PM","21"
"Andre Onana","MUN","G","Drop","1-The Dentist","1","Sat Dec 30, 2023, 1:46PM","21"
"Konstantinos Mavropanos","ARS/WHU","D","Claim","1-Burnley and Old Trafford","1","Sat Dec 30, 2023, 11:33AM","20"
"Murillo","NOT","D,M","Drop","1-john lim","1","Sat Dec 30, 2023, 11:31AM","20"
"Willy Boly","NOT","D","Drop","1-Burnley and Old Trafford","1","Sat Dec 30, 2023, 11:30AM","20"
"Murillo","NOT","D,M","Claim","1-john lim","1","Sat Dec 30, 2023, 11:30AM","20"
"Jordan Beyer","BUR","D","Drop","1-john lim","1","Sat Dec 30, 2023, 11:19AM","21"
"Johann Gudmundsson","BUR","M","Claim","1-Greek Prison XI","1","Sat Dec 30, 2023, 9:30AM","20"
"Youri Tielemans","AVL","M","Drop","1-Greek Prison XI","1","Sat Dec 30, 2023, 9:30AM","20"
"Keane Lewis-Potter","BRF","F","Claim","1-Koke Vegas","1","Sat Dec 30, 2023, 9:17AM","20"
"Oliver McBurnie","SHU","F","Drop","1-Koke Vegas","1","Sat Dec 30, 2023, 9:17AM","20"
"Josko Gvardiol","MCI","D","Claim","1-john lim","1","Sat Dec 30, 2023, 9:12AM","20"
"Josko Gvardiol","MCI","D","Drop","1-The Dentist","1","Sat Dec 30, 2023, 9:11AM","20"
"Jordan Beyer","BUR","D","Claim","1-john lim","1","Sat Dec 30, 2023, 9:11AM","20"
"Tyrick Mitchell","CRY","D","Drop","1-john lim","1","Sat Dec 30, 2023, 9:11AM","20"
"Tyrick Mitchell","CRY","D","Claim","1-john lim","1","Sat Dec 30, 2023, 9:08AM","20"
"André Gomes","EVE","M","Drop","1-john lim","1","Sat Dec 30, 2023, 9:07AM","20"
"Pau Torres","AVL","D","Drop","1-john lim","1","Sat Dec 30, 2023, 9:07AM","20"
"Nathan Ake","MCI","D","Claim","1-OGBEAN'S","1","Sat Dec 30, 2023, 9:05AM","20"
"Tosin Adarabioyo","FUL","D","Drop","1-OGBEAN'S","1","Sat Dec 30, 2023, 9:05AM","20"
"Michael Keane","EVE","D","Claim","1-The Dentist","1","Sat Dec 30, 2023, 9:02AM","20"
"Nathan Ake","MCI","D","Drop","1-The Dentist","1","Sat Dec 30, 2023, 9:02AM","20"
"Rayan Ait-Nouri","WOL","D","Claim","1-Barkley’s Balls Sponsored by Baileys","1","Sat Dec 30, 2023, 9:01AM","20"
"Jan-Paul van Hecke","BHA","D","Drop","1-Barkley’s Balls Sponsored by Baileys","1","Sat Dec 30, 2023, 9:01AM","20"
"Vinicius de Souza Costa","SHU","M","Drop","1-john lim","1","Fri Dec 29, 2023, 1:17PM","20"
"Matt Turner","NOT","G","Claim","1-john lim","1","Fri Dec 29, 2023, 1:15PM","20"
"Thomas Kaminski","LUT","G","Drop","1-john lim","1","Fri Dec 29, 2023, 1:15PM","20"
"Thiago Silva","CHE","D","Claim","1-rice cooker","1","Fri Dec 29, 2023, 12:36PM","20"
"Said Benrahma","WHU","M","Claim","1-rice cooker","1","Fri Dec 29, 2023, 12:35PM","20"
"Zeki Amdouni","BUR","F","Drop","1-rice cooker","1","Fri Dec 29, 2023, 12:35PM","20"
"Facundo Buonanotte","BHA","M","Drop","1-rice cooker","1","Fri Dec 29, 2023, 12:35PM","20"
"Noni Madueke","CHE","F","Claim","1-rice cooker","1","Fri Dec 29, 2023, 12:35PM","20"
"Oliver Norwood","SHU","M","Drop","1-rice cooker","1","Fri Dec 29, 2023, 12:35PM","20"
"Nathan Ake","MCI","D","Claim","1-The Dentist","1","Fri Dec 29, 2023, 8:13AM","20"
"Thiago Silva","CHE","D","Drop","1-The Dentist","1","Fri Dec 29, 2023, 8:09AM","20"
"Josko Gvardiol","MCI","D","Claim","1-The Dentist","1","Fri Dec 29, 2023, 8:09AM","20"
"Danny Welbeck","BHA","F","Drop","1-The Dentist","1","Thu Dec 28, 2023, 11:23PM","20"
"Jose Sa","WOL","G","Claim","1-OGBEAN'S","1","Thu Dec 28, 2023, 10:55PM","20"
"David Raya","BRF/ARS","G","Drop","1-OGBEAN'S","1","Thu Dec 28, 2023, 10:55PM","20"
"Gabriel Osho","LUT","D","Claim","1-john lim","1","Thu Dec 28, 2023, 9:55PM","20"
"Nelson Semedo","WOL","D","Drop","1-john lim","1","Thu Dec 28, 2023, 9:55PM","20"
"Pau Torres","AVL","D","Claim","1-john lim","1","Thu Dec 28, 2023, 9:54PM","20"
"Ian Maatsen","CHE","D","Drop","1-john lim","1","Thu Dec 28, 2023, 9:54PM","20"
"Thomas Kaminski","LUT","G","Claim","1-john lim","1","Thu Dec 28, 2023, 9:03PM","20"
"Martin Dubravka","NEW","G","Drop","1-john lim","1","Thu Dec 28, 2023, 9:03PM","20"
"Danny Welbeck","BHA","F","Claim","1-The Dentist","1","Thu Dec 28, 2023, 9:03PM","20"
"Chris Wood","NOT","F","Claim","1-The Dentist","1","Thu Dec 28, 2023, 9:02PM","20"
"Thiago Silva","CHE","D","Claim","1-The Dentist","1","Thu Dec 28, 2023, 9:02PM","20"
"Alphonse Areola","WHU","G","Claim","1-Burnley and Old Trafford","1","Thu Dec 28, 2023, 9:01PM","20"
"Bernd Leno","FUL","G","Drop","1-Burnley and Old Trafford","1","Thu Dec 28, 2023, 9:01PM","20"
"Luis Sinisterra","LEE/BOU","F","Claim","1-Burnley and Old Trafford","1","Thu Dec 28, 2023, 9:00PM","20"
"Ezri Konsa","AVL","D","Drop","1-Burnley and Old Trafford","1","Thu Dec 28, 2023, 9:00PM","20"
"Alejandro Garnacho","MUN","M","Claim","1-OGBEAN'S","1","Thu Dec 28, 2023, 9:00PM","20"
"Alex Scott","BOU","M","Claim","1-The Dentist","2","Thu Dec 28, 2023, 9:00PM","20"
"Alex Moreno","AVL","D","Claim","1-Koke Vegas","2","Thu Dec 28, 2023, 9:00PM","20"
"Axel Disasi","CHE","D","Drop","1-Koke Vegas","2","Thu Dec 28, 2023, 9:00PM","20"
"Cameron Archer","AVL/SHU","F","Drop","1-OGBEAN'S","1","Thu Dec 28, 2023, 8:57PM","20"
"Ian Maatsen","CHE","D","Claim","1-john lim","1","Wed Dec 27, 2023, 2:23PM","19"
"Saman Ghoddos","BRF","M,F","Drop","1-john lim","1","Wed Dec 27, 2023, 2:23PM","19"
"Saman Ghoddos","BRF","M,F","Claim","1-john lim","1","Wed Dec 27, 2023, 2:22PM","19"
"Nathan Ake","MCI","D","Drop","1-john lim","1","Wed Dec 27, 2023, 2:22PM","19"
"Nathan Ake","MCI","D","Claim","1-john lim","1","Wed Dec 27, 2023, 2:17PM","19"
"Josko Gvardiol","MCI","D","Drop","1-john lim","1","Wed Dec 27, 2023, 2:17PM","19"
"André Gomes","EVE","M","Claim","1-john lim","1","Wed Dec 27, 2023, 1:38PM","19"
"Facundo Buonanotte","BHA","M","Claim","1-rice cooker","1","Wed Dec 27, 2023, 9:48AM","19"
"Rayan Ait-Nouri","WOL","D","Drop","1-rice cooker","1","Wed Dec 27, 2023, 9:48AM","19"
"James Mcatee","MCI/SHU","M","Drop","1-The Dentist","1","Tue Dec 26, 2023, 8:53PM","20"
"Ryan Giles","LUT","M,F","Drop","1-The Dentist","1","Tue Dec 26, 2023, 8:51PM","20"
"Kenny Tete","FUL","D","Drop","1-The Dentist","1","Tue Dec 26, 2023, 8:49PM","20"
"George Baldock","SHU","D","Drop","1-The Dentist","1","Tue Dec 26, 2023, 8:48PM","20"
"Diego Carlos","AVL","D","Drop","1-rice cooker","1","Tue Dec 26, 2023, 2:36PM","19"
"Clement Lenglet","TOT/AVL","D","Claim","1 - The Narrative","1","Tue Dec 26, 2023, 2:08PM","19"
"Diego Carlos","AVL","D","Claim","1-rice cooker","1","Tue Dec 26, 2023, 2:03PM","19"
"Tyrick Mitchell","CRY","D","Drop","1-rice cooker","1","Tue Dec 26, 2023, 2:03PM","19"
"Raphael Varane","MUN","D","Claim","1-OGBEAN'S","1","Tue Dec 26, 2023, 2:02PM","19"
"Alex Moreno","AVL","D","Drop","1-OGBEAN'S","1","Tue Dec 26, 2023, 2:02PM","19"
"Ryan Gravenberch","LIV","M","Claim","1-Check Complete FC","1","Tue Dec 26, 2023, 11:33AM","19"
"Curtis Jones","LIV","M","Drop","1-Check Complete FC","1","Tue Dec 26, 2023, 11:33AM","19"
"Jarell Quansah","LIV","D","Claim","1-rice cooker","1","Tue Dec 26, 2023, 11:32AM","19"
"Vinicius de Souza Costa","SHU","M","Claim","1-john lim","1","Tue Dec 26, 2023, 9:27AM","19"
"Timothy Castagne","LEI/FUL","D","Drop","1-john lim","1","Tue Dec 26, 2023, 9:02AM","19"
"Oliver McBurnie","SHU","F","Claim","1-Koke Vegas","1","Tue Dec 26, 2023, 9:01AM","19"
"Chiedozie Ogbene","LUT","F","Drop","1-Koke Vegas","1","Tue Dec 26, 2023, 9:01AM","19"
"George Baldock","SHU","D","Claim","1-The Dentist","1","Tue Dec 26, 2023, 7:31AM","19"
"Jarell Quansah","LIV","D","Drop","1-The Dentist","1","Tue Dec 26, 2023, 7:31AM","19"
"Jarell Quansah","LIV","D","Claim","1-The Dentist","1","Tue Dec 26, 2023, 7:25AM","19"
"Gabriel Osho","LUT","D","Drop","1-The Dentist","1","Tue Dec 26, 2023, 7:25AM","19"
"Kenny Tete","FUL","D","Claim","1-The Dentist","1","Tue Dec 26, 2023, 7:10AM","19"
"Ruben Dias","MCI","D","Drop","1-The Dentist","1","Tue Dec 26, 2023, 7:10AM","19"
"Ruben Dias","MCI","D","Claim","1-The Dentist","1","Tue Dec 26, 2023, 7:05AM","19"
"Jamaal Lascelles","NEW","D","Drop","1-john lim","1","Tue Dec 26, 2023, 6:58AM","19"
"Chiedozie Ogbene","LUT","F","Claim","1-Koke Vegas","1","Tue Dec 26, 2023, 6:52AM","19"
"Chris Wood","NOT","F","Drop","1-Koke Vegas","1","Tue Dec 26, 2023, 6:52AM","19"
"Chris Wood","NOT","F","Claim","1-Koke Vegas","1","Tue Dec 26, 2023, 6:47AM","19"
"Valentino Livramento","NEW","D","Drop","1-The Dentist","1","Tue Dec 26, 2023, 6:45AM","19"
"Callum Hudson-Odoi","CHE/NOT","F","Drop","1-Koke Vegas","1","Tue Dec 26, 2023, 6:33AM","19"
"Callum Hudson-Odoi","CHE/NOT","F","Claim","1-Koke Vegas","1","Tue Dec 26, 2023, 6:31AM","19"
"Alejandro Garnacho","MUN","M","Drop","1-Koke Vegas","1","Tue Dec 26, 2023, 6:31AM","19"
"Eddie Nketiah","ARS","F","Claim","1-Burnley and Old Trafford","1","Tue Dec 26, 2023, 1:45AM","19"
"Murillo","NOT","D,M","Drop","1-Burnley and Old Trafford","1","Tue Dec 26, 2023, 1:45AM","19"
"Antoine Semenyo","BOU","F","Claim","1 - The Narrative","1","Mon Dec 25, 2023, 10:36PM","19"
"Oliver Norwood","SHU","M","Claim","1-rice cooker","1","Mon Dec 25, 2023, 9:12PM","19"
"Gabriel Osho","LUT","D","Claim","1-The Dentist","1","Mon Dec 25, 2023, 9:02PM","19"
"Thiago Silva","CHE","D","Drop","1-The Dentist","1","Mon Dec 25, 2023, 9:02PM","19"
"Alex Moreno","AVL","D","Claim","1-OGBEAN'S","1","Mon Dec 25, 2023, 9:02PM","19"
"Emerson Royal","TOT","D","Drop","1-OGBEAN'S","1","Mon Dec 25, 2023, 9:02PM","19"
"Jan-Paul van Hecke","BHA","D","Claim","1-Barkley’s Balls Sponsored by Baileys","1","Mon Dec 25, 2023, 9:00PM","19"
"Ryan Giles","LUT","M,F","Claim","1-The Dentist","1","Mon Dec 25, 2023, 9:00PM","19"
"Joao Gomes","WOL","M","Claim","1-OGBEAN'S","1","Mon Dec 25, 2023, 9:00PM","19"
"James Mcatee","MCI/SHU","M","Claim","1-The Dentist","1","Mon Dec 25, 2023, 9:00PM","19"
"Emerson Royal","TOT","D","Claim","1-OGBEAN'S","1","Mon Dec 25, 2023, 9:00PM","19"
"Joseph Gomez","LIV","D","Claim","1-The Dentist","1","Mon Dec 25, 2023, 9:00PM","19"
"Nathan Patterson","EVE","D","Drop","1-Barkley’s Balls Sponsored by Baileys","1","Mon Dec 25, 2023, 10:10AM","19"
"Calvin Bassey","FUL","D","Drop","1-rice cooker","1","Mon Dec 25, 2023, 8:08AM","19"
"Will Hughes","CRY","M","Drop","1-rice cooker","1","Mon Dec 25, 2023, 8:08AM","19"
"Lyle Foster","BUR","F","Drop","1 - The Narrative","1","Sun Dec 24, 2023, 9:44AM","19"
"Marc Guehi","CRY","D","Drop","1 - The Narrative","1","Sun Dec 24, 2023, 9:43AM","19"
"Edson Alvarez","WHU","M","Drop","1 - The Narrative","1","Sun Dec 24, 2023, 9:43AM","19"
"Nelson Semedo","WOL","D","Claim","1-john lim","1","Sun Dec 24, 2023, 7:54AM","18"
"Moises Caicedo","BHA/CHE","M","Claim","1-Check Complete FC","1","Sat Dec 23, 2023, 11:00PM","18"
"Konstantinos Tsimikas","LIV","D","Drop","1-The Dentist","1","Sat Dec 23, 2023, 6:32PM","19"
"Clement Lenglet","TOT/AVL","D","Drop","1-OGBEAN'S","1","Sat Dec 23, 2023, 2:37PM","19"
"Harry Wilson","FUL","M","Drop","1-The Dentist","1","Sat Dec 23, 2023, 1:34PM","19"
"Rodrigo Muniz","FUL","F","Drop","1-The Dentist","1","Sat Dec 23, 2023, 1:34PM","19"
"Jacob Bruun Larsen","BUR","F","Drop","1-OGBEAN'S","1","Sat Dec 23, 2023, 11:32AM","19"
"Eddie Nketiah","ARS","F","Drop","1 - The Narrative","1","Sat Dec 23, 2023, 11:31AM","18"
"Calvin Bassey","FUL","D","Claim","1-rice cooker","1","Sat Dec 23, 2023, 9:50AM","18"
"Jay Rodriguez","BUR","F","Drop","1-rice cooker","1","Sat Dec 23, 2023, 9:50AM","18"
"Wilson Odobert","BUR","F","Claim","1-Greek Prison XI","1","Sat Dec 23, 2023, 9:31AM","18"
"Nathan Ake","MCI","D","Drop","1-Greek Prison XI","1","Sat Dec 23, 2023, 9:31AM","18"
"Lewis Miley","NEW","M","Claim","1-Greek Prison XI","1","Sat Dec 23, 2023, 9:30AM","18"
"Saman Ghoddos","BRF","M,F","Drop","1-Greek Prison XI","1","Sat Dec 23, 2023, 9:30AM","18"
"Elijah Adebayo","LUT","F","Claim","1-rice cooker","1","Sat Dec 23, 2023, 9:29AM","18"
"Carlos Vinicius","FUL","F","Drop","1-rice cooker","1","Sat Dec 23, 2023, 9:29AM","18"
"Rodrigo Muniz","FUL","F","Claim","1-The Dentist","1","Sat Dec 23, 2023, 9:20AM","18"
"Lewis Miley","NEW","M","Drop","1-The Dentist","1","Sat Dec 23, 2023, 9:20AM","18"
"Lyle Foster","BUR","F","Claim","1 - The Narrative","1","Sat Dec 23, 2023, 9:11AM","18"
"Emerson Royal","TOT","D","Drop","1-john lim","1","Sat Dec 23, 2023, 9:09AM","18"
"Jacob Bruun Larsen","BUR","F","Claim","1-OGBEAN'S","1","Sat Dec 23, 2023, 9:08AM","18"
"Emerson Royal","TOT","D","Claim","1-john lim","1","Sat Dec 23, 2023, 9:04AM","18"
"Andros Townsend","EVE/LUT","M","Claim","1-john lim","1","Sat Dec 23, 2023, 9:03AM","18"
"Dango Ouattara","BOU","F","Claim","1-bruNO HARD FEELINGS","1","Sat Dec 23, 2023, 9:01AM","18"
"Luis Sinisterra","LEE/BOU","F","Drop","1-bruNO HARD FEELINGS","1","Sat Dec 23, 2023, 9:01AM","18"
"Kenny Tete","FUL","D","Drop","1-john lim","1","Sat Dec 23, 2023, 9:01AM","18"
"Sergio Reguilon","TOT/MUN/BRF","D","Drop","1-john lim","1","Sat Dec 23, 2023, 7:21AM","18"
"Edson Alvarez","WHU","M","Claim","1 - The Narrative","1","Sat Dec 23, 2023, 7:19AM","18"
"Raphael Varane","MUN","D","Drop","1 - The Narrative","1","Sat Dec 23, 2023, 7:18AM","18"
"Adam Smith","BOU","D","Claim","1 - The Narrative","1","Fri Dec 22, 2023, 11:25PM","18"
"Mason Mount","MUN","M","Drop","1 - The Narrative","1","Fri Dec 22, 2023, 11:23PM","18"
"Alex Moreno","AVL","D","Drop","1-OGBEAN'S","1","Fri Dec 22, 2023, 2:24PM","18"
"Rayan Ait-Nouri","WOL","D","Claim","1-rice cooker","1","Fri Dec 22, 2023, 2:07PM","18"
"Diego Carlos","AVL","D","Drop","1-rice cooker","1","Fri Dec 22, 2023, 2:07PM","18"
"Cameron Archer","AVL/SHU","F","Claim","1-OGBEAN'S","1","Fri Dec 22, 2023, 2:03PM","18"
"James Mcatee","MCI/SHU","M","Drop","1-OGBEAN'S","1","Fri Dec 22, 2023, 2:02PM","18"
"David Raya","BRF/ARS","G","Claim","1-OGBEAN'S","1","Fri Dec 22, 2023, 11:55AM","18"
"Wes Foderingham","SHU","G","Drop","1-OGBEAN'S","1","Fri Dec 22, 2023, 11:55AM","18"
"Clement Lenglet","TOT/AVL","D","Claim","1-OGBEAN'S","1","Thu Dec 21, 2023, 9:45PM","18"
"Emil Krafth","NEW","D","Drop","1-OGBEAN'S","1","Thu Dec 21, 2023, 9:45PM","18"
"Djordje Petrovic","CHE","G","Claim","1 - The Narrative","1","Thu Dec 21, 2023, 4:38PM","18"
"Ederson","MCI","G","Drop","1 - The Narrative","1","Thu Dec 21, 2023, 4:38PM","18"
"Will Hughes","CRY","M","Claim","1-rice cooker","1","Thu Dec 21, 2023, 2:40PM","18"
"Jeffrey Schlupp","CRY","M","Drop","1-rice cooker","1","Thu Dec 21, 2023, 2:40PM","18"
"Marc Guehi","CRY","D","Claim","1 - The Narrative","1","Thu Dec 21, 2023, 2:35PM","18"
"Milos Kerkez","BOU","D","Drop","1 - The Narrative","1","Thu Dec 21, 2023, 2:35PM","18"
"James Trafford","BUR","G","Claim","1-Check Complete FC","1","Thu Dec 21, 2023, 2:08PM","18"
"Daniel Bentley","WOL","G","Drop","1-Check Complete FC","1","Thu Dec 21, 2023, 2:08PM","18"
"Curtis Jones","LIV","M","Claim","1-Check Complete FC","1","Thu Dec 21, 2023, 2:03PM","18"
"Emerson","WHU","D","Claim","1-bruNO HARD FEELINGS","1","Thu Dec 21, 2023, 12:06PM","18"
"Pau Torres","AVL","D","Drop","1-bruNO HARD FEELINGS","1","Thu Dec 21, 2023, 12:06PM","18"
"Kevin Schade","BRF","M","Claim","1-Burnley and Old Trafford","1","Thu Dec 21, 2023, 11:43AM","18"
"Antoine Semenyo","BOU","F","Drop","1-Burnley and Old Trafford","1","Thu Dec 21, 2023, 11:43AM","18"
"Carlos Vinicius","FUL","F","Claim","1-rice cooker","1","Wed Dec 20, 2023, 5:54PM","18"
"Cameron Archer","AVL/SHU","F","Drop","1-rice cooker","1","Wed Dec 20, 2023, 5:54PM","18"
"Harvey Elliott","LIV","M","Claim","1-The Dentist","1","Wed Dec 20, 2023, 5:50PM","18"
"Carlos Vinicius","FUL","F","Drop","1-The Dentist","1","Wed Dec 20, 2023, 5:50PM","18"
"Dean Henderson","MUN/CRY","G","Claim","1-Koke Vegas","1","Wed Dec 20, 2023, 4:05PM","18"
"Djordje Petrovic","CHE","G","Drop","1-Koke Vegas","1","Wed Dec 20, 2023, 4:05PM","18"
"Jean-Philippe Mateta","CRY","F","Claim","1-ComeBack Szn","1","Wed Dec 20, 2023, 6:45AM","18"
"Tom Lockyer","LUT","D","Drop","1-ComeBack Szn","1","Wed Dec 20, 2023, 6:45AM","18"
"Jeffrey Schlupp","CRY","M","Claim","1-rice cooker","1","Wed Dec 20, 2023, 5:26AM","18"
"Evan Ferguson","BHA","F","Claim","1-bruNO HARD FEELINGS","1","Tue Dec 19, 2023, 9:30PM","18"
"Timothy Castagne","LEI/FUL","D","Claim","1-john lim","1","Tue Dec 19, 2023, 9:06PM","18"
"Andros Townsend","EVE/LUT","M","Drop","1-john lim","1","Tue Dec 19, 2023, 9:06PM","18"
"Diego Carlos","AVL","D","Claim","1-rice cooker","1","Tue Dec 19, 2023, 9:05PM","18"
"Ruben Dias","MCI","D","Drop","1-rice cooker","1","Tue Dec 19, 2023, 9:05PM","18"
"Andros Townsend","EVE/LUT","M","Claim","1-john lim","1","Tue Dec 19, 2023, 9:04PM","18"
"Nelson Semedo","WOL","D","Drop","1-john lim","1","Tue Dec 19, 2023, 9:04PM","18"
"Martin Dubravka","NEW","G","Claim","1-john lim","1","Tue Dec 19, 2023, 9:02PM","18"
"Kenny Tete","FUL","D","Claim","1-john lim","1","Tue Dec 19, 2023, 9:00PM","18"
"Christian Eriksen","MUN","M","Claim","1-john lim","1","Tue Dec 19, 2023, 9:00PM","18"
"Emil Krafth","NEW","D","Claim","1-OGBEAN'S","1","Tue Dec 19, 2023, 9:00PM","18"
"Sergio Reguilon","TOT/MUN/BRF","D","Claim","1-john lim","1","Tue Dec 19, 2023, 9:00PM","18"
"Carlos Vinicius","FUL","F","Claim","1-The Dentist","1","Tue Dec 19, 2023, 9:00PM","18"
"Lewis Miley","NEW","M","Claim","1-The Dentist","1","Tue Dec 19, 2023, 9:00PM","18"
"James Mcatee","MCI/SHU","M","Claim","1-OGBEAN'S","1","Tue Dec 19, 2023, 9:00PM","18"
"Andre Onana","MUN","G","Claim","1-The Dentist","1","Tue Dec 19, 2023, 9:00PM","18"
"James Trafford","BUR","G","Drop","1-The Dentist","1","Tue Dec 19, 2023, 9:00PM","18"
"Anthony Elanga","NOT","F","Claim","1-Koke Vegas","1","Tue Dec 19, 2023, 9:00PM","18"
"Mark Flekken","BRF","G","Drop","1-john lim","1","Tue Dec 19, 2023, 8:59PM","18"
"Evan Ferguson","BHA","F","Drop","1-Koke Vegas","1","Tue Dec 19, 2023, 7:12PM","18"
"Marc Cucurella","CHE","D","Drop","1-bruNO HARD FEELINGS","1","Tue Dec 19, 2023, 5:33PM","18"
"Boubacar Kamara","AVL","M","Drop","1-john lim","1","Tue Dec 19, 2023, 12:04AM","18"
"Ryan Gravenberch","LIV","M","Drop","1-The Dentist","1","Sun Dec 17, 2023, 3:09PM","18"
"Raul Jimenez","FUL","F","Drop","1-OGBEAN'S","1","Sun Dec 17, 2023, 2:43PM","18"
"Ryan Gravenberch","LIV","M","Claim","1-The Dentist","1","Sun Dec 17, 2023, 10:35AM","17"
"Joseph Gomez","LIV","D","Drop","1-The Dentist","1","Sun Dec 17, 2023, 10:35AM","17"
"Raphael Varane","MUN","D","Claim","1 - The Narrative","1","Sun Dec 17, 2023, 10:34AM","17"
"Sergio Reguilon","TOT/MUN/BRF","D","Drop","1 - The Narrative","1","Sun Dec 17, 2023, 10:34AM","17"
"Jean-Ricner Bellegarde","WOL","M","Drop","1-The Dentist","1","Thu Dec 14, 2023, 11:05PM","17"
"Jean-Ricner Bellegarde","WOL","M","Drop","1-The Dentist","1","Sun Dec 17, 2023, 8:59AM","18"
"Daniel Bentley","WOL","G","Claim","1-Check Complete FC","1","Sun Dec 17, 2023, 8:39AM","17"
"Saman Ghoddos","BRF","M,F","Claim","1-Greek Prison XI","1","Sun Dec 17, 2023, 8:28AM","17"
"David Raya","BRF/ARS","G","Drop","1-Greek Prison XI","1","Sun Dec 17, 2023, 8:28AM","17"
"Joseph Gomez","LIV","D","Claim","1-The Dentist","1","Sun Dec 17, 2023, 8:03AM","17"
"Neal Maupay","EVE/BRF","F","Drop","1-The Dentist","1","Sun Dec 17, 2023, 8:02AM","17"
"Jean-Ricner Bellegarde","WOL","M","Claim","1-The Dentist","1","Sun Dec 17, 2023, 8:01AM","17"
"Saman Ghoddos","BRF","M,F","Drop","1-The Dentist","1","Sun Dec 17, 2023, 8:01AM","17"
"Robert Sanchez","CHE","G","Drop","1-Check Complete FC","1","Thu Dec 14, 2023, 11:05PM","17"
"Ezri Konsa","AVL","D","Claim","1-Burnley and Old Trafford","1","Sat Dec 16, 2023, 11:02AM","17"
"Oliver Norwood","SHU","M","Drop","1-rice cooker","1","Sat Dec 16, 2023, 9:26AM","17"
"Ruben Dias","MCI","D","Claim","1-rice cooker","1","Sat Dec 16, 2023, 9:25AM","17"
"Jeffrey Schlupp","CRY","M","Drop","1-rice cooker","1","Sat Dec 16, 2023, 9:25AM","17"
"Nathan Ake","MCI","D","Claim","1-Greek Prison XI","1","Sat Dec 16, 2023, 9:21AM","17"
"Lewis Miley","NEW","M","Drop","1-Greek Prison XI","1","Sat Dec 16, 2023, 9:21AM","17"
"Axel Disasi","CHE","D","Claim","1-Koke Vegas","1","Sat Dec 16, 2023, 9:18AM","17"
"Matheus Nunes","WOL/MCI","M","Drop","1-Burnley and Old Trafford","1","Sat Dec 16, 2023, 9:12AM","17"
"Illia Zabarnyi","BOU","D","Claim","1-ComeBack Szn","1","Sat Dec 16, 2023, 9:10AM","17"
"Ezri Konsa","AVL","D","Drop","1-ComeBack Szn","1","Sat Dec 16, 2023, 9:10AM","17"
"Djordje Petrovic","CHE","G","Claim","1-Koke Vegas","1","Sat Dec 16, 2023, 9:03AM","17"
"Andre Onana","MUN","G","Drop","1-Koke Vegas","1","Sat Dec 16, 2023, 9:03AM","17"
"Lewis Hall","CHE/NEW","D","Drop","1-Koke Vegas","1","Sat Dec 16, 2023, 9:02AM","17"
"Kenny Tete","FUL","D","Drop","1-john lim","1","Sat Dec 16, 2023, 9:01AM","17"
"Kenny Tete","FUL","D","Claim","1-john lim","1","Fri Dec 15, 2023, 11:10PM","17"
"Yves Bissouma","TOT","M","Drop","1-OGBEAN'S","1","Fri Dec 15, 2023, 6:32PM","18"
"Cameron Archer","AVL/SHU","F","Claim","1-rice cooker","1","Fri Dec 15, 2023, 3:03PM","17"
"Anthony Martial","MUN","F","Drop","1-rice cooker","1","Fri Dec 15, 2023, 3:03PM","17"
"Mahmoud Dahoud","BHA","M","Drop","1-Check Complete FC","1","Fri Dec 15, 2023, 2:38PM","17"
"Matheus Nunes","WOL/MCI","M","Claim","1-Burnley and Old Trafford","1","Fri Dec 15, 2023, 1:37PM","17"
"Timothy Castagne","LEI/FUL","D","Drop","1-Burnley and Old Trafford","1","Fri Dec 15, 2023, 1:37PM","17"
"Pau Torres","AVL","D","Claim","1-bruNO HARD FEELINGS","1","Fri Dec 15, 2023, 1:28PM","17"
"Idrissa Gueye","EVE","M","Drop","1-bruNO HARD FEELINGS","1","Fri Dec 15, 2023, 1:28PM","17"
"Saman Ghoddos","BRF","M,F","Claim","1-The Dentist","1","Fri Dec 15, 2023, 10:48AM","17"
"Illia Zabarnyi","BOU","D","Drop","1-The Dentist","1","Fri Dec 15, 2023, 10:48AM","17"
"Neal Maupay","EVE/BRF","F","Claim","1-The Dentist","1","Fri Dec 15, 2023, 9:18AM","17"
"James Mcatee","MCI/SHU","M","Drop","1-The Dentist","1","Fri Dec 15, 2023, 9:18AM","17"
"Joel Ward","CRY","D","Drop","1-john lim","1","Wed Dec 13, 2023, 4:54PM","17"
"Dan Burn","NEW","D","Claim","1-ComeBack Szn","1","Wed Dec 13, 2023, 3:46PM","17"
"Felipe","NOT","D","Drop","1-ComeBack Szn","1","Wed Dec 13, 2023, 3:46PM","17"
"James Mcatee","MCI/SHU","M","Claim","1-The Dentist","1","Wed Dec 13, 2023, 3:06PM","17"
"Harvey Barnes","NEW","M","Drop","1-The Dentist","1","Wed Dec 13, 2023, 3:06PM","17"
"Harvey Barnes","NEW","M","Claim","1-The Dentist","1","Wed Dec 13, 2023, 2:36PM","17"
"Dan Burn","NEW","D","Drop","1-The Dentist","1","Wed Dec 13, 2023, 2:36PM","17"
"Lewis Hall","CHE/NEW","D","Claim","1-Koke Vegas","1","Wed Dec 13, 2023, 12:09AM","17"
"James Mcatee","MCI/SHU","M","Drop","1-Koke Vegas","1","Wed Dec 13, 2023, 12:09AM","17"
"Dan Burn","NEW","D","Claim","1-The Dentist","1","Wed Dec 13, 2023, 12:04AM","17"
"Neal Maupay","EVE/BRF","F","Drop","1-The Dentist","1","Wed Dec 13, 2023, 12:04AM","17"
"James Mcatee","MCI/SHU","M","Claim","1-Koke Vegas","1","Wed Dec 13, 2023, 12:00AM","17"
"Saman Ghoddos","BRF","M,F","Drop","1-Koke Vegas","1","Wed Dec 13, 2023, 12:00AM","17"
"Wes Foderingham","SHU","G","Claim","1-OGBEAN'S","1","Tue Dec 12, 2023, 10:42PM","17"
"Bart Verbruggen","BHA","G","Drop","1-OGBEAN'S","1","Tue Dec 12, 2023, 10:42PM","17"
"Sergio Reguilon","TOT/MUN/BRF","D","Claim","1 - The Narrative","1","Tue Dec 12, 2023, 9:54PM","17"
"Rayan Ait-Nouri","WOL","D","Drop","1 - The Narrative","1","Tue Dec 12, 2023, 9:54PM","17"
"Felipe","NOT","D","Claim","1-ComeBack Szn","1","Tue Dec 12, 2023, 9:02PM","17"
"Axel Disasi","CHE","D","Drop","1-ComeBack Szn","1","Tue Dec 12, 2023, 9:02PM","17"
"James Trafford","BUR","G","Claim","1-The Dentist","1","Tue Dec 12, 2023, 9:01PM","17"
"Jose Sa","WOL","G","Drop","1-The Dentist","1","Tue Dec 12, 2023, 9:01PM","17"
"Yves Bissouma","TOT","M","Claim","1-OGBEAN'S","1","Tue Dec 12, 2023, 9:01PM","17"
"Ryan Gravenberch","LIV","M","Drop","1-OGBEAN'S","1","Tue Dec 12, 2023, 9:01PM","17"
"Ezri Konsa","AVL","D","Claim","1-ComeBack Szn","1","Tue Dec 12, 2023, 9:00PM","17"
"Amadou Onana","EVE","M","Claim","1-Barkley’s Balls Sponsored by Baileys","1","Tue Dec 12, 2023, 9:00PM","17"
"Harry Wilson","FUL","M","Claim","1-The Dentist","1","Tue Dec 12, 2023, 9:00PM","17"
"Nathan Patterson","EVE","D","Claim","1-Barkley’s Balls Sponsored by Baileys","1","Tue Dec 12, 2023, 9:00PM","17"
"Alex Moreno","AVL","D","Claim","1-OGBEAN'S","1","Tue Dec 12, 2023, 9:00PM","17"
"Illia Zabarnyi","BOU","D","Claim","1-The Dentist","3","Tue Dec 12, 2023, 9:00PM","17"
"Thiago Silva","CHE","D","Claim","1-The Dentist","1","Tue Dec 12, 2023, 9:00PM","17"
"Malo Gusto","CHE","D","Claim","1-Burnley and Old Trafford","1","Tue Dec 12, 2023, 9:00PM","17"
"Jan-Paul van Hecke","BHA","D","Drop","1-Burnley and Old Trafford","1","Tue Dec 12, 2023, 9:00PM","17"
"Marcos Senesi","BOU","D","Claim","1-rice cooker","1","Tue Dec 12, 2023, 9:00PM","17"
"Ashley Young","EVE","D","Drop","1-rice cooker","1","Tue Dec 12, 2023, 9:00PM","17"
"Toti","WOL","D","Drop","1-Barkley’s Balls Sponsored by Baileys","1","Mon Dec 11, 2023, 6:40PM","17"
"Lewis Hall","CHE/NEW","D","Drop","1-The Dentist","1","Mon Dec 11, 2023, 10:33AM","17"
"Sergio Reguilon","TOT/MUN/BRF","D","Drop","1-The Dentist","1","Sun Dec 10, 2023, 1:14PM","17"
"Pablo Fornals","WHU","M","Drop","1-The Dentist","1","Sun Dec 10, 2023, 1:13PM","17"
"Jarell Quansah","LIV","D","Drop","1-OGBEAN'S","1","Sun Dec 10, 2023, 1:04PM","17"
"Johann Gudmundsson","BUR","M","Drop","1-Barkley’s Balls Sponsored by Baileys","1","Sun Dec 10, 2023, 10:59AM","17"
"Aaron Cresswell","WHU","D","Drop","1-ComeBack Szn","1","Sun Dec 10, 2023, 10:06AM","17"
"Axel Disasi","CHE","D","Claim","1-ComeBack Szn","1","Sun Dec 10, 2023, 8:58AM","16"
"Thiago Silva","CHE","D","Drop","1-ComeBack Szn","1","Sun Dec 10, 2023, 8:58AM","16"
"Pablo Fornals","WHU","M","Claim","1-The Dentist","1","Sun Dec 10, 2023, 8:47AM","16"
"Mateo Kovacic","MCI","M","Drop","1-The Dentist","1","Sun Dec 10, 2023, 8:47AM","16"
"Tosin Adarabioyo","FUL","D","Claim","1-OGBEAN'S","1","Sun Dec 10, 2023, 8:46AM","16"
"Chiedozie Ogbene","LUT","F","Drop","1-OGBEAN'S","1","Sun Dec 10, 2023, 8:46AM","16"
"Mateo Kovacic","MCI","M","Claim","1-The Dentist","1","Sun Dec 10, 2023, 8:40AM","16"
"Harry Wilson","FUL","M","Drop","1-The Dentist","1","Sun Dec 10, 2023, 8:40AM","16"
"Aaron Cresswell","WHU","D","Claim","1-ComeBack Szn","1","Sun Dec 10, 2023, 8:11AM","16"
"Emerson","WHU","D","Drop","1-ComeBack Szn","1","Sun Dec 10, 2023, 8:11AM","16"
"Benoit Badiashile","CHE","D","Claim","1-john lim","1","Sun Dec 10, 2023, 8:05AM","16"
"Pablo Fornals","WHU","M","Drop","1-john lim","1","Sun Dec 10, 2023, 8:04AM","16"
"Pablo Fornals","WHU","M","Claim","1-john lim","1","Sun Dec 10, 2023, 8:03AM","16"
"David Raya","BRF/ARS","G","Claim","1-Greek Prison XI","1","Sat Dec 9, 2023, 12:11PM","16"
"Amadou Onana","EVE","M","Drop","1-Greek Prison XI","1","Sat Dec 9, 2023, 12:11PM","16"
"Harry Wilson","FUL","M","Claim","1-The Dentist","1","Sat Dec 9, 2023, 9:59AM","16"
"Justin Kluivert","BOU","M,F","Drop","1-john lim","1","Sat Dec 9, 2023, 9:59AM","17"
"Frank Onyeka","BRF","M","Drop","1-The Dentist","1","Sat Dec 9, 2023, 9:58AM","16"
"Justin Kluivert","BOU","M,F","Claim","1-john lim","1","Sat Dec 9, 2023, 9:56AM","16"
"Frank Onyeka","BRF","M","Claim","1-The Dentist","1","Sat Dec 9, 2023, 9:55AM","16"
"James Mcatee","MCI/SHU","M","Drop","1-The Dentist","1","Sat Dec 9, 2023, 9:54AM","16"
"Ehor Yarmolyuk","BRF","M","Drop","1-john lim","1","Sat Dec 9, 2023, 9:51AM","16"
"Bart Verbruggen","BHA","G","Claim","1-OGBEAN'S","1","Sat Dec 9, 2023, 9:40AM","16"
"Wes Foderingham","SHU","G","Drop","1-OGBEAN'S","1","Sat Dec 9, 2023, 9:40AM","16"
"Milos Kerkez","BOU","D","Claim","1 - The Narrative","1","Sat Dec 9, 2023, 9:37AM","16"
"Felipe","NOT","D","Drop","1 - The Narrative","1","Sat Dec 9, 2023, 9:37AM","16"
"Anthony Martial","MUN","F","Claim","1-rice cooker","1","Sat Dec 9, 2023, 9:24AM","16"
"Divock Origi","LIV/NOT","F","Drop","1-rice cooker","1","Sat Dec 9, 2023, 9:24AM","16"
"Mahmoud Dahoud","BHA","M","Claim","1-Check Complete FC","1","Sat Dec 9, 2023, 9:12AM","16"
"James Mcatee","MCI/SHU","M","Claim","1-The Dentist","1","Sat Dec 9, 2023, 9:06AM","16"
"Neco Williams","NOT","D","Claim","1-Koke Vegas","1","Sat Dec 9, 2023, 9:00AM","16"
"Axel Disasi","CHE","D","Drop","1-Koke Vegas","1","Sat Dec 9, 2023, 9:00AM","16"
"Marc Guehi","CRY","D","Drop","1 - The Narrative","1","Sat Dec 9, 2023, 7:11AM","16"
"Joseph Gomez","LIV","D","Drop","1-The Dentist","1","Sat Dec 9, 2023, 7:01AM","16"
"Emerson","WHU","D","Claim","1-ComeBack Szn","1","Sat Dec 9, 2023, 6:35AM","16"
"Callum Hudson-Odoi","CHE/NOT","F","Drop","1-Check Complete FC","1","Sat Dec 9, 2023, 6:31AM","16"
"James Trafford","BUR","G","Drop","1-ComeBack Szn","1","Sat Dec 9, 2023, 6:31AM","16"
"Mark Flekken","BRF","G","Claim","1-john lim","1","Sat Dec 9, 2023, 1:48AM","16"
"Jarell Quansah","LIV","D","Claim","1-OGBEAN'S","1","Fri Dec 8, 2023, 11:35PM","16"
"Illia Zabarnyi","BOU","D","Drop","1-OGBEAN'S","1","Fri Dec 8, 2023, 11:35PM","16"
"Ashley Young","EVE","D","Claim","1-rice cooker","1","Fri Dec 8, 2023, 11:14PM","16"
"Said Benrahma","WHU","M","Drop","1-rice cooker","1","Fri Dec 8, 2023, 11:14PM","16"
"Emiliano Martinez","AVL","G","Claim","1-rice cooker","1","Fri Dec 8, 2023, 11:14PM","16"
"Sam Johnstone","CRY","G","Drop","1-rice cooker","1","Fri Dec 8, 2023, 11:14PM","16"
"Axel Disasi","CHE","D","Claim","1-Koke Vegas","1","Fri Dec 8, 2023, 10:48PM","16"
"David Raya","BRF/ARS","G","Drop","1-Koke Vegas","1","Fri Dec 8, 2023, 10:48PM","16"
"David Raya","BRF/ARS","G","Claim","1-Koke Vegas","1","Fri Dec 8, 2023, 10:40PM","16"
"Dara O'Shea","BUR","D","Drop","1-Koke Vegas","1","Fri Dec 8, 2023, 10:40PM","16"
"Neal Maupay","EVE/BRF","F","Claim","1-The Dentist","1","Fri Dec 8, 2023, 9:46PM","16"
"James Mcatee","MCI/SHU","M","Drop","1-The Dentist","1","Fri Dec 8, 2023, 9:46PM","16"
"Jose Sa","WOL","G","Claim","1-The Dentist","1","Fri Dec 8, 2023, 9:31PM","16"
"Mark Flekken","BRF","G","Drop","1-The Dentist","1","Fri Dec 8, 2023, 9:31PM","16"
"Raul Jimenez","FUL","F","Claim","1-OGBEAN'S","1","Fri Dec 8, 2023, 9:04PM","16"
"Anthony Elanga","NOT","F","Drop","1-OGBEAN'S","1","Fri Dec 8, 2023, 9:04PM","16"
"Jan-Paul van Hecke","BHA","D","Claim","1-Burnley and Old Trafford","1","Fri Dec 8, 2023, 9:03PM","16"
"Edson Alvarez","WHU","M","Drop","1-Burnley and Old Trafford","1","Fri Dec 8, 2023, 9:03PM","16"
"Felipe","NOT","D","Claim","1 - The Narrative","1","Fri Dec 8, 2023, 9:03PM","16"
"Ederson","MCI","G","Claim","1 - The Narrative","1","Fri Dec 8, 2023, 9:02PM","16"
"Daniel Bentley","WOL","G","Drop","1 - The Narrative","1","Fri Dec 8, 2023, 9:02PM","16"
"Wes Foderingham","SHU","G","Claim","1-OGBEAN'S","1","Fri Dec 8, 2023, 9:02PM","16"
"Lukasz Fabianski","WHU","G","Drop","1-OGBEAN'S","1","Fri Dec 8, 2023, 9:02PM","16"
"James Mcatee","MCI/SHU","M","Claim","1-The Dentist","1","Fri Dec 8, 2023, 9:01PM","16"
"Toti","WOL","D","Claim","1-Barkley’s Balls Sponsored by Baileys","1","Fri Dec 8, 2023, 9:01PM","16"
"Chris Richards","CRY","D","Drop","1-Barkley’s Balls Sponsored by Baileys","1","Fri Dec 8, 2023, 9:01PM","16"
"Chiedozie Ogbene","LUT","F","Claim","1-OGBEAN'S","1","Fri Dec 8, 2023, 9:01PM","16"
"Mark Flekken","BRF","G","Claim","1-The Dentist","1","Fri Dec 8, 2023, 9:01PM","16"
"Martin Dubravka","NEW","G","Drop","1-The Dentist","1","Fri Dec 8, 2023, 9:01PM","16"
"Antony","MUN","F","Claim","1-OGBEAN'S","1","Fri Dec 8, 2023, 9:01PM","16"
"Sergio Reguilon","TOT/MUN/BRF","D","Claim","1-The Dentist","1","Fri Dec 8, 2023, 9:01PM","16"
"Saman Ghoddos","BRF","M,F","Claim","1-Koke Vegas","2","Fri Dec 8, 2023, 9:00PM","16"
"Alejandro Garnacho","MUN","M","Claim","1-Koke Vegas","1","Fri Dec 8, 2023, 9:00PM","16"
"Victor Lindelof","MUN","D","Drop","1-OGBEAN'S","1","Fri Dec 8, 2023, 12:36PM","16"
"David Raya","BRF/ARS","G","Drop","1-john lim","1","Fri Dec 8, 2023, 10:08AM","16"
"Felipe","NOT","D","Drop","1-The Dentist","1","Thu Dec 7, 2023, 8:32PM","16"
"Takehiro Tomiyasu","ARS","D","Drop","1-Koke Vegas","1","Thu Dec 7, 2023, 5:16PM","16"
"Wataru Endo","LIV","M","Drop","1-Koke Vegas","1","Thu Dec 7, 2023, 5:16PM","16"
"Lukasz Fabianski","WHU","G","Claim","1-OGBEAN'S","1","Thu Dec 7, 2023, 2:48PM","15"
"Alphonse Areola","WHU","G","Drop","1-OGBEAN'S","1","Thu Dec 7, 2023, 2:48PM","15"
"Ben Davies","TOT","D","Claim","1-bruNO HARD FEELINGS","1","Thu Dec 7, 2023, 2:15PM","15"
"Ashley Young","EVE","D","Drop","1-bruNO HARD FEELINGS","1","Thu Dec 7, 2023, 2:15PM","15"
"Ashley Young","EVE","D","Claim","1-bruNO HARD FEELINGS","1","Thu Dec 7, 2023, 2:12PM","15"
"Harvey Barnes","NEW","M","Drop","1-bruNO HARD FEELINGS","1","Thu Dec 7, 2023, 2:12PM","15"
"Facundo Buonanotte","BHA","M","Drop","1-john lim","1","Wed Dec 6, 2023, 5:14PM","16"
"Alejandro Garnacho","MUN","M","Drop","1-The Dentist","1","Wed Dec 6, 2023, 4:00PM","16"
"Edson Alvarez","WHU","M","Claim","1-Burnley and Old Trafford","1","Wed Dec 6, 2023, 2:57PM","15"
"Ian Maatsen","CHE","D","Drop","1-Burnley and Old Trafford","1","Wed Dec 6, 2023, 2:57PM","15"
"Wataru Endo","LIV","M","Claim","1-Koke Vegas","1","Wed Dec 6, 2023, 2:21PM","15"
"Benoit Badiashile","CHE","D","Drop","1-Koke Vegas","1","Wed Dec 6, 2023, 2:21PM","15"
"Divock Origi","LIV/NOT","F","Claim","1-rice cooker","1","Wed Dec 6, 2023, 2:18PM","15"
"Cameron Archer","AVL/SHU","F","Drop","1-rice cooker","1","Wed Dec 6, 2023, 2:18PM","15"
"Tom Cairney","FUL","M","Claim","1-Barkley’s Balls Sponsored by Baileys","1","Wed Dec 6, 2023, 1:59PM","15"
"Joe Willock","NEW","M","Drop","1-Barkley’s Balls Sponsored by Baileys","1","Wed Dec 6, 2023, 1:59PM","15"
"Ian Maatsen","CHE","D","Claim","1-Burnley and Old Trafford","1","Wed Dec 6, 2023, 1:55PM","15"
"Jeffrey Schlupp","CRY","M","Claim","1-rice cooker","1","Wed Dec 6, 2023, 1:53PM","15"
"Chris Wood","NOT","F","Drop","1-rice cooker","1","Wed Dec 6, 2023, 1:53PM","15"
"Harry Wilson","FUL","M","Drop","1-Check Complete FC","1","Wed Dec 6, 2023, 1:38PM","15"
"Facundo Buonanotte","BHA","M","Claim","1-john lim","1","Wed Dec 6, 2023, 1:34PM","15"
"Callum Hudson-Odoi","CHE/NOT","F","Claim","1-Check Complete FC","1","Wed Dec 6, 2023, 1:34PM","15"
"Curtis Jones","LIV","M","Drop","1-Check Complete FC","1","Wed Dec 6, 2023, 1:34PM","15"
"Kenny Tete","FUL","D","Drop","1-Burnley and Old Trafford","1","Wed Dec 6, 2023, 1:32PM","15"
"Illia Zabarnyi","BOU","D","Claim","1-OGBEAN'S","1","Wed Dec 6, 2023, 1:31PM","15"
"Timothy Castagne","LEI/FUL","D","Claim","1-Burnley and Old Trafford","1","Wed Dec 6, 2023, 1:31PM","15"
"Serge Aurier","NOT","D","Drop","1-Burnley and Old Trafford","1","Wed Dec 6, 2023, 1:31PM","15"
"Luca Koleosho","BUR","F","Drop","1 - The Narrative","1","Tue Dec 5, 2023, 6:24PM","16"
"Robert Sanchez","CHE","G","Claim","1-Check Complete FC","1","Tue Dec 5, 2023, 4:25PM","15"
"Jose Sa","WOL","G","Drop","1-Check Complete FC","1","Mon Dec 4, 2023, 11:05PM","15"
"Carlton Morris","LUT","F","Drop","1-john lim","1","Tue Dec 5, 2023, 2:31PM","15"
"Chiedozie Ogbene","LUT","F","Drop","1-OGBEAN'S","1","Tue Dec 5, 2023, 2:30PM","15"
"Chris Richards","CRY","D","Claim","1-Barkley’s Balls Sponsored by Baileys","1","Tue Dec 5, 2023, 1:55PM","15"
"Sander Berge","BUR","M","Drop","1-Barkley’s Balls Sponsored by Baileys","1","Tue Dec 5, 2023, 1:55PM","15"
"Daniel Bentley","WOL","G","Claim","1 - The Narrative","1","Tue Dec 5, 2023, 1:35PM","15"
"Mark Flekken","BRF","G","Drop","1 - The Narrative","1","Tue Dec 5, 2023, 1:35PM","15"
"Matt Doherty","WOL","D","Drop","1-OGBEAN'S","1","Tue Dec 5, 2023, 1:33PM","15"
"Pablo Sarabia","WOL","M","Claim","1-Burnley and Old Trafford","1","Tue Dec 5, 2023, 1:32PM","15"
"Jean-Ricner Bellegarde","WOL","M","Drop","1-Burnley and Old Trafford","1","Tue Dec 5, 2023, 1:32PM","15"
"Curtis Jones","LIV","M","Claim","1-Check Complete FC","1","Tue Dec 5, 2023, 12:33PM","15"
"Harry Wilson","FUL","M","Claim","1-Check Complete FC","1","Tue Dec 5, 2023, 12:32PM","15"
"Tariq Lamptey","BHA","D","Drop","1-Check Complete FC","1","Tue Dec 5, 2023, 12:32PM","15"
"Matt Doherty","WOL","D","Claim","1-OGBEAN'S","1","Tue Dec 5, 2023, 11:02AM","15"
"Calvin Bassey","FUL","D","Drop","1-OGBEAN'S","1","Tue Dec 5, 2023, 11:02AM","15"
"Idrissa Gueye","EVE","M","Claim","1-bruNO HARD FEELINGS","1","Tue Dec 5, 2023, 9:40AM","15"
"Marc Guehi","CRY","D","Claim","1 - The Narrative","1","Mon Dec 4, 2023, 9:45PM","15"
"Pau Torres","AVL","D","Drop","1 - The Narrative","1","Mon Dec 4, 2023, 9:45PM","15"
"Chris Wood","NOT","F","Claim","1-rice cooker","1","Mon Dec 4, 2023, 9:45PM","15"
"Manor Solomon","TOT","F","Drop","1-rice cooker","1","Mon Dec 4, 2023, 9:45PM","15"
"Zeki Amdouni","BUR","F","Claim","1-rice cooker","1","Mon Dec 4, 2023, 9:38PM","15"
"Nick Pope","NEW","G","Drop","1-rice cooker","1","Mon Dec 4, 2023, 9:38PM","15"
"Sam Johnstone","CRY","G","Claim","1-rice cooker","1","Mon Dec 4, 2023, 9:32PM","15"
"Antony","MUN","F","Drop","1-rice cooker","1","Mon Dec 4, 2023, 9:32PM","15"
"James Trafford","BUR","G","Claim","1-ComeBack Szn","1","Mon Dec 4, 2023, 9:21PM","15"
"Kenny Tete","FUL","D","Claim","1-Burnley and Old Trafford","1","Mon Dec 4, 2023, 9:09PM","15"
"Justin Kluivert","BOU","M,F","Drop","1-Burnley and Old Trafford","1","Mon Dec 4, 2023, 9:09PM","15"
"Rayan Ait-Nouri","WOL","D","Claim","1 - The Narrative","1","Mon Dec 4, 2023, 9:04PM","15"
"Nelson Semedo","WOL","D","Claim","1-john lim","1","Mon Dec 4, 2023, 9:01PM","15"
"Johann Gudmundsson","BUR","M","Claim","1-Barkley’s Balls Sponsored by Baileys","1","Mon Dec 4, 2023, 9:01PM","15"
"Kai Havertz","ARS","F","Claim","1-john lim","1","Mon Dec 4, 2023, 9:01PM","15"
"Joseph Gomez","LIV","D","Claim","1-The Dentist","1","Mon Dec 4, 2023, 9:01PM","15"
"Neal Maupay","EVE/BRF","F","Drop","1-The Dentist","1","Mon Dec 4, 2023, 9:01PM","15"
"Ibrahima Konate","LIV","D","Claim","1-The Dentist","3","Mon Dec 4, 2023, 9:00PM","15"
"Serge Aurier","NOT","D","Claim","1-Burnley and Old Trafford","2","Mon Dec 4, 2023, 9:00PM","15"
"Felipe","NOT","D","Claim","1-The Dentist","2","Mon Dec 4, 2023, 9:00PM","15"
"Bernd Leno","FUL","G","Claim","1-Burnley and Old Trafford","1","Mon Dec 4, 2023, 9:00PM","15"
"Ederson","MCI","G","Drop","1-Burnley and Old Trafford","1","Mon Dec 4, 2023, 9:00PM","15"
"Martin Dubravka","NEW","G","Claim","1-The Dentist","1","Mon Dec 4, 2023, 9:00PM","15"
"Caoimhin Kelleher","LIV","G","Drop","1-The Dentist","1","Mon Dec 4, 2023, 9:00PM","15"
"Matheus Nunes","WOL/MCI","M","Drop","1 - The Narrative","1","Mon Dec 4, 2023, 5:37PM","15"
"Oliver McBurnie","SHU","F","Drop","1-john lim","1","Mon Dec 4, 2023, 3:07PM","15"
"Ansu Fati","BHA","F","Drop","1-john lim","1","Mon Dec 4, 2023, 12:16PM","15"
"Kobbie Mainoo","MUN","M","Drop","1-Burnley and Old Trafford","1","Mon Dec 4, 2023, 11:41AM","15"
"Frank Onyeka","BRF","M","Drop","1-The Dentist","1","Sun Dec 3, 2023, 11:58AM","15"
"Joel Matip","LIV","D","Drop","1-The Dentist","1","Sun Dec 3, 2023, 11:57AM","15"
"Calvin Bassey","FUL","D","Claim","1-OGBEAN'S","1","Sun Dec 3, 2023, 8:46AM","14"
"Timothy Castagne","LEI/FUL","D","Drop","1-OGBEAN'S","1","Sun Dec 3, 2023, 8:46AM","14"
"Ryan Christie","BOU","M","Claim","1 - The Narrative","1","Sun Dec 3, 2023, 8:14AM","14"
"Pau Torres","AVL","D","Claim","1 - The Narrative","1","Sun Dec 3, 2023, 8:13AM","14"
"Kurt Zouma","WHU","D","Drop","1 - The Narrative","1","Sun Dec 3, 2023, 8:13AM","14"
"Lewis Miley","NEW","M","Claim","1-Greek Prison XI","1","Sat Dec 2, 2023, 2:25PM","14"
"Edson Alvarez","WHU","M","Drop","1-Greek Prison XI","1","Sat Dec 2, 2023, 2:25PM","14"
"Wes Foderingham","SHU","G","Drop","1-ComeBack Szn","1","Sat Dec 2, 2023, 12:11PM","15"
"Ederson","MCI","G","Claim","1-Burnley and Old Trafford","1","Sat Dec 2, 2023, 12:05PM","14"
"Bernd Leno","FUL","G","Drop","1-Burnley and Old Trafford","1","Sat Dec 2, 2023, 12:05PM","14"
"Neto","BOU","G","Claim","1-Barkley’s Balls Sponsored by Baileys","1","Sat Dec 2, 2023, 11:50AM","14"
"Matt Turner","NOT","G","Drop","1-Barkley’s Balls Sponsored by Baileys","1","Sat Dec 2, 2023, 11:50AM","14"
"Justin Kluivert","BOU","M,F","Claim","1-Burnley and Old Trafford","1","Sat Dec 2, 2023, 11:36AM","14"
"Axel Disasi","CHE","D","Drop","1-Burnley and Old Trafford","1","Sat Dec 2, 2023, 11:36AM","14"
"George Baldock","SHU","D","Drop","1-Barkley’s Balls Sponsored by Baileys","1","Sat Dec 2, 2023, 10:31AM","15"
"Kristoffer Ajer","BRF","D","Drop","1 - The Narrative","1","Thu Nov 30, 2023, 11:05PM","14"
"Ehor Yarmolyuk","BRF","M","Claim","1-john lim","1","Sat Dec 2, 2023, 9:40AM","14"
"Kai Havertz","ARS","F","Drop","1-bruNO HARD FEELINGS","1","Sat Dec 2, 2023, 9:26AM","14"
"Kristoffer Ajer","BRF","D","Claim","1 - The Narrative","1","Sat Dec 2, 2023, 9:25AM","14"
"Pierre-Emile Hojbjerg","TOT","M","Drop","1 - The Narrative","1","Sat Dec 2, 2023, 9:25AM","14"
"Frank Onyeka","BRF","M","Claim","1-The Dentist","1","Sat Dec 2, 2023, 9:09AM","14"
"Johann Gudmundsson","BUR","M","Drop","1-The Dentist","1","Sat Dec 2, 2023, 9:08AM","14"
"Vitaly Janelt","BRF","M","Claim","1-Check Complete FC","1","Sat Dec 2, 2023, 8:58AM","14"
"Jorginho","ARS","M","Drop","1-Check Complete FC","1","Sat Dec 2, 2023, 8:42AM","14"
"Christian Eriksen","MUN","M","Drop","1-Check Complete FC","1","Sat Dec 2, 2023, 8:41AM","14"
"Wes Foderingham","SHU","G","Claim","1-ComeBack Szn","1","Sat Dec 2, 2023, 6:22AM","14"
"Anthony Martial","MUN","F","Drop","1-ComeBack Szn","1","Sat Dec 2, 2023, 6:22AM","14"
"Axel Disasi","CHE","D","Claim","1-Burnley and Old Trafford","1","Fri Dec 1, 2023, 10:30AM","14"
"Malo Gusto","CHE","D","Drop","1-Burnley and Old Trafford","1","Fri Dec 1, 2023, 10:30AM","14"
"Neal Maupay","EVE/BRF","F","Claim","1-The Dentist","1","Fri Dec 1, 2023, 10:20AM","14"
"Ibrahima Konate","LIV","D","Drop","1-The Dentist","1","Fri Dec 1, 2023, 10:19AM","14"
"Odsonne Edouard","CRY","F","Claim","1-ComeBack Szn","1","Thu Nov 30, 2023, 11:07PM","14"
"Danny Ings","WHU","F","Drop","1-ComeBack Szn","1","Thu Nov 30, 2023, 11:07PM","14"
"Ibrahima Konate","LIV","D","Claim","1-The Dentist","1","Thu Nov 30, 2023, 4:31PM","14"
"Ryan Christie","BOU","M","Drop","1-The Dentist","1","Thu Nov 30, 2023, 4:31PM","14"
"Malo Gusto","CHE","D","Claim","1-Burnley and Old Trafford","1","Thu Nov 30, 2023, 1:55PM","14"
"Alex Moreno","AVL","D","Drop","1-Burnley and Old Trafford","1","Thu Nov 30, 2023, 1:55PM","14"
"Jay Rodriguez","BUR","F","Claim","1-rice cooker","1","Thu Nov 30, 2023, 7:25AM","14"
"Lyle Foster","BUR","F","Drop","1-rice cooker","1","Thu Nov 30, 2023, 7:25AM","14"
"Manor Solomon","TOT","F","Claim","1-rice cooker","1","Wed Nov 29, 2023, 11:21AM","14"
"Taiwo Awoniyi","NOT","F","Drop","1-rice cooker","1","Wed Nov 29, 2023, 11:21AM","14"
"Joel Matip","LIV","D","Claim","1-The Dentist","1","Tue Nov 28, 2023, 11:15PM","14"
"Marc Guehi","CRY","D","Drop","1-The Dentist","1","Tue Nov 28, 2023, 11:15PM","14"
"Timothy Castagne","LEI/FUL","D","Claim","1-OGBEAN'S","1","Tue Nov 28, 2023, 10:29PM","14"
"Toti","WOL","D","Drop","1-OGBEAN'S","1","Tue Nov 28, 2023, 10:28PM","14"
"Caoimhin Kelleher","LIV","G","Claim","1-The Dentist","1","Tue Nov 28, 2023, 9:29PM","14"
"Neto","BOU","G","Drop","1-The Dentist","1","Tue Nov 28, 2023, 9:29PM","14"
"Mark Flekken","BRF","G","Claim","1 - The Narrative","1","Tue Nov 28, 2023, 9:25PM","14"
"Wes Foderingham","SHU","G","Drop","1 - The Narrative","1","Tue Nov 28, 2023, 9:25PM","14"
"Luca Koleosho","BUR","F","Claim","1 - The Narrative","1","Tue Nov 28, 2023, 9:24PM","14"
"Sergio Reguilon","TOT/MUN/BRF","D","Drop","1 - The Narrative","1","Tue Nov 28, 2023, 9:24PM","14"
"Anthony Martial","MUN","F","Claim","1-ComeBack Szn","1","Tue Nov 28, 2023, 9:04PM","14"
"Solly March","BHA","M","Drop","1-ComeBack Szn","1","Tue Nov 28, 2023, 9:04PM","14"
"George Baldock","SHU","D","Claim","1-Barkley’s Balls Sponsored by Baileys","1","Tue Nov 28, 2023, 9:02PM","14"
"Sander Berge","BUR","M","Claim","1-Barkley’s Balls Sponsored by Baileys","1","Tue Nov 28, 2023, 9:01PM","14"
"Matt Turner","NOT","G","Claim","1-Barkley’s Balls Sponsored by Baileys","1","Tue Nov 28, 2023, 9:00PM","14"
"Kobbie Mainoo","MUN","M","Claim","1-Burnley and Old Trafford","2","Tue Nov 28, 2023, 9:00PM","14"
"Illia Zabarnyi","BOU","D","Drop","1-Burnley and Old Trafford","2","Tue Nov 28, 2023, 9:00PM","14"
"Willy Boly","NOT","D","Claim","1-Burnley and Old Trafford","1","Tue Nov 28, 2023, 9:00PM","14"
"Alejandro Garnacho","MUN","M","Claim","1-The Dentist","2","Tue Nov 28, 2023, 9:00PM","14"
"Joao Pedro","BHA","F","Claim","1-Barkley’s Balls Sponsored by Baileys","1","Tue Nov 28, 2023, 9:00PM","14"
"Odsonne Edouard","CRY","F","Drop","1-Barkley’s Balls Sponsored by Baileys","1","Tue Nov 28, 2023, 9:00PM","14"
"Aaron Ramsdale","ARS","G","Drop","1-john lim","1","Mon Nov 27, 2023, 6:21PM","14"
"Rayan Ait-Nouri","WOL","D","Drop","1-The Dentist","1","Mon Nov 27, 2023, 3:20PM","14"
"Jean-Ricner Bellegarde","WOL","M","Claim","1-Burnley and Old Trafford","1","Mon Nov 27, 2023, 2:20PM","13"
"Kenny Tete","FUL","D","Drop","1-Burnley and Old Trafford","1","Mon Nov 27, 2023, 2:20PM","13"
"Cheick Doucoure","CRY","M","Drop","1-Barkley’s Balls Sponsored by Baileys","1","Mon Nov 27, 2023, 8:09AM","14"
"Giovani Lo Celso","TOT","M","Claim","1-Greek Prison XI","1","Sun Nov 26, 2023, 8:36AM","13"
"Carlos Vinicius","FUL","F","Drop","1-Greek Prison XI","1","Sun Nov 26, 2023, 8:36AM","13"
"Sam Johnstone","CRY","G","Drop","1-Barkley’s Balls Sponsored by Baileys","1","Sat Nov 25, 2023, 11:53AM","14"
"Andros Townsend","EVE/LUT","M","Drop","1-Barkley’s Balls Sponsored by Baileys","1","Sat Nov 25, 2023, 11:49AM","14"
"Aaron Ramsdale","ARS","G","Claim","1-john lim","1","Sat Nov 25, 2023, 11:32AM","13"
"Neal Maupay","EVE/BRF","F","Drop","1-john lim","1","Sat Nov 25, 2023, 11:31AM","13"
"Joel Ward","CRY","D","Claim","1-john lim","1","Sat Nov 25, 2023, 9:51AM","13"
"Toti","WOL","D","Claim","1-OGBEAN'S","1","Sat Nov 25, 2023, 9:40AM","13"
"Joel Ward","CRY","D","Drop","1-OGBEAN'S","1","Sat Nov 25, 2023, 9:40AM","13"
"Jean-Ricner Bellegarde","WOL","M","Drop","1-Burnley and Old Trafford","1","Sat Nov 25, 2023, 9:38AM","13"
"Joel Ward","CRY","D","Claim","1-OGBEAN'S","1","Sat Nov 25, 2023, 9:31AM","13"
"Jordan Beyer","BUR","D","Drop","1-OGBEAN'S","1","Sat Nov 25, 2023, 9:31AM","13"
"Jordan Beyer","BUR","D","Claim","1-OGBEAN'S","1","Sat Nov 25, 2023, 9:12AM","13"
"Nayef Aguerd","WHU","D","Drop","1-OGBEAN'S","1","Sat Nov 25, 2023, 9:12AM","13"
"Kurt Zouma","WHU","D","Claim","1 - The Narrative","1","Sat Nov 25, 2023, 9:11AM","13"
"Alejandro Garnacho","MUN","M","Drop","1 - The Narrative","1","Sat Nov 25, 2023, 9:11AM","13"
"Nayef Aguerd","WHU","D","Claim","1-OGBEAN'S","1","Sat Nov 25, 2023, 9:11AM","13"
"Willy Boly","NOT","D","Drop","1-OGBEAN'S","1","Sat Nov 25, 2023, 9:11AM","13"
"Joe Willock","NEW","M","Claim","1-Barkley’s Balls Sponsored by Baileys","1","Sat Nov 25, 2023, 9:11AM","13"
"Benoit Badiashile","CHE","D","Claim","1-Koke Vegas","1","Sat Nov 25, 2023, 9:05AM","13"
"Joao Pedro","BHA","F","Drop","1-Koke Vegas","1","Sat Nov 25, 2023, 9:05AM","13"
"Danny Ings","WHU","F","Claim","1-ComeBack Szn","1","Sat Nov 25, 2023, 9:04AM","13"
"Matheus Franca","CRY","F","Drop","1-ComeBack Szn","1","Sat Nov 25, 2023, 9:04AM","13"
"Emerson","WHU","D","Drop","1-Barkley’s Balls Sponsored by Baileys","1","Sat Nov 25, 2023, 9:04AM","13"
"Johann Gudmundsson","BUR","M","Claim","1-The Dentist","1","Sat Nov 25, 2023, 9:00AM","13"
"Rodrigo Bentancur","TOT","M","Drop","1-The Dentist","1","Sat Nov 25, 2023, 9:00AM","13"
"Rodrigo Bentancur","TOT","M","Claim","1-The Dentist","1","Sat Nov 25, 2023, 8:42AM","13"
"Joe Willock","NEW","M","Drop","1-The Dentist","1","Sat Nov 25, 2023, 8:42AM","13"
"Nathan Ake","MCI","D","Drop","1-john lim","1","Sat Nov 25, 2023, 1:02AM","13"
"Illia Zabarnyi","BOU","D","Claim","1-Burnley and Old Trafford","1","Tue Nov 21, 2023, 12:12PM","13"
"Toti","WOL","D","Drop","1-Burnley and Old Trafford","1","Tue Nov 21, 2023, 12:12PM","13"
"Wes Foderingham","SHU","G","Claim","1 - The Narrative","1","Wed Nov 15, 2023, 10:27PM","13"
"Ederson","MCI","G","Drop","1 - The Narrative","1","Wed Nov 15, 2023, 10:27PM","13"
"Andros Townsend","EVE/LUT","M","Claim","1-Barkley’s Balls Sponsored by Baileys","1","Wed Nov 15, 2023, 2:55PM","13"
"Toti","WOL","D","Claim","1-Burnley and Old Trafford","1","Wed Nov 15, 2023, 2:38PM","13"
"Nicolas Dominguez","NOT","M","Drop","1-Burnley and Old Trafford","1","Wed Nov 15, 2023, 2:38PM","13"
"Rayan Ait-Nouri","WOL","D","Claim","1-The Dentist","1","Wed Nov 15, 2023, 10:18AM","13"
"Pablo Sarabia","WOL","M","Drop","1-The Dentist","1","Wed Nov 15, 2023, 10:17AM","13"
"Joe Willock","NEW","M","Claim","1-The Dentist","1","Wed Nov 15, 2023, 10:17AM","13"
"Rayan Ait-Nouri","WOL","D","Drop","1-The Dentist","1","Wed Nov 15, 2023, 10:17AM","13"
"Lewis Cook","BOU","M","Claim","1-Koke Vegas","1","Tue Nov 14, 2023, 11:06PM","13"
"Raphael Varane","MUN","D","Drop","1-Koke Vegas","1","Tue Nov 14, 2023, 11:06PM","13"
"Raphael Varane","MUN","D","Claim","1-Koke Vegas","1","Tue Nov 14, 2023, 10:59PM","13"
"Yves Bissouma","TOT","M","Drop","1-Koke Vegas","1","Tue Nov 14, 2023, 10:59PM","13"
"Dara O'Shea","BUR","D","Claim","1-Koke Vegas","1","Tue Nov 14, 2023, 10:50PM","13"
"Joel Matip","LIV","D","Drop","1-Koke Vegas","1","Tue Nov 14, 2023, 10:50PM","13"
"Antony","MUN","F","Claim","1-rice cooker","1","Tue Nov 14, 2023, 10:18PM","13"
"Serge Aurier","NOT","D","Drop","1-rice cooker","1","Tue Nov 14, 2023, 10:18PM","13"
"Oliver Norwood","SHU","M","Claim","1-rice cooker","1","Tue Nov 14, 2023, 9:58PM","13"
"Illia Zabarnyi","BOU","D","Drop","1-rice cooker","1","Tue Nov 14, 2023, 9:58PM","13"
"Pablo Sarabia","WOL","M","Claim","1-The Dentist","1","Tue Nov 14, 2023, 9:37PM","13"
"Oliver Norwood","SHU","M","Drop","1-The Dentist","1","Tue Nov 14, 2023, 9:37PM","13"
"Oliver Norwood","SHU","M","Claim","1-The Dentist","1","Tue Nov 14, 2023, 9:13PM","13"
"Ryan Christie","BOU","M","Claim","1-The Dentist","1","Tue Nov 14, 2023, 9:13PM","13"
"Rayan Ait-Nouri","WOL","D","Claim","1-The Dentist","1","Tue Nov 14, 2023, 9:13PM","13"
"Neto","BOU","G","Claim","1-The Dentist","1","Tue Nov 14, 2023, 9:12PM","13"
"Odysseas Vlachodimos","NOT","G","Drop","1-The Dentist","1","Tue Nov 14, 2023, 9:12PM","13"
"Willy Boly","NOT","D","Claim","1-OGBEAN'S","1","Tue Nov 14, 2023, 9:09PM","13"
"Jan-Paul van Hecke","BHA","D","Drop","1-OGBEAN'S","1","Tue Nov 14, 2023, 9:09PM","13"
"Tom Lockyer","LUT","D","Claim","1-ComeBack Szn","1","Tue Nov 14, 2023, 9:00PM","13"
"Jean-Ricner Bellegarde","WOL","M","Claim","1-Burnley and Old Trafford","1","Tue Nov 14, 2023, 9:00PM","13"
"Ezri Konsa","AVL","D","Drop","1-Burnley and Old Trafford","1","Tue Nov 14, 2023, 9:00PM","13"
"Mason Mount","MUN","M","Claim","1 - The Narrative","1","Tue Nov 14, 2023, 9:00PM","13"
"Facundo Buonanotte","BHA","M","Drop","1-The Dentist","1","Sun Nov 12, 2023, 1:19PM","13"
"Mahmoud Dahoud","BHA","M","Drop","1-ComeBack Szn","1","Sun Nov 12, 2023, 11:01AM","13"
"Sean Longstaff","NEW","M","Drop","1-Barkley’s Balls Sponsored by Baileys","1","Sun Nov 12, 2023, 10:40AM","13"
"Jan-Paul van Hecke","BHA","D","Claim","1-OGBEAN'S","1","Sun Nov 12, 2023, 8:57AM","12"
"Willy Boly","NOT","D","Drop","1-OGBEAN'S","1","Sun Nov 12, 2023, 8:57AM","12"
"Joel Matip","LIV","D","Claim","1-Koke Vegas","1","Sun Nov 12, 2023, 8:56AM","12"
"Pau Torres","AVL","D","Drop","1-Koke Vegas","1","Sun Nov 12, 2023, 8:56AM","12"
"Mahmoud Dahoud","BHA","M","Claim","1-ComeBack Szn","1","Sun Nov 12, 2023, 8:37AM","12"
"Carlos Baleba","BHA","M","Drop","1-ComeBack Szn","1","Sun Nov 12, 2023, 8:37AM","12"
"Harry Toffolo","NOT","D","Claim","1-Check Complete FC","1","Sun Nov 12, 2023, 8:27AM","12"
"Michail Antonio","WHU","F","Drop","1-Check Complete FC","1","Sun Nov 12, 2023, 8:27AM","12"
"Pau Torres","AVL","D","Claim","1-Koke Vegas","1","Sun Nov 12, 2023, 8:21AM","12"
"Igor Julio","BHA","D","Drop","1-Koke Vegas","1","Sun Nov 12, 2023, 8:21AM","12"
"Ben Mee","BRF","D","Claim","1-Koke Vegas","1","Sun Nov 12, 2023, 8:17AM","12"
"Adam Webster","BHA","D","Drop","1-Koke Vegas","1","Sun Nov 12, 2023, 8:17AM","12"
"Youri Tielemans","AVL","M","Claim","1-Greek Prison XI","1","Sun Nov 12, 2023, 8:11AM","12"
"Adam Lallana","BHA","M","Drop","1-Greek Prison XI","1","Sun Nov 12, 2023, 8:11AM","12"
"Adam Webster","BHA","D","Claim","1-Koke Vegas","1","Sun Nov 12, 2023, 8:06AM","12"
"Billy Gilmour","BHA","M","Drop","1-Koke Vegas","1","Sun Nov 12, 2023, 8:06AM","12"
"Igor Julio","BHA","D","Claim","1-Koke Vegas","1","Sun Nov 12, 2023, 8:05AM","12"
"Joel Matip","LIV","D","Drop","1-Koke Vegas","1","Sun Nov 12, 2023, 8:05AM","12"
"Billy Gilmour","BHA","M","Claim","1-Koke Vegas","1","Sun Nov 12, 2023, 8:03AM","12"
"Joel Matip","LIV","D","Claim","1-Koke Vegas","1","Sun Nov 12, 2023, 8:03AM","12"
"Ibrahima Konate","LIV","D","Drop","1-Koke Vegas","1","Sun Nov 12, 2023, 8:02AM","12"
"Joel Veltman","BHA","D","Drop","1-Koke Vegas","1","Sun Nov 12, 2023, 8:01AM","12"
"Facundo Buonanotte","BHA","M","Claim","1-The Dentist","1","Sun Nov 12, 2023, 8:00AM","12"
"Kurt Zouma","WHU","D","Drop","1-The Dentist","1","Sun Nov 12, 2023, 8:00AM","12"
"Kurt Zouma","WHU","D","Claim","1-The Dentist","1","Sat Nov 11, 2023, 2:54PM","12"
"Frank Onyeka","BRF","M","Drop","1-The Dentist","1","Sat Nov 11, 2023, 2:54PM","12"
"Frank Onyeka","BRF","M","Claim","1-The Dentist","1","Thu Nov 9, 2023, 11:05PM","12"
"Joe Willock","NEW","M","Drop","1-The Dentist","1","Thu Nov 9, 2023, 11:05PM","12"
"Jorginho","ARS","M","Claim","1-Check Complete FC","1","Sat Nov 11, 2023, 9:54AM","12"
"Issa Kabore","LUT","D","Claim","1-Greek Prison XI","1","Sat Nov 11, 2023, 9:54AM","12"
"Oliver Norwood","SHU","M","Drop","1-Greek Prison XI","1","Sat Nov 11, 2023, 9:54AM","12"
"Mason Mount","MUN","M","Drop","1-Check Complete FC","1","Sat Nov 11, 2023, 9:53AM","12"
"Jean-Ricner Bellegarde","WOL","M","Drop","1-The Dentist","1","Sat Nov 11, 2023, 9:35AM","13"
"Emerson Royal","TOT","D","Drop","1-The Dentist","1","Sat Nov 11, 2023, 9:35AM","13"
"Antoine Semenyo","BOU","F","Claim","1-Burnley and Old Trafford","1","Sat Nov 11, 2023, 9:32AM","12"
"Eric Dier","TOT","D","Drop","1 - The Narrative","1","Sat Nov 11, 2023, 9:31AM","13"
"Ezri Konsa","AVL","D","Claim","1-Burnley and Old Trafford","1","Sat Nov 11, 2023, 9:30AM","12"
"Reiss Nelson","ARS","F","Drop","1-Burnley and Old Trafford","1","Sat Nov 11, 2023, 9:29AM","12"
"Fabio Vieira","ARS","M","Drop","1-Burnley and Old Trafford","1","Sat Nov 11, 2023, 9:29AM","12"
"Victor Lindelof","MUN","D","Claim","1 - The Narrative","1","Sat Nov 11, 2023, 9:22AM","12"
"Mateo Kovacic","MCI","M","Drop","1 - The Narrative","1","Sat Nov 11, 2023, 9:22AM","12"
"Joel Veltman","BHA","D","Claim","1-Koke Vegas","1","Sat Nov 11, 2023, 9:11AM","12"
"Antony","MUN","F","Drop","1-Koke Vegas","1","Sat Nov 11, 2023, 9:03AM","12"
"Takehiro Tomiyasu","ARS","D","Claim","1-Koke Vegas","1","Sat Nov 11, 2023, 9:02AM","12"
"Raphael Varane","MUN","D","Drop","1-Koke Vegas","1","Sat Nov 11, 2023, 9:02AM","12"
"Joe Willock","NEW","M","Claim","1-The Dentist","1","Sat Nov 11, 2023, 6:47AM","12"
"Rodrigo Bentancur","TOT","M","Drop","1-The Dentist","1","Sat Nov 11, 2023, 6:32AM","12"
"Eric Dier","TOT","D","Claim","1 - The Narrative","1","Fri Nov 10, 2023, 12:36PM","12"
"Toti","WOL","D","Drop","1 - The Narrative","1","Fri Nov 10, 2023, 12:36PM","12"
"Pierre-Emile Hojbjerg","TOT","M","Claim","1 - The Narrative","1","Fri Nov 10, 2023, 12:36PM","12"
"Alejandro Garnacho","MUN","M","Claim","1 - The Narrative","1","Fri Nov 10, 2023, 12:35PM","12"
"Lewis Hall","CHE/NEW","D","Claim","1-The Dentist","1","Fri Nov 10, 2023, 8:20AM","12"
"Pierre-Emile Hojbjerg","TOT","M","Drop","1-The Dentist","1","Fri Nov 10, 2023, 8:20AM","12"
"Pierre-Emile Hojbjerg","TOT","M","Claim","1-The Dentist","1","Fri Nov 10, 2023, 8:14AM","12"
"Lewis Hall","CHE/NEW","D","Drop","1-The Dentist","1","Fri Nov 10, 2023, 8:14AM","12"
"Rodrigo Bentancur","TOT","M","Claim","1-The Dentist","1","Fri Nov 10, 2023, 8:02AM","12"
"Joe Willock","NEW","M","Drop","1-The Dentist","1","Fri Nov 10, 2023, 8:02AM","12"
"Alex Moreno","AVL","D","Claim","1-Burnley and Old Trafford","1","Thu Nov 9, 2023, 9:00PM","12"
"Nayef Aguerd","WHU","D","Drop","1-Burnley and Old Trafford","1","Thu Nov 9, 2023, 9:00PM","12"
"Odysseas Vlachodimos","NOT","G","Claim","1-The Dentist","1","Thu Nov 9, 2023, 8:05AM","12"
"Thomas Kaminski","LUT","G","Drop","1-The Dentist","1","Thu Nov 9, 2023, 8:05AM","12"
"Mateo Kovacic","MCI","M","Claim","1 - The Narrative","1","Wed Nov 8, 2023, 5:29PM","12"
"Emerson Royal","TOT","D","Claim","1-The Dentist","1","Wed Nov 8, 2023, 4:28PM","12"
"Takehiro Tomiyasu","ARS","D","Drop","1-The Dentist","1","Wed Nov 8, 2023, 4:21PM","12"
"Raphael Varane","MUN","D","Claim","1-Koke Vegas","1","Wed Nov 8, 2023, 3:34PM","12"
"Emerson Royal","TOT","D","Drop","1-Koke Vegas","1","Wed Nov 8, 2023, 3:34PM","12"
"Reiss Nelson","ARS","F","Claim","1-Burnley and Old Trafford","1","Wed Nov 8, 2023, 2:50PM","12"
"Ezri Konsa","AVL","D","Drop","1-Burnley and Old Trafford","1","Wed Nov 8, 2023, 2:50PM","12"
"Fabio Vieira","ARS","M","Claim","1-Burnley and Old Trafford","1","Wed Nov 8, 2023, 2:49PM","12"
"Ola Aina","NOT","D","Drop","1-Burnley and Old Trafford","1","Wed Nov 8, 2023, 2:49PM","12"
"Takehiro Tomiyasu","ARS","D","Claim","1-The Dentist","1","Tue Nov 7, 2023, 9:30PM","12"
"Alex Moreno","AVL","D","Drop","1-The Dentist","1","Tue Nov 7, 2023, 9:30PM","12"
"Carlos Baleba","BHA","M","Claim","1-ComeBack Szn","1","Tue Nov 7, 2023, 9:23PM","12"
"Billy Gilmour","BHA","M","Drop","1-ComeBack Szn","1","Tue Nov 7, 2023, 9:23PM","12"
"Andreas Pereira","FUL","M","Claim","1-ComeBack Szn","1","Tue Nov 7, 2023, 9:17PM","12"
"Joseph Gomez","LIV","D","Drop","1-ComeBack Szn","1","Tue Nov 7, 2023, 9:17PM","12"
"Ola Aina","NOT","D","Claim","1-Burnley and Old Trafford","1","Tue Nov 7, 2023, 9:10PM","12"
"Craig Dawson","WOL","D","Drop","1-Burnley and Old Trafford","1","Tue Nov 7, 2023, 9:10PM","12"
"Thomas Kaminski","LUT","G","Claim","1-The Dentist","1","Tue Nov 7, 2023, 9:00PM","12"
"Jean-Ricner Bellegarde","WOL","M","Claim","1-The Dentist","1","Tue Nov 7, 2023, 9:00PM","12"
"Chiedozie Ogbene","LUT","F","Claim","1-OGBEAN'S","1","Tue Nov 7, 2023, 9:00PM","12"
"Joe Willock","NEW","M","Claim","1-The Dentist","3","Tue Nov 7, 2023, 9:00PM","12"
"Lewis Hall","CHE/NEW","D","Claim","1-The Dentist","2","Tue Nov 7, 2023, 9:00PM","12"
"Emerson Royal","TOT","D","Claim","1-Koke Vegas","1","Tue Nov 7, 2023, 9:00PM","12"
"Valentino Livramento","NEW","D","Claim","1-The Dentist","1","Tue Nov 7, 2023, 9:00PM","12"
"Ross Barkley","CHE/LUT","M","Claim","1-Barkley’s Balls Sponsored by Baileys","1","Tue Nov 7, 2023, 9:00PM","12"
"Rayan Ait-Nouri","WOL","D","Drop","1-Koke Vegas","1","Tue Nov 7, 2023, 1:22PM","12"
"Dan Burn","NEW","D","Drop","1-The Dentist","1","Tue Nov 7, 2023, 1:07PM","12"
"Micky van de Ven","TOT","D","Drop","1 - The Narrative","1","Mon Nov 6, 2023, 9:06PM","12"
"Will Hughes","CRY","M","Drop","1 - The Narrative","1","Mon Nov 6, 2023, 9:06PM","12"
"Benoit Badiashile","CHE","D","Drop","1 - The Narrative","1","Mon Nov 6, 2023, 9:05PM","12"
"James Trafford","BUR","G","Drop","1-The Dentist","1","Mon Nov 6, 2023, 8:50PM","12"
"Nelson Semedo","WOL","D","Drop","1-The Dentist","1","Sun Nov 5, 2023, 3:58PM","12"
"Marc Cucurella","CHE","D","Claim","1-bruNO HARD FEELINGS","1","Sun Nov 5, 2023, 1:04PM","11"
"Joseph Gomez","LIV","D","Claim","1-ComeBack Szn","1","Sun Nov 5, 2023, 11:22AM","11"
"Moises Caicedo","BHA/CHE","M","Drop","1-ComeBack Szn","1","Sun Nov 5, 2023, 11:22AM","11"
"Pau Torres","AVL","D","Drop","1-Barkley’s Balls Sponsored by Baileys","1","Sun Nov 5, 2023, 10:14AM","12"
"Kristoffer Ajer","BRF","D","Drop","1-OGBEAN'S","1","Sat Nov 4, 2023, 12:55PM","12"
"Sasa Kalajdzic","WOL","F","Drop","1-The Dentist","1","Sat Nov 4, 2023, 12:22PM","12"
"Tommy Doyle","MCI/WOL","M","Drop","1-The Dentist","1","Sat Nov 4, 2023, 12:22PM","12"
"Adam Lallana","BHA","M","Claim","1-Greek Prison XI","1","Sat Nov 4, 2023, 10:41AM","11"
"Mahmoud Dahoud","BHA","M","Drop","1-Greek Prison XI","1","Sat Nov 4, 2023, 10:41AM","11"
"Tommy Doyle","MCI/WOL","M","Claim","1-The Dentist","1","Sat Nov 4, 2023, 10:36AM","11"
"Andros Townsend","EVE/LUT","M","Drop","1-The Dentist","1","Sat Nov 4, 2023, 10:36AM","11"
"Billy Gilmour","BHA","M","Claim","1-ComeBack Szn","1","Sat Nov 4, 2023, 10:17AM","11"
"Carlos Baleba","BHA","M","Drop","1-ComeBack Szn","1","Sat Nov 4, 2023, 10:17AM","11"
"Leon Bailey","AVL","M,F","Claim","1-Barkley’s Balls Sponsored by Baileys","1","Sat Nov 4, 2023, 10:17AM","11"
"Ben Mee","BRF","D","Drop","1-Barkley’s Balls Sponsored by Baileys","1","Sat Nov 4, 2023, 10:16AM","11"
"Will Hughes","CRY","M","Claim","1 - The Narrative","1","Sat Nov 4, 2023, 10:11AM","11"
"Toti","WOL","D","Claim","1 - The Narrative","1","Sat Nov 4, 2023, 10:10AM","11"
"Kurt Zouma","WHU","D","Drop","1 - The Narrative","1","Sat Nov 4, 2023, 10:10AM","11"
"Ederson","MCI","G","Claim","1 - The Narrative","1","Sat Nov 4, 2023, 10:07AM","11"
"Mark Flekken","BRF","G","Drop","1 - The Narrative","1","Sat Nov 4, 2023, 10:07AM","11"
"Nicolas Dominguez","NOT","M","Claim","1-Burnley and Old Trafford","1","Sat Nov 4, 2023, 10:04AM","11"
"Rodrigo Bentancur","TOT","M","Drop","1-Burnley and Old Trafford","1","Sat Nov 4, 2023, 10:04AM","11"
"Neal Maupay","EVE/BRF","F","Claim","1-john lim","1","Sat Nov 4, 2023, 10:04AM","11"
"Will Hughes","CRY","M","Drop","1-john lim","1","Sat Nov 4, 2023, 10:04AM","11"
"Will Hughes","CRY","M","Claim","1-john lim","1","Sat Nov 4, 2023, 10:03AM","11"
"Youri Tielemans","AVL","M","Drop","1-john lim","1","Sat Nov 4, 2023, 10:02AM","11"
"Nathan Ake","MCI","D","Claim","1-john lim","1","Sat Nov 4, 2023, 10:01AM","11"
"Matt Doherty","WOL","D","Drop","1-bruNO HARD FEELINGS","1","Sat Nov 4, 2023, 10:01AM","11"
"Rayan Ait-Nouri","WOL","D","Claim","1-Koke Vegas","1","Sat Nov 4, 2023, 7:32AM","11"
"Raphael Varane","MUN","D","Drop","1-Koke Vegas","1","Sat Nov 4, 2023, 7:31AM","11"
"Mario Lemina","WOL","M","Claim","1-ComeBack Szn","1","Sat Nov 4, 2023, 7:30AM","11"
"Sofyan Amrabat","MUN","M","Drop","1-ComeBack Szn","1","Sat Nov 4, 2023, 7:30AM","11"
"Matt Doherty","WOL","D","Claim","1-bruNO HARD FEELINGS","1","Fri Nov 3, 2023, 3:45PM","11"
"Serge Aurier","NOT","D","Claim","1-rice cooker","1","Wed Nov 1, 2023, 4:59PM","11"
"Josh Cullen","BUR","M","Drop","1-rice cooker","1","Wed Nov 1, 2023, 4:59PM","11"
"Kristoffer Ajer","BRF","D","Claim","1-OGBEAN'S","1","Wed Nov 1, 2023, 2:53PM","11"
"Timothy Castagne","LEI/FUL","D","Drop","1-OGBEAN'S","1","Wed Nov 1, 2023, 2:53PM","11"
"Alex Moreno","AVL","D","Claim","1-The Dentist","1","Wed Nov 1, 2023, 1:57PM","11"
"Kristoffer Ajer","BRF","D","Drop","1-The Dentist","1","Wed Nov 1, 2023, 1:57PM","11"
"Andros Townsend","EVE/LUT","M","Claim","1-The Dentist","1","Wed Nov 1, 2023, 11:40AM","11"
"Joe Willock","NEW","M","Drop","1-The Dentist","1","Tue Oct 31, 2023, 9:59PM","11"
"Raphael Varane","MUN","D","Claim","1-Koke Vegas","1","Tue Oct 31, 2023, 9:03PM","11"
"James Mcatee","MCI/SHU","M","Drop","1-Koke Vegas","1","Tue Oct 31, 2023, 9:03PM","11"
"Benoit Badiashile","CHE","D","Claim","1 - The Narrative","1","Tue Oct 31, 2023, 9:02PM","11"
"Matt Doherty","WOL","D","Drop","1 - The Narrative","1","Tue Oct 31, 2023, 9:02PM","11"
"Matt Doherty","WOL","D","Claim","1 - The Narrative","1","Tue Oct 31, 2023, 9:01PM","11"
"Emerson","WHU","D","Claim","1-Barkley’s Balls Sponsored by Baileys","1","Tue Oct 31, 2023, 9:00PM","11"
"Scott McTominay","MUN","M","Claim","1-The Dentist","1","Tue Oct 31, 2023, 9:00PM","11"
"Sasa Kalajdzic","WOL","F","Claim","1-The Dentist","1","Tue Oct 31, 2023, 9:00PM","11"
"Sam Johnstone","CRY","G","Claim","1-Barkley’s Balls Sponsored by Baileys","1","Tue Oct 31, 2023, 9:00PM","11"
"Kristoffer Ajer","BRF","D","Claim","1-The Dentist","1","Tue Oct 31, 2023, 9:00PM","11"
"Nelson Semedo","WOL","D","Claim","1-The Dentist","1","Tue Oct 31, 2023, 9:00PM","11"
"Julio Enciso","BHA","F","Claim","1-Barkley’s Balls Sponsored by Baileys","1","Tue Oct 31, 2023, 9:00PM","11"
"Andre Onana","MUN","G","Claim","1-Koke Vegas","5","Tue Oct 31, 2023, 9:00PM","11"
"Emiliano Martinez","AVL","G","Drop","1-Koke Vegas","5","Tue Oct 31, 2023, 9:00PM","11"
"James Mcatee","MCI/SHU","M","Claim","1-Koke Vegas","1","Tue Oct 31, 2023, 9:00PM","11"
"Craig Dawson","WOL","D","Claim","1-Burnley and Old Trafford","1","Tue Oct 31, 2023, 9:00PM","11"
"Alejandro Garnacho","MUN","M","Drop","1-Burnley and Old Trafford","1","Tue Oct 31, 2023, 9:00PM","11"
"Ionut Radu","BOU","G","Drop","1-Barkley’s Balls Sponsored by Baileys","1","Tue Oct 31, 2023, 2:27PM","11"
"Jacob Murphy","NEW","M","Drop","1-Barkley’s Balls Sponsored by Baileys","1","Tue Oct 31, 2023, 2:26PM","11"
"Nicolo Zaniolo","AVL","M","Drop","1 - The Narrative","1","Sun Oct 29, 2023, 2:14PM","11"
"Nicolo Zaniolo","AVL","M","Claim","1 - The Narrative","1","Sun Oct 29, 2023, 9:53AM","10"
"Leon Bailey","AVL","M,F","Drop","1-Koke Vegas","1","Sun Oct 29, 2023, 9:12AM","10"
"Emile Smith Rowe","ARS","M","Drop","1-The Dentist","1","Sat Oct 28, 2023, 4:26PM","11"
"Marc Cucurella","CHE","D","Drop","1-The Dentist","1","Sat Oct 28, 2023, 4:26PM","11"
"Ben Davies","TOT","D","Drop","1-The Dentist","1","Sat Oct 28, 2023, 4:25PM","11"
"Jakub Kiwior","ARS","D","Drop","1-The Dentist","1","Sat Oct 28, 2023, 4:25PM","11"
"Matt Doherty","WOL","D","Drop","1 - The Narrative","1","Sat Oct 28, 2023, 11:47AM","10"
"Zeki Amdouni","BUR","F","Drop","1-Barkley’s Balls Sponsored by Baileys","1","Sat Oct 28, 2023, 11:16AM","11"
"Oliver Norwood","SHU","M","Claim","1-Greek Prison XI","1","Sat Oct 28, 2023, 9:08AM","10"
"Sander Berge","BUR","M","Drop","1-Greek Prison XI","1","Sat Oct 28, 2023, 9:08AM","10"
"Pau Torres","AVL","D","Claim","1-Barkley’s Balls Sponsored by Baileys","1","Sat Oct 28, 2023, 9:05AM","10"
"Emerson","WHU","D","Drop","1-Barkley’s Balls Sponsored by Baileys","1","Sat Oct 28, 2023, 9:05AM","10"
"Jakub Kiwior","ARS","D","Claim","1-The Dentist","1","Sat Oct 28, 2023, 8:57AM","10"
"Julio Enciso","BHA","F","Drop","1-The Dentist","1","Sat Oct 28, 2023, 8:57AM","10"
"Emile Smith Rowe","ARS","M","Claim","1-The Dentist","1","Sat Oct 28, 2023, 8:54AM","10"
"Pau Torres","AVL","D","Drop","1-The Dentist","1","Sat Oct 28, 2023, 8:54AM","10"
"Vitaly Janelt","BRF","M","Drop","1 - The Narrative","1","Sat Oct 28, 2023, 7:22AM","10"
"Malo Gusto","CHE","D","Drop","1-bruNO HARD FEELINGS","1","Sat Oct 28, 2023, 6:37AM","10"
"Rodrigo Bentancur","TOT","M","Claim","1-Burnley and Old Trafford","1","Fri Oct 27, 2023, 2:03PM","10"
"Nathan Ake","MCI","D","Drop","1-Burnley and Old Trafford","1","Fri Oct 27, 2023, 2:03PM","10"
"Nathan Ake","MCI","D","Claim","1-Burnley and Old Trafford","1","Fri Oct 27, 2023, 1:09PM","10"
"Nicolo Zaniolo","AVL","M","Drop","1-Burnley and Old Trafford","1","Fri Oct 27, 2023, 1:09PM","10"
"Nicolo Zaniolo","AVL","M","Claim","1-Burnley and Old Trafford","1","Fri Oct 27, 2023, 12:07PM","10"
"Nicolas Dominguez","NOT","M","Drop","1-Burnley and Old Trafford","1","Fri Oct 27, 2023, 12:07PM","10"
"Zeki Amdouni","BUR","F","Claim","1-Barkley’s Balls Sponsored by Baileys","1","Fri Oct 27, 2023, 12:01PM","10"
"Elliot Anderson","NEW","M","Drop","1-Barkley’s Balls Sponsored by Baileys","1","Fri Oct 27, 2023, 11:55AM","10"
"Ionut Radu","BOU","G","Claim","1-Barkley’s Balls Sponsored by Baileys","1","Fri Oct 27, 2023, 11:46AM","10"
"Neto","BOU","G","Drop","1-Barkley’s Balls Sponsored by Baileys","1","Fri Oct 27, 2023, 11:46AM","10"
"James Trafford","BUR","G","Claim","1-The Dentist","1","Fri Oct 27, 2023, 9:09AM","10"
"Ederson","MCI","G","Drop","1-The Dentist","1","Fri Oct 27, 2023, 9:09AM","10"
"Pau Torres","AVL","D","Claim","1-The Dentist","1","Thu Oct 26, 2023, 9:40PM","10"
"Kevin Schade","BRF","M","Drop","1-The Dentist","1","Thu Oct 26, 2023, 9:40PM","10"
"Ben Davies","TOT","D","Claim","1-The Dentist","1","Thu Oct 26, 2023, 9:24PM","10"
"Axel Disasi","CHE","D","Drop","1-The Dentist","1","Thu Oct 26, 2023, 9:24PM","10"
"Marc Cucurella","CHE","D","Claim","1-The Dentist","1","Thu Oct 26, 2023, 9:21PM","10"
"Ben Davies","TOT","D","Drop","1-The Dentist","1","Thu Oct 26, 2023, 9:21PM","10"
"Ben Davies","TOT","D","Claim","1-The Dentist","1","Thu Oct 26, 2023, 8:52PM","10"
"Axel Disasi","CHE","D","Claim","1-The Dentist","1","Thu Oct 26, 2023, 8:20PM","10"
"Facundo Buonanotte","BHA","M","Drop","1-The Dentist","1","Thu Oct 26, 2023, 8:19PM","10"
"Facundo Buonanotte","BHA","M","Claim","1-The Dentist","1","Thu Oct 26, 2023, 7:16PM","10"
"Timothy Castagne","LEI/FUL","D","Claim","1-OGBEAN'S","1","Thu Oct 26, 2023, 5:34PM","10"
"Takehiro Tomiyasu","ARS","D","Drop","1-OGBEAN'S","1","Thu Oct 26, 2023, 5:34PM","10"
"Aaron Cresswell","WHU","D","Drop","1-The Dentist","1","Thu Oct 26, 2023, 4:56PM","10"
"Joel Matip","LIV","D","Drop","1-The Dentist","1","Thu Oct 26, 2023, 4:55PM","10"
"Cameron Archer","AVL/SHU","F","Claim","1-rice cooker","1","Thu Oct 26, 2023, 2:54PM","10"
"Lewis Cook","BOU","M","Drop","1-rice cooker","1","Thu Oct 26, 2023, 2:54PM","10"
"Josh Brownhill","BUR","M","Claim","1-rice cooker","1","Thu Oct 26, 2023, 2:53PM","10"
"Danny Welbeck","BHA","F","Drop","1-rice cooker","1","Thu Oct 26, 2023, 2:53PM","10"
"Harry Maguire","MUN","D","Claim","1-rice cooker","1","Thu Oct 26, 2023, 2:53PM","10"
"Sandro Tonali","NEW","M","Drop","1-rice cooker","1","Thu Oct 26, 2023, 2:53PM","10"
"Aaron Cresswell","WHU","D","Claim","1-The Dentist","1","Thu Oct 26, 2023, 12:08PM","10"
"Oliver Norwood","SHU","M","Drop","1-The Dentist","1","Thu Oct 26, 2023, 11:31AM","10"
"Joe Willock","NEW","M","Claim","1-The Dentist","1","Wed Oct 25, 2023, 4:58PM","10"
"Facundo Buonanotte","BHA","M","Drop","1-The Dentist","1","Wed Oct 25, 2023, 4:58PM","10"
"Facundo Buonanotte","BHA","M","Claim","1-The Dentist","1","Wed Oct 25, 2023, 10:57AM","10"
"Pau Torres","AVL","D","Drop","1-The Dentist","1","Wed Oct 25, 2023, 10:57AM","10"
"Alejandro Garnacho","MUN","M","Claim","1-Burnley and Old Trafford","1","Wed Oct 25, 2023, 1:00AM","10"
"Milos Kerkez","BOU","D","Drop","1-Burnley and Old Trafford","1","Wed Oct 25, 2023, 1:00AM","10"
"Oliver Norwood","SHU","M","Claim","1-OGBEAN'S","1","Tue Oct 24, 2023, 10:20PM","10"
"Thomas Partey","ARS","M","Drop","1-OGBEAN'S","1","Tue Oct 24, 2023, 10:20PM","10"
"Kevin Schade","BRF","M","Claim","1-The Dentist","1","Tue Oct 24, 2023, 10:06PM","10"
"Fabio Vieira","ARS","M","Drop","1-The Dentist","1","Tue Oct 24, 2023, 10:06PM","10"
"Fabio Vieira","ARS","M","Claim","1-The Dentist","1","Tue Oct 24, 2023, 9:12PM","10"
"Ederson","MCI","G","Claim","1-The Dentist","1","Tue Oct 24, 2023, 9:11PM","10"
"Sam Johnstone","CRY","G","Drop","1-The Dentist","1","Tue Oct 24, 2023, 9:11PM","10"
"Vitalii Mykolenko","EVE","D","Claim","1-The Dentist","1","Tue Oct 24, 2023, 9:05PM","10"
"Takehiro Tomiyasu","ARS","D","Claim","1-OGBEAN'S","1","Tue Oct 24, 2023, 9:02PM","10"
"Harry Toffolo","NOT","D","Drop","1-OGBEAN'S","1","Tue Oct 24, 2023, 9:02PM","10"
"Anthony Elanga","NOT","F","Claim","1-OGBEAN'S","1","Tue Oct 24, 2023, 9:00PM","10"
"Wilson Odobert","BUR","F","Drop","1-OGBEAN'S","1","Tue Oct 24, 2023, 9:00PM","10"
"Matheus Cunha","WOL","F","Claim","1-Barkley’s Balls Sponsored by Baileys","1","Tue Oct 24, 2023, 9:00PM","10"
"Emiliano Martinez","AVL","G","Claim","1-Koke Vegas","6","Tue Oct 24, 2023, 9:00PM","10"
"Andre Onana","MUN","G","Drop","1-Koke Vegas","6","Tue Oct 24, 2023, 9:00PM","10"
"Leon Bailey","AVL","M,F","Claim","1-Koke Vegas","4","Tue Oct 24, 2023, 9:00PM","10"
"Marc Cucurella","CHE","D","Drop","1-Koke Vegas","4","Tue Oct 24, 2023, 9:00PM","10"
"Ibrahima Konate","LIV","D","Claim","1-Koke Vegas","1","Tue Oct 24, 2023, 9:00PM","10"
"Julio Enciso","BHA","F","Claim","1-The Dentist","1","Tue Oct 24, 2023, 9:00PM","10"
"Harry Maguire","MUN","D","Drop","1-Koke Vegas","1","Tue Oct 24, 2023, 8:31PM","10"
"Jean-Ricner Bellegarde","WOL","M","Drop","1-The Dentist","1","Mon Oct 23, 2023, 5:05PM","10"
"Timothy Castagne","LEI/FUL","D","Drop","1-The Dentist","1","Mon Oct 23, 2023, 5:05PM","10"
"John Stones","MCI","D","Drop","1-The Dentist","1","Mon Oct 23, 2023, 5:04PM","10"
"Timothy Castagne","LEI/FUL","D","Claim","1-The Dentist","1","Sun Oct 22, 2023, 3:54PM","9"
"Nayef Aguerd","WHU","D","Claim","1-Burnley and Old Trafford","1","Sun Oct 22, 2023, 11:12AM","9"
"Andreas Pereira","FUL","M","Drop","1-Burnley and Old Trafford","1","Sun Oct 22, 2023, 11:12AM","9"
"Andreas Pereira","FUL","M","Claim","1-Burnley and Old Trafford","1","Sun Oct 22, 2023, 10:43AM","9"
"Nayef Aguerd","WHU","D","Drop","1-Burnley and Old Trafford","1","Sun Oct 22, 2023, 10:43AM","9"
"Harry Maguire","MUN","D","Claim","1-Koke Vegas","1","Sat Oct 21, 2023, 2:10PM","9"
"Victor Lindelof","MUN","D","Drop","1-Koke Vegas","1","Sat Oct 21, 2023, 2:10PM","9"
"Victor Lindelof","MUN","D","Claim","1-Koke Vegas","1","Sat Oct 21, 2023, 2:01PM","9"
"Raphael Varane","MUN","D","Drop","1-Koke Vegas","1","Sat Oct 21, 2023, 2:01PM","9"
"Serge Aurier","NOT","D","Drop","1-Barkley’s Balls Sponsored by Baileys","1","Sat Oct 21, 2023, 12:18PM","10"
"Pau Torres","AVL","D","Claim","1-The Dentist","1","Sat Oct 21, 2023, 11:00AM","9"
"Harry Toffolo","NOT","D","Claim","1-OGBEAN'S","1","Sat Oct 21, 2023, 9:49AM","9"
"Harry Toffolo","NOT","D","Drop","1-The Dentist","1","Sat Oct 21, 2023, 9:42AM","9"
"Marvelous Nakamba","LUT","M","Drop","1-The Dentist","1","Sat Oct 21, 2023, 9:41AM","9"
"Nayef Aguerd","WHU","D","Claim","1-Burnley and Old Trafford","1","Sat Oct 21, 2023, 9:34AM","9"
"Josh Brownhill","BUR","M","Drop","1-OGBEAN'S","1","Sat Oct 21, 2023, 9:29AM","9"
"Mark Flekken","BRF","G","Claim","1 - The Narrative","1","Sat Oct 21, 2023, 9:09AM","9"
"Robert Sanchez","CHE","G","Drop","1 - The Narrative","1","Sat Oct 21, 2023, 9:09AM","9"
"Vitaly Janelt","BRF","M","Claim","1 - The Narrative","1","Sat Oct 21, 2023, 9:09AM","9"
"Mateo Kovacic","MCI","M","Drop","1 - The Narrative","1","Sat Oct 21, 2023, 9:09AM","9"
"Matt Doherty","WOL","D","Claim","1 - The Narrative","1","Sat Oct 21, 2023, 9:07AM","9"
"Marcos Senesi","BOU","D","Drop","1 - The Narrative","1","Sat Oct 21, 2023, 9:07AM","9"
"John Stones","MCI","D","Claim","1-The Dentist","1","Sat Oct 21, 2023, 9:06AM","9"
"Ryan Giles","LUT","M,F","Drop","1-The Dentist","1","Sat Oct 21, 2023, 9:05AM","9"
"Jacob Murphy","NEW","M","Claim","1-Barkley’s Balls Sponsored by Baileys","1","Sat Oct 21, 2023, 9:05AM","9"
"Callum Hudson-Odoi","CHE/NOT","F","Drop","1-Barkley’s Balls Sponsored by Baileys","1","Sat Oct 21, 2023, 9:05AM","9"
"Ruben Dias","MCI","D","Drop","1-john lim","1","Sat Oct 21, 2023, 9:05AM","9"
"Emerson","WHU","D","Claim","1-Barkley’s Balls Sponsored by Baileys","1","Sat Oct 21, 2023, 9:02AM","9"
"Dango Ouattara","BOU","F","Drop","1-Barkley’s Balls Sponsored by Baileys","1","Sat Oct 21, 2023, 9:02AM","9"
"Jesurun Rak-Sakyi","CRY","M","Drop","1-Burnley and Old Trafford","1","Sat Oct 21, 2023, 9:01AM","9"
"Ryan Gravenberch","LIV","M","Claim","1-The Dentist","1","Tue Oct 17, 2023, 9:04PM","9"
"Alex Moreno","AVL","D","Drop","1-The Dentist","1","Tue Oct 17, 2023, 9:04PM","9"
"Sergio Reguilon","TOT/MUN/BRF","D","Claim","1 - The Narrative","1","Tue Oct 17, 2023, 11:12AM","9"
"Ryan Gravenberch","LIV","M","Drop","1 - The Narrative","1","Tue Oct 17, 2023, 11:12AM","9"
"Harry Toffolo","NOT","D","Claim","1-The Dentist","1","Mon Oct 16, 2023, 2:20PM","9"
"Scott McTominay","MUN","M","Drop","1-The Dentist","1","Mon Oct 16, 2023, 2:20PM","9"
"Wilson Odobert","BUR","F","Claim","1-OGBEAN'S","1","Mon Oct 16, 2023, 11:56AM","9"
"Matheus Cunha","WOL","F","Drop","1-OGBEAN'S","1","Mon Oct 16, 2023, 11:56AM","9"
"Scott McTominay","MUN","M","Claim","1-The Dentist","1","Fri Oct 13, 2023, 6:54PM","9"
"Chris Wood","NOT","F","Drop","1-The Dentist","1","Fri Oct 13, 2023, 6:54PM","9"
"Chris Wood","NOT","F","Claim","1-The Dentist","1","Fri Oct 13, 2023, 10:34AM","9"
"Ryan Giles","LUT","M,F","Claim","1-The Dentist","1","Fri Oct 13, 2023, 10:33AM","9"
"Harry Toffolo","NOT","D","Drop","1-The Dentist","1","Fri Oct 13, 2023, 10:33AM","9"
"Matt Doherty","WOL","D","Drop","1-The Dentist","1","Fri Oct 13, 2023, 10:33AM","9"
"Said Benrahma","WHU","M","Claim","1-rice cooker","1","Fri Oct 13, 2023, 7:09AM","9"
"Josh Cullen","BUR","M","Claim","1-rice cooker","1","Fri Oct 13, 2023, 7:09AM","9"
"Ryan Christie","BOU","M","Drop","1-rice cooker","1","Fri Oct 13, 2023, 7:09AM","9"
"Konstantinos Tsimikas","LIV","D","Claim","1-OGBEAN'S","1","Thu Oct 12, 2023, 3:51PM","9"
"Issa Kabore","LUT","D","Drop","1-OGBEAN'S","1","Thu Oct 12, 2023, 3:51PM","9"
"Ezri Konsa","AVL","D","Claim","1-Burnley and Old Trafford","1","Wed Oct 11, 2023, 2:42PM","9"
"Vitalii Mykolenko","EVE","D","Drop","1-Burnley and Old Trafford","1","Wed Oct 11, 2023, 2:42PM","9"
"Jesurun Rak-Sakyi","CRY","M","Claim","1-Burnley and Old Trafford","1","Wed Oct 11, 2023, 2:41PM","9"
"Timothy Castagne","LEI/FUL","D","Drop","1-Burnley and Old Trafford","1","Wed Oct 11, 2023, 2:41PM","9"
"Harry Toffolo","NOT","D","Claim","1-The Dentist","1","Wed Oct 11, 2023, 11:17AM","9"
"Harry Maguire","MUN","D","Drop","1-The Dentist","1","Wed Oct 11, 2023, 11:17AM","9"
"Joel Matip","LIV","D","Claim","1-The Dentist","1","Wed Oct 11, 2023, 10:49AM","9"
"Pau Torres","AVL","D","Drop","1-The Dentist","1","Wed Oct 11, 2023, 10:49AM","9"
"Pau Torres","AVL","D","Claim","1-The Dentist","1","Tue Oct 10, 2023, 10:54PM","9"
"Emerson","WHU","D","Drop","1-The Dentist","1","Tue Oct 10, 2023, 10:07PM","9"
"Matt Doherty","WOL","D","Claim","1-The Dentist","1","Tue Oct 10, 2023, 9:32PM","9"
"Issa Kabore","LUT","D","Claim","1-OGBEAN'S","1","Tue Oct 10, 2023, 9:09PM","9"
"Nayef Aguerd","WHU","D","Drop","1-OGBEAN'S","1","Tue Oct 10, 2023, 9:09PM","9"
"Sam Johnstone","CRY","G","Claim","1-The Dentist","1","Tue Oct 10, 2023, 9:01PM","9"
"Milos Kerkez","BOU","D","Claim","1-Burnley and Old Trafford","1","Tue Oct 10, 2023, 9:01PM","9"
"Wes Foderingham","SHU","G","Drop","1-The Dentist","1","Tue Oct 10, 2023, 9:01PM","9"
"Alex Moreno","AVL","D","Claim","1-The Dentist","1","Tue Oct 10, 2023, 9:00PM","9"
"Harry Maguire","MUN","D","Claim","1-The Dentist","1","Tue Oct 10, 2023, 9:00PM","9"
"Serge Aurier","NOT","D","Claim","1-Barkley’s Balls Sponsored by Baileys","1","Tue Oct 10, 2023, 9:00PM","9"
"Raphael Varane","MUN","D","Claim","1-Koke Vegas","1","Tue Oct 10, 2023, 9:00PM","9"
"Murillo","NOT","D,M","Claim","1-The Dentist","1","Tue Oct 10, 2023, 9:00PM","9"
"Lyle Foster","BUR","F","Claim","1-rice cooker","1","Tue Oct 10, 2023, 9:00PM","9"
"Jean-Philippe Mateta","CRY","F","Drop","1-rice cooker","1","Tue Oct 10, 2023, 9:00PM","9"
"Igor Julio","BHA","D","Drop","1-Koke Vegas","1","Tue Oct 10, 2023, 8:22PM","9"
"Jacob Brown","LUT","F","Drop","1-rice cooker","1","Tue Oct 10, 2023, 8:04PM","9"
"Josh Cullen","BUR","M","Drop","1-Burnley and Old Trafford","1","Sun Oct 8, 2023, 4:13PM","9"
"Will Hughes","CRY","M","Drop","1-The Dentist","1","Sun Oct 8, 2023, 3:38PM","9"
"Emerson","WHU","D","Claim","1-The Dentist","1","Sun Oct 8, 2023, 8:58AM","8"
"Rico Lewis","MCI","D","Drop","1-The Dentist","1","Sun Oct 8, 2023, 8:58AM","8"
"Carlos Baleba","BHA","M","Claim","1-ComeBack Szn","1","Sun Oct 8, 2023, 8:50AM","8"
"Billy Gilmour","BHA","M","Drop","1-ComeBack Szn","1","Sun Oct 8, 2023, 8:50AM","8"
"Hwang Hee-Chan","WOL","F","Claim","1-bruNO HARD FEELINGS","1","Sun Oct 8, 2023, 8:37AM","8"
"Rico Lewis","MCI","D","Claim","1-The Dentist","1","Sun Oct 8, 2023, 8:37AM","8"
"Carlos Baleba","BHA","M","Drop","1-The Dentist","1","Sun Oct 8, 2023, 8:37AM","8"
"Carlos Baleba","BHA","M","Claim","1-The Dentist","1","Sun Oct 8, 2023, 8:03AM","8"
"Jhon Duran","AVL","F","Drop","1-The Dentist","1","Sun Oct 8, 2023, 7:54AM","8"
"Axel Disasi","CHE","D","Drop","1-The Dentist","1","Sat Oct 7, 2023, 4:11PM","9"
"Armando Broja","CHE/FUL","F","Drop","1-The Dentist","1","Sat Oct 7, 2023, 1:05PM","9"
"Andreas Pereira","FUL","M","Drop","1-The Dentist","1","Sat Oct 7, 2023, 1:04PM","9"
"Tim Ream","FUL","D","Drop","1-Barkley’s Balls Sponsored by Baileys","1","Sat Oct 7, 2023, 12:29PM","9"
"Jean-Philippe Mateta","CRY","F","Claim","1-rice cooker","1","Sat Oct 7, 2023, 12:27PM","8"
"Serge Aurier","NOT","D","Drop","1-rice cooker","1","Sat Oct 7, 2023, 12:27PM","8"
"Nicolas Dominguez","NOT","M","Claim","1-Burnley and Old Trafford","1","Sat Oct 7, 2023, 12:08PM","8"
"Jhon Duran","AVL","F","Claim","1-The Dentist","1","Sat Oct 7, 2023, 10:02AM","8"
"Jonny Evans","MUN","D","Drop","1-The Dentist","1","Sat Oct 7, 2023, 9:58AM","8"
"Milos Kerkez","BOU","D","Drop","1-Burnley and Old Trafford","1","Sat Oct 7, 2023, 9:41AM","8"
"Carlos Vinicius","FUL","F","Claim","1-Greek Prison XI","1","Sat Oct 7, 2023, 9:10AM","8"
"Lisandro Martinez","MUN","D","Drop","1-Greek Prison XI","1","Sat Oct 7, 2023, 9:10AM","8"
"Igor Julio","BHA","D","Claim","1-Koke Vegas","1","Sat Oct 7, 2023, 9:09AM","8"
"Sander Berge","BUR","M","Claim","1-Greek Prison XI","1","Sat Oct 7, 2023, 9:06AM","8"
"Scott McTominay","MUN","M","Drop","1-Greek Prison XI","1","Sat Oct 7, 2023, 9:06AM","8"
"Marcos Senesi","BOU","D","Claim","1 - The Narrative","1","Sat Oct 7, 2023, 9:02AM","8"
"Nathan Ake","MCI","D","Drop","1 - The Narrative","1","Sat Oct 7, 2023, 9:02AM","8"
"Raphael Varane","MUN","D","Drop","1-Koke Vegas","1","Sat Oct 7, 2023, 9:02AM","8"
"Marc Cucurella","CHE","D","Claim","1-Koke Vegas","1","Sat Oct 7, 2023, 9:00AM","8"
"Igor Julio","BHA","D","Drop","1-Koke Vegas","1","Sat Oct 7, 2023, 9:00AM","8"
"Jonny Evans","MUN","D","Claim","1-The Dentist","1","Sat Oct 7, 2023, 8:59AM","8"
"Luca Koleosho","BUR","F","Drop","1-bruNO HARD FEELINGS","1","Sat Oct 7, 2023, 8:55AM","8"
"Armando Broja","CHE/FUL","F","Claim","1-The Dentist","1","Sat Oct 7, 2023, 6:49AM","8"
"Issa Kabore","LUT","D","Drop","1-The Dentist","1","Sat Oct 7, 2023, 6:49AM","8"
"Igor Julio","BHA","D","Claim","1-Koke Vegas","1","Fri Oct 6, 2023, 10:23PM","8"
"Armando Broja","CHE/FUL","F","Drop","1-Koke Vegas","1","Fri Oct 6, 2023, 10:23PM","8"
"Alex Moreno","AVL","D","Drop","1-The Dentist","1","Fri Oct 6, 2023, 9:49PM","8"
"Billy Gilmour","BHA","M","Claim","1-ComeBack Szn","1","Fri Oct 6, 2023, 10:08AM","8"
"Zeki Amdouni","BUR","F","Drop","1-ComeBack Szn","1","Fri Oct 6, 2023, 10:08AM","8"
"Jean-Ricner Bellegarde","WOL","M","Claim","1-The Dentist","1","Fri Oct 6, 2023, 9:53AM","8"
"Issa Diop","FUL","D","Drop","1-The Dentist","1","Fri Oct 6, 2023, 9:53AM","8"
"Alex Moreno","AVL","D","Claim","1-The Dentist","1","Fri Oct 6, 2023, 9:50AM","8"
"Leon Bailey","AVL","M,F","Drop","1-The Dentist","1","Fri Oct 6, 2023, 9:50AM","8"
"Nayef Aguerd","WHU","D","Claim","1-OGBEAN'S","1","Thu Oct 5, 2023, 9:32PM","8"
"Ibrahima Konate","LIV","D","Drop","1-OGBEAN'S","1","Thu Oct 5, 2023, 9:32PM","8"
"Issa Diop","FUL","D","Claim","1-The Dentist","1","Thu Oct 5, 2023, 10:03AM","8"
"Jhon Duran","AVL","F","Drop","1-The Dentist","1","Thu Oct 5, 2023, 10:03AM","8"
"Matheus Cunha","WOL","F","Claim","1-OGBEAN'S","1","Wed Oct 4, 2023, 3:00PM","8"
"Manor Solomon","TOT","F","Drop","1-OGBEAN'S","1","Wed Oct 4, 2023, 3:00PM","8"
"Leon Bailey","AVL","M,F","Claim","1-The Dentist","1","Wed Oct 4, 2023, 11:18AM","8"
"Nayef Aguerd","WHU","D","Drop","1-The Dentist","1","Wed Oct 4, 2023, 11:18AM","8"
"Jhon Duran","AVL","F","Claim","1-The Dentist","1","Wed Oct 4, 2023, 10:36AM","8"
"Jeffrey Schlupp","CRY","M","Drop","1-The Dentist","1","Wed Oct 4, 2023, 10:36AM","8"
"Armando Broja","CHE/FUL","F","Claim","1-Koke Vegas","1","Wed Oct 4, 2023, 10:10AM","8"
"Jeffrey Schlupp","CRY","M","Claim","1-The Dentist","1","Tue Oct 3, 2023, 10:03PM","8"
"Emerson","WHU","D","Drop","1-The Dentist","1","Tue Oct 3, 2023, 10:03PM","8"
"Thomas Partey","ARS","M","Claim","1-OGBEAN'S","1","Tue Oct 3, 2023, 10:00PM","8"
"Matheus Cunha","WOL","F","Drop","1-OGBEAN'S","1","Tue Oct 3, 2023, 10:00PM","8"
"Will Hughes","CRY","M","Claim","1-The Dentist","1","Tue Oct 3, 2023, 9:58PM","8"
"Marvelous Nakamba","LUT","M","Claim","1-The Dentist","1","Tue Oct 3, 2023, 9:51PM","8"
"Wes Foderingham","SHU","G","Claim","1-The Dentist","1","Tue Oct 3, 2023, 9:50PM","8"
"Thomas Kaminski","LUT","G","Drop","1-The Dentist","1","Tue Oct 3, 2023, 9:50PM","8"
"Milos Kerkez","BOU","D","Claim","1-Burnley and Old Trafford","1","Tue Oct 3, 2023, 9:43PM","8"
"Ibrahim Sangare","NOT","M","Drop","1-Burnley and Old Trafford","1","Tue Oct 3, 2023, 9:43PM","8"
"Robert Sanchez","CHE","G","Claim","1 - The Narrative","1","Tue Oct 3, 2023, 9:18PM","8"
"James Trafford","BUR","G","Drop","1 - The Narrative","1","Tue Oct 3, 2023, 9:18PM","8"
"Micky van de Ven","TOT","D","Claim","1 - The Narrative","1","Tue Oct 3, 2023, 9:17PM","8"
"John McGinn","AVL","M","Claim","1-OGBEAN'S","1","Tue Oct 3, 2023, 9:14PM","8"
"Joel Matip","LIV","D","Drop","1-OGBEAN'S","1","Tue Oct 3, 2023, 9:14PM","8"
"Matheus Cunha","WOL","F","Claim","1-OGBEAN'S","1","Tue Oct 3, 2023, 9:13PM","8"
"Marc Cucurella","CHE","D","Drop","1-OGBEAN'S","1","Tue Oct 3, 2023, 9:13PM","8"
"Jose Sa","WOL","G","Claim","1-Check Complete FC","3","Tue Oct 3, 2023, 9:00PM","8"
"Ederson","MCI","G","Drop","1-Check Complete FC","3","Tue Oct 3, 2023, 9:00PM","8"
"Raphael Varane","MUN","D","Claim","1-Koke Vegas","2","Tue Oct 3, 2023, 9:00PM","8"
"Odsonne Edouard","CRY","F","Claim","1-Barkley’s Balls Sponsored by Baileys","1","Tue Oct 3, 2023, 9:00PM","8"
"Christian Eriksen","MUN","M","Claim","1-Check Complete FC","1","Tue Oct 3, 2023, 9:00PM","8"
"Harrison Reed","FUL","M","Drop","1-Check Complete FC","1","Tue Oct 3, 2023, 9:00PM","8"
"Marvelous Nakamba","LUT","M","Drop","1-Koke Vegas","1","Tue Oct 3, 2023, 8:36PM","8"
"Chiedozie Ogbene","LUT","F","Drop","1-Koke Vegas","1","Tue Oct 3, 2023, 8:09PM","8"
"Aaron Ramsey","AVL/BUR","M","Drop","1-The Dentist","1","Tue Oct 3, 2023, 3:58PM","8"
"Tim Ream","FUL","D","Claim","1-Barkley’s Balls Sponsored by Baileys","1","Mon Oct 2, 2023, 2:35PM","7"
"Carney Chukwuemeka","CHE","M","Drop","1-Barkley’s Balls Sponsored by Baileys","1","Mon Oct 2, 2023, 2:35PM","7"
"Serge Aurier","NOT","D","Claim","1-rice cooker","1","Sun Oct 1, 2023, 8:09AM","7"
"Scott McKenna","NOT","D","Drop","1-rice cooker","1","Sun Oct 1, 2023, 8:09AM","7"
"Facundo Pellistri","MUN","M","Drop","1 - The Narrative","1","Sat Sep 30, 2023, 1:47PM","8"
"Tom Lockyer","LUT","D","Drop","1-Barkley’s Balls Sponsored by Baileys","1","Sat Sep 30, 2023, 1:10PM","8"
"Joel Matip","LIV","D","Claim","1-OGBEAN'S","1","Sat Sep 30, 2023, 11:45AM","7"
"Reiss Nelson","ARS","F","Drop","1-OGBEAN'S","1","Sat Sep 30, 2023, 9:22AM","7"
"Luca Koleosho","BUR","F","Claim","1-bruNO HARD FEELINGS","1","Sat Sep 30, 2023, 9:06AM","7"
"Said Benrahma","WHU","M","Drop","1-bruNO HARD FEELINGS","1","Sat Sep 30, 2023, 9:06AM","7"
"Jamaal Lascelles","NEW","D","Claim","1-john lim","1","Sat Sep 30, 2023, 9:05AM","7"
"Rayan Ait-Nouri","WOL","D","Drop","1-john lim","1","Sat Sep 30, 2023, 9:05AM","7"
"Christian Eriksen","MUN","M","Drop","1-The Dentist","1","Sat Sep 30, 2023, 9:02AM","7"
"Facundo Pellistri","MUN","M","Claim","1 - The Narrative","1","Sat Sep 30, 2023, 9:02AM","7"
"Fabio Vieira","ARS","M","Drop","1 - The Narrative","1","Sat Sep 30, 2023, 9:02AM","7"
"Nathan Ake","MCI","D","Claim","1 - The Narrative","1","Sat Sep 30, 2023, 9:01AM","7"
"Sergio Reguilon","TOT/MUN/BRF","D","Drop","1 - The Narrative","1","Sat Sep 30, 2023, 9:01AM","7"
"James Trafford","BUR","G","Claim","1 - The Narrative","1","Sat Sep 30, 2023, 8:18AM","7"
"Matt Turner","NOT","G","Drop","1 - The Narrative","1","Sat Sep 30, 2023, 8:18AM","7"
"Tom Lockyer","LUT","D","Claim","1-Barkley’s Balls Sponsored by Baileys","1","Sat Sep 30, 2023, 1:30AM","7"
"John McGinn","AVL","M","Drop","1-Barkley’s Balls Sponsored by Baileys","1","Sat Sep 30, 2023, 1:20AM","7"
"Reiss Nelson","ARS","F","Claim","1-OGBEAN'S","1","Fri Sep 29, 2023, 10:24PM","7"
"Nicolo Zaniolo","AVL","M","Drop","1-OGBEAN'S","1","Fri Sep 29, 2023, 10:24PM","7"
"Christian Eriksen","MUN","M","Claim","1-The Dentist","1","Fri Sep 29, 2023, 9:58PM","7"
"Serge Aurier","NOT","D","Drop","1-The Dentist","1","Fri Sep 29, 2023, 9:36PM","7"
"Serge Aurier","NOT","D","Claim","1-The Dentist","1","Fri Sep 29, 2023, 8:25PM","7"
"Reiss Nelson","ARS","F","Drop","1-The Dentist","1","Fri Sep 29, 2023, 8:25PM","7"
"Reiss Nelson","ARS","F","Claim","1-The Dentist","1","Fri Sep 29, 2023, 3:38PM","7"
"Reiss Nelson","ARS","F","Drop","1-The Dentist","1","Fri Sep 29, 2023, 3:29PM","7"
"Nicolo Zaniolo","AVL","M","Claim","1-OGBEAN'S","1","Fri Sep 29, 2023, 2:03PM","7"
"Marc Cucurella","CHE","D","Claim","1-OGBEAN'S","1","Fri Sep 29, 2023, 2:03PM","7"
"Joseph Gomez","LIV","D","Drop","1-OGBEAN'S","1","Fri Sep 29, 2023, 2:03PM","7"
"Carney Chukwuemeka","CHE","M","Claim","1-Barkley’s Balls Sponsored by Baileys","1","Fri Sep 29, 2023, 12:43PM","7"
"Felipe","NOT","D","Drop","1-Barkley’s Balls Sponsored by Baileys","1","Fri Sep 29, 2023, 12:43PM","7"
"Odsonne Edouard","CRY","F","Drop","1-OGBEAN'S","1","Fri Sep 29, 2023, 10:49AM","7"
"Antony","MUN","F","Claim","1-Koke Vegas","1","Fri Sep 29, 2023, 6:59AM","7"
"Hannibal Mejbri","MUN","M","Drop","1-Koke Vegas","1","Fri Sep 29, 2023, 6:59AM","7"
"Oliver McBurnie","SHU","F","Claim","1-john lim","1","Thu Sep 28, 2023, 9:27PM","7"
"Boubacar Kamara","AVL","M","Claim","1-john lim","1","Thu Sep 28, 2023, 9:26PM","7"
"Arnaut Danjuma Groeneveld","EVE","F","Drop","1-john lim","1","Thu Sep 28, 2023, 9:05PM","7"
"Rodrigo Bentancur","TOT","M","Drop","1-john lim","1","Thu Sep 28, 2023, 9:05PM","7"
"Axel Disasi","CHE","D","Claim","1-The Dentist","1","Thu Sep 28, 2023, 9:02PM","7"
"Nicolo Zaniolo","AVL","M","Drop","1-The Dentist","1","Thu Sep 28, 2023, 9:02PM","7"
"Nicolo Zaniolo","AVL","M","Claim","1-The Dentist","1","Thu Sep 28, 2023, 4:45PM","7"
"Boubacar Kamara","AVL","M","Drop","1-The Dentist","1","Thu Sep 28, 2023, 4:45PM","7"
"Nayef Aguerd","WHU","D","Claim","1-The Dentist","1","Thu Sep 28, 2023, 4:44PM","7"
"Marc Cucurella","CHE","D","Drop","1-The Dentist","1","Thu Sep 28, 2023, 4:44PM","7"
"Marc Cucurella","CHE","D","Claim","1-The Dentist","1","Thu Sep 28, 2023, 7:33AM","7"
"Nayef Aguerd","WHU","D","Drop","1-The Dentist","1","Thu Sep 28, 2023, 7:33AM","7"
"Boubacar Kamara","AVL","M","Claim","1-The Dentist","1","Wed Sep 27, 2023, 8:18PM","7"
"Marc Cucurella","CHE","D","Drop","1-The Dentist","1","Wed Sep 27, 2023, 8:18PM","7"
"Marc Cucurella","CHE","D","Claim","1-The Dentist","1","Wed Sep 27, 2023, 7:53PM","7"
"Raphael Varane","MUN","D","Drop","1-The Dentist","1","Wed Sep 27, 2023, 7:53PM","7"
"Hannibal Mejbri","MUN","M","Claim","1-Koke Vegas","1","Wed Sep 27, 2023, 4:14PM","7"
"Tom Lockyer","LUT","D","Drop","1-Koke Vegas","1","Wed Sep 27, 2023, 4:14PM","7"
"Reiss Nelson","ARS","F","Claim","1-The Dentist","1","Wed Sep 27, 2023, 2:53PM","7"
"Alex Moreno","AVL","D","Drop","1-The Dentist","1","Wed Sep 27, 2023, 2:53PM","7"
"Nayef Aguerd","WHU","D","Claim","1-The Dentist","1","Wed Sep 27, 2023, 9:35AM","7"
"Will Hughes","CRY","M","Drop","1-The Dentist","1","Wed Sep 27, 2023, 9:02AM","7"
"Zeki Amdouni","BUR","F","Claim","1-ComeBack Szn","1","Tue Sep 26, 2023, 11:03PM","7"
"Jeffrey Schlupp","CRY","M","Drop","1-ComeBack Szn","1","Tue Sep 26, 2023, 11:03PM","7"
"Sean Longstaff","NEW","M","Claim","1-Barkley’s Balls Sponsored by Baileys","1","Tue Sep 26, 2023, 10:57PM","7"
"Will Hughes","CRY","M","Claim","1-The Dentist","1","Tue Sep 26, 2023, 10:46PM","7"
"Oliver McBurnie","SHU","F","Drop","1-The Dentist","1","Tue Sep 26, 2023, 10:46PM","7"
"Oliver McBurnie","SHU","F","Claim","1-The Dentist","1","Tue Sep 26, 2023, 10:03PM","7"
"Nathan Ake","MCI","D","Drop","1-The Dentist","1","Tue Sep 26, 2023, 10:03PM","7"
"Josh Brownhill","BUR","M","Claim","1-OGBEAN'S","1","Tue Sep 26, 2023, 9:10PM","7"
"Mario Lemina","WOL","M","Drop","1-OGBEAN'S","1","Tue Sep 26, 2023, 9:10PM","7"
"Alex Moreno","AVL","D","Claim","1-The Dentist","1","Tue Sep 26, 2023, 9:07PM","7"
"Raphael Varane","MUN","D","Claim","1-The Dentist","1","Tue Sep 26, 2023, 9:03PM","7"
"Nathan Ake","MCI","D","Claim","1-The Dentist","1","Tue Sep 26, 2023, 9:02PM","7"
"Aaron Ramsey","AVL/BUR","M","Claim","1-The Dentist","1","Tue Sep 26, 2023, 9:02PM","7"
"Emerson","WHU","D","Claim","1-The Dentist","1","Tue Sep 26, 2023, 9:02PM","7"
"Rodrigo Bentancur","TOT","M","Claim","1-john lim","1","Tue Sep 26, 2023, 9:02PM","7"
"Ryan Gravenberch","LIV","M","Claim","1 - The Narrative","3","Tue Sep 26, 2023, 9:00PM","7"
"Vitalii Mykolenko","EVE","D","Claim","1-Burnley and Old Trafford","2","Tue Sep 26, 2023, 9:00PM","7"
"Ezri Konsa","AVL","D","Drop","1-Burnley and Old Trafford","2","Tue Sep 26, 2023, 9:00PM","7"
"Tom Lockyer","LUT","D","Claim","1-Koke Vegas","3","Tue Sep 26, 2023, 9:00PM","7"
"Axel Disasi","CHE","D","Drop","1-Koke Vegas","3","Tue Sep 26, 2023, 9:00PM","7"
"Kurt Zouma","WHU","D","Claim","1 - The Narrative","2","Tue Sep 26, 2023, 9:00PM","7"
"Josh Cullen","BUR","M","Claim","1-Burnley and Old Trafford","1","Tue Sep 26, 2023, 9:00PM","7"
"Kevin Schade","BRF","M","Drop","1-Burnley and Old Trafford","1","Tue Sep 26, 2023, 9:00PM","7"
"Chiedozie Ogbene","LUT","F","Claim","1-Koke Vegas","1","Tue Sep 26, 2023, 9:00PM","7"
"James Mcatee","MCI/SHU","M","Drop","1-Koke Vegas","1","Tue Sep 26, 2023, 9:00PM","7"
"James Garner","EVE","M","Claim","1-bruNO HARD FEELINGS","1","Tue Sep 26, 2023, 9:00PM","7"
"Noni Madueke","CHE","F","Drop","1-bruNO HARD FEELINGS","1","Tue Sep 26, 2023, 9:00PM","7"
"Levi Colwill","CHE","D","Claim","1 - The Narrative","1","Tue Sep 26, 2023, 9:00PM","7"
"Joel Matip","LIV","D","Drop","1-The Dentist","1","Mon Sep 25, 2023, 11:28AM","7"
"Facundo Buonanotte","BHA","M","Drop","1-The Dentist","1","Mon Sep 25, 2023, 11:16AM","7"
"Jose Sa","WOL","G","Drop","1-The Dentist","1","Mon Sep 25, 2023, 11:14AM","7"
"Milos Kerkez","BOU","D","Drop","1 - The Narrative","1","Sun Sep 24, 2023, 10:57AM","7"
"Moises Caicedo","BHA/CHE","M","Claim","1-ComeBack Szn","1","Sun Sep 24, 2023, 8:42AM","6"
"Carlos Baleba","BHA","M","Drop","1-ComeBack Szn","1","Sun Sep 24, 2023, 8:42AM","6"
"Joel Matip","LIV","D","Claim","1-The Dentist","1","Sun Sep 24, 2023, 8:06AM","6"
"Alex Moreno","AVL","D","Drop","1-The Dentist","1","Sun Sep 24, 2023, 8:06AM","6"
"David Raya","BRF/ARS","G","Claim","1-john lim","1","Sun Sep 24, 2023, 8:05AM","6"
"Aaron Ramsdale","ARS","G","Drop","1-john lim","1","Sun Sep 24, 2023, 8:05AM","6"
"Facundo Buonanotte","BHA","M","Claim","1-The Dentist","1","Sun Sep 24, 2023, 8:03AM","6"
"Jan-Paul van Hecke","BHA","D","Drop","1-The Dentist","1","Sun Sep 24, 2023, 8:03AM","6"
"Jan-Paul van Hecke","BHA","D","Claim","1-The Dentist","1","Sat Sep 23, 2023, 9:53PM","6"
"Kurt Zouma","WHU","D","Drop","1-The Dentist","1","Sat Sep 23, 2023, 9:53PM","6"
"Fabio Vieira","ARS","M","Claim","1-The Dentist","1","Sat Sep 23, 2023, 2:21PM","6"
"Kurt Zouma","WHU","D","Claim","1-The Dentist","1","Sat Sep 23, 2023, 2:16PM","6"
"Christian Eriksen","MUN","M","Drop","1-The Dentist","1","Sat Sep 23, 2023, 2:15PM","6"
"Craig Dawson","WOL","D","Drop","1-The Dentist","1","Sat Sep 23, 2023, 12:13PM","7"
"Mads Roerslev","BRF","D","Drop","1-The Dentist","1","Sat Sep 23, 2023, 12:13PM","6"
"Mads Roerslev","BRF","D","Claim","1-The Dentist","1","Sat Sep 23, 2023, 11:36AM","6"
"Facundo Buonanotte","BHA","M","Drop","1-The Dentist","1","Sat Sep 23, 2023, 11:36AM","6"
"Nelson Semedo","WOL","D","Drop","1-Barkley’s Balls Sponsored by Baileys","1","Sat Sep 23, 2023, 11:34AM","7"
"Matheus Cunha","WOL","F","Drop","1-The Dentist","1","Sat Sep 23, 2023, 11:33AM","7"
"Joao Gomes","WOL","M","Drop","1 - The Narrative","1","Sat Sep 23, 2023, 10:53AM","7"
"Jean-Ricner Bellegarde","WOL","M","Drop","1 - The Narrative","1","Sat Sep 23, 2023, 10:53AM","7"
"Willy Boly","NOT","D","Claim","1-OGBEAN'S","1","Sat Sep 23, 2023, 9:33AM","6"
"Joao Gomes","WOL","M","Claim","1 - The Narrative","1","Sat Sep 23, 2023, 9:28AM","6"
"Cameron Archer","AVL/SHU","F","Drop","1 - The Narrative","1","Sat Sep 23, 2023, 9:28AM","6"
"Ezri Konsa","AVL","D","Claim","1-Burnley and Old Trafford","1","Sat Sep 23, 2023, 9:09AM","6"
"Nathan Ake","MCI","D","Drop","1-Burnley and Old Trafford","1","Sat Sep 23, 2023, 9:09AM","6"
"Ross Barkley","CHE/LUT","M","Drop","1-OGBEAN'S","1","Sat Sep 23, 2023, 9:01AM","6"
"Alfie Doughty","LUT","M","Claim","1-Koke Vegas","1","Sat Sep 23, 2023, 9:00AM","6"
"Ryan Giles","LUT","M,F","Drop","1-Koke Vegas","1","Sat Sep 23, 2023, 9:00AM","6"
"Thomas Kaminski","LUT","G","Claim","1-The Dentist","1","Sat Sep 23, 2023, 6:51AM","6"
"Levi Colwill","CHE","D","Drop","1-The Dentist","1","Sat Sep 23, 2023, 6:51AM","6"
"Jacob Brown","LUT","F","Claim","1-rice cooker","1","Sat Sep 23, 2023, 6:30AM","6"
"Ryan Gravenberch","LIV","M","Drop","1-rice cooker","1","Sat Sep 23, 2023, 6:30AM","6"
"Nathan Collins","BRF","D","Claim","1-rice cooker","1","Sat Sep 23, 2023, 6:27AM","6"
"Serge Aurier","NOT","D","Drop","1-rice cooker","1","Sat Sep 23, 2023, 6:27AM","6"
"Facundo Buonanotte","BHA","M","Claim","1-The Dentist","1","Fri Sep 22, 2023, 4:12PM","6"
"Mads Roerslev","BRF","D","Drop","1-The Dentist","1","Fri Sep 22, 2023, 4:12PM","6"
"Craig Dawson","WOL","D","Claim","1-The Dentist","1","Thu Sep 21, 2023, 9:13PM","6"
"Oliver McBurnie","SHU","F","Drop","1-The Dentist","1","Thu Sep 21, 2023, 9:03PM","6"
"Nathan Ake","MCI","D","Claim","1-Burnley and Old Trafford","1","Thu Sep 21, 2023, 4:37PM","6"
"Luca Koleosho","BUR","F","Drop","1-Burnley and Old Trafford","1","Thu Sep 21, 2023, 4:33PM","6"
"Felipe","NOT","D","Claim","1-Barkley’s Balls Sponsored by Baileys","1","Thu Sep 21, 2023, 11:32AM","6"
"Benoit Badiashile","CHE","D","Drop","1-Barkley’s Balls Sponsored by Baileys","1","Thu Sep 21, 2023, 11:32AM","6"
"Lewis Cook","BOU","M","Claim","1-The Dentist","1","Thu Sep 21, 2023, 9:56AM","6"
"Willy Boly","NOT","D","Drop","1-The Dentist","1","Thu Sep 21, 2023, 9:56AM","6"
"Marvelous Nakamba","LUT","M","Claim","1-Koke Vegas","1","Thu Sep 21, 2023, 6:56AM","6"
"Harry Wilson","FUL","M","Drop","1-Koke Vegas","1","Thu Sep 21, 2023, 6:56AM","6"
"Mads Roerslev","BRF","D","Claim","1-The Dentist","1","Wed Sep 20, 2023, 10:01PM","6"
"Craig Dawson","WOL","D","Drop","1-The Dentist","1","Wed Sep 20, 2023, 10:01PM","6"
"Issa Kabore","LUT","D","Claim","1-The Dentist","1","Wed Sep 20, 2023, 8:47PM","6"
"Kurt Zouma","WHU","D","Drop","1-The Dentist","1","Wed Sep 20, 2023, 8:47PM","6"
"Mateo Kovacic","MCI","M","Claim","1 - The Narrative","1","Wed Sep 20, 2023, 6:47PM","6"
"Craig Dawson","WOL","D","Claim","1-The Dentist","1","Tue Sep 19, 2023, 10:11PM","6"
"Nathan Collins","BRF","D","Drop","1-The Dentist","1","Tue Sep 19, 2023, 10:11PM","6"
"Vladimir Coufal","WHU","D","Claim","1-OGBEAN'S","1","Tue Sep 19, 2023, 9:07PM","6"
"Joel Matip","LIV","D","Drop","1-OGBEAN'S","1","Tue Sep 19, 2023, 9:07PM","6"
"Nelson Semedo","WOL","D","Claim","1-Barkley’s Balls Sponsored by Baileys","1","Tue Sep 19, 2023, 9:04PM","6"
"Neto","BOU","G","Claim","1-Barkley’s Balls Sponsored by Baileys","1","Tue Sep 19, 2023, 9:03PM","6"
"Mark Flekken","BRF","G","Drop","1-Barkley’s Balls Sponsored by Baileys","1","Tue Sep 19, 2023, 9:03PM","6"
"Kurt Zouma","WHU","D","Claim","1-The Dentist","1","Tue Sep 19, 2023, 9:01PM","6"
"Micky van de Ven","TOT","D","Drop","1-The Dentist","1","Tue Sep 19, 2023, 9:01PM","6"
"Nathan Collins","BRF","D","Claim","1-The Dentist","1","Tue Sep 19, 2023, 9:00PM","6"
"Luca Koleosho","BUR","F","Claim","1-Burnley and Old Trafford","2","Tue Sep 19, 2023, 9:00PM","6"
"Jordan Beyer","BUR","D","Drop","1-Burnley and Old Trafford","2","Tue Sep 19, 2023, 9:00PM","6"
"Axel Disasi","CHE","D","Claim","1-Koke Vegas","1","Tue Sep 19, 2023, 9:00PM","6"
"Jan-Paul van Hecke","BHA","D","Drop","1-Koke Vegas","1","Tue Sep 19, 2023, 9:00PM","6"
"Ibrahim Sangare","NOT","M","Claim","1-Burnley and Old Trafford","1","Tue Sep 19, 2023, 9:00PM","6"
"Fabio Vieira","ARS","M","Drop","1-Burnley and Old Trafford","1","Tue Sep 19, 2023, 9:00PM","6"
"Richarlison","TOT","F","Claim","1-bruNO HARD FEELINGS","1","Tue Sep 19, 2023, 9:00PM","6"
"Rico Henry","BRF","D","Drop","1-bruNO HARD FEELINGS","1","Tue Sep 19, 2023, 12:06PM","6"
"Lesley Ugochukwu","CHE","M,F","Drop","1 - The Narrative","1","Mon Sep 18, 2023, 7:23PM","6"
"Scott McKenna","NOT","D","Claim","1-rice cooker","1","Mon Sep 18, 2023, 2:41PM","5"
"Neco Williams","NOT","D","Drop","1-rice cooker","1","Mon Sep 18, 2023, 2:41PM","5"
"Jordan Beyer","BUR","D","Claim","1-Burnley and Old Trafford","1","Mon Sep 18, 2023, 2:31PM","5"
"Felipe","NOT","D","Drop","1-Burnley and Old Trafford","1","Mon Sep 18, 2023, 2:31PM","5"
"Lesley Ugochukwu","CHE","M,F","Claim","1 - The Narrative","1","Sun Sep 17, 2023, 8:55AM","5"
"Ryan Christie","BOU","M","Claim","1-rice cooker","1","Sun Sep 17, 2023, 8:09AM","5"
"Moises Caicedo","BHA/CHE","M","Drop","1-rice cooker","1","Sun Sep 17, 2023, 8:09AM","5"
"Nicolo Zaniolo","AVL","M","Drop","1-The Dentist","1","Sat Sep 16, 2023, 1:08PM","6"
"Fabio Vieira","ARS","M","Claim","1-Burnley and Old Trafford","1","Sat Sep 16, 2023, 12:22PM","5"
"Nathan Collins","BRF","D","Drop","1-Burnley and Old Trafford","1","Sat Sep 16, 2023, 12:22PM","5"
"Nathan Collins","BRF","D","Claim","1-Burnley and Old Trafford","1","Sat Sep 16, 2023, 11:33AM","5"
"Axel Disasi","CHE","D","Drop","1-Burnley and Old Trafford","1","Sat Sep 16, 2023, 11:33AM","5"
"Raul Jimenez","FUL","F","Drop","1-Barkley’s Balls Sponsored by Baileys","1","Sat Sep 16, 2023, 11:33AM","6"
"Elliot Anderson","NEW","M","Claim","1-Barkley’s Balls Sponsored by Baileys","1","Sat Sep 16, 2023, 11:31AM","5"
"Harrison Reed","FUL","M","Claim","1-Check Complete FC","1","Sat Sep 16, 2023, 9:53AM","5"
"John Stones","MCI","D","Drop","1-Check Complete FC","1","Sat Sep 16, 2023, 9:53AM","5"
"Tariq Lamptey","BHA","D","Claim","1-Check Complete FC","1","Sat Sep 16, 2023, 9:52AM","5"
"Nathan Ake","MCI","D","Drop","1 - The Narrative","1","Sat Sep 16, 2023, 9:23AM","5"
"Jan-Paul van Hecke","BHA","D","Claim","1-Koke Vegas","1","Sat Sep 16, 2023, 9:10AM","5"
"Alejandro Garnacho","MUN","M","Drop","1-Koke Vegas","1","Sat Sep 16, 2023, 9:10AM","5"
"Scott McTominay","MUN","M","Claim","1-Greek Prison XI","1","Sat Sep 16, 2023, 9:10AM","5"
"Anthony Martial","MUN","F","Drop","1-Greek Prison XI","1","Sat Sep 16, 2023, 9:10AM","5"
"Leon Bailey","AVL","M,F","Drop","1-Barkley’s Balls Sponsored by Baileys","1","Sat Sep 16, 2023, 9:06AM","5"
"Cheick Doucoure","CRY","M","Claim","1-Barkley’s Balls Sponsored by Baileys","1","Sat Sep 16, 2023, 9:05AM","5"
"Tyrick Mitchell","CRY","D","Claim","1-rice cooker","1","Sat Sep 16, 2023, 9:03AM","5"
"Mateo Kovacic","MCI","M","Drop","1-rice cooker","1","Sat Sep 16, 2023, 9:03AM","5"
"Facundo Pellistri","MUN","M","Drop","1-Barkley’s Balls Sponsored by Baileys","1","Sat Sep 16, 2023, 9:01AM","5"
"Nicolo Zaniolo","AVL","M","Claim","1-The Dentist","1","Sat Sep 16, 2023, 9:00AM","5"
"Josh Brownhill","BUR","M","Drop","1-The Dentist","1","Sat Sep 16, 2023, 9:00AM","5"
"Michail Antonio","WHU","F","Claim","1-Check Complete FC","1","Sat Sep 16, 2023, 12:11AM","5"
"Antoine Semenyo","BOU","F","Drop","1-Check Complete FC","1","Sat Sep 16, 2023, 12:08AM","5"
"Sergio Reguilon","TOT/MUN/BRF","D","Claim","1 - The Narrative","1","Fri Sep 15, 2023, 1:31PM","5"
"Mike Tresor","BUR","F","Drop","1 - The Narrative","1","Fri Sep 15, 2023, 1:31PM","5"
"Oliver McBurnie","SHU","F","Claim","1-The Dentist","1","Thu Sep 14, 2023, 9:01PM","5"
"Richarlison","TOT","F","Drop","1-The Dentist","1","Thu Sep 14, 2023, 9:01PM","5"
"Dominic Calvert-Lewin","EVE","F","Claim","1-OGBEAN'S","1","Wed Sep 13, 2023, 1:46AM","5"
"Antony","MUN","F","Drop","1-OGBEAN'S","1","Wed Sep 13, 2023, 1:46AM","5"
"Matheus Cunha","WOL","F","Claim","1-The Dentist","1","Tue Sep 12, 2023, 10:45PM","5"
"Nicolo Zaniolo","AVL","M","Drop","1-The Dentist","1","Tue Sep 12, 2023, 10:45PM","5"
"Facundo Pellistri","MUN","M","Claim","1-Barkley’s Balls Sponsored by Baileys","1","Tue Sep 12, 2023, 11:31AM","5"
"James Garner","EVE","M","Drop","1-Barkley’s Balls Sponsored by Baileys","1","Tue Sep 12, 2023, 11:31AM","5"
"Timothy Castagne","LEI/FUL","D","Claim","1-Burnley and Old Trafford","1","Mon Sep 11, 2023, 2:22PM","5"
"Matheus Cunha","WOL","F","Drop","1-Burnley and Old Trafford","1","Mon Sep 11, 2023, 2:22PM","5"
"Willian","FUL","F","Claim","1-OGBEAN'S","1","Fri Sep 8, 2023, 5:06PM","5"
"Dominic Calvert-Lewin","EVE","F","Drop","1-OGBEAN'S","1","Fri Sep 8, 2023, 5:06PM","5"
"Josh Brownhill","BUR","M","Claim","1-The Dentist","1","Thu Sep 7, 2023, 9:43PM","5"
"Willian","FUL","F","Drop","1-The Dentist","1","Thu Sep 7, 2023, 9:43PM","5"
"Alejandro Garnacho","MUN","M","Claim","1-Koke Vegas","1","Thu Sep 7, 2023, 9:43PM","5"
"Anthony Elanga","NOT","F","Drop","1-Koke Vegas","1","Thu Sep 7, 2023, 9:43PM","5"
"Joel Matip","LIV","D","Claim","1-The Dentist","1","Thu Sep 7, 2023, 9:37PM","5"
"Sergio Reguilon","TOT/MUN/BRF","D","Drop","1-The Dentist","1","Thu Sep 7, 2023, 9:37PM","5"
"Joseph Gomez","LIV","D","Claim","1-The Dentist","1","Thu Sep 7, 2023, 9:02PM","5"
"Alejandro Garnacho","MUN","M","Drop","1-The Dentist","1","Thu Sep 7, 2023, 9:02PM","5"
"Willian","FUL","F","Claim","1-The Dentist","1","Thu Sep 7, 2023, 1:15PM","5"
"Kurt Zouma","WHU","D","Drop","1-The Dentist","1","Thu Sep 7, 2023, 1:15PM","5"
"Mario Lemina","WOL","M","Claim","1-OGBEAN'S","1","Tue Sep 5, 2023, 9:21PM","5"
"Johann Gudmundsson","BUR","M","Drop","1-OGBEAN'S","1","Tue Sep 5, 2023, 9:21PM","5"
"Ross Barkley","CHE/LUT","M","Claim","1-OGBEAN'S","1","Tue Sep 5, 2023, 9:20PM","5"
"Jordan Beyer","BUR","D","Drop","1-OGBEAN'S","1","Tue Sep 5, 2023, 9:20PM","5"
"Benoit Badiashile","CHE","D","Claim","1-Barkley’s Balls Sponsored by Baileys","1","Tue Sep 5, 2023, 9:00PM","5"
"Raul Jimenez","FUL","F","Claim","1-Barkley’s Balls Sponsored by Baileys","1","Tue Sep 5, 2023, 9:00PM","5"
"Cameron Archer","AVL/SHU","F","Claim","1 - The Narrative","8","Tue Sep 5, 2023, 9:00PM","5"
"Mike Tresor","BUR","F","Claim","1 - The Narrative","7","Tue Sep 5, 2023, 9:00PM","5"
"Marcus Tavernier","BOU","M","Claim","1-The Dentist","2","Tue Sep 5, 2023, 9:00PM","5"
"Dango Ouattara","BOU","F","Claim","1-Barkley’s Balls Sponsored by Baileys","5","Tue Sep 5, 2023, 9:00PM","5"
"Cole Palmer","MCI/CHE","M","Claim","1 - The Narrative","4","Tue Sep 5, 2023, 9:00PM","5"
"Sofyan Amrabat","MUN","M","Claim","1-ComeBack Szn","2","Tue Sep 5, 2023, 9:00PM","5"
"Anthony Elanga","NOT","F","Claim","1-Koke Vegas","3","Tue Sep 5, 2023, 9:00PM","5"
"Emerson","WHU","D","Drop","1-Koke Vegas","3","Tue Sep 5, 2023, 9:00PM","5"
"Alejandro Garnacho","MUN","M","Claim","1-The Dentist","1","Tue Sep 5, 2023, 9:00PM","5"
"Gabriel Magalhaes","ARS","D","Claim","1-Barkley’s Balls Sponsored by Baileys","4","Tue Sep 5, 2023, 9:00PM","5"
"Felipe","NOT","D","Claim","1-Burnley and Old Trafford","2","Tue Sep 5, 2023, 9:00PM","5"
"Jean-Ricner Bellegarde","WOL","M","Claim","1 - The Narrative","3","Tue Sep 5, 2023, 9:00PM","5"
"Ryan Gravenberch","LIV","M","Claim","1-rice cooker","1","Tue Sep 5, 2023, 9:00PM","5"
"Oliver Norwood","SHU","M","Drop","1-rice cooker","1","Tue Sep 5, 2023, 9:00PM","5"
"Luis Sinisterra","LEE/BOU","F","Claim","1-bruNO HARD FEELINGS","2","Tue Sep 5, 2023, 9:00PM","5"
"Michail Antonio","WHU","F","Drop","1-bruNO HARD FEELINGS","2","Tue Sep 5, 2023, 9:00PM","5"
"Ansu Fati","BHA","F","Claim","1-john lim","1","Tue Sep 5, 2023, 9:00PM","5"
"Boubacar Kamara","AVL","M","Drop","1 - The Narrative","1","Mon Sep 4, 2023, 7:45PM","5"
"Alfie Doughty","LUT","M","Drop","1-The Dentist","1","Mon Sep 4, 2023, 1:46PM","5"
"Vladimir Coufal","WHU","D","Drop","1-Barkley’s Balls Sponsored by Baileys","1","Mon Sep 4, 2023, 1:13PM","5"
"John Egan","SHU","D","Drop","1-Barkley’s Balls Sponsored by Baileys","1","Mon Sep 4, 2023, 1:13PM","5"
"Fabio Silva","WOL","F","Drop","1-Barkley’s Balls Sponsored by Baileys","1","Mon Sep 4, 2023, 1:13PM","5"
"Nayef Aguerd","WHU","D","Drop","1-Burnley and Old Trafford","1","Sun Sep 3, 2023, 6:41PM","5"
"Max Aarons","BOU","D","Drop","1-The Dentist","1","Sun Sep 3, 2023, 2:01PM","5"
"Sasa Kalajdzic","WOL","F","Drop","1 - The Narrative","1","Sun Sep 3, 2023, 12:54PM","5"
"Danilo","NOT","M","Drop","1 - The Narrative","1","Sun Sep 3, 2023, 12:53PM","5"
"Sean Longstaff","NEW","M","Drop","1-Barkley’s Balls Sponsored by Baileys","1","Sat Sep 2, 2023, 11:54AM","4"
"Justin Kluivert","BOU","M,F","Drop","1-ComeBack Szn","1","Sat Sep 2, 2023, 11:34AM","5"
"Max Aarons","BOU","D","Claim","1-The Dentist","1","Sat Sep 2, 2023, 9:58AM","4"
"Thomas Partey","ARS","M","Drop","1-The Dentist","1","Sat Sep 2, 2023, 9:58AM","4"
"Sean Longstaff","NEW","M","Claim","1-Barkley’s Balls Sponsored by Baileys","1","Sat Sep 2, 2023, 9:36AM","4"
"Adama Traore","WOL/FUL","F","Drop","1-Barkley’s Balls Sponsored by Baileys","1","Sat Sep 2, 2023, 9:26AM","4"
"Jordan Beyer","BUR","D","Claim","1-OGBEAN'S","1","Sat Sep 2, 2023, 9:22AM","4"
"Ian Maatsen","CHE","D","Drop","1 - The Narrative","1","Sat Sep 2, 2023, 9:22AM","4"
"Justin Kluivert","BOU","M,F","Claim","1-ComeBack Szn","1","Sat Sep 2, 2023, 9:12AM","4"
"Pierre-Emile Hojbjerg","TOT","M","Drop","1-ComeBack Szn","1","Sat Sep 2, 2023, 9:12AM","4"
"Valentino Livramento","NEW","D","Drop","1-john lim","1","Sat Sep 2, 2023, 9:07AM","4"
"Ruben Dias","MCI","D","Claim","1-john lim","1","Sat Sep 2, 2023, 9:05AM","4"
"Nathan Collins","BRF","D","Drop","1-OGBEAN'S","1","Sat Sep 2, 2023, 9:04AM","4"
"Manor Solomon","TOT","F","Claim","1-The Dentist","1","Sat Sep 2, 2023, 9:00AM","4"
"Benoit Badiashile","CHE","D","Drop","1-The Dentist","1","Sat Sep 2, 2023, 9:00AM","4"
"Benoit Badiashile","CHE","D","Claim","1-The Dentist","1","Fri Sep 1, 2023, 10:23PM","4"
"Anel Ahmedhodzic","SHU","D","Drop","1-The Dentist","1","Fri Sep 1, 2023, 10:21PM","4"
"Alfie Doughty","LUT","M","Claim","1-The Dentist","1","Fri Sep 1, 2023, 2:03PM","4"
"Cole Palmer","MCI/CHE","M","Drop","1-The Dentist","1","Fri Sep 1, 2023, 2:03PM","4"
"Nayef Aguerd","WHU","D","Claim","1-Burnley and Old Trafford","1","Fri Sep 1, 2023, 2:03PM","4"
"Tyrick Mitchell","CRY","D","Drop","1-Burnley and Old Trafford","1","Fri Sep 1, 2023, 2:03PM","4"
"Anel Ahmedhodzic","SHU","D","Claim","1-The Dentist","1","Fri Sep 1, 2023, 1:17PM","4"
"Craig Dawson","WOL","D","Drop","1-The Dentist","1","Fri Sep 1, 2023, 1:17PM","4"
"Craig Dawson","WOL","D","Claim","1-The Dentist","1","Fri Sep 1, 2023, 12:56PM","4"
"Gabriel Magalhaes","ARS","D","Drop","1-The Dentist","1","Fri Sep 1, 2023, 12:56PM","4"
"Ian Maatsen","CHE","D","Claim","1 - The Narrative","1","Fri Sep 1, 2023, 10:37AM","4"
"Romeo Lavia","SOU/CHE","M","Drop","1 - The Narrative","1","Fri Sep 1, 2023, 10:37AM","4"
"Gabriel Magalhaes","ARS","D","Claim","1-The Dentist","1","Fri Sep 1, 2023, 10:31AM","4"
"Pablo Sarabia","WOL","M","Drop","1-The Dentist","1","Fri Sep 1, 2023, 10:31AM","4"
"Romeo Lavia","SOU/CHE","M","Claim","1 - The Narrative","1","Thu Aug 31, 2023, 9:02PM","4"
"Wataru Endo","LIV","M","Drop","1 - The Narrative","1","Thu Aug 31, 2023, 9:02PM","4"
"Mateo Kovacic","MCI","M","Claim","1-rice cooker","1","Thu Aug 31, 2023, 9:02PM","4"
"Lewis Dobbin","EVE","F","Drop","1-rice cooker","1","Thu Aug 31, 2023, 9:02PM","4"
"Johann Gudmundsson","BUR","M","Claim","1-OGBEAN'S","1","Thu Aug 31, 2023, 9:00PM","4"
"Andrey Santos","CHE/NOT","M","Drop","1-OGBEAN'S","1","Thu Aug 31, 2023, 9:00PM","4"
"Nathan Collins","BRF","D","Claim","1-OGBEAN'S","1","Thu Aug 31, 2023, 9:00PM","4"
"Nelson Semedo","WOL","D","Drop","1-OGBEAN'S","1","Thu Aug 31, 2023, 9:00PM","4"
"Carlos Baleba","BHA","M","Claim","1-ComeBack Szn","1","Thu Aug 31, 2023, 9:00PM","4"
"Willian","FUL","F","Drop","1-ComeBack Szn","1","Thu Aug 31, 2023, 9:00PM","4"
"Pierre-Emile Hojbjerg","TOT","M","Claim","1-The Dentist","1","Thu Aug 31, 2023, 2:11PM","4"
"Marc Cucurella","CHE","D","Drop","1-The Dentist","1","Thu Aug 31, 2023, 2:11PM","4"
"Wataru Endo","LIV","M","Claim","1 - The Narrative","1","Thu Aug 31, 2023, 12:17PM","4"
"Raphael Varane","MUN","D","Drop","1 - The Narrative","1","Thu Aug 31, 2023, 12:17PM","4"
"Sergio Reguilon","TOT/MUN/BRF","D","Claim","1-The Dentist","1","Thu Aug 31, 2023, 10:12AM","4"
"Ivan Perisic","TOT","M","Drop","1-The Dentist","1","Thu Aug 31, 2023, 10:12AM","4"
"James Mcatee","MCI/SHU","M","Claim","1-Koke Vegas","1","Thu Aug 31, 2023, 6:45AM","4"
"Mateo Kovacic","MCI","M","Drop","1-Koke Vegas","1","Thu Aug 31, 2023, 6:45AM","4"
"Oliver Norwood","SHU","M","Claim","1-rice cooker","1","Wed Aug 30, 2023, 2:25PM","4"
"Giovani Lo Celso","TOT","M","Drop","1-rice cooker","1","Wed Aug 30, 2023, 2:25PM","4"
"Ivan Perisic","TOT","M","Claim","1-The Dentist","1","Wed Aug 30, 2023, 1:20PM","4"
"Gabriel Magalhaes","ARS","D","Drop","1-The Dentist","1","Wed Aug 30, 2023, 1:20PM","4"
"Kurt Zouma","WHU","D","Claim","1-The Dentist","1","Wed Aug 30, 2023, 9:58AM","4"
"Nathan Collins","BRF","D","Drop","1-The Dentist","1","Wed Aug 30, 2023, 9:58AM","4"
"Willy Boly","NOT","D","Claim","1-OGBEAN'S","1","Wed Aug 30, 2023, 9:31AM","4"
"Kurt Zouma","WHU","D","Drop","1-OGBEAN'S","1","Wed Aug 30, 2023, 9:31AM","4"
"Cole Palmer","MCI/CHE","M","Claim","1-The Dentist","1","Wed Aug 30, 2023, 9:19AM","4"
"Willy Boly","NOT","D","Drop","1-The Dentist","1","Wed Aug 30, 2023, 9:19AM","4"
"Marc Cucurella","CHE","D","Claim","1-The Dentist","1","Wed Aug 30, 2023, 7:08AM","4"
"Lewis Hall","CHE/NEW","D","Drop","1-The Dentist","1","Wed Aug 30, 2023, 7:08AM","4"
"Kurt Zouma","WHU","D","Claim","1-OGBEAN'S","1","Wed Aug 30, 2023, 1:06AM","4"
"Zeki Amdouni","BUR","F","Drop","1-OGBEAN'S","1","Wed Aug 30, 2023, 1:06AM","4"
"Raphael Varane","MUN","D","Claim","1 - The Narrative","1","Tue Aug 29, 2023, 9:26PM","4"
"Boubacar Kamara","AVL","M","Claim","1 - The Narrative","1","Tue Aug 29, 2023, 9:26PM","4"
"Sasa Kalajdzic","WOL","F","Claim","1 - The Narrative","1","Tue Aug 29, 2023, 9:26PM","4"
"Illia Zabarnyi","BOU","D","Claim","1-rice cooker","1","Tue Aug 29, 2023, 9:15PM","4"
"Joe Worrall","NOT","D","Drop","1-rice cooker","1","Tue Aug 29, 2023, 9:15PM","4"
"Willy Boly","NOT","D","Claim","1-The Dentist","1","Tue Aug 29, 2023, 9:06PM","4"
"Lewis Hall","CHE/NEW","D","Claim","1-The Dentist","1","Tue Aug 29, 2023, 9:05PM","4"
"Vladimir Coufal","WHU","D","Claim","1-Barkley’s Balls Sponsored by Baileys","1","Tue Aug 29, 2023, 9:05PM","4"
"Gabriel Magalhaes","ARS","D","Claim","1-The Dentist","1","Tue Aug 29, 2023, 9:05PM","4"
"John Egan","SHU","D","Claim","1-Barkley’s Balls Sponsored by Baileys","1","Tue Aug 29, 2023, 9:05PM","4"
"Emerson","WHU","D","Claim","1-Koke Vegas","1","Tue Aug 29, 2023, 9:05PM","4"
"Ruben Dias","MCI","D","Drop","1-Koke Vegas","1","Tue Aug 29, 2023, 9:05PM","4"
"Jose Sa","WOL","G","Claim","1-The Dentist","2","Tue Aug 29, 2023, 9:05PM","4"
"James Trafford","BUR","G","Drop","1-The Dentist","2","Tue Aug 29, 2023, 9:05PM","4"
"Jordan Ayew","CRY","F","Claim","1-Barkley’s Balls Sponsored by Baileys","2","Tue Aug 29, 2023, 9:05PM","4"
"Beto","EVE","F","Claim","1-Burnley and Old Trafford","1","Tue Aug 29, 2023, 9:05PM","4"
"Mohammed Kudus","WHU","M","Claim","1-ComeBack Szn","1","Tue Aug 29, 2023, 9:05PM","4"
"Jadon Sancho","MUN","M","Drop","1 - The Narrative","1","Sun Aug 27, 2023, 3:17PM","4"
"Raul Jimenez","FUL","F","Drop","1 - The Narrative","1","Sun Aug 27, 2023, 2:55PM","4"
"Tyrell Malacia","MUN","D","Drop","1 - The Narrative","1","Sun Aug 27, 2023, 2:55PM","4"
"Wataru Endo","LIV","M","Drop","1-Burnley and Old Trafford","1","Sun Aug 27, 2023, 2:47PM","4"
"Benson Manuel","BUR","F","Drop","1-The Dentist","1","Sun Aug 27, 2023, 11:02AM","4"
"Josh Brownhill","BUR","M","Drop","1-The Dentist","1","Sun Aug 27, 2023, 11:02AM","4"
"Benson Manuel","BUR","F","Claim","1-The Dentist","1","Sun Aug 27, 2023, 8:18AM","3"
"Emiliano Martinez","AVL","G","Drop","1-The Dentist","1","Sun Aug 27, 2023, 8:18AM","3"
"Adam Webster","BHA","D","Drop","1-Barkley’s Balls Sponsored by Baileys","1","Sat Aug 26, 2023, 6:04PM","4"
"Hwang Hee-Chan","WOL","F","Drop","1-ComeBack Szn","1","Sat Aug 26, 2023, 12:41PM","4"
"Hugo Bueno","WOL","D","Drop","1-Barkley’s Balls Sponsored by Baileys","1","Sat Aug 26, 2023, 12:02PM","4"
"Joao Gomes","WOL","M","Drop","1-Barkley’s Balls Sponsored by Baileys","1","Sat Aug 26, 2023, 12:02PM","4"
"Michail Antonio","WHU","F","Claim","1-bruNO HARD FEELINGS","1","Sat Aug 26, 2023, 11:31AM","3"
"Elliot Anderson","NEW","M","Drop","1-bruNO HARD FEELINGS","1","Sat Aug 26, 2023, 11:31AM","3"
"Elliot Anderson","NEW","M","Claim","1-bruNO HARD FEELINGS","1","Sat Aug 26, 2023, 9:53AM","3"
"Jakub Kiwior","ARS","D","Drop","1-bruNO HARD FEELINGS","1","Sat Aug 26, 2023, 9:51AM","3"
"James Trafford","BUR","G","Claim","1-The Dentist","1","Sat Aug 26, 2023, 9:25AM","3"
"Cole Palmer","MCI/CHE","M","Drop","1-The Dentist","1","Sat Aug 26, 2023, 9:25AM","3"
"Justin Kluivert","BOU","M,F","Drop","1-The Dentist","1","Sat Aug 26, 2023, 9:25AM","4"
"Joe Worrall","NOT","D","Claim","1-rice cooker","1","Sat Aug 26, 2023, 9:22AM","3"
"Cheick Doucoure","CRY","M","Drop","1-rice cooker","1","Sat Aug 26, 2023, 9:22AM","3"
"Cheick Doucoure","CRY","M","Claim","1-rice cooker","1","Sat Aug 26, 2023, 9:22AM","3"
"Michael Keane","EVE","D","Drop","1-rice cooker","1","Sat Aug 26, 2023, 9:22AM","3"
"Amadou Onana","EVE","M","Claim","1-Greek Prison XI","1","Sat Aug 26, 2023, 9:17AM","3"
"Gabriel Magalhaes","ARS","D","Drop","1-Greek Prison XI","1","Sat Aug 26, 2023, 9:17AM","3"
"Hwang Hee-Chan","WOL","F","Claim","1-ComeBack Szn","1","Sat Aug 26, 2023, 9:14AM","3"
"Felipe","NOT","D","Drop","1-ComeBack Szn","1","Sat Aug 26, 2023, 9:14AM","3"
"Hugo Bueno","WOL","D","Claim","1-Barkley’s Balls Sponsored by Baileys","1","Sat Aug 26, 2023, 9:10AM","3"
"Elliot Anderson","NEW","M","Drop","1-Barkley’s Balls Sponsored by Baileys","1","Sat Aug 26, 2023, 9:10AM","3"
"Jarrad Branthwaite","EVE","D","Claim","1-john lim","1","Sat Aug 26, 2023, 9:04AM","3"
"Sasa Lukic","FUL","M","Drop","1-john lim","1","Sat Aug 26, 2023, 9:02AM","3"
"Issa Diop","FUL","D","Drop","1-john lim","1","Sat Aug 26, 2023, 9:01AM","3"
"Anthony Martial","MUN","F","Claim","1-Greek Prison XI","1","Sat Aug 26, 2023, 9:01AM","3"
"Alejandro Garnacho","MUN","M","Drop","1-Greek Prison XI","1","Sat Aug 26, 2023, 9:01AM","3"
"Jakub Kiwior","ARS","D","Claim","1-bruNO HARD FEELINGS","1","Sat Aug 26, 2023, 9:00AM","3"
"Kieran Tierney","ARS","D","Drop","1-bruNO HARD FEELINGS","1","Sat Aug 26, 2023, 9:00AM","3"
"Kieran Tierney","ARS","D","Claim","1-bruNO HARD FEELINGS","1","Sat Aug 26, 2023, 8:58AM","3"
"Justin Kluivert","BOU","M,F","Claim","1-The Dentist","1","Sat Aug 26, 2023, 6:42AM","3"
"Hamed Traore","BOU","M","Drop","1-The Dentist","1","Sat Aug 26, 2023, 6:38AM","3"
"Emerson Royal","TOT","D","Drop","1-bruNO HARD FEELINGS","1","Sat Aug 26, 2023, 6:30AM","3"
"Emerson Royal","TOT","D","Claim","1-bruNO HARD FEELINGS","1","Fri Aug 25, 2023, 2:11PM","3"
"Adam Webster","BHA","D","Claim","1-Barkley’s Balls Sponsored by Baileys","1","Fri Aug 25, 2023, 2:06PM","3"
"Ian Maatsen","CHE","D","Drop","1-Barkley’s Balls Sponsored by Baileys","1","Fri Aug 25, 2023, 2:01PM","3"
"Marc Cucurella","CHE","D","Drop","1-bruNO HARD FEELINGS","1","Fri Aug 25, 2023, 2:00PM","3"
"Marc Cucurella","CHE","D","Claim","1-bruNO HARD FEELINGS","1","Fri Aug 25, 2023, 10:01AM","3"
"Jose Sa","WOL","G","Drop","1-bruNO HARD FEELINGS","1","Fri Aug 25, 2023, 9:21AM","3"
"Wataru Endo","LIV","M","Claim","1-Burnley and Old Trafford","1","Fri Aug 25, 2023, 9:06AM","3"
"Julio Enciso","BHA","F","Drop","1-Burnley and Old Trafford","1","Fri Aug 25, 2023, 9:06AM","3"
"Zeki Amdouni","BUR","F","Claim","1-OGBEAN'S","1","Fri Aug 25, 2023, 5:48AM","3"
"Jordan Ayew","CRY","F","Drop","1-OGBEAN'S","1","Fri Aug 25, 2023, 5:48AM","3"
"Josh Brownhill","BUR","M","Claim","1-The Dentist","1","Thu Aug 24, 2023, 10:27PM","3"
"Emerson","WHU","D","Drop","1-The Dentist","1","Thu Aug 24, 2023, 10:27PM","3"
"Raul Jimenez","FUL","F","Claim","1 - The Narrative","2","Thu Aug 24, 2023, 9:50PM","3"
"Romelu Lukaku","CHE","F","Drop","1 - The Narrative","2","Thu Aug 24, 2023, 9:50PM","3"
"Taiwo Awoniyi","NOT","F","Claim","1-Koke Vegas","1","Thu Aug 24, 2023, 9:50PM","3"
"Raphael Varane","MUN","D","Drop","1-Koke Vegas","1","Thu Aug 24, 2023, 9:50PM","3"
"Jeremy Doku","MCI","F","Claim","1 - The Narrative","1","Thu Aug 24, 2023, 9:50PM","3"
"Romelu Lukaku","CHE","F","Claim","1 - The Narrative","1","Thu Aug 24, 2023, 11:05PM","3"
"João Palhinha","FUL","M","Claim","1 - The Narrative","1","Thu Aug 24, 2023, 11:05PM","3"
"Taiwo Awoniyi","NOT","F","Drop","1 - The Narrative","1","Thu Aug 24, 2023, 11:05PM","3"
"Raul Jimenez","FUL","F","Drop","1 - The Narrative","1","Thu Aug 24, 2023, 11:05PM","3"
"Ian Maatsen","CHE","D","Claim","1-Barkley’s Balls Sponsored by Baileys","1","Thu Aug 24, 2023, 9:00PM","3"
"Raul Jimenez","FUL","F","Claim","1 - The Narrative","2","Thu Aug 24, 2023, 9:00PM","3"
"João Palhinha","FUL","M","Drop","1 - The Narrative","2","Thu Aug 24, 2023, 9:00PM","3"
"Lucas Digne","AVL","D","Claim","1-Greek Prison XI","1","Thu Aug 24, 2023, 9:00PM","3"
"Josh Brownhill","BUR","M","Drop","1-Greek Prison XI","1","Thu Aug 24, 2023, 9:00PM","3"
"Taiwo Awoniyi","NOT","F","Claim","1 - The Narrative","1","Thu Aug 24, 2023, 9:00PM","3"
"Romelu Lukaku","CHE","F","Drop","1 - The Narrative","1","Thu Aug 24, 2023, 9:00PM","3"
"Andrey Santos","CHE/NOT","M","Claim","1-OGBEAN'S","1","Thu Aug 24, 2023, 6:09PM","3"
"Alvaro Fernandez","MUN","D","Drop","1-OGBEAN'S","1","Thu Aug 24, 2023, 6:09PM","3"
"Tyrell Malacia","MUN","D","Claim","1 - The Narrative","1","Thu Aug 24, 2023, 5:19PM","3"
"Justin Kluivert","BOU","M,F","Drop","1 - The Narrative","1","Thu Aug 24, 2023, 5:19PM","3"
"Alvaro Fernandez","MUN","D","Claim","1-OGBEAN'S","1","Thu Aug 24, 2023, 5:17PM","3"
"Vladimir Coufal","WHU","D","Drop","1-OGBEAN'S","1","Thu Aug 24, 2023, 5:17PM","3"
"Folarin Balogun","ARS","F","Drop","1 - The Narrative","1","Thu Aug 24, 2023, 4:26PM","3"
"John Egan","SHU","D","Drop","1-Barkley’s Balls Sponsored by Baileys","1","Thu Aug 24, 2023, 1:04AM","3"
"Alphonse Areola","WHU","G","Claim","1-OGBEAN'S","1","Wed Aug 23, 2023, 5:38PM","3"
"Thomas Kaminski","LUT","G","Drop","1-OGBEAN'S","1","Wed Aug 23, 2023, 5:38PM","3"
"Tyrick Mitchell","CRY","D","Claim","1-Burnley and Old Trafford","1","Wed Aug 23, 2023, 12:05PM","3"
"Lewis Dobbin","EVE","F","Claim","1-rice cooker","1","Wed Aug 23, 2023, 6:50AM","3"
"João Palhinha","FUL","M","Claim","1 - The Narrative","1","Tue Aug 22, 2023, 10:03PM","3"
"Nathan Ake","MCI","D","Claim","1 - The Narrative","1","Tue Aug 22, 2023, 10:01PM","3"
"Thomas Kaminski","LUT","G","Claim","1-OGBEAN'S","1","Tue Aug 22, 2023, 9:25PM","3"
"James Trafford","BUR","G","Drop","1-OGBEAN'S","1","Tue Aug 22, 2023, 9:25PM","3"
"Nathan Collins","BRF","D","Claim","1-The Dentist","1","Tue Aug 22, 2023, 9:05PM","3"
"Manor Solomon","TOT","F","Drop","1-The Dentist","1","Tue Aug 22, 2023, 9:05PM","3"
"Manor Solomon","TOT","F","Claim","1-The Dentist","1","Tue Aug 22, 2023, 9:04PM","3"
"Tyrick Mitchell","CRY","D","Drop","1-The Dentist","1","Tue Aug 22, 2023, 9:04PM","3"
"Guglielmo Vicario","TOT","G","Claim","1-bruNO HARD FEELINGS","1","Tue Aug 22, 2023, 9:01PM","3"
"Elliot Anderson","NEW","M","Claim","1-Barkley’s Balls Sponsored by Baileys","1","Tue Aug 22, 2023, 9:01PM","3"
"Tyrick Mitchell","CRY","D","Claim","1-The Dentist","1","Tue Aug 22, 2023, 9:00PM","3"
"James Garner","EVE","M","Claim","1-Barkley’s Balls Sponsored by Baileys","1","Tue Aug 22, 2023, 9:00PM","3"
"Leon Bailey","AVL","M,F","Claim","1-Barkley’s Balls Sponsored by Baileys","1","Tue Aug 22, 2023, 9:00PM","3"
"Matty Cash","AVL","D","Claim","1-The Dentist","3","Tue Aug 22, 2023, 9:00PM","3"
"Pablo Sarabia","WOL","M","Claim","1-rice cooker","3","Tue Aug 22, 2023, 9:00PM","3"
"Antoine Semenyo","BOU","F","Claim","1-Check Complete FC","2","Tue Aug 22, 2023, 9:00PM","3"
"Ruben Dias","MCI","D","Claim","1-Koke Vegas","1","Tue Aug 22, 2023, 9:00PM","3"
"Taiwo Awoniyi","NOT","F","Drop","1-Koke Vegas","1","Tue Aug 22, 2023, 9:00PM","3"
"Christian Eriksen","MUN","M","Claim","1-The Dentist","2","Tue Aug 22, 2023, 9:00PM","3"
"Giovani Lo Celso","TOT","M","Claim","1-rice cooker","1","Tue Aug 22, 2023, 9:00PM","3"
"Nicolo Zaniolo","AVL","M","Claim","1-OGBEAN'S","1","Tue Aug 22, 2023, 9:00PM","3"
"Pape Sarr","TOT","M","Claim","1-Check Complete FC","1","Tue Aug 22, 2023, 9:00PM","3"
"Ivan Perisic","TOT","M","Drop","1-Check Complete FC","1","Tue Aug 22, 2023, 9:00PM","3"
"Carney Chukwuemeka","CHE","M","Drop","1-Barkley’s Balls Sponsored by Baileys","1","Tue Aug 22, 2023, 8:43PM","3"
"Lucas Digne","AVL","D","Drop","1-rice cooker","1","Tue Aug 22, 2023, 8:14PM","3"
"Raul Jimenez","FUL","F","Drop","1-rice cooker","1","Tue Aug 22, 2023, 8:14PM","3"
"Jurrien Timber","ARS","D","Drop","1-Check Complete FC","1","Tue Aug 22, 2023, 6:11PM","3"
"Takehiro Tomiyasu","ARS","D","Drop","1-bruNO HARD FEELINGS","1","Mon Aug 21, 2023, 8:34PM","3"
"Oliver McBurnie","SHU","F","Drop","1-Barkley’s Balls Sponsored by Baileys","1","Mon Aug 21, 2023, 5:26PM","3"
"Oliver Norwood","SHU","M","Drop","1-Barkley’s Balls Sponsored by Baileys","1","Mon Aug 21, 2023, 5:08PM","3"
"Cheick Doucoure","CRY","M","Drop","1-The Dentist","1","Mon Aug 21, 2023, 5:05PM","3"
"Max Lowe","SHU","D","Drop","1-Burnley and Old Trafford","1","Mon Aug 21, 2023, 5:03PM","3"
"Amadou Onana","EVE","M","Drop","1-The Dentist","1","Sun Aug 20, 2023, 3:37PM","3"
"David Brooks","BOU","M","Drop","1-The Dentist","1","Sun Aug 20, 2023, 3:36PM","3"
"Willy Boly","NOT","D","Drop","1 - The Narrative","1","Sun Aug 20, 2023, 12:14PM","3"
"Emerson","WHU","D","Claim","1-The Dentist","1","Sun Aug 20, 2023, 10:28AM","2"
"Nayef Aguerd","WHU","D","Drop","1-The Dentist","1","Sun Aug 20, 2023, 10:28AM","2"
"Nayef Aguerd","WHU","D","Claim","1-The Dentist","1","Sun Aug 20, 2023, 10:04AM","2"
"Lewis Hall","CHE/NEW","D","Drop","1-The Dentist","1","Sun Aug 20, 2023, 10:04AM","2"
"Wes Foderingham","SHU","G","Drop","1-OGBEAN'S","1","Sun Aug 20, 2023, 12:02AM","3"
"Micky van de Ven","TOT","D","Claim","1-rice cooker","1","Sat Aug 19, 2023, 12:06PM","2"
"Pape Sarr","TOT","M","Drop","1-rice cooker","1","Sat Aug 19, 2023, 12:06PM","2"
"Jeffrey Schlupp","CRY","M","Claim","1-ComeBack Szn","1","Sat Aug 19, 2023, 11:44AM","2"
"Pierre-Emile Hojbjerg","TOT","M","Drop","1-ComeBack Szn","1","Sat Aug 19, 2023, 11:44AM","2"
"Pape Sarr","TOT","M","Claim","1-rice cooker","1","Sat Aug 19, 2023, 11:34AM","2"
"Emerson Royal","TOT","D","Drop","1-rice cooker","1","Sat Aug 19, 2023, 11:34AM","2"
"Takehiro Tomiyasu","ARS","D","Claim","1-bruNO HARD FEELINGS","1","Sat Aug 19, 2023, 11:31AM","2"
"Giovani Lo Celso","TOT","M","Drop","1-bruNO HARD FEELINGS","1","Sat Aug 19, 2023, 11:31AM","2"
"Folarin Balogun","ARS","F","Claim","1 - The Narrative","1","Sat Aug 19, 2023, 11:29AM","2"
"Aleksandar Mitrovic","FUL","F","Drop","1 - The Narrative","1","Sat Aug 19, 2023, 10:12AM","3"
"Jan-Paul van Hecke","BHA","D","Drop","1 - The Narrative","1","Sat Aug 19, 2023, 9:46AM","2"
"Rayan Ait-Nouri","WOL","D","Claim","1-john lim","1","Sat Aug 19, 2023, 9:05AM","2"
"Issa Diop","FUL","D","Claim","1-john lim","1","Sat Aug 19, 2023, 9:05AM","2"
"Ryan Christie","BOU","M","Drop","1-john lim","1","Sat Aug 19, 2023, 9:05AM","2"
"Ryan Christie","BOU","M","Claim","1-john lim","1","Sat Aug 19, 2023, 9:04AM","2"
"Matt Doherty","WOL","D","Drop","1-john lim","1","Sat Aug 19, 2023, 9:02AM","2"
"Tyrone Mings","AVL","D","Drop","1-john lim","1","Sat Aug 19, 2023, 9:02AM","2"
"Fabio Silva","WOL","F","Claim","1-Barkley’s Balls Sponsored by Baileys","1","Sat Aug 19, 2023, 9:00AM","2"
"Joao Cancelo","MCI","D","Drop","1-Barkley’s Balls Sponsored by Baileys","1","Sat Aug 19, 2023, 9:00AM","2"
"Wes Foderingham","SHU","G","Claim","1-OGBEAN'S","1","Fri Aug 18, 2023, 1:47PM","2"
"Anthony Elanga","NOT","F","Drop","1-OGBEAN'S","1","Fri Aug 18, 2023, 1:47PM","2"
"Taiwo Awoniyi","NOT","F","Claim","1-Koke Vegas","1","Fri Aug 18, 2023, 9:29AM","2"
"Micky van de Ven","TOT","D","Drop","1-Koke Vegas","1","Fri Aug 18, 2023, 9:29AM","2"
"Anthony Elanga","NOT","F","Claim","1-OGBEAN'S","1","Fri Aug 18, 2023, 1:23AM","2"
"Dango Ouattara","BOU","F","Drop","1-OGBEAN'S","1","Fri Aug 18, 2023, 1:23AM","2"
"Lewis Hall","CHE/NEW","D","Claim","1-The Dentist","1","Thu Aug 17, 2023, 11:29PM","2"
"Takehiro Tomiyasu","ARS","D","Drop","1-The Dentist","1","Thu Aug 17, 2023, 11:29PM","2"
"David Brooks","BOU","M","Claim","1-The Dentist","1","Thu Aug 17, 2023, 1:05PM","2"
"Folarin Balogun","ARS","F","Drop","1-The Dentist","1","Thu Aug 17, 2023, 1:05PM","2"
"Folarin Balogun","ARS","F","Claim","1-The Dentist","1","Thu Aug 17, 2023, 9:00AM","2"
"Anthony Elanga","NOT","F","Drop","1-The Dentist","1","Thu Aug 17, 2023, 9:00AM","2"
"Malo Gusto","CHE","D","Claim","1-bruNO HARD FEELINGS","1","Thu Aug 17, 2023, 8:29AM","2"
"Matty Cash","AVL","D","Drop","1-bruNO HARD FEELINGS","1","Thu Aug 17, 2023, 8:29AM","2"
"Anthony Elanga","NOT","F","Claim","1-The Dentist","1","Wed Aug 16, 2023, 6:50PM","2"
"Fabio Silva","WOL","F","Drop","1-The Dentist","1","Wed Aug 16, 2023, 6:50PM","2"
"Joao Cancelo","MCI","D","Claim","1-Barkley’s Balls Sponsored by Baileys","1","Wed Aug 16, 2023, 2:54PM","2"
"Anthony Elanga","NOT","F","Drop","1-Barkley’s Balls Sponsored by Baileys","1","Wed Aug 16, 2023, 2:54PM","2"
"Cheick Doucoure","CRY","M","Claim","1-The Dentist","1","Wed Aug 16, 2023, 6:54AM","2"
"James Mcatee","MCI/SHU","M","Drop","1-The Dentist","1","Wed Aug 16, 2023, 6:54AM","2"
"Matt Turner","NOT","G","Claim","1 - The Narrative","1","Tue Aug 15, 2023, 9:36PM","2"
"Robert Sanchez","CHE","G","Drop","1 - The Narrative","1","Tue Aug 15, 2023, 9:36PM","2"
"Fabio Silva","WOL","F","Claim","1-The Dentist","1","Tue Aug 15, 2023, 9:31PM","2"
"James Mcatee","MCI/SHU","M","Claim","1-The Dentist","1","Tue Aug 15, 2023, 9:31PM","2"
"Christian Eriksen","MUN","M","Drop","1-The Dentist","1","Tue Aug 15, 2023, 9:24PM","2"
"Marcus Tavernier","BOU","M","Drop","1-The Dentist","1","Tue Aug 15, 2023, 9:23PM","2"
"Christian Eriksen","MUN","M","Claim","1-The Dentist","1","Tue Aug 15, 2023, 9:11PM","2"
"Taiwo Awoniyi","NOT","F","Drop","1-The Dentist","1","Tue Aug 15, 2023, 9:11PM","2"
"Takehiro Tomiyasu","ARS","D","Claim","1-The Dentist","1","Tue Aug 15, 2023, 9:10PM","2"
"Anel Ahmedhodzic","SHU","D","Drop","1-The Dentist","1","Tue Aug 15, 2023, 9:10PM","2"
"Nelson Semedo","WOL","D","Claim","1-OGBEAN'S","1","Tue Aug 15, 2023, 9:10PM","2"
"Lewis Hall","CHE/NEW","D","Drop","1-OGBEAN'S","1","Tue Aug 15, 2023, 9:10PM","2"
"Romelu Lukaku","CHE","F","Claim","1 - The Narrative","1","Tue Aug 15, 2023, 9:09PM","2"
"Malo Gusto","CHE","D","Drop","1 - The Narrative","1","Tue Aug 15, 2023, 9:09PM","2"
"Serge Aurier","NOT","D","Claim","1-The Dentist","1","Tue Aug 15, 2023, 9:08PM","2"
"Nelson Semedo","WOL","D","Drop","1-The Dentist","1","Tue Aug 15, 2023, 9:08PM","2"
"Thomas Partey","ARS","M","Claim","1-The Dentist","1","Tue Aug 15, 2023, 9:02PM","2"
"Micky van de Ven","TOT","D","Claim","1-Koke Vegas","1","Tue Aug 15, 2023, 9:02PM","2"
"Nathan Ake","MCI","D","Drop","1-Koke Vegas","1","Tue Aug 15, 2023, 9:02PM","2"
"Nelson Semedo","WOL","D","Claim","1-The Dentist","1","Tue Aug 15, 2023, 9:01PM","2"
"Matheus Cunha","WOL","F","Claim","1-Burnley and Old Trafford","1","Tue Aug 15, 2023, 9:01PM","2"
"Malo Gusto","CHE","D","Claim","1 - The Narrative","1","Tue Aug 15, 2023, 9:01PM","2"
"Anthony Elanga","NOT","F","Claim","1-Barkley’s Balls Sponsored by Baileys","1","Tue Aug 15, 2023, 9:01PM","2"
"Max Lowe","SHU","D","Claim","1-Burnley and Old Trafford","1","Tue Aug 15, 2023, 9:01PM","2"
"Joel Ward","CRY","D","Drop","1-Burnley and Old Trafford","1","Tue Aug 15, 2023, 9:01PM","2"
"Cole Palmer","MCI/CHE","M","Claim","1-The Dentist","1","Tue Aug 15, 2023, 9:00PM","2"
"Amadou Onana","EVE","M","Claim","1-The Dentist","1","Tue Aug 15, 2023, 9:00PM","2"
"Willy Boly","NOT","D","Claim","1 - The Narrative","1","Tue Aug 15, 2023, 9:00PM","2"
"Jan-Paul van Hecke","BHA","D","Claim","1 - The Narrative","1","Tue Aug 15, 2023, 9:00PM","2"
"Joao Gomes","WOL","M","Claim","1-Barkley’s Balls Sponsored by Baileys","1","Tue Aug 15, 2023, 9:00PM","2"
"Odsonne Edouard","CRY","F","Claim","1-OGBEAN'S","1","Tue Aug 15, 2023, 9:00PM","2"
"Evan Ferguson","BHA","F","Claim","1-Koke Vegas","5","Tue Aug 15, 2023, 9:00PM","2"
"Yves Bissouma","TOT","M","Claim","1-Koke Vegas","4","Tue Aug 15, 2023, 9:00PM","2"
"Simon Adingra","BHA","F","Claim","1-Koke Vegas","3","Tue Aug 15, 2023, 9:00PM","2"
"Adama Traore","WOL/FUL","F","Claim","1-Barkley’s Balls Sponsored by Baileys","1","Tue Aug 15, 2023, 9:00PM","2"
"Gustavo Hamer","SHU","M","Claim","1-bruNO HARD FEELINGS","2","Tue Aug 15, 2023, 9:00PM","2"
"Elliot Anderson","NEW","M","Drop","1-bruNO HARD FEELINGS","2","Tue Aug 15, 2023, 9:00PM","2"
"Jack Harrison","LEE/EVE","M,F","Claim","1-Koke Vegas","1","Tue Aug 15, 2023, 9:00PM","2"
"Harry Maguire","MUN","D","Drop","1-Burnley and Old Trafford","1","Tue Aug 15, 2023, 4:16PM","2"
"Christian Eriksen","MUN","M","Drop","1-Koke Vegas","1","Tue Aug 15, 2023, 9:35AM","2"
"Joao Cancelo","MCI","D","Drop","1-Koke Vegas","1","Tue Aug 15, 2023, 8:17AM","2"
"David Brooks","BOU","M","Drop","1-Koke Vegas","1","Tue Aug 15, 2023, 7:55AM","2"
"James Ward-Prowse","SOU/WHU","M","Claim","1-Koke Vegas","1","Thu Aug 17, 2023, 11:05PM","2"
"Benson Manuel","BUR","F","Drop","1-Barkley’s Balls Sponsored by Baileys","1","Sun Aug 13, 2023, 11:18AM","2"
"Michail Antonio","WHU","F","Drop","1-Barkley’s Balls Sponsored by Baileys","1","Sun Aug 13, 2023, 11:13AM","2"
"Nathan Collins","BRF","D","Drop","1-Barkley’s Balls Sponsored by Baileys","1","Sun Aug 13, 2023, 11:13AM","2"
"Axel Disasi","CHE","D","Claim","1-Burnley and Old Trafford","1","Sun Aug 13, 2023, 10:35AM","1"
"Emerson Royal","TOT","D","Claim","1-rice cooker","1","Sat Aug 12, 2023, 9:08PM","1"
"Ben Davies","TOT","D","Drop","1-rice cooker","1","Sat Aug 12, 2023, 9:08PM","1"
"Pau Torres","AVL","D","Drop","1-The Dentist","1","Sat Aug 12, 2023, 2:43PM","2"
"Tom Lockyer","LUT","D","Drop","1-The Dentist","1","Sat Aug 12, 2023, 2:43PM","2"
"Sander Berge","BUR","M","Drop","1 - The Narrative","1","Sat Aug 12, 2023, 1:50PM","2"
"Nayef Aguerd","WHU","D","Drop","1 - The Narrative","1","Sat Aug 12, 2023, 1:50PM","2"
"Elijah Adebayo","LUT","F","Drop","1 - The Narrative","1","Sat Aug 12, 2023, 1:15PM","2"
"Robert Sanchez","CHE","G","Claim","1 - The Narrative","1","Sat Aug 12, 2023, 1:02PM","1"
"Kepa","CHE","G","Drop","1 - The Narrative","1","Sat Aug 12, 2023, 1:02PM","1"
"Tahith Chong","LUT","M","Drop","1-Koke Vegas","1","Sat Aug 12, 2023, 11:49AM","2"
"Ben Davies","TOT","D","Claim","1-rice cooker","1","Sat Aug 12, 2023, 11:35AM","1"
"Ezri Konsa","AVL","D","Drop","1-rice cooker","1","Sat Aug 12, 2023, 11:35AM","1"
"Rico Lewis","MCI","D","Drop","1-The Dentist","1","Sat Aug 12, 2023, 11:34AM","2"
"Ezri Konsa","AVL","D","Claim","1-rice cooker","1","Sat Aug 12, 2023, 11:33AM","1"
"Micky van de Ven","TOT","D","Drop","1-rice cooker","1","Sat Aug 12, 2023, 11:33AM","1"
"Lucas Digne","AVL","D","Claim","1-The Dentist","1","Sat Aug 12, 2023, 11:32AM","1"
"Alfie Doughty","LUT","M","Drop","1-Burnley and Old Trafford","1","Sat Aug 12, 2023, 9:45AM","1"
"Calvin Bassey","FUL","D","Drop","1-The Dentist","1","Sat Aug 12, 2023, 9:43AM","1"
"Ryan Giles","LUT","M,F","Claim","1-Koke Vegas","1","Sat Aug 12, 2023, 9:21AM","1"
"Igor Julio","BHA","D","Drop","1-Koke Vegas","1","Sat Aug 12, 2023, 9:21AM","1"
"Vladimir Coufal","WHU","D","Claim","1-OGBEAN'S","1","Sat Aug 12, 2023, 9:09AM","1"
"Demarai Gray","EVE","M","Drop","1-OGBEAN'S","1","Sat Aug 12, 2023, 9:07AM","1"
"Elijah Adebayo","LUT","F","Claim","1 - The Narrative","1","Sat Aug 12, 2023, 9:06AM","1"
"Vladimir Coufal","WHU","D","Drop","1 - The Narrative","1","Sat Aug 12, 2023, 9:06AM","1"
"Yoane Wissa","BRF","F","Claim","1-Greek Prison XI","1","Sat Aug 12, 2023, 9:05AM","1"
"Evan Ferguson","BHA","F","Drop","1-Greek Prison XI","1","Sat Aug 12, 2023, 9:05AM","1"
"Sasa Lukic","FUL","M","Claim","1-john lim","1","Sat Aug 12, 2023, 9:02AM","1"
"Vladimir Coufal","WHU","D","Claim","1 - The Narrative","1","Sat Aug 12, 2023, 9:01AM","1"
"Joel Veltman","BHA","D","Drop","1 - The Narrative","1","Sat Aug 12, 2023, 9:01AM","1"
"Emiliano Buendia","AVL","M","Drop","1-john lim","1","Sat Aug 12, 2023, 9:01AM","1"
"Michail Antonio","WHU","F","Claim","1-Barkley’s Balls Sponsored by Baileys","1","Sat Aug 12, 2023, 9:01AM","1"
"Odsonne Edouard","CRY","F","Drop","1-Barkley’s Balls Sponsored by Baileys","1","Sat Aug 12, 2023, 9:01AM","1"
"Joel Veltman","BHA","D","Claim","1 - The Narrative","1","Sat Aug 12, 2023, 2:47AM","1"
"Amari'i Bell","LUT","D","Drop","1 - The Narrative","1","Sat Aug 12, 2023, 2:47AM","1"
"Kepa","CHE","G","Claim","1 - The Narrative","1","Sat Aug 12, 2023, 2:42AM","1"
"Matt Turner","NOT","G","Drop","1 - The Narrative","1","Sat Aug 12, 2023, 2:42AM","1"
"Nayef Aguerd","WHU","D","Claim","1 - The Narrative","1","Sat Aug 12, 2023, 2:41AM","1"
"Tyrick Mitchell","CRY","D","Drop","1 - The Narrative","1","Sat Aug 12, 2023, 2:41AM","1"
"David Brooks","BOU","M","Claim","1-Koke Vegas","1","Sat Aug 12, 2023, 12:09AM","1"
"Igor Julio","BHA","D","Claim","1-Koke Vegas","1","Sat Aug 12, 2023, 12:01AM","1"
"Serge Aurier","NOT","D","Drop","1-Koke Vegas","1","Sat Aug 12, 2023, 12:00AM","1"
"Harry Kane","TOT","F","Drop","1-Koke Vegas","1","Sat Aug 12, 2023, 12:00AM","1"
"Tom Lockyer","LUT","D","Claim","1-The Dentist","1","Fri Aug 11, 2023, 8:33PM","1"
"Benoit Badiashile","CHE","D","Drop","1-The Dentist","1","Fri Aug 11, 2023, 8:33PM","1"
"Calvin Bassey","FUL","D","Claim","1-The Dentist","1","Fri Aug 11, 2023, 8:25PM","1"
"Ryan Christie","BOU","M","Drop","1-The Dentist","1","Fri Aug 11, 2023, 8:25PM","1"
"Taiwo Awoniyi","NOT","F","Claim","1-The Dentist","1","Fri Aug 11, 2023, 8:21PM","1"
"Anthony Elanga","NOT","F","Drop","1-The Dentist","1","Fri Aug 11, 2023, 8:21PM","1"
"Benoit Badiashile","CHE","D","Claim","1-The Dentist","1","Fri Aug 11, 2023, 8:13PM","1"
"Ryan Giles","LUT","M,F","Drop","1-The Dentist","1","Fri Aug 11, 2023, 8:13PM","1"
"Tyrick Mitchell","CRY","D","Claim","1 - The Narrative","1","Fri Aug 11, 2023, 2:06PM","1"
"Ryan Christie","BOU","M","Claim","1-The Dentist","1","Fri Aug 11, 2023, 2:06PM","1"
"Cole Palmer","MCI/CHE","M","Drop","1-The Dentist","1","Fri Aug 11, 2023, 2:06PM","1"
"Jefferson Lerma","CRY","M","Claim","1-Burnley and Old Trafford","1","Fri Aug 11, 2023, 2:06PM","1"
"Odsonne Edouard","CRY","F","Claim","1-Barkley’s Balls Sponsored by Baileys","1","Fri Aug 11, 2023, 2:06PM","1"
"Kyle Walker","MCI","D","Claim","1-bruNO HARD FEELINGS","1","Fri Aug 11, 2023, 2:05PM","1"
"Cristian Romero","TOT","D","Claim","1-Koke Vegas","1","Fri Aug 11, 2023, 2:05PM","1"
"Ruben Dias","MCI","D","Drop","1-Koke Vegas","1","Fri Aug 11, 2023, 2:05PM","1"
"Ryan Giles","LUT","M,F","Claim","1-The Dentist","1","Fri Aug 11, 2023, 2:05PM","1"
"Manor Solomon","TOT","F","Drop","1-The Dentist","1","Fri Aug 11, 2023, 2:05PM","1"
"Nathan Ake","MCI","D","Claim","1-Koke Vegas","1","Fri Aug 11, 2023, 2:05PM","1"
"Matheus Franca","CRY","F","Claim","1-ComeBack Szn","1","Fri Aug 11, 2023, 2:05PM","1"
"Sander Berge","BUR","M","Claim","1 - The Narrative","1","Fri Aug 11, 2023, 2:05PM","1"
"Rico Lewis","MCI","D","Claim","1-The Dentist","1","Fri Aug 11, 2023, 2:05PM","1"
"Anass Zaroury","BUR","F","Drop","1 - The Narrative","1","Fri Aug 11, 2023, 2:02PM","1"
"Conor Coventry","WHU","M","Drop","1-Koke Vegas","1","Fri Aug 11, 2023, 12:28PM","1"
