"ID","Player","Team","Position","RkOv","Status","Opponent","FPts","FP/G","Ros","+/-","GP","Min","G","A","KP","AFKG","APKG","SOT","TkW","DIS","YC","RC","ACNC","Int","CLR","CoS","BS","AER","PKM","PKD","OG","GAO","CS"
"*03v9d*","Son Heung-Min","TOT","F","1","I_am_Tim","TOT 5<br/>@NOR 0 F","574.75","16.42","10%","0%","35","3,004","23","7","72","0","2","49","6","46","2","0","12","13","8","51","6","16","0","2","0","30","18"
"*03aqp*","Mohamed Salah","LIV","F","2","Laeka B","WOL 1<br/>@LIV 3 F","568.5","16.24","97%","0%","35","2,751","23","13","63","0","0","60","8","81","1","0","6","6","4","53","1","7","1","2","0","22","17"
"*03srg*","Trent Alexander-Arnold","LIV","D","3","HALE","WOL 1<br/>@LIV 3 F","537.25","16.79","0%","0%","32","2,851","2","12","90","0","0","15","23","19","2","0","44","43","33","19","4","15","0","0","0","22","18"
"*02oox*","Kevin De Bruyne","MCI","M","4","McGinn","AVL 2<br/>@MCI 3 F","506.5","16.88","0%","0%","30","2,191","15","8","87","0","0","31","16","20","2","0","18","6","16","31","2","12","0","0","0","22","13"
"*0570n*","Joao Cancelo","MCI","D","5","RK U8","AVL 2<br/>@MCI 3 F","506","14.06","0%","0%","36","3,227","1","7","39","0","0","23","54","24","7","0","20","59","31","56","3","57","0","0","0","25","19"
"*02lol*","Harry Kane","TOT","F","6","McGinn","TOT 5<br/>@NOR 0 F","485","13.11","0%","0%","37","3,230","17","9","50","0","0","55","5","61","5","0","7","3","39","54","8","75","0","0","0","40","14"
"*04y92*","Bukayo Saka","ARS","M","7","HALE","EVE 1<br/>@ARS 5 F","453","11.92","100%","0%","38","2,970","11","7","68","1","0","31","21","47","6","0","11","22","21","43","2","23","0","2","0","39","13"
"*02oq8*","James Ward-Prowse","SOU","M","8","Noah B","SOU 1<br/>@LEI 4 F","450.75","12.52","32%","-6%","36","3,215","10","5","71","0","0","24","24","25","3","1","29","40","39","12","15","27","0","0","0","63","7"
"*05gcr*","Bruno Fernandes","MUN","M","9","ARA","MUN 0<br/>@CRY 1 F","444","12.33","100%","0%","36","3,108","10","6","89","0","0","29","28","40","10","0","20","17","41","26","0","19","2","0","0","54","8"
"*05os7*","Raphinha","LEE","M","10","Noah B","LEE 2<br/>@BRF 1 F","443.75","12.68","0%","0%","35","2,915","11","3","65","0","0","25","29","35","7","0","19","29","25","62","0","23","0","1","0","68","5"
"*046c5*","Jarrod Bowen","WHU","M","11","Laeka B","WHU 1<br/>@BHA 3 F","439.75","12.22","100%","0%","36","2,973","12","10","41","1","2","34","20","51","6","0","5","21","8","50","2","38","0","2","0","46","8"
"*0414o*","James Maddison","LEI","M","12","RyRob","SOU 1<br/>@LEI 4 F","402","11.49","43%","+6%","35","2,447","12","8","48","0","1","34","20","32","3","0","14","11","7","31","3","5","0","1","0","41","5"
"*052cd*","Mason Mount","CHE","M","13","YUM","WAT 1<br/>@CHE 2 F","400","12.5","17%","0%","32","2,352","11","10","58","1","0","29","16","34","4","0","14","13","11","18","1","6","0","0","0","25","11"
"*0435s*","Joel Matip","LIV","D","14","Laeka B","WOL 1<br/>@LIV 3 F","397.5","12.82","0%","0%","31","2,790","3","3","12","0","0","9","34","7","2","0","0","44","90","9","14","109","0","0","0","21","17"
"*03v6w*","Ivan Toney","BRF","F","15","Noah B","LEE 2<br/>@BRF 1 F","395.25","11.98","0%","0%","33","2,907","12","5","43","0","0","30","21","44","8","0","2","14","42","24","2","147","0","3","0","47","8"
"*03gu5*","Andrew Robertson","LIV","D","16","Noah B","WOL 1<br/>@LIV 3 F","394.25","13.59","22%","-8%","29","2,537","3","10","55","0","0","8","21","15","5","1","21","23","51","13","3","26","0","0","0","20","17"
"*03jv0*","Sadio Mane","LIV","F","17","RyRob","WOL 1<br/>@LIV 3 F","390.5","11.49","0%","0%","34","2,815","16","2","41","0","1","39","20","59","5","0","9","8","11","47","1","30","0","1","0","24","16"
"*04fk6*","Bernardo Silva","MCI","M","18","I_am_Tim","AVL 2<br/>@MCI 3 F","384.75","10.99","94%","0%","35","2,852","8","4","59","0","1","20","29","25","6","0","8","20","14","53","2","7","0","1","0","23","16"
"*051k0*","John McGinn","AVL","M","19","McGinn","AVL 2<br/>@MCI 3 F","376.25","10.75","69%","0%","35","3,089","3","4","51","0","0","16","64","28","8","0","19","35","28","44","6","23","0","0","0","48","10"
"*04qr8*","Diogo Jota","LIV","F","20","HALE","WOL 1<br/>@LIV 3 F","376","10.74","0%","0%","35","2,347","15","4","40","0","2","33","18","33","3","0","2","6","6","27","2","37","0","2","0","19","14"
"*03vlj*","Virgil van Dijk","LIV","D","21","Laeka B","WOL 1<br/>@LIV 3 F","374.5","11.01","100%","0%","34","3,060","3","1","9","0","0","14","10","3","3","0","0","31","107","6","14","117","0","0","0","21","21"
"*056iw*","Allan Saint-Maximin","NEW","M","22","Noah B","NEW 2<br/>@BUR 1 F","374.25","10.69","0%","0%","35","2,795","5","5","50","0","0","26","8","90","6","0","10","11","2","150","2","18","0","0","0","54","9"
"*04p0d*","Dwight McNeil","BUR","M","23","DYCHE","NEW 2<br/>@BUR 1 F","362.25","9.53","40%","-5%","38","3,101","0","1","47","0","0","15","49","51","1","0","33","35","21","90","11","13","0","0","0","49","9"
"*05tz8*","Emmanuel Dennis","WAT","F","24","I_am_Tim","WAT 1<br/>@CHE 2 F","359.5","10.89","0%","0%","33","2,574","10","6","33","0","1","26","35","63","7","1","7","15","12","68","2","45","0","1","0","59","3"
"*051k8*","Conor Gallagher","CRY","M","25","DYCHE","MUN 0<br/>@CRY 1 F","357.75","10.52","50%","+1%","34","2,843","8","3","38","0","1","22","37","50","10","0","22","29","23","43","9","23","0","1","0","38","11"
"*02lkp*","Raheem Sterling","MCI","F","26","YUM","AVL 2<br/>@MCI 3 F","355.5","11.85","1%","0%","30","2,114","13","5","42","0","1","28","10","54","1","0","9","12","2","53","0","4","1","2","0","17","13"
"*03vll*","Michail Antonio","WHU","F","27","RyRob","WHU 1<br/>@BHA 3 F","354.5","9.85","0%","0%","36","2,964","10","8","45","0","0","29","17","72","6","1","13","3","14","50","1","79","1","0","0","43","7"
"*0427d*","James Tarkowski","BUR","D","28","HALE","NEW 2<br/>@BUR 1 F","347.5","9.93","99%","0%","35","3,106","1","2","10","0","0","6","44","5","11","0","0","49","183","5","61","153","0","0","1","51","7"
"*05r9b*","Martin Odegaard","ARS","M","29","HALE","EVE 1<br/>@ARS 5 F","346","9.61","96%","0%","36","2,775","7","4","77","0","0","21","21","48","4","0","8","11","10","25","1","15","0","0","0","39","11"
"*05o4b*","Matty Cash","AVL","D","30","I_am_Tim","AVL 2<br/>@MCI 3 F","343.75","9.05","80%","-1%","38","3,377","4","3","28","0","0","13","50","31","8","0","19","49","82","33","16","42","0","0","0","50","13"
"*05w7s*","Cristiano Ronaldo","MUN","F","31","FA","MUN 0<br/>@CRY 1 F","343","11.43","0%","0%","30","2,449","18","3","26","0","0","43","6","30","8","0","1","2","29","20","0","42","0","2","0","41","8"
"*0327v*","Wilfried Zaha","CRY","F","32","Noah B","MUN 0<br/>@CRY 1 F","338.25","10.25","0%","0%","33","2,756","14","1","46","0","0","32","20","110","4","1","14","5","5","75","0","12","2","1","0","33","11"
"*02m66*","Marcos Alonso","CHE","D","33","RyRob","WAT 1<br/>@CHE 2 F","337","12.04","0%","0%","28","2,161","4","4","43","0","0","11","29","25","8","0","17","43","50","15","5","40","0","0","0","22","9"
"*0520r*","Leandro Trossard","BHA","M","34","Noah B","WHU 1<br/>@BHA 3 F","331.5","9.75","91%","+3%","34","2,799","8","3","47","0","0","27","20","73","2","0","11","15","7","56","4","9","0","1","0","33","11"
"*05gcp*","Tomas Soucek","WHU","M","35","YUM","WHU 1<br/>@BHA 3 F","330.25","9.44","43%","-3%","35","3,060","5","1","21","0","0","12","32","16","3","0","2","52","97","10","13","134","0","0","0","46","6"
"*051k7*","Reece James","CHE","D","36","DYCHE","WAT 1<br/>@CHE 2 F","330","12.69","95%","+3%","26","1,857","5","9","48","0","0","10","25","22","4","1","20","17","18","36","2","17","0","0","1","21","7"
"*05tr8*","Christian Norgaard","BRF","M","37","ARA","LEE 2<br/>@BRF 1 F","330","9.43","7%","0%","35","3,054","3","4","29","0","0","9","60","26","8","0","3","64","56","18","9","50","0","0","0","51","8"
"*045c8*","Gabriel Jesus","MCI","F","38","McGinn","AVL 2<br/>@MCI 3 F","328.75","11.74","10%","0%","28","1,863","8","8","38","0","0","25","12","27","1","0","4","15","6","46","0","21","0","2","0","15","11"
"*04agz*","Declan Rice","WHU","M","41","RK U8","WHU 1<br/>@BHA 3 F","320.5","8.9","100%","0%","36","3,177","1","4","24","0","0","8","42","20","8","0","6","63","49","50","21","42","0","0","0","49","8"
"*0524k*","Rodri","MCI","M","42","YUM","AVL 2<br/>@MCI 3 F","319.25","9.67","76%","-2%","33","2,883","7","2","29","0","0","14","43","23","5","0","4","28","42","12","5","85","0","0","0","22","17"
"*05w9i*","Marc Cucurella","BHA","D","43","I_am_Tim","WHU 1<br/>@BHA 3 F","316.75","9.05","97%","0%","35","3,089","1","1","42","0","0","3","62","15","6","0","28","30","65","28","14","40","0","0","0","39","11"
"*04yo7*","Youri Tielemans","LEI","M","45","I_am_Tim","SOU 1<br/>@LEI 4 F","314","9.81","85%","-3%","32","2,625","6","4","37","0","0","17","38","30","3","0","9","22","36","25","13","24","0","0","0","42","6"
"*04spq*","Jack Harrison","LEE","M","44","RyRob","LEE 2<br/>@BRF 1 F","314","8.97","3%","0%","35","2,637","8","1","42","0","0","17","37","66","3","0","13","21","16","54","1","19","0","0","0","68","3"
"*05gcx*","Josh Brownhill","BUR","M","46","YUM","NEW 2<br/>@BUR 1 F","313.75","8.96","3%","0%","35","2,949","2","3","40","0","0","9","37","18","10","0","10","68","40","15","12","47","0","0","0","45","7"
"*04abb*","Phil Foden","MCI","M","47","McGinn","AVL 2<br/>@MCI 3 F","311","11.11","97%","+5%","28","2,120","9","5","40","0","0","22","8","34","1","0","18","11","3","37","0","5","0","0","0","16","13"
"*05tr1*","Ethan Pinnock","BRF","D","48","FA","LEE 2<br/>@BRF 1 F","310.25","9.7","3%","0%","32","2,694","1","1","11","0","0","9","35","7","1","0","4","44","148","9","11","143","0","0","0","43","7"
"*05ocl*","Ollie Watkins","AVL","F","49","FA","AVL 2<br/>@MCI 3 F","308.25","8.81","99%","0%","35","2,948","11","2","35","0","0","32","13","53","7","0","1","12","25","37","3","65","0","1","0","48","10"
"*04io4*","Richarlison","EVE","F","50","RyRob","EVE 1<br/>@ARS 5 F","302.75","10.09","80%","+1%","30","2,517","10","5","29","0","0","23","23","54","9","0","5","12","33","40","4","66","0","1","0","46","7"
"*05n02*","Stuart Dallas","LEE","M","51","FA","LEE 2<br/>@BRF 1 F","302.5","8.9","0%","0%","34","2,920","1","1","31","0","0","9","55","25","5","0","12","57","56","29","14","32","0","0","0","66","5"
"*043qz*","Pierre-Emile Hojbjerg","TOT","M","53","RK U8","TOT 5<br/>@NOR 0 F","300.75","8.35","0%","0%","36","3,195","2","2","25","0","0","11","45","22","3","0","4","48","52","42","13","23","0","0","0","34","16"
"*051lc*","Pablo Fornals","WHU","M","55","DYCHE","WHU 1<br/>@BHA 3 F","297.75","8.27","0%","0%","36","2,783","6","3","48","0","0","12","28","28","4","0","9","27","14","23","2","23","0","1","0","38","8"
"*02m87*","Oriol Romeu","SOU","M","56","FA","SOU 1<br/>@LEI 4 F","292","8.11","0%","0%","36","2,880","2","2","37","0","0","4","39","16","9","0","5","51","40","30","8","67","0","0","0","52","7"
"*03dyp*","Riyad Mahrez","MCI","F","57","HALE","AVL 2<br/>@MCI 3 F","291.75","10.42","0%","0%","28","1,473","11","5","40","0","0","23","3","21","0","0","10","6","4","26","1","8","1","0","0","14","7"
"*05oyq*","Said Benrahma","WHU","F","58","RK U8","WHU 1<br/>@BHA 3 F","286.5","8.95","0%","0%","32","2,156","8","6","32","0","0","22","17","30","0","0","11","9","7","37","1","10","0","0","0","27","9"
"*052h5*","Gabriel Martinelli","ARS","M","59","YUM","EVE 1<br/>@ARS 5 F","285.75","9.85","45%","0%","29","1,849","6","6","34","0","0","16","19","34","1","1","8","20","12","45","1","18","0","0","0","25","7"
"*03yq8*","Demarai Gray","EVE","F","60","McGinn","EVE 1<br/>@ARS 5 F","282.5","8.31","0%","0%","34","2,322","5","4","42","0","0","17","19","36","3","0","20","15","13","55","2","4","0","0","0","39","6"
"*04qra*","Romain Saiss","WOL","D","61","FA","WOL 1<br/>@LIV 3 F","282","9.1","0%","0%","31","2,704","2","0","7","0","0","6","27","5","6","0","0","58","149","7","21","73","0","0","0","30","11"
"*04g1w*","Antonio Rudiger","CHE","D","62","ARA","WAT 1<br/>@CHE 2 F","281.75","8.29","0%","0%","34","3,034","3","0","12","0","2","13","28","8","9","0","5","28","87","6","11","56","0","2","0","27","15"
"*04abn*","Harvey Barnes","LEI","M","63","Noah B","SOU 1<br/>@LEI 4 F","281","8.78","69%","+9%","32","2,089","6","10","29","0","0","24","16","43","2","0","7","5","5","31","1","24","0","0","0","30","8"
"*0435t*","Ilkay Gundogan","MCI","M","64","I_am_Tim","AVL 2<br/>@MCI 3 F","278.5","10.31","1%","0%","27","1,845","8","4","38","0","0","19","9","19","1","0","3","15","10","24","1","11","0","0","0","10","14"
"*0372y*","Matt Targett","AVL/NEW","D","65","DYCHE","NEW 2<br/>@BUR 1 F","278.5","8.44","0%","0%","33","2,870","1","1","40","0","0","6","44","9","3","0","21","48","60","10","13","51","0","0","1","47","9"
"*02ygz*","Moussa Sissoko","TOT/WAT","M","67","I_am_Tim","WAT 1<br/>@CHE 2 F","275.75","7.66","0%","0%","36","3,220","2","1","36","0","0","8","27","53","5","0","13","30","60","52","13","64","0","0","0","73","4"
"*051kl*","Emiliano Buendia","AVL","M","68","YUM","AVL 2<br/>@MCI 3 F","272","7.77","30%","+1%","35","1,871","4","6","48","0","0","13","18","41","1","0","5","9","9","40","3","19","0","0","0","32","7"
"*04qr6*","Ruben Neves","WOL","M","69","RyRob","WOL 1<br/>@LIV 3 F","269.5","8.17","0%","0%","33","2,658","4","2","25","0","0","16","37","17","9","0","7","41","46","26","5","20","0","0","0","34","9"
"*04sat*","Emile Smith Rowe","ARS","M","70","HALE","EVE 1<br/>@ARS 5 F","269","8.15","33%","+2%","33","1,897","10","2","30","0","0","23","7","25","1","0","1","15","10","32","1","7","0","0","0","28","8"
"*05nt7*","Thiago Silva","CHE","D","71","DYCHE","WAT 1<br/>@CHE 2 F","267.5","8.36","0%","0%","32","2,647","3","0","7","0","1","5","21","3","2","0","1","44","95","6","31","57","0","1","0","28","11"
"*05tr2*","Pontus Jansson","BRF","D","72","ARA","LEE 2<br/>@BRF 1 F","267.25","7.22","0%","0%","37","3,321","3","1","5","0","1","11","21","5","7","0","0","52","186","2","27","103","0","1","0","56","8"
"*05ohc*","Sergio Reguilon","TOT","D","73","FA","TOT 5<br/>@NOR 0 F","267","10.68","0%","0%","25","1,912","2","3","29","0","0","9","24","13","4","0","24","31","39","19","8","31","0","0","0","25","9"
"*04tm0*","Lucas Digne","EVE/AVL","D","74","YUM","AVL 2<br/>@MCI 3 F","266.5","9.19","60%","-3%","29","2,439","0","4","52","0","0","3","29","19","6","0","26","37","62","11","13","49","0","0","1","42","7"
"*04mdn*","Anthony Gordon","EVE","F","75","ARA","EVE 1<br/>@ARS 5 F","264.5","7.56","96%","-1%","35","2,264","4","2","35","0","1","18","32","37","4","0","13","22","8","38","3","17","0","2","0","40","7"
"*04fk1*","Pascal Gross","BHA","M","76","I_am_Tim","WHU 1<br/>@BHA 3 F","264.5","9.12","74%","0%","29","2,029","2","4","60","0","0","9","15","15","1","0","19","18","21","9","8","15","1","0","0","24","8"
"*02lm7*","Jack Grealish","MCI","M","77","RyRob","AVL 2<br/>@MCI 3 F","263.25","10.12","33%","-1%","26","1,906","3","3","53","0","0","16","17","29","3","0","5","8","6","40","1","14","0","0","0","8","15"
"*0327r*","Michael Keane","EVE","D","79","RK U8","EVE 1<br/>@ARS 5 F","262.75","8.21","71%","+3%","32","2,790","3","2","8","0","0","6","25","2","2","1","0","62","128","7","28","97","0","0","2","54","8"
"*05n5p*","Mohammed Salisu","SOU","D","80","FA","SOU 1<br/>@LEI 4 F","262.75","7.73","0%","0%","34","2,970","0","0","9","0","0","10","47","10","8","1","2","78","150","13","26","101","0","0","1","57","6"
"*0554i*","Joelinton","NEW","F","81","RK U8","NEW 2<br/>@BUR 1 F","260.5","7.44","43%","+1%","35","2,547","4","1","29","0","0","14","38","60","8","0","2","34","47","37","11","99","0","0","0","46","7"
"*02lsa*","Dan Burn","BHA/NEW","D","82","HALE","NEW 2<br/>@BUR 1 F","258.75","8.92","75%","+1%","29","2,459","1","1","6","0","0","5","23","4","8","0","0","44","144","0","24","100","0","0","0","30","9"
"*04spp*","Douglas Luiz","AVL","M","84","FA","AVL 2<br/>@MCI 3 F","258.25","7.6","11%","-1%","34","2,708","2","3","37","0","0","8","39","17","7","0","4","34","22","24","7","26","0","0","0","38","10"
"*05omu*","Ruben Dias","MCI","D","85","FA","AVL 2<br/>@MCI 3 F","256.25","8.84","73%","0%","29","2,400","2","4","15","0","0","3","19","3","5","0","1","23","65","2","13","51","0","0","0","18","14"
"*04mqz*","Lucas Moura","TOT","M","86","RyRob","TOT 5<br/>@NOR 0 F","255","7.5","0%","0%","34","1,745","2","6","34","0","0","12","10","33","4","0","6","18","18","56","0","48","0","0","0","21","8"
"*051ks*","Teemu Pukki","NOR","F","87","RK U8","TOT 5<br/>@NOR 0 F","254.25","6.87","0%","0%","37","3,252","11","3","27","0","0","27","11","42","4","0","3","4","2","27","1","15","0","1","0","79","6"
"*04mqu*","Aymeric Laporte","MCI","D","88","McGinn","AVL 2<br/>@MCI 3 F","253.5","7.68","0%","0%","33","2,829","4","0","9","0","1","8","15","7","5","1","2","20","61","6","10","52","0","1","0","23","18"
"*05trb*","Bryan Mbeumo","BRF","F","89","ARA","LEE 2<br/>@BRF 1 F","252.75","7.22","100%","0%","35","2,902","4","7","34","0","0","22","16","57","4","0","12","11","14","39","6","29","0","0","0","47","9"
"*03dyk*","Jamie Vardy","LEI","F","90","DYCHE","SOU 1<br/>@LEI 4 F","252.5","10.1","0%","0%","25","1,796","15","2","18","0","0","26","5","8","2","0","2","1","17","9","0","24","0","0","1","27","4"
"*02lnf*","Joshua King","WAT","F","91","FA","WAT 1<br/>@CHE 2 F","250.75","7.84","0%","0%","32","2,239","5","3","35","0","0","17","15","42","5","0","4","8","29","30","4","100","0","1","0","47","3"
"*04t3s*","Joao Moutinho","WOL","M","93","FA","WOL 1<br/>@LIV 3 F","249.75","7.14","0%","0%","35","2,968","2","1","39","0","0","7","39","20","4","0","10","34","32","16","8","15","0","0","0","40","11"
"*051k3*","Jacob Ramsey","AVL","M","94","FA","AVL 2<br/>@MCI 3 F","247.25","7.27","12%","+1%","34","2,456","6","1","21","0","0","11","44","36","6","0","5","24","25","30","7","16","0","0","0","35","12"
"*05mxa*","Joel Veltman","BHA","D","95","FA","WHU 1<br/>@BHA 3 F","246.5","7.25","3%","0%","34","2,873","1","1","17","0","0","3","48","10","6","0","8","45","85","16","16","57","0","1","0","39","8"
"*05w9m*","Emerson Royal","TOT","D","96","ARA","TOT 5<br/>@NOR 0 F","245.75","7.93","0%","0%","31","2,276","1","1","28","0","0","4","47","18","5","0","18","22","78","17","2","33","0","0","0","26","10"
"*04yey*","Max Kilman","WOL","D","97","FA","WOL 1<br/>@LIV 3 F","244.75","8.16","19%","0%","30","2,686","1","0","3","0","0","4","26","5","3","0","0","45","106","17","21","66","0","0","0","25","10"
"*04s8k*","Jorginho","CHE","M","98","DYCHE","WAT 1<br/>@CHE 2 F","244.25","8.42","0%","0%","29","2,268","6","2","27","0","0","9","33","19","5","0","0","36","20","16","4","13","1","0","0","16","12"
"*05nzu*","Gabriel Magalhaes","ARS","D","100","RK U8","EVE 1<br/>@ARS 5 F","242.5","6.93","100%","0%","35","3,064","5","0","10","0","0","12","30","5","6","1","0","13","109","4","26","55","0","0","0","37","13"
"*04qqv*","Fred","MUN","M","101","FA","MUN 0<br/>@CRY 1 F","240.75","8.6","0%","0%","28","2,024","4","4","28","0","1","9","27","25","5","0","1","32","20","21","11","15","0","1","1","31","7"
"*04fk9*","Jan Bednarek","SOU","D","102","FA","SOU 1<br/>@LEI 4 F","240.5","7.76","0%","0%","31","2,628","4","0","6","0","0","7","15","4","10","0","1","72","139","1","27","91","0","0","1","52","7"
"*03rec*","Tyrone Mings","AVL","D","103","RK U8","AVL 2<br/>@MCI 3 F","239","6.64","12%","-1%","36","3,187","1","3","10","0","0","5","12","4","11","0","0","46","150","11","30","83","0","0","0","49","11"
"*0522h*","Alexis Mac Allister","BHA","M","104","Laeka B","WHU 1<br/>@BHA 3 F","238.25","7.22","85%","-2%","33","2,102","5","2","31","0","0","11","40","23","4","0","4","13","16","21","7","25","1","0","0","29","6"
"*04qrc*","Raul Jimenez","WOL","F","105","YUM","WOL 1<br/>@LIV 3 F","237.75","6.99","86%","-5%","34","2,625","6","4","38","0","0","16","14","57","5","2","3","13","26","36","5","63","0","0","0","28","11"
"*02lk5*","Jordan Henderson","LIV","M","108","RK U8","WOL 1<br/>@LIV 3 F","236.5","6.76","5%","0%","35","2,587","2","5","38","0","0","6","20","12","3","0","16","23","11","16","1","18","0","0","0","22","14"
"*02m4d*","Craig Dawson","WHU","D","107","HALE","WHU 1<br/>@BHA 3 F","236.5","6.96","0%","0%","34","2,750","2","2","4","0","0","6","17","5","4","1","0","29","138","4","52","94","0","0","0","42","7"
"*02lpn*","Eric Dier","TOT","D","109","I_am_Tim","TOT 5<br/>@NOR 0 F","236.25","6.75","0%","0%","35","3,071","0","0","7","0","0","5","9","2","1","0","1","27","141","1","32","70","0","0","1","30","16"
"*05o6h*","Kai Havertz","CHE","M","110","DYCHE","WAT 1<br/>@CHE 2 F","236","8.14","76%","-1%","29","1,795","8","3","21","0","1","23","8","32","3","0","2","4","30","18","1","37","0","1","0","18","10"
"*05os8*","Joachim Andersen","CRY","D","111","YUM","MUN 0<br/>@CRY 1 F","235.75","6.93","50%","-1%","34","2,912","0","3","19","0","0","3","23","8","4","0","2","37","123","7","19","56","0","0","1","37","12"
"*0522s*","Che Adams","SOU","F","113","Noah B","SOU 1<br/>@LEI 4 F","232.25","7.74","0%","0%","30","2,026","7","3","26","0","0","24","6","34","0","0","1","7","16","20","2","62","0","0","0","40","5"
"*04fyc*","Charlie Taylor","BUR","D","114","FA","NEW 2<br/>@BUR 1 F","231.5","7.47","0%","0%","31","2,729","0","3","21","0","0","0","26","15","3","0","20","58","72","27","20","58","0","0","0","48","5"
"*05akv*","Tyrick Mitchell","CRY","D","116","DYCHE","MUN 0<br/>@CRY 1 F","230.25","6.4","97%","0%","36","3,098","0","2","21","0","0","0","57","26","1","0","20","41","83","16","5","29","0","1","0","43","10"
"*04rhd*","Fabinho","LIV","M","117","FA","WOL 1<br/>@LIV 3 F","228.5","7.88","0%","0%","29","2,308","5","1","16","0","0","10","25","13","7","0","1","40","23","11","10","44","0","0","0","18","15"
"*02m5b*","Chris Wood","BUR/NEW","F","118","FA","NEW 2<br/>@BUR 1 F","228.25","6.71","63%","-7%","34","2,689","5","0","19","0","0","19","5","20","1","0","0","2","12","6","6","205","0","1","0","41","6"
"*04e1e*","Ben White","ARS","D","121","I_am_Tim","EVE 1<br/>@ARS 5 F","228","7.12","70%","-1%","32","2,880","0","0","13","0","0","4","23","11","3","0","0","42","101","10","24","62","0","0","1","35","13"
"*05tre*","Vitaly Janelt","BRF","M","120","RK U8","LEE 2<br/>@BRF 1 F","228","7.35","10%","+1%","31","2,291","4","0","23","0","0","12","32","11","3","0","5","28","30","13","7","34","0","0","0","37","9"
"*02oo1*","Ben Davies","TOT","D","119","RyRob","TOT 5<br/>@NOR 0 F","228","7.86","1%","0%","29","2,536","1","1","11","0","0","7","21","10","6","0","5","30","73","7","19","67","0","0","0","30","12"
"*03yu2*","Abdoulaye Doucoure","EVE","M","122","FA","EVE 1<br/>@ARS 5 F","227.75","7.59","0%","0%","30","2,535","2","4","19","0","0","11","43","22","6","0","1","28","30","21","8","35","0","0","0","47","5"
"*04civ*","Scott McTominay","MUN","M","123","FA","MUN 0<br/>@CRY 1 F","227","7.57","0%","0%","30","2,383","1","1","23","0","0","7","33","32","9","0","3","31","60","36","10","68","0","0","0","37","8"
"*03ena*","Aaron Cresswell","WHU","D","124","Noah B","WHU 1<br/>@BHA 3 F","226.25","7.3","0%","0%","31","2,726","2","3","31","0","0","4","18","4","3","0","17","35","64","8","18","32","0","0","0","38","7"
"*05ylx*","Dejan Kulusevski","TOT","M","126","I_am_Tim","TOT 5<br/>@NOR 0 F","223.5","12.42","30%","0%","18","1,251","5","8","25","0","0","10","13","18","3","0","7","13","2","25","0","3","0","0","0","11","9"
"*03srm*","N'Golo Kante","CHE","M","125","RyRob","WAT 1<br/>@CHE 2 F","223.5","8.6","0%","0%","26","1,763","2","4","24","0","0","9","31","28","2","0","1","31","8","35","2","14","0","0","0","19","9"
"*04rf1*","Mohamed Elyounoussi","SOU","M","130","FA","SOU 1<br/>@LEI 4 F","217.75","7.26","0%","0%","30","2,026","4","2","28","0","0","19","17","38","4","0","3","12","26","28","2","38","0","0","0","35","8"
"*03dyl*","Jeffrey Schlupp","CRY","M","131","HALE","MUN 0<br/>@CRY 1 F","217.5","6.8","0%","0%","32","1,827","4","1","18","0","1","9","25","33","1","0","3","18","31","35","9","31","0","1","0","19","8"
"*04gw7*","Jadon Sancho","MUN","M,F","132","ARA","MUN 0<br/>@CRY 1 F","216.25","7.46","7%","-4%","29","1,887","3","3","41","0","0","9","8","27","0","0","8","15","5","47","0","2","0","0","0","28","6"
"*05oh2*","Thiago Alcantara","LIV","M","133","ARA","WOL 1<br/>@LIV 3 F","214.25","8.57","0%","0%","25","1,514","1","4","29","0","0","6","29","13","2","0","1","26","12","20","2","32","0","0","0","7","11"
"*02m08*","Grant Hanley","NOR","D","134","I_am_Tim","TOT 5<br/>@NOR 0 F","214.25","6.49","0%","0%","33","2,897","1","0","6","0","0","4","25","1","2","0","0","56","174","1","45","102","0","0","0","70","6"
"*050jq*","Marc Guehi","CRY","D","135","FA","MUN 0<br/>@CRY 1 F","213.75","5.94","98%","0%","36","3,222","2","1","6","0","0","5","17","7","4","0","0","30","126","12","26","68","0","0","0","43","11"
"*05mxb*","Hakim Ziyech","CHE","M","136","DYCHE","WAT 1<br/>@CHE 2 F","213.5","9.28","0%","0%","23","1,300","4","3","30","0","0","19","10","24","3","0","10","10","8","28","1","13","0","0","0","12","7"
"*05w90*","Maxwel Cornet","BUR","D,M,F","137","YUM","NEW 2<br/>@BUR 1 F","212.5","8.17","17%","0%","26","1,760","9","1","15","0","1","22","9","33","2","0","5","10","13","13","4","24","1","2","0","24","5"
"*04ge6*","Joe Willock","NEW","M","138","FA","NEW 2<br/>@BUR 1 F","211.5","7.29","2%","-1%","29","2,023","2","0","18","2","0","11","37","20","0","0","3","21","8","36","6","16","0","0","0","37","6"
"*038ze*","Alex Iwobi","EVE","M","140","ARA","EVE 1<br/>@ARS 5 F","209","7.46","83%","+7%","28","2,024","2","2","36","0","0","6","19","27","1","0","10","20","25","32","3","9","0","0","0","38","6"
"*04fw3*","Alexandre Lacazette","ARS","F","141","FA","EVE 1<br/>@ARS 5 F","206.75","6.89","0%","0%","30","1,767","4","7","29","0","0","15","10","29","0","0","3","5","5","19","1","21","1","4","0","17","10"
"*02vlk*","Cesar Azpilicueta","CHE","D","142","Laeka B","WAT 1<br/>@CHE 2 F","206","7.63","0%","0%","27","2,064","1","2","17","0","0","4","28","10","3","0","6","23","61","15","9","46","0","0","0","23","7"
"*05nnx*","Rodrigo","LEE","F","143","YUM","LEE 2<br/>@BRF 1 F","206","6.65","0%","0%","31","2,259","6","1","38","0","0","18","9","27","9","0","10","11","26","22","0","17","0","0","0","37","5"
"*04mup*","Trevoh Chalobah","CHE","D,M","145","FA","WAT 1<br/>@CHE 2 F","204.5","10.22","60%","-7%","20","1,445","3","1","4","0","0","7","27","7","2","0","0","19","42","10","6","33","0","0","0","9","9"
"*05ojg*","Nelson Semedo","WOL","D","144","FA","WOL 1<br/>@LIV 3 F","204.5","8.18","1%","0%","25","2,131","0","1","18","0","0","4","39","27","1","0","5","21","52","39","4","15","0","0","0","18","9"
"*03zsq*","Kyle Walker-Peters","SOU","D","146","RyRob","SOU 1<br/>@LEI 4 F","202.5","6.33","8%","-5%","32","2,627","1","2","24","1","0","7","33","43","5","0","6","37","42","64","8","27","0","0","0","49","6"
"*05g2o*","Joao Pedro","WAT","F","147","HALE","WAT 1<br/>@CHE 2 F","202.25","7.22","100%","0%","28","1,624","3","1","19","0","0","16","14","58","1","0","4","15","17","62","3","56","0","0","0","35","2"
"*02rll*","Nathan Redmond","SOU","M","148","FA","SOU 1<br/>@LEI 4 F","201.75","7.47","0%","0%","27","1,822","1","5","34","1","0","9","14","15","0","0","14","8","13","21","2","13","0","0","0","33","4"
"*04jyc*","Davinson Sanchez","TOT","D","149","Laeka B","TOT 5<br/>@NOR 0 F","201.5","8.76","0%","0%","23","1,621","2","0","5","0","0","3","22","2","4","0","1","30","54","4","16","47","0","0","0","16","10"
"*04sft*","Yves Bissouma","BHA","M","150","HALE","WHU 1<br/>@BHA 3 F","200.75","7.72","2%","0%","26","2,109","1","2","8","0","0","5","49","25","10","0","0","49","47","34","3","16","0","0","0","28","7"
"*05os4*","Rayan Ait-Nouri","WOL","D","151","FA","WOL 1<br/>@LIV 3 F","200.5","8.72","79%","-4%","23","1,821","1","2","17","0","1","4","36","27","4","0","16","22","30","42","2","17","0","1","0","26","7"
"*05gcq*","Daniel Podence","WOL","M","152","FA","WOL 1<br/>@LIV 3 F","200.25","7.7","0%","0%","26","1,459","2","3","36","0","0","15","11","34","2","0","11","10","0","35","1","2","0","0","0","12","9"
"*02lp7*","Andros Townsend","EVE","M","153","FA","EVE 1<br/>@ARS 5 F","199.75","9.51","0%","0%","21","1,449","3","2","31","0","0","10","17","19","3","0","20","14","4","26","2","7","0","0","0","30","3"
"*05ubg*","Pierre Lees-Melou","NOR","M","154","FA","TOT 5<br/>@NOR 0 F","198.75","6.02","0%","0%","33","2,255","1","0","25","0","1","9","36","17","5","0","10","25","20","19","11","14","0","1","0","55","4"
"*04u41*","Mateo Kovacic","CHE","M","155","FA","WAT 1<br/>@CHE 2 F","198.25","7.93","2%","0%","25","1,543","2","5","27","0","0","6","31","22","4","0","1","7","9","38","4","5","0","0","0","11","8"
"*05twm*","Milot Rashica","NOR","M","156","FA","TOT 5<br/>@NOR 0 F","198","6.39","0%","0%","31","2,219","1","2","36","0","0","17","19","38","0","0","13","15","22","16","3","12","0","0","0","56","4"
"*03dxq*","Danny Ings","AVL","F","157","DYCHE","AVL 2<br/>@MCI 3 F","197.5","6.58","0%","0%","30","1,881","7","6","15","0","0","18","16","21","4","0","0","6","20","10","2","27","0","0","0","26","10"
"*05s08*","Valentino Livramento","SOU","D","159","FA","SOU 1<br/>@LEI 4 F","197","7.04","42%","-1%","28","2,198","1","1","20","0","1","3","28","19","2","0","12","47","47","30","9","24","0","1","0","42","7"
"*04e1c*","Lewis Dunk","BHA","D","158","FA","WHU 1<br/>@BHA 3 F","197","6.79","32%","+5%","29","2,573","1","0","3","0","0","7","8","3","3","1","1","27","111","4","28","81","0","0","0","32","10"
"*03yr0*","Daniel James","MUN/LEE","M","160","RK U8","LEE 2<br/>@BRF 1 F","196","5.76","18%","0%","34","2,486","4","4","27","0","1","18","15","25","7","1","6","8","11","21","1","14","0","1","0","49","5"
"*05os5*","Alex Telles","MUN","D","161","McGinn","MUN 0<br/>@CRY 1 F","196","9.33","0%","0%","21","1,656","0","4","26","0","0","3","27","10","1","0","16","26","43","12","4","30","0","0","0","26","5"
"*02yhi*","Philippe Coutinho","LIV/AVL","M","162","FA","AVL 2<br/>@MCI 3 F","194.25","10.22","0%","0%","19","1,325","5","3","25","0","0","16","12","20","0","0","3","7","4","21","1","5","0","0","0","17","7"
"*05os9*","Thomas Partey","ARS","M","163","FA","EVE 1<br/>@ARS 5 F","194","8.08","0%","0%","24","2,025","2","1","17","0","0","10","29","17","5","0","0","23","34","35","4","24","0","0","0","24","10"
"*02lnx*","Danny Welbeck","BHA","F","166","FA","WHU 1<br/>@BHA 3 F","191.5","7.66","89%","+1%","25","1,462","6","2","18","0","1","22","7","22","0","0","0","5","18","10","2","47","0","1","0","16","5"
"*03sd5*","Manuel Lanzini","WHU","M","164","FA","WHU 1<br/>@BHA 3 F","191.5","6.38","0%","0%","30","1,765","5","3","23","0","0","7","15","16","2","0","4","19","10","25","0","5","0","0","0","29","4"
"*05749*","Kieran Tierney","ARS","D","165","FA","EVE 1<br/>@ARS 5 F","191.5","8.7","0%","0%","22","1,914","1","3","20","0","0","5","14","8","0","0","16","15","49","9","5","12","0","0","0","21","11"
"*05gcc*","Kiernan Dewsbury-Hall","LEI","M","167","McGinn","SOU 1<br/>@LEI 4 F","190","6.79","87%","0%","28","2,097","1","2","35","0","0","3","24","46","4","0","8","21","23","30","8","16","0","0","0","27","8"
"*05w9q*","Odsonne Edouard","CRY","F","168","DYCHE","MUN 0<br/>@CRY 1 F","189.5","6.77","0%","0%","28","1,546","6","3","21","0","0","18","10","28","4","0","0","0","18","30","5","38","0","0","0","19","9"
"*04e1k*","Solly March","BHA","M","169","FA","WHU 1<br/>@BHA 3 F","188.25","6.07","1%","0%","31","1,718","0","2","35","0","0","10","17","29","1","0","13","17","23","23","3","17","0","0","0","23","7"
"*05gvx*","Armando Broja","SOU","F","170","FA","SOU 1<br/>@LEI 4 F","188","5.88","2%","0%","32","1,952","6","0","10","1","1","21","5","50","2","0","0","3","11","33","1","88","0","1","0","37","5"
"*05mzx*","Liam Cooper","LEE","D","171","ARA","LEE 2<br/>@BRF 1 F","188","8.95","0%","0%","21","1,814","0","1","4","0","0","1","23","1","5","0","0","43","72","3","18","82","0","0","0","26","5"
"*02m7x*","Romelu Lukaku","CHE","F","172","RK U8","WAT 1<br/>@CHE 2 F","187.25","7.2","0%","0%","26","1,572","8","0","24","0","1","15","1","25","1","0","0","0","20","13","1","51","0","3","0","14","7"
"*03sgc*","Jordan Ayew","CRY","F","173","FA","MUN 0<br/>@CRY 1 F","186.75","6.02","0%","0%","31","2,003","3","3","23","1","0","8","30","77","2","0","8","15","12","34","3","32","0","1","0","31","9"
"*03dx7*","Ben Mee","BUR","D","174","FA","NEW 2<br/>@BUR 1 F","186","8.86","0%","0%","21","1,839","3","0","5","0","0","4","12","0","3","0","1","24","92","4","22","68","0","0","1","25","6"
"*02lnq*","Paul Pogba","MUN","M","175","FA","MUN 0<br/>@CRY 1 F","186","9.3","0%","0%","20","1,343","1","9","24","0","0","8","9","27","7","1","3","13","16","39","0","36","0","0","0","22","2"
"*05uoe*","Juraj Kucka","WAT","M","176","FA","WAT 1<br/>@CHE 2 F","184.5","7.1","0%","0%","26","1,915","1","1","10","0","0","11","39","19","3","1","5","27","44","17","9","57","0","0","1","34","2"
"*02ljr*","Conor Coady","WOL","D","177","FA","WOL 1<br/>@LIV 3 F","183.75","4.84","0%","0%","38","3,361","4","0","3","0","0","4","14","1","5","0","0","28","139","1","40","32","0","0","0","43","11"
"*05n04*","Mateusz Klich","LEE","M","178","FA","LEE 2<br/>@BRF 1 F","182","5.52","0%","0%","33","2,060","1","2","31","0","0","18","25","22","5","0","6","11","18","20","4","7","0","0","0","52","1"
"*05tqz*","Rico Henry","BRF","D","179","McGinn","LEE 2<br/>@BRF 1 F","181.5","5.34","2%","0%","34","2,774","3","0","18","0","0","5","20","34","2","0","19","26","56","27","10","27","0","0","0","41","9"
"*04u6q*","Caglar Soyuncu","LEI","D","180","RK U8","SOU 1<br/>@LEI 4 F","179","6.39","0%","0%","28","2,497","1","0","3","0","0","1","30","3","5","0","2","32","112","4","27","92","0","0","0","44","5"
"*051ko*","Kenny McLean","NOR","M","181","FA","TOT 5<br/>@NOR 0 F","178.75","5.77","0%","0%","31","2,702","1","0","10","0","0","6","22","14","3","0","2","34","51","19","7","68","0","0","0","62","6"
"*05w9r*","Takehiro Tomiyasu","ARS","D","182","FA","EVE 1<br/>@ARS 5 F","178","8.48","0%","0%","21","1,678","0","1","13","0","0","2","17","12","2","0","13","24","55","9","3","47","0","0","0","20","9"
"*04tig*","Fabian Schar","NEW","D","183","FA","NEW 2<br/>@BUR 1 F","177","7.08","28%","0%","25","2,158","2","2","9","0","0","8","11","5","4","0","1","32","95","6","18","45","0","0","0","32","6"
"*05u94*","Michael Olise","CRY","M","184","FA","MUN 0<br/>@CRY 1 F","175.5","6.75","0%","0%","26","1,116","2","5","24","0","0","10","18","21","4","0","11","6","6","28","0","7","0","0","0","14","4"
"*04qfz*","Diogo Dalot","MUN","D","185","Noah B","MUN 0<br/>@CRY 1 F","174.5","7.27","83%","-2%","24","1,794","0","0","16","0","0","4","41","8","4","0","14","29","56","17","13","29","0","0","0","29","5"
"*05748*","Ismaila Sarr","WAT","F","187","FA","WAT 1<br/>@CHE 2 F","173","7.86","93%","0%","22","1,860","5","2","21","0","0","17","7","40","2","0","9","9","9","34","1","10","1","0","0","40","2"
"*05uel*","Kristoffer Ajer","BRF","D","188","FA","LEE 2<br/>@BRF 1 F","170.25","7.09","6%","+1%","24","1,980","1","3","8","0","0","1","18","7","5","0","3","26","71","13","11","49","0","0","0","31","8"
"*05tr9*","Mathias Jensen","BRF","M","189","ARA","LEE 2<br/>@BRF 1 F","169.75","5.48","51%","0%","31","1,579","0","1","35","0","0","5","18","15","0","0","14","22","11","15","3","7","0","0","0","30","3"
"*05opk*","Vladimir Coufal","WHU","D","190","FA","WHU 1<br/>@BHA 3 F","169.5","6.05","0%","0%","28","2,205","0","4","21","0","0","5","25","15","3","1","19","22","57","15","9","33","0","0","1","35","6"
"*03eki*","Cheikhou Kouyate","CRY","D,M","191","FA","MUN 0<br/>@CRY 1 F","169.25","6.27","0%","0%","27","1,965","0","1","5","0","0","0","38","11","3","0","1","38","33","13","14","51","0","0","0","28","8"
"*03gu4*","Harry Maguire","MUN","D","192","FA","MUN 0<br/>@CRY 1 F","168.75","5.62","43%","+3%","30","2,510","1","0","4","0","0","10","21","5","7","1","0","32","100","4","29","75","0","0","1","41","7"
"*05uoc*","Cristian Romero","TOT","D","193","FA","TOT 5<br/>@NOR 0 F","168.5","7.66","50%","-1%","22","1,844","1","0","6","0","0","2","39","5","8","0","0","33","72","9","21","43","0","0","0","25","5"
"*05u1m*","Nathan Collins","BUR","D","194","McGinn","NEW 2<br/>@BUR 1 F","168","8.84","82%","+1%","19","1,667","2","0","6","0","0","5","15","4","2","1","1","24","81","5","25","59","0","0","0","25","5"
"*04aj0*","Ademola Lookman","FUL/LEI","M","195","I_am_Tim","SOU 1<br/>@LEI 4 F","168","6.46","0%","0%","26","1,439","6","0","23","0","0","12","14","52","2","0","1","10","2","38","1","3","0","0","0","31","2"
"*05uor*","Yoane Wissa","BRF","M","196","Laeka B","LEE 2<br/>@BRF 1 F","166.75","5.56","45%","-1%","30","1,248","7","1","9","0","0","13","6","6","0","0","1","8","5","19","5","20","0","0","0","22","3"
"*0435m*","Granit Xhaka","ARS","M","197","FA","EVE 1<br/>@ARS 5 F","165.75","6.14","80%","+1%","27","2,327","1","2","32","0","0","5","18","23","10","1","9","21","28","19","6","27","0","0","0","35","6"
"*05o4c*","Timothy Castagne","LEI","D","198","HALE","SOU 1<br/>@LEI 4 F","165","6.11","18%","+4%","27","2,121","1","0","15","0","0","3","31","11","1","0","10","29","46","6","9","39","0","0","0","30","6"
"*056mf*","Neal Maupay","BHA","F","199","FA","WHU 1<br/>@BHA 3 F","165","5.16","0%","0%","32","2,263","8","2","23","0","0","15","10","51","7","0","2","2","1","21","2","21","1","0","0","31","7"
"*02lla*","James McArthur","CRY","M","200","FA","MUN 0<br/>@CRY 1 F","164.75","7.85","0%","0%","21","1,426","0","3","16","0","0","3","23","14","4","0","5","30","26","21","9","22","0","0","0","15","5"
"*05yld*","Luis Diaz","LIV","F","201","HALE","WOL 1<br/>@LIV 3 F","164.25","12.63","5%","0%","13","951","4","3","20","0","0","13","7","26","0","0","5","4","2","31","0","15","0","0","0","4","6"
"*04spy*","Mason Greenwood","MUN","F","202","FA","MUN 0<br/>@CRY 1 F","163.5","9.08","0%","0%","18","1,266","5","1","17","0","0","19","9","16","1","0","4","1","6","32","0","4","0","0","0","18","3"
"*05w91*","Hwang Hee-Chan","WOL","F","203","FA","WOL 1<br/>@LIV 3 F","162.5","5.42","3%","0%","30","1,793","5","1","16","0","0","12","13","24","2","0","2","13","7","33","0","8","0","0","0","22","7"
"*02w6w*","Ashley Westwood","BUR","M","204","FA","NEW 2<br/>@BUR 1 F","161.75","5.99","0%","0%","27","2,285","0","3","33","0","0","2","12","14","7","0","11","30","15","10","9","9","0","0","0","40","4"
"*05o6w*","Allan","EVE","M","205","FA","EVE 1<br/>@ARS 5 F","160.25","5.72","0%","0%","28","2,176","0","2","15","0","1","3","44","24","7","1","3","23","36","21","9","11","0","1","0","38","6"
"*0329y*","Joel Ward","CRY","D","206","FA","MUN 0<br/>@CRY 1 F","160.25","5.72","0%","0%","28","2,485","0","0","7","0","0","1","26","18","8","0","4","32","95","20","11","58","0","0","0","37","9"
"*05a6d*","Tariq Lamptey","BHA","D","207","FA","WHU 1<br/>@BHA 3 F","160","5.33","0%","0%","30","1,533","0","2","21","0","0","4","25","21","4","0","19","21","20","29","3","7","0","0","0","21","6"
"*05u6n*","Trincao","WOL","F","208","FA","WOL 1<br/>@LIV 3 F","159.75","5.71","0%","0%","28","1,316","2","1","14","0","0","14","15","18","0","0","8","12","0","44","1","6","0","0","0","15","7"
"*0411y*","Sergi Canos","BRF","F","209","FA","LEE 2<br/>@BRF 1 F","158.75","5.12","0%","0%","31","2,072","3","2","17","0","0","13","25","25","6","1","10","22","35","23","3","9","0","0","1","35","8"
"*05ylj*","Bruno Guimaraes","NEW","M","211","Noah B","NEW 2<br/>@BUR 1 F","158.5","9.32","100%","0%","17","1,025","5","1","12","0","0","12","23","29","4","0","5","9","12","22","6","4","0","0","0","13","4"
"*030v5*","Andreas Christensen","CHE","D","210","FA","WAT 1<br/>@CHE 2 F","158.5","8.34","0%","0%","19","1,492","0","0","6","0","0","0","8","1","2","0","1","29","51","4","6","49","0","0","0","11","9"
"*05ycu*","Hassane Kamara","WAT","D","212","FA","WAT 1<br/>@CHE 2 F","157.75","8.3","0%","0%","19","1,622","1","0","10","0","0","1","34","6","3","1","5","69","60","15","4","30","0","0","0","37","3"
"*04rd1*","Stuart Armstrong","SOU","M","213","McGinn","SOU 1<br/>@LEI 4 F","157.5","6.3","0%","0%","25","1,452","2","0","25","0","1","9","19","27","1","0","9","8","13","27","1","4","0","1","0","30","3"
"*04yim*","Christian Pulisic","CHE","M","214","RK U8","WAT 1<br/>@CHE 2 F","157.5","7.16","0%","0%","22","1,274","6","2","15","0","0","11","7","25","2","0","2","5","8","25","0","12","0","0","0","10","6"
"*037wp*","Christian Eriksen","TOT/BRF","M","215","Laeka B","LEE 2<br/>@BRF 1 F","156.75","14.25","0%","0%","11","937","1","4","30","0","0","9","6","9","1","0","15","9","12","8","1","5","0","0","0","10","4"
"*05udk*","Cucho Hernandez","WAT","F","216","FA","WAT 1<br/>@CHE 2 F","156","6.24","0%","0%","25","1,125","5","2","20","0","0","11","5","14","3","0","8","5","9","18","1","33","0","0","1","34","1"
"*049tq*","Dominic Calvert-Lewin","EVE","F","218","RyRob","EVE 1<br/>@ARS 5 F","152.75","8.99","82%","0%","17","1,277","5","2","10","0","0","13","8","13","2","0","0","3","12","2","2","93","1","1","0","31","3"
"*02lpl*","Seamus Coleman","EVE","D","219","RyRob","EVE 1<br/>@ARS 5 F","152.5","5.08","0%","0%","30","2,656","1","0","13","0","1","1","36","20","4","0","13","32","74","34","11","25","0","1","1","50","7"
"*03u2b*","Adama Traore","WOL","F","220","FA","WOL 1<br/>@LIV 3 F","152.25","7.61","9%","0%","20","1,049","1","0","18","1","0","5","3","29","0","0","9","2","1","83","1","15","0","0","0","10","5"
"*03rxz*","Roberto Firmino","LIV","F","221","Laeka B","WOL 1<br/>@LIV 3 F","152","7.6","0%","0%","20","968","5","4","16","0","0","11","14","25","3","0","1","4","3","17","0","14","0","0","0","9","5"
"*02yl5*","John Stones","MCI","D","222","McGinn","AVL 2<br/>@MCI 3 F","151.25","10.8","4%","0%","14","1,115","1","0","4","0","0","5","3","1","0","0","0","11","25","8","3","47","0","0","0","6","9"
"*03g40*","Kelechi Iheanacho","LEI","F","223","DYCHE","SOU 1<br/>@LEI 4 F","150.25","5.78","0%","0%","26","1,239","4","5","17","0","0","12","7","21","1","0","1","4","10","16","0","16","0","0","0","25","1"
"*03am7*","Jacob Murphy","NEW","M","224","FA","NEW 2<br/>@BUR 1 F","149.75","4.54","56%","0%","33","1,439","1","2","20","0","0","5","26","21","4","0","8","23","16","13","2","14","0","0","0","35","2"
"*02m11*","Matt Doherty","TOT","D","225","FA","TOT 5<br/>@NOR 0 F","149","9.93","1%","0%","15","867","2","4","15","0","0","6","12","6","0","0","6","13","19","6","2","16","0","0","0","11","3"
"*05ojh*","Diego Llorente","LEE","D","226","FA","LEE 2<br/>@BRF 1 F","149","5.32","0%","0%","28","2,340","3","0","2","0","0","3","31","3","7","0","0","40","75","8","17","50","0","0","0","44","5"
"*052cc*","Billy Gilmour","NOR","M","227","FA","TOT 5<br/>@NOR 0 F","147.75","6.16","0%","0%","24","1,849","0","1","25","0","0","3","21","11","2","0","13","17","29","15","4","13","0","0","0","52","2"
"*04aiz*","Wilfred Ndidi","LEI","M","228","FA","SOU 1<br/>@LEI 4 F","147","7.74","0%","0%","19","1,616","0","0","2","0","0","4","32","15","4","0","0","42","52","11","8","42","0","0","0","26","5"
"*02lkm*","Jonjo Shelvey","NEW","M","229","FA","NEW 2<br/>@BUR 1 F","147","6.12","0%","0%","24","1,980","2","1","16","0","0","14","17","5","5","1","2","22","19","9","7","10","0","0","0","30","6"
"*03r8r*","Ryan Fraser","NEW","M","230","FA","NEW 2<br/>@BUR 1 F","146.5","5.43","0%","0%","27","1,450","2","3","25","1","0","8","3","11","3","0","21","11","8","1","1","5","0","0","0","23","5"
"*05up6*","Raphael Varane","MUN","D","231","Noah B","MUN 0<br/>@CRY 1 F","145.75","6.62","0%","0%","22","1,827","1","1","4","0","0","1","19","0","0","0","0","18","78","2","9","56","0","0","0","22","5"
"*04yo6*","Miguel Almiron","NEW","M","232","FA","NEW 2<br/>@BUR 1 F","145.25","4.84","0%","0%","30","1,696","1","0","17","0","0","7","29","24","2","0","4","20","10","27","1","5","0","0","0","32","6"
"*02on3*","Matthew Lowton","BUR","D","233","FA","NEW 2<br/>@BUR 1 F","145","5.8","0%","0%","25","1,765","1","2","18","0","0","2","24","6","3","1","9","26","62","10","11","25","0","0","0","30","4"
"*03arh*","Kurt Zouma","CHE/WHU","D","234","FA","WHU 1<br/>@BHA 3 F","145","6.04","0%","0%","24","2,078","1","0","2","0","0","3","6","0","1","0","0","34","132","1","26","50","0","0","1","29","5"
"*043c1*","Oleksandr Zinchenko","MCI","D","235","FA","AVL 2<br/>@MCI 3 F","144.75","9.65","1%","0%","15","1,040","0","4","16","0","0","4","14","6","0","0","5","14","11","7","3","15","0","0","0","9","5"
"*03m5c*","Ruben Loftus-Cheek","CHE","M","236","Laeka B","WAT 1<br/>@CHE 2 F","144.5","6.02","0%","0%","24","1,374","0","2","18","0","0","6","10","33","1","0","2","11","17","42","6","37","0","0","0","21","4"
"*05ylw*","Rodrigo Bentancur","TOT","M","237","Noah B","TOT 5<br/>@NOR 0 F","142.5","8.38","19%","-1%","17","1,359","0","4","15","0","0","2","18","13","5","0","3","20","32","14","9","21","0","0","0","12","9"
"*03aoj*","Nemanja Matic","MUN","M","238","FA","MUN 0<br/>@CRY 1 F","142.25","6.18","0%","0%","23","1,367","0","4","13","0","0","1","18","21","3","0","2","31","18","17","6","28","0","0","0","26","2"
"*04gs4*","Mathias Antonsen Normann","BHA/NOR","M","239","FA","TOT 5<br/>@NOR 0 F","142","6.17","0%","0%","23","1,641","1","2","13","0","0","5","21","17","6","0","3","19","40","17","8","27","0","0","0","40","4"
"*04rhe*","Naby Keita","LIV","M","240","FA","WOL 1<br/>@LIV 3 F","142","6.17","0%","0%","23","1,155","3","1","15","0","0","7","23","10","3","0","1","14","3","15","2","6","0","0","0","6","8"
"*05n3v*","Konstantinos Tsimikas","LIV","D","242","Noah B","WOL 1<br/>@LIV 3 F","140.75","10.83","1%","0%","13","868","0","2","25","0","0","2","12","5","3","0","15","10","19","8","2","12","0","0","0","6","4"
"*02lpr*","Shane Duffy","BHA","D","241","FA","WHU 1<br/>@BHA 3 F","140.75","7.82","0%","0%","18","1,432","1","0","4","0","0","6","12","0","7","0","1","16","75","1","18","65","0","0","0","19","4"
"*05o8j*","Marcal","WOL","D","243","FA","WOL 1<br/>@LIV 3 F","140.25","7.79","0%","0%","18","1,447","0","0","10","0","0","1","22","6","3","0","10","28","39","7","4","26","0","0","0","14","6"
"*04adp*","Aaron Wan-Bissaka","MUN","D","244","FA","MUN 0<br/>@CRY 1 F","140","7","46%","0%","20","1,793","0","0","14","0","0","1","36","13","2","0","8","34","32","36","14","19","0","0","0","35","3"
"*03r8x*","Callum Wilson","NEW","F","245","RK U8","NEW 2<br/>@BUR 1 F","139.75","7.76","16%","+4%","18","1,382","8","0","10","0","0","15","8","27","4","0","1","3","10","10","2","29","0","0","0","32","3"
"*05r37*","Jakub Moder","BHA","M","246","FA","WHU 1<br/>@BHA 3 F","137.75","4.92","0%","0%","28","1,684","0","3","16","0","0","6","25","19","1","0","7","10","20","12","2","25","0","0","0","23","5"
"*02w6v*","Christian Benteke","CRY","F","247","FA","MUN 0<br/>@CRY 1 F","136.5","5.46","0%","0%","25","1,117","4","1","13","0","0","13","2","17","3","0","0","2","33","9","3","86","0","0","0","20","4"
"*05ts2*","Imran Louza","WAT","M","248","FA","WAT 1<br/>@CHE 2 F","136.25","6.81","0%","0%","20","1,410","0","0","15","0","0","4","21","9","6","0","2","42","20","14","6","12","0","0","0","38","3"
"*04u6i*","Leander Dendoncker","WOL","M","249","FA","WOL 1<br/>@LIV 3 F","135.5","4.52","0%","0%","30","1,936","2","2","11","0","0","10","17","9","4","0","0","9","34","5","10","30","0","0","0","29","5"
"*05u79*","Enock Mwepu","BHA","M","250","FA","WHU 1<br/>@BHA 3 F","135","7.5","0%","0%","18","983","2","4","9","0","1","8","12","9","2","0","1","12","16","15","2","9","0","1","0","13","3"
"*05u4m*","Patson Daka","LEI","F","251","FA","SOU 1<br/>@LEI 4 F","134.5","5.85","0%","0%","23","1,142","5","3","13","0","0","16","10","18","2","0","0","2","8","3","0","17","0","0","0","20","3"
"*05m46*","Luke Thomas","LEI","D","252","FA","SOU 1<br/>@LEI 4 F","134.5","6.11","0%","0%","22","1,910","0","1","12","0","0","0","31","20","2","0","4","40","47","15","14","24","0","0","0","35","5"
"*02lp9*","Kyle Walker","MCI","D","253","FA","AVL 2<br/>@MCI 3 F","133.75","6.69","11%","0%","20","1,754","0","2","12","0","0","2","6","6","1","0","6","14","15","7","4","19","0","0","0","14","10"
"*056ir*","Adam Webster","BHA","D","254","FA","WHU 1<br/>@BHA 3 F","132.25","6.01","0%","0%","22","1,422","2","0","1","0","0","3","8","1","5","0","1","17","62","10","17","56","0","0","0","20","4"
"*02lmz*","Tom Cleverley","WAT","M","255","FA","WAT 1<br/>@CHE 2 F","131","4.68","0%","0%","28","1,605","0","2","20","0","0","7","20","16","2","0","7","18","18","3","6","14","0","0","0","38","2"
"*02oq6*","Luke Shaw","MUN","D","256","FA","MUN 0<br/>@CRY 1 F","129.75","6.49","54%","+3%","20","1,598","0","3","39","0","0","1","13","14","8","0","12","9","17","7","11","20","0","0","0","24","3"
"*05r8o*","Jean-Philippe Mateta","CRY","F","257","FA","MUN 0<br/>@CRY 1 F","127","5.77","93%","-2%","22","1,128","5","1","7","0","0","18","4","23","2","0","2","4","13","10","3","39","0","0","0","14","5"
"*052ca*","Ezri Konsa","AVL","D","258","Noah B","AVL 2<br/>@MCI 3 F","125","4.31","34%","-1%","29","2,477","2","0","4","0","0","6","15","6","4","2","0","15","82","6","22","58","0","0","0","41","8"
"*03r8t*","Matt Ritchie","NEW","M","259","FA","NEW 2<br/>@BUR 1 F","124.25","6.9","0%","0%","18","1,330","0","2","28","0","0","1","15","5","5","0","13","13","23","4","2","14","0","0","0","37","0"
"*05ogb*","Anthony Elanga","MUN","F","260","Laeka B","MUN 0<br/>@CRY 1 F","123.75","5.89","36%","-1%","21","1,199","2","2","9","1","0","7","20","15","0","0","4","9","5","11","1","24","0","0","0","17","4"
"*05ylv*","Wout Weghorst","BUR","F","261","I_am_Tim","NEW 2<br/>@BUR 1 F","121.75","6.09","0%","0%","20","1,446","2","3","14","0","0","9","9","29","3","0","1","6","13","13","5","55","0","0","0","20","6"
"*02oq3*","Jay Rodriguez","BUR","F","262","FA","NEW 2<br/>@BUR 1 F","121.5","4.19","0%","0%","29","1,350","2","2","12","0","0","11","12","13","3","0","3","4","12","8","1","54","0","0","0","15","6"
"*04fkc*","Francisco Femenia Far","WAT","D","263","FA","WAT 1<br/>@CHE 2 F","121","4.48","0%","0%","27","2,139","0","5","25","0","0","1","22","7","2","0","14","37","51","7","8","12","0","0","0","49","2"
"*04azm*","Connor Roberts","SWA/BUR","D","266","FA","NEW 2<br/>@BUR 1 F","120.75","5.75","0%","0%","21","1,688","1","1","13","0","0","4","13","6","2","0","6","22","52","6","5","13","0","0","0","23","6"
"*051ki*","Ben Godfrey","EVE","D","267","FA","EVE 1<br/>@ARS 5 F","120.5","5.24","0%","0%","23","2,029","0","0","12","0","0","7","32","4","6","0","4","15","91","9","19","37","0","0","0","39","4"
"*04ge9*","Eddie Nketiah","ARS","F","269","McGinn","EVE 1<br/>@ARS 5 F","119.5","5.69","3%","0%","21","807","5","1","13","0","0","13","4","11","3","0","0","4","5","14","2","8","0","0","0","18","0"
"*03pig*","Jamaal Lascelles","NEW","D","268","ARA","NEW 2<br/>@BUR 1 F","119.5","4.6","0%","0%","26","2,050","1","0","4","0","0","4","7","2","5","0","0","22","121","1","28","89","0","0","2","44","3"
"*04mi4*","Callum Hudson-Odoi","CHE","M,F","271","FA","WAT 1<br/>@CHE 2 F","119","7.93","51%","-2%","15","954","1","2","25","0","1","7","10","20","1","0","5","2","5","16","0","4","0","1","0","8","6"
"*02y6o*","Nathan Ake","MCI","D","270","FA","AVL 2<br/>@MCI 3 F","119","8.5","24%","+1%","14","915","2","0","2","0","0","2","9","3","0","0","0","8","21","0","5","37","0","0","0","3","5"
"*02lv9*","James Milner","LIV","M","272","FA","WOL 1<br/>@LIV 3 F","118","4.92","1%","0%","24","837","0","1","22","0","0","2","16","5","2","0","7","17","19","2","5","13","0","0","0","6","4"
"*03v6s*","Mason Holgate","EVE","D","273","FA","EVE 1<br/>@ARS 5 F","115.75","4.63","0%","0%","25","2,130","2","1","3","0","0","3","18","7","7","1","0","26","93","2","17","63","0","0","1","42","5"
"*03ar4*","Adam Armstrong","SOU","F","274","FA","SOU 1<br/>@LEI 4 F","114.75","4.99","5%","0%","23","1,404","2","2","13","0","1","14","4","13","1","0","0","3","6","16","1","13","0","1","0","31","4"
"*03ybi*","Marcus Rashford","MUN","F","276","FA","MUN 0<br/>@CRY 1 F","113.5","4.54","96%","0%","25","1,211","4","2","9","0","0","12","5","26","2","0","1","5","4","22","1","10","0","0","0","28","2"
"*03r9c*","Cedric Soares","ARS","D","275","FA","EVE 1<br/>@ARS 5 F","113.5","5.4","0%","0%","21","1,476","1","1","18","0","0","1","26","11","3","0","19","16","30","8","7","12","0","0","0","27","3"
"*05mzw*","Luke Ayling","LEE","D","277","FA","LEE 2<br/>@BRF 1 F","113","4.35","0%","0%","26","2,272","2","2","12","0","0","4","42","10","4","1","4","28","50","23","25","35","0","0","0","66","2"
"*03v6t*","Ben Chilwell","CHE","D","278","FA","WAT 1<br/>@CHE 2 F","111.75","15.96","0%","0%","7","541","3","1","10","0","0","6","3","3","0","0","2","4","14","3","0","7","0","0","0","2","4"
"*05n03*","Kalvin Phillips","LEE","M","279","FA","LEE 2<br/>@BRF 1 F","110.25","5.51","0%","0%","20","1,592","0","1","9","0","0","3","25","16","4","0","3","24","18","7","9","17","0","0","0","25","3"
"*02lls*","Marc Albrighton","LEI","M","280","FA","SOU 1<br/>@LEI 4 F","109.75","6.46","0%","0%","17","1,122","1","2","11","0","0","1","19","8","3","0","8","14","14","15","3","4","0","0","0","24","2"
"*02ln2*","Jonny Evans","LEI","D","281","ARA","SOU 1<br/>@LEI 4 F","109.25","6.07","0%","0%","18","1,344","1","1","4","0","0","2","14","0","3","0","0","20","59","2","13","48","0","0","0","23","2"
"*04mcg*","Ben Johnson","WHU","D","282","FA","WHU 1<br/>@BHA 3 F","109.25","5.46","0%","0%","20","1,396","1","0","9","0","0","1","16","9","1","0","14","22","49","7","8","15","0","0","0","18","3"
"*05746*","Emil Krafth","NEW","D","283","FA","NEW 2<br/>@BUR 1 F","107.5","5.38","0%","0%","20","1,627","0","1","6","0","0","2","16","4","5","0","3","25","49","2","10","22","0","0","0","20","6"
"*05uoq*","Joshua Sargent","NOR","F","284","FA","TOT 5<br/>@NOR 0 F","105.75","4.07","0%","0%","26","1,558","2","1","11","0","0","3","14","25","1","0","1","11","17","16","2","40","0","0","0","33","4"
"*05ue3*","Albert Sambi Lokonga","ARS","M","285","FA","EVE 1<br/>@ARS 5 F","105.5","5.55","0%","0%","19","1,125","0","0","18","0","0","8","18","8","5","0","1","13","11","3","7","16","0","0","0","12","7"
"*05u99*","Nuno Tavares","ARS","D","287","Laeka B","EVE 1<br/>@ARS 5 F","103.75","4.72","0%","0%","22","1,161","1","1","10","0","0","2","14","13","2","0","9","9","30","19","5","24","0","0","0","19","3"
"*04360*","Ben Gibson","NOR","D","288","FA","TOT 5<br/>@NOR 0 F","102","3.64","0%","0%","28","2,494","0","0","3","0","0","4","16","2","3","1","0","27","137","5","30","53","0","0","0","55","6"
"*04ug0*","Sean Longstaff","NEW","M","289","FA","NEW 2<br/>@BUR 1 F","101.75","4.24","12%","0%","24","1,451","1","1","7","0","0","2","34","18","1","0","1","9","18","6","6","13","0","0","0","29","2"
"*055sk*","Nicolas Pepe","ARS","F","290","FA","EVE 1<br/>@ARS 5 F","101.25","5.06","0%","0%","20","666","1","2","12","0","0","9","5","18","0","0","3","8","2","19","1","18","0","0","0","9","2"
"*04mqy*","Pierre-Emerick Aubameyang","ARS","F","291","FA","EVE 1<br/>@ARS 5 F","100.75","7.2","0%","0%","14","1,032","4","1","9","0","0","18","5","4","3","0","0","0","4","2","1","25","2","0","0","16","6"
"*02lpu*","Adam Forshaw","LEE","M","292","FA","LEE 2<br/>@BRF 1 F","100.5","4.57","0%","0%","22","1,521","0","1","13","0","0","4","23","11","5","0","0","19","12","12","1","11","0","0","0","41","2"
"*04fk8*","Victor Lindelof","MUN","D","293","FA","MUN 0<br/>@CRY 1 F","100","3.57","1%","0%","28","2,352","0","2","4","0","0","2","11","1","4","0","0","25","94","3","17","52","0","0","0","47","6"
"*05mxc*","Timo Werner","CHE","F","294","ARA","WAT 1<br/>@CHE 2 F","100","4.76","0%","0%","21","1,273","4","1","8","0","0","16","4","19","1","0","1","2","4","10","0","6","0","0","0","17","5"
"*05yd2*","Samir","WAT","D","295","FA","WAT 1<br/>@CHE 2 F","99.25","5.22","0%","0%","19","1,672","0","0","2","0","0","2","11","3","4","0","0","43","81","2","11","48","0","0","0","36","4"
"*04qfm*","Ryan Sessegnon","TOT","M","296","McGinn","TOT 5<br/>@NOR 0 F","98.5","6.57","25%","-1%","15","1,042","0","2","14","0","0","1","19","12","2","0","8","7","22","6","3","11","0","0","0","11","6"
"*03278*","Fernandinho","MCI","M","297","FA","AVL 2<br/>@MCI 3 F","98.25","5.17","0%","0%","19","948","2","1","10","0","0","4","10","7","1","0","1","8","13","9","2","22","0","0","0","12","3"
"*05os3*","Ibrahima Diallo","SOU","M","298","FA","SOU 1<br/>@LEI 4 F","96.5","4.2","0%","0%","23","1,008","0","2","16","0","0","4","11","13","1","0","3","9","10","16","0","11","0","0","0","21","1"
"*02loq*","Aaron Lennon","BUR","M","299","FA","NEW 2<br/>@BUR 1 F","95.5","3.41","0%","0%","28","1,528","2","0","9","0","0","4","17","13","2","0","3","9","8","13","4","7","0","0","0","25","4"
"*051kg*","Max Aarons","NOR","D","300","FA","TOT 5<br/>@NOR 0 F","95.25","2.8","0%","0%","34","2,877","0","2","20","0","0","2","44","23","8","0","9","28","71","34","19","14","0","0","1","69","4"
"*04o82*","Curtis Jones","LIV","M","301","FA","WOL 1<br/>@LIV 3 F","95","6.33","19%","0%","15","847","1","1","11","0","0","7","9","18","0","0","1","6","3","25","0","7","0","0","0","9","4"
"*05n3u*","Joe Gelhardt","LEE","F","302","Laeka B","LEE 2<br/>@BRF 1 F","94.75","4.74","0%","0%","20","724","2","2","9","0","2","10","3","19","4","0","2","0","3","17","0","11","0","2","0","25","1"
"*04qfy*","Ricardo Pereira","LEI","D","303","FA","SOU 1<br/>@LEI 4 F","94.5","6.75","0%","0%","14","988","1","3","10","0","0","2","20","6","3","0","2","17","29","11","1","15","0","0","0","20","1"
"*05trs*","Dimitris Giannoulis","NOR","D","304","FA","TOT 5<br/>@NOR 0 F","93.75","5.21","0%","0%","18","1,160","0","1","9","0","0","1","21","11","2","0","5","19","33","29","6","8","0","0","0","27","4"
"*02opy*","Adam Lallana","BHA","M","305","FA","WHU 1<br/>@BHA 3 F","93.5","3.9","0%","0%","24","1,545","0","1","8","0","0","4","17","15","4","0","1","16","13","14","6","15","0","0","0","20","6"
"*03p9z*","Tyler Roberts","LEE","M","306","FA","LEE 2<br/>@BRF 1 F","92","4","0%","0%","23","961","1","1","15","0","0","13","7","14","5","0","2","5","10","12","1","9","0","0","0","26","1"
"*02lz9*","Alex Oxlade-Chamberlain","LIV","M","307","FA","WOL 1<br/>@LIV 3 F","91","5.35","0%","0%","17","770","2","1","10","0","0","3","11","10","0","0","4","6","5","12","2","5","0","0","0","7","3"
"*059j3*","Brandon Williams","MUN/NOR","D","308","FA","TOT 5<br/>@NOR 0 F","90","3.46","0%","0%","26","2,118","0","1","21","0","0","1","37","17","8","0","3","44","45","20","6","14","0","0","0","52","2"
"*05ybq*","Vitalii Mykolenko","EVE","D","309","FA","EVE 1<br/>@ARS 5 F","89.5","6.88","61%","0%","13","1,053","1","0","8","0","1","2","15","4","0","0","8","16","27","3","2","10","0","1","0","17","3"
"*05mzz*","Pascal Struijk","LEE","D","310","FA","LEE 2<br/>@BRF 1 F","89.5","3.09","45%","-14%","29","2,047","1","0","11","0","0","4","39","5","6","1","0","33","56","2","23","40","0","0","0","52","1"
"*02t1k*","Nathaniel Clyne","CRY","D","311","FA","MUN 0<br/>@CRY 1 F","88.75","5.55","1%","0%","16","1,351","0","1","6","0","0","2","10","4","1","0","3","15","30","4","2","10","0","0","0","12","6"
"*032ab*","Erik Pieters","BUR","D","312","FA","NEW 2<br/>@BUR 1 F","86.5","7.21","0%","0%","12","722","0","1","2","0","0","0","15","2","1","0","2","10","37","3","7","12","0","0","0","5","4"
"*05u7f*","Ibrahima Konate","LIV","D","313","Laeka B","WOL 1<br/>@LIV 3 F","86.25","7.84","95%","-1%","11","990","0","0","0","0","0","0","10","1","2","0","0","16","37","2","9","34","0","0","0","10","4"
"*05u5d*","Boubakary Soumare","LEI","M","314","FA","SOU 1<br/>@LEI 4 F","85.25","4.49","0%","0%","19","1,088","0","1","6","0","0","2","13","13","0","0","1","14","18","14","1","27","0","0","0","27","2"
"*03mml*","Dele Alli","TOT/EVE","M","315","FA","EVE 1<br/>@ARS 5 F","84.75","4.04","0%","0%","21","974","1","0","9","0","0","3","10","25","4","0","2","12","23","17","7","16","0","1","0","23","3"
"*05gcn*","Steven Bergwijn","TOT","F","316","FA","TOT 5<br/>@NOR 0 F","81.75","3.27","0%","0%","25","530","3","1","8","1","0","10","2","14","1","0","0","1","7","10","0","4","0","0","0","6","3"
"*03m5h*","Kieran Dowell","NOR","M","317","FA","TOT 5<br/>@NOR 0 F","81","4.26","0%","0%","19","898","1","1","16","0","0","2","7","15","0","0","5","7","4","7","1","8","0","0","0","24","2"
"*044ej*","Johann Gudmundsson","BUR","M","318","FA","NEW 2<br/>@BUR 1 F","80.5","4.47","0%","0%","18","1,092","0","1","7","0","0","5","6","19","2","0","10","12","20","14","2","15","0","0","0","19","3"
"*02t1j*","Calum Chambers","ARS/AVL","D","319","YUM","AVL 2<br/>@MCI 3 F","80.25","6.17","0%","0%","13","997","1","0","3","0","0","1","11","2","1","0","2","5","49","0","11","28","0","0","0","16","4"
"*03eke*","Ayoze Perez","LEI","M","320","FA","SOU 1<br/>@LEI 4 F","80","5.71","0%","0%","14","431","2","3","11","0","0","6","2","12","0","1","2","2","4","10","1","6","0","0","0","12","1"
"*03632*","Matej Vydra","BUR","F","321","FA","NEW 2<br/>@BUR 1 F","79.75","3.62","0%","0%","22","646","2","3","6","0","0","7","7","8","1","0","0","0","9","6","1","18","0","0","0","7","2"
"*04tcc*","Jonny","WOL","D","322","FA","WOL 1<br/>@LIV 3 F","79","6.08","0%","0%","13","1,017","2","0","11","0","0","5","15","20","1","0","6","13","8","14","3","11","0","0","0","22","2"
"*02rlu*","Craig Cathcart","WAT","D","323","FA","WAT 1<br/>@CHE 2 F","79","2.55","0%","0%","31","2,389","0","1","3","0","0","0","15","2","3","0","1","28","129","0","30","48","0","0","0","55","3"
"*05ue7*","Frank Onyeka","BRF","M","324","FA","LEE 2<br/>@BRF 1 F","78","3.9","0%","0%","20","1,033","0","0","4","0","1","5","17","14","4","0","1","14","13","11","2","16","0","1","0","19","3"
"*03ysm*","Daniel Amartey","LEI","D","325","FA","SOU 1<br/>@LEI 4 F","77.75","2.78","0%","0%","28","2,114","0","0","4","0","0","1","13","1","4","0","0","21","91","6","22","33","0","0","0","40","5"
"*02lny*","Ashley Young","AVL","D","326","FA","AVL 2<br/>@MCI 3 F","77.25","3.22","0%","0%","24","1,222","0","2","13","0","0","3","6","3","2","0","6","13","24","9","4","7","0","0","1","19","4"
"*03bwz*","Harry Winks","TOT","M","327","FA","TOT 5<br/>@NOR 0 F","76.5","4.03","0%","0%","19","896","0","1","11","0","0","1","10","6","2","0","5","16","8","8","3","4","0","0","0","15","1"
"*03dx3*","Kieran Trippier","TOT/NEW","D","328","Laeka B","NEW 2<br/>@BUR 1 F","76","12.67","36%","+2%","6","426","2","0","7","0","0","2","10","1","0","0","1","10","10","1","3","10","0","0","0","5","1"
"*02opl*","Jack Cork","BUR","M","329","FA","NEW 2<br/>@BUR 1 F","75.5","3.77","0%","0%","20","1,670","1","0","6","0","0","2","6","20","4","0","3","17","27","7","4","26","0","0","0","26","6"
"*04rim*","Adam Masina","WAT","D","330","FA","WAT 1<br/>@CHE 2 F","75.25","5.02","0%","0%","15","1,073","0","1","7","0","0","0","13","1","0","0","8","18","40","9","6","29","0","0","0","26","1"
"*04f6o*","Will Hughes","WAT/CRY","M","331","FA","MUN 0<br/>@CRY 1 F","72.75","4.55","2%","0%","16","1,047","0","1","9","0","1","0","14","9","6","0","3","8","9","8","7","11","0","1","0","16","4"
"*03hvn*","Javier Manquillo","NEW","D","332","FA","NEW 2<br/>@BUR 1 F","72.75","3.83","0%","0%","19","1,255","1","2","4","1","0","2","29","3","5","0","2","10","26","10","6","16","0","0","0","27","1"
"*05nt6*","Eberechi Eze","CRY","M","333","FA","MUN 0<br/>@CRY 1 F","72.5","5.58","98%","0%","13","591","1","1","11","0","0","1","6","10","1","0","5","5","1","14","1","7","0","0","0","8","3"
"*0521z*","James Justin","LEI","D","334","FA","SOU 1<br/>@LEI 4 F","71.5","5.5","32%","-5%","13","994","0","0","9","0","0","1","13","10","0","0","3","17","32","5","4","13","0","0","0","13","2"
"*045yy*","Arthur Masuaku","WHU","D","335","FA","WHU 1<br/>@BHA 3 F","71.25","5.48","0%","0%","13","639","1","1","2","0","0","1","23","9","1","0","2","9","15","10","1","16","0","0","0","12","1"
"*05uns*","Leon Bailey","AVL","F","336","DYCHE","AVL 2<br/>@MCI 3 F","70","3.89","2%","0%","18","742","1","2","7","0","0","8","11","24","3","0","4","1","2","13","1","10","0","0","0","13","2"
"*05trd*","Shandon Baptiste","BRF","M","337","FA","LEE 2<br/>@BRF 1 F","69","3.14","0%","0%","22","888","1","0","9","0","0","4","4","12","0","1","1","11","11","19","0","7","0","0","0","15","2"
"*04t95*","Oliver Skipp","TOT","M","338","FA","TOT 5<br/>@NOR 0 F","68.75","3.82","0%","0%","18","1,342","0","0","8","0","0","1","19","11","6","0","2","12","8","4","7","13","0","0","0","13","8"
"*05rb8*","Moises Caicedo","BHA","M","339","FA","WHU 1<br/>@BHA 3 F","68.25","8.53","80%","0%","8","660","1","1","4","0","0","4","10","10","2","0","0","10","7","7","4","9","0","0","0","6","4"
"*035mq*","Isaac Hayden","NEW","M","340","FA","NEW 2<br/>@BUR 1 F","68.25","4.88","0%","0%","14","997","1","0","2","0","0","1","14","8","5","0","0","14","23","9","8","19","0","0","0","25","0"
"*056iy*","Pedro Neto","WOL","F","341","ARA","WOL 1<br/>@LIV 3 F","67","5.15","95%","-2%","13","453","1","1","13","0","0","4","4","12","3","0","4","6","1","12","0","3","0","0","0","14","0"
"*04u6k*","Yerry Mina","EVE","D","342","FA","EVE 1<br/>@ARS 5 F","67","5.15","0%","0%","13","842","0","0","1","0","0","2","10","1","3","0","1","11","37","0","9","30","0","0","0","10","2"
"*05u7a*","Junior Firpo","LEE","D","344","FA","LEE 2<br/>@BRF 1 F","65.5","2.73","0%","0%","24","1,704","0","2","22","0","0","1","28","7","11","0","6","24","32","16","6","27","0","0","1","49","1"
"*044nm*","Rob Holding","ARS","D","347","FA","EVE 1<br/>@ARS 5 F","64.75","4.32","0%","0%","15","834","1","0","0","0","0","1","9","3","2","1","0","10","42","0","18","29","0","0","0","14","2"
"*03yrr*","Mohamed Elneny","ARS","M","345","FA","EVE 1<br/>@ARS 5 F","64.75","4.62","0%","0%","14","795","0","2","9","0","0","2","8","3","1","0","0","14","11","0","1","6","0","0","0","17","0"
"*05trk*","Saman Ghoddos","BRF","M,F","346","FA","LEE 2<br/>@BRF 1 F","64.75","3.81","0%","0%","17","512","1","1","6","0","1","3","10","4","2","0","3","3","10","5","0","11","0","1","0","4","1"
"*05u5e*","Romain Perraud","SOU","D","348","FA","SOU 1<br/>@LEI 4 F","64.75","3.24","0%","0%","20","1,619","0","1","8","0","0","3","22","9","3","0","6","17","38","8","6","16","0","0","0","33","3"
"*04tsd*","Japhet Tanganga","TOT","D","349","FA","TOT 5<br/>@NOR 0 F","64.25","5.84","0%","0%","11","733","0","0","2","0","0","2","8","5","2","1","2","9","30","5","5","15","0","0","0","8","5"
"*05o2l*","Donny van de Beek","MUN/EVE","M","350","FA","EVE 1<br/>@ARS 5 F","63.5","4.23","0%","0%","15","544","2","0","5","0","0","2","11","9","1","0","0","8","5","4","3","8","0","0","0","14","2"
"*05os6*","Edinson Cavani","MUN","F","351","HALE","MUN 0<br/>@CRY 1 F","63.25","4.22","0%","0%","15","755","2","1","7","0","0","8","1","4","0","0","0","2","5","4","0","7","0","0","0","10","1"
"*03rxb*","Angelo Ogbonna","WHU","D","352","FA","WHU 1<br/>@BHA 3 F","62.75","5.7","0%","0%","11","921","1","0","0","0","0","1","4","1","1","0","0","11","26","1","4","27","0","0","0","11","3"
"*056zd*","Adam Idah","NOR","F","353","FA","TOT 5<br/>@NOR 0 F","61.75","3.63","0%","0%","17","609","1","1","5","0","0","4","6","13","0","0","4","3","7","12","2","16","0","0","0","11","1"
"*03ysd*","Sam Byram","NOR","D","354","FA","TOT 5<br/>@NOR 0 F","61.5","4.1","0%","0%","15","1,020","0","0","4","0","0","2","15","4","3","0","0","22","45","3","11","28","0","0","0","27","2"
"*05ydk*","Edo Kayembe","WAT","M","355","FA","WAT 1<br/>@CHE 2 F","59.75","4.6","0%","0%","13","791","0","0","6","0","0","0","13","11","0","0","1","9","13","12","1","13","0","0","0","17","2"
"*02lm3*","Fabian Delph","EVE","M","356","FA","EVE 1<br/>@ARS 5 F","58.25","5.3","0%","0%","11","658","0","0","4","0","0","0","15","0","2","0","0","14","10","5","5","5","0","0","0","6","3"
"*05l0f*","Nathan Tella","SOU","M","357","FA","SOU 1<br/>@LEI 4 F","58.25","4.16","0%","0%","14","800","0","1","7","1","0","5","9","23","2","0","3","6","8","10","0","6","0","0","0","18","1"
"*05ygj*","Chiquinho","WOL","F","358","FA","WOL 1<br/>@LIV 3 F","58","7.25","0%","0%","8","200","0","3","5","0","0","2","6","6","0","0","7","2","1","10","0","4","0","0","0","5","0"
"*04ami*","Luka Milivojevic","CRY","M","359","FA","MUN 0<br/>@CRY 1 F","57.75","3.85","0%","0%","15","762","0","0","11","0","0","0","9","3","1","0","5","11","15","2","1","13","0","0","1","16","1"
"*04rtp*","Ken Sema","WAT","M","360","FA","WAT 1<br/>@CHE 2 F","56.75","3.15","0%","0%","18","834","0","0","12","0","0","1","6","25","1","0","9","5","10","12","0","12","0","0","0","16","2"
"*05g3t*","Jeremy Ngakia","WAT","D","361","FA","WAT 1<br/>@CHE 2 F","56.5","3.53","0%","0%","16","889","0","0","4","0","0","0","18","5","0","0","3","12","30","9","4","16","0","0","0","19","2"
"*055se*","Marvelous Nakamba","AVL","M","362","FA","AVL 2<br/>@MCI 3 F","56","3.5","0%","0%","16","895","0","0","2","0","0","0","19","10","5","0","0","12","15","14","4","9","0","0","0","20","2"
"*03ek4*","Patrick Bamford","LEE","F","363","FA","LEE 2<br/>@BRF 1 F","55.5","6.17","0%","0%","9","555","2","2","5","0","0","5","0","3","2","0","2","2","8","4","2","5","0","0","0","14","0"
"*05nsf*","Malang Sarr","CHE","D","364","FA","WAT 1<br/>@CHE 2 F","55.25","6.91","0%","0%","8","542","0","0","3","0","0","0","7","2","2","0","1","11","19","0","3","13","0","0","0","7","4"
"*05tr5*","Mads Roerslev","BRF","D","366","FA","LEE 2<br/>@BRF 1 F","54.5","2.6","0%","0%","21","1,223","1","1","7","0","0","2","12","4","1","0","9","16","26","4","5","12","0","0","0","27","1"
"*0436l*","Christian Kabasele","WAT","D","365","FA","WAT 1<br/>@CHE 2 F","54.5","3.41","0%","0%","16","1,187","0","0","2","0","0","0","5","1","0","0","1","14","65","1","16","47","0","0","0","30","1"
"*03dxr*","Ashley Barnes","BUR","F","367","FA","NEW 2<br/>@BUR 1 F","54","2.35","0%","0%","23","779","1","0","8","0","0","6","2","22","4","0","1","2","5","5","1","50","0","0","0","19","1"
"*04kjd*","Nikola Vlasic","EVE/WHU","M","368","FA","WHU 1<br/>@BHA 3 F","53.5","2.82","0%","0%","19","538","1","0","9","0","0","3","7","9","0","0","1","2","1","9","0","5","0","0","0","10","1"
"*05g49*","Lukas Rupp","NOR","M","369","FA","TOT 5<br/>@NOR 0 F","52.75","2.78","0%","0%","19","748","0","0","9","0","0","2","4","19","0","0","1","9","6","18","1","5","0","0","0","16","0"
"*02lni*","Jesse Lingard","MUN","M","370","FA","MUN 0<br/>@CRY 1 F","52.5","3.28","0%","0%","16","342","2","0","8","0","0","6","7","5","1","0","0","0","1","2","0","0","0","0","0","13","0"
"*05vys*","Lyanco","SOU","D","371","FA","SOU 1<br/>@LEI 4 F","52","3.47","0%","0%","15","901","0","0","3","0","0","1","15","2","2","0","0","13","48","4","13","19","0","0","0","20","1"
"*05opl*","Wesley Fofana","LEI","D","372","FA","SOU 1<br/>@LEI 4 F","50.5","7.21","26%","+1%","7","630","0","0","2","0","0","1","8","2","2","0","0","12","26","3","2","21","0","0","0","7","1"
"*03tip*","Salomon Rondon","NEW/EVE","F","375","FA","EVE 1<br/>@ARS 5 F","50.25","2.51","0%","0%","20","769","1","1","8","0","0","6","1","10","3","1","1","0","10","4","0","38","0","0","0","16","2"
"*05n05*","Jamie Shackleton","LEE","M","376","FA","LEE 2<br/>@BRF 1 F","49.5","3.54","0%","0%","14","699","0","0","1","0","0","1","16","2","4","0","0","8","10","11","7","6","0","0","0","14","1"
"*03r93*","Joseph Gomez","LIV","D","377","DYCHE","WOL 1<br/>@LIV 3 F","48.25","6.03","3%","+1%","8","329","0","1","3","0","0","0","6","2","2","0","4","5","6","4","1","10","0","0","0","3","2"
"*04qr0*","Willy Boly","WOL","D","378","FA","WOL 1<br/>@LIV 3 F","45.5","4.55","0%","0%","10","900","0","0","1","0","0","1","19","3","1","0","0","14","35","3","6","20","0","0","0","20","1"
"*04qos*","Issa Diop","WHU","D","379","FA","WHU 1<br/>@BHA 3 F","44.75","3.44","2%","+1%","13","959","0","1","1","0","0","2","8","1","0","0","0","7","42","0","13","16","0","0","0","19","2"
"*0522t*","Anwar El Ghazi","AVL/EVE","M","380","FA","EVE 1<br/>@ARS 5 F","44.5","4.05","0%","0%","11","385","1","1","5","0","0","3","5","7","2","0","3","1","2","4","0","10","0","0","0","8","1"
"*05rak*","Ozan Kabak","NOR","D","381","FA","TOT 5<br/>@NOR 0 F","44.5","4.05","0%","0%","11","923","0","0","2","0","0","2","5","6","2","0","0","16","25","16","11","22","0","0","0","25","2"
"*05trv*","Jacob Sorensen","NOR","M","382","FA","TOT 5<br/>@NOR 0 F","44.25","4.42","0%","0%","10","596","0","0","0","0","0","1","11","2","0","0","1","10","18","3","3","11","0","0","0","18","0"
"*04qr4*","Kortney Hause","AVL","D","383","FA","AVL 2<br/>@MCI 3 F","43.75","6.25","0%","0%","7","396","1","0","0","0","0","2","3","1","0","0","0","6","12","3","5","20","0","0","0","9","1"
"*02lpf*","Ross Barkley","CHE","M","384","FA","WAT 1<br/>@CHE 2 F","41.75","6.96","11%","-2%","6","170","1","0","8","0","0","4","0","7","0","0","0","1","0","7","0","6","0","0","0","2","1"
"*05nuh*","Robin Koch","LEE","D","385","FA","LEE 2<br/>@BRF 1 F","41","2.05","0%","0%","20","1,570","0","0","5","0","0","1","13","6","3","0","0","20","43","5","10","45","0","0","0","40","1"
"*03m5e*","Jonjoe Kenny","EVE","D","386","FA","EVE 1<br/>@ARS 5 F","40.75","2.72","0%","0%","15","1,012","0","1","11","0","0","0","7","3","1","1","10","20","26","4","1","9","0","0","0","24","1"
"*02oq7*","Jack Stephens","SOU","D","387","FA","SOU 1<br/>@LEI 4 F","40.5","3.68","0%","0%","11","809","0","0","4","0","0","0","12","1","3","0","0","19","41","2","7","13","0","0","0","19","1"
"*05g2n*","Takumi Minamino","LIV","F","388","FA","WOL 1<br/>@LIV 3 F","39.75","3.61","0%","0%","11","170","3","0","2","0","0","4","2","5","1","0","0","1","2","1","0","1","0","0","0","1","0"
"*05247*","Tanguy Ndombele","TOT","M","390","FA","TOT 5<br/>@NOR 0 F","39.25","4.36","0%","0%","9","478","1","1","4","0","0","3","7","20","1","0","0","1","1","11","0","2","0","0","0","11","0"
"*03pie*","Divock Origi","LIV","F","391","FA","WOL 1<br/>@LIV 3 F","38.75","5.54","0%","0%","7","119","3","0","0","0","0","5","0","3","0","0","0","1","2","1","0","2","0","0","0","0","0"
"*04u6l*","Andre Gomes","EVE","M","393","FA","EVE 1<br/>@ARS 5 F","38","2.71","0%","0%","14","608","0","1","4","0","0","4","4","16","3","0","4","1","7","12","2","8","0","0","0","19","0"
"*05tru*","Przemyslaw Placheta","NOR","M","394","FA","TOT 5<br/>@NOR 0 F","37.25","3.1","0%","0%","12","494","0","0","4","0","0","7","3","11","1","0","3","2","4","10","1","1","0","0","0","12","1"
"*05r98*","Morgan Sanson","AVL","M","395","FA","AVL 2<br/>@MCI 3 F","36.5","3.65","0%","0%","10","342","0","0","1","0","0","0","8","10","0","0","2","10","2","13","0","3","0","0","0","8","0"
"*05tr0*","Charlie Goode","BRF","D","396","FA","LEE 2<br/>@BRF 1 F","36.25","6.04","0%","0%","6","446","0","0","7","0","0","0","5","1","3","0","2","2","8","5","2","15","0","0","0","6","1"
"*02los*","Shane Long","SOU","F","397","FA","SOU 1<br/>@LEI 4 F","34.75","2.67","0%","0%","13","292","1","0","2","0","0","5","5","11","1","0","0","0","1","1","0","24","0","0","0","5","0"
"*05w9s*","Saul Niguez","CHE","M","398","FA","WAT 1<br/>@CHE 2 F","34.75","3.48","0%","0%","10","475","0","0","3","0","0","1","9","11","1","0","2","7","9","2","3","8","0","0","0","6","1"
"*04s1e*","Andriy Yarmolenko","WHU","F","399","FA","WHU 1<br/>@BHA 3 F","34.5","1.82","0%","0%","19","291","1","0","4","0","0","5","2","1","1","0","2","0","1","3","2","5","0","0","0","4","1"
"*02llz*","Ciaran Clark","NEW","D","400","FA","NEW 2<br/>@BUR 1 F","34","2.62","0%","0%","13","1,012","0","1","4","0","0","1","10","2","2","1","1","13","41","4","11","26","0","0","0","26","0"
"*04xjr*","Harvey Elliott","LIV","M","401","FA","WOL 1<br/>@LIV 3 F","33.5","5.58","8%","0%","6","342","0","0","9","0","0","1","0","0","0","0","2","4","2","2","1","2","0","0","0","2","2"
"*058vf*","Steven Alzate","BHA","M","402","FA","WHU 1<br/>@BHA 3 F","33","3.67","0%","0%","9","398","0","0","2","0","0","1","4","3","0","0","0","10","8","6","1","4","0","0","0","7","0"
"*05tr4*","Mads Bech Sorensen","BRF","D","403","FA","LEE 2<br/>@BRF 1 F","32.25","2.93","0%","0%","11","830","0","0","7","0","0","0","7","0","3","0","3","6","24","0","6","9","0","0","0","14","2"
"*04fyg*","Zanka","HUD/BRF","D","404","FA","LEE 2<br/>@BRF 1 F","32.25","4.03","0%","0%","8","514","1","0","3","0","0","1","4","3","2","0","2","10","13","0","1","10","0","0","0","10","1"
"*05r4r*","Sam Greenwood","LEE","F","405","FA","LEE 2<br/>@BRF 1 F","31.75","4.54","0%","0%","7","225","0","2","4","0","0","0","5","0","0","0","0","2","1","2","0","2","0","0","0","5","0"
"*043by*","Nampalys Mendy","LEI","M","406","FA","SOU 1<br/>@LEI 4 F","29.75","2.12","0%","0%","14","1,028","0","0","1","0","0","1","6","9","3","0","0","11","10","4","4","5","0","0","0","15","2"
"*05yg5*","Toti","WOL","D","407","FA","WOL 1<br/>@LIV 3 F","28.25","7.06","2%","0%","4","360","0","0","0","0","0","0","7","2","1","0","0","8","14","5","3","13","0","0","0","6","0"
"*0522r*","Moussa Djenepo","SOU","M","408","FA","SOU 1<br/>@LEI 4 F","28","2.33","0%","0%","12","447","0","0","6","0","0","1","3","9","3","0","2","2","5","12","1","2","0","0","0","10","1"
"*0452p*","Yan Valery","SOU","D","409","FA","SOU 1<br/>@LEI 4 F","28","5.6","0%","0%","5","368","0","0","1","0","0","0","6","2","0","0","1","6","16","1","3","11","0","0","0","7","1"
"*04s60*","Jannik Vestergaard","LEI","D","410","FA","SOU 1<br/>@LEI 4 F","27","2.7","0%","0%","10","560","0","0","1","0","0","0","10","0","2","0","0","7","35","4","8","13","0","0","0","16","1"
"*0574a*","Giovani Lo Celso","TOT","M","411","FA","TOT 5<br/>@NOR 0 F","26.75","2.97","0%","0%","9","224","0","0","5","0","0","1","4","3","0","0","0","1","0","9","1","0","0","0","0","5","0"
"*05uox*","Christos Tzolis","NOR","F","412","FA","TOT 5<br/>@NOR 0 F","26.5","1.89","0%","0%","14","316","0","0","8","0","0","2","3","4","0","0","2","1","1","0","0","3","0","0","0","9","0"
"*05o8k*","Fabio Silva","WOL","F","414","FA","WOL 1<br/>@LIV 3 F","26.25","1.19","0%","0%","22","549","0","0","3","0","0","6","2","14","0","0","0","1","1","7","0","9","0","0","0","7","0"
"*04lax*","Hamza Choudhury","LEI","M","413","FA","SOU 1<br/>@LEI 4 F","26.25","4.38","0%","0%","6","283","0","0","0","0","0","0","3","2","1","0","0","12","10","2","0","10","0","0","0","4","1"
"*05y6b*","Jonathan Rowe","NOR","F","415","FA","TOT 5<br/>@NOR 0 F","25.75","1.98","0%","0%","13","197","0","1","5","0","0","2","2","10","0","0","0","3","1","4","0","1","0","0","0","5","0"
"*035n1*","Bertrand Traore","AVL","M,F","416","FA","AVL 2<br/>@MCI 3 F","24.75","2.75","1%","0%","9","204","0","0","0","0","1","1","3","2","0","0","0","0","1","10","0","4","0","1","0","3","0"
"*02rn6*","James Tomkins","CRY","D","417","FA","MUN 0<br/>@CRY 1 F","24.25","3.03","0%","0%","8","543","1","0","2","0","0","2","3","0","2","0","0","4","18","1","8","10","0","0","0","11","0"
"*05u95*","Peter Etebo","WAT","M","419","FA","WAT 1<br/>@CHE 2 F","23.75","2.64","0%","0%","9","392","0","0","2","0","0","0","8","2","3","0","1","5","4","6","1","3","0","0","0","8","0"
"*05re5*","Carney Chukwuemeka","AVL","M","420","FA","AVL 2<br/>@MCI 3 F","22.75","1.9","0%","0%","12","283","0","1","2","0","0","1","1","6","0","0","0","2","2","6","0","7","0","0","0","6","0"
"*03m3q*","Ainsley Maitland-Niles","ARS","M","421","FA","EVE 1<br/>@ARS 5 F","22.75","2.84","0%","0%","8","258","0","0","3","0","0","0","4","5","0","0","1","4","3","4","0","3","0","0","0","4","2"
"*02lp2*","Danny Rose","WAT","D","422","FA","WAT 1<br/>@CHE 2 F","22.75","2.84","0%","0%","8","687","0","0","5","0","0","1","10","1","4","0","1","14","9","9","5","4","0","0","0","16","0"
"*051kq*","Todd Cantwell","NOR","M","424","FA","TOT 5<br/>@NOR 0 F","22.5","2.81","0%","0%","8","435","0","0","2","0","0","0","13","9","2","0","0","3","2","5","0","3","0","0","0","15","0"
"*02onj*","Mark Noble","WHU","M","425","FA","WHU 1<br/>@BHA 3 F","22.5","2.05","0%","0%","11","319","1","0","1","0","0","2","2","4","0","0","0","4","2","3","1","1","1","0","0","5","1"
"*05trt*","Andrew Omobamidele","NOR","D","426","FA","TOT 5<br/>@NOR 0 F","22","4.4","0%","0%","5","380","1","0","0","0","0","1","6","0","1","0","0","5","13","0","8","5","0","0","0","9","0"
"*02ltx*","Dan Gosling","WAT","M","427","FA","WAT 1<br/>@CHE 2 F","21","5.25","0%","0%","4","162","1","0","1","0","0","1","1","1","0","0","1","0","3","2","0","5","0","0","0","5","1"
"*040ah*","Tom Davies","EVE","M","428","FA","EVE 1<br/>@ARS 5 F","20.75","3.46","0%","0%","6","227","1","0","0","0","0","2","1","1","1","0","0","2","8","2","1","3","0","0","0","9","0"
"*03vlm*","Anthony Martial","MUN","F","430","FA","MUN 0<br/>@CRY 1 F","19","2.38","0%","0%","8","202","1","0","0","0","0","3","0","4","0","0","0","0","1","4","0","4","0","0","0","3","0"
"*04yjx*","Ki-Jana Hoever","WOL","D","431","FA","WOL 1<br/>@LIV 3 F","18.75","2.34","1%","0%","8","304","0","0","1","0","0","0","6","4","1","0","1","6","7","4","0","3","0","0","0","5","1"
"*05ts0*","Francisco Sierralta","WAT","D","433","FA","WAT 1<br/>@CHE 2 F","17.75","3.55","0%","0%","5","427","0","0","0","0","0","1","3","0","0","0","0","6","34","2","2","15","0","0","1","9","0"
"*02m7z*","Juan Mata","MUN","M","434","I_am_Tim","MUN 0<br/>@CRY 1 F","17.5","2.5","0%","0%","7","225","0","0","2","0","0","1","4","2","0","0","2","1","1","3","0","0","0","0","0","4","1"
"*05uwf*","Ozan Tufan","WAT","M","435","FA","WAT 1<br/>@CHE 2 F","16.75","2.39","0%","0%","7","333","0","0","4","0","0","0","2","3","0","0","0","2","3","3","0","3","0","0","0","9","0"
"*03xrs*","Axel Tuanzebe","AVL","D","436","FA","AVL 2<br/>@MCI 3 F","16","1.78","1%","0%","9","502","0","0","0","0","0","1","3","0","1","0","0","5","12","0","4","13","0","0","0","10","1"
"*05trj*","Marcus Forss","BRF","F","437","FA","LEE 2<br/>@BRF 1 F","14.5","2.07","0%","0%","7","197","0","1","1","0","0","0","3","1","0","0","0","1","0","1","0","2","0","0","0","4","0"
"*047l2*","Jeff Hendrick","NEW","M","438","FA","NEW 2<br/>@BUR 1 F","14.5","4.83","0%","0%","3","67","1","0","1","0","0","1","1","1","0","0","0","0","1","0","0","1","0","0","0","3","0"
"*05trz*","William Troost-Ekong","WAT","D","439","FA","WAT 1<br/>@CHE 2 F","14.25","0.84","0%","0%","17","1,386","0","0","1","0","0","0","9","0","3","0","0","7","81","1","13","24","0","0","0","30","0"
"*032f5*","Paul Dummett","NEW","D","440","FA","NEW 2<br/>@BUR 1 F","13.75","4.58","0%","0%","3","197","0","0","0","0","0","0","3","0","2","0","0","3","5","0","0","5","0","0","0","1","1"
"*05yjo*","Samuel Kalu","WAT","F","441","FA","WAT 1<br/>@CHE 2 F","13.75","3.44","0%","0%","4","221","0","0","1","0","0","1","2","5","0","0","2","3","2","4","0","0","0","0","0","6","1"
"*02lzn*","Theo Walcott","SOU","M","442","FA","SOU 1<br/>@LEI 4 F","13.75","1.53","0%","0%","9","372","0","0","1","0","0","0","2","1","0","0","0","5","2","1","0","4","0","0","0","8","0"
"*05rl4*","Crysencio Summerville","LEE","M","444","FA","LEE 2<br/>@BRF 1 F","13.25","2.21","79%","-2%","6","121","0","0","2","0","0","0","3","2","0","0","0","2","0","4","0","0","0","0","0","1","0"
"*02lnd*","Phil Jones","MUN","D","445","FA","MUN 0<br/>@CRY 1 F","13","3.25","0%","0%","4","159","0","0","0","0","0","0","5","0","0","0","0","3","8","1","4","2","0","0","0","3","0"
"*03sin*","Kenedy","CHE","M","447","FA","WAT 1<br/>@CHE 2 F","12","12","0%","0%","1","58","0","1","2","0","0","0","2","3","0","0","0","0","0","1","0","0","0","0","0","0","0"
"*03jab*","Federico Fernandez","NEW","D","448","FA","NEW 2<br/>@BUR 1 F","11.75","1.68","0%","0%","7","519","0","0","1","0","0","1","0","0","0","0","0","4","27","0","10","10","0","0","0","12","0"
"*05uh9*","Bryan Gil","TOT","F","449","FA","TOT 5<br/>@NOR 0 F","11","1.22","0%","0%","9","80","0","0","2","0","0","1","0","2","0","0","2","0","0","4","0","0","0","0","0","1","0"
"*05gco*","Pablo Mari","ARS","D","450","FA","EVE 1<br/>@ARS 5 F","11","5.5","0%","0%","2","180","0","0","1","0","0","0","3","0","1","0","0","3","10","0","4","5","0","0","0","4","0"
"*0554t*","William Smallbone","SOU","M","451","FA","SOU 1<br/>@LEI 4 F","11","2.75","0%","0%","4","131","0","0","1","0","0","0","4","0","0","0","1","2","0","0","0","1","0","0","0","5","0"
"*051kd*","Jamal Lewis","NEW","D","452","FA","NEW 2<br/>@BUR 1 F","10.75","2.15","0%","0%","5","260","0","0","1","0","0","0","6","7","1","0","0","3","8","0","2","1","0","0","0","4","1"
"*05l8q*","Cole Palmer","MCI","M","454","FA","AVL 2<br/>@MCI 3 F","10","2.5","100%","0%","4","119","0","0","2","0","0","1","1","3","0","0","0","1","0","1","0","2","0","0","0","0","1"
"*05a6e*","Neco Williams","LIV","D","455","FA","WOL 1<br/>@LIV 3 F","10","10","98%","0%","1","6","0","1","1","0","0","0","0","0","0","0","0","0","0","1","0","0","0","0","0","0","0"
"*048xg*","Josh Dasilva","BRF","M","453","FA","LEE 2<br/>@BRF 1 F","10","1.11","0%","0%","9","243","0","0","3","0","0","0","1","5","0","1","1","1","6","7","0","3","0","0","0","4","0"
"*05x12*","Leo Fuhr Hjelde","LEE","D","457","FA","LEE 2<br/>@BRF 1 F","9.75","4.88","0%","0%","2","146","0","0","1","0","0","0","4","0","0","0","0","4","7","0","3","3","0","0","0","5","0"
"*052k1*","Luke Cundle","WOL","M","456","FA","WOL 1<br/>@LIV 3 F","9.75","2.44","0%","0%","4","178","0","0","2","0","0","0","3","1","0","0","0","1","1","0","0","0","0","0","0","1","1"
"*05t6z*","Tim Iroegbunam","WBA/AVL","M","459","FA","AVL 2<br/>@MCI 3 F","8.25","2.75","3%","0%","3","88","0","0","0","0","0","0","4","0","1","0","0","2","1","0","0","3","0","0","0","0","1"
"*04gyl*","Benjamin Mendy","MCI","D","460","FA","AVL 2<br/>@MCI 3 F","7.5","7.5","0%","0%","1","78","0","0","2","0","0","0","2","0","0","0","1","0","0","2","0","0","0","0","0","1","0"
"*04gyz*","Jairo Riedewald","CRY","M","461","FA","MUN 0<br/>@CRY 1 F","7.25","2.42","0%","0%","3","113","0","0","2","0","0","0","1","1","0","0","0","1","1","1","0","0","0","0","0","5","0"
"*03dxa*","Kevin Long","BUR","D","464","FA","NEW 2<br/>@BUR 1 F","6.5","1.08","0%","0%","6","406","0","0","0","0","0","0","2","0","1","0","0","1","19","0","1","13","0","0","0","7","0"
"*060u7*","Tony Springett","NOR","M","465","FA","TOT 5<br/>@NOR 0 F","6.5","2.17","0%","0%","3","139","0","0","2","0","0","1","1","3","1","0","1","0","1","1","0","1","0","0","0","6","0"
"*05xne*","Nicolas Nkoulou","WAT","D","466","FA","WAT 1<br/>@CHE 2 F","6","2","0%","0%","3","166","0","0","1","0","0","0","0","1","0","0","0","2","8","1","1","2","0","0","0","2","0"
"*04e1h*","Dale Stephens","BUR","M","467","FA","NEW 2<br/>@BUR 1 F","4.75","1.58","0%","0%","3","122","0","0","1","0","0","0","1","0","1","0","0","1","1","0","1","0","0","0","0","0","1"
"*056iu*","Jean-Philippe Gbamin","EVE","M","468","FA","EVE 1<br/>@ARS 5 F","4.25","1.42","0%","0%","3","65","0","0","0","0","0","0","1","2","0","0","0","1","1","2","0","1","0","0","0","2","0"
"*05trg*","Finley Stevens","BRF","D,M","470","FA","LEE 2<br/>@BRF 1 F","4.25","4.25","0%","0%","1","13","0","0","1","0","0","0","1","0","0","0","0","0","0","0","0","1","0","0","0","0","0"
"*0435u*","Eric Bailly","MUN","D","471","FA","MUN 0<br/>@CRY 1 F","3.75","0.94","0%","0%","4","215","0","0","0","0","0","0","4","1","1","0","0","3","10","0","2","6","0","0","1","4","0"
"*0329o*","Dwight Gayle","NEW","F","472","FA","NEW 2<br/>@BUR 1 F","3.75","0.47","0%","0%","8","30","0","0","2","0","0","0","0","0","1","0","0","1","0","0","0","1","0","0","0","0","0"
"*05ogl*","Charlie Cresswell","LEE","D","474","FA","LEE 2<br/>@BRF 1 F","3.5","0.7","0%","0%","5","138","0","0","0","0","0","0","2","0","1","0","0","2","6","0","1","6","0","0","0","4","0"
"*0452s*","Ashley Fletcher","WAT","F","476","FA","WAT 1<br/>@CHE 2 F","3.25","1.08","0%","0%","3","26","0","0","0","0","0","1","1","1","0","0","0","0","0","0","1","1","0","0","0","0","0"
"*02lof*","Ryan Fredericks","WHU","D","477","FA","WHU 1<br/>@BHA 3 F","3.25","0.46","0%","0%","7","299","0","0","2","0","0","0","2","1","1","0","1","4","5","0","1","3","0","0","0","6","0"
"*05trc*","Tariqe Fosu-Henry","BRF","M","479","FA","LEE 2<br/>@BRF 1 F","3","3","0%","0%","1","15","0","0","0","0","0","1","0","0","0","0","1","0","0","0","0","0","0","0","0","0","0"
"*05uhk*","Tyler Morton","LIV","M","480","FA","WOL 1<br/>@LIV 3 F","2.75","1.38","0%","0%","2","64","0","0","0","0","0","0","0","0","1","0","0","3","0","0","0","2","0","0","0","1","0"
"*04ym2*","Taylor Richards","BHA","M,F","481","FA","WHU 1<br/>@BHA 3 F","2.5","1.25","0%","0%","2","21","0","0","1","0","0","0","0","0","0","0","0","0","0","0","0","1","0","0","0","0","0"
"*05rjn*","Jesurun Rak-Sakyi","CRY","M","482","FA","MUN 0<br/>@CRY 1 F","2.25","1.12","0%","0%","2","79","0","0","0","0","0","0","0","2","0","0","1","1","0","0","0","0","0","0","0","0","1"
"*05x9k*","Jeremy Sarmiento","BHA","F","483","FA","WHU 1<br/>@BHA 3 F","2.25","0.45","0%","0%","5","40","0","0","0","0","0","0","1","1","0","0","0","0","0","1","0","1","0","0","0","2","0"
"*05oig*","Liam Delap","MCI","F","485","FA","AVL 2<br/>@MCI 3 F","2","2","32%","0%","1","8","0","0","0","0","0","0","0","0","0","0","0","0","0","0","0","0","0","1","0","0","0"
"*04ge8*","Reiss Nelson","ARS","F","486","FA","EVE 1<br/>@ARS 5 F","2","2","9%","0%","1","18","0","0","1","0","0","0","0","0","0","0","0","0","0","0","0","0","0","0","0","1","0"
"*04k4j*","Aaron Connolly","BHA","F","484","FA","WHU 1<br/>@BHA 3 F","2","0.5","0%","0%","4","151","0","0","1","0","0","0","0","2","0","0","0","0","0","0","0","2","0","0","0","1","0"
"*059iq*","Folarin Balogun","ARS","F","487","FA","EVE 1<br/>@ARS 5 F","1.75","0.88","0%","0%","2","68","0","0","0","0","0","0","1","0","0","0","0","0","1","0","0","1","0","0","0","1","0"
"*05uhl*","Kaide Gordon","LIV","F","490","FA","WOL 1<br/>@LIV 3 F","1.5","1.5","0%","0%","1","7","0","0","0","0","0","1","0","1","0","0","0","0","0","0","0","0","0","0","0","0","0"
"*05lus*","Lewis Bate","CHE/LEE","M","489","FA","LEE 2<br/>@BRF 1 F","1.5","0.5","0%","0%","3","145","0","0","0","0","0","0","0","2","0","0","0","1","1","1","0","0","0","0","0","4","0"
"*05tri*","Mads Bidstrup","BRF","M","491","FA","LEE 2<br/>@BRF 1 F","1.25","0.31","0%","0%","4","33","0","0","0","0","0","0","0","1","0","0","0","1","2","0","0","0","0","0","0","0","0"
"*05a6j*","Chem Campbell","WOL","F","492","FA","WOL 1<br/>@LIV 3 F","1.25","1.25","0%","0%","1","11","0","0","0","0","0","0","1","0","0","0","0","0","0","0","0","0","0","0","0","0","0"
"*05uho*","CJ Egan-Riley","MCI","D","493","FA","AVL 2<br/>@MCI 3 F","1.25","1.25","0%","0%","1","2","0","0","0","0","0","0","1","0","0","0","0","0","0","0","0","0","0","0","0","0","0"
"*05vyj*","Evan Ferguson","BHA","F","494","FA","WHU 1<br/>@BHA 3 F","1","1","94%","0%","1","21","0","0","0","0","0","0","0","0","0","0","1","0","0","0","0","0","0","0","0","1","0"
"*05nip*","Dane Scarlett","TOT","F","496","FA","TOT 5<br/>@NOR 0 F","1","1","0%","0%","1","2","0","0","0","0","0","0","0","0","0","0","0","0","0","1","0","0","0","0","0","0","0"
"*0554u*","Trezeguet","AVL","M","495","FA","AVL 2<br/>@MCI 3 F","1","1","0%","0%","1","9","0","0","0","0","0","0","0","0","0","0","0","0","0","1","0","0","0","0","0","1","0"
"*05r93*","Tyler Onyango","EVE","M","497","FA","EVE 1<br/>@ARS 5 F","0.75","0.25","0%","0%","3","26","0","0","0","0","0","0","0","0","0","0","0","0","1","0","0","1","0","0","0","0","0"
"*05uhs*","James Mcatee","MCI","M","499","FA","AVL 2<br/>@MCI 3 F","0.5","0.25","3%","-1%","2","16","0","0","0","0","0","0","0","2","0","0","0","0","0","1","0","1","0","0","0","0","0"
"*05w9n*","Alex Kral","WHU","M","498","FA","WHU 1<br/>@BHA 3 F","0.5","0.5","0%","0%","1","1","0","0","0","0","0","0","0","0","0","0","0","0","0","0","0","1","0","0","0","0","0"
"*051wl*","Wesley","AVL","F","500","FA","AVL 2<br/>@MCI 3 F","0.5","0.5","0%","0%","1","1","0","0","0","0","0","0","0","0","0","0","0","0","0","0","0","1","0","0","0","0","0"
"*05y2h*","Sonny Perkins","WHU","M","501","FA","WHU 1<br/>@BHA 3 F","0.5","0.5","0%","0%","1","2","0","0","0","0","0","0","0","0","0","0","0","0","0","0","0","1","0","0","0","0","0"
"*05m9r*","Ellis Simms","EVE","F","502","FA","EVE 1<br/>@ARS 5 F","0.5","0.5","0%","0%","1","61","0","0","0","0","0","0","0","1","0","0","0","0","1","0","1","2","0","0","0","0","1"
"*052h4*","Dominic Thompson","BRF","D","503","FA","LEE 2<br/>@BRF 1 F","0.25","0.12","0%","0%","2","146","0","0","0","0","0","0","0","0","0","0","0","2","3","0","2","1","0","0","0","3","0"
"*05opj*","Elliot Anderson","NEW","M","511","FA","NEW 2<br/>@BUR 1 F","0","0","99%","0%","0","0","0","0","0","0","0","0","0","0","0","0","0","0","0","0","0","0","0","0","0","0","0"
"*05r34*","Amad Diallo","MUN","F","571","FA","MUN 0<br/>@CRY 1 F","0","0","95%","0%","0","0","0","0","0","0","0","0","0","0","0","0","0","0","0","0","0","0","0","0","0","0","0"
"*05y9n*","Lewis Hall","CHE","M","601","FA","WAT 1<br/>@CHE 2 F","0","0","77%","0%","0","0","0","0","0","0","0","0","0","0","0","0","0","0","0","0","0","0","0","0","0","0","0"
"*04lav*","Ethan Ampadu","CHE","D","510","FA","WAT 1<br/>@CHE 2 F","0","0","58%","-5%","0","0","0","0","0","0","0","0","0","0","0","0","0","0","0","0","0","0","0","0","0","0","0"
"*05raa*","Hugo Bueno","WOL","D","545","FA","WOL 1<br/>@LIV 3 F","0","0","54%","-1%","0","0","0","0","0","0","0","0","0","0","0","0","0","0","0","0","0","0","0","0","0","0","0"
"*05ubv*","Omari Hutchinson","ARS","M","611","FA","EVE 1<br/>@ARS 5 F","0","0","37%","-5%","0","0","0","0","0","0","0","0","0","0","0","0","0","0","0","0","0","0","0","0","0","0","0"
"*060wh*","Alejandro Garnacho","MUN","M","589","FA","MUN 0<br/>@CRY 1 F","0","0","28%","-1%","2","11","0","0","0","0","0","0","0","0","0","0","0","0","0","0","0","0","0","0","0","0","0"
"*05ye7*","Oscar Bobb","MCI","M","538","FA","AVL 2<br/>@MCI 3 F","0","0","26%","+4%","0","0","0","0","0","0","0","0","0","0","0","0","0","0","0","0","0","0","0","0","0","0","0"
"*05l27*","Jarrad Branthwaite","EVE","D","542","FA","EVE 1<br/>@ARS 5 F","0","0","23%","-1%","6","386","1","0","0","0","0","2","1","1","0","1","0","1","20","1","2","11","0","0","0","14","0"
"*05uhj*","Conor Bradley","LIV","M","541","FA","WOL 1<br/>@LIV 3 F","0","0","21%","0%","0","0","0","0","0","0","0","0","0","0","0","0","0","0","0","0","0","0","0","0","0","0","0"
"*05y9l*","Xavier Simons","CHE","M","710","FA","WAT 1<br/>@CHE 2 F","0","0","4%","0%","0","0","0","0","0","0","0","0","0","0","0","0","0","0","0","0","0","0","0","0","0","0","0"
"*05y7c*","Archie Gray","LEE","M","597","FA","LEE 2<br/>@BRF 1 F","0","0","4%","0%","0","0","0","0","0","0","0","0","0","0","0","0","0","0","0","0","0","0","0","0","0","0","0"
"*05ts6*","Yerson Mosquera","WOL","D","660","FA","WOL 1<br/>@LIV 3 F","0","0","3%","0%","0","0","0","0","0","0","0","0","0","0","0","0","0","0","0","0","0","0","0","0","0","0","0"
"*06195*","Tyler Dibling","SOU","M","572","FA","SOU 1<br/>@LEI 4 F","0","0","2%","0%","0","0","0","0","0","0","0","0","0","0","0","0","0","0","0","0","0","0","0","0","0","0","0"
"*05unu*","Romeo Lavia","MCI","M","627","FA","AVL 2<br/>@MCI 3 F","0","0","2%","-1%","0","0","0","0","0","0","0","0","0","0","0","0","0","0","0","0","0","0","0","0","0","0","0"
"*05y5b*","Freddie Potts","WHU","M","686","FA","WHU 1<br/>@BHA 3 F","0","0","1%","0%","0","0","0","0","0","0","0","0","0","0","0","0","0","0","0","0","0","0","0","0","0","0","0"
"*05r4h*","Lamare Bogarde","AVL","M","539","FA","AVL 2<br/>@MCI 3 F","0","0","1%","0%","0","0","0","0","0","0","0","0","0","0","0","0","0","0","0","0","0","0","0","0","0","0","0"
"*05yct*","Nathan Patterson","EVE","D","682","FA","EVE 1<br/>@ARS 5 F","0","0","1%","0%","0","0","0","0","0","0","0","0","0","0","0","0","0","0","0","0","0","0","0","0","0","0","0"
"*05udw*","Romaine Mundle","TOT","M","662","FA","TOT 5<br/>@NOR 0 F","0","0","0%","0%","0","0","0","0","0","0","0","0","0","0","0","0","0","0","0","0","0","0","0","0","0","0","0"
"*03brm*","Patrick Roberts","MCI","M","696","FA","AVL 2<br/>@MCI 3 F","0","0","0%","0%","0","0","0","0","0","0","0","0","0","0","0","0","0","0","0","0","0","0","0","0","0","0","0"
"*04tsf*","Paris Maghoma","BRF","M","638","FA","LEE 2<br/>@BRF 1 F","0","0","0%","0%","0","0","0","0","0","0","0","0","0","0","0","0","0","0","0","0","0","0","0","0","0","0","0"
"*05vyc*","Aaron Ramsey","AVL","M","691","FA","AVL 2<br/>@MCI 3 F","0","0","0%","0%","0","0","0","0","0","0","0","0","0","0","0","0","0","0","0","0","0","0","0","0","0","0","0"
"*05oji*","Rhys Williams","LIV","D","741","FA","WOL 1<br/>@LIV 3 F","0","0","0%","0%","0","0","0","0","0","0","0","0","0","0","0","0","0","0","0","0","0","0","0","0","0","0","0"
"*05wwd*","Joshua Wilson-Esbrand","MCI","D","742","FA","AVL 2<br/>@MCI 3 F","0","0","0%","0%","0","0","0","0","0","0","0","0","0","0","0","0","0","0","0","0","0","0","0","0","0","0","0"
"*05ogg*","Ajibola Alese","WHU","D","507","FA","WHU 1<br/>@BHA 3 F","0","0","0%","0%","0","0","0","0","0","0","0","0","0","0","0","0","0","0","0","0","0","0","0","0","0","0","0"
"*05nio*","Alfie Devine","TOT","M","570","FA","TOT 5<br/>@NOR 0 F","0","0","0%","0%","0","0","0","0","0","0","0","0","0","0","0","0","0","0","0","0","0","0","0","0","0","0","0"
"*05vyh*","Andy Moran","BHA","M","658","FA","WHU 1<br/>@BHA 3 F","0","0","0%","0%","0","0","0","0","0","0","0","0","0","0","0","0","0","0","0","0","0","0","0","0","0","0","0"
"*05nuf*","Myles Peart-Harris","BRF","M","683","FA","LEE 2<br/>@BRF 1 F","0","0","0%","0%","0","0","0","0","0","0","0","0","0","0","0","0","0","0","0","0","0","0","0","0","0","0","0"
"*04mmx*","Michael Obafemi","SOU","F","669","FA","SOU 1<br/>@LEI 4 F","0","0","0%","0%","0","0","0","0","0","0","0","0","0","0","0","0","0","0","0","0","0","0","0","0","0","0","0"
"*05wqy*","Joe White","NEW","M","738","FA","NEW 2<br/>@BUR 1 F","0","0","0%","0%","0","0","0","0","0","0","0","0","0","0","0","0","0","0","0","0","0","0","0","0","0","0","0"
"*05ymb*","Tayo Adaramola","CRY","D","504","FA","MUN 0<br/>@CRY 1 F","0","0","0%","0%","0","0","0","0","0","0","0","0","0","0","0","0","0","0","0","0","0","0","0","0","0","0","0"
"*05ux0*","Owen Dodgson","BUR","D","575","FA","NEW 2<br/>@BUR 1 F","0","0","0%","0%","0","0","0","0","0","0","0","0","0","0","0","0","0","0","0","0","0","0","0","0","0","0","0"
"*05yf8*","Pierre Ekwah","WHU","D","578","FA","WHU 1<br/>@BHA 3 F","0","0","0%","0%","0","0","0","0","0","0","0","0","0","0","0","0","0","0","0","0","0","0","0","0","0","0","0"
"*05rka*","Reece Welch","EVE","D","734","FA","EVE 1<br/>@ARS 5 F","0","0","0%","0%","0","0","0","0","0","0","0","0","0","0","0","0","0","0","0","0","0","0","0","0","0","0","0"
"*05vyk*","Jaime Alvarado","WAT","M","508","FA","WAT 1<br/>@CHE 2 F","0","0","0%","0%","0","0","0","0","0","0","0","0","0","0","0","0","0","0","0","0","0","0","0","0","0","0","0"
"*05ye6*","Will Alves","LEI","F","509","FA","SOU 1<br/>@LEI 4 F","0","0","0%","0%","0","0","0","0","0","0","0","0","0","0","0","0","0","0","0","0","0","0","0","0","0","0","0"
"*059j0*","Faustino Anjorin","CHE","M","513","FA","WAT 1<br/>@CHE 2 F","0","0","0%","0%","0","0","0","0","0","0","0","0","0","0","0","0","0","0","0","0","0","0","0","0","0","0","0"
"*04kj7*","Serge Aurier","TOT","D","517","FA","TOT 5<br/>@NOR 0 F","0","0","0%","0%","0","0","0","0","0","0","0","0","0","0","0","0","0","0","0","0","0","0","0","0","0","0","0"
"*02m5c*","Phil Bardsley","BUR","D","528","FA","NEW 2<br/>@BUR 1 F","0","0","0%","0%","0","0","0","0","0","0","0","0","0","0","0","0","0","0","0","0","0","0","0","0","0","0","0"
"*05uhi*","Owen Beck","LIV","D","529","FA","WOL 1<br/>@LIV 3 F","0","0","0%","0%","0","0","0","0","0","0","0","0","0","0","0","0","0","0","0","0","0","0","0","0","0","0","0"
"*0326y*","Hector Bellerin","ARS","D","530","FA","EVE 1<br/>@ARS 5 F","0","0","0%","0%","0","0","0","0","0","0","0","0","0","0","0","0","0","0","0","0","0","0","0","0","0","0","0"
"*04u6g*","Filip Benkovic","LEI","D","531","FA","SOU 1<br/>@LEI 4 F","0","0","0%","0%","0","0","0","0","0","0","0","0","0","0","0","0","0","0","0","0","0","0","0","0","0","0","0"
"*05y63*","Lewis Brunt","LEI","M","544","FA","SOU 1<br/>@LEI 4 F","0","0","0%","0%","1","22","0","0","0","0","0","0","0","2","0","0","0","0","0","1","0","0","0","0","0","1","0"
"*03yik*","Cameron Carter-Vickers","TOT","D","548","FA","TOT 5<br/>@NOR 0 F","0","0","0%","0%","0","0","0","0","0","0","0","0","0","0","0","0","0","0","0","0","0","0","0","0","0","0","0"
"*056ix*","Bruno Jordao","WOL","M","549","FA","WOL 1<br/>@LIV 3 F","0","0","0%","0%","0","0","0","0","0","0","0","0","0","0","0","0","0","0","0","0","0","0","0","0","0","0","0"
"*05ya1*","Kayky","MCI","F","551","FA","AVL 2<br/>@MCI 3 F","0","0","0%","0%","1","5","0","0","0","0","0","0","0","0","0","0","0","0","0","0","0","0","0","0","0","0","0"
"*02m7d*","Nathaniel Chalobah","WAT","M","552","FA","WAT 1<br/>@CHE 2 F","0","0","0%","0%","0","0","0","0","0","0","0","0","0","0","0","0","0","0","0","0","0","0","0","0","0","0","0"
"*05xsd*","Daniel Chesters","WHU","M","554","FA","WHU 1<br/>@BHA 3 F","0","0","0%","0%","1","1","0","0","0","0","0","0","0","0","0","0","0","0","0","0","0","0","0","0","0","0","0"
"*05244*","Jack Clarke","TOT","F","557","FA","TOT 5<br/>@NOR 0 F","0","0","0%","0%","0","0","0","0","0","0","0","0","0","0","0","0","0","0","0","0","0","0","0","0","0","0","0"
"*04xjt*","Conor Coventry","WHU","M","560","FA","WHU 1<br/>@BHA 3 F","0","0","0%","0%","0","0","0","0","0","0","0","0","0","0","0","0","0","0","0","0","0","0","0","0","0","0","0"
"*054ow*","Vontae Daley-Campbell","LEI","D","565","FA","SOU 1<br/>@LEI 4 F","0","0","0%","0%","0","0","0","0","0","0","0","0","0","0","0","0","0","0","0","0","0","0","0","0","0","0","0"
"*05u44*","Halil Dervisoglu","BRF","F","569","FA","LEE 2<br/>@BRF 1 F","0","0","0%","0%","0","0","0","0","0","0","0","0","0","0","0","0","0","0","0","0","0","0","0","0","0","0","0"
"*052k8*","Tommy Doyle","MCI","M","576","FA","AVL 2<br/>@MCI 3 F","0","0","0%","0%","0","0","0","0","0","0","0","0","0","0","0","0","0","0","0","0","0","0","0","0","0","0","0"
"*05uhw*","Samuel Edozie","MCI","F","577","FA","AVL 2<br/>@MCI 3 F","0","0","0%","0%","0","0","0","0","0","0","0","0","0","0","0","0","0","0","0","0","0","0","0","0","0","0","0"
"*05yc5*","Josh Feeney","AVL","M","582","FA","AVL 2<br/>@MCI 3 F","0","0","0%","0%","0","0","0","0","0","0","0","0","0","0","0","0","0","0","0","0","0","0","0","0","0","0","0"
"*04mf8*","Nathan Ferguson","CRY","D","583","FA","MUN 0<br/>@CRY 1 F","0","0","0%","0%","1","7","0","0","0","0","0","0","0","0","0","0","0","0","0","0","0","0","0","0","0","0","0"
"*04sjv*","Ryan Giles","WOL","M","591","FA","WOL 1<br/>@LIV 3 F","0","0","0%","0%","0","0","0","0","0","0","0","0","0","0","0","0","0","0","0","0","0","0","0","0","0","0","0"
"*0427g*","Andre Gray","WAT","F","596","FA","WAT 1<br/>@CHE 2 F","0","0","0%","0%","0","0","0","0","0","0","0","0","0","0","0","0","0","0","0","0","0","0","0","0","0","0","0"
"*05229*","Frederic Guilbert","AVL","D","599","FA","AVL 2<br/>@MCI 3 F","0","0","0%","0%","0","0","0","0","0","0","0","0","0","0","0","0","0","0","0","0","0","0","0","0","0","0","0"
"*05rey*","Kaine Hayden","AVL","D,M","604","FA","AVL 2<br/>@MCI 3 F","0","0","0%","0%","0","0","0","0","0","0","0","0","0","0","0","0","0","0","0","0","0","0","0","0","0","0","0"
"*02lk9*","Martin Kelly","CRY","D","621","FA","MUN 0<br/>@CRY 1 F","0","0","0%","0%","0","0","0","0","0","0","0","0","0","0","0","0","0","0","0","0","0","0","0","0","0","0","0"
"*05a6f*","Billy Koumetio","LIV","D","624","FA","WOL 1<br/>@LIV 3 F","0","0","0%","0%","0","0","0","0","0","0","0","0","0","0","0","0","0","0","0","0","0","0","0","0","0","0","0"
"*05yf3*","Dexter Lembikisa","WOL","D","629","FA","WOL 1<br/>@LIV 3 F","0","0","0%","0%","0","0","0","0","0","0","0","0","0","0","0","0","0","0","0","0","0","0","0","0","0","0","0"
"*05r4i*","Hayden Lindley","AVL","M","632","FA","AVL 2<br/>@MCI 3 F","0","0","0%","0%","0","0","0","0","0","0","0","0","0","0","0","0","0","0","0","0","0","0","0","0","0","0","0"
"*052ju*","Matty Longstaff","NEW","M","635","FA","NEW 2<br/>@BUR 1 F","0","0","0%","0%","0","0","0","0","0","0","0","0","0","0","0","0","0","0","0","0","0","0","0","0","0","0","0"
"*05yf0*","Isaac Mabaya","LIV","M","637","FA","WOL 1<br/>@LIV 3 F","0","0","0%","0%","0","0","0","0","0","0","0","0","0","0","0","0","0","0","0","0","0","0","0","0","0","0","0"
"*05r33*","Luke Mbete","MCI","D","646","FA","AVL 2<br/>@MCI 3 F","0","0","0%","0%","0","0","0","0","0","0","0","0","0","0","0","0","0","0","0","0","0","0","0","0","0","0","0"
"*05y55*","Kasey McAteer","LEI","M","648","FA","SOU 1<br/>@LEI 4 F","0","0","0%","0%","1","1","0","0","0","0","0","0","0","0","0","0","0","0","0","0","0","0","0","0","0","0","0"
"*05unv*","Liam McCarron","LEE","M","649","FA","LEE 2<br/>@BRF 1 F","0","0","0%","0%","1","8","0","0","0","0","0","0","0","0","0","0","0","0","0","0","0","0","0","0","0","1","0"
"*05ww3*","Stuart McKinstry","LEE","M","654","FA","LEE 2<br/>@BRF 1 F","0","0","0%","0%","1","2","0","0","0","0","0","0","0","0","0","0","0","0","0","0","0","0","0","0","0","0","0"
"*05afe*","Teden Mengi","MUN","D","655","FA","MUN 0<br/>@CRY 1 F","0","0","0%","0%","0","0","0","0","0","0","0","0","0","0","0","0","0","0","0","0","0","0","0","0","0","0","0"
"*04qna*","Marc Navarro","WAT","D","663","FA","WAT 1<br/>@CHE 2 F","0","0","0%","0%","0","0","0","0","0","0","0","0","0","0","0","0","0","0","0","0","0","0","0","0","0","0","0"
"*05oel*","Niels Nkounkou","EVE","D","665","FA","EVE 1<br/>@ARS 5 F","0","0","0%","0%","0","0","0","0","0","0","0","0","0","0","0","0","0","0","0","0","0","0","0","0","0","0","0"
"*05vyg*","Odeluga Offiah","BHA","D","671","FA","WHU 1<br/>@BHA 3 F","0","0","0%","0%","0","0","0","0","0","0","0","0","0","0","0","0","0","0","0","0","0","0","0","0","0","0","0"
"*05y9e*","Charlie Patino","ARS","M","681","FA","EVE 1<br/>@ARS 5 F","0","0","0%","0%","0","0","0","0","0","0","0","0","0","0","0","0","0","0","0","0","0","0","0","0","0","0","0"
"*04rxe*","Nathaniel Phillips","LIV","D","684","FA","WOL 1<br/>@LIV 3 F","0","0","0%","0%","0","0","0","0","0","0","0","0","0","0","0","0","0","0","0","0","0","0","0","0","0","0","0"
"*05ylz*","Luke Plange","CRY","F","685","FA","MUN 0<br/>@CRY 1 F","0","0","0%","0%","0","0","0","0","0","0","0","0","0","0","0","0","0","0","0","0","0","0","0","0","0","0","0"
"*05795*","Dennis Praet","LEI","M","687","FA","SOU 1<br/>@LEI 4 F","0","0","0%","0%","0","0","0","0","0","0","0","0","0","0","0","0","0","0","0","0","0","0","0","0","0","0","0"
"*05y7i*","Jarell Quansah","LIV","D","688","FA","WOL 1<br/>@LIV 3 F","0","0","0%","0%","0","0","0","0","0","0","0","0","0","0","0","0","0","0","0","0","0","0","0","0","0","0","0"
"*0452r*","Domingos Quina","WAT","M","689","FA","WAT 1<br/>@CHE 2 F","0","0","0%","0%","0","0","0","0","0","0","0","0","0","0","0","0","0","0","0","0","0","0","0","0","0","0","0"
"*05udh*","Luka Racic","BRF","D","690","FA","LEE 2<br/>@BRF 1 F","0","0","0%","0%","0","0","0","0","0","0","0","0","0","0","0","0","0","0","0","0","0","0","0","0","0","0","0"
"*02ono*","Winston Reid","WHU","D","693","FA","WHU 1<br/>@BHA 3 F","0","0","0%","0%","0","0","0","0","0","0","0","0","0","0","0","0","0","0","0","0","0","0","0","0","0","0","0"
"*05o8m*","James Rodriguez","EVE","M","697","FA","EVE 1<br/>@ARS 5 F","0","0","0%","0%","0","0","0","0","0","0","0","0","0","0","0","0","0","0","0","0","0","0","0","0","0","0","0"
"*052jx*","Dion Sanderson","WOL","D","700","FA","WOL 1<br/>@LIV 3 F","0","0","0%","0%","0","0","0","0","0","0","0","0","0","0","0","0","0","0","0","0","0","0","0","0","0","0","0"
"*04tlz*","Philippe Sandler","MCI","D","701","FA","AVL 2<br/>@MCI 3 F","0","0","0%","0%","0","0","0","0","0","0","0","0","0","0","0","0","0","0","0","0","0","0","0","0","0","0","0"
"*05rdx*","Shola Shoretire","MUN","F","706","FA","MUN 0<br/>@CRY 1 F","0","0","0%","0%","1","14","0","0","0","0","0","0","0","0","0","0","0","0","0","0","0","0","0","0","0","0","0"
"*02m2u*","Gylfi Sigurdsson","EVE","M","707","FA","EVE 1<br/>@ARS 5 F","0","0","0%","0%","0","0","0","0","0","0","0","0","0","0","0","0","0","0","0","0","0","0","0","0","0","0","0"
"*04qrf*","Helder Costa","LEE","M","716","FA","LEE 2<br/>@BRF 1 F","0","0","0%","0%","1","19","0","0","0","0","0","0","0","0","0","0","0","0","0","0","0","0","0","0","0","0","0"
"*05r3z*","Sil Swinkels","AVL","D","723","FA","AVL 2<br/>@MCI 3 F","0","0","0%","0%","0","0","0","0","0","0","0","0","0","0","0","0","0","0","0","0","0","0","0","0","0","0","0"
"*05l2z*","Bobby Thomas","BUR","D","724","FA","NEW 2<br/>@BUR 1 F","0","0","0%","0%","0","0","0","0","0","0","0","0","0","0","0","0","0","0","0","0","0","0","0","0","0","0","0"
"*04ml9*","Cenk Tosun","EVE","F","726","FA","EVE 1<br/>@ARS 5 F","0","0","0%","0%","1","5","0","0","0","0","0","0","0","0","0","0","0","0","0","0","0","0","0","0","0","0","0"
"*05yly*","Deniz Undav","BHA","F","730","FA","WHU 1<br/>@BHA 3 F","0","0","0%","0%","0","0","0","0","0","0","0","0","0","0","0","0","0","0","0","0","0","0","0","0","0","0","0"
"*05nue*","Harvey Vale","CHE","M","731","FA","WAT 1<br/>@CHE 2 F","0","0","0%","0%","0","0","0","0","0","0","0","0","0","0","0","0","0","0","0","0","0","0","0","0","0","0","0"
"*054p3*","Harvey White","TOT","M","737","FA","TOT 5<br/>@NOR 0 F","0","0","0%","0%","0","0","0","0","0","0","0","0","0","0","0","0","0","0","0","0","0","0","0","0","0","0","0"
"*05y3r*","Nathan Young-Coombes","BRF","F","744","FA","LEE 2<br/>@BRF 1 F","0","0","0%","0%","1","2","0","0","0","0","0","0","0","0","0","0","0","0","0","0","0","0","0","0","0","0","0"
"*05u1n*","Derek Agyakwa","WAT","D","505","FA","WAT 1<br/>@CHE 2 F","0","0","-","-","0","0","0","0","0","0","0","0","0","0","0","0","0","0","0","0","0","0","0","0","0","0","0"
"*05yi6*","Ryan Alebiousu","ARS","D","506","FA","EVE 1<br/>@ARS 5 F","0","0","-","-","0","0","0","0","0","0","0","0","0","0","0","0","0","0","0","0","0","0","0","0","0","0","0"
"*05y5a*","Keenan Appiah-Forson","WHU","M","514","FA","WHU 1<br/>@BHA 3 F","0","0","-","-","0","0","0","0","0","0","0","0","0","0","0","0","0","0","0","0","0","0","0","0","0","0","0"
"*0522i*","Billy Arce","BHA","M","515","FA","WHU 1<br/>@BHA 3 F","0","0","-","-","0","0","0","0","0","0","0","0","0","0","0","0","0","0","0","0","0","0","0","0","0","0","0"
"*05ret*","Ryan Astley","EVE","D","516","FA","EVE 1<br/>@ARS 5 F","0","0","-","-","0","0","0","0","0","0","0","0","0","0","0","0","0","0","0","0","0","0","0","0","0","0","0"
"*05yo0*","Zach Awe","ARS","D","519","FA","EVE 1<br/>@ARS 5 F","0","0","-","-","0","0","0","0","0","0","0","0","0","0","0","0","0","0","0","0","0","0","0","0","0","0","0"
"*05nnv*","Miguel Azeez","ARS","M","520","FA","EVE 1<br/>@ARS 5 F","0","0","-","-","0","0","0","0","0","0","0","0","0","0","0","0","0","0","0","0","0","0","0","0","0","0","0"
"*05udj*","Kwadwo Baah","WAT","M","521","FA","WAT 1<br/>@CHE 2 F","0","0","-","-","0","0","0","0","0","0","0","0","0","0","0","0","0","0","0","0","0","0","0","0","0","0","0"
"*038zh*","Lewis Baker","CHE","M","522","FA","WAT 1<br/>@CHE 2 F","0","0","-","-","0","0","0","0","0","0","0","0","0","0","0","0","0","0","0","0","0","0","0","0","0","0","0"
"*05x13*","James Balagizi","LIV","M","523","FA","WOL 1<br/>@LIV 3 F","0","0","-","-","0","0","0","0","0","0","0","0","0","0","0","0","0","0","0","0","0","0","0","0","0","0","0"
"*0522g*","Tudor Baluta","BHA","D","525","FA","WHU 1<br/>@BHA 3 F","0","0","-","-","0","0","0","0","0","0","0","0","0","0","0","0","0","0","0","0","0","0","0","0","0","0","0"
"*05lfr*","Scott Banks","CRY","F","526","FA","MUN 0<br/>@CRY 1 F","0","0","-","-","0","0","0","0","0","0","0","0","0","0","0","0","0","0","0","0","0","0","0","0","0","0","0"
"*05r4v*","Jamal Baptiste","WHU","D","527","FA","WHU 1<br/>@BHA 3 F","0","0","-","-","0","0","0","0","0","0","0","0","0","0","0","0","0","0","0","0","0","0","0","0","0","0","0"
"*05uwe*","J'Neil Bennett","TOT","F","532","FA","TOT 5<br/>@NOR 0 F","0","0","-","-","0","0","0","0","0","0","0","0","0","0","0","0","0","0","0","0","0","0","0","0","0","0","0"
"*05yez*","Mika Biereth","ARS","F","535","FA","EVE 1<br/>@ARS 5 F","0","0","-","-","0","0","0","0","0","0","0","0","0","0","0","0","0","0","0","0","0","0","0","0","0","0","0"
"*05xtt*","Harvey Blair","LIV","F","536","FA","WOL 1<br/>@LIV 3 F","0","0","-","-","0","0","0","0","0","0","0","0","0","0","0","0","0","0","0","0","0","0","0","0","0","0","0"
"*061bq*","Adrian Blake","WAT","M","537","FA","WAT 1<br/>@CHE 2 F","0","0","-","-","0","0","0","0","0","0","0","0","0","0","0","0","0","0","0","0","0","0","0","0","0","0","0"
"*04tsg*","Jamie Bowden","TOT","M","540","FA","TOT 5<br/>@NOR 0 F","0","0","-","-","0","0","0","0","0","0","0","0","0","0","0","0","0","0","0","0","0","0","0","0","0","0","0"
"*05ye5*","Sammy Braybrooke","LEI","M","543","FA","SOU 1<br/>@LEI 4 F","0","0","-","-","0","0","0","0","0","0","0","0","0","0","0","0","0","0","0","0","0","0","0","0","0","0","0"
"*05uhr*","Finley Burns","MCI","D","546","FA","AVL 2<br/>@MCI 3 F","0","0","-","-","0","0","0","0","0","0","0","0","0","0","0","0","0","0","0","0","0","0","0","0","0","0","0"
"*05udv*","Kallum Cesay","TOT","D,M","550","FA","TOT 5<br/>@NOR 0 F","0","0","-","-","0","0","0","0","0","0","0","0","0","0","0","0","0","0","0","0","0","0","0","0","0","0","0"
"*05r39*","Kgaogelo Chauke","SOU","M","553","FA","SOU 1<br/>@LEI 4 F","0","0","-","-","0","0","0","0","0","0","0","0","0","0","0","0","0","0","0","0","0","0","0","0","0","0","0"
"*05r43*","Benjamin Chrisene","AVL","M","555","FA","AVL 2<br/>@MCI 3 F","0","0","-","-","0","0","0","0","0","0","0","0","0","0","0","0","0","0","0","0","0","0","0","0","0","0","0"
"*05vyd*","Caleb Chukwuemeka","AVL","F","556","FA","AVL 2<br/>@MCI 3 F","0","0","-","-","0","0","0","0","0","0","0","0","0","0","0","0","0","0","0","0","0","0","0","0","0","0","0"
"*05ya5*","Kamil Conteh","WAT","M","558","FA","WAT 1<br/>@CHE 2 F","0","0","-","-","0","0","0","0","0","0","0","0","0","0","0","0","0","0","0","0","0","0","0","0","0","0","0"
"*060y3*","Dara Costelloe","BUR","F","559","FA","NEW 2<br/>@BUR 1 F","0","0","-","-","0","0","0","0","0","0","0","0","0","0","0","0","0","0","0","0","0","0","0","0","0","0","0"
"*05uwc*","Matthew Craig","TOT","M","562","FA","TOT 5<br/>@NOR 0 F","0","0","-","-","0","0","0","0","0","0","0","0","0","0","0","0","0","0","0","0","0","0","0","0","0","0","0"
"*05uwd*","Michael Craig","TOT","M","563","FA","TOT 5<br/>@NOR 0 F","0","0","-","-","0","0","0","0","0","0","0","0","0","0","0","0","0","0","0","0","0","0","0","0","0","0","0"
"*061br*","Tiago Cukur","WAT","F","564","FA","WAT 1<br/>@CHE 2 F","0","0","-","-","0","0","0","0","0","0","0","0","0","0","0","0","0","0","0","0","0","0","0","0","0","0","0"
"*05zd7*","Lucas De Bolle","NEW","M","567","FA","NEW 2<br/>@BUR 1 F","0","0","-","-","0","0","0","0","0","0","0","0","0","0","0","0","0","0","0","0","0","0","0","0","0","0","0"
"*05oh1*","Lars Dendoncker","BHA","D,M","568","FA","WHU 1<br/>@BHA 3 F","0","0","-","-","0","0","0","0","0","0","0","0","0","0","0","0","0","0","0","0","0","0","0","0","0","0","0"
"*05try*","Thomas Dickson-Peters","NOR","F","573","FA","TOT 5<br/>@NOR 0 F","0","0","-","-","0","0","0","0","0","0","0","0","0","0","0","0","0","0","0","0","0","0","0","0","0","0","0"
"*05aly*","Elijah Dixon-Bonner","LIV","M","574","FA","WOL 1<br/>@LIV 3 F","0","0","-","-","0","0","0","0","0","0","0","0","0","0","0","0","0","0","0","0","0","0","0","0","0","0","0"
"*05y56*","Oliver Ewing","LEI","M","580","FA","SOU 1<br/>@LEI 4 F","0","0","-","-","0","0","0","0","0","0","0","0","0","0","0","0","0","0","0","0","0","0","0","0","0","0","0"
"*05h02*","Malachi Fagan-Walcott","TOT","D","581","FA","TOT 5<br/>@NOR 0 F","0","0","-","-","0","0","0","0","0","0","0","0","0","0","0","0","0","0","0","0","0","0","0","0","0","0","0"
"*060yz*","Alvaro Fernandez","MUN","D","584","FA","MUN 0<br/>@CRY 1 F","0","0","-","-","0","0","0","0","0","0","0","0","0","0","0","0","0","0","0","0","0","0","0","0","0","0","0"
"*060uo*","Marcelo Flores","ARS","M","585","FA","EVE 1<br/>@ARS 5 F","0","0","-","-","0","0","0","0","0","0","0","0","0","0","0","0","0","0","0","0","0","0","0","0","0","0","0"
"*05ye9*","Shaqai Forde","WAT","M","586","FA","WAT 1<br/>@CHE 2 F","0","0","-","-","0","0","0","0","0","0","0","0","0","0","0","0","0","0","0","0","0","0","0","0","0","0","0"
"*05yf1*","Melkamu Frauendorf","LIV","M","587","FA","WOL 1<br/>@LIV 3 F","0","0","-","-","0","0","0","0","0","0","0","0","0","0","0","0","0","0","0","0","0","0","0","0","0","0","0"
"*05vyf*","James Furlong","BHA","D","588","FA","WHU 1<br/>@BHA 3 F","0","0","-","-","0","0","0","0","0","0","0","0","0","0","0","0","0","0","0","0","0","0","0","0","0","0","0"
"*05yf2*","Liam Gibbs","NOR","M","590","FA","TOT 5<br/>@NOR 0 F","0","0","-","-","0","0","0","0","0","0","0","0","0","0","0","0","0","0","0","0","0","0","0","0","0","0","0"
"*05tr7*","Lewis Gordon","BRF","D","594","FA","LEE 2<br/>@BRF 1 F","0","0","-","-","0","0","0","0","0","0","0","0","0","0","0","0","0","0","0","0","0","0","0","0","0","0","0"
"*061bs*","Jack Grieves","WAT","F","598","FA","WAT 1<br/>@CHE 2 F","0","0","-","-","0","0","0","0","0","0","0","0","0","0","0","0","0","0","0","0","0","0","0","0","0","0","0"
"*05reo*","Reece Hannam","CRY","D","602","FA","MUN 0<br/>@CRY 1 F","0","0","-","-","0","0","0","0","0","0","0","0","0","0","0","0","0","0","0","0","0","0","0","0","0","0","0"
"*05y57*","Bjorn Hardley","MUN","D","603","FA","MUN 0<br/>@CRY 1 F","0","0","-","-","0","0","0","0","0","0","0","0","0","0","0","0","0","0","0","0","0","0","0","0","0","0","0"
"*05trh*","Maxwell Haygarth","BRF","M","605","FA","LEE 2<br/>@BRF 1 F","0","0","-","-","0","0","0","0","0","0","0","0","0","0","0","0","0","0","0","0","0","0","0","0","0","0","0"
"*05ye2*","Mark Helm","BUR","M","608","FA","NEW 2<br/>@BUR 1 F","0","0","-","-","0","0","0","0","0","0","0","0","0","0","0","0","0","0","0","0","0","0","0","0","0","0","0"
"*05y59*","Zidane Iqbal","MUN","M","612","FA","MUN 0<br/>@CRY 1 F","0","0","-","-","0","0","0","0","0","0","0","0","0","0","0","0","0","0","0","0","0","0","0","0","0","0","0"
"*05u41*","Julian Jeanvier","BRF","D","614","FA","LEE 2<br/>@BRF 1 F","0","0","-","-","0","0","0","0","0","0","0","0","0","0","0","0","0","0","0","0","0","0","0","0","0","0","0"
"*05ozb*","Jack Jenkins","LEE","M","615","FA","LEE 2<br/>@BRF 1 F","0","0","-","-","0","0","0","0","0","0","0","0","0","0","0","0","0","0","0","0","0","0","0","0","0","0","0"
"*05rei*","Nile John","TOT","M","616","FA","TOT 5<br/>@NOR 0 F","0","0","-","-","0","0","0","0","0","0","0","0","0","0","0","0","0","0","0","0","0","0","0","0","0","0","0"
"*060u6*","Abu Kamara","NOR","D","617","FA","TOT 5<br/>@NOR 0 F","0","0","-","-","0","0","0","0","0","0","0","0","0","0","0","0","0","0","0","0","0","0","0","0","0","0","0"
"*05r8c*","Michal Karbownik","BHA","D","618","FA","WHU 1<br/>@BHA 3 F","0","0","-","-","0","0","0","0","0","0","0","0","0","0","0","0","0","0","0","0","0","0","0","0","0","0","0"
"*05ycv*","Hayao Kawabe","WOL","M","620","FA","WOL 1<br/>@LIV 3 F","0","0","-","-","0","0","0","0","0","0","0","0","0","0","0","0","0","0","0","0","0","0","0","0","0","0","0"
"*05ww4*","Nohan Kenneh","LEE","M","622","FA","LEE 2<br/>@BRF 1 F","0","0","-","-","0","0","0","0","0","0","0","0","0","0","0","0","0","0","0","0","0","0","0","0","0","0","0"
"*06130*","Alex Kirk","ARS","D","623","FA","EVE 1<br/>@ARS 5 F","0","0","-","-","0","0","0","0","0","0","0","0","0","0","0","0","0","0","0","0","0","0","0","0","0","0","0"
"*05rdy*","Marcel Lavinier","TOT","D","628","FA","TOT 5<br/>@NOR 0 F","0","0","-","-","0","0","0","0","0","0","0","0","0","0","0","0","0","0","0","0","0","0","0","0","0","0","0"
"*05vyi*","Marc Leonard","BHA","M","630","FA","WHU 1<br/>@BHA 3 F","0","0","-","-","0","0","0","0","0","0","0","0","0","0","0","0","0","0","0","0","0","0","0","0","0","0","0"
"*05oj4*","Emmanuel Longelo","WHU","F","634","FA","WHU 1<br/>@BHA 3 F","0","0","-","-","0","0","0","0","0","0","0","0","0","0","0","0","0","0","0","0","0","0","0","0","0","0","0"
"*054p1*","Brooklyn Lyons-Foster","TOT","D","636","FA","TOT 5<br/>@NOR 0 F","0","0","-","-","0","0","0","0","0","0","0","0","0","0","0","0","0","0","0","0","0","0","0","0","0","0","0"
"*05r2b*","Anthony Mancini","BUR","M","639","FA","NEW 2<br/>@BUR 1 F","0","0","-","-","0","0","0","0","0","0","0","0","0","0","0","0","0","0","0","0","0","0","0","0","0","0","0"
"*05xts*","Wanya Marcal-Madivadua","LEI","M","640","FA","SOU 1<br/>@LEI 4 F","0","0","-","-","0","0","0","0","0","0","0","0","0","0","0","0","0","0","0","0","0","0","0","0","0","0","0"
"*05rej*","Dilan Markanday","TOT","F","641","FA","TOT 5<br/>@NOR 0 F","0","0","-","-","0","0","0","0","0","0","0","0","0","0","0","0","0","0","0","0","0","0","0","0","0","0","0"
"*052jy*","Christian Marques","WOL","D","642","FA","WOL 1<br/>@LIV 3 F","0","0","-","-","0","0","0","0","0","0","0","0","0","0","0","0","0","0","0","0","0","0","0","0","0","0","0"
"*05x9l*","Xavier Mbuyamba","CHE","D","647","FA","WAT 1<br/>@CHE 2 F","0","0","-","-","0","0","0","0","0","0","0","0","0","0","0","0","0","0","0","0","0","0","0","0","0","0","0"
"*05ye3*","Joseph McGlynn","BUR","F","652","FA","NEW 2<br/>@BUR 1 F","0","0","-","-","0","0","0","0","0","0","0","0","0","0","0","0","0","0","0","0","0","0","0","0","0","0","0"
"*05trn*","Jacob Montes","CRY","M","656","FA","MUN 0<br/>@CRY 1 F","0","0","-","-","0","0","0","0","0","0","0","0","0","0","0","0","0","0","0","0","0","0","0","0","0","0","0"
"*05y7b*","Kris Moore","LEE","D","657","FA","LEE 2<br/>@BRF 1 F","0","0","-","-","0","0","0","0","0","0","0","0","0","0","0","0","0","0","0","0","0","0","0","0","0","0","0"
"*05uoh*","James Morris","WAT","D","659","FA","WAT 1<br/>@CHE 2 F","0","0","-","-","0","0","0","0","0","0","0","0","0","0","0","0","0","0","0","0","0","0","0","0","0","0","0"
"*05qz9*","Ben Nelson","LEI","D","664","FA","SOU 1<br/>@LEI 4 F","0","0","-","-","0","0","0","0","0","0","0","0","0","0","0","0","0","0","0","0","0","0","0","0","0","0","0"
"*05alx*","James Norris","LIV","D","666","FA","WOL 1<br/>@LIV 3 F","0","0","-","-","0","0","0","0","0","0","0","0","0","0","0","0","0","0","0","0","0","0","0","0","0","0","0"
"*060g4*","Tommi O'Reilly","AVL","M","668","FA","AVL 2<br/>@MCI 3 F","0","0","-","-","0","0","0","0","0","0","0","0","0","0","0","0","0","0","0","0","0","0","0","0","0","0","0"
"*060un*","Mazeed Ogungbo","ARS","D","672","FA","EVE 1<br/>@ARS 5 F","0","0","-","-","0","0","0","0","0","0","0","0","0","0","0","0","0","0","0","0","0","0","0","0","0","0","0"
"*03man*","Oluwaseyi Ojo","LIV","M","673","FA","WOL 1<br/>@LIV 3 F","0","0","-","-","0","0","0","0","0","0","0","0","0","0","0","0","0","0","0","0","0","0","0","0","0","0","0"
"*05y6s*","Armstrong Oko-Flex","WHU","F","674","FA","WHU 1<br/>@BHA 3 F","0","0","-","-","0","0","0","0","0","0","0","0","0","0","0","0","0","0","0","0","0","0","0","0","0","0","0"
"*05ye8*","Kazeem Olaigbe","SOU","F","676","FA","SOU 1<br/>@LEI 4 F","0","0","-","-","0","0","0","0","0","0","0","0","0","0","0","0","0","0","0","0","0","0","0","0","0","0","0"
"*05udu*","Tobi Omole","TOT","D","677","FA","TOT 5<br/>@NOR 0 F","0","0","-","-","0","0","0","0","0","0","0","0","0","0","0","0","0","0","0","0","0","0","0","0","0","0","0"
"*05xtp*","Salah-Eddine Oulad M'hand","ARS","M","678","FA","EVE 1<br/>@ARS 5 F","0","0","-","-","0","0","0","0","0","0","0","0","0","0","0","0","0","0","0","0","0","0","0","0","0","0","0"
"*05nnt*","Daniel Oyegoke","ARS/BRF","D","679","FA","LEE 2<br/>@BRF 1 F","0","0","-","-","0","0","0","0","0","0","0","0","0","0","0","0","0","0","0","0","0","0","0","0","0","0","0"
"*05udt*","Maksim Paskotsi","TOT","D","680","FA","TOT 5<br/>@NOR 0 F","0","0","-","-","0","0","0","0","0","0","0","0","0","0","0","0","0","0","0","0","0","0","0","0","0","0","0"
"*058vg*","Lewis Richardson","BUR","M","694","FA","NEW 2<br/>@BUR 1 F","0","0","-","-","0","0","0","0","0","0","0","0","0","0","0","0","0","0","0","0","0","0","0","0","0","0","0"
"*058vc*","Haydon Roberts","BHA","D","695","FA","WHU 1<br/>@BHA 3 F","0","0","-","-","0","0","0","0","0","0","0","0","0","0","0","0","0","0","0","0","0","0","0","0","0","0","0"
"*05y58*","Charlie Savage","MUN","M","703","FA","MUN 0<br/>@CRY 1 F","0","0","-","-","0","0","0","0","0","0","0","0","0","0","0","0","0","0","0","0","0","0","0","0","0","0","0"
"*05n3t*","Dynel Simeu","CHE/SOU","D","708","FA","SOU 1<br/>@LEI 4 F","0","0","-","-","0","0","0","0","0","0","0","0","0","0","0","0","0","0","0","0","0","0","0","0","0","0","0"
"*05y5c*","Kamarai Simon-Swyer","WHU","F","709","FA","WHU 1<br/>@BHA 3 F","0","0","-","-","0","0","0","0","0","0","0","0","0","0","0","0","0","0","0","0","0","0","0","0","0","0","0"
"*05r92*","Thierry Small","EVE/SOU","D","713","FA","SOU 1<br/>@LEI 4 F","0","0","-","-","0","0","0","0","0","0","0","0","0","0","0","0","0","0","0","0","0","0","0","0","0","0","0"
"*05y9o*","Jude Soonsup-Bell","CHE","F","715","FA","WAT 1<br/>@CHE 2 F","0","0","-","-","0","0","0","0","0","0","0","0","0","0","0","0","0","0","0","0","0","0","0","0","0","0","0"
"*05ues*","Kamal Sowah","LEI","M","717","FA","SOU 1<br/>@LEI 4 F","0","0","-","-","0","0","0","0","0","0","0","0","0","0","0","0","0","0","0","0","0","0","0","0","0","0","0"
"*05up7*","Robert Street","CRY","F","720","FA","MUN 0<br/>@CRY 1 F","0","0","-","-","0","0","0","0","0","0","0","0","0","0","0","0","0","0","0","0","0","0","0","0","0","0","0"
"*05rip*","Thanawat Suengchitthawon","LEI","M","721","FA","SOU 1<br/>@LEI 4 F","0","0","-","-","0","0","0","0","0","0","0","0","0","0","0","0","0","0","0","0","0","0","0","0","0","0","0"
"*060fg*","Zak Swanson","ARS","D","722","FA","EVE 1<br/>@ARS 5 F","0","0","-","-","0","0","0","0","0","0","0","0","0","0","0","0","0","0","0","0","0","0","0","0","0","0","0"
"*05y5y*","Jonathan Tomkinson","NOR","D","725","FA","TOT 5<br/>@NOR 0 F","0","0","-","-","0","0","0","0","0","0","0","0","0","0","0","0","0","0","0","0","0","0","0","0","0","0","0"
"*05vye*","Antef Tsoungui","BHA","D","727","FA","WHU 1<br/>@BHA 3 F","0","0","-","-","0","0","0","0","0","0","0","0","0","0","0","0","0","0","0","0","0","0","0","0","0","0","0"
"*05x9j*","Ed Turns","BHA","D","728","FA","WHU 1<br/>@BHA 3 F","0","0","-","-","0","0","0","0","0","0","0","0","0","0","0","0","0","0","0","0","0","0","0","0","0","0","0"
"*05y9m*","Charlie Webster","CHE","M","733","FA","WAT 1<br/>@CHE 2 F","0","0","-","-","0","0","0","0","0","0","0","0","0","0","0","0","0","0","0","0","0","0","0","0","0","0","0"
"*05ye4*","Jack Wells-Morrison","CRY","M","735","FA","MUN 0<br/>@CRY 1 F","0","0","-","-","0","0","0","0","0","0","0","0","0","0","0","0","0","0","0","0","0","0","0","0","0","0","0"
"*05uh1*","Charlie Whitaker","EVE","M","736","FA","EVE 1<br/>@ARS 5 F","0","0","-","-","0","0","0","0","0","0","0","0","0","0","0","0","0","0","0","0","0","0","0","0","0","0","0"
"*060gq*","Dylan Williams","CHE","D","740","FA","WAT 1<br/>@CHE 2 F","0","0","-","-","0","0","0","0","0","0","0","0","0","0","0","0","0","0","0","0","0","0","0","0","0","0","0"
"*05y4x*","Max Woltman","LIV","F","743","FA","WOL 1<br/>@LIV 3 F","0","0","-","-","0","0","0","0","0","0","0","0","0","0","0","0","0","0","0","0","0","0","0","0","0","0","0"
"*05trf*","Jan Zamburek","BRF","M","745","FA","LEE 2<br/>@BRF 1 F","0","0","-","-","0","0","0","0","0","0","0","0","0","0","0","0","0","0","0","0","0","0","0","0","0","0","0"
"*05t6y*","Hannibal Mejbri","MUN","M","747","FA","MUN 0<br/>@CRY 1 F","-0.25","-0.12","2%","0%","2","66","0","0","0","0","0","1","1","1","2","0","0","0","0","1","0","0","0","0","0","2","0"
"*05ogh*","Harrison Ashby","WHU","D","749","FA","WHU 1<br/>@BHA 3 F","-0.5","-0.5","0%","0%","1","5","0","0","0","0","0","0","0","0","0","0","0","1","1","0","0","0","0","0","0","1","0"
"*058vb*","Cameron Archer","AVL","F","748","FA","AVL 2<br/>@MCI 3 F","-0.5","-0.17","0%","0%","3","22","0","0","0","0","0","0","0","2","0","0","0","0","0","0","0","1","0","0","0","0","0"
"*03yuo*","Keinan Davis","AVL","F","750","FA","AVL 2<br/>@MCI 3 F","-0.5","-0.5","0%","0%","1","10","0","0","0","0","0","0","0","1","0","0","0","0","0","0","0","0","0","0","0","0","0"
"*04mmw*","Jurgen Locadia","BHA","F","751","FA","WHU 1<br/>@BHA 3 F","-0.5","-0.5","0%","0%","1","21","0","0","0","0","0","0","0","1","0","0","0","0","0","0","0","0","0","0","0","0","0"
"*05rkb*","Isaac Price","EVE","M","752","FA","EVE 1<br/>@ARS 5 F","-0.5","-0.5","0%","0%","1","11","0","0","0","0","0","0","0","1","0","0","0","0","0","0","0","0","0","0","0","1","0"
"*03yqz*","Joe Rodon","TOT","D","754","FA","TOT 5<br/>@NOR 0 F","-1.25","-0.42","26%","-7%","3","85","0","0","0","0","0","0","0","0","0","0","0","0","7","0","1","2","0","0","0","3","0"
"*05uog*","Lewis Dobbin","EVE","F","753","FA","EVE 1<br/>@ARS 5 F","-1.25","-0.42","0%","0%","3","29","0","0","0","0","0","0","1","1","1","0","0","0","0","0","0","0","0","0","0","1","0"
"*05rff*","Jaden Philogene-Bidace","AVL","M","755","FA","AVL 2<br/>@MCI 3 F","-1.5","-1.5","0%","0%","1","3","0","0","0","0","0","0","0","3","0","0","0","0","0","0","0","0","0","0","0","0","0"
"*04qr9*","Morgan Gibbs-White","WOL","M","756","FA","WOL 1<br/>@LIV 3 F","-2","-1","99%","0%","2","5","0","0","0","0","0","0","0","0","1","0","0","0","0","0","0","0","0","0","0","0","0"
"*05roa*","Cody Drameh","LEE","D","758","FA","LEE 2<br/>@BRF 1 F","-3.5","-1.17","0%","0%","3","124","0","0","1","0","0","0","2","0","1","0","1","1","3","2","0","1","0","0","0","6","0"
"*05trr*","Bali Mumba","NOR","D","759","FA","TOT 5<br/>@NOR 0 F","-3.5","-3.5","0%","0%","1","44","0","0","0","0","0","0","1","0","0","0","0","0","5","0","0","0","0","0","0","3","0"
"*02m79*","Ryan Bertrand","LEI","D","760","FA","SOU 1<br/>@LEI 4 F","-5","-1.25","0%","0%","4","337","0","0","0","0","0","0","5","4","1","0","0","1","6","0","3","1","0","0","0","7","0"
"*051kc*","Christoph Zimmermann","NOR","D","761","FA","TOT 5<br/>@NOR 0 F","-5","-1.67","0%","0%","3","155","0","0","0","0","0","1","3","0","0","0","0","1","4","1","0","2","0","0","0","8","0"
"*04fjx*","Sead Kolasinac","ARS","D","763","FA","EVE 1<br/>@ARS 5 F","-6.75","-3.38","0%","0%","2","91","0","0","0","0","0","0","0","0","1","0","0","4","1","0","0","0","0","0","0","5","0"
