"Player","Team","Position","Type","Team","Date (EDT)","Gameweek"
"Anthony Elanga","MUN","F","Claim","Leo Gerard U2s Team","Sun May 22, 2022, 10:43AM","38"
"Oleksandr Zinchenko","MCI","D","Drop","Leo Gerard U2s Team","Sun May 22, 2022, 10:43AM","38"
"Jamaal Lascelles","NEW","D","Claim","Alex's Redemption Arc","Sun May 22, 2022, 10:24AM","38"
"Michael Olise","CRY","M","Drop","Alex's Redemption Arc","Sun May 22, 2022, 10:24AM","38"
"Mathias Jensen","BRF","M","Claim","Alex's Redemption Arc","Sun May 22, 2022, 10:22AM","38"
"Rodrigo","LEE","F","Claim","Gabriel’s Sparkling Cider","Sun May 22, 2022, 10:13AM","38"
"Kasper Schmeichel","LEI","G","Claim","Gabriel’s Sparkling Cider","Sun May 22, 2022, 10:10AM","38"
"Aaron Ramsdale","SHU/ARS","G","Drop","Gabriel’s Sparkling Cider","Sun May 22, 2022, 10:10AM","38"
"Takehiro Tomiyasu","ARS","D","Drop","Gabriel’s Sparkling Cider","Sun May 22, 2022, 10:08AM","38"
"Jeffrey Schlupp","CRY","M","Claim","Hale End Starbøys","Sun May 22, 2022, 10:07AM","38"
"Cristiano Ronaldo","MUN","F","Drop","Hale End Starbøys","Sun May 22, 2022, 10:07AM","38"
"Vitalii Mykolenko","EVE","D","Drop","Gabriel’s Sparkling Cider","Sun May 22, 2022, 10:07AM","38"
"Trevoh Chalobah","CHE","D,M","Drop","Berkley McG’s U1s","Sun May 22, 2022, 10:06AM","38"
"Edinson Cavani","MUN","F","Claim","Hale End Starbøys","Sun May 22, 2022, 10:04AM","38"
"Eberechi Eze","CRY","M","Drop","Hale End Starbøys","Sun May 22, 2022, 10:04AM","38"
"Yves Bissouma","BHA","M","Claim","Hale End Starbøys","Sun May 22, 2022, 10:03AM","38"
"Alexandre Lacazette","ARS","F","Drop","Hale End Starbøys","Sun May 22, 2022, 10:00AM","38"
"Alexandre Lacazette","ARS","F","Claim","Hale End Starbøys","Sun May 22, 2022, 3:10AM","38"
"Fred","MUN","M","Drop","Hale End Starbøys","Sun May 22, 2022, 3:10AM","38"
"Nuno Tavares","ARS","D","Claim","Leo Gerard U2s Team","Sat May 21, 2022, 12:32PM","38"
"Kyle Walker","MCI","D","Drop","Leo Gerard U2s Team","Sat May 21, 2022, 12:32PM","38"
"Joao Pedro","WAT","F","Claim","Hale End Starbøys","Fri May 20, 2022, 6:10PM","38"
"Abdoulaye Doucoure","EVE","M","Drop","Hale End Starbøys","Fri May 20, 2022, 6:10PM","38"
"Douglas Luiz","AVL","M","Drop","Alex's Redemption Arc","Fri May 20, 2022, 2:43PM","38"
"Kyle Walker","MCI","D","Claim","Leo Gerard U2s Team","Fri May 20, 2022, 11:01AM","38"
"Kasper Schmeichel","LEI","G","Drop","Leo Gerard U2s Team","Fri May 20, 2022, 11:01AM","38"
"Alexis Mac Allister","BHA","M","Claim","Leo Gerard U2s Team","Fri May 20, 2022, 10:55AM","38"
"Philippe Coutinho","LIV/AVL","M","Drop","Leo Gerard U2s Team","Fri May 20, 2022, 10:55AM","38"
"Kasper Schmeichel","LEI","G","Claim","Leo Gerard U2s Team","Fri May 20, 2022, 10:54AM","38"
"Ollie Watkins","AVL","F","Drop","Leo Gerard U2s Team","Fri May 20, 2022, 10:54AM","38"
"Vicente Guaita","CRY","G","Drop","Gabriel’s Sparkling Cider","Fri May 20, 2022, 1:51AM","38"
"Martin Dubravka","NEW","G","Claim","Leo Gerard U2s Team","Thu May 19, 2022, 9:39PM","38"
"Emiliano Martinez","AVL","G","Drop","Leo Gerard U2s Team","Thu May 19, 2022, 9:39PM","38"
"Rico Henry","BRF","D","Claim","Berkley McG’s U1s","Thu May 19, 2022, 9:30PM","38"
"Craig Dawson","WHU","D","Claim","Hale End Starbøys","Thu May 19, 2022, 9:28PM","38"
"Cheikhou Kouyate","CRY","D,M","Drop","Hale End Starbøys","Thu May 19, 2022, 9:28PM","38"
"Andreas Christensen","CHE","D","Drop","Berkley McG’s U1s","Thu May 19, 2022, 9:24PM","38"
"Andreas Christensen","CHE","D","Claim","Berkley McG’s U1s","Thu May 19, 2022, 9:17PM","38"
"Ryan Sessegnon","TOT","M","Claim","Berkley McG’s U1s","Thu May 19, 2022, 9:11PM","38"
"Stuart Armstrong","SOU","M","Claim","Berkley McG’s U1s","Thu May 19, 2022, 9:10PM","38"
"John Stones","MCI","D","Claim","Berkley McG’s U1s","Thu May 19, 2022, 9:09PM","38"
"Aymeric Laporte","MCI","D","Claim","Berkley McG’s U1s","Thu May 19, 2022, 9:09PM","38"
"James Justin","LEI","D","Drop","Berkley McG’s U1s","Thu May 19, 2022, 9:09PM","38"
"Marc Guehi","CRY","D","Drop","Berkley McG’s U1s","Thu May 19, 2022, 9:07PM","38"
"Nathaniel Clyne","CRY","D","Drop","Berkley McG’s U1s","Thu May 19, 2022, 9:07PM","38"
"Jordan Pickford","EVE","G","Drop","Berkley McG’s U1s","Thu May 19, 2022, 9:07PM","38"
"Raphael Varane","MUN","D","Claim","Gylfi’s Goobers","Thu May 19, 2022, 9:05PM","38"
"Rayan Ait-Nouri","WOL","D","Drop","Gylfi’s Goobers","Thu May 19, 2022, 9:05PM","38"
"Rodrigo Bentancur","TOT","M","Claim","Gylfi’s Goobers","Thu May 19, 2022, 9:05PM","38"
"Mateo Kovacic","CHE","M","Drop","Gylfi’s Goobers","Thu May 19, 2022, 9:05PM","38"
"Lukasz Fabianski","WHU","G","Claim","Gylfi’s Goobers","Thu May 19, 2022, 9:04PM","38"
"Jack Butland","CRY","G","Drop","Gylfi’s Goobers","Thu May 19, 2022, 9:04PM","38"
"Diogo Dalot","MUN","D","Claim","Gylfi’s Goobers","Thu May 19, 2022, 9:03PM","38"
"Ezri Konsa","AVL","D","Lineup Change","Gylfi’s Goobers","Thu May 19, 2022, 9:03PM","38"
"Joe Gelhardt","LEE","F","Claim","Leo Gerard U2s Team","Thu May 19, 2022, 9:01PM","38"
"Wesley Fofana","LEI","D","Drop","Leo Gerard U2s Team","Thu May 19, 2022, 9:01PM","38"
"Ruben Loftus-Cheek","CHE","M","Claim","Leo Gerard U2s Team","Thu May 19, 2022, 9:00PM","38"
"Yoane Wissa","BRF","M","Claim","Leo Gerard U2s Team","Thu May 19, 2022, 9:00PM","38"
"Cesar Azpilicueta","CHE","D","Claim","Leo Gerard U2s Team","Thu May 19, 2022, 9:00PM","38"
"Eric Dier","TOT","D","Claim","team_tim","Thu May 19, 2022, 9:00PM","38"
"Robert Sanchez","BHA","G","Drop","The McB’s","Thu May 19, 2022, 8:28PM","38"
"Takumi Minamino","LIV","F","Drop","The McB’s","Thu May 19, 2022, 8:26PM","38"
"Malang Sarr","CHE","D","Drop","Hale End Starbøys","Thu May 19, 2022, 8:26PM","38"
"Danny Welbeck","BHA","F","Drop","Leo Gerard U2s Team","Thu May 19, 2022, 2:24PM","38"
"Moises Caicedo","BHA","M","Drop","Leo Gerard U2s Team","Thu May 19, 2022, 2:23PM","38"
"Mason Holgate","EVE","D","Drop","Leo Gerard U2s Team","Thu May 19, 2022, 2:22PM","38"
"Fred","MUN","M","Claim","Hale End Starbøys","Thu May 19, 2022, 2:03PM","37"
"Andreas Christensen","CHE","D","Drop","Hale End Starbøys","Thu May 19, 2022, 2:03PM","37"
"Malang Sarr","CHE","D","Claim","Hale End Starbøys","Thu May 19, 2022, 12:50PM","37"
"Ibrahima Konate","LIV","D","Claim","Leo Gerard U2s Team","Tue May 17, 2022, 1:52PM","37"
"Takumi Minamino","LIV","F","Claim","The McB’s","Tue May 17, 2022, 1:49PM","37"
"Alexandre Lacazette","ARS","F","Drop","Hale End Starbøys","Mon May 16, 2022, 2:05PM","37"
"Ben Godfrey","EVE","D","Drop","Berkley McG’s U1s","Sun May 15, 2022, 10:50AM","37"
"Alexandre Lacazette","ARS","F","Claim","Hale End Starbøys","Sun May 15, 2022, 8:45AM","37"
"Cheikhou Kouyate","CRY","D,M","Claim","Hale End Starbøys","Sun May 15, 2022, 8:44AM","37"
"Jack Butland","CRY","G","Claim","Gylfi’s Goobers","Sun May 15, 2022, 8:39AM","37"
"Kasper Schmeichel","LEI","G","Drop","Gylfi’s Goobers","Sun May 15, 2022, 8:39AM","37"
"Jacob Ramsey","AVL","M","Drop","Hale End Starbøys","Sun May 15, 2022, 8:38AM","37"
"Andreas Christensen","CHE","D","Claim","Hale End Starbøys","Sun May 15, 2022, 8:37AM","37"
"Patson Daka","LEI","F","Drop","Hale End Starbøys","Sun May 15, 2022, 8:34AM","37"
"Jeffrey Schlupp","CRY","M","Drop","Hale End Starbøys","Sun May 15, 2022, 8:34AM","37"
"Trevoh Chalobah","CHE","D,M","Claim","Berkley McG’s U1s","Sun May 15, 2022, 8:12AM","37"
"Chiquinho","WOL","F","Drop","Leo Gerard U2s Team","Sun May 15, 2022, 8:11AM","37"
"Danny Welbeck","BHA","F","Claim","Leo Gerard U2s Team","Sun May 15, 2022, 8:10AM","37"
"Robert Sanchez","BHA","G","Claim","The McB’s","Sun May 15, 2022, 8:06AM","37"
"Charlie Taylor","BUR","D","Drop","Leo Gerard U2s Team","Sun May 15, 2022, 6:55AM","37"
"Davinson Sanchez","TOT","D","Claim","Leo Gerard U2s Team","Sun May 15, 2022, 6:54AM","37"
"Eric Dier","TOT","D","Drop","Leo Gerard U2s Team","Sun May 15, 2022, 6:54AM","37"
"Ryan Sessegnon","TOT","M","Drop","Berkley McG’s U1s","Sun May 15, 2022, 6:04AM","37"
"Sergio Reguilon","TOT","D","Drop","The McB’s","Sun May 15, 2022, 6:01AM","37"
"Roberto Firmino","LIV","F","Claim","Leo Gerard U2s Team","Sat May 14, 2022, 7:31PM","37"
"Rayan Ait-Nouri","WOL","D","Claim","Gylfi’s Goobers","Fri May 13, 2022, 11:52PM","37"
"Vladimir Coufal","WHU","D","Drop","Gylfi’s Goobers","Fri May 13, 2022, 11:52PM","37"
"Ezri Konsa","AVL","D","Claim","Gylfi’s Goobers","Fri May 13, 2022, 11:52PM","37"
"Jan Bednarek","SOU","D","Drop","Gylfi’s Goobers","Fri May 13, 2022, 11:52PM","37"
"Konstantinos Tsimikas","LIV","D","Claim","Gylfi’s Goobers","Fri May 13, 2022, 11:52PM","37"
"Raphael Varane","MUN","D","Drop","Gylfi’s Goobers","Fri May 13, 2022, 11:52PM","37"
"Ben Godfrey","EVE","D","Claim","Berkley McG’s U1s","Fri May 13, 2022, 10:40PM","37"
"Aymeric Laporte","MCI","D","Drop","Berkley McG’s U1s","Fri May 13, 2022, 10:40PM","37"
"Aymeric Laporte","MCI","D","Claim","Berkley McG’s U1s","Fri May 13, 2022, 10:35PM","37"
"Cristian Romero","TOT","D","Drop","Berkley McG’s U1s","Fri May 13, 2022, 10:35PM","37"
"Nathan Ake","MCI","D","Drop","Leo Gerard U2s Team","Fri May 13, 2022, 10:13PM","37"
"Eric Dier","TOT","D","Claim","Leo Gerard U2s Team","Fri May 13, 2022, 10:11PM","37"
"Ruben Loftus-Cheek","CHE","M","Drop","Leo Gerard U2s Team","Fri May 13, 2022, 10:11PM","37"
"Jeffrey Schlupp","CRY","M","Claim","Hale End Starbøys","Fri May 13, 2022, 5:02PM","37"
"Ben Mee","BUR","D","Drop","Hale End Starbøys","Fri May 13, 2022, 5:02PM","37"
"Ben Mee","BUR","D","Claim","Hale End Starbøys","Fri May 13, 2022, 12:39PM","37"
"Jeffrey Schlupp","CRY","M","Drop","Hale End Starbøys","Fri May 13, 2022, 12:39PM","37"
"Caglar Soyuncu","LEI","D","Claim","Roy Kent's U8 Girls","Fri May 13, 2022, 12:01PM","37"
"Craig Dawson","WHU","D","Drop","Roy Kent's U8 Girls","Fri May 13, 2022, 12:01PM","37"
"Nathan Collins","BUR","D","Claim","Berkley McG’s U1s","Fri May 13, 2022, 8:51AM","37"
"Granit Xhaka","ARS","M","Drop","Berkley McG’s U1s","Fri May 13, 2022, 8:51AM","37"
"Jonny Evans","LEI","D","Claim","Alex's Redemption Arc","Fri May 13, 2022, 8:37AM","37"
"James McArthur","CRY","M","Drop","Alex's Redemption Arc","Fri May 13, 2022, 8:34AM","37"
"Ryan Sessegnon","TOT","M","Claim","Berkley McG’s U1s","Fri May 13, 2022, 8:26AM","37"
"Rodrigo","LEE","F","Drop","Berkley McG’s U1s","Fri May 13, 2022, 8:26AM","37"
"Ben Davies","TOT","D","Claim","The McB’s","Fri May 13, 2022, 8:22AM","37"
"Luke Ayling","LEE","D","Drop","The McB’s","Fri May 13, 2022, 8:22AM","37"
"Nathaniel Clyne","CRY","D","Claim","Berkley McG’s U1s","Fri May 13, 2022, 8:21AM","37"
"Yerry Mina","EVE","D","Drop","Berkley McG’s U1s","Fri May 13, 2022, 8:20AM","37"
"James Justin","LEI","D","Claim","Berkley McG’s U1s","Fri May 13, 2022, 8:12AM","37"
"Marc Guehi","CRY","D","Claim","Berkley McG’s U1s","Fri May 13, 2022, 8:09AM","37"
"Hassane Kamara","WAT","D","Drop","Berkley McG’s U1s","Fri May 13, 2022, 8:09AM","37"
"Vicente Guaita","CRY","G","Claim","Gabriel’s Sparkling Cider","Thu May 12, 2022, 9:46PM","37"
"Jack Butland","CRY","G","Drop","Gabriel’s Sparkling Cider","Thu May 12, 2022, 9:46PM","37"
"Jack Butland","CRY","G","Claim","Gabriel’s Sparkling Cider","Thu May 12, 2022, 9:44PM","37"
"Jeffrey Schlupp","CRY","M","Claim","Hale End Starbøys","Thu May 12, 2022, 9:16PM","37"
"Romain Saiss","WOL","D","Drop","Hale End Starbøys","Thu May 12, 2022, 9:16PM","37"
"Patson Daka","LEI","F","Claim","Hale End Starbøys","Thu May 12, 2022, 9:15PM","37"
"Cesar Azpilicueta","CHE","D","Drop","Hale End Starbøys","Thu May 12, 2022, 9:15PM","37"
"David Raya","BRF","G","Claim","Alex's Redemption Arc","Thu May 12, 2022, 9:00PM","37"
"Illan Meslier","LEE","G","Drop","Alex's Redemption Arc","Thu May 12, 2022, 9:00PM","37"
"Douglas Luiz","AVL","M","Claim","Alex's Redemption Arc","Thu May 12, 2022, 9:00PM","37"
"Chiquinho","WOL","F","Claim","Leo Gerard U2s Team","Thu May 12, 2022, 9:00PM","37"
"Calum Chambers","ARS/AVL","D","Claim","Gabriel’s Sparkling Cider","Thu May 12, 2022, 9:00PM","37"
"James McArthur","CRY","M","Claim","Alex's Redemption Arc","Thu May 12, 2022, 9:00PM","37"
"Mason Holgate","EVE","D","Claim","Leo Gerard U2s Team","Thu May 12, 2022, 9:00PM","37"
"Joachim Andersen","CRY","D","Claim","Gabriel’s Sparkling Cider","Thu May 12, 2022, 9:00PM","37"
"Pedro Neto","WOL","F","Claim","Alex's Redemption Arc","Thu May 12, 2022, 9:00PM","37"
"Moises Caicedo","BHA","M","Claim","Leo Gerard U2s Team","Thu May 12, 2022, 9:00PM","37"
"Maxwel Cornet","BUR","D,M,F","Claim","Gabriel’s Sparkling Cider","Thu May 12, 2022, 9:00PM","37"
"Emerson Royal","TOT","D","Claim","Alex's Redemption Arc","Thu May 12, 2022, 9:00PM","37"
"Joe Willock","NEW","M","Drop","Gabriel’s Sparkling Cider","Thu May 12, 2022, 8:04PM","37"
"Aymeric Laporte","MCI","D","Drop","Alex's Redemption Arc","Thu May 12, 2022, 6:25PM","37"
"Joshua King","WAT","F","Drop","Gabriel’s Sparkling Cider","Thu May 12, 2022, 4:55PM","37"
"Rob Holding","ARS","D","Drop","Gabriel’s Sparkling Cider","Thu May 12, 2022, 4:55PM","37"
"Milot Rashica","NOR","M","Drop","Leo Gerard U2s Team","Thu May 12, 2022, 11:54AM","37"
"Kieran Dowell","NOR","M","Drop","Leo Gerard U2s Team","Thu May 12, 2022, 11:54AM","37"
"Kalvin Phillips","LEE","M","Drop","Alex's Redemption Arc","Wed May 11, 2022, 3:56PM","37"
"Ruben Dias","MCI","D","Drop","Alex's Redemption Arc","Sun May 8, 2022, 4:10PM","37"
"Seamus Coleman","EVE","D","Claim","The McB’s","Sun May 8, 2022, 8:14AM","36"
"Jonny Evans","LEI","D","Drop","The McB’s","Sun May 8, 2022, 8:14AM","36"
"Caglar Soyuncu","LEI","D","Drop","The McB’s","Sun May 8, 2022, 8:11AM","36"
"Jonny Evans","LEI","D","Claim","The McB’s","Sun May 8, 2022, 8:06AM","36"
"Luke Thomas","LEI","D","Drop","The McB’s","Sun May 8, 2022, 8:06AM","36"
"Wesley Fofana","LEI","D","Claim","Leo Gerard U2s Team","Sun May 8, 2022, 8:04AM","36"
"Nuno Tavares","ARS","D","Drop","Leo Gerard U2s Team","Sun May 8, 2022, 8:04AM","36"
"Kalvin Phillips","LEE","M","Claim","Alex's Redemption Arc","Sun May 8, 2022, 8:02AM","36"
"Rodrigo Bentancur","TOT","M","Drop","Leo Gerard U2s Team","Sat May 7, 2022, 2:39PM","36"
"Rodrigo Bentancur","TOT","M","Claim","Leo Gerard U2s Team","Sat May 7, 2022, 2:38PM","36"
"James Justin","LEI","D","Drop","Leo Gerard U2s Team","Sat May 7, 2022, 2:38PM","36"
"Kieran Dowell","NOR","M","Claim","Leo Gerard U2s Team","Sat May 7, 2022, 2:25PM","36"
"Mohamed Elneny","ARS","M","Drop","Leo Gerard U2s Team","Sat May 7, 2022, 2:25PM","36"
"Mohamed Elneny","ARS","M","Claim","Leo Gerard U2s Team","Sat May 7, 2022, 2:23PM","36"
"Fabinho","LIV","M","Drop","Leo Gerard U2s Team","Sat May 7, 2022, 2:23PM","36"
"James Justin","LEI","D","Claim","Leo Gerard U2s Team","Sat May 7, 2022, 2:21PM","36"
"Ibrahima Konate","LIV","D","Drop","Leo Gerard U2s Team","Sat May 7, 2022, 2:21PM","36"
"Fabinho","LIV","M","Claim","Leo Gerard U2s Team","Sat May 7, 2022, 1:45PM","36"
"Ibrahima Konate","LIV","D","Claim","Leo Gerard U2s Team","Sat May 7, 2022, 1:44PM","36"
"Alexis Mac Allister","BHA","M","Drop","team_tim","Sat May 7, 2022, 11:56AM","36"
"Juan Mata","MUN","M","Claim","team_tim","Sat May 7, 2022, 11:44AM","36"
"Diogo Dalot","MUN","D","Drop","team_tim","Sat May 7, 2022, 11:44AM","36"
"Marc Guehi","CRY","D","Drop","Berkley McG’s U1s","Sat May 7, 2022, 9:30AM","36"
"Nathan Collins","BUR","D","Drop","Gabriel’s Sparkling Cider","Sat May 7, 2022, 9:12AM","36"
"Raul Jimenez","WOL","F","Claim","Gabriel’s Sparkling Cider","Sat May 7, 2022, 9:11AM","36"
"Joachim Andersen","CRY","D","Drop","Gabriel’s Sparkling Cider","Sat May 7, 2022, 9:11AM","36"
"Joshua King","WAT","F","Claim","Gabriel’s Sparkling Cider","Sat May 7, 2022, 9:07AM","36"
"Hwang Hee-Chan","WOL","F","Drop","Gabriel’s Sparkling Cider","Sat May 7, 2022, 9:07AM","36"
"Imran Louza","WAT","M","Drop","Alex's Redemption Arc","Sat May 7, 2022, 9:07AM","36"
"Trevoh Chalobah","CHE","D,M","Drop","Leo Gerard U2s Team","Sat May 7, 2022, 9:02AM","36"
"Joao Pedro","WAT","F","Drop","Alex's Redemption Arc","Sat May 7, 2022, 9:01AM","36"
"Rúben Neves","WOL","M","Claim","The McB’s","Sat May 7, 2022, 9:01AM","36"
"Joel Veltman","BHA","D","Drop","The McB’s","Sat May 7, 2022, 9:01AM","36"
"Kyle Walker","MCI","D","Drop","Leo Gerard U2s Team","Sat May 7, 2022, 8:10AM","36"
"Granit Xhaka","ARS","M","Claim","Berkley McG’s U1s","Sat May 7, 2022, 1:32AM","36"
"Ryan Sessegnon","TOT","M","Drop","Berkley McG’s U1s","Sat May 7, 2022, 1:32AM","36"
"Romain Saiss","WOL","D","Claim","Hale End Starbøys","Fri May 6, 2022, 5:46PM","36"
"Jacob Ramsey","AVL","M","Lineup Change","Hale End Starbøys","Fri May 6, 2022, 5:46PM","36"
"Nathan Ake","MCI","D","Claim","Leo Gerard U2s Team","Thu May 5, 2022, 9:00PM","36"
"Emerson Royal","TOT","D","Drop","Leo Gerard U2s Team","Thu May 5, 2022, 9:00PM","36"
"Joseph Gomez","LIV","D","Claim","Sean Dyche's Great Escape","Thu May 5, 2022, 9:00PM","36"
"Connor Roberts","SWA/BUR","D","Drop","Sean Dyche's Great Escape","Thu May 5, 2022, 9:00PM","36"
"Kyle Walker","MCI","D","Claim","Leo Gerard U2s Team","Wed May 4, 2022, 10:16AM","36"
"Grant Hanley","NOR","D","Claim","team_tim","Tue May 3, 2022, 9:13PM","36"
"Kieran Tierney","ARS","D","Drop","team_tim","Tue May 3, 2022, 9:12PM","36"
"Diogo Dalot","MUN","D","Claim","team_tim","Tue May 3, 2022, 9:11PM","36"
"Nelson Semedo","WOL","D","Drop","team_tim","Tue May 3, 2022, 9:11PM","36"
"Alexis Mac Allister","BHA","M","Claim","team_tim","Tue May 3, 2022, 9:10PM","36"
"Enock Mwepu","BHA","M","Drop","team_tim","Tue May 3, 2022, 9:10PM","36"
"Illan Meslier","LEE","G","Claim","Alex's Redemption Arc","Tue May 3, 2022, 9:01PM","36"
"Vicente Guaita","CRY","G","Drop","Alex's Redemption Arc","Tue May 3, 2022, 9:01PM","36"
"Maxwel Cornet","BUR","D,M,F","Drop","Leo Gerard U2s Team","Tue May 3, 2022, 9:00PM","36"
"Milot Rashica","NOR","M","Claim","Leo Gerard U2s Team","Tue May 3, 2022, 9:00PM","36"
"Rob Holding","ARS","D","Claim","Gabriel’s Sparkling Cider","Tue May 3, 2022, 9:00PM","36"
"Kasper Schmeichel","LEI","G","Claim","Gylfi’s Goobers","Tue May 3, 2022, 9:00PM","36"
"David Raya","BRF","G","Drop","Gylfi’s Goobers","Tue May 3, 2022, 9:00PM","36"
"Trevoh Chalobah","CHE","D,M","Claim","Leo Gerard U2s Team","Tue May 3, 2022, 9:00PM","36"
"Timothy Castagne","LEI","D","Claim","Hale End Starbøys","Tue May 3, 2022, 9:00PM","36"
"Alexandre Lacazette","ARS","F","Drop","Hale End Starbøys","Tue May 3, 2022, 9:00PM","36"
"Yerry Mina","EVE","D","Claim","Berkley McG’s U1s","Tue May 3, 2022, 9:00PM","36"
"Vitalii Mykolenko","EVE","D","Claim","Gabriel’s Sparkling Cider","Tue May 3, 2022, 9:00PM","36"
"Mateo Kovacic","CHE","M","Claim","Gylfi’s Goobers","Tue May 3, 2022, 9:00PM","36"
"Chris Wood","BUR/NEW","F","Drop","Gylfi’s Goobers","Tue May 3, 2022, 9:00PM","36"
"Imran Louza","WAT","M","Claim","Alex's Redemption Arc","Tue May 3, 2022, 9:00PM","36"
"Luke Thomas","LEI","D","Claim","The McB’s","Tue May 3, 2022, 9:00PM","36"
"Oleksandr Zinchenko","MCI","D","Claim","Leo Gerard U2s Team","Tue May 3, 2022, 9:00PM","36"
"Abdoulaye Doucoure","EVE","M","Claim","Hale End Starbøys","Tue May 3, 2022, 9:00PM","36"
"Ben Davies","TOT","D","Drop","Hale End Starbøys","Tue May 3, 2022, 9:00PM","36"
"Jordan Pickford","EVE","G","Claim","Berkley McG’s U1s","Tue May 3, 2022, 9:00PM","36"
"Emiliano Buendia","AVL","M","Claim","Gabriel’s Sparkling Cider","Tue May 3, 2022, 9:00PM","36"
"Vladimir Coufal","WHU","D","Claim","Gylfi’s Goobers","Tue May 3, 2022, 9:00PM","36"
"Miguel Almiron","NEW","M","Drop","Gylfi’s Goobers","Tue May 3, 2022, 9:00PM","36"
"Joao Pedro","WAT","F","Claim","Alex's Redemption Arc","Tue May 3, 2022, 9:00PM","36"
"Caglar Soyuncu","LEI","D","Claim","The McB’s","Tue May 3, 2022, 9:00PM","36"
"Rúben Neves","WOL","M","Drop","Alex's Redemption Arc","Tue May 3, 2022, 8:54PM","36"
"Ben Mee","BUR","D","Drop","Berkley McG’s U1s","Tue May 3, 2022, 8:09PM","36"
"Stuart Dallas","LEE","M","Drop","The McB’s","Tue May 3, 2022, 8:08PM","36"
"Nathan Ake","MCI","D","Drop","Berkley McG’s U1s","Tue May 3, 2022, 8:05PM","36"
"Joseph Gomez","LIV","D","Drop","Leo Gerard U2s Team","Tue May 3, 2022, 8:41AM","36"
"James Milner","LIV","M","Drop","Leo Gerard U2s Team","Tue May 3, 2022, 8:40AM","36"
"Rayan Ait-Nouri","WOL","D","Drop","Leo Gerard U2s Team","Tue May 3, 2022, 8:40AM","36"
"Mathias Jensen","BRF","M","Drop","Alex's Redemption Arc","Mon May 2, 2022, 8:47PM","36"
"Vitaly Janelt","BRF","M","Claim","Roy Kent's U8 Girls","Sun May 1, 2022, 9:11PM","35"
"Paul Pogba","MUN","M","Drop","Roy Kent's U8 Girls","Sun May 1, 2022, 9:11PM","35"
"Calum Chambers","ARS/AVL","D","Drop","Gabriel’s Sparkling Cider","Sun May 1, 2022, 6:15PM","36"
"Tim Iroegbunam","WBA/AVL","M","Drop","Gabriel’s Sparkling Cider","Sun May 1, 2022, 6:07PM","36"
"Emil Krafth","NEW","D","Drop","Gabriel’s Sparkling Cider","Sun May 1, 2022, 6:06PM","36"
"Trevoh Chalobah","CHE","D,M","Drop","The McB’s","Sun May 1, 2022, 8:08AM","35"
"Alex Iwobi","EVE","M","Claim","Alex's Redemption Arc","Sun May 1, 2022, 8:05AM","35"
"Lucas Moura","TOT","M","Claim","The McB’s","Sun May 1, 2022, 8:05AM","35"
"Lucas Moura","TOT","M","Drop","Alex's Redemption Arc","Sun May 1, 2022, 8:04AM","35"
"Ryan Sessegnon","TOT","M","Claim","Berkley McG’s U1s","Sun May 1, 2022, 8:02AM","35"
"Andreas Christensen","CHE","D","Drop","Berkley McG’s U1s","Sun May 1, 2022, 8:02AM","35"
"Nuno Tavares","ARS","D","Claim","Leo Gerard U2s Team","Sun May 1, 2022, 8:01AM","35"
"Andriy Yarmolenko","WHU","F","Drop","Leo Gerard U2s Team","Sun May 1, 2022, 8:01AM","35"
"Ruben Loftus-Cheek","CHE","M","Claim","Leo Gerard U2s Team","Sun May 1, 2022, 8:00AM","35"
"Nuno Tavares","ARS","D","Drop","Leo Gerard U2s Team","Sun May 1, 2022, 8:00AM","35"
"Lucas Moura","TOT","M","Claim","Alex's Redemption Arc","Sun May 1, 2022, 8:00AM","35"
"Ben Davies","TOT","D","Claim","Hale End Starbøys","Sun May 1, 2022, 3:10AM","35"
"Nathan Ake","MCI","D","Claim","Berkley McG’s U1s","Sat Apr 30, 2022, 11:30AM","35"
"Oleksandr Zinchenko","MCI","D","Drop","Berkley McG’s U1s","Sat Apr 30, 2022, 11:30AM","35"
"James McArthur","CRY","M","Drop","Alex's Redemption Arc","Thu Apr 28, 2022, 11:05PM","35"
"James McArthur","CRY","M","Drop","Alex's Redemption Arc","Sat Apr 30, 2022, 10:00AM","36"
"Tim Iroegbunam","WBA/AVL","M","Claim","Gabriel’s Sparkling Cider","Sat Apr 30, 2022, 9:34AM","35"
"Anthony Elanga","MUN","F","Drop","Gabriel’s Sparkling Cider","Sat Apr 30, 2022, 9:34AM","35"
"Hwang Hee-Chan","WOL","F","Claim","Gabriel’s Sparkling Cider","Sat Apr 30, 2022, 9:27AM","35"
"Pedro Neto","WOL","F","Drop","Gabriel’s Sparkling Cider","Sat Apr 30, 2022, 9:27AM","35"
"James McArthur","CRY","M","Claim","Alex's Redemption Arc","Sat Apr 30, 2022, 9:10AM","35"
"Mathias Jensen","BRF","M","Claim","Alex's Redemption Arc","Sat Apr 30, 2022, 9:10AM","35"
"Calum Chambers","ARS/AVL","D","Claim","Gabriel’s Sparkling Cider","Sat Apr 30, 2022, 9:09AM","35"
"Matej Vydra","BUR","F","Drop","Gabriel’s Sparkling Cider","Sat Apr 30, 2022, 9:07AM","35"
"Raul Jimenez","WOL","F","Drop","Alex's Redemption Arc","Sat Apr 30, 2022, 9:06AM","35"
"Joao Pedro","WAT","F","Drop","Alex's Redemption Arc","Sat Apr 30, 2022, 9:06AM","35"
"Emiliano Buendia","AVL","M","Drop","Hale End Starbøys","Sat Apr 30, 2022, 9:04AM","35"
"Rúben Neves","WOL","M","Claim","Alex's Redemption Arc","Sat Apr 30, 2022, 9:03AM","35"
"Romain Saiss","WOL","D","Drop","Alex's Redemption Arc","Sat Apr 30, 2022, 9:02AM","35"
"Rayan Ait-Nouri","WOL","D","Claim","Leo Gerard U2s Team","Sat Apr 30, 2022, 9:02AM","35"
"Mohamed Elyounoussi","SOU","M","Drop","The McB’s","Sat Apr 30, 2022, 9:01AM","35"
"Joao Pedro","WAT","F","Claim","Alex's Redemption Arc","Sat Apr 30, 2022, 9:01AM","35"
"Jonny","WOL","D","Drop","Alex's Redemption Arc","Sat Apr 30, 2022, 9:00AM","35"
"Rayan Ait-Nouri","WOL","D","Drop","Hale End Starbøys","Sat Apr 30, 2022, 7:17AM","35"
"Kalvin Phillips","LEE","M","Drop","Leo Gerard U2s Team","Sat Apr 30, 2022, 7:10AM","35"
"Andreas Christensen","CHE","D","Claim","Berkley McG’s U1s","Sat Apr 30, 2022, 6:42AM","35"
"Naby Keita","LIV","M","Drop","Berkley McG’s U1s","Sat Apr 30, 2022, 6:42AM","35"
"James Milner","LIV","M","Claim","Leo Gerard U2s Team","Sat Apr 30, 2022, 6:32AM","35"
"Danny Welbeck","BHA","F","Drop","Leo Gerard U2s Team","Sat Apr 30, 2022, 6:32AM","35"
"Joseph Gomez","LIV","D","Claim","Leo Gerard U2s Team","Sat Apr 30, 2022, 6:31AM","35"
"Konstantinos Tsimikas","LIV","D","Drop","Leo Gerard U2s Team","Sat Apr 30, 2022, 6:31AM","35"
"Marc Guehi","CRY","D","Claim","Berkley McG’s U1s","Sat Apr 30, 2022, 6:19AM","35"
"Diogo Dalot","MUN","D","Drop","Berkley McG’s U1s","Sat Apr 30, 2022, 6:19AM","35"
"Joel Veltman","BHA","D","Claim","The McB’s","Fri Apr 29, 2022, 11:28PM","35"
"Alexis Mac Allister","BHA","M","Drop","The McB’s","Fri Apr 29, 2022, 11:28PM","35"
"Trevoh Chalobah","CHE","D,M","Claim","The McB’s","Fri Apr 29, 2022, 11:25PM","35"
"Martin Dubravka","NEW","G","Drop","The McB’s","Fri Apr 29, 2022, 11:22PM","35"
"Hassane Kamara","WAT","D","Claim","Berkley McG’s U1s","Fri Apr 29, 2022, 10:51AM","35"
"Scott McTominay","MUN","M","Drop","Berkley McG’s U1s","Fri Apr 29, 2022, 10:51AM","35"
"Emiliano Martinez","AVL","G","Claim","Leo Gerard U2s Team","Thu Apr 28, 2022, 10:13PM","35"
"Robert Sanchez","BHA","G","Drop","Leo Gerard U2s Team","Thu Apr 28, 2022, 10:13PM","35"
"Pontus Jansson","BRF","D","Claim","Alex's Redemption Arc","Thu Apr 28, 2022, 9:11PM","35"
"Jeffrey Schlupp","CRY","M","Drop","Alex's Redemption Arc","Thu Apr 28, 2022, 9:11PM","35"
"Aymeric Laporte","MCI","D","Claim","Alex's Redemption Arc","Thu Apr 28, 2022, 9:07PM","35"
"Rayan Ait-Nouri","WOL","D","Claim","Hale End Starbøys","Thu Apr 28, 2022, 9:04PM","35"
"Fabinho","LIV","M","Drop","Hale End Starbøys","Thu Apr 28, 2022, 9:04PM","35"
"Raphael Varane","MUN","D","Claim","Gylfi’s Goobers","Thu Apr 28, 2022, 9:03PM","35"
"Aaron Wan-Bissaka","MUN","D","Drop","Gylfi’s Goobers","Thu Apr 28, 2022, 9:03PM","35"
"Danny Welbeck","BHA","F","Claim","Leo Gerard U2s Team","Thu Apr 28, 2022, 9:02PM","35"
"Matej Vydra","BUR","F","Claim","Gabriel’s Sparkling Cider","Thu Apr 28, 2022, 9:01PM","35"
"Andriy Yarmolenko","WHU","F","Claim","Leo Gerard U2s Team","Thu Apr 28, 2022, 9:00PM","35"
"Connor Roberts","SWA/BUR","D","Claim","Sean Dyche's Great Escape","Thu Apr 28, 2022, 9:00PM","35"
"Emerson Royal","TOT","D","Claim","Leo Gerard U2s Team","Thu Apr 28, 2022, 9:00PM","35"
"Leon Bailey","AVL","F","Claim","Sean Dyche's Great Escape","Thu Apr 28, 2022, 9:00PM","35"
"Nuno Tavares","ARS","D","Claim","Leo Gerard U2s Team","Thu Apr 28, 2022, 9:00PM","35"
"Emiliano Buendia","AVL","M","Claim","Hale End Starbøys","Thu Apr 28, 2022, 9:00PM","35"
"Odsonne Edouard","CRY","F","Claim","Sean Dyche's Great Escape","Thu Apr 28, 2022, 9:00PM","35"
"Aymeric Laporte","MCI","D","Drop","Gabriel’s Sparkling Cider","Thu Apr 28, 2022, 8:59PM","35"
"Jay Rodriguez","BUR","F","Drop","Gabriel’s Sparkling Cider","Thu Apr 28, 2022, 8:59PM","35"
"Timothy Castagne","LEI","D","Drop","Sean Dyche's Great Escape","Thu Apr 28, 2022, 8:58PM","35"
"Daniel Podence","WOL","M","Drop","Sean Dyche's Great Escape","Thu Apr 28, 2022, 8:52PM","35"
"Fred","MUN","M","Drop","Sean Dyche's Great Escape","Thu Apr 28, 2022, 8:51PM","35"
"Trevoh Chalobah","CHE","D,M","Drop","Leo Gerard U2s Team","Thu Apr 28, 2022, 8:31PM","35"
"Ruben Loftus-Cheek","CHE","M","Drop","Leo Gerard U2s Team","Thu Apr 28, 2022, 8:31PM","35"
"Mohammed Salisu","SOU","D","Drop","Leo Gerard U2s Team","Thu Apr 28, 2022, 8:26PM","35"
"Eberechi Eze","CRY","M","Claim","Hale End Starbøys","Mon Apr 25, 2022, 2:08PM","34"
"Odsonne Edouard","CRY","F","Drop","Hale End Starbøys","Mon Apr 25, 2022, 2:08PM","34"
"Kalvin Phillips","LEE","M","Claim","Leo Gerard U2s Team","Mon Apr 25, 2022, 11:29AM","34"
"Ethan Pinnock","BRF","D","Drop","Leo Gerard U2s Team","Mon Apr 25, 2022, 11:24AM","35"
"Konstantinos Tsimikas","LIV","D","Claim","Leo Gerard U2s Team","Sun Apr 24, 2022, 11:12AM","34"
"Fabinho","LIV","M","Claim","Hale End Starbøys","Sun Apr 24, 2022, 10:57AM","34"
"Jeffrey Schlupp","CRY","M","Claim","Alex's Redemption Arc","Sun Apr 24, 2022, 10:38AM","34"
"Curtis Jones","LIV","M","Drop","Alex's Redemption Arc","Sun Apr 24, 2022, 10:37AM","34"
"Naby Keita","LIV","M","Claim","Berkley McG’s U1s","Sun Apr 24, 2022, 10:32AM","34"
"Ibrahima Konate","LIV","D","Drop","Berkley McG’s U1s","Sun Apr 24, 2022, 10:32AM","34"
"Curtis Jones","LIV","M","Claim","Alex's Redemption Arc","Sun Apr 24, 2022, 9:05AM","34"
"Marçal","WOL","D","Drop","Alex's Redemption Arc","Sun Apr 24, 2022, 8:57AM","34"
"Ibrahima Konate","LIV","D","Claim","Berkley McG’s U1s","Sun Apr 24, 2022, 8:56AM","34"
"Valentino Livramento","SOU","D","Drop","Berkley McG’s U1s","Sun Apr 24, 2022, 8:56AM","34"
"Nathan Redmond","SOU","M","Drop","Leo Gerard U2s Team","Sun Apr 24, 2022, 8:48AM","34"
"Joel Veltman","BHA","D","Drop","Leo Gerard U2s Team","Sun Apr 24, 2022, 8:47AM","34"
"Valentino Livramento","SOU","D","Claim","Berkley McG’s U1s","Sun Apr 24, 2022, 8:46AM","34"
"Andreas Christensen","CHE","D","Drop","Berkley McG’s U1s","Sun Apr 24, 2022, 8:41AM","34"
"Nathan Redmond","SOU","M","Claim","Leo Gerard U2s Team","Sun Apr 24, 2022, 8:21AM","34"
"Konstantinos Tsimikas","LIV","D","Drop","Leo Gerard U2s Team","Sun Apr 24, 2022, 8:21AM","34"
"Enock Mwepu","BHA","M","Claim","team_tim","Sun Apr 24, 2022, 8:20AM","34"
"Hwang Hee-Chan","WOL","F","Drop","team_tim","Sun Apr 24, 2022, 8:20AM","34"
"Joel Veltman","BHA","D","Claim","Leo Gerard U2s Team","Sun Apr 24, 2022, 8:19AM","34"
"Wesley Fofana","LEI","D","Drop","Leo Gerard U2s Team","Sun Apr 24, 2022, 8:19AM","35"
"Trevoh Chalobah","CHE","D,M","Claim","Leo Gerard U2s Team","Sun Apr 24, 2022, 8:18AM","34"
"Willy Boly","WOL","D","Drop","Leo Gerard U2s Team","Sun Apr 24, 2022, 8:13AM","34"
"Willy Boly","WOL","D","Claim","Leo Gerard U2s Team","Sun Apr 24, 2022, 8:10AM","34"
"Kieran Dowell","NOR","M","Drop","Alex's Redemption Arc","Sun Apr 24, 2022, 8:06AM","35"
"Andreas Christensen","CHE","D","Claim","Berkley McG’s U1s","Sun Apr 24, 2022, 8:01AM","34"
"Trevoh Chalobah","CHE","D,M","Drop","Berkley McG’s U1s","Sun Apr 24, 2022, 8:01AM","34"
"Emerson Royal","TOT","D","Drop","Hale End Starbøys","Sat Apr 23, 2022, 12:27PM","34"
"Ismaila Sarr","WAT","F","Drop","Leo Gerard U2s Team","Sat Apr 23, 2022, 9:21AM","34"
"Douglas Luiz","AVL","M","Drop","Leo Gerard U2s Team","Sat Apr 23, 2022, 9:21AM","34"
"Luke Ayling","LEE","D","Claim","The McB’s","Sat Apr 23, 2022, 9:13AM","34"
"Douglas Luiz","AVL","M","Claim","Leo Gerard U2s Team","Sat Apr 23, 2022, 9:11AM","34"
"Leon Bailey","AVL","F","Drop","Leo Gerard U2s Team","Sat Apr 23, 2022, 9:11AM","34"
"Jonny","WOL","D","Claim","Alex's Redemption Arc","Sat Apr 23, 2022, 9:09AM","34"
"Joao Pedro","WAT","F","Drop","Alex's Redemption Arc","Sat Apr 23, 2022, 9:06AM","34"
"Kieran Dowell","NOR","M","Claim","Alex's Redemption Arc","Sat Apr 23, 2022, 9:06AM","34"
"Kyle Walker-Peters","SOU","D","Claim","The McB’s","Sat Apr 23, 2022, 9:06AM","34"
"Fabian Schar","NEW","D","Drop","The McB’s","Sat Apr 23, 2022, 9:06AM","34"
"Wesley Fofana","LEI","D","Claim","Leo Gerard U2s Team","Sat Apr 23, 2022, 9:05AM","34"
"Leon Bailey","AVL","F","Claim","Leo Gerard U2s Team","Sat Apr 23, 2022, 9:05AM","34"
"Jacob Ramsey","AVL","M","Claim","Hale End Starbøys","Sat Apr 23, 2022, 9:04AM","34"
"Emiliano Buendia","AVL","M","Drop","Hale End Starbøys","Sat Apr 23, 2022, 9:04AM","34"
"Nelson Semedo","WOL","D","Claim","team_tim","Sat Apr 23, 2022, 9:03AM","34"
"Luke Thomas","LEI","D","Drop","team_tim","Sat Apr 23, 2022, 9:03AM","34"
"John Stones","MCI","D","Drop","Alex's Redemption Arc","Sat Apr 23, 2022, 9:01AM","34"
"Caglar Soyuncu","LEI","D","Drop","The McB’s","Sat Apr 23, 2022, 8:45AM","34"
"Marcus Rashford","MUN","F","Drop","Leo Gerard U2s Team","Sat Apr 23, 2022, 6:35AM","34"
"Jesse Lingard","MUN","M","Drop","Leo Gerard U2s Team","Sat Apr 23, 2022, 6:35AM","34"
"Mohammed Salisu","SOU","D","Claim","Leo Gerard U2s Team","Fri Apr 22, 2022, 9:35PM","34"
"Marcus Rashford","MUN","F","Claim","Leo Gerard U2s Team","Fri Apr 22, 2022, 9:23PM","34"
"Harry Maguire","MUN","D","Drop","Leo Gerard U2s Team","Fri Apr 22, 2022, 9:22PM","34"
"Trevoh Chalobah","CHE","D,M","Claim","Berkley McG’s U1s","Fri Apr 22, 2022, 2:15PM","34"
"Hassane Kamara","WAT","D","Drop","Berkley McG’s U1s","Fri Apr 22, 2022, 2:15PM","34"
"Romain Saiss","WOL","D","Claim","Alex's Redemption Arc","Thu Apr 21, 2022, 9:25PM","34"
"Liam Cooper","LEE","D","Claim","Alex's Redemption Arc","Thu Apr 21, 2022, 9:24PM","34"
"Robert Sanchez","BHA","G","Claim","Leo Gerard U2s Team","Thu Apr 21, 2022, 9:05PM","34"
"Kasper Schmeichel","LEI","G","Drop","Leo Gerard U2s Team","Thu Apr 21, 2022, 9:05PM","34"
"Emiliano Buendia","AVL","M","Claim","Hale End Starbøys","Thu Apr 21, 2022, 9:01PM","34"
"Oleksandr Zinchenko","MCI","D","Claim","Berkley McG’s U1s","Thu Apr 21, 2022, 9:00PM","34"
"Konstantinos Tsimikas","LIV","D","Claim","Leo Gerard U2s Team","Thu Apr 21, 2022, 9:00PM","34"
"Scott McTominay","MUN","M","Claim","Berkley McG’s U1s","Thu Apr 21, 2022, 9:00PM","34"
"Emil Krafth","NEW","D","Claim","Gabriel’s Sparkling Cider","Thu Apr 21, 2022, 9:00PM","34"
"Miguel Almiron","NEW","M","Claim","Gylfi’s Goobers","Thu Apr 21, 2022, 9:00PM","34"
"Luke Shaw","MUN","D","Drop","Gylfi’s Goobers","Thu Apr 21, 2022, 9:00PM","34"
"Harry Maguire","MUN","D","Claim","Leo Gerard U2s Team","Thu Apr 21, 2022, 9:00PM","34"
"Eddie Nketiah","ARS","F","Claim","Berkley McG’s U1s","Thu Apr 21, 2022, 9:00PM","34"
"Vicente Guaita","CRY","G","Claim","Alex's Redemption Arc","Thu Apr 21, 2022, 9:00PM","34"
"David de Gea","MUN","G","Drop","Alex's Redemption Arc","Thu Apr 21, 2022, 9:00PM","34"
"Armando Broja","SOU","F","Drop","Hale End Starbøys","Thu Apr 21, 2022, 5:11PM","34"
"Fabinho","LIV","M","Drop","Gabriel’s Sparkling Cider","Thu Apr 21, 2022, 4:51PM","34"
"Cédric Soares","ARS","D","Drop","Berkley McG’s U1s","Thu Apr 21, 2022, 4:50PM","34"
"Stuart Armstrong","SOU","M","Drop","Berkley McG’s U1s","Thu Apr 21, 2022, 4:50PM","34"
"Oriol Romeu","SOU","M","Drop","Berkley McG’s U1s","Thu Apr 21, 2022, 4:49PM","34"
"Matthew Lowton","BUR","D","Drop","Alex's Redemption Arc","Thu Apr 21, 2022, 1:53PM","34"
"Harry Maguire","MUN","D","Drop","Hale End Starbøys","Wed Apr 20, 2022, 5:05PM","34"
"Nathan Ake","MCI","D","Drop","Alex's Redemption Arc","Wed Apr 20, 2022, 4:54PM","34"
"John Stones","MCI","D","Claim","Alex's Redemption Arc","Wed Apr 20, 2022, 2:25PM","33"
"Jonny","WOL","D","Drop","Alex's Redemption Arc","Wed Apr 20, 2022, 2:25PM","33"
"Nathan Ake","MCI","D","Claim","Alex's Redemption Arc","Wed Apr 20, 2022, 2:25PM","33"
"Liam Cooper","LEE","D","Drop","Alex's Redemption Arc","Wed Apr 20, 2022, 2:25PM","33"
"Ruben Loftus-Cheek","CHE","M","Claim","Leo Gerard U2s Team","Wed Apr 20, 2022, 2:12PM","33"
"Victor Lindelof","MUN","D","Drop","Leo Gerard U2s Team","Wed Apr 20, 2022, 2:08PM","34"
"Albert Sambi Lokonga","ARS","M","Drop","Leo Gerard U2s Team","Wed Apr 20, 2022, 2:08PM","34"
"Oleksandr Zinchenko","MCI","D","Drop","Leo Gerard U2s Team","Wed Apr 20, 2022, 2:05PM","33"
"Cesar Azpilicueta","CHE","D","Claim","Hale End Starbøys","Wed Apr 20, 2022, 1:48PM","33"
"Jean-Philippe Mateta","CRY","F","Drop","Hale End Starbøys","Wed Apr 20, 2022, 1:48PM","33"
"Odsonne Edouard","CRY","F","Claim","Hale End Starbøys","Wed Apr 20, 2022, 1:46PM","33"
"Timo Werner","CHE","F","Claim","Alex's Redemption Arc","Sun Apr 17, 2022, 8:28AM","33"
"Vicente Guaita","CRY","G","Drop","Alex's Redemption Arc","Sun Apr 17, 2022, 8:28AM","33"
"Oleksandr Zinchenko","MCI","D","Claim","Leo Gerard U2s Team","Sat Apr 16, 2022, 10:34AM","33"
"Romain Saiss","WOL","D","Drop","Leo Gerard U2s Team","Sat Apr 16, 2022, 10:34AM","33"
"Kyle Walker-Peters","SOU","D","Drop","Hale End Starbøys","Sat Apr 16, 2022, 9:46AM","33"
"Anthony Elanga","MUN","F","Claim","Gabriel’s Sparkling Cider","Sat Apr 16, 2022, 9:08AM","33"
"Albert Sambi Lokonga","ARS","M","Claim","Leo Gerard U2s Team","Sat Apr 16, 2022, 9:06AM","33"
"Andreas Christensen","CHE","D","Drop","Leo Gerard U2s Team","Sat Apr 16, 2022, 9:06AM","33"
"Victor Lindelof","MUN","D","Claim","Leo Gerard U2s Team","Sat Apr 16, 2022, 9:04AM","33"
"Mohammed Salisu","SOU","D","Drop","Gabriel’s Sparkling Cider","Sat Apr 16, 2022, 9:02AM","33"
"Jesse Lingard","MUN","M","Claim","Leo Gerard U2s Team","Sat Apr 16, 2022, 9:02AM","33"
"Valentino Livramento","SOU","D","Drop","Leo Gerard U2s Team","Sat Apr 16, 2022, 9:02AM","33"
"Oriol Romeu","SOU","M","Claim","Berkley McG’s U1s","Sat Apr 16, 2022, 9:01AM","33"
"Marcus Rashford","MUN","F","Drop","Berkley McG’s U1s","Sat Apr 16, 2022, 9:01AM","33"
"Valentino Livramento","SOU","D","Claim","Leo Gerard U2s Team","Sat Apr 16, 2022, 7:35AM","33"
"Grant Hanley","NOR","D","Drop","Leo Gerard U2s Team","Sat Apr 16, 2022, 7:35AM","33"
"Cédric Soares","ARS","D","Claim","Berkley McG’s U1s","Sat Apr 16, 2022, 6:33AM","33"
"Ryan Sessegnon","TOT","M","Drop","Berkley McG’s U1s","Sat Apr 16, 2022, 6:32AM","33"
"Liam Cooper","LEE","D","Claim","Alex's Redemption Arc","Fri Apr 15, 2022, 11:47AM","33"
"Vladimir Coufal","WHU","D","Drop","Alex's Redemption Arc","Fri Apr 15, 2022, 11:47AM","33"
"Emerson Royal","TOT","D","Claim","Hale End Starbøys","Fri Apr 15, 2022, 11:25AM","33"
"Valentino Livramento","SOU","D","Drop","Hale End Starbøys","Fri Apr 15, 2022, 11:25AM","33"
"Hugo Lloris","TOT","G","Claim","team_tim","Thu Apr 14, 2022, 11:02PM","33"
"Emiliano Martinez","AVL","G","Drop","team_tim","Thu Apr 14, 2022, 11:02PM","33"
"Ryan Sessegnon","TOT","M","Claim","Berkley McG’s U1s","Thu Apr 14, 2022, 10:48AM","33"
"Wesley Fofana","LEI","D","Drop","Berkley McG’s U1s","Thu Apr 14, 2022, 10:48AM","33"
"Fabian Schar","NEW","D","Claim","The McB’s","Tue Apr 12, 2022, 9:21PM","33"
"Cesar Azpilicueta","CHE","D","Drop","The McB’s","Tue Apr 12, 2022, 9:21PM","33"
"Jay Rodriguez","BUR","F","Claim","Gabriel’s Sparkling Cider","Tue Apr 12, 2022, 9:14PM","33"
"Emiliano Buendia","AVL","M","Drop","Gabriel’s Sparkling Cider","Tue Apr 12, 2022, 9:14PM","33"
"Valentino Livramento","SOU","D","Claim","Hale End Starbøys","Tue Apr 12, 2022, 9:01PM","33"
"Mohamed Elyounoussi","SOU","M","Claim","The McB’s","Tue Apr 12, 2022, 9:00PM","33"
"Ben Davies","TOT","D","Drop","The McB’s","Tue Apr 12, 2022, 9:00PM","33"
"Martin Dubravka","NEW","G","Claim","The McB’s","Tue Apr 12, 2022, 9:00PM","33"
"Liam Cooper","LEE","D","Drop","The McB’s","Tue Apr 12, 2022, 9:00PM","33"
"Nathan Collins","BUR","D","Claim","Gabriel’s Sparkling Cider","Tue Apr 12, 2022, 9:00PM","33"
"Jan Bednarek","SOU","D","Claim","Gylfi’s Goobers","Tue Apr 12, 2022, 9:00PM","33"
"Lucas Moura","TOT","M","Drop","Gylfi’s Goobers","Tue Apr 12, 2022, 9:00PM","33"
"Armando Broja","SOU","F","Claim","Hale End Starbøys","Tue Apr 12, 2022, 9:00PM","33"
"Caglar Soyuncu","LEI","D","Claim","The McB’s","Tue Apr 12, 2022, 9:00PM","33"
"Emerson Royal","TOT","D","Drop","The McB’s","Tue Apr 12, 2022, 9:00PM","33"
"Josh Brownhill","BUR","M","Claim","Gabriel’s Sparkling Cider","Tue Apr 12, 2022, 9:00PM","33"
"Aaron Wan-Bissaka","MUN","D","Claim","Gylfi’s Goobers","Tue Apr 12, 2022, 9:00PM","33"
"Matt Doherty","TOT","D","Drop","Gylfi’s Goobers","Tue Apr 12, 2022, 9:00PM","33"
"Luke Thomas","LEI","D","Claim","team_tim","Tue Apr 12, 2022, 9:00PM","33"
"Cucho Hernández","WAT","F","Drop","Leo Gerard U2s Team","Mon Apr 11, 2022, 7:41AM","33"
"João Moutinho","WOL","M","Drop","Hale End Starbøys","Sun Apr 10, 2022, 7:40PM","33"
"Trincão","WOL","F","Drop","Gabriel’s Sparkling Cider","Sun Apr 10, 2022, 11:00AM","33"
"Max Kilman","WOL","D","Drop","Gabriel’s Sparkling Cider","Sun Apr 10, 2022, 11:00AM","33"
"Matthew Lowton","BUR","D","Claim","Alex's Redemption Arc","Sun Apr 10, 2022, 8:32AM","32"
"Roberto Firmino","LIV","F","Drop","Alex's Redemption Arc","Sun Apr 10, 2022, 8:32AM","32"
"Joachim Andersen","CRY","D","Claim","Gabriel’s Sparkling Cider","Sat Apr 9, 2022, 9:58AM","32"
"Anthony Elanga","MUN","F","Drop","Gabriel’s Sparkling Cider","Thu Apr 7, 2022, 11:05PM","32"
"Jean-Philippe Mateta","CRY","F","Claim","Hale End Starbøys","Sat Apr 9, 2022, 9:04AM","32"
"Moussa Sissoko","TOT/WAT","M","Claim","team_tim","Sat Apr 9, 2022, 9:03AM","32"
"Andreas Christensen","CHE","D","Claim","Leo Gerard U2s Team","Sat Apr 9, 2022, 9:03AM","32"
"Milot Rashica","NOR","M","Drop","Leo Gerard U2s Team","Sat Apr 9, 2022, 9:03AM","32"
"Joshua King","WAT","F","Drop","Hale End Starbøys","Sat Apr 9, 2022, 9:02AM","32"
"Marcus Rashford","MUN","F","Claim","Berkley McG’s U1s","Sat Apr 9, 2022, 6:32AM","32"
"Albert Sambi Lokonga","ARS","M","Drop","Berkley McG’s U1s","Sat Apr 9, 2022, 6:32AM","32"
"Marçal","WOL","D","Claim","Alex's Redemption Arc","Fri Apr 8, 2022, 2:47PM","32"
"Rayan Ait-Nouri","WOL","D","Drop","Alex's Redemption Arc","Fri Apr 8, 2022, 2:46PM","32"
"Max Kilman","WOL","D","Claim","Gabriel’s Sparkling Cider","Fri Apr 8, 2022, 2:06PM","32"
"Joel Veltman","BHA","D","Drop","Gabriel’s Sparkling Cider","Fri Apr 8, 2022, 2:06PM","32"
"Fabinho","LIV","M","Claim","Gabriel’s Sparkling Cider","Fri Apr 8, 2022, 11:52AM","32"
"Robert Sanchez","BHA","G","Drop","Gabriel’s Sparkling Cider","Fri Apr 8, 2022, 11:51AM","32"
"Joel Veltman","BHA","D","Claim","Gabriel’s Sparkling Cider","Fri Apr 8, 2022, 11:51AM","32"
"Albert Sambi Lokonga","ARS","M","Claim","Berkley McG’s U1s","Fri Apr 8, 2022, 9:07AM","32"
"Joachim Andersen","CRY","D","Drop","Berkley McG’s U1s","Fri Apr 8, 2022, 9:07AM","32"
"Joachim Andersen","CRY","D","Claim","Berkley McG’s U1s","Fri Apr 8, 2022, 9:03AM","32"
"Raphael Varane","MUN","D","Drop","Berkley McG’s U1s","Fri Apr 8, 2022, 9:03AM","32"
"Kasper Schmeichel","LEI","G","Claim","Leo Gerard U2s Team","Thu Apr 7, 2022, 9:46PM","32"
"Jordan Pickford","EVE","G","Drop","Leo Gerard U2s Team","Thu Apr 7, 2022, 9:46PM","32"
"Milot Rashica","NOR","M","Claim","Leo Gerard U2s Team","Thu Apr 7, 2022, 9:11PM","32"
"Jacob Ramsey","AVL","M","Drop","Leo Gerard U2s Team","Thu Apr 7, 2022, 9:11PM","32"
"Grant Hanley","NOR","D","Claim","Leo Gerard U2s Team","Thu Apr 7, 2022, 9:01PM","32"
"Josh Brownhill","BUR","M","Drop","Leo Gerard U2s Team","Thu Apr 7, 2022, 9:01PM","32"
"Vladimir Coufal","WHU","D","Claim","Alex's Redemption Arc","Thu Apr 7, 2022, 9:00PM","32"
"Harry Maguire","MUN","D","Claim","Hale End Starbøys","Thu Apr 7, 2022, 9:00PM","32"
"Valentino Livramento","SOU","D","Drop","Hale End Starbøys","Thu Apr 7, 2022, 9:00PM","32"
"Cucho Hernández","WAT","F","Claim","Leo Gerard U2s Team","Thu Apr 7, 2022, 9:00PM","32"
"Dan Burn","BHA/NEW","D","Claim","Hale End Starbøys","Thu Apr 7, 2022, 9:00PM","32"
"Wesley Fofana","LEI","D","Claim","Berkley McG’s U1s","Thu Apr 7, 2022, 9:00PM","32"
"Bryan Mbeumo","BRF","F","Claim","Alex's Redemption Arc","Thu Apr 7, 2022, 9:00PM","32"
"Ismaila Sarr","WAT","F","Claim","Leo Gerard U2s Team","Thu Apr 7, 2022, 9:00PM","32"
"Joshua King","WAT","F","Claim","Hale End Starbøys","Thu Apr 7, 2022, 9:00PM","32"
"Nick Pope","BUR","G","Claim","Berkley McG’s U1s","Thu Apr 7, 2022, 9:00PM","32"
"Hugo Lloris","TOT","G","Drop","Berkley McG’s U1s","Thu Apr 7, 2022, 9:00PM","32"
"Vicente Guaita","CRY","G","Claim","Alex's Redemption Arc","Thu Apr 7, 2022, 9:00PM","32"
"Liam Cooper","LEE","D","Claim","The McB’s","Thu Apr 7, 2022, 9:00PM","32"
"Joseph Gomez","LIV","D","Drop","Berkley McG’s U1s","Thu Apr 7, 2022, 1:16PM","32"
"Thomas Partey","ARS","M","Drop","Alex's Redemption Arc","Thu Apr 7, 2022, 11:52AM","32"
"Nathan Ake","MCI","D","Drop","Alex's Redemption Arc","Thu Apr 7, 2022, 10:33AM","32"
"Mohamed Elyounoussi","SOU","M","Drop","Leo Gerard U2s Team","Wed Apr 6, 2022, 10:18PM","32"
"Abdoulaye Doucoure","EVE","M","Drop","Leo Gerard U2s Team","Wed Apr 6, 2022, 10:17PM","32"
"Kyle Walker","MCI","D","Drop","Alex's Redemption Arc","Tue Apr 5, 2022, 1:10PM","32"
"Armando Broja","SOU","F","Drop","Hale End Starbøys","Tue Apr 5, 2022, 10:58AM","32"
"Leon Bailey","AVL","F","Drop","Hale End Starbøys","Tue Apr 5, 2022, 10:58AM","32"
"Tariq Lamptey","BHA","D","Drop","Hale End Starbøys","Tue Apr 5, 2022, 10:57AM","32"
"Aaron Ramsdale","SHU/ARS","G","Claim","Gabriel’s Sparkling Cider","Mon Apr 4, 2022, 2:32PM","31"
"Emerson Royal","TOT","D","Claim","The McB’s","Sun Apr 3, 2022, 11:24AM","31"
"Cédric Soares","ARS","D","Drop","The McB’s","Sun Apr 3, 2022, 11:24AM","31"
"Seamus Coleman","EVE","D","Drop","Gabriel’s Sparkling Cider","Sun Apr 3, 2022, 8:23AM","31"
"Anwar El Ghazi","AVL/EVE","M","Drop","Gabriel’s Sparkling Cider","Sun Apr 3, 2022, 8:23AM","31"
"Ben Godfrey","EVE","D","Drop","Leo Gerard U2s Team","Sun Apr 3, 2022, 8:21AM","31"
"Anthony Elanga","MUN","F","Claim","Gabriel’s Sparkling Cider","Sat Apr 2, 2022, 12:00PM","31"
"Shane Duffy","BHA","D","Drop","Gabriel’s Sparkling Cider","Sat Apr 2, 2022, 9:24AM","31"
"Kyle Walker","MCI","D","Claim","Alex's Redemption Arc","Sat Apr 2, 2022, 9:24AM","31"
"Trevoh Chalobah","CHE","D,M","Drop","Alex's Redemption Arc","Sat Apr 2, 2022, 9:24AM","31"
"Mathias Jensen","BRF","M","Drop","team_tim","Sat Apr 2, 2022, 9:09AM","31"
"Leon Bailey","AVL","F","Claim","Hale End Starbøys","Sat Apr 2, 2022, 9:01AM","31"
"Douglas Luiz","AVL","M","Drop","Hale End Starbøys","Sat Apr 2, 2022, 9:01AM","31"
"Nathan Ake","MCI","D","Claim","Alex's Redemption Arc","Sat Apr 2, 2022, 9:01AM","31"
"John Stones","MCI","D","Drop","Alex's Redemption Arc","Sat Apr 2, 2022, 9:01AM","31"
"Joao Pedro","WAT","F","Claim","Alex's Redemption Arc","Sat Apr 2, 2022, 7:25AM","31"
"Konstantinos Tsimikas","LIV","D","Drop","Alex's Redemption Arc","Sat Apr 2, 2022, 7:21AM","31"
"Anwar El Ghazi","AVL/EVE","M","Claim","Gabriel’s Sparkling Cider","Thu Mar 24, 2022, 12:03PM","31"
"Rúben Neves","WOL","M","Drop","Gabriel’s Sparkling Cider","Thu Mar 24, 2022, 12:02PM","31"
"Konstantinos Tsimikas","LIV","D","Claim","Alex's Redemption Arc","Wed Mar 23, 2022, 9:10AM","31"
"Joshua King","WAT","F","Drop","Alex's Redemption Arc","Wed Mar 23, 2022, 9:10AM","31"
"Caglar Soyuncu","LEI","D","Drop","The McB’s","Wed Mar 23, 2022, 8:25AM","31"
"Kieran Trippier","TOT/NEW","D","Claim","Gylfi’s Goobers","Wed Mar 23, 2022, 6:28AM","31"
"Max Kilman","WOL","D","Drop","Gylfi’s Goobers","Wed Mar 23, 2022, 6:28AM","31"
"Seamus Coleman","EVE","D","Claim","Gabriel’s Sparkling Cider","Tue Mar 22, 2022, 10:09PM","31"
"Dan Burn","BHA/NEW","D","Drop","Gabriel’s Sparkling Cider","Tue Mar 22, 2022, 10:09PM","31"
"Maxwel Cornet","BUR","D,M,F","Claim","Leo Gerard U2s Team","Tue Mar 22, 2022, 9:53PM","31"
"Moussa Sissoko","TOT/WAT","M","Drop","Leo Gerard U2s Team","Tue Mar 22, 2022, 9:53PM","31"
"Max Kilman","WOL","D","Claim","Gylfi’s Goobers","Tue Mar 22, 2022, 9:46PM","31"
"Conor Coady","WOL","D","Drop","Gylfi’s Goobers","Tue Mar 22, 2022, 9:46PM","31"
"Christian Eriksen","TOT/BRF","M","Claim","Leo Gerard U2s Team","Tue Mar 22, 2022, 9:42PM","31"
"Neal Maupay","BHA","F","Drop","Leo Gerard U2s Team","Tue Mar 22, 2022, 9:42PM","31"
"Joseph Gomez","LIV","D","Claim","Berkley McG’s U1s","Tue Mar 22, 2022, 9:38PM","31"
"Konstantinos Tsimikas","LIV","D","Drop","Berkley McG’s U1s","Tue Mar 22, 2022, 9:38PM","31"
"Charlie Taylor","BUR","D","Claim","Leo Gerard U2s Team","Tue Mar 22, 2022, 9:38PM","31"
"Joseph Gomez","LIV","D","Drop","Leo Gerard U2s Team","Tue Mar 22, 2022, 9:38PM","31"
"Timothy Castagne","LEI","D","Claim","Sean Dyche's Great Escape","Tue Mar 22, 2022, 9:27PM","31"
"Bernd Leno","ARS","G","Drop","Sean Dyche's Great Escape","Tue Mar 22, 2022, 9:27PM","31"
"Tyrick Mitchell","CRY","D","Claim","Sean Dyche's Great Escape","Tue Mar 22, 2022, 9:20PM","31"
"Ezri Konsa","AVL","D","Drop","Sean Dyche's Great Escape","Tue Mar 22, 2022, 9:20PM","31"
"Roberto Firmino","LIV","F","Claim","Alex's Redemption Arc","Tue Mar 22, 2022, 9:13PM","31"
"Ismaila Sarr","WAT","F","Drop","Alex's Redemption Arc","Tue Mar 22, 2022, 9:13PM","31"
"Joseph Gomez","LIV","D","Claim","Leo Gerard U2s Team","Tue Mar 22, 2022, 9:07PM","31"
"Charlie Taylor","BUR","D","Drop","Leo Gerard U2s Team","Tue Mar 22, 2022, 9:07PM","31"
"Tariq Lamptey","BHA","D","Claim","Hale End Starbøys","Tue Mar 22, 2022, 9:03PM","31"
"Jordan Pickford","EVE","G","Claim","Leo Gerard U2s Team","Tue Mar 22, 2022, 9:02PM","31"
"Lukasz Fabianski","WHU","G","Drop","Leo Gerard U2s Team","Tue Mar 22, 2022, 9:02PM","31"
"Charlie Taylor","BUR","D","Claim","Leo Gerard U2s Team","Tue Mar 22, 2022, 9:01PM","31"
"Ismaila Sarr","WAT","F","Claim","Alex's Redemption Arc","Tue Mar 22, 2022, 9:01PM","31"
"Kyle Walker-Peters","SOU","D","Claim","Hale End Starbøys","Tue Mar 22, 2022, 9:00PM","31"
"Pontus Jansson","BRF","D","Drop","Hale End Starbøys","Tue Mar 22, 2022, 9:00PM","31"
"Joshua King","WAT","F","Claim","Alex's Redemption Arc","Tue Mar 22, 2022, 9:00PM","31"
"Ben Godfrey","EVE","D","Claim","Leo Gerard U2s Team","Tue Mar 22, 2022, 9:00PM","31"
"Neal Maupay","BHA","F","Claim","Leo Gerard U2s Team","Tue Mar 22, 2022, 9:00PM","31"
"Mohammed Salisu","SOU","D","Claim","Gabriel’s Sparkling Cider","Tue Mar 22, 2022, 9:00PM","31"
"Armando Broja","SOU","F","Claim","Hale End Starbøys","Tue Mar 22, 2022, 9:00PM","31"
"Bryan Mbeumo","BRF","F","Drop","Hale End Starbøys","Tue Mar 22, 2022, 9:00PM","31"
"Mohamed Elyounoussi","SOU","M","Claim","Leo Gerard U2s Team","Tue Mar 22, 2022, 9:00PM","31"
"Shane Duffy","BHA","D","Claim","Gabriel’s Sparkling Cider","Tue Mar 22, 2022, 9:00PM","31"
"Jorginho","CHE","M","Claim","Sean Dyche's Great Escape","Tue Mar 22, 2022, 9:00PM","31"
"Granit Xhaka","ARS","M","Drop","Sean Dyche's Great Escape","Tue Mar 22, 2022, 9:00PM","31"
"Valentino Livramento","SOU","D","Claim","Hale End Starbøys","Tue Mar 22, 2022, 9:00PM","31"
"Abdoulaye Doucoure","EVE","M","Claim","Leo Gerard U2s Team","Tue Mar 22, 2022, 9:00PM","31"
"Raphael Varane","MUN","D","Claim","Berkley McG’s U1s","Tue Mar 22, 2022, 9:00PM","31"
"Trincão","WOL","F","Claim","Gabriel’s Sparkling Cider","Tue Mar 22, 2022, 9:00PM","31"
"Fred","MUN","M","Claim","Sean Dyche's Great Escape","Tue Mar 22, 2022, 9:00PM","31"
"Adam Forshaw","LEE","M","Drop","Sean Dyche's Great Escape","Tue Mar 22, 2022, 9:00PM","31"
"Edouard Mendy","CHE","G","Claim","Hale End Starbøys","Tue Mar 22, 2022, 9:00PM","31"
"Kasper Schmeichel","LEI","G","Drop","Hale End Starbøys","Tue Mar 22, 2022, 9:00PM","31"
"Ruben Dias","MCI","D","Claim","Alex's Redemption Arc","Tue Mar 22, 2022, 9:00PM","31"
"N'Golo Kante","CHE","M","Claim","The McB’s","Tue Mar 22, 2022, 9:00PM","31"
"Ben Johnson","WHU","D","Drop","The McB’s","Tue Mar 22, 2022, 9:00PM","31"
"Josh Brownhill","BUR","M","Claim","Leo Gerard U2s Team","Tue Mar 22, 2022, 9:00PM","31"
"Konstantinos Tsimikas","LIV","D","Claim","Berkley McG’s U1s","Tue Mar 22, 2022, 9:00PM","31"
"Aymeric Laporte","MCI","D","Claim","Gabriel’s Sparkling Cider","Tue Mar 22, 2022, 9:00PM","31"
"Arthur Masuaku","WHU","D","Drop","Hale End Starbøys","Tue Mar 22, 2022, 8:22PM","31"
"Pascal Struijk","LEE","D","Drop","Hale End Starbøys","Tue Mar 22, 2022, 8:22PM","31"
"Patrick Bamford","LEE","F","Drop","Leo Gerard U2s Team","Tue Mar 22, 2022, 8:09PM","31"
"Vitaly Janelt","BRF","M","Drop","Leo Gerard U2s Team","Tue Mar 22, 2022, 8:09PM","31"
"Willy Boly","WOL","D","Drop","Leo Gerard U2s Team","Tue Mar 22, 2022, 8:08PM","31"
"Daniel Amartey","LEI","D","Drop","Leo Gerard U2s Team","Tue Mar 22, 2022, 8:08PM","31"
"Leander Dendoncker","WOL","M","Drop","Leo Gerard U2s Team","Tue Mar 22, 2022, 8:08PM","31"
"James Justin","LEI","D","Drop","Alex's Redemption Arc","Sun Mar 20, 2022, 8:28PM","31"
"Timothy Castagne","LEI","D","Drop","Alex's Redemption Arc","Sun Mar 20, 2022, 8:28PM","31"
"Manuel Lanzini","WHU","M","Drop","Alex's Redemption Arc","Sun Mar 20, 2022, 8:11PM","31"
"Rodrigo Bentancur","TOT","M","Drop","Berkley McG’s U1s","Sun Mar 20, 2022, 2:51PM","31"
"Kurt Zouma","CHE/WHU","D","Drop","Berkley McG’s U1s","Sun Mar 20, 2022, 2:44PM","31"
"Illan Meslier","LEE","G","Drop","Gabriel’s Sparkling Cider","Sun Mar 20, 2022, 11:43AM","31"
"Robert Sanchez","BHA","G","Claim","Gabriel’s Sparkling Cider","Sun Mar 20, 2022, 11:42AM","30"
"Andriy Yarmolenko","WHU","F","Drop","Gabriel’s Sparkling Cider","Sun Mar 20, 2022, 11:42AM","30"
"Ricardo Pereira","LEI","D","Drop","Gabriel’s Sparkling Cider","Sun Mar 20, 2022, 11:42AM","31"
"Arthur Masuaku","WHU","D","Claim","Hale End Starbøys","Sun Mar 20, 2022, 11:31AM","30"
"Edouard Mendy","CHE","G","Drop","Hale End Starbøys","Sun Mar 20, 2022, 11:31AM","30"
"Daniel Amartey","LEI","D","Claim","Leo Gerard U2s Team","Sun Mar 20, 2022, 9:17AM","30"
"Sergi Canos","BRF","F","Drop","Leo Gerard U2s Team","Sun Mar 20, 2022, 9:17AM","30"
"Caglar Soyuncu","LEI","D","Claim","The McB’s","Sun Mar 20, 2022, 9:13AM","30"
"Luke Thomas","LEI","D","Drop","The McB’s","Sun Mar 20, 2022, 9:13AM","30"
"Mathias Jensen","BRF","M","Claim","team_tim","Sun Mar 20, 2022, 9:08AM","30"
"Christian Eriksen","TOT/BRF","M","Drop","team_tim","Sun Mar 20, 2022, 9:08AM","30"
"Timothy Castagne","LEI","D","Claim","Alex's Redemption Arc","Sun Mar 20, 2022, 9:01AM","30"
"Patson Daka","LEI","F","Drop","Alex's Redemption Arc","Sun Mar 20, 2022, 9:01AM","30"
"James Justin","LEI","D","Claim","Alex's Redemption Arc","Sun Mar 20, 2022, 9:00AM","30"
"Wesley Fofana","LEI","D","Drop","Alex's Redemption Arc","Sun Mar 20, 2022, 9:00AM","30"
"Lukasz Fabianski","WHU","G","Claim","Leo Gerard U2s Team","Sat Mar 19, 2022, 8:05AM","30"
"Aaron Ramsdale","SHU/ARS","G","Drop","Leo Gerard U2s Team","Sat Mar 19, 2022, 8:05AM","30"
"Ezri Konsa","AVL","D","Claim","Sean Dyche's Great Escape","Sat Mar 19, 2022, 7:35AM","30"
"Bernd Leno","ARS","G","Claim","Sean Dyche's Great Escape","Sat Mar 19, 2022, 7:35AM","30"
"Lukasz Fabianski","WHU","G","Drop","Sean Dyche's Great Escape","Sat Mar 19, 2022, 7:35AM","30"
"Cédric Soares","ARS","D","Claim","The McB’s","Fri Mar 18, 2022, 8:02PM","30"
"N'Golo Kante","CHE","M","Drop","The McB’s","Fri Mar 18, 2022, 8:02PM","30"
"Luke Thomas","LEI","D","Claim","The McB’s","Fri Mar 18, 2022, 7:55PM","30"
"Abdoulaye Doucoure","EVE","M","Drop","The McB’s","Fri Mar 18, 2022, 7:55PM","30"
"Ben Johnson","WHU","D","Claim","The McB’s","Fri Mar 18, 2022, 7:48PM","30"
"Andreas Christensen","CHE","D","Drop","The McB’s","Fri Mar 18, 2022, 7:48PM","30"
"Diego Llorente","LEE","D","Drop","Gabriel’s Sparkling Cider","Fri Mar 18, 2022, 6:04PM","31"
"Mateusz Klich","LEE","M","Drop","Gabriel’s Sparkling Cider","Fri Mar 18, 2022, 6:03PM","31"
"Leander Dendoncker","WOL","M","Claim","Leo Gerard U2s Team","Fri Mar 18, 2022, 3:15PM","30"
"Wilfred Ndidi","LEI","M","Drop","Leo Gerard U2s Team","Fri Mar 18, 2022, 3:14PM","30"
"Pascal Struijk","LEE","D","Claim","Hale End Starbøys","Fri Mar 18, 2022, 3:13PM","30"
"Liam Cooper","LEE","D","Drop","Hale End Starbøys","Fri Mar 18, 2022, 3:13PM","30"
"Max Kilman","WOL","D","Drop","Sean Dyche's Great Escape","Fri Mar 18, 2022, 3:11PM","30"
"Rodrigo Bentancur","TOT","M","Claim","Berkley McG’s U1s","Fri Mar 18, 2022, 3:11PM","30"
"Raphael Varane","MUN","D","Drop","Berkley McG’s U1s","Fri Mar 18, 2022, 3:11PM","30"
"Adam Forshaw","LEE","M","Claim","Sean Dyche's Great Escape","Fri Mar 18, 2022, 3:11PM","30"
"Marçal","WOL","D","Drop","Sean Dyche's Great Escape","Fri Mar 18, 2022, 3:11PM","30"
"Liam Cooper","LEE","D","Claim","Hale End Starbøys","Fri Mar 18, 2022, 1:12PM","30"
"Maxwel Cornet","BUR","D,M,F","Drop","Hale End Starbøys","Fri Mar 18, 2022, 1:12PM","30"
"Kurt Zouma","CHE/WHU","D","Claim","Berkley McG’s U1s","Thu Mar 17, 2022, 11:54PM","30"
"Fabian Schar","NEW","D","Drop","Berkley McG’s U1s","Thu Mar 17, 2022, 11:54PM","30"
"Mateusz Klich","LEE","M","Claim","Gabriel’s Sparkling Cider","Thu Mar 17, 2022, 9:21PM","30"
"Mohammed Salisu","SOU","D","Drop","Gabriel’s Sparkling Cider","Thu Mar 17, 2022, 9:21PM","30"
"Andriy Yarmolenko","WHU","F","Claim","Gabriel’s Sparkling Cider","Thu Mar 17, 2022, 9:18PM","30"
"Diego Llorente","LEE","D","Claim","Gabriel’s Sparkling Cider","Thu Mar 17, 2022, 9:15PM","30"
"Ricardo Pereira","LEI","D","Claim","Gabriel’s Sparkling Cider","Thu Mar 17, 2022, 9:15PM","30"
"Illan Meslier","LEE","G","Claim","Gabriel’s Sparkling Cider","Thu Mar 17, 2022, 9:14PM","30"
"Nick Pope","BUR","G","Drop","Gabriel’s Sparkling Cider","Thu Mar 17, 2022, 9:14PM","30"
"Josh Brownhill","BUR","M","Drop","Gabriel’s Sparkling Cider","Thu Mar 17, 2022, 9:12PM","30"
"Jonny","WOL","D","Claim","Alex's Redemption Arc","Thu Mar 17, 2022, 9:10PM","30"
"Marcus Rashford","MUN","F","Drop","Alex's Redemption Arc","Thu Mar 17, 2022, 9:10PM","30"
"Wilfred Ndidi","LEI","M","Claim","Leo Gerard U2s Team","Thu Mar 17, 2022, 9:08PM","30"
"Ryan Fraser","NEW","M","Drop","Leo Gerard U2s Team","Thu Mar 17, 2022, 9:08PM","30"
"Vitaly Janelt","BRF","M","Claim","Leo Gerard U2s Team","Thu Mar 17, 2022, 9:06PM","30"
"Fabinho","LIV","M","Drop","Leo Gerard U2s Team","Thu Mar 17, 2022, 9:06PM","30"
"Wesley Fofana","LEI","D","Claim","Alex's Redemption Arc","Thu Mar 17, 2022, 9:03PM","30"
"Patson Daka","LEI","F","Claim","Alex's Redemption Arc","Thu Mar 17, 2022, 9:01PM","30"
"Lukasz Fabianski","WHU","G","Claim","Sean Dyche's Great Escape","Thu Mar 17, 2022, 9:00PM","30"
"Aymeric Laporte","MCI","D","Drop","Sean Dyche's Great Escape","Thu Mar 17, 2022, 9:00PM","30"
"Marçal","WOL","D","Claim","Sean Dyche's Great Escape","Thu Mar 17, 2022, 9:00PM","30"
"Ruben Dias","MCI","D","Drop","Sean Dyche's Great Escape","Thu Mar 17, 2022, 9:00PM","30"
"Granit Xhaka","ARS","M","Claim","Sean Dyche's Great Escape","Thu Mar 17, 2022, 9:00PM","30"
"Naby Keita","LIV","M","Drop","Sean Dyche's Great Escape","Thu Mar 17, 2022, 9:00PM","30"
"Max Kilman","WOL","D","Claim","Sean Dyche's Great Escape","Thu Mar 17, 2022, 9:00PM","30"
"Joel Veltman","BHA","D","Drop","Sean Dyche's Great Escape","Thu Mar 17, 2022, 9:00PM","30"
"Kasper Schmeichel","LEI","G","Claim","Hale End Starbøys","Thu Mar 17, 2022, 9:00PM","30"
"Jacob Murphy","NEW","M","Drop","Hale End Starbøys","Thu Mar 17, 2022, 9:00PM","30"
"Conor Coady","WOL","D","Claim","Gylfi’s Goobers","Thu Mar 17, 2022, 9:00PM","30"
"Jan Bednarek","SOU","D","Drop","Gylfi’s Goobers","Thu Mar 17, 2022, 9:00PM","30"
"Kelechi Iheanacho","LEI","F","Claim","Sean Dyche's Great Escape","Thu Mar 17, 2022, 9:00PM","30"
"Neal Maupay","BHA","F","Drop","Sean Dyche's Great Escape","Thu Mar 17, 2022, 9:00PM","30"
"Kyle Walker-Peters","SOU","D","Drop","Alex's Redemption Arc","Thu Mar 17, 2022, 6:37PM","30"
"Joshua King","WAT","F","Drop","Alex's Redemption Arc","Thu Mar 17, 2022, 6:37PM","30"
"Timo Werner","CHE","F","Drop","Gabriel’s Sparkling Cider","Thu Mar 17, 2022, 10:15AM","30"
"Milot Rashica","NOR","M","Drop","Leo Gerard U2s Team","Sun Mar 13, 2022, 8:19PM","30"
"Teemu Pukki","NOR","F","Claim","Roy Kent's U8 Girls","Sun Mar 13, 2022, 9:57AM","29"
"Tyrick Mitchell","CRY","D","Drop","Roy Kent's U8 Girls","Sun Mar 13, 2022, 9:57AM","29"
"Craig Dawson","WHU","D","Claim","Roy Kent's U8 Girls","Sun Mar 13, 2022, 9:54AM","29"
"Cheikhou Kouyate","CRY","D,M","Drop","Roy Kent's U8 Girls","Sun Mar 13, 2022, 9:54AM","29"
"Armando Broja","SOU","F","Drop","Gabriel’s Sparkling Cider","Sun Mar 13, 2022, 9:26AM","29"
"Timo Werner","CHE","F","Claim","Gabriel’s Sparkling Cider","Sun Mar 13, 2022, 9:25AM","29"
"Andreas Christensen","CHE","D","Claim","The McB’s","Sun Mar 13, 2022, 9:20AM","29"
"Valentino Livramento","SOU","D","Drop","The McB’s","Sun Mar 13, 2022, 9:20AM","29"
"Lewis Dunk","BHA","D","Drop","Gabriel’s Sparkling Cider","Thu Mar 10, 2022, 11:05PM","29"
"Willy Boly","WOL","D","Claim","Leo Gerard U2s Team","Sat Mar 12, 2022, 7:12AM","29"
"Joao Pedro","WAT","F","Drop","Leo Gerard U2s Team","Sat Mar 12, 2022, 7:12AM","29"
"Alexis Mac Allister","BHA","M","Claim","The McB’s","Sat Mar 12, 2022, 6:39AM","29"
"Tariq Lamptey","BHA","D","Drop","The McB’s","Sat Mar 12, 2022, 6:39AM","29"
"Lewis Dunk","BHA","D","Claim","Gabriel’s Sparkling Cider","Fri Mar 11, 2022, 9:17PM","29"
"Sergi Canos","BRF","F","Claim","Leo Gerard U2s Team","Fri Mar 11, 2022, 9:08PM","29"
"João Moutinho","WOL","M","Claim","Hale End Starbøys","Fri Mar 11, 2022, 9:06PM","29"
"Saul Niguez","CHE","M","Drop","Hale End Starbøys","Fri Mar 11, 2022, 9:06PM","29"
"Bryan Mbeumo","BRF","F","Claim","Hale End Starbøys","Fri Mar 11, 2022, 9:05PM","29"
"Harry Maguire","MUN","D","Drop","Hale End Starbøys","Fri Mar 11, 2022, 9:05PM","29"
"Pontus Jansson","BRF","D","Claim","Hale End Starbøys","Fri Mar 11, 2022, 9:03PM","29"
"Ibrahima Konate","LIV","D","Drop","Hale End Starbøys","Fri Mar 11, 2022, 9:03PM","29"
"Raphael Varane","MUN","D","Claim","Berkley McG’s U1s","Fri Mar 11, 2022, 9:03PM","29"
"Oriol Romeu","SOU","M","Drop","Berkley McG’s U1s","Fri Mar 11, 2022, 9:03PM","29"
"Manuel Lanzini","WHU","M","Claim","Alex's Redemption Arc","Fri Mar 11, 2022, 9:02PM","29"
"Mohamed Elyounoussi","SOU","M","Drop","Alex's Redemption Arc","Fri Mar 11, 2022, 9:02PM","29"
"Kyle Walker-Peters","SOU","D","Claim","Alex's Redemption Arc","Fri Mar 11, 2022, 9:00PM","29"
"Max Kilman","WOL","D","Drop","Alex's Redemption Arc","Fri Mar 11, 2022, 9:00PM","29"
"Abdoulaye Doucoure","EVE","M","Claim","The McB’s","Fri Mar 11, 2022, 9:00PM","29"
"Fabinho","LIV","M","Claim","Leo Gerard U2s Team","Fri Mar 11, 2022, 9:00PM","29"
"Joshua King","WAT","F","Claim","Alex's Redemption Arc","Fri Mar 11, 2022, 9:00PM","29"
"Ben Davies","TOT","D","Claim","The McB’s","Fri Mar 11, 2022, 9:00PM","29"
"Romain Perraud","SOU","D","Drop","The McB’s","Fri Mar 11, 2022, 9:00PM","29"
"Craig Dawson","WHU","D","Drop","team_tim","Fri Mar 11, 2022, 10:18AM","29"
"Martin Dubravka","NEW","G","Drop","Leo Gerard U2s Team","Thu Mar 10, 2022, 8:33PM","29"
"Jorginho","CHE","M","Drop","Leo Gerard U2s Team","Thu Mar 10, 2022, 8:33PM","29"
"Samir","WAT","D","Drop","Gabriel’s Sparkling Cider","Thu Mar 10, 2022, 4:56PM","29"
"Joao Pedro","WAT","F","Claim","Leo Gerard U2s Team","Sun Mar 6, 2022, 8:06AM","28"
"Joshua King","WAT","F","Drop","Leo Gerard U2s Team","Sun Mar 6, 2022, 8:06AM","28"
"Ki-Jana Hoever","WOL","D","Drop","Alex's Redemption Arc","Sat Mar 5, 2022, 4:51PM","29"
"Samir","WAT","D","Claim","Gabriel’s Sparkling Cider","Sat Mar 5, 2022, 9:59AM","28"
"Anthony Elanga","MUN","F","Drop","Gabriel’s Sparkling Cider","Sat Mar 5, 2022, 9:59AM","28"
"Milot Rashica","NOR","M","Claim","Leo Gerard U2s Team","Sat Mar 5, 2022, 9:41AM","28"
"Alexis Mac Allister","BHA","M","Drop","Leo Gerard U2s Team","Sat Mar 5, 2022, 9:40AM","28"
"Jacob Murphy","NEW","M","Claim","Hale End Starbøys","Sat Mar 5, 2022, 9:27AM","28"
"Juraj Kucka","WAT","M","Drop","Hale End Starbøys","Sat Mar 5, 2022, 9:27AM","28"
"Nathan Redmond","SOU","M","Drop","The McB’s","Sat Mar 5, 2022, 9:16AM","28"
"N'Golo Kante","CHE","M","Claim","The McB’s","Sat Mar 5, 2022, 9:14AM","28"
"Kieran Trippier","TOT/NEW","D","Drop","The McB’s","Sat Mar 5, 2022, 9:13AM","28"
"Juraj Kucka","WAT","M","Claim","Hale End Starbøys","Sat Mar 5, 2022, 9:13AM","28"
"Milot Rashica","NOR","M","Drop","Hale End Starbøys","Sat Mar 5, 2022, 9:13AM","28"
"Ki-Jana Hoever","WOL","D","Claim","Alex's Redemption Arc","Sat Mar 5, 2022, 9:12AM","28"
"Ismaila Sarr","WAT","F","Drop","Alex's Redemption Arc","Sat Mar 5, 2022, 9:12AM","28"
"Saul Niguez","CHE","M","Claim","Hale End Starbøys","Sat Mar 5, 2022, 9:12AM","28"
"Juraj Kucka","WAT","M","Drop","Hale End Starbøys","Sat Mar 5, 2022, 9:12AM","28"
"Tariq Lamptey","BHA","D","Claim","The McB’s","Sat Mar 5, 2022, 9:10AM","28"
"Kyle Walker-Peters","SOU","D","Drop","The McB’s","Sat Mar 5, 2022, 9:10AM","28"
"Milot Rashica","NOR","M","Claim","Hale End Starbøys","Sat Mar 5, 2022, 9:09AM","28"
"Trevoh Chalobah","CHE","D,M","Claim","Alex's Redemption Arc","Sat Mar 5, 2022, 9:03AM","28"
"Mateo Kovacic","CHE","M","Drop","Hale End Starbøys","Sat Mar 5, 2022, 9:03AM","28"
"Jamaal Lascelles","NEW","D","Drop","Alex's Redemption Arc","Sat Mar 5, 2022, 9:02AM","28"
"Ibrahima Konate","LIV","D","Claim","Hale End Starbøys","Fri Mar 4, 2022, 2:07PM","28"
"Aaron Wan-Bissaka","MUN","D","Drop","Hale End Starbøys","Fri Mar 4, 2022, 2:07PM","28"
"Jorginho","CHE","M","Claim","Leo Gerard U2s Team","Fri Mar 4, 2022, 9:47AM","28"
"Seamus Coleman","EVE","D","Drop","Leo Gerard U2s Team","Fri Mar 4, 2022, 9:47AM","28"
"John Stones","MCI","D","Claim","Alex's Redemption Arc","Fri Mar 4, 2022, 9:25AM","28"
"Manuel Lanzini","WHU","M","Drop","Alex's Redemption Arc","Fri Mar 4, 2022, 9:25AM","28"
"Romain Perraud","SOU","D","Claim","The McB’s","Fri Mar 4, 2022, 7:51AM","28"
"Ben Johnson","WHU","D","Drop","The McB’s","Fri Mar 4, 2022, 7:51AM","28"
"Seamus Coleman","EVE","D","Claim","Leo Gerard U2s Team","Thu Mar 3, 2022, 8:34AM","28"
"Roberto Firmino","LIV","F","Drop","Leo Gerard U2s Team","Thu Mar 3, 2022, 8:34AM","28"
"Patrick Bamford","LEE","F","Claim","Leo Gerard U2s Team","Thu Mar 3, 2022, 8:31AM","28"
"Abdoulaye Doucoure","EVE","M","Drop","Leo Gerard U2s Team","Thu Mar 3, 2022, 8:31AM","28"
"Moussa Sissoko","TOT/WAT","M","Claim","Leo Gerard U2s Team","Wed Mar 2, 2022, 10:01PM","28"
"Roberto Firmino","LIV","F","Claim","Leo Gerard U2s Team","Wed Mar 2, 2022, 10:00PM","28"
"Moussa Sissoko","TOT/WAT","M","Drop","Leo Gerard U2s Team","Wed Mar 2, 2022, 10:00PM","28"
"Mateo Kovacic","CHE","M","Claim","Hale End Starbøys","Wed Mar 2, 2022, 9:06PM","28"
"Thomas Partey","ARS","M","Claim","Alex's Redemption Arc","Wed Mar 2, 2022, 9:01PM","28"
"Jamaal Lascelles","NEW","D","Claim","Alex's Redemption Arc","Wed Mar 2, 2022, 9:00PM","28"
"Rodrigo","LEE","F","Claim","Berkley McG’s U1s","Wed Mar 2, 2022, 9:00PM","28"
"Patson Daka","LEI","F","Drop","Berkley McG’s U1s","Wed Mar 2, 2022, 9:00PM","28"
"Moussa Sissoko","TOT/WAT","M","Claim","Leo Gerard U2s Team","Wed Mar 2, 2022, 9:00PM","28"
"Juraj Kucka","WAT","M","Claim","Hale End Starbøys","Wed Mar 2, 2022, 9:00PM","28"
"Odsonne Edouard","CRY","F","Drop","Hale End Starbøys","Wed Mar 2, 2022, 9:00PM","28"
"Fabian Schar","NEW","D","Claim","Berkley McG’s U1s","Wed Mar 2, 2022, 9:00PM","28"
"Matt Doherty","TOT","D","Claim","Gylfi’s Goobers","Wed Mar 2, 2022, 9:00PM","28"
"Ryan Fraser","NEW","M","Claim","Leo Gerard U2s Team","Wed Mar 2, 2022, 9:00PM","28"
"Rúben Neves","WOL","M","Claim","Gabriel’s Sparkling Cider","Wed Mar 2, 2022, 9:00PM","28"
"Edouard Mendy","CHE","G","Claim","Hale End Starbøys","Wed Mar 2, 2022, 9:00PM","28"
"Lukasz Fabianski","WHU","G","Drop","Hale End Starbøys","Wed Mar 2, 2022, 9:00PM","28"
"Connor Roberts","SWA/BUR","D","Drop","Berkley McG’s U1s","Tue Mar 1, 2022, 7:46PM","28"
"Milot Rashica","NOR","M","Drop","Hale End Starbøys","Tue Mar 1, 2022, 6:53PM","28"
"John Stones","MCI","D","Drop","Leo Gerard U2s Team","Tue Mar 1, 2022, 6:42PM","28"
"Raphael Varane","MUN","D","Drop","Leo Gerard U2s Team","Tue Mar 1, 2022, 6:42PM","28"
"Tariq Lamptey","BHA","D","Drop","Leo Gerard U2s Team","Tue Mar 1, 2022, 6:40PM","28"
"Victor Lindelof","MUN","D","Drop","Gylfi’s Goobers","Tue Mar 1, 2022, 6:22PM","28"
"Jay Rodriguez","BUR","F","Drop","Gabriel’s Sparkling Cider","Tue Mar 1, 2022, 4:59PM","28"
"Erik Pieters","BUR","D","Drop","Alex's Redemption Arc","Tue Mar 1, 2022, 4:38PM","28"
"Fred","MUN","M","Drop","Alex's Redemption Arc","Sun Feb 27, 2022, 10:07PM","28"
"Craig Dawson","WHU","D","Claim","team_tim","Sat Feb 26, 2022, 2:44PM","27"
"Kyle Walker","MCI","D","Drop","team_tim","Sat Feb 26, 2022, 12:06PM","27"
"Abdoulaye Doucoure","EVE","M","Claim","Leo Gerard U2s Team","Sat Feb 26, 2022, 11:33AM","27"
"Andros Townsend","EVE","M","Drop","Leo Gerard U2s Team","Sat Feb 26, 2022, 11:33AM","27"
"John Stones","MCI","D","Claim","Leo Gerard U2s Team","Sat Feb 26, 2022, 11:31AM","27"
"Craig Dawson","WHU","D","Drop","Leo Gerard U2s Team","Sat Feb 26, 2022, 9:54AM","27"
"Victor Lindelof","MUN","D","Claim","Gylfi’s Goobers","Sat Feb 26, 2022, 9:25AM","27"
"Dele Alli","TOT/EVE","M","Drop","Gylfi’s Goobers","Sat Feb 26, 2022, 9:25AM","27"
"Martin Dubravka","NEW","G","Claim","Leo Gerard U2s Team","Sat Feb 26, 2022, 9:25AM","27"
"Wilfred Ndidi","LEI","M","Drop","Leo Gerard U2s Team","Sat Feb 26, 2022, 9:25AM","27"
"Fred","MUN","M","Claim","Alex's Redemption Arc","Sat Feb 26, 2022, 9:02AM","27"
"Raphael Varane","MUN","D","Claim","Leo Gerard U2s Team","Sat Feb 26, 2022, 9:01AM","27"
"Leon Bailey","AVL","F","Drop","Leo Gerard U2s Team","Sat Feb 26, 2022, 9:01AM","27"
"Charlie Taylor","BUR","D","Drop","Alex's Redemption Arc","Sat Feb 26, 2022, 9:01AM","27"
"Anthony Elanga","MUN","F","Claim","Leo Gerard U2s Team","Sat Feb 26, 2022, 9:00AM","27"
"Jamaal Lascelles","NEW","D","Drop","Leo Gerard U2s Team","Sat Feb 26, 2022, 9:00AM","27"
"Leon Bailey","AVL","F","Claim","Leo Gerard U2s Team","Sat Feb 26, 2022, 8:53AM","27"
"Rodrigo","LEE","F","Drop","Leo Gerard U2s Team","Sat Feb 26, 2022, 7:26AM","27"
"Rodrigo","LEE","F","Claim","Leo Gerard U2s Team","Fri Feb 25, 2022, 3:28PM","27"
"Anthony Elanga","MUN","F","Drop","Leo Gerard U2s Team","Fri Feb 25, 2022, 3:28PM","27"
"Erik Pieters","BUR","D","Claim","Alex's Redemption Arc","Fri Feb 25, 2022, 2:17PM","27"
"Romain Perraud","SOU","D","Drop","Alex's Redemption Arc","Fri Feb 25, 2022, 2:15PM","27"
"Anthony Elanga","MUN","F","Claim","Leo Gerard U2s Team","Thu Feb 24, 2022, 9:25PM","27"
"Andros Townsend","EVE","M","Claim","Leo Gerard U2s Team","Thu Feb 24, 2022, 9:21PM","27"
"Craig Dawson","WHU","D","Claim","Leo Gerard U2s Team","Thu Feb 24, 2022, 9:21PM","27"
"Jamaal Lascelles","NEW","D","Claim","Leo Gerard U2s Team","Thu Feb 24, 2022, 9:19PM","27"
"Jay Rodriguez","BUR","F","Claim","Gabriel’s Sparkling Cider","Thu Feb 24, 2022, 9:16PM","27"
"Moussa Sissoko","TOT/WAT","M","Drop","Leo Gerard U2s Team","Thu Feb 24, 2022, 9:14PM","27"
"Connor Roberts","SWA/BUR","D","Claim","Berkley McG’s U1s","Thu Feb 24, 2022, 9:09PM","27"
"Tyler Roberts","LEE","M","Drop","Berkley McG’s U1s","Thu Feb 24, 2022, 9:09PM","27"
"Dan Burn","BHA/NEW","D","Claim","Gabriel’s Sparkling Cider","Thu Feb 24, 2022, 9:08PM","27"
"Rodri","MCI","M","Claim","Gabriel’s Sparkling Cider","Thu Feb 24, 2022, 9:08PM","27"
"Milot Rashica","NOR","M","Claim","Hale End Starbøys","Thu Feb 24, 2022, 9:06PM","27"
"Robert Sanchez","BHA","G","Drop","Hale End Starbøys","Thu Feb 24, 2022, 9:05PM","27"
"Lukasz Fabianski","WHU","G","Claim","Hale End Starbøys","Thu Feb 24, 2022, 9:05PM","27"
"Douglas Luiz","AVL","M","Claim","Hale End Starbøys","Thu Feb 24, 2022, 9:05PM","27"
"Nathan Collins","BUR","D","Drop","Hale End Starbøys","Thu Feb 24, 2022, 9:04PM","27"
"Ben Johnson","WHU","D","Claim","The McB’s","Thu Feb 24, 2022, 9:01PM","27"
"Nelson Semedo","WOL","D","Drop","The McB’s","Thu Feb 24, 2022, 9:01PM","27"
"Romain Perraud","SOU","D","Claim","Alex's Redemption Arc","Thu Feb 24, 2022, 9:01PM","27"
"Oriol Romeu","SOU","M","Claim","Berkley McG’s U1s","Thu Feb 24, 2022, 9:00PM","27"
"David Raya","BRF","G","Claim","Gylfi’s Goobers","Thu Feb 24, 2022, 9:00PM","27"
"Edouard Mendy","CHE","G","Drop","Gylfi’s Goobers","Thu Feb 24, 2022, 9:00PM","27"
"Tyler Roberts","LEE","M","Claim","Berkley McG’s U1s","Thu Feb 24, 2022, 9:00PM","27"
"Jan Bednarek","SOU","D","Claim","Gylfi’s Goobers","Thu Feb 24, 2022, 9:00PM","27"
"Max Kilman","WOL","D","Claim","Alex's Redemption Arc","Thu Feb 24, 2022, 9:00PM","27"
"Kyle Walker-Peters","SOU","D","Claim","The McB’s","Thu Feb 24, 2022, 9:00PM","27"
"Vladimir Coufal","WHU","D","Drop","The McB’s","Thu Feb 24, 2022, 9:00PM","27"
"Stuart Armstrong","SOU","M","Claim","Berkley McG’s U1s","Thu Feb 24, 2022, 9:00PM","27"
"Che Adams","SOU","F","Claim","Gylfi’s Goobers","Thu Feb 24, 2022, 9:00PM","27"
"Rúben Neves","WOL","M","Drop","Gylfi’s Goobers","Thu Feb 24, 2022, 9:00PM","27"
"Mohamed Elyounoussi","SOU","M","Claim","Alex's Redemption Arc","Thu Feb 24, 2022, 9:00PM","27"
"Hwang Hee-Chan","WOL","F","Claim","team_tim","Thu Feb 24, 2022, 9:00PM","27"
"Mateo Kovacic","CHE","M","Drop","team_tim","Thu Feb 24, 2022, 9:00PM","27"
"Valentino Livramento","SOU","D","Claim","The McB’s","Thu Feb 24, 2022, 9:00PM","27"
"Matt Doherty","TOT","D","Drop","The McB’s","Thu Feb 24, 2022, 9:00PM","27"
"Scott McTominay","MUN","M","Drop","Alex's Redemption Arc","Thu Feb 24, 2022, 8:42PM","27"
"João Moutinho","WOL","M","Drop","Alex's Redemption Arc","Thu Feb 24, 2022, 8:37PM","27"
"Andros Townsend","EVE","M","Drop","Berkley McG’s U1s","Thu Feb 24, 2022, 8:33PM","27"
"Donny van de Beek","MUN/EVE","M","Drop","Berkley McG’s U1s","Thu Feb 24, 2022, 8:32PM","27"
"Samir","WAT","D","Drop","Gabriel’s Sparkling Cider","Thu Feb 24, 2022, 7:12PM","27"
"Rodrigo Bentancur","TOT","M","Drop","Gabriel’s Sparkling Cider","Thu Feb 24, 2022, 7:10PM","27"
"Max Kilman","WOL","D","Drop","Leo Gerard U2s Team","Thu Feb 24, 2022, 5:07PM","27"
"Konstantinos Tsimikas","LIV","D","Drop","Leo Gerard U2s Team","Thu Feb 24, 2022, 5:07PM","27"
"Fabinho","LIV","M","Drop","Hale End Starbøys","Thu Feb 24, 2022, 4:57PM","27"
"Jesse Lingard","MUN","M","Drop","Berkley McG’s U1s","Thu Feb 24, 2022, 12:53PM","27"
"Ben Davies","TOT","D","Drop","Alex's Redemption Arc","Wed Feb 23, 2022, 4:16PM","27"
"Jesse Lingard","MUN","M","Claim","Berkley McG’s U1s","Sun Feb 20, 2022, 8:11AM","26"
"Fred","MUN","M","Drop","Berkley McG’s U1s","Sun Feb 20, 2022, 8:11AM","26"
"Aaron Wan-Bissaka","MUN","D","Claim","Hale End Starbøys","Sun Feb 20, 2022, 8:03AM","26"
"Patrick Bamford","LEE","F","Drop","Hale End Starbøys","Sun Feb 20, 2022, 8:03AM","26"
"Roberto Firmino","LIV","F","Drop","Leo Gerard U2s Team","Sat Feb 19, 2022, 12:26PM","27"
"Ben Davies","TOT","D","Claim","Alex's Redemption Arc","Sat Feb 19, 2022, 11:37AM","26"
"Davinson Sanchez","TOT","D","Drop","Alex's Redemption Arc","Sat Feb 19, 2022, 11:37AM","26"
"Douglas Luiz","AVL","M","Drop","Gabriel’s Sparkling Cider","Sat Feb 19, 2022, 9:52AM","26"
"Nathan Collins","BUR","D","Claim","Hale End Starbøys","Sat Feb 19, 2022, 9:48AM","26"
"Vitaly Janelt","BRF","M","Drop","Hale End Starbøys","Sat Feb 19, 2022, 9:48AM","26"
"Robert Sanchez","BHA","G","Claim","Hale End Starbøys","Sat Feb 19, 2022, 9:47AM","26"
"Jordan Pickford","EVE","G","Drop","Hale End Starbøys","Sat Feb 19, 2022, 9:47AM","26"
"Josh Brownhill","BUR","M","Claim","Gabriel’s Sparkling Cider","Sat Feb 19, 2022, 9:40AM","26"
"Matthew Lowton","BUR","D","Drop","Gabriel’s Sparkling Cider","Sat Feb 19, 2022, 9:32AM","26"
"Moussa Sissoko","TOT/WAT","M","Claim","Leo Gerard U2s Team","Sat Feb 19, 2022, 9:11AM","26"
"Joao Pedro","WAT","F","Drop","Leo Gerard U2s Team","Sat Feb 19, 2022, 9:09AM","26"
"Naby Keita","LIV","M","Claim","Sean Dyche's Great Escape","Sat Feb 19, 2022, 9:00AM","26"
"Curtis Jones","LIV","M","Drop","Sean Dyche's Great Escape","Sat Feb 19, 2022, 9:00AM","26"
"Konstantinos Tsimikas","LIV","D","Claim","Leo Gerard U2s Team","Fri Feb 18, 2022, 10:00PM","26"
"João Moutinho","WOL","M","Claim","Alex's Redemption Arc","Fri Feb 18, 2022, 11:54AM","26"
"Raphael Varane","MUN","D","Drop","Alex's Redemption Arc","Fri Feb 18, 2022, 11:54AM","26"
"Rodrigo Bentancur","TOT","M","Claim","Gabriel’s Sparkling Cider","Wed Feb 16, 2022, 10:09PM","26"
"Robert Sanchez","BHA","G","Drop","Gabriel’s Sparkling Cider","Wed Feb 16, 2022, 10:08PM","26"
"Matthew Lowton","BUR","D","Claim","Gabriel’s Sparkling Cider","Wed Feb 16, 2022, 10:05PM","26"
"Charlie Taylor","BUR","D","Claim","Alex's Redemption Arc","Wed Feb 16, 2022, 9:04PM","26"
"Davinson Sanchez","TOT","D","Claim","Alex's Redemption Arc","Wed Feb 16, 2022, 9:03PM","26"
"Rúben Neves","WOL","M","Claim","Gylfi’s Goobers","Wed Feb 16, 2022, 9:02PM","26"
"Milot Rashica","NOR","M","Drop","Gylfi’s Goobers","Wed Feb 16, 2022, 9:02PM","26"
"Joao Pedro","WAT","F","Claim","Leo Gerard U2s Team","Wed Feb 16, 2022, 9:01PM","26"
"Cristian Romero","TOT","D","Claim","Berkley McG’s U1s","Wed Feb 16, 2022, 9:00PM","26"
"Edouard Mendy","CHE","G","Claim","Gylfi’s Goobers","Wed Feb 16, 2022, 9:00PM","26"
"Illan Meslier","LEE","G","Drop","Gylfi’s Goobers","Wed Feb 16, 2022, 9:00PM","26"
"Oleksandr Zinchenko","MCI","D","Drop","Berkley McG’s U1s","Wed Feb 16, 2022, 10:10AM","26"
"Dan Burn","BHA/NEW","D","Drop","Alex's Redemption Arc","Tue Feb 15, 2022, 7:53PM","26"
"Lewis Dunk","BHA","D","Drop","Leo Gerard U2s Team","Tue Feb 15, 2022, 4:27PM","26"
"Emerson Royal","TOT","D","Drop","Gabriel’s Sparkling Cider","Sun Feb 13, 2022, 8:35AM","25"
"Dan Burn","BHA/NEW","D","Claim","Alex's Redemption Arc","Sun Feb 13, 2022, 8:05AM","25"
"Jamaal Lascelles","NEW","D","Drop","Alex's Redemption Arc","Sun Feb 13, 2022, 8:05AM","25"
"Matt Doherty","TOT","D","Claim","The McB’s","Sun Feb 13, 2022, 8:03AM","25"
"Callum Hudson-Odoi","CHE","M,F","Drop","The McB’s","Sun Feb 13, 2022, 8:03AM","25"
"Ibrahima Konate","LIV","D","Drop","Leo Gerard U2s Team","Sun Feb 13, 2022, 7:51AM","25"
"Ibrahima Konate","LIV","D","Claim","Leo Gerard U2s Team","Sun Feb 13, 2022, 7:36AM","25"
"Joe Willock","NEW","M","Claim","Gabriel’s Sparkling Cider","Sat Feb 12, 2022, 11:36AM","25"
"Rodri","MCI","M","Drop","Gabriel’s Sparkling Cider","Sat Feb 12, 2022, 11:35AM","25"
"John Stones","MCI","D","Drop","Leo Gerard U2s Team","Sat Feb 12, 2022, 11:33AM","25"
"Oleksandr Zinchenko","MCI","D","Claim","Berkley McG’s U1s","Sat Feb 12, 2022, 11:30AM","25"
"Cristian Romero","TOT","D","Drop","Berkley McG’s U1s","Sat Feb 12, 2022, 11:30AM","25"
"Tyrick Mitchell","CRY","D","Claim","Roy Kent's U8 Girls","Sat Feb 12, 2022, 9:53AM","25"
"Christian Benteke","CRY","F","Drop","Roy Kent's U8 Girls","Sat Feb 12, 2022, 9:53AM","25"
"Daniel James","MUN/LEE","M","Claim","Roy Kent's U8 Girls","Sat Feb 12, 2022, 9:51AM","25"
"Abdoulaye Doucoure","EVE","M","Drop","Roy Kent's U8 Girls","Sat Feb 12, 2022, 9:51AM","25"
"Vitaly Janelt","BRF","M","Claim","Hale End Starbøys","Sat Feb 12, 2022, 9:41AM","25"
"Shane Duffy","BHA","D","Drop","Hale End Starbøys","Sat Feb 12, 2022, 9:41AM","25"
"Joao Pedro","WAT","F","Drop","Alex's Redemption Arc","Sat Feb 12, 2022, 9:34AM","25"
"Tariq Lamptey","BHA","D","Claim","Leo Gerard U2s Team","Sat Feb 12, 2022, 9:08AM","25"
"Yves Bissouma","BHA","M","Drop","Leo Gerard U2s Team","Sat Feb 12, 2022, 9:08AM","25"
"Kyle Walker","MCI","D","Claim","team_tim","Sat Feb 12, 2022, 7:13AM","25"
"Jan Bednarek","SOU","D","Drop","team_tim","Sat Feb 12, 2022, 7:12AM","25"
"Shane Duffy","BHA","D","Claim","Hale End Starbøys","Fri Feb 11, 2022, 9:01PM","25"
"Edouard Mendy","CHE","G","Drop","Hale End Starbøys","Fri Feb 11, 2022, 9:01PM","25"
"Joel Veltman","BHA","D","Claim","Sean Dyche's Great Escape","Fri Feb 11, 2022, 9:00PM","25"
"Cédric Soares","ARS","D","Drop","Sean Dyche's Great Escape","Fri Feb 11, 2022, 9:00PM","25"
"Ruben Dias","MCI","D","Claim","Sean Dyche's Great Escape","Fri Feb 11, 2022, 9:00PM","25"
"Jonjo Shelvey","NEW","M","Drop","Sean Dyche's Great Escape","Fri Feb 11, 2022, 9:00PM","25"
"Lewis Dunk","BHA","D","Claim","Leo Gerard U2s Team","Fri Feb 11, 2022, 9:00PM","25"
"Jamaal Lascelles","NEW","D","Claim","Alex's Redemption Arc","Fri Feb 11, 2022, 9:00PM","25"
"Davinson Sanchez","TOT","D","Drop","Alex's Redemption Arc","Fri Feb 11, 2022, 9:00PM","25"
"Daniel Podence","WOL","M","Claim","Sean Dyche's Great Escape","Fri Feb 11, 2022, 9:00PM","25"
"Ezri Konsa","AVL","D","Drop","Sean Dyche's Great Escape","Fri Feb 11, 2022, 9:00PM","25"
"Jeffrey Schlupp","CRY","M","Drop","Leo Gerard U2s Team","Thu Feb 10, 2022, 4:53PM","25"
"Cédric Soares","ARS","D","Claim","Sean Dyche's Great Escape","Thu Feb 10, 2022, 2:01PM","24"
"Robert Sanchez","BHA","G","Claim","Gabriel’s Sparkling Cider","Wed Feb 9, 2022, 5:04PM","24"
"João Moutinho","WOL","M","Drop","Gabriel’s Sparkling Cider","Wed Feb 9, 2022, 5:04PM","24"
"Jan Bednarek","SOU","D","Claim","team_tim","Wed Feb 9, 2022, 2:36PM","24"
"Jorginho","CHE","M","Drop","team_tim","Wed Feb 9, 2022, 2:33PM","24"
"Yves Bissouma","BHA","M","Claim","Leo Gerard U2s Team","Wed Feb 9, 2022, 1:54PM","24"
"Leon Bailey","AVL","F","Drop","Leo Gerard U2s Team","Wed Feb 9, 2022, 1:54PM","24"
"John Stones","MCI","D","Claim","Leo Gerard U2s Team","Wed Feb 9, 2022, 1:52PM","24"
"Kelechi Iheanacho","LEI","F","Drop","Leo Gerard U2s Team","Wed Feb 9, 2022, 1:52PM","24"
"Anthony Gordon","EVE","F","Claim","Alex's Redemption Arc","Tue Feb 8, 2022, 1:47PM","24"
"James Justin","LEI","D","Drop","Alex's Redemption Arc","Tue Feb 8, 2022, 1:47PM","24"
"Ezri Konsa","AVL","D","Claim","Sean Dyche's Great Escape","Tue Feb 8, 2022, 12:50PM","24"
"Dan Burn","BHA/NEW","D","Drop","Sean Dyche's Great Escape","Tue Feb 8, 2022, 12:50PM","24"
"Jonjo Shelvey","NEW","M","Claim","Sean Dyche's Great Escape","Tue Feb 8, 2022, 12:46PM","24"
"Jakub Moder","BHA","M","Drop","Sean Dyche's Great Escape","Tue Feb 8, 2022, 12:39PM","24"
"Aaron Lennon","BUR","M","Drop","Sean Dyche's Great Escape","Tue Feb 8, 2022, 12:38PM","24"
"Kelechi Iheanacho","LEI","F","Claim","Leo Gerard U2s Team","Tue Feb 8, 2022, 8:12AM","24"
"Luke Ayling","LEE","D","Drop","Leo Gerard U2s Team","Tue Feb 8, 2022, 8:11AM","24"
"Luke Ayling","LEE","D","Claim","Leo Gerard U2s Team","Mon Feb 7, 2022, 9:19PM","24"
"Harvey Elliott","LIV","M","Drop","Leo Gerard U2s Team","Mon Feb 7, 2022, 9:19PM","24"
"João Moutinho","WOL","M","Claim","Gabriel’s Sparkling Cider","Mon Feb 7, 2022, 9:10PM","24"
"Edouard Mendy","CHE","G","Claim","Hale End Starbøys","Mon Feb 7, 2022, 9:10PM","24"
"Jordan Pickford","EVE","G","Claim","Hale End Starbøys","Mon Feb 7, 2022, 9:10PM","24"
"Kasper Schmeichel","LEI","G","Drop","Hale End Starbøys","Mon Feb 7, 2022, 9:10PM","24"
"Bruno Guimaraes","NEW","M","Claim","Gylfi’s Goobers","Mon Feb 7, 2022, 9:06PM","24"
"Daniel Podence","WOL","M","Drop","Gylfi’s Goobers","Mon Feb 7, 2022, 9:06PM","24"
"Jacob Ramsey","AVL","M","Claim","Leo Gerard U2s Team","Mon Feb 7, 2022, 9:06PM","24"
"Charlie Taylor","BUR","D","Drop","Leo Gerard U2s Team","Mon Feb 7, 2022, 9:06PM","24"
"Wilfred Ndidi","LEI","M","Claim","Leo Gerard U2s Team","Mon Feb 7, 2022, 9:05PM","24"
"Hugo Lloris","TOT","G","Claim","Berkley McG’s U1s","Mon Feb 7, 2022, 9:05PM","24"
"Daniel Bachmann","WAT","G","Drop","Berkley McG’s U1s","Mon Feb 7, 2022, 9:05PM","24"
"Harvey Elliott","LIV","M","Claim","Leo Gerard U2s Team","Mon Feb 7, 2022, 9:05PM","24"
"Cristian Romero","TOT","D","Claim","Berkley McG’s U1s","Mon Feb 7, 2022, 9:05PM","24"
"Matt Doherty","TOT","D","Drop","Berkley McG’s U1s","Mon Feb 7, 2022, 9:05PM","24"
"Dejan Kulusevski","TOT","M","Claim","Leo Gerard U2s Team","Mon Feb 7, 2022, 9:05PM","24"
"Christian Eriksen","TOT/BRF","M","Claim","team_tim","Mon Feb 7, 2022, 9:05PM","24"
"Aaron Wan-Bissaka","MUN","D","Drop","team_tim","Mon Feb 7, 2022, 9:05PM","24"
"Donny van de Beek","MUN/EVE","M","Claim","Berkley McG’s U1s","Mon Feb 7, 2022, 9:05PM","24"
"Dele Alli","TOT/EVE","M","Claim","Gylfi’s Goobers","Mon Feb 7, 2022, 9:05PM","24"
"Ruben Dias","MCI","D","Drop","Gylfi’s Goobers","Mon Feb 7, 2022, 9:05PM","24"
"Ismaila Sarr","WAT","F","Claim","Leo Gerard U2s Team","Mon Feb 7, 2022, 9:05PM","24"
"Mohammed Salisu","SOU","D","Claim","Gabriel’s Sparkling Cider","Mon Feb 7, 2022, 9:05PM","24"
"Michael Olise","CRY","M","Claim","Alex's Redemption Arc","Mon Feb 7, 2022, 9:05PM","24"
"Luis Diaz","LIV","F","Claim","Hale End Starbøys","Mon Feb 7, 2022, 9:05PM","24"
"Vitaly Janelt","BRF","M","Drop","Hale End Starbøys","Mon Feb 7, 2022, 9:05PM","24"
"Wout Weghorst","BUR","F","Claim","team_tim","Mon Feb 7, 2022, 9:05PM","24"
"Bryan Gil","TOT","F","Drop","team_tim","Mon Feb 7, 2022, 9:05PM","24"
"Jesse Lingard","MUN","M","Drop","Leo Gerard U2s Team","Mon Feb 7, 2022, 8:17PM","24"
"Edo Kayembe","WAT","M","Drop","Berkley McG’s U1s","Sat Feb 5, 2022, 3:30PM","24"
"Anthony Elanga","MUN","F","Drop","Leo Gerard U2s Team","Mon Jan 31, 2022, 2:46PM","24"
"Mateusz Klich","LEE","M","Drop","Leo Gerard U2s Team","Mon Jan 31, 2022, 1:17PM","24"
"Mason Greenwood","MUN","F","Drop","Gylfi’s Goobers","Sun Jan 30, 2022, 10:41AM","24"
"Ben Davies","TOT","D","Drop","Leo Gerard U2s Team","Sun Jan 30, 2022, 8:53AM","24"
"Adama Traore","WOL","F","Drop","Gabriel’s Sparkling Cider","Sun Jan 30, 2022, 2:04AM","24"
"Malang Sarr","CHE","D","Drop","Gabriel’s Sparkling Cider","Fri Jan 28, 2022, 12:10PM","24"
"Moussa Sissoko","TOT/WAT","M","Drop","Hale End Starbøys","Thu Jan 27, 2022, 8:04PM","24"
"Pierre Lees-Melou","NOR","M","Drop","Alex's Redemption Arc","Sun Jan 23, 2022, 7:37PM","24"
"Ben Davies","TOT","D","Claim","Leo Gerard U2s Team","Sun Jan 23, 2022, 11:19AM","23"
"Harry Winks","TOT","M","Drop","Leo Gerard U2s Team","Sun Jan 23, 2022, 11:19AM","23"
"Malang Sarr","CHE","D","Claim","Gabriel’s Sparkling Cider","Sun Jan 23, 2022, 10:56AM","23"
"Japhet Tanganga","TOT","D","Drop","Gabriel’s Sparkling Cider","Sun Jan 23, 2022, 10:56AM","23"
"Japhet Tanganga","TOT","D","Claim","Gabriel’s Sparkling Cider","Sun Jan 23, 2022, 10:56AM","23"
"Harry Winks","TOT","M","Claim","Leo Gerard U2s Team","Sun Jan 23, 2022, 8:05AM","23"
"James Justin","LEI","D","Claim","Alex's Redemption Arc","Sun Jan 23, 2022, 8:05AM","23"
"Rob Holding","ARS","D","Drop","Alex's Redemption Arc","Sun Jan 23, 2022, 8:05AM","23"
"Steven Bergwijn","TOT","F","Drop","Leo Gerard U2s Team","Sun Jan 23, 2022, 8:05AM","23"
"Steven Bergwijn","TOT","F","Claim","Leo Gerard U2s Team","Sun Jan 23, 2022, 8:05AM","23"
"Jeffrey Schlupp","CRY","M","Claim","Leo Gerard U2s Team","Sun Jan 23, 2022, 8:03AM","23"
"Rob Holding","ARS","D","Claim","Alex's Redemption Arc","Sun Jan 23, 2022, 8:03AM","23"
"Luke Thomas","LEI","D","Drop","Alex's Redemption Arc","Sun Jan 23, 2022, 8:03AM","23"
"Aaron Lennon","BUR","M","Claim","Sean Dyche's Great Escape","Sun Jan 23, 2022, 8:03AM","23"
"Matthew Lowton","BUR","D","Drop","Sean Dyche's Great Escape","Sun Jan 23, 2022, 8:03AM","23"
"Ibrahima Konate","LIV","D","Drop","Leo Gerard U2s Team","Sun Jan 23, 2022, 8:02AM","23"
"João Moutinho","WOL","M","Drop","Leo Gerard U2s Team","Sat Jan 22, 2022, 9:22AM","23"
"Illan Meslier","LEE","G","Claim","Gylfi’s Goobers","Sat Jan 22, 2022, 9:15AM","23"
"Lukasz Fabianski","WHU","G","Drop","Gylfi’s Goobers","Sat Jan 22, 2022, 9:15AM","23"
"Anthony Elanga","MUN","F","Claim","Leo Gerard U2s Team","Sat Jan 22, 2022, 9:02AM","23"
"Michael Olise","CRY","M","Drop","Leo Gerard U2s Team","Sat Jan 22, 2022, 9:02AM","23"
"João Moutinho","WOL","M","Claim","Leo Gerard U2s Team","Sat Jan 22, 2022, 9:01AM","23"
"Trincão","WOL","F","Drop","Leo Gerard U2s Team","Sat Jan 22, 2022, 9:01AM","23"
"Scott McTominay","MUN","M","Claim","Alex's Redemption Arc","Sat Jan 22, 2022, 7:56AM","23"
"Tyrone Mings","AVL","D","Claim","Roy Kent's U8 Girls","Sat Jan 22, 2022, 7:20AM","23"
"Eric Dier","TOT","D","Drop","Roy Kent's U8 Girls","Sat Jan 22, 2022, 7:20AM","23"
"Ibrahima Konate","LIV","D","Claim","Leo Gerard U2s Team","Sat Jan 22, 2022, 7:03AM","23"
"Jacob Ramsey","AVL","M","Drop","Leo Gerard U2s Team","Sat Jan 22, 2022, 7:03AM","23"
"Anthony Gordon","EVE","F","Drop","Alex's Redemption Arc","Sat Jan 22, 2022, 6:56AM","23"
"Anwar El Ghazi","AVL/EVE","M","Drop","Gabriel’s Sparkling Cider","Sat Jan 22, 2022, 6:49AM","23"
"Curtis Jones","LIV","M","Claim","Sean Dyche's Great Escape","Fri Jan 21, 2022, 10:23PM","23"
"Pierre Lees-Melou","NOR","M","Claim","Alex's Redemption Arc","Fri Jan 21, 2022, 2:28PM","23"
"Juraj Kucka","WAT","M","Drop","Alex's Redemption Arc","Fri Jan 21, 2022, 2:28PM","23"
"Daniel Bachmann","WAT","G","Claim","Berkley McG’s U1s","Fri Jan 21, 2022, 2:03PM","23"
"Ben Foster","WAT","G","Drop","Berkley McG’s U1s","Fri Jan 21, 2022, 2:03PM","23"
"Edo Kayembe","WAT","M","Claim","Berkley McG’s U1s","Fri Jan 21, 2022, 2:01PM","23"
"Francisco Sierralta","WAT","D","Drop","Berkley McG’s U1s","Fri Jan 21, 2022, 2:01PM","23"
"Moussa Sissoko","TOT/WAT","M","Claim","Hale End Starbøys","Fri Jan 21, 2022, 12:44PM","23"
"Mohammed Salisu","SOU","D","Drop","Hale End Starbøys","Fri Jan 21, 2022, 12:44PM","23"
"Juraj Kucka","WAT","M","Claim","Alex's Redemption Arc","Fri Jan 21, 2022, 9:51AM","23"
"N'Golo Kante","CHE","M","Drop","Alex's Redemption Arc","Fri Jan 21, 2022, 9:51AM","23"
"Nick Pope","BUR","G","Claim","Leo Gerard U2s Team","Fri Jan 21, 2022, 7:57AM","23"
"Hugo Lloris","TOT","G","Drop","Leo Gerard U2s Team","Fri Jan 21, 2022, 7:57AM","23"
"Joao Pedro","WAT","F","Claim","Alex's Redemption Arc","Thu Jan 20, 2022, 10:58PM","23"
"Cristian Romero","TOT","D","Drop","Alex's Redemption Arc","Thu Jan 20, 2022, 10:58PM","23"
"Jesse Lingard","MUN","M","Claim","Leo Gerard U2s Team","Thu Jan 20, 2022, 10:24PM","23"
"Robert Sanchez","BHA","G","Drop","Leo Gerard U2s Team","Thu Jan 20, 2022, 10:24PM","23"
"Mateusz Klich","LEE","M","Claim","Leo Gerard U2s Team","Thu Jan 20, 2022, 10:00PM","23"
"Scott McTominay","MUN","M","Drop","Leo Gerard U2s Team","Thu Jan 20, 2022, 10:00PM","23"
"Hugo Lloris","TOT","G","Claim","Leo Gerard U2s Team","Thu Jan 20, 2022, 9:48PM","23"
"Edouard Mendy","CHE","G","Drop","Leo Gerard U2s Team","Thu Jan 20, 2022, 9:46PM","23"
"Edouard Mendy","CHE","G","Claim","Leo Gerard U2s Team","Thu Jan 20, 2022, 9:34PM","23"
"Tariq Lamptey","BHA","D","Drop","Leo Gerard U2s Team","Thu Jan 20, 2022, 9:34PM","23"
"Luke Thomas","LEI","D","Claim","Alex's Redemption Arc","Thu Jan 20, 2022, 9:06PM","23"
"Douglas Luiz","AVL","M","Claim","Gabriel’s Sparkling Cider","Thu Jan 20, 2022, 9:01PM","23"
"Samir","WAT","D","Claim","Gabriel’s Sparkling Cider","Thu Jan 20, 2022, 9:01PM","23"
"Tariq Lamptey","BHA","D","Claim","Leo Gerard U2s Team","Thu Jan 20, 2022, 9:00PM","23"
"Scott McTominay","MUN","M","Claim","Leo Gerard U2s Team","Thu Jan 20, 2022, 9:00PM","23"
"Jacob Ramsey","AVL","M","Claim","Leo Gerard U2s Team","Thu Jan 20, 2022, 9:00PM","23"
"Matt Doherty","TOT","D","Claim","Berkley McG’s U1s","Thu Jan 20, 2022, 9:00PM","23"
"Ruben Dias","MCI","D","Claim","Gylfi’s Goobers","Thu Jan 20, 2022, 9:00PM","23"
"Valentino Livramento","SOU","D","Drop","Gylfi’s Goobers","Thu Jan 20, 2022, 9:00PM","23"
"Victor Lindelof","MUN","D","Drop","Berkley McG’s U1s","Thu Jan 20, 2022, 2:04PM","23"
"Moussa Sissoko","TOT/WAT","M","Drop","Alex's Redemption Arc","Wed Jan 19, 2022, 4:56PM","23"
"Kepa","CHE","G","Drop","Gabriel’s Sparkling Cider","Wed Jan 19, 2022, 4:55PM","23"
"Pontus Jansson","BRF","D","Drop","Gabriel’s Sparkling Cider","Wed Jan 19, 2022, 4:55PM","23"
"Nikola Vlasic","EVE/WHU","M","Drop","Leo Gerard U2s Team","Wed Jan 19, 2022, 4:54PM","23"
"Juraj Kucka","WAT","M","Drop","Leo Gerard U2s Team","Wed Jan 19, 2022, 4:54PM","23"
"Vitalii Mykolenko","EVE","D","Drop","Leo Gerard U2s Team","Wed Jan 19, 2022, 4:54PM","23"
"Kasper Schmeichel","LEI","G","Claim","Hale End Starbøys","Mon Jan 17, 2022, 7:28PM","22"
"Nick Pope","BUR","G","Drop","Hale End Starbøys","Mon Jan 17, 2022, 7:28PM","22"
"Nikola Vlasic","EVE/WHU","M","Claim","Leo Gerard U2s Team","Sun Jan 16, 2022, 8:52AM","22"
"Luke Ayling","LEE","D","Drop","Leo Gerard U2s Team","Sun Jan 16, 2022, 8:52AM","22"
"Luke Ayling","LEE","D","Claim","Leo Gerard U2s Team","Sun Jan 16, 2022, 8:50AM","22"
"Ibrahima Konate","LIV","D","Drop","Leo Gerard U2s Team","Sun Jan 16, 2022, 8:27AM","22"
"Cristian Romero","TOT","D","Claim","Alex's Redemption Arc","Sun Jan 16, 2022, 8:25AM","22"
"Ibrahima Konate","LIV","D","Claim","Leo Gerard U2s Team","Sun Jan 16, 2022, 7:27AM","22"
"Cristian Romero","TOT","D","Drop","Leo Gerard U2s Team","Sun Jan 16, 2022, 7:27AM","22"
"Vitaly Janelt","BRF","M","Claim","Hale End Starbøys","Sat Jan 15, 2022, 11:12AM","22"
"Konstantinos Tsimikas","LIV","D","Drop","Hale End Starbøys","Sat Jan 15, 2022, 11:12AM","22"
"Ben Foster","WAT","G","Claim","Berkley McG’s U1s","Sat Jan 15, 2022, 9:18AM","22"
"Hugo Lloris","TOT","G","Drop","Berkley McG’s U1s","Sat Jan 15, 2022, 9:18AM","22"
"Hassane Kamara","WAT","D","Claim","Berkley McG’s U1s","Sat Jan 15, 2022, 9:13AM","22"
"Milot Rashica","NOR","M","Claim","Gylfi’s Goobers","Sat Jan 15, 2022, 9:06AM","22"
"Divock Origi","LIV","F","Drop","Gylfi’s Goobers","Sat Jan 15, 2022, 9:06AM","22"
"Trincão","WOL","F","Claim","Leo Gerard U2s Team","Sat Jan 15, 2022, 9:02AM","22"
"Marçal","WOL","D","Drop","Alex's Redemption Arc","Sat Jan 15, 2022, 9:02AM","22"
"Che Adams","SOU","F","Drop","Leo Gerard U2s Team","Sat Jan 15, 2022, 9:01AM","22"
"Oleksandr Zinchenko","MCI","D","Drop","Berkley McG’s U1s","Sat Jan 15, 2022, 6:35AM","22"
"Kepa","CHE","G","Claim","Gabriel’s Sparkling Cider","Sat Jan 15, 2022, 3:03AM","22"
"Cristian Romero","TOT","D","Claim","Leo Gerard U2s Team","Fri Jan 14, 2022, 3:54PM","22"
"Jakub Moder","BHA","M","Claim","Sean Dyche's Great Escape","Fri Jan 14, 2022, 2:03PM","22"
"Adam Lallana","BHA","M","Drop","Sean Dyche's Great Escape","Fri Jan 14, 2022, 2:03PM","22"
"Adam Lallana","BHA","M","Claim","Sean Dyche's Great Escape","Fri Jan 14, 2022, 2:01PM","22"
"Solly March","BHA","M","Drop","Sean Dyche's Great Escape","Fri Jan 14, 2022, 2:01PM","22"
"Tariq Lamptey","BHA","D","Drop","Leo Gerard U2s Team","Fri Jan 14, 2022, 2:00PM","22"
"Romain Saiss","WOL","D","Claim","Leo Gerard U2s Team","Fri Jan 14, 2022, 1:42PM","22"
"Cristian Romero","TOT","D","Drop","Leo Gerard U2s Team","Fri Jan 14, 2022, 1:42PM","22"
"Vitalii Mykolenko","EVE","D","Claim","Leo Gerard U2s Team","Fri Jan 14, 2022, 12:45PM","22"
"Douglas Luiz","AVL","M","Drop","Leo Gerard U2s Team","Fri Jan 14, 2022, 12:45PM","22"
"Pontus Jansson","BRF","D","Claim","Gabriel’s Sparkling Cider","Fri Jan 14, 2022, 9:59AM","22"
"Luke Thomas","LEI","D","Drop","Gabriel’s Sparkling Cider","Fri Jan 14, 2022, 9:57AM","22"
"Kasper Schmeichel","LEI","G","Drop","Gabriel’s Sparkling Cider","Fri Jan 14, 2022, 9:57AM","22"
"Solly March","BHA","M","Claim","Sean Dyche's Great Escape","Fri Jan 14, 2022, 9:06AM","22"
"Trevoh Chalobah","CHE","D,M","Drop","Sean Dyche's Great Escape","Fri Jan 14, 2022, 9:06AM","22"
"Nelson Semedo","WOL","D","Claim","The McB’s","Thu Jan 13, 2022, 10:51PM","22"
"Nick Pope","BUR","G","Claim","Hale End Starbøys","Thu Jan 13, 2022, 10:12PM","22"
"Edouard Mendy","CHE","G","Drop","Hale End Starbøys","Thu Jan 13, 2022, 10:12PM","22"
"Mohammed Salisu","SOU","D","Claim","Hale End Starbøys","Thu Jan 13, 2022, 10:12PM","22"
"Allan","EVE","M","Drop","Hale End Starbøys","Thu Jan 13, 2022, 10:12PM","22"
"Dan Burn","BHA/NEW","D","Claim","Sean Dyche's Great Escape","Thu Jan 13, 2022, 9:18PM","22"
"Wilfred Ndidi","LEI","M","Drop","Sean Dyche's Great Escape","Thu Jan 13, 2022, 9:18PM","22"
"Kasper Schmeichel","LEI","G","Claim","Gabriel’s Sparkling Cider","Thu Jan 13, 2022, 9:17PM","22"
"Yves Bissouma","BHA","M","Drop","Gabriel’s Sparkling Cider","Thu Jan 13, 2022, 9:17PM","22"
"Bryan Gil","TOT","F","Claim","team_tim","Thu Jan 13, 2022, 9:07PM","22"
"Moussa Sissoko","TOT/WAT","M","Claim","Alex's Redemption Arc","Thu Jan 13, 2022, 9:06PM","22"
"Edinson Cavani","MUN","F","Drop","Alex's Redemption Arc","Thu Jan 13, 2022, 9:06PM","22"
"Luke Thomas","LEI","D","Claim","Gabriel’s Sparkling Cider","Thu Jan 13, 2022, 9:06PM","22"
"Craig Dawson","WHU","D","Drop","Gabriel’s Sparkling Cider","Thu Jan 13, 2022, 9:06PM","22"
"Emiliano Martinez","AVL","G","Claim","team_tim","Thu Jan 13, 2022, 9:02PM","22"
"Jordan Pickford","EVE","G","Drop","team_tim","Thu Jan 13, 2022, 9:02PM","22"
"Hwang Hee-Chan","WOL","F","Drop","team_tim","Thu Jan 13, 2022, 9:02PM","22"
"Yves Bissouma","BHA","M","Claim","Gabriel’s Sparkling Cider","Thu Jan 13, 2022, 9:01PM","22"
"Mathias Jensen","BRF","M","Drop","Gabriel’s Sparkling Cider","Thu Jan 13, 2022, 9:01PM","22"
"N'Golo Kante","CHE","M","Claim","Alex's Redemption Arc","Thu Jan 13, 2022, 9:01PM","22"
"Cristian Romero","TOT","D","Claim","Leo Gerard U2s Team","Thu Jan 13, 2022, 9:01PM","22"
"Nathaniel Phillips","LIV","D","Drop","Leo Gerard U2s Team","Thu Jan 13, 2022, 9:01PM","22"
"Marçal","WOL","D","Claim","Alex's Redemption Arc","Thu Jan 13, 2022, 9:01PM","22"
"Tariq Lamptey","BHA","D","Claim","Leo Gerard U2s Team","Thu Jan 13, 2022, 9:01PM","22"
"Victor Lindelof","MUN","D","Claim","Berkley McG’s U1s","Thu Jan 13, 2022, 9:00PM","22"
"Ben Davies","TOT","D","Drop","Berkley McG’s U1s","Thu Jan 13, 2022, 9:00PM","22"
"Michael Olise","CRY","M","Claim","Leo Gerard U2s Team","Thu Jan 13, 2022, 9:00PM","22"
"Kiernan Dewsbury-Hall","LEI","M","Claim","Berkley McG’s U1s","Thu Jan 13, 2022, 9:00PM","22"
"Sergi Canos","BRF","F","Drop","Berkley McG’s U1s","Thu Jan 13, 2022, 9:00PM","22"
"Matthew Lowton","BUR","D","Claim","Sean Dyche's Great Escape","Thu Jan 13, 2022, 9:00PM","22"
"Mads Roerslev","BRF","D","Drop","Sean Dyche's Great Escape","Thu Jan 13, 2022, 9:00PM","22"
"Anwar El Ghazi","AVL/EVE","M","Claim","Gabriel’s Sparkling Cider","Thu Jan 13, 2022, 9:00PM","22"
"Juraj Kucka","WAT","M","Claim","Leo Gerard U2s Team","Thu Jan 13, 2022, 9:00PM","22"
"Chris Wood","BUR/NEW","F","Claim","Gylfi’s Goobers","Thu Jan 13, 2022, 9:00PM","22"
"Joel Veltman","BHA","D","Drop","Gylfi’s Goobers","Thu Jan 13, 2022, 9:00PM","22"
"Diogo Dalot","MUN","D","Claim","Berkley McG’s U1s","Thu Jan 13, 2022, 9:00PM","22"
"Ruben Dias","MCI","D","Drop","Berkley McG’s U1s","Thu Jan 13, 2022, 9:00PM","22"
"Anthony Gordon","EVE","F","Claim","Alex's Redemption Arc","Thu Jan 13, 2022, 9:00PM","22"
"Kieran Trippier","TOT/NEW","D","Claim","The McB’s","Thu Jan 13, 2022, 9:00PM","22"
"Jan Bednarek","SOU","D","Drop","The McB’s","Thu Jan 13, 2022, 9:00PM","22"
"Pablo Fornals","WHU","M","Claim","Sean Dyche's Great Escape","Thu Jan 13, 2022, 9:00PM","22"
"Billy Gilmour","NOR","M","Drop","Sean Dyche's Great Escape","Thu Jan 13, 2022, 9:00PM","22"
"Lucas Digne","EVE/AVL","D","Claim","Gabriel’s Sparkling Cider","Thu Jan 13, 2022, 9:00PM","22"
"Philippe Coutinho","LIV/AVL","M","Claim","Leo Gerard U2s Team","Thu Jan 13, 2022, 9:00PM","22"
"Scott McTominay","MUN","M","Drop","Alex's Redemption Arc","Thu Jan 13, 2022, 8:36PM","22"
"Jordan Ayew","CRY","F","Drop","Sean Dyche's Great Escape","Thu Jan 13, 2022, 8:23PM","22"
"Ben Johnson","WHU","D","Drop","Gabriel’s Sparkling Cider","Wed Jan 12, 2022, 4:45PM","22"
"Danny Welbeck","BHA","F","Drop","Leo Gerard U2s Team","Wed Jan 12, 2022, 1:30PM","22"
"Issa Diop","WHU","D","Drop","Leo Gerard U2s Team","Wed Jan 12, 2022, 1:27PM","22"
"Pontus Jansson","BRF","D","Drop","Alex's Redemption Arc","Tue Jan 11, 2022, 5:25PM","22"
"Bryan Mbeumo","BRF","F","Drop","Alex's Redemption Arc","Tue Jan 11, 2022, 5:25PM","22"
"Seamus Coleman","EVE","D","Drop","Leo Gerard U2s Team","Sun Jan 9, 2022, 2:24PM","22"
"Che Adams","SOU","F","Claim","Leo Gerard U2s Team","Sun Jan 9, 2022, 12:58PM","21"
"Ayoze Perez","LEI","M","Drop","Leo Gerard U2s Team","Sun Jan 9, 2022, 12:56PM","21"
"Ayoze Perez","LEI","M","Claim","Leo Gerard U2s Team","Sat Jan 8, 2022, 9:47AM","21"
"Kiernan Dewsbury-Hall","LEI","M","Drop","Leo Gerard U2s Team","Sat Jan 8, 2022, 9:47AM","21"
"Patson Daka","LEI","F","Claim","Berkley McG’s U1s","Fri Jan 7, 2022, 8:58AM","21"
"Bertrand Traore","AVL","M,F","Drop","Gabriel’s Sparkling Cider","Mon Jan 3, 2022, 3:33PM","22"
"Daniel Podence","WOL","M","Claim","Gylfi’s Goobers","Mon Jan 3, 2022, 12:00PM","21"
"Diogo Dalot","MUN","D","Drop","Gylfi’s Goobers","Mon Jan 3, 2022, 12:00PM","21"
"Edinson Cavani","MUN","F","Claim","Alex's Redemption Arc","Mon Jan 3, 2022, 11:33AM","21"
"Mohammed Salisu","SOU","D","Drop","Alex's Redemption Arc","Mon Jan 3, 2022, 11:33AM","21"
"Kiernan Dewsbury-Hall","LEI","M","Claim","Leo Gerard U2s Team","Mon Jan 3, 2022, 9:09AM","21"
"Romain Saiss","WOL","D","Drop","Leo Gerard U2s Team","Mon Jan 3, 2022, 9:00AM","21"
"Will Hughes","WAT/CRY","M","Drop","Gylfi’s Goobers","Sun Jan 2, 2022, 9:54PM","22"
"Joel Veltman","BHA","D","Claim","Gylfi’s Goobers","Sun Jan 2, 2022, 8:45AM","21"
"Tariq Lamptey","BHA","D","Drop","Gylfi’s Goobers","Sun Jan 2, 2022, 8:45AM","21"
"Mathias Jensen","BRF","M","Claim","Gabriel’s Sparkling Cider","Sun Jan 2, 2022, 8:26AM","21"
"Vitaly Janelt","BRF","M","Drop","Gabriel’s Sparkling Cider","Sun Jan 2, 2022, 8:23AM","21"
"Bertrand Traore","AVL","M,F","Claim","Gabriel’s Sparkling Cider","Sun Jan 2, 2022, 8:23AM","21"
"Mads Roerslev","BRF","D","Claim","Sean Dyche's Great Escape","Sun Jan 2, 2022, 8:09AM","21"
"Tyrone Mings","AVL","D","Drop","Sean Dyche's Great Escape","Sun Jan 2, 2022, 8:09AM","21"
"Ben Godfrey","EVE","D","Drop","Berkley McG’s U1s","Sun Jan 2, 2022, 8:06AM","21"
"Ben Godfrey","EVE","D","Claim","Berkley McG’s U1s","Sun Jan 2, 2022, 8:04AM","21"
"Allan","EVE","M","Claim","Hale End Starbøys","Sat Jan 1, 2022, 11:46AM","21"
"Yves Bissouma","BHA","M","Drop","Hale End Starbøys","Sat Jan 1, 2022, 11:46AM","21"
"Armando Broja","SOU","F","Claim","Gabriel’s Sparkling Cider","Sat Jan 1, 2022, 11:35AM","21"
"Yves Bissouma","BHA","M","Claim","Hale End Starbøys","Sat Jan 1, 2022, 11:33AM","21"
"Pablo Fornals","WHU","M","Drop","Hale End Starbøys","Sat Jan 1, 2022, 11:32AM","21"
"Nikola Vlasic","EVE/WHU","M","Drop","Gabriel’s Sparkling Cider","Sat Jan 1, 2022, 11:31AM","21"
"Ben Johnson","WHU","D","Claim","Gabriel’s Sparkling Cider","Sat Jan 1, 2022, 11:31AM","21"
"Arthur Masuaku","WHU","D","Drop","Gabriel’s Sparkling Cider","Sat Jan 1, 2022, 11:31AM","21"
"Issa Diop","WHU","D","Claim","Leo Gerard U2s Team","Sat Jan 1, 2022, 10:08AM","21"
"Yves Bissouma","BHA","M","Drop","Leo Gerard U2s Team","Sat Jan 1, 2022, 10:08AM","21"
"Seamus Coleman","EVE","D","Claim","Leo Gerard U2s Team","Sat Jan 1, 2022, 10:06AM","21"
"Ben Godfrey","EVE","D","Drop","Leo Gerard U2s Team","Sat Jan 1, 2022, 10:06AM","21"
"Dele Alli","TOT/EVE","M","Drop","Berkley McG’s U1s","Sat Jan 1, 2022, 9:31AM","21"
"Andreas Christensen","CHE","D","Drop","Gabriel’s Sparkling Cider","Sat Jan 1, 2022, 9:30AM","21"
"Neal Maupay","BHA","F","Claim","Sean Dyche's Great Escape","Sat Jan 1, 2022, 9:04AM","21"
"Adam Armstrong","SOU","F","Drop","Sean Dyche's Great Escape","Sat Jan 1, 2022, 9:04AM","21"
"Kai Havertz","CHE","M","Claim","Sean Dyche's Great Escape","Sat Jan 1, 2022, 9:01AM","21"
"Stuart Armstrong","SOU","M","Drop","Sean Dyche's Great Escape","Sat Jan 1, 2022, 9:01AM","21"
"Hakim Ziyech","CHE","M","Claim","Sean Dyche's Great Escape","Sat Jan 1, 2022, 9:00AM","21"
"James McArthur","CRY","M","Drop","Sean Dyche's Great Escape","Sat Jan 1, 2022, 8:59AM","21"
"Wilfred Ndidi","LEI","M","Claim","Sean Dyche's Great Escape","Sat Jan 1, 2022, 8:56AM","21"
"Kyle Walker-Peters","SOU","D","Drop","Sean Dyche's Great Escape","Sat Jan 1, 2022, 8:56AM","21"
"Alexis Mac Allister","BHA","M","Claim","Leo Gerard U2s Team","Sat Jan 1, 2022, 7:58AM","21"
"Kiernan Dewsbury-Hall","LEI","M","Drop","Leo Gerard U2s Team","Sat Jan 1, 2022, 7:58AM","21"
"Douglas Luiz","AVL","M","Claim","Leo Gerard U2s Team","Fri Dec 31, 2021, 10:07PM","21"
"Nathaniel Phillips","LIV","D","Claim","Leo Gerard U2s Team","Fri Dec 31, 2021, 10:06PM","21"
"Douglas Luiz","AVL","M","Drop","Leo Gerard U2s Team","Fri Dec 31, 2021, 10:06PM","21"
"Danny Welbeck","BHA","F","Claim","Leo Gerard U2s Team","Fri Dec 31, 2021, 9:46PM","21"
"Jeffrey Schlupp","CRY","M","Drop","Leo Gerard U2s Team","Fri Dec 31, 2021, 9:46PM","21"
"Rodri","MCI","M","Claim","Gabriel’s Sparkling Cider","Fri Dec 31, 2021, 9:32PM","21"
"Moussa Sissoko","TOT/WAT","M","Drop","Gabriel’s Sparkling Cider","Fri Dec 31, 2021, 9:32PM","21"
"Nikola Vlasic","EVE/WHU","M","Claim","Gabriel’s Sparkling Cider","Fri Dec 31, 2021, 9:31PM","21"
"Raphael Varane","MUN","D","Claim","Alex's Redemption Arc","Fri Dec 31, 2021, 9:26PM","21"
"Nikola Vlasic","EVE/WHU","M","Drop","Alex's Redemption Arc","Fri Dec 31, 2021, 9:26PM","21"
"Nikola Vlasic","EVE/WHU","M","Claim","Alex's Redemption Arc","Fri Dec 31, 2021, 9:24PM","21"
"Bryan Mbeumo","BRF","F","Claim","Alex's Redemption Arc","Fri Dec 31, 2021, 9:24PM","21"
"Vitaly Janelt","BRF","M","Claim","Gabriel’s Sparkling Cider","Fri Dec 31, 2021, 9:11PM","21"
"Arthur Masuaku","WHU","D","Claim","Gabriel’s Sparkling Cider","Fri Dec 31, 2021, 9:10PM","21"
"Max Kilman","WOL","D","Claim","team_tim","Fri Dec 31, 2021, 9:03PM","21"
"Tanguy Ndombele","TOT","M","Drop","team_tim","Fri Dec 31, 2021, 9:03PM","21"
"Yves Bissouma","BHA","M","Claim","Leo Gerard U2s Team","Fri Dec 31, 2021, 9:02PM","21"
"Douglas Luiz","AVL","M","Claim","Leo Gerard U2s Team","Fri Dec 31, 2021, 9:01PM","21"
"Vicente Guaita","CRY","G","Drop","Leo Gerard U2s Team","Fri Dec 31, 2021, 9:01PM","21"
"Ben White","ARS","D","Claim","team_tim","Fri Dec 31, 2021, 9:01PM","21"
"Jordan Pickford","EVE","G","Claim","Leo Gerard U2s Team","Fri Dec 31, 2021, 9:01PM","21"
"Kiernan Dewsbury-Hall","LEI","M","Claim","Leo Gerard U2s Team","Fri Dec 31, 2021, 9:01PM","21"
"Ben Godfrey","EVE","D","Claim","Leo Gerard U2s Team","Fri Dec 31, 2021, 9:01PM","21"
"Dan Burn","BHA/NEW","D","Drop","team_tim","Fri Dec 31, 2021, 9:00PM","21"
"Robert Sanchez","BHA","G","Claim","team_tim","Fri Dec 31, 2021, 9:00PM","21"
"Jack Butland","CRY","G","Drop","team_tim","Fri Dec 31, 2021, 9:00PM","21"
"Lukasz Fabianski","WHU","G","Claim","Gylfi’s Goobers","Fri Dec 31, 2021, 9:00PM","21"
"Emiliano Martinez","AVL","G","Drop","Gylfi’s Goobers","Fri Dec 31, 2021, 9:00PM","21"
"Ruben Dias","MCI","D","Claim","Berkley McG’s U1s","Fri Dec 31, 2021, 9:00PM","21"
"Divock Origi","LIV","F","Claim","Gylfi’s Goobers","Fri Dec 31, 2021, 9:00PM","21"
"Kelechi Iheanacho","LEI","F","Drop","Gylfi’s Goobers","Fri Dec 31, 2021, 9:00PM","21"
"Sergi Canos","BRF","F","Claim","Berkley McG’s U1s","Fri Dec 31, 2021, 9:00PM","21"
"Pontus Jansson","BRF","D","Claim","Alex's Redemption Arc","Fri Dec 31, 2021, 9:00PM","21"
"Will Hughes","WAT/CRY","M","Claim","Gylfi’s Goobers","Fri Dec 31, 2021, 9:00PM","21"
"Solly March","BHA","M","Drop","Gylfi’s Goobers","Fri Dec 31, 2021, 9:00PM","21"
"Francisco Sierralta","WAT","D","Claim","Berkley McG’s U1s","Fri Dec 31, 2021, 9:00PM","21"
"Pablo Fornals","WHU","M","Claim","Hale End Starbøys","Fri Dec 31, 2021, 9:00PM","21"
"Joelinton","NEW","F","Claim","Roy Kent's U8 Girls","Fri Dec 31, 2021, 9:00PM","21"
"Lucas Digne","EVE/AVL","D","Drop","Roy Kent's U8 Girls","Fri Dec 31, 2021, 9:00PM","21"
"Nick Pope","BUR","G","Drop","Gabriel’s Sparkling Cider","Fri Dec 31, 2021, 8:05PM","21"
"Edinson Cavani","MUN","F","Drop","Alex's Redemption Arc","Fri Dec 31, 2021, 11:20AM","21"
"Eric Bailly","MUN","D","Drop","Alex's Redemption Arc","Fri Dec 31, 2021, 10:53AM","21"
"Alex Oxlade-Chamberlain","LIV","M","Drop","Alex's Redemption Arc","Fri Dec 31, 2021, 10:53AM","21"
"Japhet Tanganga","TOT","D","Drop","Berkley McG’s U1s","Fri Dec 31, 2021, 9:37AM","21"
"Marc Albrighton","LEI","M","Drop","Berkley McG’s U1s","Fri Dec 31, 2021, 9:37AM","21"
"Nathan Ake","MCI","D","Drop","The McB’s","Fri Dec 31, 2021, 8:52AM","21"
"Wilfred Ndidi","LEI","M","Drop","Leo Gerard U2s Team","Thu Dec 30, 2021, 8:29PM","21"
"Jakub Moder","BHA","M","Drop","Hale End Starbøys","Thu Dec 30, 2021, 5:16PM","21"
"Wayne Hennessey","BUR","G","Drop","Leo Gerard U2s Team","Thu Dec 30, 2021, 3:26PM","21"
"Wayne Hennessey","BUR","G","Claim","Leo Gerard U2s Team","Thu Dec 30, 2021, 2:17PM","20"
"Tyler Roberts","LEE","M","Drop","Leo Gerard U2s Team","Thu Dec 30, 2021, 2:17PM","20"
"Eric Bailly","MUN","D","Claim","Alex's Redemption Arc","Thu Dec 30, 2021, 2:17PM","20"
"Raphael Varane","MUN","D","Drop","Alex's Redemption Arc","Thu Dec 30, 2021, 2:17PM","20"
"Christos Tzolis","NOR","F","Drop","Gabriel’s Sparkling Cider","Thu Dec 30, 2021, 2:06AM","21"
"Adam Masina","WAT","D","Drop","Gabriel’s Sparkling Cider","Thu Dec 30, 2021, 2:06AM","21"
"Nathan Ake","MCI","D","Claim","The McB’s","Wed Dec 29, 2021, 2:15PM","20"
"Rodri","MCI","M","Drop","The McB’s","Wed Dec 29, 2021, 2:15PM","20"
"Tyler Roberts","LEE","M","Claim","Leo Gerard U2s Team","Wed Dec 29, 2021, 1:42PM","20"
"Max Kilman","WOL","D","Drop","Leo Gerard U2s Team","Wed Dec 29, 2021, 1:42PM","20"
"Max Kilman","WOL","D","Claim","Leo Gerard U2s Team","Wed Dec 29, 2021, 1:38PM","20"
"Dan Burn","BHA/NEW","D","Claim","team_tim","Wed Dec 29, 2021, 1:35PM","20"
"Lewis Dunk","BHA","D","Drop","team_tim","Wed Dec 29, 2021, 1:35PM","20"
"Hakim Ziyech","CHE","M","Drop","Leo Gerard U2s Team","Wed Dec 29, 2021, 1:35PM","20"
"Jakub Moder","BHA","M","Claim","Hale End Starbøys","Wed Dec 29, 2021, 1:34PM","20"
"Ashley Westwood","BUR","M","Drop","Hale End Starbøys","Wed Dec 29, 2021, 1:34PM","20"
"Solly March","BHA","M","Claim","Gylfi’s Goobers","Tue Dec 28, 2021, 6:44PM","20"
"Jonjo Shelvey","NEW","M","Drop","Gylfi’s Goobers","Tue Dec 28, 2021, 6:44PM","20"
"Ashley Westwood","BUR","M","Claim","Hale End Starbøys","Tue Dec 28, 2021, 5:36PM","20"
"Allan","EVE","M","Drop","Hale End Starbøys","Tue Dec 28, 2021, 5:36PM","20"
"Rodri","MCI","M","Claim","The McB’s","Tue Dec 28, 2021, 5:13PM","20"
"Jordan Pickford","EVE","G","Drop","The McB’s","Tue Dec 28, 2021, 5:11PM","20"
"Edinson Cavani","MUN","F","Claim","Alex's Redemption Arc","Tue Dec 28, 2021, 3:50PM","20"
"Joelinton","NEW","F","Drop","Alex's Redemption Arc","Tue Dec 28, 2021, 3:50PM","20"
"Romain Saiss","WOL","D","Claim","Leo Gerard U2s Team","Tue Dec 28, 2021, 2:27PM","20"
"Naby Keita","LIV","M","Drop","Leo Gerard U2s Team","Tue Dec 28, 2021, 2:27PM","20"
"Naby Keita","LIV","M","Claim","Leo Gerard U2s Team","Tue Dec 28, 2021, 2:22PM","20"
"Naby Keita","LIV","M","Drop","Leo Gerard U2s Team","Tue Dec 28, 2021, 2:01PM","20"
"Alex Oxlade-Chamberlain","LIV","M","Claim","Alex's Redemption Arc","Tue Dec 28, 2021, 2:00PM","20"
"Patson Daka","LEI","F","Drop","Alex's Redemption Arc","Tue Dec 28, 2021, 2:00PM","20"
"Fabinho","LIV","M","Claim","Hale End Starbøys","Tue Dec 28, 2021, 2:00PM","20"
"Rodri","MCI","M","Drop","Hale End Starbøys","Tue Dec 28, 2021, 2:00PM","20"
"Ben Johnson","WHU","D","Drop","Leo Gerard U2s Team","Tue Dec 28, 2021, 1:19PM","21"
"Cucho Hernández","WAT","F","Drop","Leo Gerard U2s Team","Tue Dec 28, 2021, 1:19PM","21"
"Jordan Pickford","EVE","G","Claim","The McB’s","Tue Dec 28, 2021, 1:13PM","20"
"Ruben Dias","MCI","D","Drop","Leo Gerard U2s Team","Tue Dec 28, 2021, 9:57AM","20"
"Kyle Walker-Peters","SOU","D","Claim","Sean Dyche's Great Escape","Tue Dec 28, 2021, 9:46AM","20"
"Jacob Ramsey","AVL","M","Drop","Sean Dyche's Great Escape","Tue Dec 28, 2021, 9:46AM","20"
"Jan Bednarek","SOU","D","Claim","The McB’s","Tue Dec 28, 2021, 9:35AM","20"
"Stuart Armstrong","SOU","M","Claim","Sean Dyche's Great Escape","Tue Dec 28, 2021, 9:31AM","20"
"N'Golo Kante","CHE","M","Drop","Sean Dyche's Great Escape","Tue Dec 28, 2021, 9:31AM","20"
"Adam Armstrong","SOU","F","Claim","Sean Dyche's Great Escape","Tue Dec 28, 2021, 9:31AM","20"
"Robert Sanchez","BHA","G","Drop","Sean Dyche's Great Escape","Tue Dec 28, 2021, 9:31AM","20"
"Javier Manquillo","NEW","D","Drop","The McB’s","Tue Dec 28, 2021, 9:31AM","20"
"Ben Chilwell","CHE","D","Drop","The McB’s","Tue Dec 28, 2021, 9:31AM","20"
"Vicente Guaita","CRY","G","Claim","Leo Gerard U2s Team","Tue Dec 28, 2021, 9:16AM","20"
"Lukasz Fabianski","WHU","G","Drop","Leo Gerard U2s Team","Tue Dec 28, 2021, 9:16AM","20"
"Adam Masina","WAT","D","Claim","Gabriel’s Sparkling Cider","Tue Dec 28, 2021, 9:09AM","20"
"Douglas Luiz","AVL","M","Drop","Gabriel’s Sparkling Cider","Tue Dec 28, 2021, 9:09AM","20"
"Christos Tzolis","NOR","F","Claim","Gabriel’s Sparkling Cider","Tue Dec 28, 2021, 9:07AM","20"
"Moussa Sissoko","TOT/WAT","M","Claim","Gabriel’s Sparkling Cider","Tue Dec 28, 2021, 9:06AM","20"
"Pablo Fornals","WHU","M","Drop","Gabriel’s Sparkling Cider","Tue Dec 28, 2021, 9:06AM","20"
"Jeffrey Schlupp","CRY","M","Claim","Leo Gerard U2s Team","Tue Dec 28, 2021, 9:05AM","20"
"Fabinho","LIV","M","Drop","Leo Gerard U2s Team","Tue Dec 28, 2021, 9:05AM","20"
"Cucho Hernández","WAT","F","Claim","Leo Gerard U2s Team","Tue Dec 28, 2021, 9:04AM","20"
"Ben Johnson","WHU","D","Claim","Leo Gerard U2s Team","Tue Dec 28, 2021, 9:02AM","20"
"Armando Broja","SOU","F","Drop","Leo Gerard U2s Team","Tue Dec 28, 2021, 9:02AM","20"
"Arthur Masuaku","WHU","D","Drop","Gabriel’s Sparkling Cider","Tue Dec 28, 2021, 9:02AM","20"
"Fabinho","LIV","M","Claim","Leo Gerard U2s Team","Tue Dec 28, 2021, 9:01AM","20"
"Steven Bergwijn","TOT","F","Drop","Leo Gerard U2s Team","Tue Dec 28, 2021, 9:01AM","20"
"Matt Doherty","TOT","D","Drop","Leo Gerard U2s Team","Tue Dec 28, 2021, 9:01AM","20"
"Matt Doherty","TOT","D","Claim","Leo Gerard U2s Team","Mon Dec 27, 2021, 10:14PM","20"
"Fabinho","LIV","M","Drop","Leo Gerard U2s Team","Mon Dec 27, 2021, 10:14PM","20"
"Hakim Ziyech","CHE","M","Claim","Leo Gerard U2s Team","Mon Dec 27, 2021, 10:11PM","20"
"Oliver Skipp","TOT","M","Drop","Leo Gerard U2s Team","Mon Dec 27, 2021, 10:11PM","20"
"Allan","EVE","M","Claim","Hale End Starbøys","Mon Dec 27, 2021, 9:02PM","20"
"Naby Keita","LIV","M","Claim","Leo Gerard U2s Team","Mon Dec 27, 2021, 9:02PM","20"
"Ryan Fraser","NEW","M","Drop","Leo Gerard U2s Team","Mon Dec 27, 2021, 9:02PM","20"
"Rodri","MCI","M","Claim","Hale End Starbøys","Mon Dec 27, 2021, 9:01PM","20"
"Wilfred Ndidi","LEI","M","Claim","Leo Gerard U2s Team","Mon Dec 27, 2021, 9:01PM","20"
"Steven Bergwijn","TOT","F","Claim","Leo Gerard U2s Team","Mon Dec 27, 2021, 9:01PM","20"
"Nick Pope","BUR","G","Claim","Gabriel’s Sparkling Cider","Mon Dec 27, 2021, 9:01PM","20"
"Oliver Skipp","TOT","M","Claim","Leo Gerard U2s Team","Mon Dec 27, 2021, 9:01PM","20"
"Fabinho","LIV","M","Claim","Leo Gerard U2s Team","Mon Dec 27, 2021, 9:00PM","20"
"Andreas Christensen","CHE","D","Claim","Gabriel’s Sparkling Cider","Mon Dec 27, 2021, 9:00PM","20"
"Thiago Alcântara","LIV","M","Claim","Alex's Redemption Arc","Mon Dec 27, 2021, 9:00PM","20"
"Fernandinho","MCI","M","Drop","Alex's Redemption Arc","Mon Dec 27, 2021, 9:00PM","20"
"Kelechi Iheanacho","LEI","F","Claim","Gylfi’s Goobers","Mon Dec 27, 2021, 9:00PM","20"
"Luke Thomas","LEI","D","Drop","Gylfi’s Goobers","Mon Dec 27, 2021, 9:00PM","20"
"Ben Davies","TOT","D","Claim","Berkley McG’s U1s","Mon Dec 27, 2021, 9:00PM","20"
"Manuel Lanzini","WHU","M","Claim","Alex's Redemption Arc","Mon Dec 27, 2021, 9:00PM","20"
"Nikola Vlasic","EVE/WHU","M","Drop","Alex's Redemption Arc","Mon Dec 27, 2021, 9:00PM","20"
"Stuart Dallas","LEE","M","Claim","The McB’s","Mon Dec 27, 2021, 9:00PM","20"
"Vitaly Janelt","BRF","M","Drop","The McB’s","Mon Dec 27, 2021, 9:00PM","20"
"Solly March","BHA","M","Drop","Berkley McG’s U1s","Mon Dec 27, 2021, 8:28PM","20"
"Sean Longstaff","NEW","M","Drop","Berkley McG’s U1s","Mon Dec 27, 2021, 8:28PM","20"
"Pontus Jansson","BRF","D","Drop","Hale End Starbøys","Mon Dec 27, 2021, 8:27PM","20"
"Dominic Thompson","BRF","D","Drop","Hale End Starbøys","Mon Dec 27, 2021, 8:26PM","20"
"Rob Holding","ARS","D","Drop","Gabriel’s Sparkling Cider","Mon Dec 27, 2021, 6:10PM","20"
"Ben White","ARS","D","Drop","Gabriel’s Sparkling Cider","Mon Dec 27, 2021, 6:10PM","20"
"Javier Manquillo","NEW","D","Claim","The McB’s","Mon Dec 27, 2021, 2:15PM","19"
"Matt Ritchie","NEW","M","Drop","The McB’s","Mon Dec 27, 2021, 2:15PM","19"
"Sean Longstaff","NEW","M","Claim","Berkley McG’s U1s","Mon Dec 27, 2021, 2:05PM","19"
"Jacob Murphy","NEW","M","Drop","Leo Gerard U2s Team","Mon Dec 27, 2021, 2:04PM","19"
"Ryan Fraser","NEW","M","Claim","Leo Gerard U2s Team","Mon Dec 27, 2021, 2:03PM","19"
"Joelinton","NEW","F","Claim","Alex's Redemption Arc","Mon Dec 27, 2021, 2:01PM","19"
"Victor Lindelof","MUN","D","Drop","Alex's Redemption Arc","Mon Dec 27, 2021, 2:00PM","19"
"Mathias Jensen","BRF","M","Drop","Leo Gerard U2s Team","Sun Dec 26, 2021, 5:11PM","20"
"Jacob Murphy","NEW","M","Claim","Leo Gerard U2s Team","Sun Dec 26, 2021, 5:11PM","19"
"Joelinton","NEW","F","Drop","Leo Gerard U2s Team","Sun Dec 26, 2021, 5:11PM","19"
"Adam Webster","BHA","D","Drop","Leo Gerard U2s Team","Sun Dec 26, 2021, 5:09PM","20"
"Granit Xhaka","ARS","M","Drop","Leo Gerard U2s Team","Sun Dec 26, 2021, 5:06PM","20"
"Joelinton","NEW","F","Claim","Leo Gerard U2s Team","Sun Dec 26, 2021, 5:04PM","19"
"Mathias Jensen","BRF","M","Claim","Leo Gerard U2s Team","Sun Dec 26, 2021, 2:40PM","19"
"Stuart Dallas","LEE","M","Drop","Leo Gerard U2s Team","Sun Dec 26, 2021, 2:40PM","19"
"Dominic Thompson","BRF","D","Claim","Hale End Starbøys","Sun Dec 26, 2021, 2:04PM","19"
"Dan Burn","BHA/NEW","D","Drop","Hale End Starbøys","Sun Dec 26, 2021, 2:04PM","19"
"Dan Burn","BHA/NEW","D","Claim","Hale End Starbøys","Sun Dec 26, 2021, 2:02PM","19"
"Shane Duffy","BHA","D","Drop","Hale End Starbøys","Sun Dec 26, 2021, 2:02PM","19"
"Adam Webster","BHA","D","Claim","Leo Gerard U2s Team","Sun Dec 26, 2021, 2:00PM","19"
"Thiago Alcântara","LIV","M","Drop","Leo Gerard U2s Team","Sun Dec 26, 2021, 2:00PM","19"
"Romain Saiss","WOL","D","Drop","Berkley McG’s U1s","Sun Dec 26, 2021, 11:45AM","19"
"Jacob Ramsey","AVL","M","Claim","Sean Dyche's Great Escape","Sun Dec 26, 2021, 11:33AM","19"
"Hakim Ziyech","CHE","M","Drop","Sean Dyche's Great Escape","Sun Dec 26, 2021, 11:33AM","19"
"Victor Lindelof","MUN","D","Claim","Alex's Redemption Arc","Sun Dec 26, 2021, 11:00AM","19"
"Matt Ritchie","NEW","M","Claim","The McB’s","Sun Dec 26, 2021, 10:33AM","19"
"Jordan Pickford","EVE","G","Drop","The McB’s","Sun Dec 26, 2021, 10:32AM","19"
"Jack Butland","CRY","G","Claim","team_tim","Sun Dec 26, 2021, 9:57AM","19"
"Nick Pope","BUR","G","Drop","team_tim","Sun Dec 26, 2021, 9:57AM","19"
"Cheikhou Kouyate","CRY","D,M","Claim","Roy Kent's U8 Girls","Sun Dec 26, 2021, 9:55AM","19"
"João Moutinho","WOL","M","Drop","Roy Kent's U8 Girls","Sun Dec 26, 2021, 9:55AM","19"
"Marc Albrighton","LEI","M","Claim","Berkley McG’s U1s","Sun Dec 26, 2021, 9:24AM","19"
"Max Kilman","WOL","D","Drop","Berkley McG’s U1s","Sun Dec 26, 2021, 9:24AM","19"
"Robert Sanchez","BHA","G","Claim","Sean Dyche's Great Escape","Sun Dec 26, 2021, 9:05AM","19"
"Che Adams","SOU","F","Drop","Alex's Redemption Arc","Sun Dec 26, 2021, 9:05AM","19"
"Rob Holding","ARS","D","Claim","Gabriel’s Sparkling Cider","Sun Dec 26, 2021, 9:02AM","19"
"Japhet Tanganga","TOT","D","Claim","Berkley McG’s U1s","Sun Dec 26, 2021, 9:02AM","19"
"Ben Davies","TOT","D","Drop","Berkley McG’s U1s","Sun Dec 26, 2021, 9:02AM","19"
"Eddie Nketiah","ARS","F","Drop","Gabriel’s Sparkling Cider","Sun Dec 26, 2021, 9:01AM","19"
"Nikola Vlasic","EVE/WHU","M","Claim","Alex's Redemption Arc","Sun Dec 26, 2021, 9:01AM","19"
"Manuel Lanzini","WHU","M","Drop","Alex's Redemption Arc","Sun Dec 26, 2021, 9:01AM","19"
"Fernandinho","MCI","M","Claim","Alex's Redemption Arc","Sun Dec 26, 2021, 9:00AM","19"
"Rodri","MCI","M","Drop","Alex's Redemption Arc","Sun Dec 26, 2021, 9:00AM","19"
"Craig Dawson","WHU","D","Claim","Gabriel’s Sparkling Cider","Sat Dec 25, 2021, 5:16PM","19"
"Cheikhou Kouyate","CRY","D,M","Drop","Gabriel’s Sparkling Cider","Sat Dec 25, 2021, 5:14PM","19"
"Aymeric Laporte","MCI","D","Claim","Sean Dyche's Great Escape","Fri Dec 24, 2021, 4:39PM","19"
"Daniel Podence","WOL","M","Drop","Sean Dyche's Great Escape","Fri Dec 24, 2021, 4:39PM","19"
"Jonjo Shelvey","NEW","M","Claim","Gylfi’s Goobers","Fri Dec 24, 2021, 3:07PM","19"
"Milot Rashica","NOR","M","Drop","Gylfi’s Goobers","Fri Dec 24, 2021, 3:07PM","19"
"Pontus Jansson","BRF","D","Claim","Hale End Starbøys","Fri Dec 24, 2021, 1:03PM","19"
"Chris Wood","BUR/NEW","F","Drop","Hale End Starbøys","Fri Dec 24, 2021, 1:03PM","19"
"Eddie Nketiah","ARS","F","Claim","Gabriel’s Sparkling Cider","Fri Dec 24, 2021, 7:15AM","19"
"Nikola Vlasic","EVE/WHU","M","Drop","Gabriel’s Sparkling Cider","Fri Dec 24, 2021, 7:14AM","19"
"Nikola Vlasic","EVE/WHU","M","Claim","Gabriel’s Sparkling Cider","Fri Dec 24, 2021, 7:13AM","19"
"Matthew Lowton","BUR","D","Drop","Gabriel’s Sparkling Cider","Fri Dec 24, 2021, 7:13AM","19"
"Emiliano Martinez","AVL","G","Claim","Gylfi’s Goobers","Thu Dec 23, 2021, 9:00PM","19"
"Robert Sanchez","BHA","G","Drop","Gylfi’s Goobers","Thu Dec 23, 2021, 9:00PM","19"
"Raphael Varane","MUN","D","Claim","Alex's Redemption Arc","Thu Dec 23, 2021, 8:41PM","19"
"Liam Cooper","LEE","D","Drop","Alex's Redemption Arc","Thu Dec 23, 2021, 8:41PM","19"
"Chris Wood","BUR/NEW","F","Claim","Hale End Starbøys","Thu Dec 23, 2021, 1:32PM","19"
"Naby Keita","LIV","M","Drop","Hale End Starbøys","Thu Dec 23, 2021, 1:32PM","19"
"Solly March","BHA","M","Claim","Berkley McG’s U1s","Thu Dec 23, 2021, 8:18AM","19"
"Jordan Pickford","EVE","G","Claim","The McB’s","Thu Dec 23, 2021, 8:00AM","19"
"Callum Hudson-Odoi","CHE","M,F","Claim","The McB’s","Thu Dec 23, 2021, 7:59AM","19"
"Luke Ayling","LEE","D","Drop","The McB’s","Thu Dec 23, 2021, 7:58AM","19"
"Vitaly Janelt","BRF","M","Claim","The McB’s","Thu Dec 23, 2021, 7:55AM","19"
"Tyler Roberts","LEE","M","Drop","The McB’s","Thu Dec 23, 2021, 7:55AM","19"
"Ibrahima Konate","LIV","D","Drop","Leo Gerard U2s Team","Thu Dec 23, 2021, 7:44AM","19"
"Takumi Minamino","LIV","F","Drop","Leo Gerard U2s Team","Thu Dec 23, 2021, 7:44AM","19"
"Takumi Minamino","LIV","F","Claim","Leo Gerard U2s Team","Wed Dec 22, 2021, 6:43PM","19"
"Thomas Partey","ARS","M","Drop","Leo Gerard U2s Team","Wed Dec 22, 2021, 6:43PM","19"
"Luke Thomas","LEI","D","Claim","Gylfi’s Goobers","Wed Dec 22, 2021, 5:23PM","19"
"Ricardo Pereira","LEI","D","Drop","Gylfi’s Goobers","Wed Dec 22, 2021, 5:23PM","19"
"Shane Duffy","BHA","D","Claim","Hale End Starbøys","Tue Dec 21, 2021, 9:46PM","19"
"Conor Coady","WOL","D","Drop","Hale End Starbøys","Tue Dec 21, 2021, 9:46PM","19"
"Odsonne Edouard","CRY","F","Claim","Hale End Starbøys","Tue Dec 21, 2021, 9:44PM","19"
"Armando Broja","SOU","F","Claim","Leo Gerard U2s Team","Tue Dec 21, 2021, 9:20PM","19"
"Shane Duffy","BHA","D","Drop","Leo Gerard U2s Team","Tue Dec 21, 2021, 9:20PM","19"
"Tanguy Ndombele","TOT","M","Claim","team_tim","Tue Dec 21, 2021, 9:15PM","19"
"Cheikhou Kouyate","CRY","D,M","Claim","Gabriel’s Sparkling Cider","Tue Dec 21, 2021, 9:15PM","19"
"Nick Pope","BUR","G","Claim","team_tim","Tue Dec 21, 2021, 9:15PM","19"
"Illan Meslier","LEE","G","Drop","team_tim","Tue Dec 21, 2021, 9:15PM","19"
"Ki-Jana Hoever","WOL","D","Drop","Gabriel’s Sparkling Cider","Tue Dec 21, 2021, 9:14PM","19"
"Milot Rashica","NOR","M","Claim","Gylfi’s Goobers","Tue Dec 21, 2021, 9:14PM","19"
"Jonjo Shelvey","NEW","M","Drop","Gylfi’s Goobers","Tue Dec 21, 2021, 9:14PM","19"
"Matthew Lowton","BUR","D","Claim","Gabriel’s Sparkling Cider","Tue Dec 21, 2021, 9:03PM","19"
"Arthur Masuaku","WHU","D","Claim","Gabriel’s Sparkling Cider","Tue Dec 21, 2021, 9:03PM","19"
"Shane Duffy","BHA","D","Claim","Leo Gerard U2s Team","Tue Dec 21, 2021, 9:03PM","19"
"Lukasz Fabianski","WHU","G","Claim","Leo Gerard U2s Team","Tue Dec 21, 2021, 9:02PM","19"
"Martin Dubravka","NEW","G","Drop","Leo Gerard U2s Team","Tue Dec 21, 2021, 9:02PM","19"
"Ben White","ARS","D","Claim","Gabriel’s Sparkling Cider","Tue Dec 21, 2021, 9:02PM","19"
"David de Gea","MUN","G","Claim","Alex's Redemption Arc","Tue Dec 21, 2021, 9:00PM","19"
"Emiliano Martinez","AVL","G","Drop","Alex's Redemption Arc","Tue Dec 21, 2021, 9:00PM","19"
"Scott McTominay","MUN","M","Claim","Alex's Redemption Arc","Tue Dec 21, 2021, 9:00PM","19"
"Wilfred Ndidi","LEI","M","Drop","Alex's Redemption Arc","Tue Dec 21, 2021, 9:00PM","19"
"Jordan Ayew","CRY","F","Claim","Sean Dyche's Great Escape","Tue Dec 21, 2021, 9:00PM","19"
"Joelinton","NEW","F","Drop","Sean Dyche's Great Escape","Tue Dec 21, 2021, 9:00PM","19"
"Ben Davies","TOT","D","Claim","Berkley McG’s U1s","Tue Dec 21, 2021, 9:00PM","19"
"Aymeric Laporte","MCI","D","Drop","Berkley McG’s U1s","Tue Dec 21, 2021, 9:00PM","19"
"Mason Greenwood","MUN","F","Claim","Gylfi’s Goobers","Tue Dec 21, 2021, 9:00PM","19"
"Nuno Tavares","ARS","D","Drop","Gylfi’s Goobers","Tue Dec 21, 2021, 9:00PM","19"
"Konstantinos Tsimikas","LIV","D","Claim","Hale End Starbøys","Tue Dec 21, 2021, 9:00PM","19"
"Joe Gelhardt","LEE","F","Drop","Leo Gerard U2s Team","Sun Dec 19, 2021, 1:59PM","19"
"Trincão","WOL","F","Drop","Hale End Starbøys","Sun Dec 19, 2021, 1:59PM","19"
"Kyle Walker","MCI","D","Drop","Hale End Starbøys","Sun Dec 19, 2021, 1:59PM","19"
"Rúben Neves","WOL","M","Drop","Gabriel’s Sparkling Cider","Sun Dec 19, 2021, 1:39PM","19"
"Steven Bergwijn","TOT","F","Drop","Gabriel’s Sparkling Cider","Sun Dec 19, 2021, 1:39PM","19"
"Matt Ritchie","NEW","M","Drop","Gabriel’s Sparkling Cider","Sun Dec 19, 2021, 1:38PM","19"
"Ben Davies","TOT","D","Drop","Sean Dyche's Great Escape","Sun Dec 19, 2021, 1:27PM","19"
"Ben Davies","TOT","D","Claim","Sean Dyche's Great Escape","Sun Dec 19, 2021, 10:46AM","18"
"Oliver Skipp","TOT","M","Drop","Sean Dyche's Great Escape","Sun Dec 19, 2021, 10:46AM","18"
"Kyle Walker","MCI","D","Claim","Hale End Starbøys","Sun Dec 19, 2021, 8:58AM","18"
"Andreas Christensen","CHE","D","Drop","Hale End Starbøys","Sun Dec 19, 2021, 8:58AM","18"
"Steven Bergwijn","TOT","F","Claim","Gabriel’s Sparkling Cider","Sun Dec 19, 2021, 8:49AM","18"
"Kyle Walker","MCI","D","Drop","Gabriel’s Sparkling Cider","Sun Dec 19, 2021, 8:49AM","18"
"Emerson Royal","TOT","D","Claim","Leo Gerard U2s Team","Sun Dec 19, 2021, 8:31AM","18"
"Ben Davies","TOT","D","Drop","Leo Gerard U2s Team","Sun Dec 19, 2021, 8:31AM","18"
"Dele Alli","TOT/EVE","M","Claim","Berkley McG’s U1s","Sun Dec 19, 2021, 8:26AM","18"
"Marçal","WOL","D","Drop","Berkley McG’s U1s","Sun Dec 19, 2021, 8:26AM","18"
"Ki-Jana Hoever","WOL","D","Claim","Gabriel’s Sparkling Cider","Sun Dec 19, 2021, 8:22AM","18"
"Nelson Semedo","WOL","D","Drop","Gabriel’s Sparkling Cider","Sun Dec 19, 2021, 8:20AM","18"
"Marçal","WOL","D","Claim","Berkley McG’s U1s","Sun Dec 19, 2021, 8:13AM","18"
"John Stones","MCI","D","Drop","Berkley McG’s U1s","Sun Dec 19, 2021, 8:13AM","18"
"Che Adams","SOU","F","Claim","Alex's Redemption Arc","Sun Dec 19, 2021, 8:10AM","18"
"Emerson Royal","TOT","D","Drop","Alex's Redemption Arc","Sun Dec 19, 2021, 8:10AM","18"
"Wilfred Ndidi","LEI","M","Claim","Alex's Redemption Arc","Sun Dec 19, 2021, 8:08AM","18"
"Kai Havertz","CHE","M","Drop","Alex's Redemption Arc","Sun Dec 19, 2021, 8:08AM","18"
"Ben Davies","TOT","D","Claim","Leo Gerard U2s Team","Sat Dec 18, 2021, 12:55PM","18"
"Adam Forshaw","LEE","M","Drop","Leo Gerard U2s Team","Thu Dec 16, 2021, 11:05PM","18"
"Adam Forshaw","LEE","M","Drop","Leo Gerard U2s Team","Sat Dec 18, 2021, 12:29PM","19"
"Adam Forshaw","LEE","M","Claim","Leo Gerard U2s Team","Sat Dec 18, 2021, 11:30AM","18"
"Nicolas Pepe","ARS","F","Drop","Leo Gerard U2s Team","Sat Dec 18, 2021, 11:30AM","18"
"Nuno Tavares","ARS","D","Claim","Gylfi’s Goobers","Sat Dec 18, 2021, 10:29AM","18"
"Daniel James","MUN/LEE","M","Drop","Gylfi’s Goobers","Sat Dec 18, 2021, 10:29AM","18"
"Andreas Christensen","CHE","D","Claim","Hale End Starbøys","Sat Dec 18, 2021, 10:14AM","18"
"Conor Coady","WOL","D","Claim","Hale End Starbøys","Sat Dec 18, 2021, 10:14AM","18"
"Oliver Skipp","TOT","M","Claim","Sean Dyche's Great Escape","Sat Dec 18, 2021, 9:48AM","18"
"Chris Wood","BUR/NEW","F","Drop","Sean Dyche's Great Escape","Sat Dec 18, 2021, 9:48AM","18"
"Manuel Lanzini","WHU","M","Claim","Alex's Redemption Arc","Sat Dec 18, 2021, 8:54AM","18"
"Jacob Ramsey","AVL","M","Drop","Alex's Redemption Arc","Sat Dec 18, 2021, 8:54AM","18"
"Emerson Royal","TOT","D","Claim","Alex's Redemption Arc","Sat Dec 18, 2021, 8:53AM","18"
"Matthew Lowton","BUR","D","Drop","Alex's Redemption Arc","Sat Dec 18, 2021, 8:53AM","18"
"Granit Xhaka","ARS","M","Claim","Leo Gerard U2s Team","Sat Dec 18, 2021, 8:45AM","18"
"Ben Davies","TOT","D","Drop","Leo Gerard U2s Team","Sat Dec 18, 2021, 8:45AM","18"
"Joe Gelhardt","LEE","F","Claim","Leo Gerard U2s Team","Sat Dec 18, 2021, 8:42AM","18"
"Konstantinos Tsimikas","LIV","D","Drop","Leo Gerard U2s Team","Sat Dec 18, 2021, 8:42AM","18"
"Nicolas Pepe","ARS","F","Claim","Leo Gerard U2s Team","Sat Dec 18, 2021, 8:39AM","18"
"Emerson Royal","TOT","D","Drop","Leo Gerard U2s Team","Sat Dec 18, 2021, 8:39AM","18"
"Nelson Semedo","WOL","D","Claim","Gabriel’s Sparkling Cider","Sat Dec 18, 2021, 8:25AM","18"
"Nathan Ake","MCI","D","Drop","Gabriel’s Sparkling Cider","Sat Dec 18, 2021, 8:25AM","18"
"Nathan Ake","MCI","D","Claim","Gabriel’s Sparkling Cider","Sat Dec 18, 2021, 8:24AM","18"
"Martin Dubravka","NEW","G","Claim","Leo Gerard U2s Team","Sat Dec 18, 2021, 8:23AM","18"
"Nick Pope","BUR","G","Drop","Leo Gerard U2s Team","Sat Dec 18, 2021, 8:23AM","18"
"Arthur Masuaku","WHU","D","Drop","Gabriel’s Sparkling Cider","Sat Dec 18, 2021, 8:18AM","18"
"Matt Ritchie","NEW","M","Claim","Gabriel’s Sparkling Cider","Sat Dec 18, 2021, 8:18AM","18"
"Josh Brownhill","BUR","M","Drop","Gabriel’s Sparkling Cider","Sat Dec 18, 2021, 8:16AM","18"
"Kyle Walker","MCI","D","Claim","Gabriel’s Sparkling Cider","Sat Dec 18, 2021, 8:16AM","18"
"Ezri Konsa","AVL","D","Drop","Gabriel’s Sparkling Cider","Sat Dec 18, 2021, 8:16AM","18"
"Said Benrahma","WHU","F","Claim","Roy Kent's U8 Girls","Sat Dec 18, 2021, 6:18AM","18"
"Teemu Pukki","NOR","F","Drop","Roy Kent's U8 Girls","Sat Dec 18, 2021, 6:18AM","18"
"Emerson Royal","TOT","D","Claim","Leo Gerard U2s Team","Fri Dec 17, 2021, 9:49PM","18"
"Joe Gelhardt","LEE","F","Drop","Leo Gerard U2s Team","Fri Dec 17, 2021, 9:49PM","18"
"Ben Davies","TOT","D","Claim","Leo Gerard U2s Team","Fri Dec 17, 2021, 9:14PM","18"
"Granit Xhaka","ARS","M","Drop","Leo Gerard U2s Team","Fri Dec 17, 2021, 9:14PM","18"
"Granit Xhaka","ARS","M","Claim","Leo Gerard U2s Team","Fri Dec 17, 2021, 9:12PM","18"
"Johann Gudmundsson","BUR","M","Drop","Leo Gerard U2s Team","Fri Dec 17, 2021, 9:12PM","18"
"Joe Gelhardt","LEE","F","Claim","Leo Gerard U2s Team","Fri Dec 17, 2021, 9:04PM","18"
"Johann Gudmundsson","BUR","M","Claim","Leo Gerard U2s Team","Fri Dec 17, 2021, 9:02PM","18"
"Ashley Young","AVL","D","Drop","Leo Gerard U2s Team","Fri Dec 17, 2021, 9:02PM","18"
"Thomas Partey","ARS","M","Claim","Leo Gerard U2s Team","Fri Dec 17, 2021, 9:02PM","18"
"Josh Brownhill","BUR","M","Claim","Gabriel’s Sparkling Cider","Fri Dec 17, 2021, 9:02PM","18"
"Cheikhou Kouyate","CRY","D,M","Drop","Gabriel’s Sparkling Cider","Fri Dec 17, 2021, 9:02PM","18"
"Nick Pope","BUR","G","Claim","Leo Gerard U2s Team","Fri Dec 17, 2021, 9:02PM","18"
"Jordan Pickford","EVE","G","Drop","Leo Gerard U2s Team","Fri Dec 17, 2021, 9:02PM","18"
"Rúben Neves","WOL","M","Claim","Gabriel’s Sparkling Cider","Fri Dec 17, 2021, 9:02PM","18"
"James McArthur","CRY","M","Claim","Sean Dyche's Great Escape","Fri Dec 17, 2021, 9:01PM","18"
"Pierre-Emerick Aubameyang","ARS","F","Drop","Sean Dyche's Great Escape","Fri Dec 17, 2021, 9:01PM","18"
"Jacob Ramsey","AVL","M","Claim","Alex's Redemption Arc","Fri Dec 17, 2021, 9:00PM","18"
"Davinson Sanchez","TOT","D","Claim","Alex's Redemption Arc","Fri Dec 17, 2021, 9:00PM","18"
"Kai Havertz","CHE","M","Claim","Alex's Redemption Arc","Fri Dec 17, 2021, 9:00PM","18"
"Matthew Lowton","BUR","D","Claim","Alex's Redemption Arc","Fri Dec 17, 2021, 9:00PM","18"
"Daniel Podence","WOL","M","Claim","Sean Dyche's Great Escape","Fri Dec 17, 2021, 9:00PM","18"
"Chris Wood","BUR/NEW","F","Claim","Sean Dyche's Great Escape","Fri Dec 17, 2021, 9:00PM","18"
"Ruben Loftus-Cheek","CHE","M","Drop","Sean Dyche's Great Escape","Fri Dec 17, 2021, 9:00PM","18"
"Hugo Lloris","TOT","G","Claim","Berkley McG’s U1s","Fri Dec 17, 2021, 9:00PM","18"
"Jack Butland","CRY","G","Drop","Berkley McG’s U1s","Fri Dec 17, 2021, 9:00PM","18"
"Ricardo Pereira","LEI","D","Claim","Gylfi’s Goobers","Fri Dec 17, 2021, 9:00PM","18"
"N'Golo Kante","CHE","M","Claim","Sean Dyche's Great Escape","Fri Dec 17, 2021, 9:00PM","18"
"Ben White","ARS","D","Drop","Sean Dyche's Great Escape","Fri Dec 17, 2021, 9:00PM","18"
"Rayan Ait-Nouri","WOL","D","Claim","Alex's Redemption Arc","Fri Dec 17, 2021, 9:00PM","18"
"Jordan Ayew","CRY","F","Drop","Gabriel’s Sparkling Cider","Fri Dec 17, 2021, 10:09AM","18"
"Craig Dawson","WHU","D","Drop","Alex's Redemption Arc","Fri Dec 17, 2021, 9:15AM","18"
"Dan Burn","BHA/NEW","D","Drop","Sean Dyche's Great Escape","Fri Dec 17, 2021, 1:28AM","18"
"Alex Iwobi","EVE","M","Drop","The McB’s","Thu Dec 16, 2021, 7:51PM","18"
"Ben Godfrey","EVE","D","Drop","Hale End Starbøys","Thu Dec 16, 2021, 6:12PM","18"
"Marc Guehi","CRY","D","Drop","Hale End Starbøys","Thu Dec 16, 2021, 6:12PM","18"
"Ellis Simms","EVE","F","Drop","Berkley McG’s U1s","Thu Dec 16, 2021, 5:41PM","18"
"Alex Oxlade-Chamberlain","LIV","M","Drop","Leo Gerard U2s Team","Thu Dec 16, 2021, 5:40PM","18"
"Callum Hudson-Odoi","CHE","M,F","Drop","Leo Gerard U2s Team","Thu Dec 16, 2021, 5:40PM","18"
"Fabinho","LIV","M","Drop","Alex's Redemption Arc","Thu Dec 16, 2021, 3:55PM","18"
"Jakub Moder","BHA","M","Drop","Alex's Redemption Arc","Thu Dec 16, 2021, 3:55PM","18"
"Armando Broja","SOU","F","Drop","Alex's Redemption Arc","Thu Dec 16, 2021, 3:55PM","18"
"Joel Veltman","BHA","D","Drop","Alex's Redemption Arc","Thu Dec 16, 2021, 3:55PM","18"
"Alex Iwobi","EVE","M","Claim","The McB’s","Thu Dec 16, 2021, 2:32PM","17"
"Matt Ritchie","NEW","M","Drop","The McB’s","Thu Dec 16, 2021, 2:32PM","17"
"Jonjo Shelvey","NEW","M","Claim","Gylfi’s Goobers","Thu Dec 16, 2021, 2:28PM","17"
"Mason Greenwood","MUN","F","Drop","Gylfi’s Goobers","Thu Dec 16, 2021, 2:28PM","17"
"Alex Oxlade-Chamberlain","LIV","M","Claim","Leo Gerard U2s Team","Thu Dec 16, 2021, 1:59PM","17"
"Alex Iwobi","EVE","M","Drop","Leo Gerard U2s Team","Thu Dec 16, 2021, 1:59PM","17"
"Naby Keita","LIV","M","Claim","Hale End Starbøys","Thu Dec 16, 2021, 1:51PM","17"
"Kai Havertz","CHE","M","Drop","Hale End Starbøys","Thu Dec 16, 2021, 1:51PM","17"
"Ellis Simms","EVE","F","Claim","Berkley McG’s U1s","Thu Dec 16, 2021, 1:50PM","17"
"Ben Godfrey","EVE","D","Claim","Hale End Starbøys","Thu Dec 16, 2021, 1:50PM","17"
"Andreas Christensen","CHE","D","Drop","Hale End Starbøys","Thu Dec 16, 2021, 1:50PM","17"
"Davinson Sanchez","TOT","D","Drop","Berkley McG’s U1s","Thu Dec 16, 2021, 1:49PM","17"
"Alex Iwobi","EVE","M","Claim","Leo Gerard U2s Team","Thu Dec 16, 2021, 11:09AM","17"
"James Milner","LIV","M","Drop","Leo Gerard U2s Team","Thu Dec 16, 2021, 11:09AM","17"
"Joelinton","NEW","F","Claim","Sean Dyche's Great Escape","Thu Dec 16, 2021, 10:50AM","17"
"Trevoh Chalobah","CHE","D,M","Lineup Change","Sean Dyche's Great Escape","Thu Dec 16, 2021, 10:50AM","17"
"Hakim Ziyech","CHE","M","Claim","Sean Dyche's Great Escape","Thu Dec 16, 2021, 10:50AM","17"
"Wilfred Ndidi","LEI","M","Drop","Sean Dyche's Great Escape","Thu Dec 16, 2021, 10:50AM","17"
"Andreas Christensen","CHE","D","Claim","Hale End Starbøys","Thu Dec 16, 2021, 10:12AM","17"
"Ricardo Pereira","LEI","D","Drop","Hale End Starbøys","Thu Dec 16, 2021, 10:12AM","17"
"James Milner","LIV","M","Claim","Leo Gerard U2s Team","Thu Dec 16, 2021, 9:09AM","17"
"Joelinton","NEW","F","Drop","Leo Gerard U2s Team","Thu Dec 16, 2021, 9:09AM","17"
"Joelinton","NEW","F","Claim","Leo Gerard U2s Team","Thu Dec 16, 2021, 8:22AM","17"
"Steven Bergwijn","TOT","F","Drop","Leo Gerard U2s Team","Thu Dec 16, 2021, 8:22AM","17"
"Jordan Pickford","EVE","G","Claim","Leo Gerard U2s Team","Thu Dec 16, 2021, 8:22AM","17"
"Hugo Lloris","TOT","G","Drop","Leo Gerard U2s Team","Thu Dec 16, 2021, 8:22AM","17"
"Marc Guehi","CRY","D","Claim","Hale End Starbøys","Wed Dec 15, 2021, 2:25PM","17"
"Rayan Ait-Nouri","WOL","D","Drop","Hale End Starbøys","Wed Dec 15, 2021, 2:25PM","17"
"Joe Willock","NEW","M","Drop","Gylfi’s Goobers","Wed Dec 15, 2021, 2:24PM","17"
"Jakub Moder","BHA","M","Claim","Alex's Redemption Arc","Wed Dec 15, 2021, 2:07PM","17"
"Enock Mwepu","BHA","M","Drop","Alex's Redemption Arc","Wed Dec 15, 2021, 2:07PM","17"
"Enock Mwepu","BHA","M","Claim","Alex's Redemption Arc","Wed Dec 15, 2021, 2:06PM","17"
"Solly March","BHA","M","Drop","Alex's Redemption Arc","Wed Dec 15, 2021, 2:06PM","17"
"Armando Broja","SOU","F","Claim","Alex's Redemption Arc","Wed Dec 15, 2021, 2:00PM","17"
"Shane Duffy","BHA","D","Drop","Alex's Redemption Arc","Wed Dec 15, 2021, 2:00PM","17"
"Joel Veltman","BHA","D","Claim","Alex's Redemption Arc","Wed Dec 15, 2021, 1:55PM","17"
"Andreas Christensen","CHE","D","Drop","Alex's Redemption Arc","Wed Dec 15, 2021, 1:55PM","17"
"Solly March","BHA","M","Claim","Alex's Redemption Arc","Wed Dec 15, 2021, 1:45PM","17"
"Adam Armstrong","SOU","F","Drop","Alex's Redemption Arc","Wed Dec 15, 2021, 1:45PM","17"
"Jack Butland","CRY","G","Claim","Berkley McG’s U1s","Wed Dec 15, 2021, 1:36PM","17"
"Vicente Guaita","CRY","G","Drop","Berkley McG’s U1s","Wed Dec 15, 2021, 1:36PM","17"
"Jordan Ayew","CRY","F","Claim","Gabriel’s Sparkling Cider","Wed Dec 15, 2021, 12:47PM","17"
"Eberechi Eze","CRY","M","Drop","Gabriel’s Sparkling Cider","Wed Dec 15, 2021, 12:47PM","17"
"Steven Bergwijn","TOT","F","Claim","Leo Gerard U2s Team","Wed Dec 15, 2021, 12:24PM","17"
"Cucho Hernández","WAT","F","Drop","Leo Gerard U2s Team","Wed Dec 15, 2021, 12:24PM","17"
"Hugo Lloris","TOT","G","Claim","Leo Gerard U2s Team","Wed Dec 15, 2021, 12:24PM","17"
"Nick Pope","BUR","G","Drop","Leo Gerard U2s Team","Wed Dec 15, 2021, 12:24PM","17"
"Dan Burn","BHA/NEW","D","Claim","Sean Dyche's Great Escape","Wed Dec 15, 2021, 12:21PM","17"
"Matthew Lowton","BUR","D","Drop","Sean Dyche's Great Escape","Wed Dec 15, 2021, 12:18PM","17"
"Ricardo Pereira","LEI","D","Claim","Hale End Starbøys","Wed Dec 15, 2021, 12:18PM","17"
"Moussa Sissoko","TOT/WAT","M","Drop","Hale End Starbøys","Wed Dec 15, 2021, 12:18PM","17"
"Trincão","WOL","F","Claim","Hale End Starbøys","Tue Dec 14, 2021, 2:19PM","17"
"Che Adams","SOU","F","Drop","Hale End Starbøys","Tue Dec 14, 2021, 2:19PM","17"
"Eric Dier","TOT","D","Claim","Roy Kent's U8 Girls","Tue Dec 14, 2021, 2:19PM","17"
"Pontus Jansson","BRF","D","Drop","Roy Kent's U8 Girls","Tue Dec 14, 2021, 2:19PM","17"
"Pontus Jansson","BRF","D","Claim","Roy Kent's U8 Girls","Tue Dec 14, 2021, 2:18PM","17"
"Kyle Walker","MCI","D","Drop","Roy Kent's U8 Girls","Tue Dec 14, 2021, 2:18PM","17"
"Teemu Pukki","NOR","F","Claim","Roy Kent's U8 Girls","Tue Dec 14, 2021, 2:15PM","17"
"Chris Wood","BUR/NEW","F","Drop","Roy Kent's U8 Girls","Tue Dec 14, 2021, 2:15PM","17"
"Tyler Roberts","LEE","M","Claim","The McB’s","Tue Dec 14, 2021, 2:13PM","17"
"Mathias Antonsen Normann","BHA/NOR","M","Drop","The McB’s","Tue Dec 14, 2021, 2:13PM","17"
"Daniel James","MUN/LEE","M","Claim","Gylfi’s Goobers","Tue Dec 14, 2021, 2:02PM","17"
"Scott McTominay","MUN","M","Drop","Gylfi’s Goobers","Tue Dec 14, 2021, 2:02PM","17"
"John Stones","MCI","D","Claim","Berkley McG’s U1s","Tue Dec 14, 2021, 2:00PM","17"
"Ashley Young","AVL","D","Claim","Leo Gerard U2s Team","Tue Dec 14, 2021, 1:48PM","17"
"Cole Palmer","MCI","M","Drop","Leo Gerard U2s Team","Tue Dec 14, 2021, 1:48PM","17"
"Cole Palmer","MCI","M","Claim","Leo Gerard U2s Team","Tue Dec 14, 2021, 1:28PM","17"
"Emerson Royal","TOT","D","Drop","Leo Gerard U2s Team","Tue Dec 14, 2021, 1:28PM","17"
"Emerson Royal","TOT","D","Claim","Leo Gerard U2s Team","Tue Dec 14, 2021, 12:55PM","17"
"Jan Bednarek","SOU","D","Drop","Leo Gerard U2s Team","Tue Dec 14, 2021, 12:55PM","17"
"Raphael Varane","MUN","D","Drop","Berkley McG’s U1s","Tue Dec 14, 2021, 12:53PM","17"
"Davinson Sanchez","TOT","D","Claim","Berkley McG’s U1s","Tue Dec 14, 2021, 12:53PM","17"
"Timo Werner","CHE","F","Drop","Berkley McG’s U1s","Tue Dec 14, 2021, 12:53PM","17"
"Vicente Guaita","CRY","G","Claim","Berkley McG’s U1s","Tue Dec 14, 2021, 8:13AM","17"
"Lukasz Fabianski","WHU","G","Drop","Berkley McG’s U1s","Tue Dec 14, 2021, 8:13AM","17"
"Moussa Sissoko","TOT/WAT","M","Claim","Hale End Starbøys","Mon Dec 13, 2021, 9:58PM","17"
"Odsonne Edouard","CRY","F","Drop","Hale End Starbøys","Mon Dec 13, 2021, 9:58PM","17"
"Ezri Konsa","AVL","D","Claim","Gabriel’s Sparkling Cider","Mon Dec 13, 2021, 9:44PM","17"
"Scott McTominay","MUN","M","Claim","Gylfi’s Goobers","Mon Dec 13, 2021, 9:03PM","17"
"Takumi Minamino","LIV","F","Drop","Gylfi’s Goobers","Mon Dec 13, 2021, 9:03PM","17"
"Andreas Christensen","CHE","D","Claim","Alex's Redemption Arc","Mon Dec 13, 2021, 9:03PM","17"
"Ibrahima Konate","LIV","D","Claim","Leo Gerard U2s Team","Mon Dec 13, 2021, 9:02PM","17"
"Jan Bednarek","SOU","D","Claim","Leo Gerard U2s Team","Mon Dec 13, 2021, 9:01PM","17"
"Nick Pope","BUR","G","Claim","Leo Gerard U2s Team","Mon Dec 13, 2021, 9:00PM","17"
"David de Gea","MUN","G","Drop","Leo Gerard U2s Team","Mon Dec 13, 2021, 9:00PM","17"
"Ruben Dias","MCI","D","Claim","Leo Gerard U2s Team","Mon Dec 13, 2021, 9:00PM","17"
"Matthew Lowton","BUR","D","Claim","Sean Dyche's Great Escape","Mon Dec 13, 2021, 9:00PM","17"
"Nelson Semedo","WOL","D","Drop","Sean Dyche's Great Escape","Mon Dec 13, 2021, 9:00PM","17"
"Fabinho","LIV","M","Claim","Alex's Redemption Arc","Mon Dec 13, 2021, 9:00PM","17"
"Rodri","MCI","M","Claim","Alex's Redemption Arc","Mon Dec 13, 2021, 9:00PM","17"
"Romain Saiss","WOL","D","Claim","Berkley McG’s U1s","Mon Dec 13, 2021, 9:00PM","17"
"Wilfried Zaha","CRY","F","Claim","Gylfi’s Goobers","Mon Dec 13, 2021, 9:00PM","17"
"Said Benrahma","WHU","F","Drop","Gylfi’s Goobers","Mon Dec 13, 2021, 9:00PM","17"
"Max Kilman","WOL","D","Claim","Berkley McG’s U1s","Mon Dec 13, 2021, 9:00PM","17"
"Ben Mee","BUR","D","Claim","Gylfi’s Goobers","Mon Dec 13, 2021, 9:00PM","17"
"Manuel Lanzini","WHU","M","Drop","Gylfi’s Goobers","Mon Dec 13, 2021, 9:00PM","17"
"Mathias Antonsen Normann","BHA/NOR","M","Claim","The McB’s","Mon Dec 13, 2021, 9:00PM","17"
"Jonjo Shelvey","NEW","M","Drop","Berkley McG’s U1s","Mon Dec 13, 2021, 8:39PM","17"
"Ruben Dias","MCI","D","Drop","Berkley McG’s U1s","Mon Dec 13, 2021, 8:37PM","17"
"Mathias Antonsen Normann","BHA/NOR","M","Drop","Alex's Redemption Arc","Mon Dec 13, 2021, 8:21PM","17"
"Kiernan Dewsbury-Hall","LEI","M","Drop","Alex's Redemption Arc","Mon Dec 13, 2021, 8:07PM","17"
"Jonny Evans","LEI","D","Drop","Alex's Redemption Arc","Sun Dec 12, 2021, 6:46PM","17"
"Issa Diop","WHU","D","Drop","Leo Gerard U2s Team","Sun Dec 12, 2021, 1:52PM","17"
"Mathias Jensen","BRF","M","Drop","Leo Gerard U2s Team","Sun Dec 12, 2021, 1:47PM","17"
"Joelinton","NEW","F","Drop","Leo Gerard U2s Team","Sun Dec 12, 2021, 1:46PM","17"
"Odsonne Edouard","CRY","F","Claim","Hale End Starbøys","Sun Dec 12, 2021, 10:31AM","16"
"Wilfried Zaha","CRY","F","Drop","Hale End Starbøys","Sun Dec 12, 2021, 10:31AM","16"
"Kiernan Dewsbury-Hall","LEI","M","Claim","Alex's Redemption Arc","Sun Dec 12, 2021, 8:39AM","16"
"Marc Albrighton","LEI","M","Drop","Alex's Redemption Arc","Sun Dec 12, 2021, 8:39AM","16"
"Marc Albrighton","LEI","M","Claim","Alex's Redemption Arc","Sat Dec 11, 2021, 11:33AM","16"
"Donny van de Beek","MUN/EVE","M","Drop","Alex's Redemption Arc","Sat Dec 11, 2021, 11:33AM","16"
"Donny van de Beek","MUN/EVE","M","Claim","Alex's Redemption Arc","Sat Dec 11, 2021, 11:14AM","16"
"Marc Albrighton","LEI","M","Drop","Alex's Redemption Arc","Sat Dec 11, 2021, 11:14AM","16"
"Alex Oxlade-Chamberlain","LIV","M","Drop","Gabriel’s Sparkling Cider","Sat Dec 11, 2021, 9:58AM","16"
"Wilfried Zaha","CRY","F","Claim","Hale End Starbøys","Sat Dec 11, 2021, 9:42AM","16"
"Naby Keita","LIV","M","Drop","Hale End Starbøys","Sat Dec 11, 2021, 9:42AM","16"
"Jonny Evans","LEI","D","Claim","Alex's Redemption Arc","Sat Dec 11, 2021, 9:16AM","16"
"Caglar Soyuncu","LEI","D","Drop","Alex's Redemption Arc","Sat Dec 11, 2021, 9:16AM","16"
"Marc Albrighton","LEI","M","Claim","Alex's Redemption Arc","Sat Dec 11, 2021, 9:13AM","16"
"Caglar Soyuncu","LEI","D","Claim","Alex's Redemption Arc","Sat Dec 11, 2021, 9:11AM","16"
"Jorginho","CHE","M","Claim","team_tim","Sat Dec 11, 2021, 9:06AM","16"
"Ben Mee","BUR","D","Drop","team_tim","Sat Dec 11, 2021, 9:06AM","16"
"Hakim Ziyech","CHE","M","Drop","The McB’s","Sat Dec 11, 2021, 9:02AM","16"
"Lyanco","SOU","D","Drop","Alex's Redemption Arc","Sat Dec 11, 2021, 9:02AM","16"
"Andreas Christensen","CHE","D","Drop","Alex's Redemption Arc","Sat Dec 11, 2021, 9:01AM","16"
"Alex Oxlade-Chamberlain","LIV","M","Claim","Leo Gerard U2s Team","Sat Dec 11, 2021, 9:01AM","16"
"Divock Origi","LIV","F","Drop","Leo Gerard U2s Team","Sat Dec 11, 2021, 9:00AM","16"
"Oleksandr Zinchenko","MCI","D","Claim","Berkley McG’s U1s","Sat Dec 11, 2021, 6:30AM","16"
"Davinson Sanchez","TOT","D","Drop","Berkley McG’s U1s","Sat Dec 11, 2021, 1:07AM","16"
"Issa Diop","WHU","D","Claim","Leo Gerard U2s Team","Fri Dec 10, 2021, 3:16PM","16"
"Jonny Evans","LEI","D","Drop","Leo Gerard U2s Team","Fri Dec 10, 2021, 3:16PM","16"
"Frank Onyeka","BRF","M","Drop","team_tim","Fri Dec 10, 2021, 2:32PM","16"
"Jonny Evans","LEI","D","Claim","Leo Gerard U2s Team","Fri Dec 10, 2021, 2:18PM","16"
"Emerson Royal","TOT","D","Drop","Leo Gerard U2s Team","Fri Dec 10, 2021, 2:18PM","16"
"Andreas Christensen","CHE","D","Claim","Alex's Redemption Arc","Fri Dec 10, 2021, 2:13PM","16"
"Joao Pedro","WAT","F","Drop","Alex's Redemption Arc","Fri Dec 10, 2021, 2:02PM","16"
"Mathias Jensen","BRF","M","Claim","Leo Gerard U2s Team","Fri Dec 10, 2021, 2:01PM","16"
"Marc Albrighton","LEI","M","Drop","Leo Gerard U2s Team","Fri Dec 10, 2021, 2:01PM","16"
"Ben White","ARS","D","Claim","Sean Dyche's Great Escape","Fri Dec 10, 2021, 9:01AM","16"
"Joel Veltman","BHA","D","Drop","Sean Dyche's Great Escape","Fri Dec 10, 2021, 9:01AM","16"
"Divock Origi","LIV","F","Claim","Leo Gerard U2s Team","Fri Dec 10, 2021, 8:05AM","16"
"Wilfried Zaha","CRY","F","Drop","Leo Gerard U2s Team","Fri Dec 10, 2021, 8:05AM","16"
"Wilfried Zaha","CRY","F","Claim","Leo Gerard U2s Team","Thu Dec 9, 2021, 9:04PM","16"
"Ben Davies","TOT","D","Drop","Leo Gerard U2s Team","Thu Dec 9, 2021, 9:04PM","16"
"Kai Havertz","CHE","M","Claim","Hale End Starbøys","Thu Dec 9, 2021, 9:01PM","16"
"Moussa Sissoko","TOT/WAT","M","Drop","Hale End Starbøys","Thu Dec 9, 2021, 9:01PM","16"
"Ben Davies","TOT","D","Claim","Leo Gerard U2s Team","Thu Dec 9, 2021, 2:12PM","16"
"Jesse Lingard","MUN","M","Drop","Leo Gerard U2s Team","Thu Dec 9, 2021, 2:12PM","16"
"Craig Dawson","WHU","D","Claim","Alex's Redemption Arc","Thu Dec 9, 2021, 1:59PM","16"
"Ben Davies","TOT","D","Drop","Alex's Redemption Arc","Thu Dec 9, 2021, 1:59PM","16"
"Manuel Lanzini","WHU","M","Claim","Gylfi’s Goobers","Wed Dec 8, 2021, 9:26PM","16"
"Wilfried Zaha","CRY","F","Drop","Gylfi’s Goobers","Wed Dec 8, 2021, 9:26PM","16"
"Lukasz Fabianski","WHU","G","Claim","Berkley McG’s U1s","Wed Dec 8, 2021, 4:26PM","16"
"Hugo Lloris","TOT","G","Drop","Berkley McG’s U1s","Wed Dec 8, 2021, 4:26PM","16"
"Timo Werner","CHE","F","Claim","Berkley McG’s U1s","Wed Dec 8, 2021, 2:42PM","16"
"Andreas Christensen","CHE","D","Drop","Berkley McG’s U1s","Wed Dec 8, 2021, 2:42PM","16"
"Marc Albrighton","LEI","M","Claim","Leo Gerard U2s Team","Wed Dec 8, 2021, 1:02PM","16"
"Vitaly Janelt","BRF","M","Drop","Leo Gerard U2s Team","Wed Dec 8, 2021, 1:02PM","16"
"Moussa Sissoko","TOT/WAT","M","Claim","Hale End Starbøys","Wed Dec 8, 2021, 10:22AM","16"
"Odsonne Edouard","CRY","F","Drop","Hale End Starbøys","Wed Dec 8, 2021, 10:22AM","16"
"Naby Keita","LIV","M","Claim","Hale End Starbøys","Wed Dec 8, 2021, 12:43AM","16"
"Joelinton","NEW","F","Claim","Gabriel’s Sparkling Cider","Tue Dec 7, 2021, 9:12PM","16"
"Arthur Masuaku","WHU","D","Claim","Gabriel’s Sparkling Cider","Tue Dec 7, 2021, 9:10PM","16"
"Joe Willock","NEW","M","Claim","Gylfi’s Goobers","Tue Dec 7, 2021, 9:05PM","16"
"Milot Rashica","NOR","M","Drop","Gylfi’s Goobers","Tue Dec 7, 2021, 9:05PM","16"
"Lyanco","SOU","D","Claim","Alex's Redemption Arc","Tue Dec 7, 2021, 9:00PM","16"
"Ben Davies","TOT","D","Claim","Alex's Redemption Arc","Tue Dec 7, 2021, 9:00PM","16"
"Joao Pedro","WAT","F","Claim","Alex's Redemption Arc","Tue Dec 7, 2021, 9:00PM","16"
"Cucho Hernández","WAT","F","Claim","Leo Gerard U2s Team","Tue Dec 7, 2021, 9:00PM","16"
"Jonjo Shelvey","NEW","M","Claim","Berkley McG’s U1s","Tue Dec 7, 2021, 9:00PM","16"
"Kai Havertz","CHE","M","Drop","Berkley McG’s U1s","Tue Dec 7, 2021, 9:00PM","16"
"Aymeric Laporte","MCI","D","Claim","Berkley McG’s U1s","Tue Dec 7, 2021, 9:00PM","16"
"Raphael Varane","MUN","D","Claim","Berkley McG’s U1s","Tue Dec 7, 2021, 9:00PM","16"
"Japhet Tanganga","TOT","D","Drop","Alex's Redemption Arc","Tue Dec 7, 2021, 3:52PM","16"
"Eric Dier","TOT","D","Drop","Berkley McG’s U1s","Tue Dec 7, 2021, 9:57AM","16"
"Grant Hanley","NOR","D","Drop","Berkley McG’s U1s","Tue Dec 7, 2021, 9:57AM","16"
"Jeffrey Schlupp","CRY","M","Drop","Alex's Redemption Arc","Tue Dec 7, 2021, 9:31AM","16"
"Sergi Canos","BRF","F","Drop","Alex's Redemption Arc","Mon Dec 6, 2021, 6:08PM","16"
"Nathan Collins","BUR","D","Drop","Leo Gerard U2s Team","Sun Dec 5, 2021, 9:01PM","16"
"Ashley Young","AVL","D","Drop","Gabriel’s Sparkling Cider","Sun Dec 5, 2021, 2:30PM","16"
"Ashley Young","AVL","D","Claim","Gabriel’s Sparkling Cider","Sun Dec 5, 2021, 11:25AM","15"
"Jonny Evans","LEI","D","Drop","Gabriel’s Sparkling Cider","Sun Dec 5, 2021, 11:25AM","15"
"Patson Daka","LEI","F","Claim","Alex's Redemption Arc","Sun Dec 5, 2021, 10:30AM","15"
"Anwar El Ghazi","AVL/EVE","M","Drop","Alex's Redemption Arc","Sun Dec 5, 2021, 10:30AM","15"
"Sergi Canos","BRF","F","Claim","Alex's Redemption Arc","Sun Dec 5, 2021, 8:17AM","15"
"Vitaly Janelt","BRF","M","Claim","Leo Gerard U2s Team","Sun Dec 5, 2021, 8:14AM","15"
"Sergi Canos","BRF","F","Drop","Leo Gerard U2s Team","Sun Dec 5, 2021, 8:14AM","15"
"Sergi Canos","BRF","F","Claim","Leo Gerard U2s Team","Sun Dec 5, 2021, 8:09AM","15"
"Todd Cantwell","NOR","M","Drop","Leo Gerard U2s Team","Sun Dec 5, 2021, 8:04AM","15"
"Michael Olise","CRY","M","Drop","Alex's Redemption Arc","Sun Dec 5, 2021, 8:03AM","15"
"Japhet Tanganga","TOT","D","Claim","Alex's Redemption Arc","Sun Dec 5, 2021, 8:01AM","15"
"Donny van de Beek","MUN/EVE","M","Drop","Alex's Redemption Arc","Sun Dec 5, 2021, 8:01AM","15"
"Jeffrey Schlupp","CRY","M","Claim","Alex's Redemption Arc","Sun Dec 5, 2021, 8:01AM","15"
"Luke Ayling","LEE","D","Claim","The McB’s","Sun Dec 5, 2021, 8:01AM","15"
"Todd Cantwell","NOR","M","Claim","Leo Gerard U2s Team","Sat Dec 4, 2021, 9:24PM","15"
"Luke Thomas","LEI","D","Drop","Leo Gerard U2s Team","Sat Dec 4, 2021, 9:24PM","15"
"Luke Thomas","LEI","D","Claim","Leo Gerard U2s Team","Sat Dec 4, 2021, 2:27PM","15"
"Patson Daka","LEI","F","Drop","Leo Gerard U2s Team","Sat Dec 4, 2021, 2:27PM","15"
"Grant Hanley","NOR","D","Claim","Berkley McG’s U1s","Sat Dec 4, 2021, 11:40AM","15"
"Oleksandr Zinchenko","MCI","D","Drop","Berkley McG’s U1s","Sat Dec 4, 2021, 11:40AM","15"
"Cole Palmer","MCI","M","Drop","The McB’s","Sat Dec 4, 2021, 11:31AM","15"
"Nathan Collins","BUR","D","Claim","Leo Gerard U2s Team","Sat Dec 4, 2021, 9:47AM","15"
"Matthew Lowton","BUR","D","Drop","Leo Gerard U2s Team","Sat Dec 4, 2021, 9:47AM","15"
"Cole Palmer","MCI","M","Claim","The McB’s","Sat Dec 4, 2021, 9:24AM","15"
"Teemu Pukki","NOR","F","Drop","Gabriel’s Sparkling Cider","Sat Dec 4, 2021, 9:10AM","15"
"Matthew Lowton","BUR","D","Claim","Leo Gerard U2s Team","Sat Dec 4, 2021, 9:08AM","15"
"Nick Pope","BUR","G","Drop","Alex's Redemption Arc","Sat Dec 4, 2021, 9:05AM","15"
"Ibrahima Konate","LIV","D","Drop","Leo Gerard U2s Team","Sat Dec 4, 2021, 9:00AM","15"
"Joel Veltman","BHA","D","Claim","Sean Dyche's Great Escape","Sat Dec 4, 2021, 8:47AM","15"
"Tyrick Mitchell","CRY","D","Drop","Sean Dyche's Great Escape","Sat Dec 4, 2021, 8:47AM","15"
"Conor Coady","WOL","D","Drop","Sean Dyche's Great Escape","Sat Dec 4, 2021, 8:41AM","15"
"Ben Johnson","WHU","D","Drop","The McB’s","Sat Dec 4, 2021, 7:21AM","15"
"Patson Daka","LEI","F","Claim","Leo Gerard U2s Team","Fri Dec 3, 2021, 9:57PM","15"
"Ben Davies","TOT","D","Drop","Leo Gerard U2s Team","Fri Dec 3, 2021, 9:57PM","15"
"Anwar El Ghazi","AVL/EVE","M","Claim","Alex's Redemption Arc","Fri Dec 3, 2021, 9:01PM","15"
"Alexandre Lacazette","ARS","F","Claim","Hale End Starbøys","Fri Dec 3, 2021, 9:01PM","15"
"Rodrigo","LEE","F","Drop","Hale End Starbøys","Fri Dec 3, 2021, 9:01PM","15"
"Gabriel Martinelli","ARS","M","Claim","Gabriel’s Sparkling Cider","Fri Dec 3, 2021, 9:01PM","15"
"Donny van de Beek","MUN/EVE","M","Claim","Alex's Redemption Arc","Fri Dec 3, 2021, 9:01PM","15"
"Jesse Lingard","MUN","M","Claim","Leo Gerard U2s Team","Fri Dec 3, 2021, 9:01PM","15"
"Jonjo Shelvey","NEW","M","Drop","Leo Gerard U2s Team","Fri Dec 3, 2021, 9:01PM","15"
"Jonny Evans","LEI","D","Claim","Gabriel’s Sparkling Cider","Fri Dec 3, 2021, 9:00PM","15"
"Emerson Royal","TOT","D","Claim","Leo Gerard U2s Team","Fri Dec 3, 2021, 9:00PM","15"
"Andreas Christensen","CHE","D","Claim","Berkley McG’s U1s","Fri Dec 3, 2021, 9:00PM","15"
"Ruben Dias","MCI","D","Claim","Berkley McG’s U1s","Fri Dec 3, 2021, 9:00PM","15"
"Takumi Minamino","LIV","F","Claim","Gylfi’s Goobers","Fri Dec 3, 2021, 9:00PM","15"
"Ricardo Pereira","LEI","D","Drop","Gylfi’s Goobers","Fri Dec 3, 2021, 9:00PM","15"
"Davinson Sanchez","TOT","D","Claim","Berkley McG’s U1s","Fri Dec 3, 2021, 9:00PM","15"
"Diogo Dalot","MUN","D","Claim","Gylfi’s Goobers","Fri Dec 3, 2021, 9:00PM","15"
"Ben White","ARS","D","Drop","Gylfi’s Goobers","Fri Dec 3, 2021, 9:00PM","15"
"Fred","MUN","M","Claim","Berkley McG’s U1s","Fri Dec 3, 2021, 9:00PM","15"
"Daniel James","MUN/LEE","M","Drop","Berkley McG’s U1s","Fri Dec 3, 2021, 9:00PM","15"
"Wilfried Zaha","CRY","F","Claim","Gylfi’s Goobers","Fri Dec 3, 2021, 9:00PM","15"
"Joelinton","NEW","F","Drop","Gylfi’s Goobers","Fri Dec 3, 2021, 9:00PM","15"
"João Moutinho","WOL","M","Claim","Roy Kent's U8 Girls","Fri Dec 3, 2021, 9:00PM","15"
"Jorginho","CHE","M","Drop","Roy Kent's U8 Girls","Fri Dec 3, 2021, 9:00PM","15"
"Hakim Ziyech","CHE","M","Claim","The McB’s","Fri Dec 3, 2021, 9:00PM","15"
"Rodri","MCI","M","Drop","The McB’s","Fri Dec 3, 2021, 9:00PM","15"
"Joel Veltman","BHA","D","Drop","Berkley McG’s U1s","Fri Dec 3, 2021, 3:17PM","15"
"Romain Saiss","WOL","D","Drop","Berkley McG’s U1s","Fri Dec 3, 2021, 3:14PM","15"
"Max Kilman","WOL","D","Drop","Berkley McG’s U1s","Fri Dec 3, 2021, 3:14PM","15"
"Andreas Christensen","CHE","D","Drop","Leo Gerard U2s Team","Thu Dec 2, 2021, 7:22PM","15"
"Grant Hanley","NOR","D","Drop","Gabriel’s Sparkling Cider","Thu Dec 2, 2021, 7:21PM","15"
"Kurt Zouma","CHE/WHU","D","Drop","Hale End Starbøys","Thu Dec 2, 2021, 5:33PM","15"
"Joe Willock","NEW","M","Drop","Alex's Redemption Arc","Thu Dec 2, 2021, 4:10PM","15"
"Vitaly Janelt","BRF","M","Drop","Alex's Redemption Arc","Thu Dec 2, 2021, 4:10PM","15"
"Frank Onyeka","BRF","M","Claim","team_tim","Thu Dec 2, 2021, 2:01PM","14"
"Mathias Jensen","BRF","M","Drop","team_tim","Thu Dec 2, 2021, 2:01PM","14"
"Eric Dier","TOT","D","Claim","Berkley McG’s U1s","Thu Dec 2, 2021, 1:36PM","14"
"Albert Sambi Lokonga","ARS","M","Drop","Berkley McG’s U1s","Thu Dec 2, 2021, 1:35PM","14"
"Ben Davies","TOT","D","Claim","Leo Gerard U2s Team","Wed Dec 1, 2021, 9:36PM","14"
"Ben White","ARS","D","Claim","Gylfi’s Goobers","Wed Dec 1, 2021, 9:36PM","14"
"Ben Davies","TOT","D","Drop","Gylfi’s Goobers","Wed Dec 1, 2021, 9:36PM","14"
"Ben Davies","TOT","D","Claim","Gylfi’s Goobers","Mon Nov 29, 2021, 11:05PM","14"
"Ashley Young","AVL","D","Drop","Gylfi’s Goobers","Mon Nov 29, 2021, 11:05PM","14"
"Rodri","MCI","M","Claim","The McB’s","Wed Dec 1, 2021, 2:27PM","14"
"Cole Palmer","MCI","M","Drop","The McB’s","Wed Dec 1, 2021, 2:27PM","14"
"Nick Pope","BUR","G","Claim","Alex's Redemption Arc","Wed Dec 1, 2021, 2:19PM","14"
"Kelechi Iheanacho","LEI","F","Drop","Alex's Redemption Arc","Wed Dec 1, 2021, 2:19PM","14"
"Cole Palmer","MCI","M","Claim","The McB’s","Wed Dec 1, 2021, 1:58PM","14"
"Conor Coady","WOL","D","Claim","Sean Dyche's Great Escape","Wed Dec 1, 2021, 1:52PM","14"
"N'Golo Kante","CHE","M","Drop","Sean Dyche's Great Escape","Wed Dec 1, 2021, 1:52PM","14"
"Nelson Semedo","WOL","D","Claim","Sean Dyche's Great Escape","Wed Dec 1, 2021, 1:46PM","14"
"João Moutinho","WOL","M","Drop","Sean Dyche's Great Escape","Wed Dec 1, 2021, 1:46PM","14"
"Kurt Zouma","CHE/WHU","D","Claim","Hale End Starbøys","Wed Dec 1, 2021, 1:44PM","14"
"Gabriel Martinelli","ARS","M","Drop","Hale End Starbøys","Wed Dec 1, 2021, 1:44PM","14"
"Max Kilman","WOL","D","Claim","Berkley McG’s U1s","Wed Dec 1, 2021, 1:41PM","14"
"Trincão","WOL","F","Drop","Berkley McG’s U1s","Wed Dec 1, 2021, 1:41PM","14"
"Hakim Ziyech","CHE","M","Drop","The McB’s","Wed Dec 1, 2021, 1:41PM","14"
"Cucho Hernández","WAT","F","Drop","Leo Gerard U2s Team","Wed Dec 1, 2021, 1:30PM","14"
"Andreas Christensen","CHE","D","Claim","Leo Gerard U2s Team","Wed Dec 1, 2021, 1:30PM","14"
"Max Kilman","WOL","D","Drop","Leo Gerard U2s Team","Wed Dec 1, 2021, 1:30PM","14"
"Jorginho","CHE","M","Claim","Roy Kent's U8 Girls","Wed Dec 1, 2021, 8:52AM","14"
"Ashley Westwood","BUR","M","Drop","Roy Kent's U8 Girls","Wed Dec 1, 2021, 8:52AM","14"
"Mateusz Klich","LEE","M","Drop","Gabriel’s Sparkling Cider","Tue Nov 30, 2021, 5:19PM","15"
"Mathias Jensen","BRF","M","Claim","team_tim","Tue Nov 30, 2021, 2:20PM","14"
"Sergi Canos","BRF","F","Drop","team_tim","Tue Nov 30, 2021, 2:20PM","14"
"Mateusz Klich","LEE","M","Claim","Gabriel’s Sparkling Cider","Tue Nov 30, 2021, 2:19PM","14"
"Rúben Neves","WOL","M","Drop","Gabriel’s Sparkling Cider","Tue Nov 30, 2021, 11:20AM","14"
"Daniel James","MUN/LEE","M","Claim","Berkley McG’s U1s","Tue Nov 30, 2021, 11:11AM","14"
"Davinson Sanchez","TOT","D","Drop","Berkley McG’s U1s","Tue Nov 30, 2021, 11:11AM","14"
"Alex Telles","MUN","D","Claim","Berkley McG’s U1s","Tue Nov 30, 2021, 10:59AM","14"
"Wilfried Zaha","CRY","F","Drop","Berkley McG’s U1s","Tue Nov 30, 2021, 10:53AM","14"
"Cucho Hernández","WAT","F","Claim","Leo Gerard U2s Team","Tue Nov 30, 2021, 7:23AM","14"
"Ismaila Sarr","WAT","F","Drop","Leo Gerard U2s Team","Tue Nov 30, 2021, 7:14AM","14"
"Max Kilman","WOL","D","Claim","Leo Gerard U2s Team","Mon Nov 29, 2021, 9:10PM","14"
"Nathan Redmond","SOU","M","Claim","The McB’s","Mon Nov 29, 2021, 9:09PM","14"
"Emerson Royal","TOT","D","Drop","The McB’s","Mon Nov 29, 2021, 9:09PM","14"
"Ben Davies","TOT","D","Drop","Berkley McG’s U1s","Mon Nov 29, 2021, 9:08PM","14"
"Eric Dier","TOT","D","Drop","Berkley McG’s U1s","Mon Nov 29, 2021, 9:08PM","14"
"Max Kilman","WOL","D","Drop","Berkley McG’s U1s","Mon Nov 29, 2021, 9:08PM","14"
"Fred","MUN","M","Drop","Berkley McG’s U1s","Mon Nov 29, 2021, 9:08PM","14"
"Ricardo Pereira","LEI","D","Claim","Gylfi’s Goobers","Mon Nov 29, 2021, 9:03PM","14"
"Ruben Dias","MCI","D","Drop","Gylfi’s Goobers","Mon Nov 29, 2021, 9:03PM","14"
"Cheikhou Kouyate","CRY","D,M","Claim","Gabriel’s Sparkling Cider","Mon Nov 29, 2021, 9:02PM","14"
"Gabriel Martinelli","ARS","M","Claim","Hale End Starbøys","Mon Nov 29, 2021, 9:02PM","14"
"Timothy Castagne","LEI","D","Drop","Hale End Starbøys","Mon Nov 29, 2021, 9:02PM","14"
"Nuno Tavares","ARS","D","Drop","Gabriel’s Sparkling Cider","Mon Nov 29, 2021, 9:01PM","14"
"Joe Willock","NEW","M","Claim","Alex's Redemption Arc","Mon Nov 29, 2021, 9:01PM","14"
"Ryan Fraser","NEW","M","Drop","Alex's Redemption Arc","Mon Nov 29, 2021, 9:01PM","14"
"Teemu Pukki","NOR","F","Claim","Gabriel’s Sparkling Cider","Mon Nov 29, 2021, 9:00PM","14"
"Oriol Romeu","SOU","M","Drop","Gabriel’s Sparkling Cider","Mon Nov 29, 2021, 9:00PM","14"
"Adam Armstrong","SOU","F","Claim","Alex's Redemption Arc","Mon Nov 29, 2021, 9:00PM","14"
"David de Gea","MUN","G","Claim","Leo Gerard U2s Team","Mon Nov 29, 2021, 9:00PM","14"
"Vicente Guaita","CRY","G","Drop","Leo Gerard U2s Team","Mon Nov 29, 2021, 9:00PM","14"
"Hugo Lloris","TOT","G","Claim","Berkley McG’s U1s","Mon Nov 29, 2021, 9:00PM","14"
"Daniel Bachmann","WAT","G","Drop","Berkley McG’s U1s","Mon Nov 29, 2021, 9:00PM","14"
"Fred","MUN","M","Claim","Berkley McG’s U1s","Mon Nov 29, 2021, 9:00PM","14"
"Max Kilman","WOL","D","Claim","Berkley McG’s U1s","Mon Nov 29, 2021, 9:00PM","14"
"Ben Davies","TOT","D","Claim","Berkley McG’s U1s","Mon Nov 29, 2021, 9:00PM","14"
"Eric Dier","TOT","D","Claim","Berkley McG’s U1s","Mon Nov 29, 2021, 9:00PM","14"
"Davinson Sanchez","TOT","D","Claim","Berkley McG’s U1s","Mon Nov 29, 2021, 9:00PM","14"
"Albert Sambi Lokonga","ARS","M","Claim","Berkley McG’s U1s","Mon Nov 29, 2021, 9:00PM","14"
"Oleksandr Zinchenko","MCI","D","Claim","Berkley McG’s U1s","Mon Nov 29, 2021, 9:00PM","14"
"Joel Veltman","BHA","D","Claim","Berkley McG’s U1s","Mon Nov 29, 2021, 9:00PM","14"
"N'Golo Kante","CHE","M","Claim","Sean Dyche's Great Escape","Mon Nov 29, 2021, 9:00PM","14"
"Ashley Young","AVL","D","Claim","Gylfi’s Goobers","Mon Nov 29, 2021, 9:00PM","14"
"Pierre-Emile Hojbjerg","TOT","M","Claim","Roy Kent's U8 Girls","Mon Nov 29, 2021, 9:00PM","14"
"Yves Bissouma","BHA","M","Drop","Roy Kent's U8 Girls","Mon Nov 29, 2021, 9:00PM","14"
"Donny van de Beek","MUN/EVE","M","Drop","Berkley McG’s U1s","Mon Nov 29, 2021, 6:08PM","14"
"James McArthur","CRY","M","Drop","Alex's Redemption Arc","Mon Nov 29, 2021, 4:46PM","14"
"Ben White","ARS","D","Drop","Hale End Starbøys","Mon Nov 29, 2021, 12:51PM","14"
"Aymeric Laporte","MCI","D","Drop","Berkley McG’s U1s","Sun Nov 28, 2021, 4:13PM","14"
"Jesse Lingard","MUN","M","Drop","Berkley McG’s U1s","Sun Nov 28, 2021, 4:12PM","14"
"Andreas Christensen","CHE","D","Drop","Berkley McG’s U1s","Sun Nov 28, 2021, 4:12PM","14"
"Ruben Loftus-Cheek","CHE","M","Claim","Sean Dyche's Great Escape","Sun Nov 28, 2021, 11:02AM","13"
"N'Golo Kante","CHE","M","Drop","Sean Dyche's Great Escape","Sun Nov 28, 2021, 11:02AM","13"
"Timothy Castagne","LEI","D","Claim","Hale End Starbøys","Sun Nov 28, 2021, 8:43AM","13"
"Pontus Jansson","BRF","D","Drop","Hale End Starbøys","Sun Nov 28, 2021, 8:43AM","13"
"Daniel Bachmann","WAT","G","Claim","Berkley McG’s U1s","Sun Nov 28, 2021, 8:32AM","13"
"Hugo Lloris","TOT","G","Drop","Berkley McG’s U1s","Sun Nov 28, 2021, 8:32AM","13"
"Pontus Jansson","BRF","D","Claim","Hale End Starbøys","Sun Nov 28, 2021, 8:30AM","13"
"Pierre-Emile Hojbjerg","TOT","M","Drop","Hale End Starbøys","Sun Nov 28, 2021, 8:30AM","13"
"Andreas Christensen","CHE","D","Claim","Berkley McG’s U1s","Sun Nov 28, 2021, 8:22AM","13"
"Hakim Ziyech","CHE","M","Claim","The McB’s","Sun Nov 28, 2021, 8:21AM","13"
"Ben Davies","TOT","D","Drop","Berkley McG’s U1s","Sun Nov 28, 2021, 8:18AM","13"
"Aymeric Laporte","MCI","D","Claim","Berkley McG’s U1s","Sun Nov 28, 2021, 8:16AM","13"
"Eric Dier","TOT","D","Drop","Berkley McG’s U1s","Sun Nov 28, 2021, 8:16AM","13"
"Cole Palmer","MCI","M","Drop","The McB’s","Sun Nov 28, 2021, 8:01AM","13"
"Cole Palmer","MCI","M","Claim","The McB’s","Sun Nov 28, 2021, 7:57AM","13"
"Nelson Semedo","WOL","D","Drop","Leo Gerard U2s Team","Sat Nov 27, 2021, 9:27PM","14"
"Grant Hanley","NOR","D","Claim","Gabriel’s Sparkling Cider","Sat Nov 27, 2021, 9:15AM","13"
"Max Kilman","WOL","D","Drop","Gabriel’s Sparkling Cider","Sat Nov 27, 2021, 9:15AM","13"
"Oriol Romeu","SOU","M","Claim","Gabriel’s Sparkling Cider","Sat Nov 27, 2021, 9:11AM","13"
"Nathan Redmond","SOU","M","Drop","Gabriel’s Sparkling Cider","Sat Nov 27, 2021, 9:11AM","13"
"João Moutinho","WOL","M","Claim","Sean Dyche's Great Escape","Sat Nov 27, 2021, 9:08AM","13"
"Tyrick Mitchell","CRY","D","Claim","Sean Dyche's Great Escape","Sat Nov 27, 2021, 9:08AM","13"
"Eric Dier","TOT","D","Claim","Berkley McG’s U1s","Sat Nov 27, 2021, 9:08AM","13"
"Grant Hanley","NOR","D","Drop","Berkley McG’s U1s","Sat Nov 27, 2021, 9:08AM","13"
"Daniel Podence","WOL","M","Drop","The McB’s","Sat Nov 27, 2021, 9:05AM","13"
"Pierre Lees-Melou","NOR","M","Drop","Sean Dyche's Great Escape","Sat Nov 27, 2021, 9:05AM","13"
"Alex Oxlade-Chamberlain","LIV","M","Drop","Sean Dyche's Great Escape","Sat Nov 27, 2021, 9:05AM","13"
"Ibrahima Konate","LIV","D","Claim","Leo Gerard U2s Team","Sat Nov 27, 2021, 9:00AM","13"
"Alex Telles","MUN","D","Drop","Leo Gerard U2s Team","Sat Nov 27, 2021, 9:00AM","13"
"Nuno Tavares","ARS","D","Claim","Gabriel’s Sparkling Cider","Sat Nov 27, 2021, 7:26AM","13"
"Martin Odegaard","ARS","M","Claim","Hale End Starbøys","Sat Nov 27, 2021, 7:26AM","13"
"Kalvin Phillips","LEE","M","Drop","Hale End Starbøys","Sat Nov 27, 2021, 7:26AM","13"
"Rúben Neves","WOL","M","Claim","Gabriel’s Sparkling Cider","Sat Nov 27, 2021, 7:20AM","13"
"Adam Armstrong","SOU","F","Drop","Gabriel’s Sparkling Cider","Sat Nov 27, 2021, 7:15AM","13"
"Nicolas Pepe","ARS","F","Drop","Gabriel’s Sparkling Cider","Sat Nov 27, 2021, 7:15AM","13"
"Ryan Fraser","NEW","M","Claim","Alex's Redemption Arc","Sat Nov 27, 2021, 7:09AM","13"
"Joel Veltman","BHA","D","Drop","Alex's Redemption Arc","Sat Nov 27, 2021, 7:09AM","13"
"Joel Veltman","BHA","D","Claim","Alex's Redemption Arc","Fri Nov 26, 2021, 5:55PM","13"
"Timo Werner","CHE","F","Drop","Alex's Redemption Arc","Fri Nov 26, 2021, 5:55PM","13"
"Alex Telles","MUN","D","Claim","Leo Gerard U2s Team","Fri Nov 26, 2021, 11:39AM","13"
"Solly March","BHA","M","Drop","Leo Gerard U2s Team","Fri Nov 26, 2021, 11:39AM","13"
"Kalvin Phillips","LEE","M","Claim","Hale End Starbøys","Thu Nov 25, 2021, 10:33PM","13"
"Todd Cantwell","NOR","M","Drop","Hale End Starbøys","Thu Nov 25, 2021, 10:33PM","13"
"Solly March","BHA","M","Claim","Leo Gerard U2s Team","Thu Nov 25, 2021, 9:53PM","13"
"Rúben Neves","WOL","M","Drop","Leo Gerard U2s Team","Thu Nov 25, 2021, 9:53PM","13"
"Timo Werner","CHE","F","Claim","Alex's Redemption Arc","Thu Nov 25, 2021, 6:05PM","13"
"Nelson Semedo","WOL","D","Claim","Leo Gerard U2s Team","Wed Nov 24, 2021, 11:03AM","13"
"Andreas Christensen","CHE","D","Drop","Leo Gerard U2s Team","Wed Nov 24, 2021, 11:03AM","13"
"Rúben Neves","WOL","M","Claim","Leo Gerard U2s Team","Wed Nov 24, 2021, 10:49AM","13"
"Nelson Semedo","WOL","D","Drop","Leo Gerard U2s Team","Wed Nov 24, 2021, 10:49AM","13"
"Ben White","ARS","D","Claim","Hale End Starbøys","Wed Nov 24, 2021, 1:37AM","13"
"Bryan Mbeumo","BRF","F","Drop","Hale End Starbøys","Wed Nov 24, 2021, 1:37AM","13"
"Pierre-Emile Hojbjerg","TOT","M","Claim","Hale End Starbøys","Wed Nov 24, 2021, 1:36AM","13"
"Allan","EVE","M","Drop","Hale End Starbøys","Wed Nov 24, 2021, 1:36AM","13"
"Nelson Semedo","WOL","D","Claim","Leo Gerard U2s Team","Tue Nov 23, 2021, 10:19PM","13"
"Mathias Jensen","BRF","M","Drop","Leo Gerard U2s Team","Tue Nov 23, 2021, 10:19PM","13"
"Max Kilman","WOL","D","Claim","Gabriel’s Sparkling Cider","Tue Nov 23, 2021, 9:06PM","13"
"Matthew Lowton","BUR","D","Drop","Gabriel’s Sparkling Cider","Tue Nov 23, 2021, 9:06PM","13"
"Vicente Guaita","CRY","G","Claim","Leo Gerard U2s Team","Tue Nov 23, 2021, 9:01PM","13"
"Alex McCarthy","SOU","G","Drop","Leo Gerard U2s Team","Tue Nov 23, 2021, 9:01PM","13"
"Jonjo Shelvey","NEW","M","Claim","Leo Gerard U2s Team","Tue Nov 23, 2021, 9:00PM","13"
"Tyrick Mitchell","CRY","D","Drop","Leo Gerard U2s Team","Tue Nov 23, 2021, 9:00PM","13"
"Mathias Jensen","BRF","M","Claim","Leo Gerard U2s Team","Tue Nov 23, 2021, 9:00PM","13"
"Grant Hanley","NOR","D","Claim","Berkley McG’s U1s","Tue Nov 23, 2021, 9:00PM","13"
"Romain Saiss","WOL","D","Claim","Berkley McG’s U1s","Tue Nov 23, 2021, 9:00PM","13"
"Trincão","WOL","F","Claim","Berkley McG’s U1s","Tue Nov 23, 2021, 9:00PM","13"
"Donny van de Beek","MUN/EVE","M","Claim","Berkley McG’s U1s","Tue Nov 23, 2021, 9:00PM","13"
"Solly March","BHA","M","Drop","Berkley McG’s U1s","Tue Nov 23, 2021, 9:00PM","13"
"Alex Oxlade-Chamberlain","LIV","M","Claim","Sean Dyche's Great Escape","Tue Nov 23, 2021, 9:00PM","13"
"Ibrahima Konate","LIV","D","Drop","Sean Dyche's Great Escape","Tue Nov 23, 2021, 9:00PM","13"
"Joelinton","NEW","F","Claim","Gylfi’s Goobers","Tue Nov 23, 2021, 9:00PM","13"
"Nick Pope","BUR","G","Drop","Gylfi’s Goobers","Tue Nov 23, 2021, 9:00PM","13"
"Marcos Alonso","CHE","D","Claim","The McB’s","Tue Nov 23, 2021, 9:00PM","13"
"Thomas Partey","ARS","M","Drop","The McB’s","Tue Nov 23, 2021, 9:00PM","13"
"Stuart Armstrong","SOU","M","Drop","Berkley McG’s U1s","Tue Nov 23, 2021, 5:22PM","13"
"Cristian Romero","TOT","D","Drop","Berkley McG’s U1s","Tue Nov 23, 2021, 9:36AM","13"
"Jan Bednarek","SOU","D","Drop","Berkley McG’s U1s","Tue Nov 23, 2021, 9:35AM","13"
"Saman Ghoddos","BRF","M,F","Drop","Alex's Redemption Arc","Mon Nov 22, 2021, 9:29AM","13"
"Moussa Sissoko","TOT/WAT","M","Drop","Leo Gerard U2s Team","Sun Nov 21, 2021, 8:40PM","13"
"Allan","EVE","M","Claim","Hale End Starbøys","Sat Nov 20, 2021, 12:03PM","12"
"Martin Odegaard","ARS","M","Drop","Hale End Starbøys","Sat Nov 20, 2021, 12:03PM","12"
"Thomas Partey","ARS","M","Claim","The McB’s","Sat Nov 20, 2021, 11:51AM","12"
"Albert Sambi Lokonga","ARS","M","Drop","The McB’s","Sat Nov 20, 2021, 11:51AM","12"
"Billy Gilmour","NOR","M","Claim","Sean Dyche's Great Escape","Sat Nov 20, 2021, 9:32AM","12"
"Mathias Jensen","BRF","M","Drop","Sean Dyche's Great Escape","Sat Nov 20, 2021, 9:32AM","12"
"Matthew Lowton","BUR","D","Claim","Gabriel’s Sparkling Cider","Sat Nov 20, 2021, 9:11AM","12"
"Joel Veltman","BHA","D","Drop","Gabriel’s Sparkling Cider","Sat Nov 20, 2021, 9:10AM","12"
"Adam Armstrong","SOU","F","Claim","Gabriel’s Sparkling Cider","Sat Nov 20, 2021, 9:09AM","12"
"Trincão","WOL","F","Drop","Gabriel’s Sparkling Cider","Sat Nov 20, 2021, 9:07AM","12"
"Saman Ghoddos","BRF","M,F","Claim","Alex's Redemption Arc","Sat Nov 20, 2021, 9:05AM","12"
"Adam Armstrong","SOU","F","Drop","Alex's Redemption Arc","Sat Nov 20, 2021, 9:05AM","12"
"Adam Armstrong","SOU","F","Claim","Alex's Redemption Arc","Sat Nov 20, 2021, 9:03AM","12"
"Daniel Podence","WOL","M","Claim","The McB’s","Sat Nov 20, 2021, 9:03AM","12"
"Rúben Neves","WOL","M","Drop","The McB’s","Sat Nov 20, 2021, 9:03AM","12"
"Ricardo Pereira","LEI","D","Drop","Alex's Redemption Arc","Sat Nov 20, 2021, 7:23AM","12"
"N'Golo Kante","CHE","M","Claim","Sean Dyche's Great Escape","Sat Nov 20, 2021, 6:31AM","12"
"Curtis Jones","LIV","M","Drop","Sean Dyche's Great Escape","Sat Nov 20, 2021, 6:31AM","12"
"Raheem Sterling","MCI","F","Claim","Leo Gerard U2s Team","Fri Nov 19, 2021, 12:45PM","12"
"Matthew Lowton","BUR","D","Drop","Leo Gerard U2s Team","Fri Nov 19, 2021, 12:45PM","12"
"Jesse Lingard","MUN","M","Claim","Berkley McG’s U1s","Fri Nov 19, 2021, 11:25AM","12"
"Eric Dier","TOT","D","Drop","Berkley McG’s U1s","Fri Nov 19, 2021, 11:25AM","12"
"Eric Dier","TOT","D","Claim","Berkley McG’s U1s","Thu Nov 18, 2021, 9:00PM","12"
"Todd Cantwell","NOR","M","Claim","Hale End Starbøys","Thu Nov 18, 2021, 11:47AM","12"
"Pierre-Emile Hojbjerg","TOT","M","Drop","Hale End Starbøys","Thu Nov 18, 2021, 11:47AM","12"
"Stuart Armstrong","SOU","M","Claim","Berkley McG’s U1s","Wed Nov 17, 2021, 8:59AM","12"
"Eric Dier","TOT","D","Drop","Berkley McG’s U1s","Wed Nov 17, 2021, 8:59AM","12"
"Pierre-Emile Hojbjerg","TOT","M","Claim","Hale End Starbøys","Tue Nov 16, 2021, 10:57PM","12"
"Raheem Sterling","MCI","F","Drop","Hale End Starbøys","Tue Nov 16, 2021, 10:57PM","12"
"Konstantinos Tsimikas","LIV","D","Claim","Gylfi’s Goobers","Mon Nov 15, 2021, 5:05PM","12"
"Pierre-Emile Hojbjerg","TOT","M","Drop","Gylfi’s Goobers","Mon Nov 15, 2021, 5:05PM","12"
"Bryan Mbeumo","BRF","F","Claim","Hale End Starbøys","Mon Nov 15, 2021, 12:33PM","12"
"Robert Sanchez","BHA","G","Claim","Alex's Redemption Arc","Thu Nov 11, 2021, 10:55PM","12"
"Gabriel Magalhaes","ARS","D","Claim","Roy Kent's U8 Girls","Thu Nov 11, 2021, 9:00PM","12"
"Ezri Konsa","AVL","D","Drop","Roy Kent's U8 Girls","Thu Nov 11, 2021, 9:00PM","12"
"Christian Benteke","CRY","F","Claim","Leo Gerard U2s Team","Thu Nov 11, 2021, 2:32PM","12"
"Billy Gilmour","NOR","M","Drop","Leo Gerard U2s Team","Thu Nov 11, 2021, 2:32PM","12"
"Billy Gilmour","NOR","M","Claim","Leo Gerard U2s Team","Thu Nov 11, 2021, 10:08AM","12"
"Konstantinos Tsimikas","LIV","D","Drop","Leo Gerard U2s Team","Thu Nov 11, 2021, 10:08AM","12"
"Konstantinos Tsimikas","LIV","D","Claim","Leo Gerard U2s Team","Thu Nov 11, 2021, 7:55AM","12"
"Matt Doherty","TOT","D","Drop","Leo Gerard U2s Team","Thu Nov 11, 2021, 7:55AM","12"
"Mathias Jensen","BRF","M","Claim","Sean Dyche's Great Escape","Wed Nov 10, 2021, 2:51PM","12"
"Marçal","WOL","D","Drop","Sean Dyche's Great Escape","Wed Nov 10, 2021, 2:51PM","12"
"Allan","EVE","M","Drop","Hale End Starbøys","Wed Nov 10, 2021, 2:50PM","12"
"Ibrahima Konate","LIV","D","Claim","Sean Dyche's Great Escape","Wed Nov 10, 2021, 2:38PM","12"
"Thomas Partey","ARS","M","Drop","Sean Dyche's Great Escape","Wed Nov 10, 2021, 2:38PM","12"
"Trevoh Chalobah","CHE","D,M","Claim","Sean Dyche's Great Escape","Wed Nov 10, 2021, 2:36PM","12"
"Aymeric Laporte","MCI","D","Drop","Sean Dyche's Great Escape","Wed Nov 10, 2021, 2:36PM","12"
"Matthew Lowton","BUR","D","Claim","Leo Gerard U2s Team","Tue Nov 9, 2021, 9:46PM","12"
"Konstantinos Tsimikas","LIV","D","Drop","Leo Gerard U2s Team","Tue Nov 9, 2021, 9:46PM","12"
"Allan","EVE","M","Claim","Hale End Starbøys","Tue Nov 9, 2021, 9:32PM","12"
"Gabriel Magalhaes","ARS","D","Drop","Hale End Starbøys","Tue Nov 9, 2021, 9:32PM","12"
"Nathan Redmond","SOU","M","Claim","Gabriel’s Sparkling Cider","Tue Nov 9, 2021, 9:25PM","12"
"Nick Pope","BUR","G","Claim","Gylfi’s Goobers","Tue Nov 9, 2021, 9:09PM","12"
"Robert Sanchez","BHA","G","Drop","Gylfi’s Goobers","Tue Nov 9, 2021, 9:09PM","12"
"Matt Doherty","TOT","D","Claim","Leo Gerard U2s Team","Tue Nov 9, 2021, 9:06PM","12"
"Stuart Armstrong","SOU","M","Drop","Leo Gerard U2s Team","Tue Nov 9, 2021, 9:06PM","12"
"Konstantinos Tsimikas","LIV","D","Claim","Leo Gerard U2s Team","Tue Nov 9, 2021, 9:05PM","12"
"Milot Rashica","NOR","M","Claim","Leo Gerard U2s Team","Tue Nov 9, 2021, 9:04PM","12"
"Ben Davies","TOT","D","Claim","Berkley McG’s U1s","Tue Nov 9, 2021, 9:00PM","12"
"Ben White","ARS","D","Drop","Berkley McG’s U1s","Tue Nov 9, 2021, 9:00PM","12"
"Cristian Romero","TOT","D","Claim","Berkley McG’s U1s","Tue Nov 9, 2021, 9:00PM","12"
"Alex Oxlade-Chamberlain","LIV","M","Drop","Gabriel’s Sparkling Cider","Mon Nov 8, 2021, 2:47PM","12"
"Christian Benteke","CRY","F","Drop","Berkley McG’s U1s","Mon Nov 8, 2021, 6:30AM","12"
"Matthew Lowton","BUR","D","Drop","Berkley McG’s U1s","Mon Nov 8, 2021, 6:30AM","12"
"Ibrahima Konate","LIV","D","Drop","Leo Gerard U2s Team","Sun Nov 7, 2021, 10:46AM","11"
"Alex Oxlade-Chamberlain","LIV","M","Claim","Gabriel’s Sparkling Cider","Sun Nov 7, 2021, 10:38AM","11"
"Mateusz Klich","LEE","M","Drop","Gabriel’s Sparkling Cider","Sun Nov 7, 2021, 8:01AM","11"
"Enock Mwepu","BHA","M","Drop","Leo Gerard U2s Team","Sat Nov 6, 2021, 2:46PM","12"
"Yves Bissouma","BHA","M","Claim","Roy Kent's U8 Girls","Sat Nov 6, 2021, 1:13PM","11"
"Neal Maupay","BHA","F","Drop","Roy Kent's U8 Girls","Sat Nov 6, 2021, 1:13PM","11"
"Jorginho","CHE","M","Drop","Alex's Redemption Arc","Sat Nov 6, 2021, 12:33PM","12"
"Enock Mwepu","BHA","M","Claim","Leo Gerard U2s Team","Sat Nov 6, 2021, 12:33PM","11"
"Nuno Tavares","ARS","D","Drop","Leo Gerard U2s Team","Sat Nov 6, 2021, 12:33PM","11"
"Jorginho","CHE","M","Claim","Alex's Redemption Arc","Sat Nov 6, 2021, 10:24AM","11"
"Mathias Jensen","BRF","M","Drop","Alex's Redemption Arc","Sat Nov 6, 2021, 10:24AM","11"
"Rúben Neves","WOL","M","Claim","The McB’s","Sat Nov 6, 2021, 10:10AM","11"
"Ross Barkley","CHE","M","Drop","The McB’s","Sat Nov 6, 2021, 10:10AM","11"
"Christian Benteke","CRY","F","Claim","Berkley McG’s U1s","Sat Nov 6, 2021, 10:05AM","11"
"Trevoh Chalobah","CHE","D,M","Drop","Berkley McG’s U1s","Sat Nov 6, 2021, 10:05AM","11"
"Ross Barkley","CHE","M","Claim","The McB’s","Sat Nov 6, 2021, 10:01AM","11"
"Hakim Ziyech","CHE","M","Drop","The McB’s","Sat Nov 6, 2021, 10:01AM","11"
"Trevoh Chalobah","CHE","D,M","Claim","Berkley McG’s U1s","Sat Nov 6, 2021, 8:11AM","11"
"João Moutinho","WOL","M","Drop","Berkley McG’s U1s","Sat Nov 6, 2021, 8:11AM","11"
"Matthew Lowton","BUR","D","Claim","Berkley McG’s U1s","Sat Nov 6, 2021, 7:40AM","11"
"Edinson Cavani","MUN","F","Drop","Berkley McG’s U1s","Sat Nov 6, 2021, 7:40AM","11"
"Stuart Armstrong","SOU","M","Claim","Leo Gerard U2s Team","Fri Nov 5, 2021, 3:04PM","11"
"Nathan Redmond","SOU","M","Drop","Leo Gerard U2s Team","Fri Nov 5, 2021, 3:04PM","11"
"Alex McCarthy","SOU","G","Claim","Leo Gerard U2s Team","Fri Nov 5, 2021, 7:49AM","11"
"Alvaro Fernandez","BRF","G","Drop","Leo Gerard U2s Team","Fri Nov 5, 2021, 7:49AM","11"
"Tyrick Mitchell","CRY","D","Claim","Leo Gerard U2s Team","Thu Nov 4, 2021, 7:06PM","11"
"Cristian Romero","TOT","D","Drop","Leo Gerard U2s Team","Thu Nov 4, 2021, 7:06PM","11"
"Moussa Sissoko","TOT/WAT","M","Claim","Gabriel’s Sparkling Cider","Thu Nov 4, 2021, 12:22PM","11"
"Milot Rashica","NOR","M","Drop","Gabriel’s Sparkling Cider","Thu Nov 4, 2021, 12:22PM","11"
"Raheem Sterling","MCI","F","Claim","Leo Gerard U2s Team","Wed Nov 3, 2021, 10:16PM","11"
"Tanguy Ndombele","TOT","M","Drop","Leo Gerard U2s Team","Wed Nov 3, 2021, 10:16PM","11"
"Nuno Tavares","ARS","D","Claim","Leo Gerard U2s Team","Wed Nov 3, 2021, 10:13PM","11"
"Trevoh Chalobah","CHE","D,M","Drop","Leo Gerard U2s Team","Wed Nov 3, 2021, 10:13PM","11"
"Cristian Romero","TOT","D","Claim","Leo Gerard U2s Team","Tue Nov 2, 2021, 9:15PM","11"
"Giovani Lo Celso","TOT","M","Drop","Leo Gerard U2s Team","Tue Nov 2, 2021, 9:15PM","11"
"Giovani Lo Celso","TOT","M","Claim","Leo Gerard U2s Team","Tue Nov 2, 2021, 9:03PM","11"
"Rúben Neves","WOL","M","Drop","Leo Gerard U2s Team","Tue Nov 2, 2021, 9:03PM","11"
"Tanguy Ndombele","TOT","M","Claim","Leo Gerard U2s Team","Tue Nov 2, 2021, 9:03PM","11"
"Raheem Sterling","MCI","F","Drop","Leo Gerard U2s Team","Tue Nov 2, 2021, 9:03PM","11"
"Gabriel Magalhaes","ARS","D","Claim","Hale End Starbøys","Tue Nov 2, 2021, 9:02PM","11"
"Romain Saiss","WOL","D","Drop","Hale End Starbøys","Tue Nov 2, 2021, 9:02PM","11"
"Raheem Sterling","MCI","F","Claim","Leo Gerard U2s Team","Tue Nov 2, 2021, 9:02PM","11"
"Grant Hanley","NOR","D","Drop","Leo Gerard U2s Team","Tue Nov 2, 2021, 9:02PM","11"
"Rúben Neves","WOL","M","Claim","Leo Gerard U2s Team","Tue Nov 2, 2021, 9:01PM","11"
"Trevoh Chalobah","CHE","D,M","Claim","Leo Gerard U2s Team","Tue Nov 2, 2021, 9:01PM","11"
"James McArthur","CRY","M","Claim","Alex's Redemption Arc","Tue Nov 2, 2021, 9:00PM","11"
"Hakim Ziyech","CHE","M","Claim","The McB’s","Tue Nov 2, 2021, 9:00PM","11"
"Hugo Lloris","TOT","G","Claim","Berkley McG’s U1s","Tue Nov 2, 2021, 9:00PM","11"
"Lukasz Fabianski","WHU","G","Drop","Berkley McG’s U1s","Tue Nov 2, 2021, 9:00PM","11"
"Edinson Cavani","MUN","F","Claim","Berkley McG’s U1s","Tue Nov 2, 2021, 9:00PM","11"
"Stuart Armstrong","SOU","M","Drop","Berkley McG’s U1s","Tue Nov 2, 2021, 9:00PM","11"
"N'Golo Kante","CHE","M","Drop","The McB’s","Tue Nov 2, 2021, 8:59PM","11"
"Milot Rashica","NOR","M","Claim","Gabriel’s Sparkling Cider","Sun Oct 31, 2021, 9:08AM","10"
"Cucho Hernández","WAT","F","Drop","Alex's Redemption Arc","Sat Oct 30, 2021, 2:47PM","11"
"Hakim Ziyech","CHE","M","Drop","Leo Gerard U2s Team","Sat Oct 30, 2021, 12:04PM","11"
"Naby Keita","LIV","M","Drop","Leo Gerard U2s Team","Sat Oct 30, 2021, 12:03PM","11"
"Jesse Lingard","MUN","M","Drop","Gabriel’s Sparkling Cider","Sat Oct 30, 2021, 11:58AM","10"
"N'Golo Kante","CHE","M","Claim","The McB’s","Sat Oct 30, 2021, 9:57AM","10"
"Marcos Alonso","CHE","D","Drop","The McB’s","Sat Oct 30, 2021, 9:57AM","10"
"Chris Wood","BUR/NEW","F","Claim","Roy Kent's U8 Girls","Sat Oct 30, 2021, 9:31AM","10"
"Konstantinos Tsimikas","LIV","D","Drop","Roy Kent's U8 Girls","Sat Oct 30, 2021, 9:31AM","10"
"Jordan Henderson","LIV","M","Claim","Roy Kent's U8 Girls","Sat Oct 30, 2021, 9:26AM","10"
"Fabinho","LIV","M","Drop","Roy Kent's U8 Girls","Sat Oct 30, 2021, 9:26AM","10"
"Sergi Canos","BRF","F","Claim","team_tim","Sat Oct 30, 2021, 9:19AM","10"
"Nathan Collins","BUR","D","Drop","team_tim","Sat Oct 30, 2021, 9:19AM","10"
"Eberechi Eze","CRY","M","Claim","Gabriel’s Sparkling Cider","Sat Oct 30, 2021, 9:09AM","10"
"Moussa Sissoko","TOT/WAT","M","Drop","Gabriel’s Sparkling Cider","Sat Oct 30, 2021, 9:09AM","10"
"Mathias Jensen","BRF","M","Claim","Alex's Redemption Arc","Sat Oct 30, 2021, 9:07AM","10"
"Eberechi Eze","CRY","M","Drop","Alex's Redemption Arc","Sat Oct 30, 2021, 9:05AM","10"
"Ibrahima Konate","LIV","D","Claim","Leo Gerard U2s Team","Sat Oct 30, 2021, 9:05AM","10"
"Trevoh Chalobah","CHE","D,M","Drop","Leo Gerard U2s Team","Sat Oct 30, 2021, 9:05AM","10"
"Joshua King","WAT","F","Claim","Gabriel’s Sparkling Cider","Sat Oct 30, 2021, 9:03AM","10"
"Raheem Sterling","MCI","F","Drop","Gabriel’s Sparkling Cider","Sat Oct 30, 2021, 9:03AM","10"
"Hakim Ziyech","CHE","M","Claim","Leo Gerard U2s Team","Sat Oct 30, 2021, 9:01AM","10"
"Joshua King","WAT","F","Drop","Leo Gerard U2s Team","Sat Oct 30, 2021, 9:01AM","10"
"Alvaro Fernandez","BRF","G","Claim","Leo Gerard U2s Team","Fri Oct 29, 2021, 7:46PM","10"
"Nick Pope","BUR","G","Drop","Leo Gerard U2s Team","Fri Oct 29, 2021, 7:46PM","10"
"Eberechi Eze","CRY","M","Claim","Alex's Redemption Arc","Fri Oct 29, 2021, 9:41AM","10"
"Patson Daka","LEI","F","Drop","Alex's Redemption Arc","Fri Oct 29, 2021, 9:39AM","10"
"Rayan Ait-Nouri","WOL","D","Claim","Hale End Starbøys","Fri Oct 29, 2021, 1:17AM","10"
"Tanguy Ndombele","TOT","M","Drop","Hale End Starbøys","Fri Oct 29, 2021, 1:17AM","10"
"Charlie Taylor","BUR","D","Claim","Gabriel’s Sparkling Cider","Thu Oct 28, 2021, 9:48PM","10"
"Armando Broja","SOU","F","Drop","Gabriel’s Sparkling Cider","Thu Oct 28, 2021, 9:40PM","10"
"Raheem Sterling","MCI","F","Claim","Gabriel’s Sparkling Cider","Thu Oct 28, 2021, 9:11PM","10"
"Ben Johnson","WHU","D","Claim","The McB’s","Wed Oct 27, 2021, 9:03PM","10"
"Ibrahima Konate","LIV","D","Drop","The McB’s","Wed Oct 27, 2021, 9:03PM","10"
"Emmanuel Dennis","WAT","F","Claim","team_tim","Wed Oct 27, 2021, 10:19AM","10"
"Bryan Mbeumo","BRF","F","Drop","team_tim","Wed Oct 27, 2021, 10:19AM","10"
"Jeremy Ngakia","WAT","D","Drop","Gabriel’s Sparkling Cider","Tue Oct 26, 2021, 9:53PM","10"
"Thomas Partey","ARS","M","Claim","Sean Dyche's Great Escape","Tue Oct 26, 2021, 9:08PM","10"
"Ruben Loftus-Cheek","CHE","M","Drop","Sean Dyche's Great Escape","Tue Oct 26, 2021, 9:08PM","10"
"Tariq Lamptey","BHA","D","Claim","Gylfi’s Goobers","Tue Oct 26, 2021, 9:02PM","10"
"Raheem Sterling","MCI","F","Drop","Gylfi’s Goobers","Tue Oct 26, 2021, 9:02PM","10"
"Nick Pope","BUR","G","Claim","Leo Gerard U2s Team","Tue Oct 26, 2021, 9:01PM","10"
"Jordan Pickford","EVE","G","Drop","Leo Gerard U2s Team","Tue Oct 26, 2021, 9:01PM","10"
"Joshua King","WAT","F","Claim","Leo Gerard U2s Team","Tue Oct 26, 2021, 9:00PM","10"
"Naby Keita","LIV","M","Claim","Leo Gerard U2s Team","Tue Oct 26, 2021, 9:00PM","10"
"Lukasz Fabianski","WHU","G","Claim","Berkley McG’s U1s","Tue Oct 26, 2021, 9:00PM","10"
"Vicente Guaita","CRY","G","Drop","Berkley McG’s U1s","Tue Oct 26, 2021, 9:00PM","10"
"Solly March","BHA","M","Claim","Berkley McG’s U1s","Tue Oct 26, 2021, 9:00PM","10"
"Allan","EVE","M","Drop","Berkley McG’s U1s","Tue Oct 26, 2021, 9:00PM","10"
"Aymeric Laporte","MCI","D","Claim","Sean Dyche's Great Escape","Tue Oct 26, 2021, 9:00PM","10"
"Timothy Castagne","LEI","D","Drop","Sean Dyche's Great Escape","Tue Oct 26, 2021, 9:00PM","10"
"Eric Dier","TOT","D","Claim","Berkley McG’s U1s","Tue Oct 26, 2021, 9:00PM","10"
"Jannik Vestergaard","LEI","D","Drop","Berkley McG’s U1s","Tue Oct 26, 2021, 9:00PM","10"
"Cucho Hernández","WAT","F","Claim","Alex's Redemption Arc","Tue Oct 26, 2021, 9:00PM","10"
"Joe Willock","NEW","M","Drop","Alex's Redemption Arc","Tue Oct 26, 2021, 9:00PM","10"
"Christian Norgaard","BRF","M","Claim","Gylfi’s Goobers","Tue Oct 26, 2021, 9:00PM","10"
"Rúben Neves","WOL","M","Drop","Gylfi’s Goobers","Tue Oct 26, 2021, 9:00PM","10"
"Curtis Jones","LIV","M","Claim","Sean Dyche's Great Escape","Tue Oct 26, 2021, 9:00PM","10"
"Seamus Coleman","EVE","D","Drop","Sean Dyche's Great Escape","Tue Oct 26, 2021, 9:00PM","10"
"James Milner","LIV","M","Drop","Leo Gerard U2s Team","Sun Oct 24, 2021, 1:54PM","10"
"Ibrahima Konate","LIV","D","Claim","The McB’s","Sun Oct 24, 2021, 10:51AM","9"
"Victor Lindelof","MUN","D","Drop","The McB’s","Sun Oct 24, 2021, 10:51AM","9"
"James Milner","LIV","M","Claim","Leo Gerard U2s Team","Sun Oct 24, 2021, 10:44AM","9"
"Ibrahima Konate","LIV","D","Drop","Leo Gerard U2s Team","Sun Oct 24, 2021, 10:44AM","9"
"Victor Lindelof","MUN","D","Claim","The McB’s","Sun Oct 24, 2021, 10:39AM","9"
"James Milner","LIV","M","Drop","The McB’s","Sun Oct 24, 2021, 10:39AM","9"
"James Milner","LIV","M","Claim","The McB’s","Sun Oct 24, 2021, 10:36AM","9"
"Curtis Jones","LIV","M","Drop","The McB’s","Sun Oct 24, 2021, 10:36AM","9"
"Ibrahima Konate","LIV","D","Claim","Leo Gerard U2s Team","Sun Oct 24, 2021, 10:35AM","9"
"Ben Godfrey","EVE","D","Drop","Leo Gerard U2s Team","Sat Oct 23, 2021, 12:20PM","10"
"Jeremy Ngakia","WAT","D","Claim","Gabriel’s Sparkling Cider","Sat Oct 23, 2021, 9:57AM","9"
"Kurt Zouma","CHE/WHU","D","Drop","Gabriel’s Sparkling Cider","Sat Oct 23, 2021, 9:57AM","9"
"Jeremy Ngakia","WAT","D","Drop","Leo Gerard U2s Team","Sat Oct 23, 2021, 9:53AM","9"
"Seamus Coleman","EVE","D","Claim","Sean Dyche's Great Escape","Sat Oct 23, 2021, 9:45AM","9"
"Dan Burn","BHA/NEW","D","Drop","Sean Dyche's Great Escape","Sat Oct 23, 2021, 9:45AM","9"
"Jeremy Ngakia","WAT","D","Claim","Leo Gerard U2s Team","Sat Oct 23, 2021, 9:42AM","9"
"Charlie Taylor","BUR","D","Drop","Leo Gerard U2s Team","Sat Oct 23, 2021, 9:31AM","9"
"Moussa Sissoko","TOT/WAT","M","Claim","Gabriel’s Sparkling Cider","Sat Oct 23, 2021, 9:31AM","9"
"Daniel Podence","WOL","M","Drop","Gabriel’s Sparkling Cider","Sat Oct 23, 2021, 9:29AM","9"
"Charlie Taylor","BUR","D","Claim","Leo Gerard U2s Team","Sat Oct 23, 2021, 9:01AM","9"
"Ben Godfrey","EVE","D","Claim","Leo Gerard U2s Team","Sat Oct 23, 2021, 6:34AM","9"
"Malang Sarr","CHE","D","Drop","Leo Gerard U2s Team","Sat Oct 23, 2021, 6:32AM","9"
"Hakim Ziyech","CHE","M","Drop","Leo Gerard U2s Team","Sat Oct 23, 2021, 6:32AM","9"
"Vicente Guaita","CRY","G","Claim","Berkley McG’s U1s","Fri Oct 22, 2021, 8:57AM","9"
"Hugo Lloris","TOT","G","Drop","Berkley McG’s U1s","Fri Oct 22, 2021, 8:57AM","9"
"Malang Sarr","CHE","D","Claim","Leo Gerard U2s Team","Thu Oct 21, 2021, 9:00PM","9"
"Steven Bergwijn","TOT","F","Drop","Leo Gerard U2s Team","Thu Oct 21, 2021, 9:00PM","9"
"Jordan Pickford","EVE","G","Claim","Leo Gerard U2s Team","Thu Oct 21, 2021, 2:29PM","9"
"Alex McCarthy","SOU","G","Drop","Leo Gerard U2s Team","Thu Oct 21, 2021, 2:29PM","9"
"Tanguy Ndombele","TOT","M","Claim","Hale End Starbøys","Thu Oct 21, 2021, 12:55PM","9"
"Aymeric Laporte","MCI","D","Drop","Hale End Starbøys","Thu Oct 21, 2021, 12:55PM","9"
"Armando Broja","SOU","F","Claim","Gabriel’s Sparkling Cider","Thu Oct 21, 2021, 11:55AM","9"
"Naby Keita","LIV","M","Drop","Gabriel’s Sparkling Cider","Thu Oct 21, 2021, 11:53AM","9"
"Nathan Collins","BUR","D","Claim","team_tim","Thu Oct 21, 2021, 10:29AM","9"
"Armando Broja","SOU","F","Drop","team_tim","Thu Oct 21, 2021, 10:29AM","9"
"Steven Bergwijn","TOT","F","Claim","Leo Gerard U2s Team","Thu Oct 21, 2021, 10:01AM","9"
"Ben Godfrey","EVE","D","Drop","Leo Gerard U2s Team","Thu Oct 21, 2021, 10:01AM","9"
"Callum Hudson-Odoi","CHE","M,F","Claim","Hale End Starbøys","Wed Oct 20, 2021, 4:00PM","9"
"James McArthur","CRY","M","Drop","Hale End Starbøys","Wed Oct 20, 2021, 4:00PM","9"
"Patson Daka","LEI","F","Claim","Alex's Redemption Arc","Wed Oct 20, 2021, 11:44AM","9"
"Thomas Partey","ARS","M","Drop","Alex's Redemption Arc","Wed Oct 20, 2021, 11:44AM","9"
"Hakim Ziyech","CHE","M","Claim","Leo Gerard U2s Team","Tue Oct 19, 2021, 9:55PM","9"
"Moussa Sissoko","TOT/WAT","M","Drop","Leo Gerard U2s Team","Tue Oct 19, 2021, 9:55PM","9"
"Albert Sambi Lokonga","ARS","M","Claim","The McB’s","Tue Oct 19, 2021, 9:52PM","9"
"Hakim Ziyech","CHE","M","Drop","The McB’s","Tue Oct 19, 2021, 9:52PM","9"
"Hakim Ziyech","CHE","M","Claim","The McB’s","Tue Oct 19, 2021, 9:34PM","9"
"Eric Dier","TOT","D","Drop","The McB’s","Tue Oct 19, 2021, 9:34PM","9"
"Moussa Sissoko","TOT/WAT","M","Claim","Leo Gerard U2s Team","Tue Oct 19, 2021, 9:17PM","9"
"Nelson Semedo","WOL","D","Drop","Leo Gerard U2s Team","Tue Oct 19, 2021, 9:17PM","9"
"Rúben Neves","WOL","M","Claim","Gylfi’s Goobers","Tue Oct 19, 2021, 9:12PM","9"
"Timo Werner","CHE","F","Drop","Gylfi’s Goobers","Tue Oct 19, 2021, 9:12PM","9"
"Armando Broja","SOU","F","Claim","team_tim","Tue Oct 19, 2021, 9:12PM","9"
"Mathias Jensen","BRF","M","Drop","team_tim","Tue Oct 19, 2021, 9:11PM","9"
"Daniel Podence","WOL","M","Claim","Gabriel’s Sparkling Cider","Tue Oct 19, 2021, 9:11PM","9"
"Bryan Mbeumo","BRF","F","Claim","team_tim","Tue Oct 19, 2021, 9:08PM","9"
"Emmanuel Dennis","WAT","F","Drop","team_tim","Tue Oct 19, 2021, 9:08PM","9"
"Emmanuel Dennis","WAT","F","Claim","team_tim","Tue Oct 19, 2021, 9:04PM","9"
"Teemu Pukki","NOR","F","Drop","team_tim","Tue Oct 19, 2021, 9:04PM","9"
"Alex McCarthy","SOU","G","Claim","Leo Gerard U2s Team","Tue Oct 19, 2021, 9:01PM","9"
"Zack Steffen","MCI","G","Drop","Leo Gerard U2s Team","Tue Oct 19, 2021, 9:01PM","9"
"Ben Godfrey","EVE","D","Claim","Leo Gerard U2s Team","Tue Oct 19, 2021, 9:01PM","9"
"Grant Hanley","NOR","D","Claim","Leo Gerard U2s Team","Tue Oct 19, 2021, 9:00PM","9"
"Stuart Armstrong","SOU","M","Claim","Berkley McG’s U1s","Tue Oct 19, 2021, 9:00PM","9"
"Malang Sarr","CHE","D","Drop","Berkley McG’s U1s","Tue Oct 19, 2021, 9:00PM","9"
"Mathias Jensen","BRF","M","Claim","team_tim","Tue Oct 19, 2021, 9:00PM","9"
"Nikola Vlasic","EVE/WHU","M","Drop","team_tim","Tue Oct 19, 2021, 9:00PM","9"
"Mohammed Salisu","SOU","D","Claim","Alex's Redemption Arc","Tue Oct 19, 2021, 9:00PM","9"
"John Stones","MCI","D","Drop","Alex's Redemption Arc","Tue Oct 19, 2021, 9:00PM","9"
"Ezri Konsa","AVL","D","Claim","Roy Kent's U8 Girls","Tue Oct 19, 2021, 9:00PM","9"
"Luke Ayling","LEE","D","Drop","Roy Kent's U8 Girls","Tue Oct 19, 2021, 9:00PM","9"
"Nathan Ake","MCI","D","Drop","Leo Gerard U2s Team","Mon Oct 18, 2021, 8:47PM","9"
"Gabriel Magalhaes","ARS","D","Drop","Leo Gerard U2s Team","Mon Oct 18, 2021, 8:47PM","9"
"Thomas Partey","ARS","M","Claim","Alex's Redemption Arc","Mon Oct 18, 2021, 2:09PM","8"
"Albert Sambi Lokonga","ARS","M","Drop","Alex's Redemption Arc","Mon Oct 18, 2021, 2:09PM","8"
"Eric Dier","TOT","D","Claim","The McB’s","Sun Oct 17, 2021, 11:20AM","8"
"Steven Bergwijn","TOT","F","Drop","The McB’s","Sun Oct 17, 2021, 11:09AM","8"
"James McArthur","CRY","M","Claim","Hale End Starbøys","Sat Oct 16, 2021, 12:15PM","8"
"Yoane Wissa","BRF","M","Drop","Hale End Starbøys","Sat Oct 16, 2021, 12:15PM","8"
"Malang Sarr","CHE","D","Claim","Berkley McG’s U1s","Sat Oct 16, 2021, 11:37AM","8"
"Yoane Wissa","BRF","M","Claim","Hale End Starbøys","Sat Oct 16, 2021, 9:56AM","8"
"Bryan Mbeumo","BRF","F","Drop","Hale End Starbøys","Sat Oct 16, 2021, 9:56AM","8"
"Kortney Hause","AVL","D","Drop","Gabriel’s Sparkling Cider","Sat Oct 16, 2021, 9:25AM","8"
"Stuart Armstrong","SOU","M","Drop","Gylfi’s Goobers","Sat Oct 16, 2021, 9:21AM","8"
"Teemu Pukki","NOR","F","Claim","team_tim","Sat Oct 16, 2021, 9:04AM","8"
"Adam Armstrong","SOU","F","Drop","team_tim","Sat Oct 16, 2021, 9:04AM","8"
"John Stones","MCI","D","Claim","Alex's Redemption Arc","Sat Oct 16, 2021, 9:02AM","8"
"Mohammed Salisu","SOU","D","Drop","Alex's Redemption Arc","Sat Oct 16, 2021, 9:02AM","8"
"Nathan Ake","MCI","D","Claim","Leo Gerard U2s Team","Sat Oct 16, 2021, 9:01AM","8"
"Oleksandr Zinchenko","MCI","D","Drop","Leo Gerard U2s Team","Sat Oct 16, 2021, 9:01AM","8"
"Naby Keita","LIV","M","Claim","Gabriel’s Sparkling Cider","Sat Oct 16, 2021, 7:26AM","8"
"Rúben Neves","WOL","M","Drop","Gabriel’s Sparkling Cider","Sat Oct 16, 2021, 7:26AM","8"
"Steven Bergwijn","TOT","F","Claim","The McB’s","Sat Oct 16, 2021, 6:44AM","8"
"Naby Keita","LIV","M","Drop","The McB’s","Sat Oct 16, 2021, 6:44AM","8"
"Naby Keita","LIV","M","Claim","The McB’s","Sat Oct 16, 2021, 6:31AM","8"
"Steven Bergwijn","TOT","F","Drop","The McB’s","Sat Oct 16, 2021, 6:31AM","8"
"Emmanuel Dennis","WAT","F","Drop","Berkley McG’s U1s","Sat Oct 16, 2021, 12:08AM","8"
"Steven Bergwijn","TOT","F","Claim","The McB’s","Fri Oct 15, 2021, 7:19PM","8"
"Hakim Ziyech","CHE","M","Drop","The McB’s","Fri Oct 15, 2021, 7:19PM","8"
"Oleksandr Zinchenko","MCI","D","Claim","Leo Gerard U2s Team","Fri Oct 15, 2021, 12:51PM","8"
"Mohamed Elyounoussi","SOU","M","Drop","Leo Gerard U2s Team","Fri Oct 15, 2021, 12:51PM","8"
"Zack Steffen","MCI","G","Claim","Leo Gerard U2s Team","Fri Oct 15, 2021, 9:38AM","8"
"Alex McCarthy","SOU","G","Drop","Leo Gerard U2s Team","Fri Oct 15, 2021, 9:38AM","8"
"Nathan Redmond","SOU","M","Claim","Leo Gerard U2s Team","Fri Oct 15, 2021, 7:03AM","8"
"Yves Bissouma","BHA","M","Drop","Leo Gerard U2s Team","Fri Oct 15, 2021, 7:03AM","8"
"Yves Bissouma","BHA","M","Claim","Leo Gerard U2s Team","Thu Oct 14, 2021, 9:01PM","8"
"Grant Hanley","NOR","D","Drop","Leo Gerard U2s Team","Thu Oct 14, 2021, 9:01PM","8"
"Wilfried Zaha","CRY","F","Claim","Berkley McG’s U1s","Thu Oct 14, 2021, 9:00PM","8"
"Victor Lindelof","MUN","D","Drop","Berkley McG’s U1s","Thu Oct 14, 2021, 9:00PM","8"
"Bryan Mbeumo","BRF","F","Claim","Hale End Starbøys","Thu Oct 14, 2021, 10:16AM","8"
"Ferran Torres","MCI","F","Drop","Hale End Starbøys","Thu Oct 14, 2021, 10:16AM","8"
"Grant Hanley","NOR","D","Claim","Leo Gerard U2s Team","Thu Oct 14, 2021, 7:17AM","8"
"Tariq Lamptey","BHA","D","Drop","Leo Gerard U2s Team","Thu Oct 14, 2021, 7:17AM","8"
"Mohamed Elyounoussi","SOU","M","Claim","Leo Gerard U2s Team","Thu Oct 14, 2021, 6:50AM","8"
"N'Golo Kante","CHE","M","Drop","Leo Gerard U2s Team","Thu Oct 14, 2021, 6:50AM","8"
"N'Golo Kante","CHE","M","Claim","Leo Gerard U2s Team","Wed Oct 13, 2021, 1:28PM","8"
"Wilfried Zaha","CRY","F","Drop","Leo Gerard U2s Team","Wed Oct 13, 2021, 1:28PM","8"
"Ashley Westwood","BUR","M","Claim","Roy Kent's U8 Girls","Tue Oct 12, 2021, 12:38PM","8"
"Yves Bissouma","BHA","M","Drop","Roy Kent's U8 Girls","Tue Oct 12, 2021, 12:38PM","8"
"Aymeric Laporte","MCI","D","Claim","Hale End Starbøys","Tue Oct 12, 2021, 12:03PM","8"
"Raphael Varane","MUN","D","Drop","Hale End Starbøys","Tue Oct 12, 2021, 12:03PM","8"
"Alex McCarthy","SOU","G","Claim","Leo Gerard U2s Team","Thu Oct 7, 2021, 1:26PM","8"
"Nick Pope","BUR","G","Drop","Leo Gerard U2s Team","Thu Oct 7, 2021, 1:26PM","8"
"Kortney Hause","AVL","D","Claim","Gabriel’s Sparkling Cider","Wed Oct 6, 2021, 1:52PM","8"
"James McArthur","CRY","M","Drop","Gabriel’s Sparkling Cider","Wed Oct 6, 2021, 1:52PM","8"
"Dan Burn","BHA/NEW","D","Claim","Sean Dyche's Great Escape","Tue Oct 5, 2021, 10:15PM","8"
"Ashley Westwood","BUR","M","Drop","Sean Dyche's Great Escape","Tue Oct 5, 2021, 10:15PM","8"
"Mohammed Salisu","SOU","D","Claim","Alex's Redemption Arc","Tue Oct 5, 2021, 9:22PM","8"
"Joshua King","WAT","F","Drop","Alex's Redemption Arc","Tue Oct 5, 2021, 9:22PM","8"
"Hakim Ziyech","CHE","M","Claim","The McB’s","Tue Oct 5, 2021, 9:01PM","8"
"Callum Hudson-Odoi","CHE","M,F","Drop","The McB’s","Tue Oct 5, 2021, 9:01PM","8"
"Emerson Royal","TOT","D","Claim","The McB’s","Tue Oct 5, 2021, 9:00PM","8"
"Timo Werner","CHE","F","Claim","Gylfi’s Goobers","Tue Oct 5, 2021, 9:00PM","8"
"Edinson Cavani","MUN","F","Drop","Gylfi’s Goobers","Tue Oct 5, 2021, 9:00PM","8"
"Hwang Hee-Chan","WOL","F","Claim","Gabriel’s Sparkling Cider","Tue Oct 5, 2021, 9:00PM","8"
"Joelinton","NEW","F","Drop","Gabriel’s Sparkling Cider","Tue Oct 5, 2021, 9:00PM","8"
"Marc Cucurella","BHA","D","Claim","team_tim","Tue Oct 5, 2021, 9:00PM","8"
"Dele Alli","TOT/EVE","M","Drop","team_tim","Tue Oct 5, 2021, 9:00PM","8"
"Chris Wood","BUR/NEW","F","Drop","The McB’s","Sun Oct 3, 2021, 3:28PM","8"
"Curtis Jones","LIV","M","Claim","The McB’s","Sun Oct 3, 2021, 8:13AM","7"
"Giovani Lo Celso","TOT","M","Drop","The McB’s","Sun Oct 3, 2021, 8:05AM","7"
"Kelechi Iheanacho","LEI","F","Claim","Alex's Redemption Arc","Sun Oct 3, 2021, 8:00AM","7"
"Emerson Royal","TOT","D","Drop","Alex's Redemption Arc","Sun Oct 3, 2021, 8:00AM","7"
"Giovani Lo Celso","TOT","M","Claim","The McB’s","Sat Oct 2, 2021, 1:31PM","7"
"Hakim Ziyech","CHE","M","Drop","The McB’s","Sat Oct 2, 2021, 9:39AM","7"
"Aaron Ramsdale","SHU/ARS","G","Claim","Gabriel’s Sparkling Cider","Sat Oct 2, 2021, 9:16AM","7"
"Karl Darlow","NEW","G","Drop","Gabriel’s Sparkling Cider","Sat Oct 2, 2021, 9:16AM","7"
"Ruben Loftus-Cheek","CHE","M","Claim","Sean Dyche's Great Escape","Sat Oct 2, 2021, 9:05AM","7"
"Jorginho","CHE","M","Drop","Sean Dyche's Great Escape","Sat Oct 2, 2021, 9:05AM","7"
"Trevoh Chalobah","CHE","D,M","Claim","Leo Gerard U2s Team","Sat Oct 2, 2021, 9:03AM","7"
"Marc Cucurella","BHA","D","Drop","Leo Gerard U2s Team","Sat Oct 2, 2021, 9:03AM","7"
"Callum Hudson-Odoi","CHE","M,F","Claim","The McB’s","Sat Oct 2, 2021, 9:01AM","7"
"Curtis Jones","LIV","M","Drop","The McB’s","Sat Oct 2, 2021, 9:01AM","7"
"Marc Cucurella","BHA","D","Claim","Leo Gerard U2s Team","Sat Oct 2, 2021, 6:38AM","7"
"Alex Telles","MUN","D","Drop","Leo Gerard U2s Team","Sat Oct 2, 2021, 6:37AM","7"
"Edinson Cavani","MUN","F","Claim","Gylfi’s Goobers","Sat Oct 2, 2021, 6:34AM","7"
"Timo Werner","CHE","F","Drop","Gylfi’s Goobers","Sat Oct 2, 2021, 6:34AM","7"
"Ashley Westwood","BUR","M","Claim","Sean Dyche's Great Escape","Sat Oct 2, 2021, 1:53AM","7"
"N'Golo Kante","CHE","M","Drop","Sean Dyche's Great Escape","Sat Oct 2, 2021, 1:53AM","7"
"Alex Telles","MUN","D","Claim","Leo Gerard U2s Team","Thu Sep 30, 2021, 9:51PM","7"
"Ezri Konsa","AVL","D","Drop","Leo Gerard U2s Team","Thu Sep 30, 2021, 9:51PM","7"
"Thiago Alcântara","LIV","M","Claim","Leo Gerard U2s Team","Thu Sep 30, 2021, 9:02PM","7"
"Pontus Jansson","BRF","D","Drop","Leo Gerard U2s Team","Thu Sep 30, 2021, 9:02PM","7"
"Gabriel Magalhaes","ARS","D","Claim","Leo Gerard U2s Team","Thu Sep 30, 2021, 2:41PM","7"
"Charlie Taylor","BUR","D","Drop","Leo Gerard U2s Team","Thu Sep 30, 2021, 2:41PM","7"
"Pontus Jansson","BRF","D","Claim","Leo Gerard U2s Team","Thu Sep 30, 2021, 2:23PM","7"
"Ezri Konsa","AVL","D","Claim","Leo Gerard U2s Team","Thu Sep 30, 2021, 2:22PM","7"
"Marc Cucurella","BHA","D","Drop","Hale End Starbøys","Thu Sep 30, 2021, 2:15PM","7"
"Matthew Lowton","BUR","D","Drop","Leo Gerard U2s Team","Thu Sep 30, 2021, 10:45AM","7"
"Matthew Lowton","BUR","D","Claim","Leo Gerard U2s Team","Wed Sep 29, 2021, 8:22PM","7"
"Trevoh Chalobah","CHE","D,M","Drop","Leo Gerard U2s Team","Wed Sep 29, 2021, 8:22PM","7"
"Charlie Taylor","BUR","D","Claim","Leo Gerard U2s Team","Wed Sep 29, 2021, 8:16PM","7"
"Alex Telles","MUN","D","Drop","Leo Gerard U2s Team","Wed Sep 29, 2021, 8:16PM","7"
"Jesse Lingard","MUN","M","Claim","Gabriel’s Sparkling Cider","Wed Sep 29, 2021, 7:09PM","7"
"Ashley Westwood","BUR","M","Drop","Gabriel’s Sparkling Cider","Wed Sep 29, 2021, 7:09PM","7"
"Alex Telles","MUN","D","Claim","Leo Gerard U2s Team","Wed Sep 29, 2021, 4:43PM","7"
"Kortney Hause","AVL","D","Drop","Leo Gerard U2s Team","Wed Sep 29, 2021, 4:43PM","7"
"Albert Sambi Lokonga","ARS","M","Claim","Alex's Redemption Arc","Wed Sep 29, 2021, 9:43AM","7"
"Thiago Alcântara","LIV","M","Drop","Alex's Redemption Arc","Wed Sep 29, 2021, 9:43AM","7"
"Nick Pope","BUR","G","Claim","Leo Gerard U2s Team","Wed Sep 29, 2021, 7:28AM","7"
"David Raya","BRF","G","Drop","Leo Gerard U2s Team","Wed Sep 29, 2021, 7:28AM","7"
"Jan Bednarek","SOU","D","Claim","Berkley McG’s U1s","Tue Sep 28, 2021, 10:03PM","7"
"Cristian Romero","TOT","D","Drop","Berkley McG’s U1s","Tue Sep 28, 2021, 10:03PM","7"
"Fabinho","LIV","M","Claim","Roy Kent's U8 Girls","Tue Sep 28, 2021, 9:40PM","7"
"James Rodriguez","EVE","M","Drop","Roy Kent's U8 Girls","Tue Sep 28, 2021, 9:40PM","7"
"Lewis Dunk","BHA","D","Claim","team_tim","Tue Sep 28, 2021, 9:31PM","7"
"Bernardo Silva","MCI","M","Claim","team_tim","Tue Sep 28, 2021, 9:20PM","7"
"Mathias Jensen","BRF","M","Drop","team_tim","Tue Sep 28, 2021, 9:19PM","7"
"Kasper Schmeichel","LEI","G","Drop","team_tim","Tue Sep 28, 2021, 9:19PM","7"
"Valentino Livramento","SOU","D","Claim","Gylfi’s Goobers","Tue Sep 28, 2021, 9:15PM","7"
"Eberechi Eze","CRY","M","Drop","Gylfi’s Goobers","Tue Sep 28, 2021, 9:14PM","7"
"Kortney Hause","AVL","D","Claim","Leo Gerard U2s Team","Tue Sep 28, 2021, 9:03PM","7"
"Trevoh Chalobah","CHE","D,M","Claim","Leo Gerard U2s Team","Tue Sep 28, 2021, 9:00PM","7"
"Lucas Moura","TOT","M","Claim","Leo Gerard U2s Team","Tue Sep 28, 2021, 9:00PM","7"
"Jose Sa","WOL","G","Claim","The McB’s","Tue Sep 28, 2021, 9:00PM","7"
"David de Gea","MUN","G","Drop","The McB’s","Tue Sep 28, 2021, 9:00PM","7"
"Pierre Lees-Melou","NOR","M","Claim","Leo Gerard U2s Team","Tue Sep 28, 2021, 9:00PM","7"
"Romain Saiss","WOL","D","Claim","Hale End Starbøys","Tue Sep 28, 2021, 9:00PM","7"
"Mathias Antonsen Normann","BHA/NOR","M","Claim","Alex's Redemption Arc","Tue Sep 28, 2021, 9:00PM","7"
"Solly March","BHA","M","Drop","Alex's Redemption Arc","Tue Sep 28, 2021, 9:00PM","7"
"Curtis Jones","LIV","M","Claim","The McB’s","Tue Sep 28, 2021, 9:00PM","7"
"Daniel Podence","WOL","M","Drop","The McB’s","Tue Sep 28, 2021, 9:00PM","7"
"Matt Targett","AVL/NEW","D","Claim","Sean Dyche's Great Escape","Tue Sep 28, 2021, 9:00PM","7"
"Rodri","MCI","M","Drop","Sean Dyche's Great Escape","Tue Sep 28, 2021, 9:00PM","7"
"Konstantinos Tsimikas","LIV","D","Claim","Roy Kent's U8 Girls","Tue Sep 28, 2021, 9:00PM","7"
"Ibrahima Konate","LIV","D","Drop","Roy Kent's U8 Girls","Tue Sep 28, 2021, 9:00PM","7"
"Victor Lindelof","MUN","D","Claim","Berkley McG’s U1s","Tue Sep 28, 2021, 9:00PM","7"
"Willy Boly","WOL","D","Drop","Berkley McG’s U1s","Tue Sep 28, 2021, 9:00PM","7"
"Ferran Torres","MCI","F","Claim","Hale End Starbøys","Tue Sep 28, 2021, 9:00PM","7"
"Mohamed Elyounoussi","SOU","M","Drop","Leo Gerard U2s Team","Mon Sep 27, 2021, 5:22PM","7"
"Tom Cleverley","WAT","M","Drop","Leo Gerard U2s Team","Mon Sep 27, 2021, 5:06PM","7"
"Hwang Hee-Chan","WOL","F","Drop","Leo Gerard U2s Team","Sun Sep 26, 2021, 1:02PM","7"
"Jan Bednarek","SOU","D","Drop","Leo Gerard U2s Team","Sun Sep 26, 2021, 8:57AM","6"
"Hwang Hee-Chan","WOL","F","Claim","Leo Gerard U2s Team","Sun Sep 26, 2021, 8:49AM","6"
"Daniel Podence","WOL","M","Claim","The McB’s","Sun Sep 26, 2021, 8:47AM","6"
"Albert Sambi Lokonga","ARS","M","Drop","The McB’s","Sun Sep 26, 2021, 8:47AM","6"
"Jan Bednarek","SOU","D","Claim","Leo Gerard U2s Team","Sun Sep 26, 2021, 8:47AM","6"
"Hwang Hee-Chan","WOL","F","Drop","Leo Gerard U2s Team","Sun Sep 26, 2021, 8:47AM","6"
"Hwang Hee-Chan","WOL","F","Claim","Leo Gerard U2s Team","Sun Sep 26, 2021, 8:44AM","6"
"Jan Bednarek","SOU","D","Drop","Leo Gerard U2s Team","Sun Sep 26, 2021, 8:44AM","6"
"Chris Wood","BUR/NEW","F","Claim","The McB’s","Sat Sep 25, 2021, 9:56AM","6"
"Mohammed Salisu","SOU","D","Drop","The McB’s","Sat Sep 25, 2021, 9:56AM","6"
"Joelinton","NEW","F","Claim","Gabriel’s Sparkling Cider","Sat Sep 25, 2021, 9:52AM","6"
"Ashley Westwood","BUR","M","Claim","Gabriel’s Sparkling Cider","Sat Sep 25, 2021, 9:51AM","6"
"Tom Cleverley","WAT","M","Claim","Leo Gerard U2s Team","Sat Sep 25, 2021, 9:50AM","6"
"Pierre Lees-Melou","NOR","M","Drop","Leo Gerard U2s Team","Sat Sep 25, 2021, 9:50AM","6"
"Kasper Schmeichel","LEI","G","Claim","team_tim","Sat Sep 25, 2021, 9:38AM","6"
"Craig Dawson","WHU","D","Drop","team_tim","Sat Sep 25, 2021, 9:38AM","6"
"Billy Gilmour","NOR","M","Drop","Leo Gerard U2s Team","Sat Sep 25, 2021, 9:33AM","6"
"Joshua King","WAT","F","Claim","Alex's Redemption Arc","Sat Sep 25, 2021, 9:05AM","6"
"Chris Wood","BUR/NEW","F","Drop","Alex's Redemption Arc","Sat Sep 25, 2021, 9:05AM","6"
"Pierre Lees-Melou","NOR","M","Claim","Leo Gerard U2s Team","Sat Sep 25, 2021, 7:31AM","6"
"Bernardo Silva","MCI","M","Drop","Leo Gerard U2s Team","Sat Sep 25, 2021, 7:25AM","6"
"Jesse Lingard","MUN","M","Drop","Gabriel’s Sparkling Cider","Sat Sep 25, 2021, 7:17AM","6"
"Bertrand Traore","AVL","M,F","Drop","Gabriel’s Sparkling Cider","Sat Sep 25, 2021, 7:17AM","6"
"Timo Werner","CHE","F","Claim","Gylfi’s Goobers","Sat Sep 25, 2021, 6:59AM","6"
"Max Aarons","NOR","D","Drop","Gylfi’s Goobers","Sat Sep 25, 2021, 6:59AM","6"
"Bernardo Silva","MCI","M","Claim","Leo Gerard U2s Team","Sat Sep 25, 2021, 6:42AM","6"
"Ferran Torres","MCI","F","Drop","Leo Gerard U2s Team","Fri Sep 24, 2021, 8:55AM","6"
"Jesse Lingard","MUN","M","Claim","Gabriel’s Sparkling Cider","Fri Sep 24, 2021, 2:13AM","6"
"Douglas Luiz","AVL","M","Claim","Gabriel’s Sparkling Cider","Thu Sep 23, 2021, 10:25PM","6"
"Aaron Ramsdale","SHU/ARS","G","Drop","Gabriel’s Sparkling Cider","Thu Sep 23, 2021, 10:24PM","6"
"Ferran Torres","MCI","F","Claim","Leo Gerard U2s Team","Thu Sep 23, 2021, 9:00PM","6"
"Konstantinos Tsimikas","LIV","D","Drop","Leo Gerard U2s Team","Thu Sep 23, 2021, 9:00PM","6"
"Emiliano Martinez","AVL","G","Claim","Alex's Redemption Arc","Thu Sep 23, 2021, 9:00PM","6"
"Nick Pope","BUR","G","Drop","Alex's Redemption Arc","Thu Sep 23, 2021, 9:00PM","6"
"Alexis Mac Allister","BHA","M","Drop","Gabriel’s Sparkling Cider","Wed Sep 22, 2021, 4:39PM","6"
"Bertrand Traore","AVL","M,F","Claim","Gabriel’s Sparkling Cider","Wed Sep 22, 2021, 4:11PM","6"
"Nathan Ake","MCI","D","Drop","Gabriel’s Sparkling Cider","Wed Sep 22, 2021, 4:11PM","6"
"Alexis Mac Allister","BHA","M","Claim","Gabriel’s Sparkling Cider","Wed Sep 22, 2021, 4:09PM","6"
"Emiliano Martinez","AVL","G","Drop","Gabriel’s Sparkling Cider","Wed Sep 22, 2021, 4:09PM","6"
"Chris Wood","BUR/NEW","F","Claim","Alex's Redemption Arc","Wed Sep 22, 2021, 3:43PM","6"
"Karl Darlow","NEW","G","Claim","Gabriel’s Sparkling Cider","Wed Sep 22, 2021, 11:23AM","6"
"Alex McCarthy","SOU","G","Drop","Gabriel’s Sparkling Cider","Wed Sep 22, 2021, 11:23AM","6"
"Billy Gilmour","NOR","M","Claim","Leo Gerard U2s Team","Wed Sep 22, 2021, 10:56AM","6"
"Karl Darlow","NEW","G","Drop","Leo Gerard U2s Team","Wed Sep 22, 2021, 10:56AM","6"
"Mohamed Elyounoussi","SOU","M","Claim","Leo Gerard U2s Team","Wed Sep 22, 2021, 8:31AM","6"
"Billy Gilmour","NOR","M","Drop","Leo Gerard U2s Team","Wed Sep 22, 2021, 8:31AM","6"
"Jan Bednarek","SOU","D","Claim","Leo Gerard U2s Team","Wed Sep 22, 2021, 8:30AM","6"
"Alex McCarthy","SOU","G","Claim","Gabriel’s Sparkling Cider","Wed Sep 22, 2021, 2:08AM","6"
"João Moutinho","WOL","M","Claim","Berkley McG’s U1s","Tue Sep 21, 2021, 10:12PM","6"
"Aaron Ramsdale","SHU/ARS","G","Claim","Gabriel’s Sparkling Cider","Tue Sep 21, 2021, 9:53PM","6"
"Vicente Guaita","CRY","G","Drop","Gabriel’s Sparkling Cider","Tue Sep 21, 2021, 9:53PM","6"
"Karl Darlow","NEW","G","Claim","Leo Gerard U2s Team","Tue Sep 21, 2021, 9:22PM","6"
"Antonio Rudiger","CHE","D","Claim","Alex's Redemption Arc","Tue Sep 21, 2021, 9:01PM","6"
"Ferran Torres","MCI","F","Drop","Alex's Redemption Arc","Tue Sep 21, 2021, 9:01PM","6"
"Billy Gilmour","NOR","M","Claim","Leo Gerard U2s Team","Tue Sep 21, 2021, 9:00PM","6"
"Albert Sambi Lokonga","ARS","M","Claim","The McB’s","Tue Sep 21, 2021, 9:00PM","6"
"N'Golo Kante","CHE","M","Claim","Sean Dyche's Great Escape","Tue Sep 21, 2021, 9:00PM","6"
"Mohammed Salisu","SOU","D","Claim","The McB’s","Tue Sep 21, 2021, 9:00PM","6"
"Ibrahima Konate","LIV","D","Claim","Roy Kent's U8 Girls","Tue Sep 21, 2021, 9:00PM","6"
"Ezri Konsa","AVL","D","Drop","Roy Kent's U8 Girls","Tue Sep 21, 2021, 9:00PM","6"
"Thiago Silva","CHE","D","Claim","Sean Dyche's Great Escape","Tue Sep 21, 2021, 9:00PM","6"
"Hugo Lloris","TOT","G","Claim","Berkley McG’s U1s","Tue Sep 21, 2021, 9:00PM","6"
"Kasper Schmeichel","LEI","G","Drop","Berkley McG’s U1s","Tue Sep 21, 2021, 9:00PM","6"
"Tanguy Ndombele","TOT","M","Drop","The McB’s","Tue Sep 21, 2021, 7:15PM","6"
"Salomón Rondón","NEW/EVE","F","Drop","The McB’s","Tue Sep 21, 2021, 7:15PM","6"
"Romain Saiss","WOL","D","Drop","Leo Gerard U2s Team","Tue Sep 21, 2021, 9:36AM","6"
"Caglar Soyuncu","LEI","D","Drop","Leo Gerard U2s Team","Mon Sep 20, 2021, 12:34PM","6"
"Chris Wood","BUR/NEW","F","Drop","Hale End Starbøys","Mon Sep 20, 2021, 1:49AM","6"
"Milot Rashica","NOR","M","Drop","Leo Gerard U2s Team","Sun Sep 19, 2021, 5:25PM","6"
"Bernardo Silva","MCI","M","Drop","Gabriel’s Sparkling Cider","Sun Sep 19, 2021, 3:25PM","6"
"Saul Niguez","CHE","M","Drop","Sean Dyche's Great Escape","Sun Sep 19, 2021, 1:42PM","6"
"Seamus Coleman","EVE","D","Drop","Sean Dyche's Great Escape","Sun Sep 19, 2021, 1:42PM","6"
"Andreas Christensen","CHE","D","Claim","Sean Dyche's Great Escape","Sun Sep 19, 2021, 10:37AM","5"
"Trevoh Chalobah","CHE","D,M","Drop","Sean Dyche's Great Escape","Sun Sep 19, 2021, 10:37AM","5"
"Hugo Lloris","TOT","G","Drop","Berkley McG’s U1s","Sun Sep 19, 2021, 10:34AM","5"
"Tanguy Ndombele","TOT","M","Claim","The McB’s","Sun Sep 19, 2021, 10:32AM","5"
"Bryan Gil","TOT","F","Drop","The McB’s","Sun Sep 19, 2021, 10:32AM","5"
"Kasper Schmeichel","LEI","G","Claim","Berkley McG’s U1s","Sun Sep 19, 2021, 8:02AM","5"
"Marc Albrighton","LEI","M","Drop","Berkley McG’s U1s","Sun Sep 19, 2021, 8:02AM","5"
"Caglar Soyuncu","LEI","D","Claim","Leo Gerard U2s Team","Sat Sep 18, 2021, 1:01PM","5"
"Ibrahima Konate","LIV","D","Drop","Leo Gerard U2s Team","Thu Sep 16, 2021, 11:05PM","5"
"Bertrand Traore","AVL","M,F","Drop","Gabriel’s Sparkling Cider","Sat Sep 18, 2021, 12:04PM","5"
"Bryan Gil","TOT","F","Claim","The McB’s","Sat Sep 18, 2021, 11:48AM","5"
"Salomón Rondón","NEW/EVE","F","Claim","The McB’s","Sat Sep 18, 2021, 11:43AM","5"
"Alex Iwobi","EVE","M","Drop","The McB’s","Sat Sep 18, 2021, 11:43AM","5"
"Seamus Coleman","EVE","D","Claim","Sean Dyche's Great Escape","Sat Sep 18, 2021, 11:37AM","5"
"Steven Bergwijn","TOT","F","Drop","Sean Dyche's Great Escape","Sat Sep 18, 2021, 11:37AM","5"
"Anwar El Ghazi","AVL/EVE","M","Drop","The McB’s","Sat Sep 18, 2021, 11:36AM","5"
"Alex Iwobi","EVE","M","Claim","The McB’s","Sat Sep 18, 2021, 11:35AM","5"
"Ibrahima Konate","LIV","D","Drop","Leo Gerard U2s Team","Sat Sep 18, 2021, 9:59AM","6"
"Marc Cucurella","BHA","D","Claim","Hale End Starbøys","Sat Sep 18, 2021, 9:46AM","5"
"Todd Cantwell","NOR","M","Drop","Hale End Starbøys","Sat Sep 18, 2021, 9:46AM","5"
"Milot Rashica","NOR","M","Claim","Leo Gerard U2s Team","Sat Sep 18, 2021, 9:43AM","5"
"Nathan Ake","MCI","D","Claim","Gabriel’s Sparkling Cider","Sat Sep 18, 2021, 9:42AM","5"
"Anwar El Ghazi","AVL/EVE","M","Claim","The McB’s","Sat Sep 18, 2021, 9:08AM","5"
"Vicente Guaita","CRY","G","Claim","Gabriel’s Sparkling Cider","Sat Sep 18, 2021, 9:06AM","5"
"Daniel Bachmann","WAT","G","Drop","Gabriel’s Sparkling Cider","Sat Sep 18, 2021, 9:06AM","5"
"Pierre Lees-Melou","NOR","M","Drop","Leo Gerard U2s Team","Sat Sep 18, 2021, 9:02AM","5"
"Mohammed Salisu","SOU","D","Drop","The McB’s","Sat Sep 18, 2021, 9:01AM","5"
"Konstantinos Tsimikas","LIV","D","Claim","Leo Gerard U2s Team","Sat Sep 18, 2021, 8:39AM","5"
"Anwar El Ghazi","AVL/EVE","M","Drop","Leo Gerard U2s Team","Sat Sep 18, 2021, 8:39AM","5"
"Hwang Hee-Chan","WOL","F","Drop","Gabriel’s Sparkling Cider","Sat Sep 18, 2021, 7:21AM","5"
"Ibrahima Konate","LIV","D","Claim","Leo Gerard U2s Team","Sat Sep 18, 2021, 7:20AM","5"
"Nathan Ake","MCI","D","Drop","Leo Gerard U2s Team","Sat Sep 18, 2021, 7:20AM","5"
"Daniel Podence","WOL","M","Drop","The McB’s","Sat Sep 18, 2021, 6:42AM","5"
"Nathan Ake","MCI","D","Claim","Leo Gerard U2s Team","Fri Sep 17, 2021, 7:19PM","5"
"Mateusz Klich","LEE","M","Claim","Gabriel’s Sparkling Cider","Thu Sep 16, 2021, 11:05PM","5"
"João Moutinho","WOL","M","Drop","Gabriel’s Sparkling Cider","Thu Sep 16, 2021, 11:05PM","5"
"Mateusz Klich","LEE","M","Claim","Gabriel’s Sparkling Cider","Fri Sep 17, 2021, 2:59PM","6"
"João Moutinho","WOL","M","Drop","Gabriel’s Sparkling Cider","Fri Sep 17, 2021, 2:59PM","6"
"Pontus Jansson","BRF","D","Drop","Leo Gerard U2s Team","Fri Sep 17, 2021, 2:49PM","5"
"Allan","EVE","M","Claim","Berkley McG’s U1s","Fri Sep 17, 2021, 9:37AM","5"
"Thiago Silva","CHE","D","Drop","Berkley McG’s U1s","Fri Sep 17, 2021, 9:37AM","5"
"Rodrigo","LEE","F","Claim","Berkley McG’s U1s","Fri Sep 17, 2021, 9:36AM","5"
"Allan","EVE","M","Drop","Berkley McG’s U1s","Fri Sep 17, 2021, 9:36AM","5"
"Pontus Jansson","BRF","D","Claim","Leo Gerard U2s Team","Thu Sep 16, 2021, 9:00PM","5"
"Anwar El Ghazi","AVL/EVE","M","Claim","Leo Gerard U2s Team","Thu Sep 16, 2021, 9:00PM","5"
"Stuart Armstrong","SOU","M","Claim","Gylfi’s Goobers","Thu Sep 16, 2021, 9:00PM","5"
"Seamus Coleman","EVE","D","Drop","Gylfi’s Goobers","Thu Sep 16, 2021, 9:00PM","5"
"Callum Hudson-Odoi","CHE","M,F","Drop","Leo Gerard U2s Team","Thu Sep 16, 2021, 8:33PM","5"
"Lucas Moura","TOT","M","Drop","Leo Gerard U2s Team","Thu Sep 16, 2021, 8:13PM","5"
"Tariq Lamptey","BHA","D","Claim","Leo Gerard U2s Team","Wed Sep 15, 2021, 12:24PM","5"
"Gabriel Magalhaes","ARS","D","Drop","Leo Gerard U2s Team","Wed Sep 15, 2021, 12:24PM","5"
"Seamus Coleman","EVE","D","Claim","Gylfi’s Goobers","Tue Sep 14, 2021, 11:13PM","5"
"Caglar Soyuncu","LEI","D","Drop","Gylfi’s Goobers","Tue Sep 14, 2021, 11:13PM","5"
"Gabriel Magalhaes","ARS","D","Claim","Leo Gerard U2s Team","Tue Sep 14, 2021, 10:04PM","5"
"Allan","EVE","M","Claim","Berkley McG’s U1s","Tue Sep 14, 2021, 9:44PM","5"
"Stuart Armstrong","SOU","M","Drop","Berkley McG’s U1s","Tue Sep 14, 2021, 9:21PM","5"
"Vitaly Janelt","BRF","M","Claim","Alex's Redemption Arc","Tue Sep 14, 2021, 9:13PM","5"
"Timo Werner","CHE","F","Drop","Alex's Redemption Arc","Tue Sep 14, 2021, 9:13PM","5"
"Thiago Silva","CHE","D","Claim","Berkley McG’s U1s","Tue Sep 14, 2021, 9:12PM","5"
"Pontus Jansson","BRF","D","Drop","Berkley McG’s U1s","Tue Sep 14, 2021, 9:12PM","5"
"Willy Boly","WOL","D","Claim","Berkley McG’s U1s","Tue Sep 14, 2021, 9:11PM","5"
"Rico Henry","BRF","D","Drop","Berkley McG’s U1s","Tue Sep 14, 2021, 9:11PM","5"
"João Moutinho","WOL","M","Claim","Gabriel’s Sparkling Cider","Tue Sep 14, 2021, 9:05PM","5"
"Hwang Hee-Chan","WOL","F","Claim","Gabriel’s Sparkling Cider","Tue Sep 14, 2021, 9:05PM","5"
"Craig Dawson","WHU","D","Claim","team_tim","Tue Sep 14, 2021, 9:05PM","5"
"Alexandre Lacazette","ARS","F","Drop","team_tim","Tue Sep 14, 2021, 9:05PM","5"
"Bernardo Silva","MCI","M","Claim","Gabriel’s Sparkling Cider","Tue Sep 14, 2021, 9:05PM","5"
"Maxwel Cornet","BUR","D,M,F","Claim","Hale End Starbøys","Tue Sep 14, 2021, 9:05PM","5"
"Japhet Tanganga","TOT","D","Drop","Hale End Starbøys","Tue Sep 14, 2021, 9:05PM","5"
"Mohammed Salisu","SOU","D","Claim","The McB’s","Tue Sep 14, 2021, 9:05PM","5"
"Abdoulaye Doucoure","EVE","M","Claim","Roy Kent's U8 Girls","Tue Sep 14, 2021, 9:05PM","5"
"Kelechi Iheanacho","LEI","F","Drop","Roy Kent's U8 Girls","Tue Sep 14, 2021, 9:05PM","5"
"Thiago Alcântara","LIV","M","Claim","Alex's Redemption Arc","Tue Sep 14, 2021, 9:05PM","5"
"Nathan Redmond","SOU","M","Drop","Alex's Redemption Arc","Tue Sep 14, 2021, 9:05PM","5"
"Mateo Kovacic","CHE","M","Claim","team_tim","Tue Sep 14, 2021, 9:05PM","5"
"Anwar El Ghazi","AVL/EVE","M","Drop","team_tim","Tue Sep 14, 2021, 9:05PM","5"
"Rodrigo","LEE","F","Drop","Gabriel’s Sparkling Cider","Mon Sep 13, 2021, 6:47PM","5"
"Allan","EVE","M","Drop","Gabriel’s Sparkling Cider","Mon Sep 13, 2021, 6:47PM","5"
"Mohamed Elyounoussi","SOU","M","Drop","Leo Gerard U2s Team","Mon Sep 13, 2021, 1:48PM","5"
"Harvey Elliott","LIV","M","Drop","Gabriel’s Sparkling Cider","Sun Sep 12, 2021, 6:27PM","5"
"Harvey Elliott","LIV","M","Claim","Gabriel’s Sparkling Cider","Sun Sep 12, 2021, 10:54AM","4"
"Mateusz Klich","LEE","M","Drop","Gabriel’s Sparkling Cider","Sun Sep 12, 2021, 10:32AM","4"
"Trevoh Chalobah","CHE","D,M","Claim","Sean Dyche's Great Escape","Sat Sep 11, 2021, 11:40AM","4"
"Andreas Christensen","CHE","D","Drop","Sean Dyche's Great Escape","Sat Sep 11, 2021, 11:40AM","4"
"Callum Hudson-Odoi","CHE","M,F","Claim","Leo Gerard U2s Team","Sat Sep 11, 2021, 11:34AM","4"
"Thiago Alcântara","LIV","M","Drop","Leo Gerard U2s Team","Sat Sep 11, 2021, 11:34AM","4"
"Nathan Redmond","SOU","M","Claim","Alex's Redemption Arc","Sat Sep 11, 2021, 9:20AM","4"
"Mason Holgate","EVE","D","Drop","Alex's Redemption Arc","Sat Sep 11, 2021, 9:20AM","4"
"Ben White","ARS","D","Claim","Berkley McG’s U1s","Sat Sep 11, 2021, 9:13AM","4"
"Aymeric Laporte","MCI","D","Drop","Berkley McG’s U1s","Sat Sep 11, 2021, 9:13AM","4"
"Takehiro Tomiyasu","ARS","D","Claim","Gabriel’s Sparkling Cider","Sat Sep 11, 2021, 9:06AM","4"
"Jannik Vestergaard","LEI","D","Claim","Berkley McG’s U1s","Sat Sep 11, 2021, 9:06AM","4"
"Willy Boly","WOL","D","Drop","Berkley McG’s U1s","Sat Sep 11, 2021, 9:06AM","4"
"Milot Rashica","NOR","M","Drop","Gabriel’s Sparkling Cider","Sat Sep 11, 2021, 9:05AM","4"
"Marc Albrighton","LEI","M","Claim","Berkley McG’s U1s","Sat Sep 11, 2021, 9:03AM","4"
"Jacob Murphy","NEW","M","Drop","Berkley McG’s U1s","Sat Sep 11, 2021, 9:03AM","4"
"Milot Rashica","NOR","M","Claim","Gabriel’s Sparkling Cider","Sat Sep 11, 2021, 12:40AM","4"
"Valentino Livramento","SOU","D","Drop","Gabriel’s Sparkling Cider","Sat Sep 11, 2021, 12:40AM","4"
"Daniel Bachmann","WAT","G","Claim","Gabriel’s Sparkling Cider","Fri Sep 10, 2021, 3:33PM","4"
"Matt Targett","AVL/NEW","D","Drop","Gabriel’s Sparkling Cider","Fri Sep 10, 2021, 3:33PM","4"
"David de Gea","MUN","G","Claim","The McB’s","Fri Sep 10, 2021, 3:13PM","4"
"Kasper Schmeichel","LEI","G","Drop","The McB’s","Fri Sep 10, 2021, 3:13PM","4"
"Jacob Murphy","NEW","M","Claim","Berkley McG’s U1s","Fri Sep 10, 2021, 10:11AM","4"
"Lucas Moura","TOT","M","Claim","Leo Gerard U2s Team","Fri Sep 10, 2021, 9:10AM","4"
"Sergi Canos","BRF","F","Drop","Leo Gerard U2s Team","Fri Sep 10, 2021, 9:10AM","4"
"Takehiro Tomiyasu","ARS","D","Drop","The McB’s","Fri Sep 10, 2021, 9:03AM","4"
"Willy Boly","WOL","D","Claim","Berkley McG’s U1s","Thu Sep 9, 2021, 10:43AM","4"
"Matt Doherty","TOT","D","Drop","Berkley McG’s U1s","Thu Sep 9, 2021, 10:43AM","4"
"Mohamed Elyounoussi","SOU","M","Claim","Leo Gerard U2s Team","Wed Sep 8, 2021, 5:32PM","4"
"Jannik Vestergaard","LEI","D","Drop","Leo Gerard U2s Team","Wed Sep 8, 2021, 5:31PM","4"
"Mason Holgate","EVE","D","Claim","Alex's Redemption Arc","Tue Sep 7, 2021, 8:54AM","4"
"Seamus Coleman","EVE","D","Drop","Alex's Redemption Arc","Tue Sep 7, 2021, 8:54AM","4"
"Emerson Royal","TOT","D","Claim","Alex's Redemption Arc","Mon Sep 6, 2021, 9:26AM","4"
"Davinson Sanchez","TOT","D","Drop","Alex's Redemption Arc","Mon Sep 6, 2021, 9:26AM","4"
"Saul Niguez","CHE","M","Claim","Sean Dyche's Great Escape","Tue Aug 31, 2021, 9:11PM","4"
"Kalvin Phillips","LEE","M","Drop","Sean Dyche's Great Escape","Tue Aug 31, 2021, 9:11PM","4"
"Seamus Coleman","EVE","D","Claim","Alex's Redemption Arc","Tue Aug 31, 2021, 9:06PM","4"
"Antonio Rudiger","CHE","D","Drop","Alex's Redemption Arc","Tue Aug 31, 2021, 9:06PM","4"
"Mateusz Klich","LEE","M","Claim","Gabriel’s Sparkling Cider","Tue Aug 31, 2021, 9:05PM","4"
"Romain Saiss","WOL","D","Claim","Leo Gerard U2s Team","Tue Aug 31, 2021, 9:05PM","4"
"Joel Veltman","BHA","D","Claim","Gabriel’s Sparkling Cider","Tue Aug 31, 2021, 9:05PM","4"
"Nikola Vlasic","EVE/WHU","M","Claim","Hale End Starbøys","Tue Aug 31, 2021, 9:05PM","4"
"John Stones","MCI","D","Drop","Hale End Starbøys","Tue Aug 31, 2021, 9:05PM","4"
"Takehiro Tomiyasu","ARS","D","Claim","The McB’s","Tue Aug 31, 2021, 9:05PM","4"
"Lucas Moura","TOT","M","Drop","The McB’s","Tue Aug 31, 2021, 9:05PM","4"
"Pierre Lees-Melou","NOR","M","Claim","Leo Gerard U2s Team","Tue Aug 31, 2021, 9:05PM","4"
"Joel Matip","LIV","D","Claim","Roy Kent's U8 Girls","Tue Aug 31, 2021, 9:05PM","4"
"Ben White","ARS","D","Drop","Roy Kent's U8 Girls","Tue Aug 31, 2021, 9:05PM","4"
"Ferran Torres","MCI","F","Claim","Alex's Redemption Arc","Tue Aug 31, 2021, 9:05PM","4"
"Marc Albrighton","LEI","M","Drop","Alex's Redemption Arc","Tue Aug 31, 2021, 9:05PM","4"
"Allan","EVE","M","Claim","Gabriel’s Sparkling Cider","Tue Aug 31, 2021, 9:05PM","4"
"Odsonne Edouard","CRY","F","Claim","Hale End Starbøys","Tue Aug 31, 2021, 9:05PM","4"
"Alexis Mac Allister","BHA","M","Drop","Hale End Starbøys","Tue Aug 31, 2021, 9:05PM","4"
"Marçal","WOL","D","Claim","Sean Dyche's Great Escape","Tue Aug 31, 2021, 9:05PM","4"
"Kyle Walker-Peters","SOU","D","Drop","Sean Dyche's Great Escape","Tue Aug 31, 2021, 9:05PM","4"
"Ademola Lookman","FUL/LEI","M","Claim","team_tim","Tue Aug 31, 2021, 9:05PM","4"
"Abdoulaye Doucoure","EVE","M","Drop","team_tim","Tue Aug 31, 2021, 9:05PM","4"
"Cristiano Ronaldo","MUN","F","Claim","The McB’s","Tue Aug 31, 2021, 9:05PM","4"
"Daniel James","MUN/LEE","M","Drop","The McB’s","Tue Aug 31, 2021, 9:05PM","4"
"Jesse Lingard","MUN","M","Drop","Gabriel’s Sparkling Cider","Tue Aug 31, 2021, 7:13PM","4"
"Marçal","WOL","D","Drop","Gabriel’s Sparkling Cider","Tue Aug 31, 2021, 7:03PM","4"
"Ashley Westwood","BUR","M","Drop","team_tim","Tue Aug 31, 2021, 5:56PM","4"
"Daniel James","MUN/LEE","M","Claim","The McB’s","Sun Aug 29, 2021, 11:16AM","3"
"Max Kilman","WOL","D","Drop","The McB’s","Sun Aug 29, 2021, 11:16AM","3"
"Max Kilman","WOL","D","Claim","The McB’s","Sun Aug 29, 2021, 10:48AM","3"
"Romain Saiss","WOL","D","Drop","The McB’s","Sun Aug 29, 2021, 10:48AM","3"
"Craig Dawson","WHU","D","Drop","Leo Gerard U2s Team","Sat Aug 28, 2021, 4:09PM","4"
"Davinson Sanchez","TOT","D","Claim","Alex's Redemption Arc","Sat Aug 28, 2021, 12:03PM","3"
"Joel Matip","LIV","D","Drop","Alex's Redemption Arc","Sat Aug 28, 2021, 12:03PM","3"
"Joel Veltman","BHA","D","Drop","The McB’s","Sat Aug 28, 2021, 9:18AM","3"
"Craig Dawson","WHU","D","Claim","Leo Gerard U2s Team","Sat Aug 28, 2021, 9:07AM","3"
"Marc Albrighton","LEI","M","Claim","Alex's Redemption Arc","Sat Aug 28, 2021, 9:04AM","3"
"Edinson Cavani","MUN","F","Drop","Alex's Redemption Arc","Sat Aug 28, 2021, 9:04AM","3"
"Granit Xhaka","ARS","M","Drop","Leo Gerard U2s Team","Sat Aug 28, 2021, 8:46AM","4"
"Oleksandr Zinchenko","MCI","D","Drop","Leo Gerard U2s Team","Sat Aug 28, 2021, 7:01AM","3"
"Pedro Neto","WOL","F","Claim","Alex's Redemption Arc","Fri Aug 27, 2021, 9:57PM","3"
"João Moutinho","WOL","M","Drop","Alex's Redemption Arc","Fri Aug 27, 2021, 9:57PM","3"
"Antonio Rudiger","CHE","D","Claim","Alex's Redemption Arc","Fri Aug 27, 2021, 7:54PM","3"
"Luke Thomas","LEI","D","Drop","Alex's Redemption Arc","Fri Aug 27, 2021, 7:54PM","3"
"Adam Armstrong","SOU","F","Claim","team_tim","Thu Aug 26, 2021, 9:43PM","3"
"Bryan Mbeumo","BRF","F","Drop","team_tim","Thu Aug 26, 2021, 9:43PM","3"
"Christian Benteke","CRY","F","Drop","Gabriel’s Sparkling Cider","Thu Aug 26, 2021, 3:59PM","3"
"Marçal","WOL","D","Claim","Gabriel’s Sparkling Cider","Thu Aug 26, 2021, 3:43PM","3"
"Alex Iwobi","EVE","M","Drop","Gabriel’s Sparkling Cider","Thu Aug 26, 2021, 3:43PM","3"
"Oleksandr Zinchenko","MCI","D","Claim","Leo Gerard U2s Team","Thu Aug 26, 2021, 12:22PM","3"
"Tariq Lamptey","BHA","D","Drop","Leo Gerard U2s Team","Thu Aug 26, 2021, 12:17PM","3"
"João Moutinho","WOL","M","Claim","Alex's Redemption Arc","Wed Aug 25, 2021, 12:32PM","3"
"Konstantinos Tsimikas","LIV","D","Drop","Alex's Redemption Arc","Wed Aug 25, 2021, 12:32PM","3"
"Aymeric Laporte","MCI","D","Claim","Berkley McG’s U1s","Wed Aug 25, 2021, 12:09PM","3"
"Antonio Rudiger","CHE","D","Drop","Berkley McG’s U1s","Wed Aug 25, 2021, 12:09PM","3"
"Joel Veltman","BHA","D","Claim","The McB’s","Wed Aug 25, 2021, 8:41AM","3"
"Abdoulaye Doucoure","EVE","M","Claim","team_tim","Tue Aug 24, 2021, 9:55PM","3"
"Billy Gilmour","NOR","M","Drop","team_tim","Tue Aug 24, 2021, 9:55PM","3"
"Valentino Livramento","SOU","D","Claim","Gabriel’s Sparkling Cider","Tue Aug 24, 2021, 9:06PM","3"
"Junior Firpo","LEE","D","Drop","Gabriel’s Sparkling Cider","Tue Aug 24, 2021, 9:06PM","3"
"Joel Matip","LIV","D","Claim","Alex's Redemption Arc","Tue Aug 24, 2021, 9:01PM","3"
"Jacob Murphy","NEW","M","Drop","Alex's Redemption Arc","Tue Aug 24, 2021, 9:01PM","3"
"Granit Xhaka","ARS","M","Claim","Leo Gerard U2s Team","Tue Aug 24, 2021, 9:00PM","3"
"Cristian Romero","TOT","D","Claim","Berkley McG’s U1s","Tue Aug 24, 2021, 9:00PM","3"
"Davinson Sanchez","TOT","D","Drop","Berkley McG’s U1s","Tue Aug 24, 2021, 9:00PM","3"
"Demarai Gray","EVE","F","Claim","Berkley McG’s U1s","Tue Aug 24, 2021, 9:00PM","3"
"Adam Armstrong","SOU","F","Drop","Berkley McG’s U1s","Tue Aug 24, 2021, 9:00PM","3"
"Pontus Jansson","BRF","D","Claim","Berkley McG’s U1s","Tue Aug 24, 2021, 9:00PM","3"
"Nathaniel Phillips","LIV","D","Drop","Berkley McG’s U1s","Tue Aug 24, 2021, 9:00PM","3"
"Rico Henry","BRF","D","Claim","Berkley McG’s U1s","Tue Aug 24, 2021, 9:00PM","3"
"Naby Keita","LIV","M","Drop","Berkley McG’s U1s","Tue Aug 24, 2021, 9:00PM","3"
"Kurt Zouma","CHE/WHU","D","Claim","Leo Gerard U2s Team","Tue Aug 24, 2021, 9:00PM","3"
"Neal Maupay","BHA","F","Claim","Roy Kent's U8 Girls","Tue Aug 24, 2021, 9:00PM","3"
"Teemu Pukki","NOR","F","Drop","Roy Kent's U8 Girls","Tue Aug 24, 2021, 9:00PM","3"
"Martin Odegaard","ARS","M","Claim","Gylfi’s Goobers","Tue Aug 24, 2021, 9:00PM","3"
"Max Kilman","WOL","D","Drop","Gylfi’s Goobers","Tue Aug 24, 2021, 9:00PM","3"
"Josh Brownhill","BUR","M","Drop","Leo Gerard U2s Team","Sun Aug 22, 2021, 8:19AM","3"
"Davinson Sanchez","TOT","D","Claim","Berkley McG’s U1s","Sun Aug 22, 2021, 8:17AM","2"
"Victor Lindelof","MUN","D","Drop","Berkley McG’s U1s","Sun Aug 22, 2021, 8:17AM","2"
"Victor Lindelof","MUN","D","Claim","Berkley McG’s U1s","Sun Aug 22, 2021, 8:10AM","2"
"Cristian Romero","TOT","D","Drop","Berkley McG’s U1s","Sun Aug 22, 2021, 8:10AM","2"
"Andreas Christensen","CHE","D","Claim","Sean Dyche's Great Escape","Sun Aug 22, 2021, 3:53AM","2"
"Steven Bergwijn","TOT","F","Claim","Sean Dyche's Great Escape","Sun Aug 22, 2021, 3:45AM","2"
"Pedro Neto","WOL","F","Drop","Sean Dyche's Great Escape","Sun Aug 22, 2021, 3:45AM","2"
"Japhet Tanganga","TOT","D","Claim","Hale End Starbøys","Sat Aug 21, 2021, 1:57PM","2"
"Fred","MUN","M","Drop","Hale End Starbøys","Sat Aug 21, 2021, 1:57PM","2"
"Bernardo Silva","MCI","M","Drop","Leo Gerard U2s Team","Sat Aug 21, 2021, 12:00PM","3"
"Alex Iwobi","EVE","M","Claim","Gabriel’s Sparkling Cider","Sat Aug 21, 2021, 9:58AM","2"
"Ayoze Perez","LEI","M","Drop","Gabriel’s Sparkling Cider","Sat Aug 21, 2021, 9:58AM","2"
"Junior Firpo","LEE","D","Claim","Gabriel’s Sparkling Cider","Sat Aug 21, 2021, 9:40AM","2"
"Pierre Lees-Melou","NOR","M","Drop","Gabriel’s Sparkling Cider","Sat Aug 21, 2021, 9:37AM","2"
"Fred","MUN","M","Claim","Hale End Starbøys","Sat Aug 21, 2021, 9:37AM","2"
"Bernardo Silva","MCI","M","Claim","Leo Gerard U2s Team","Sat Aug 21, 2021, 9:06AM","2"
"Oleksandr Zinchenko","MCI","D","Drop","Leo Gerard U2s Team","Sat Aug 21, 2021, 9:06AM","2"
"Kyle Walker","MCI","D","Claim","The McB’s","Sat Aug 21, 2021, 9:04AM","2"
"Nathan Redmond","SOU","M","Drop","The McB’s","Sat Aug 21, 2021, 9:04AM","2"
"Matt Ritchie","NEW","M","Claim","The McB’s","Sat Aug 21, 2021, 8:54AM","2"
"Joel Veltman","BHA","D","Drop","The McB’s","Sat Aug 21, 2021, 8:54AM","2"
"Josh Brownhill","BUR","M","Claim","Leo Gerard U2s Team","Sat Aug 21, 2021, 6:41AM","2"
"Harvey Elliott","LIV","M","Drop","Leo Gerard U2s Team","Sat Aug 21, 2021, 6:41AM","2"
"Harvey Elliott","LIV","M","Claim","Leo Gerard U2s Team","Sat Aug 21, 2021, 6:37AM","2"
"Matt Ritchie","NEW","M","Drop","Leo Gerard U2s Team","Sat Aug 21, 2021, 6:37AM","2"
"James McArthur","CRY","M","Claim","Gabriel’s Sparkling Cider","Fri Aug 20, 2021, 10:15AM","2"
"Joel Matip","LIV","D","Drop","Gabriel’s Sparkling Cider","Fri Aug 20, 2021, 10:15AM","2"
"Oleksandr Zinchenko","MCI","D","Claim","Leo Gerard U2s Team","Fri Aug 20, 2021, 9:09AM","2"
"James McArthur","CRY","M","Drop","Leo Gerard U2s Team","Fri Aug 20, 2021, 9:09AM","2"
"Adam Armstrong","SOU","F","Claim","Berkley McG’s U1s","Thu Aug 19, 2021, 9:00PM","2"
"Ferran Torres","MCI","F","Drop","Berkley McG’s U1s","Thu Aug 19, 2021, 9:00PM","2"
"Edinson Cavani","MUN","F","Claim","Alex's Redemption Arc","Thu Aug 19, 2021, 9:00PM","2"
"Anthony Martial","MUN","F","Drop","Alex's Redemption Arc","Thu Aug 19, 2021, 9:00PM","2"
"Pierre Lees-Melou","NOR","M","Claim","Gabriel’s Sparkling Cider","Wed Aug 18, 2021, 11:44AM","2"
"Adam Armstrong","SOU","F","Drop","Gabriel’s Sparkling Cider","Wed Aug 18, 2021, 11:44AM","2"
"Matt Ritchie","NEW","M","Claim","Leo Gerard U2s Team","Tue Aug 17, 2021, 10:44PM","2"
"Tariq Lamptey","BHA","D","Claim","Leo Gerard U2s Team","Tue Aug 17, 2021, 10:44PM","2"
"Matt Ritchie","NEW","M","Drop","Leo Gerard U2s Team","Tue Aug 17, 2021, 10:44PM","2"
"N'Golo Kante","CHE","M","Drop","Leo Gerard U2s Team","Tue Aug 17, 2021, 10:43PM","2"
"Jacob Murphy","NEW","M","Claim","Alex's Redemption Arc","Tue Aug 17, 2021, 10:07PM","2"
"Gabriel Martinelli","ARS","M","Drop","Alex's Redemption Arc","Tue Aug 17, 2021, 10:07PM","2"
"Matt Ritchie","NEW","M","Claim","Leo Gerard U2s Team","Tue Aug 17, 2021, 9:54PM","2"
"Jacob Murphy","NEW","M","Drop","Leo Gerard U2s Team","Tue Aug 17, 2021, 9:54PM","2"
"Max Kilman","WOL","D","Claim","Gylfi’s Goobers","Tue Aug 17, 2021, 9:06PM","2"
"Lewis Dunk","BHA","D","Drop","Gylfi’s Goobers","Tue Aug 17, 2021, 9:06PM","2"
"Alexis Mac Allister","BHA","M","Claim","Hale End Starbøys","Tue Aug 17, 2021, 9:06PM","2"
"Patson Daka","LEI","F","Drop","Hale End Starbøys","Tue Aug 17, 2021, 9:06PM","2"
"Jacob Murphy","NEW","M","Claim","Leo Gerard U2s Team","Tue Aug 17, 2021, 9:04PM","2"
"Kasper Schmeichel","LEI","G","Claim","The McB’s","Tue Aug 17, 2021, 9:04PM","2"
"Jordan Pickford","EVE","G","Drop","The McB’s","Tue Aug 17, 2021, 9:04PM","2"
"N'Golo Kante","CHE","M","Claim","Leo Gerard U2s Team","Tue Aug 17, 2021, 9:03PM","2"
"Hugo Lloris","TOT","G","Claim","Berkley McG’s U1s","Tue Aug 17, 2021, 9:02PM","2"
"David de Gea","MUN","G","Drop","Berkley McG’s U1s","Tue Aug 17, 2021, 9:02PM","2"
"James McArthur","CRY","M","Claim","Leo Gerard U2s Team","Tue Aug 17, 2021, 9:00PM","2"
"Joel Veltman","BHA","D","Claim","The McB’s","Tue Aug 17, 2021, 9:00PM","2"
"Sergi Canos","BRF","F","Claim","Leo Gerard U2s Team","Tue Aug 17, 2021, 9:00PM","2"
"Neal Maupay","BHA","F","Drop","Leo Gerard U2s Team","Tue Aug 17, 2021, 9:00PM","2"
"Shane Duffy","BHA","D","Claim","Gabriel’s Sparkling Cider","Tue Aug 17, 2021, 9:00PM","2"
"Emmanuel Dennis","WAT","F","Claim","Berkley McG’s U1s","Tue Aug 17, 2021, 9:00PM","2"
"Edinson Cavani","MUN","F","Drop","Berkley McG’s U1s","Tue Aug 17, 2021, 9:00PM","2"
"Raphael Varane","MUN","D","Claim","Hale End Starbøys","Tue Aug 17, 2021, 9:00PM","2"
"Andreas Christensen","CHE","D","Drop","Hale End Starbøys","Tue Aug 17, 2021, 9:00PM","2"
"Milot Rashica","NOR","M","Drop","Leo Gerard U2s Team","Tue Aug 17, 2021, 8:59PM","2"
"Adam Webster","BHA","D","Drop","Leo Gerard U2s Team","Tue Aug 17, 2021, 8:59PM","2"
"Junior Firpo","LEE","D","Drop","Leo Gerard U2s Team","Sun Aug 15, 2021, 7:53AM","2"
"Alex Oxlade-Chamberlain","LIV","M","Drop","Gabriel’s Sparkling Cider","Sat Aug 14, 2021, 3:56PM","2"
"Alex Oxlade-Chamberlain","LIV","M","Claim","Gabriel’s Sparkling Cider","Sat Aug 14, 2021, 11:35AM","1"
"Ibrahima Konate","LIV","D","Drop","Gabriel’s Sparkling Cider","Sat Aug 14, 2021, 11:35AM","1"
"Andreas Christensen","CHE","D","Claim","Hale End Starbøys","Sat Aug 14, 2021, 9:42AM","1"
"Joachim Andersen","CRY","D","Drop","Hale End Starbøys","Sat Aug 14, 2021, 9:42AM","1"
"Adam Webster","BHA","D","Claim","Leo Gerard U2s Team","Sat Aug 14, 2021, 9:13AM","1"
"Ashley Young","AVL","D","Drop","Leo Gerard U2s Team","Sat Aug 14, 2021, 9:13AM","1"
"Luke Thomas","LEI","D","Claim","Alex's Redemption Arc","Sat Aug 14, 2021, 9:08AM","1"
"Ryan Bertrand","LEI","D","Drop","Alex's Redemption Arc","Sat Aug 14, 2021, 9:08AM","1"
"Joel Veltman","BHA","D","Drop","The McB’s","Sat Aug 14, 2021, 9:04AM","1"
"Lewis Dunk","BHA","D","Claim","Gylfi’s Goobers","Sat Aug 14, 2021, 9:04AM","1"
"Rayan Ait-Nouri","WOL","D","Drop","Gylfi’s Goobers","Sat Aug 14, 2021, 9:04AM","1"
"Adam Armstrong","SOU","F","Claim","Gabriel’s Sparkling Cider","Sat Aug 14, 2021, 9:04AM","1"
"Ryan Fraser","NEW","M","Drop","Gabriel’s Sparkling Cider","Sat Aug 14, 2021, 9:04AM","1"
"Ashley Young","AVL","D","Claim","Leo Gerard U2s Team","Sat Aug 14, 2021, 9:02AM","1"
"Adam Armstrong","SOU","F","Drop","Leo Gerard U2s Team","Sat Aug 14, 2021, 9:02AM","1"
"Jordan Pickford","EVE","G","Claim","The McB’s","Sat Aug 14, 2021, 8:45AM","1"
"Hugo Lloris","TOT","G","Drop","The McB’s","Sat Aug 14, 2021, 8:45AM","1"
"Ferran Torres","MCI","F","Claim","Berkley McG’s U1s","Sat Aug 14, 2021, 6:48AM","1"
"David de Gea","MUN","G","Claim","Berkley McG’s U1s","Fri Aug 13, 2021, 2:15PM","1"
"Dean Henderson","MUN","G","Drop","Berkley McG’s U1s","Fri Aug 13, 2021, 2:15PM","1"
"Bryan Mbeumo","BRF","F","Claim","team_tim","Fri Aug 13, 2021, 2:09PM","1"
"Gabriel Martinelli","ARS","M","Claim","Alex's Redemption Arc","Fri Aug 13, 2021, 2:06PM","1"
"Adam Armstrong","SOU","F","Claim","Leo Gerard U2s Team","Fri Aug 13, 2021, 1:54PM","1"
"Robert Sanchez","BHA","G","Claim","Gylfi’s Goobers","Fri Aug 13, 2021, 1:53PM","1"
"Ayoze Perez","LEI","M","Claim","Gabriel’s Sparkling Cider","Fri Aug 13, 2021, 1:52PM","1"
"Marcos Alonso","CHE","D","Claim","The McB’s","Fri Aug 13, 2021, 1:00PM","1"
"Ryan Bertrand","LEI","D","Claim","Alex's Redemption Arc","Thu Aug 12, 2021, 11:09PM","1"
"Kyle Walker","MCI","D","Drop","Alex's Redemption Arc","Thu Aug 12, 2021, 11:09PM","1"
